sim_time_s,sim_step,source_step,command_cursor,segment_cursor,event_cursor,scheduler_state,base_x_m,base_y_m,base_z_m,base_roll_rad,base_pitch_rad,base_yaw_rad,robot_state_finite,active_contact_count_available,geometry_support_candidate_count,stability_state,joint_limit_violation
1.5666666666666635,188,1,0,0,0,PREPARING,-0.003989968448877335,-0.000993184745311737,0.09901051968336105,-3.8795075004099296e-05,-0.012018071330770567,0.0030498701370338887,True,False,4,stable,False
1.63333333333333,196,1,0,0,0,PREPARING,-0.004020538181066513,-0.0009933039546012878,0.09900183975696564,-3.801701551617001e-05,-0.012015386625265804,0.003050028860425154,True,False,4,stable,False
1.6999999999999964,204,1,1,0,1,PLAYING,-0.0039436835795640945,-0.0006723031401634216,0.0982399508357048,-0.0033139410551229257,-0.01576544927764692,0.00310522595212682,True,False,4,recoverable,False
1.7666666666666628,212,1,1,0,1,PLAYING,-0.004597289487719536,0.00016880780458450317,0.09710289537906647,-0.0120023299051195,-0.022893604454547276,0.0032897427760282183,True,False,3,recoverable,False
1.8333333333333293,220,1,1,0,1,PLAYING,-0.005650365725159645,0.0011605918407440186,0.09593204408884048,-0.022355519050627288,-0.030542255090406152,0.003569989044605869,True,False,3,recoverable,False
1.8999999999999957,228,1,1,0,1,PLAYING,-0.006383303552865982,0.0019249841570854187,0.0950721725821495,-0.0304419690475991,-0.03641888443138452,0.0038534757059173505,True,False,3,recoverable,False
1.9666666666666621,236,1,2,1,2,PLAYING,-0.007008466869592667,0.0026283785700798035,0.09428341686725616,-0.037942654259963786,-0.041890711093015245,0.0041581023423632795,True,False,2,recoverable,False
2.0333333333333288,244,1,2,1,2,PLAYING,-0.0076804012060165405,0.0034186318516731262,0.0933997631072998,-0.04645749088030701,-0.0480747078047295,0.004562568339667156,True,False,2,recoverable,False
2.099999999999995,252,1,3,2,3,PLAYING,-0.008390380069613457,0.0042383745312690735,0.09248651564121246,-0.05536450759685245,-0.05452288792799895,0.00503031163106016,True,False,2,recoverable,False
2.1666666666666616,260,2,4,3,4,PLAYING,-0.008826056495308876,0.00485122948884964,0.09176541119813919,-0.06213210007600005,-0.05953599426958121,0.005422520497295781,True,False,2,recoverable,False
2.233333333333328,268,2,4,3,4,PLAYING,-0.008846305310726166,0.005311362445354462,0.09124813228845596,-0.06722791165953854,-0.06354135995264369,0.005753143050511752,True,False,2,recoverable,False
2.2999999999999945,276,2,4,3,4,PLAYING,-0.009105304256081581,0.00595768541097641,0.09050853550434113,-0.0744603661598655,-0.06904810082006006,0.006249111035141678,True,False,2,recoverable,False
2.366666666666661,284,2,5,4,5,PLAYING,-0.009585004299879074,0.006547704339027405,0.08978090435266495,-0.08117290336482219,-0.07393054825403847,0.006728449934085707,True,False,2,recoverable,False
2.4333333333333274,292,2,5,4,5,PLAYING,-0.009861810132861137,0.00704396516084671,0.08917755633592606,-0.08684422347569913,-0.07812329066205766,0.0071630697280960776,True,False,2,recoverable,False
2.499999999999994,300,2,5,4,5,PLAYING,-0.010280497372150421,0.007937222719192505,0.08815490454435349,-0.09709657683661514,-0.08587251427274871,0.008025330309733177,True,False,2,recoverable,False
2.56666666666666,308,2,5,4,5,PLAYING,-0.011317640542984009,0.009404279291629791,0.08637158572673798,-0.11435072793682294,-0.09865156490040593,0.009637707427335144,True,False,2,recoverable,False
2.6333333333333266,316,2,5,4,5,PLAYING,-0.012943487614393234,0.011594146490097046,0.08357623964548111,-0.14094255881928694,-0.1182265203640598,0.012536746411902961,True,False,2,recoverable,False
2.699999999999993,324,2,6,5,6,PLAYING,-0.015284694731235504,0.01435212790966034,0.07995966821908951,-0.17533826337031594,-0.142640896887912,0.017215006119495457,True,False,3,recoverable,False
2.7666666666666595,332,2,6,5,6,PLAYING,-0.015518147498369217,0.014376983046531677,0.07991335541009903,-0.1753286783635779,-0.1423195487957939,0.017358193483060273,True,False,3,recoverable,False
2.833333333333326,340,3,7,6,7,PLAYING,-0.01459234207868576,0.01436508446931839,0.07985486835241318,-0.17543397805997504,-0.14225350363628306,0.01724696242988846,True,False,3,recoverable,False
2.8999999999999924,348,3,7,6,7,PLAYING,-0.013555321842432022,0.014351889491081238,0.07976292073726654,-0.1755481291653412,-0.14227501553355332,0.017121192181883134,True,False,3,recoverable,False
2.966666666666659,356,3,7,6,7,PLAYING,-0.01251184567809105,0.014348380267620087,0.07964885979890823,-0.17569652472754513,-0.14228086624757225,0.017067100056924307,True,False,3,recoverable,False
3.033333333333325,364,3,7,6,7,PLAYING,-0.011717017740011215,0.014342859387397766,0.07971631735563278,-0.17571879433163104,-0.14264819442539303,0.017021212050933692,True,False,3,recoverable,False
3.0999999999999917,372,3,7,6,7,PLAYING,-0.0108795166015625,0.014338314533233643,0.07978689670562744,-0.17571041752766706,-0.14310754550468943,0.016945924516576755,True,False,3,recoverable,False
3.166666666666658,380,3,7,6,7,PLAYING,-0.0100129134953022,0.014332383871078491,0.07983743399381638,-0.17577052441019403,-0.14361093398266736,0.01690091335355475,True,False,3,recoverable,False
3.2333333333333245,388,3,7,6,7,PLAYING,-0.009104352444410324,0.014323964715003967,0.07987629622220993,-0.17582970563463116,-0.1441575420377116,0.01686527578514072,True,False,3,recoverable,False
3.299999999999991,396,3,7,6,7,PLAYING,-0.008172523230314255,0.014328330755233765,0.07990322262048721,-0.17581422880885905,-0.14471845919788207,0.016864828813978334,True,False,3,recoverable,False
3.3666666666666574,404,3,7,6,7,PLAYING,-0.00724116712808609,0.014315925538539886,0.07992789149284363,-0.17595717057073457,-0.14526396478077255,0.016849661676535822,True,False,3,recoverable,False
3.433333333333324,412,3,7,6,7,PLAYING,-0.006389893591403961,0.014326609671115875,0.07994814962148666,-0.17637571607258415,-0.14572852903318737,0.016835302208703346,True,False,3,recoverable,False
3.4999999999999902,420,3,7,6,7,PLAYING,-0.005506075918674469,0.01432962715625763,0.07994971424341202,-0.1767879572802074,-0.1462063373024759,0.016833641963949406,True,False,3,recoverable,False
3.5666666666666567,428,3,7,6,7,PLAYING,-0.00460207462310791,0.014307714998722076,0.0800003632903099,-0.17655993782725993,-0.1462263554840037,0.016812806223288908,True,False,3,recoverable,False
3.633333333333323,436,3,7,6,7,PLAYING,-0.003646600991487503,0.014227963984012604,0.08007443696260452,-0.1760228198999413,-0.14603189225299565,0.01666837346406044,True,False,3,recoverable,False
3.6999999999999895,444,3,7,6,7,PLAYING,-0.002651479095220566,0.014160655438899994,0.08011982589960098,-0.17550282675857296,-0.14585043446590037,0.01660617052527174,True,False,3,recoverable,False
3.766666666666656,452,3,7,6,7,PLAYING,-0.001634407788515091,0.01410820335149765,0.08014395087957382,-0.17497843540086125,-0.14568495212716517,0.016444343280966712,True,False,3,recoverable,False
3.8333333333333224,460,3,7,6,7,PLAYING,-0.0005907975137233734,0.014039397239685059,0.08015948534011841,-0.17446097411545314,-0.14553792277889105,0.016244056929306614,True,False,3,recoverable,False
3.899999999999989,468,3,7,6,7,PLAYING,0.00046874210238456726,0.013985008001327515,0.08014723658561707,-0.1739567715053526,-0.14538587748057516,0.016132373568465738,True,False,3,recoverable,False
3.9666666666666552,476,3,7,6,7,PLAYING,0.0015148892998695374,0.013960972428321838,0.08011794835329056,-0.1733640971078625,-0.1451703859438615,0.016130966893146418,True,False,3,recoverable,False
4.0333333333333234,484,3,7,6,7,PLAYING,0.0025706999003887177,0.013938464224338531,0.08005794882774353,-0.1726869768360782,-0.14491960475374185,0.01611453616666596,True,False,3,recoverable,False
4.099999999999993,492,3,7,6,7,PLAYING,0.0033786706626415253,0.013961538672447205,0.08004128187894821,-0.17276835440956706,-0.1444201450021346,0.016172560526738215,True,False,3,recoverable,False
4.166666666666663,500,3,7,6,7,PLAYING,0.0042787156999111176,0.013993754982948303,0.08000434190034866,-0.172975390359911,-0.1440012557167646,0.016261613823625273,True,False,3,recoverable,False
4.233333333333333,508,3,7,6,7,PLAYING,0.005263809114694595,0.01402457058429718,0.07995183765888214,-0.17325542106964456,-0.1436198062534847,0.016325388534053707,True,False,3,recoverable,False
4.300000000000003,516,3,7,6,7,PLAYING,0.006283897906541824,0.014050222933292389,0.07986950129270554,-0.1735635376655203,-0.1432653684116259,0.016389754756970475,True,False,3,recoverable,False
4.366666666666673,524,3,7,6,7,PLAYING,0.007330387830734253,0.014081090688705444,0.07976289838552475,-0.17389637179507927,-0.14290291371110028,0.016475557639241082,True,False,3,recoverable,False
4.433333333333343,532,3,7,6,7,PLAYING,0.008398782461881638,0.014107264578342438,0.07963526248931885,-0.17423081514774755,-0.14253254955257805,0.016552598405889005,True,False,3,recoverable,False
4.500000000000013,540,3,7,6,7,PLAYING,0.009230848401784897,0.014120101928710938,0.0796666145324707,-0.17445209208205198,-0.14251285641328404,0.016585331530736457,True,False,3,recoverable,False
4.566666666666683,548,3,7,6,7,PLAYING,0.009991466999053955,0.014136791229248047,0.07977639883756638,-0.17471890066911105,-0.1427249982157547,0.01662318504682847,True,False,3,recoverable,False
4.633333333333353,556,3,7,6,7,PLAYING,0.010811056941747665,0.014149889349937439,0.07987325638532639,-0.17495779712900994,-0.14300310063054766,0.01666923699070076,True,False,3,recoverable,False
4.700000000000023,564,3,7,6,7,PLAYING,0.011673839762806892,0.01416245847940445,0.07995864003896713,-0.17525084528966023,-0.143330291469739,0.016727858209793157,True,False,3,recoverable,False
4.766666666666693,572,3,7,6,7,PLAYING,0.012556049972772598,0.014178179204463959,0.08003006875514984,-0.17557282333716615,-0.14367555469559026,0.0167758037004131,True,False,3,recoverable,False
4.833333333333363,580,3,7,6,7,PLAYING,0.013439279049634933,0.014187492430210114,0.0800834447145462,-0.1759210180291016,-0.14402156432667354,0.01683263525011243,True,False,3,recoverable,False
4.900000000000033,588,3,7,6,7,PLAYING,0.01437205821275711,0.014212876558303833,0.08011826127767563,-0.1762661310260661,-0.14443417455972765,0.016853664805077335,True,False,3,recoverable,False
4.966666666666703,596,3,7,6,7,PLAYING,0.01531202718615532,0.014235951006412506,0.08013297617435455,-0.17662002015814213,-0.14485468657435188,0.016854825976226166,True,False,3,recoverable,False
5.033333333333373,604,3,7,6,7,PLAYING,0.016268068924546242,0.014255233108997345,0.08012855798006058,-0.1770379398910806,-0.14527714401094122,0.01684603297211991,True,False,3,recoverable,False
5.100000000000043,612,3,7,6,7,PLAYING,0.017246553674340248,0.014271259307861328,0.08011095225811005,-0.1774481220563993,-0.1457035376217643,0.01686248553071338,True,False,3,recoverable,False
5.166666666666713,620,3,7,6,7,PLAYING,0.01822923682630062,0.014284178614616394,0.08006345480680466,-0.17786886191235837,-0.14613776143655544,0.01689043222990977,True,False,3,recoverable,False
5.233333333333383,628,3,7,6,7,PLAYING,0.019218260422348976,0.014308013021945953,0.07999320328235626,-0.17823319108555888,-0.14654696336127243,0.01689564034644849,True,False,3,recoverable,False
5.300000000000053,636,3,7,6,7,PLAYING,0.020195763558149338,0.014346189796924591,0.07990337908267975,-0.1786338896248135,-0.14693296675988804,0.016946327542219888,True,False,3,recoverable,False
5.366666666666723,644,3,7,6,7,PLAYING,0.021174665540456772,0.01436353474855423,0.07981947064399719,-0.178786352092263,-0.14711103241348847,0.01697015049965816,True,False,3,recoverable,False
5.433333333333393,652,3,7,6,7,PLAYING,0.022245949134230614,0.014311417937278748,0.07977771013975143,-0.17824482116341067,-0.1468436965243167,0.016932303813961883,True,False,3,recoverable,False
5.500000000000063,660,3,7,6,7,PLAYING,0.02333703637123108,0.014304481446743011,0.07972127199172974,-0.17764001230014329,-0.1466247019451336,0.017043659941619636,True,False,3,recoverable,False
5.566666666666733,668,3,7,6,7,PLAYING,0.02445116825401783,0.014269381761550903,0.07962916046380997,-0.17700177250342303,-0.14635003411063863,0.01703451697234428,True,False,3,recoverable,False
5.633333333333403,676,3,7,6,7,PLAYING,0.025578796863555908,0.014213807880878448,0.07950793206691742,-0.1764688153560615,-0.14605679038611924,0.016948353525840704,True,False,3,recoverable,False
5.700000000000073,684,3,7,6,7,PLAYING,0.026724757626652718,0.014157809317111969,0.07935871183872223,-0.17596474691820177,-0.14574453392578537,0.01687497130606271,True,False,3,recoverable,False
5.766666666666743,692,3,7,6,7,PLAYING,0.027792925015091896,0.014119289815425873,0.07921933382749557,-0.1756412316811904,-0.14527240056773177,0.016810380526930797,True,False,3,recoverable,False
5.833333333333413,700,3,7,6,7,PLAYING,0.028688903898000717,0.014129973948001862,0.07911532372236252,-0.17601765304838302,-0.1446798745274559,0.01679929102127648,True,False,3,recoverable,False
5.900000000000083,708,3,7,6,7,PLAYING,0.02938983589410782,0.014139093458652496,0.07917600125074387,-0.1762777068243844,-0.14454675291499236,0.01676795369459019,True,False,3,recoverable,False
5.966666666666753,716,3,7,6,7,PLAYING,0.030077703297138214,0.01414751261472702,0.07929286360740662,-0.17648106592708399,-0.14462445974442792,0.016749969706193153,True,False,3,recoverable,False
6.033333333333423,724,3,7,6,7,PLAYING,0.030858153477311134,0.014157839119434357,0.07940027117729187,-0.1767918300714388,-0.14482320237656313,0.01675117265999098,True,False,3,recoverable,False
6.100000000000093,732,3,7,6,7,PLAYING,0.03168259188532829,0.014170229434967041,0.07949698716402054,-0.17711952813676196,-0.14506986211348338,0.0167849235590904,True,False,3,recoverable,False
6.166666666666763,740,3,7,6,7,PLAYING,0.0325179286301136,0.01417599618434906,0.07957886159420013,-0.17743051448893857,-0.14533140698697114,0.016795973054819613,True,False,3,recoverable,False
6.233333333333433,748,3,7,6,7,PLAYING,0.03336295485496521,0.014160916209220886,0.07968037575483322,-0.17747092314973398,-0.14536318383486732,0.01676539599483244,True,False,3,recoverable,False
6.300000000000103,756,3,7,6,7,PLAYING,0.03425665572285652,0.014115206897258759,0.0798049345612526,-0.17719873434295275,-0.14518750854412638,0.016691186403476454,True,False,3,recoverable,False
6.366666666666773,764,3,7,6,7,PLAYING,0.035172730684280396,0.014069721102714539,0.07991476356983185,-0.17695215542330325,-0.14503404630416022,0.016614467439281466,True,False,3,recoverable,False
6.433333333333443,772,3,7,6,7,PLAYING,0.036121830344200134,0.014031365513801575,0.0800076425075531,-0.17673119856391847,-0.1449308529250854,0.016533171933948664,True,False,3,recoverable,False
6.500000000000113,780,3,7,6,7,PLAYING,0.03708788380026817,0.013991348445415497,0.08008266240358353,-0.17650539526620904,-0.14483896666716367,0.016440532789919683,True,False,3,recoverable,False
6.566666666666783,788,3,7,6,7,PLAYING,0.03806254640221596,0.013950906693935394,0.08014386147260666,-0.17631133982809488,-0.14472779183504292,0.016342783476976815,True,False,3,recoverable,False
6.633333333333453,796,3,7,6,7,PLAYING,0.039060674607753754,0.01390327513217926,0.0801859200000763,-0.17620655597689291,-0.14462829340606606,0.01626010110030004,True,False,3,recoverable,False
6.700000000000123,804,3,7,6,7,PLAYING,0.04006536677479744,0.013859868049621582,0.08020878583192825,-0.1760086300794806,-0.14449160241928855,0.016159543215444824,True,False,3,recoverable,False
6.766666666666793,812,3,7,6,7,PLAYING,0.04108363762497902,0.013828016817569733,0.08020948618650436,-0.17582148968859004,-0.14434772117221847,0.016147374137485685,True,False,3,recoverable,False
6.833333333333463,820,3,7,6,7,PLAYING,0.04211469367146492,0.013819888234138489,0.08018530905246735,-0.17560325560529785,-0.14420392026527168,0.016162461846432274,True,False,3,recoverable,False
6.900000000000133,828,3,7,6,7,PLAYING,0.04316449537873268,0.013813532888889313,0.08013644069433212,-0.17537232133145386,-0.1440404897704816,0.016157271031730067,True,False,3,recoverable,False
6.966666666666803,836,3,7,6,7,PLAYING,0.044243305921554565,0.013807468116283417,0.08006098866462708,-0.17519443987912087,-0.1438904350074933,0.016152541955681953,True,False,3,recoverable,False
7.033333333333473,844,3,7,6,7,PLAYING,0.04534588381648064,0.013793796300888062,0.07996320724487305,-0.17499791619460664,-0.14371879217522474,0.016136275941305425,True,False,3,recoverable,False
7.100000000000143,852,3,7,6,7,PLAYING,0.04646947234869003,0.01378149539232254,0.07983476668596268,-0.17478032927238923,-0.143536198653685,0.016134845036370457,True,False,3,recoverable,False
7.166666666666813,860,3,7,6,7,PLAYING,0.04760909080505371,0.013757094740867615,0.0796748697757721,-0.17454750729356153,-0.14334199956596783,0.01614206526791217,True,False,3,recoverable,False
7.233333333333483,868,3,7,6,7,PLAYING,0.04877958819270134,0.013737231492996216,0.07948990911245346,-0.1743130947474023,-0.14313573699841065,0.016119357594624503,True,False,3,recoverable,False
7.300000000000153,876,3,7,6,7,PLAYING,0.049965716898441315,0.013708315789699554,0.07926876842975616,-0.1740408591078588,-0.14290675591617175,0.016131092365323133,True,False,3,recoverable,False
7.366666666666823,884,3,7,6,7,PLAYING,0.05088011547923088,0.013720527291297913,0.07917280495166779,-0.17433241647295983,-0.14259146084457672,0.01612671344321797,True,False,3,recoverable,False
7.4333333333334926,892,3,7,6,7,PLAYING,0.05160064995288849,0.01374044269323349,0.07921203970909119,-0.1747599112447004,-0.14254276291186618,0.01611258489532702,True,False,3,recoverable,False
7.5000000000001625,900,3,7,6,7,PLAYING,0.05242609977722168,0.013773500919342041,0.07922782003879547,-0.1752461660084975,-0.14264186042152274,0.016134802913684427,True,False,3,recoverable,False
7.5666666666668325,908,3,7,6,7,PLAYING,0.053319089114665985,0.013800449669361115,0.07922786474227905,-0.17579523219683482,-0.14280150881529466,0.016164735310411234,True,False,3,recoverable,False
7.6333333333335025,916,3,7,6,7,PLAYING,0.0542665496468544,0.013821080327033997,0.07920505106449127,-0.17640049843060773,-0.1430212735333172,0.016231628326966948,True,False,3,recoverable,False
7.7000000000001725,924,3,7,6,7,PLAYING,0.055231884121894836,0.013839773833751678,0.07916104793548584,-0.17697766920977778,-0.14324408126228644,0.016271642385548422,True,False,3,recoverable,False
7.7666666666668425,932,3,7,6,7,PLAYING,0.056178078055381775,0.013834968209266663,0.07912010699510574,-0.17739710007300732,-0.14326164837519692,0.016314297771979683,True,False,3,recoverable,False
7.8333333333335124,940,3,7,6,7,PLAYING,0.05716649442911148,0.013787142932415009,0.07912857830524445,-0.17715632419816457,-0.14281629758386905,0.01627915635915222,True,False,3,recoverable,False
7.900000000000182,948,3,7,6,7,PLAYING,0.05789133906364441,0.013762041926383972,0.0792878046631813,-0.17688656876915093,-0.14273894164357073,0.016261195861098292,True,False,3,recoverable,False
7.966666666666852,956,3,7,6,7,PLAYING,0.05868111550807953,0.01374489814043045,0.07945120334625244,-0.17664638957974058,-0.1427744598091348,0.016240842417955023,True,False,3,recoverable,False
8.033333333333518,964,3,7,6,7,PLAYING,0.05950469896197319,0.013719595968723297,0.07959655672311783,-0.17642413368788187,-0.14284979154156904,0.016233533159535976,True,False,3,recoverable,False
8.10000000000018,972,3,7,6,7,PLAYING,0.06034865230321884,0.013692803680896759,0.07973340153694153,-0.17611871731965387,-0.14293547916930774,0.016238047585353216,True,False,3,recoverable,False
8.166666666666844,980,3,7,6,7,PLAYING,0.06126713007688522,0.013662442564964294,0.07985223829746246,-0.1759096184268409,-0.14312174747892992,0.01627815457460879,True,False,3,recoverable,False
8.233333333333507,988,3,7,6,7,PLAYING,0.062182024121284485,0.013631440699100494,0.07995636016130447,-0.17565373519173164,-0.14327906207485597,0.016284104688752042,True,False,3,recoverable,False
8.30000000000017,996,3,7,6,7,PLAYING,0.0631130039691925,0.013609834015369415,0.08004528284072876,-0.17538044421927976,-0.14344477624152416,0.016237003397805014,True,False,3,recoverable,False
8.366666666666832,1004,3,7,6,7,PLAYING,0.06406523287296295,0.013589628040790558,0.08011705428361893,-0.17510586789897808,-0.1436217236629488,0.01617141657049473,True,False,3,recoverable,False
8.433333333333495,1012,3,7,6,7,PLAYING,0.06502674520015717,0.013576284050941467,0.08017624914646149,-0.17489139099976125,-0.14378848402905217,0.016084822064937006,True,False,3,recoverable,False
8.500000000000158,1020,3,7,6,7,PLAYING,0.06601673364639282,0.013558022677898407,0.08021649718284607,-0.17464457429331806,-0.14396824219020815,0.015991432897160263,True,False,3,recoverable,False
8.566666666666821,1028,3,7,6,7,PLAYING,0.06701646000146866,0.01353272795677185,0.08022166043519974,-0.174390405856542,-0.14416954468305906,0.015878521732378706,True,False,3,recoverable,False
8.633333333333484,1036,3,7,6,7,PLAYING,0.0680372416973114,0.013510726392269135,0.08021639287471771,-0.17409103992527317,-0.14435302422535545,0.01578192637906992,True,False,3,recoverable,False
8.700000000000147,1044,3,7,6,7,PLAYING,0.06908003985881805,0.013478130102157593,0.0801897644996643,-0.17380472334698008,-0.14454438000402037,0.015694286833509027,True,False,3,recoverable,False
8.76666666666681,1052,3,7,6,7,PLAYING,0.07012094557285309,0.013483062386512756,0.08014783263206482,-0.17345609168771212,-0.14473874923267602,0.015702275875803827,True,False,3,recoverable,False
8.833333333333472,1060,3,7,6,7,PLAYING,0.0711664929986,0.013484209775924683,0.08007685840129852,-0.17310606798685718,-0.1449050775173129,0.015723658386326545,True,False,3,recoverable,False
8.900000000000135,1068,3,7,6,7,PLAYING,0.07217845320701599,0.013495154678821564,0.07999265938997269,-0.172791529491923,-0.1449842865841952,0.015760351259727374,True,False,3,recoverable,False
8.966666666666798,1076,3,7,6,7,PLAYING,0.0729994997382164,0.013537392020225525,0.07995063811540604,-0.1732597959127817,-0.14486320833430733,0.015847119079121442,True,False,3,recoverable,False
9.033333333333461,1084,3,7,6,7,PLAYING,0.07389572262763977,0.013548880815505981,0.0799335315823555,-0.17330735576185108,-0.14444610938610014,0.015880315089614478,True,False,3,recoverable,False
9.100000000000124,1092,3,7,6,7,PLAYING,0.07486706227064133,0.013552173972129822,0.07989822328090668,-0.17331059856060618,-0.14402250885964574,0.015919909951668892,True,False,3,recoverable,False
9.166666666666787,1100,3,7,6,7,PLAYING,0.07588689029216766,0.013556808233261108,0.07983791828155518,-0.17334974540447676,-0.14362144367092847,0.015959066377756424,True,False,3,recoverable,False
9.23333333333345,1108,3,7,6,7,PLAYING,0.07693565636873245,0.01355840265750885,0.07975165545940399,-0.17341296283722774,-0.14322521971956803,0.016008487314619485,True,False,3,recoverable,False
9.300000000000113,1116,3,7,6,7,PLAYING,0.07801467180252075,0.013561047613620758,0.07963981479406357,-0.17350245340471718,-0.14282995953442415,0.016053239376887456,True,False,3,recoverable,False
9.366666666666775,1124,3,7,6,7,PLAYING,0.0791214108467102,0.013563938438892365,0.07950843870639801,-0.17357753306962553,-0.14240802270069086,0.016107992581112552,True,False,3,recoverable,False
9.433333333333438,1132,3,7,6,7,PLAYING,0.07990051805973053,0.013567641377449036,0.0796024352312088,-0.17357974430839013,-0.14248981473570835,0.016133188429552504,True,False,3,recoverable,False
9.500000000000101,1140,3,7,6,7,PLAYING,0.08069354295730591,0.013556741178035736,0.0797031968832016,-0.17355496199622697,-0.1426864066957691,0.016147314435701103,True,False,3,recoverable,False
9.566666666666764,1148,3,7,6,7,PLAYING,0.08154724538326263,0.013550490140914917,0.07980021834373474,-0.1735498047050039,-0.14293357089034053,0.01615242541382064,True,False,3,recoverable,False
9.633333333333427,1156,3,7,6,7,PLAYING,0.08243568241596222,0.013542219996452332,0.07988308370113373,-0.17363826856029232,-0.14323762966134235,0.016151358791351645,True,False,3,recoverable,False
9.70000000000009,1164,3,7,6,7,PLAYING,0.08335334807634354,0.0135335773229599,0.07995499670505524,-0.17368857604452226,-0.14353689175621764,0.016174674735465053,True,False,3,recoverable,False
9.766666666666753,1172,3,7,6,7,PLAYING,0.08421537280082703,0.01354052871465683,0.08002231270074844,-0.17399801572396933,-0.1437837884363178,0.016207186806047977,True,False,3,recoverable,False
9.833333333333416,1180,3,7,6,7,PLAYING,0.08510643243789673,0.01354440301656723,0.08006860315799713,-0.17429333352807358,-0.14406278517209314,0.016250647552836773,True,False,3,recoverable,False
9.900000000000079,1188,3,7,6,7,PLAYING,0.08602047711610794,0.013541795313358307,0.08009587973356247,-0.1746088225289055,-0.14436221556469578,0.016294857960123615,True,False,3,recoverable,False
9.966666666666741,1196,3,7,6,7,PLAYING,0.08696531504392624,0.013564400374889374,0.0800912156701088,-0.1749078712330778,-0.14471622855486946,0.01624660133865592,True,False,3,recoverable,False
10.033333333333404,1204,3,7,6,7,PLAYING,0.08790603280067444,0.01359044760465622,0.08007006347179413,-0.175223686193733,-0.1450538527371941,0.01617172101371546,True,False,3,recoverable,False
10.100000000000067,1212,3,7,6,7,PLAYING,0.08888143301010132,0.013632826507091522,0.08003106713294983,-0.17555560330638337,-0.14540495500428574,0.016130887025619916,True,False,3,recoverable,False
10.16666666666673,1220,3,7,6,7,PLAYING,0.08988365530967712,0.013671837747097015,0.07997692376375198,-0.1758490465467178,-0.1457253303734603,0.016096469143360947,True,False,3,recoverable,False
10.233333333333393,1228,3,7,6,7,PLAYING,0.0908774882555008,0.013681583106517792,0.07993872463703156,-0.17581406171396638,-0.14572722144995426,0.016006841560380368,True,False,3,recoverable,False
10.300000000000056,1236,3,7,6,7,PLAYING,0.09194409847259521,0.013656198978424072,0.0799342691898346,-0.17527418001799255,-0.14543620343045077,0.015946011804707005,True,False,3,recoverable,False
10.366666666666719,1244,3,7,6,7,PLAYING,0.09300974011421204,0.013634219765663147,0.0799010694026947,-0.17475030993472376,-0.14512713290256654,0.015882811705985107,True,False,3,recoverable,False
10.433333333333382,1252,3,7,6,7,PLAYING,0.09411858022212982,0.013592354953289032,0.07984410226345062,-0.17420705927977873,-0.14480290625353143,0.01574181486630598,True,False,3,recoverable,False
10.500000000000044,1260,3,7,6,7,PLAYING,0.09523630142211914,0.013551205396652222,0.07975828647613525,-0.17373709364585796,-0.1444722315264793,0.015612037610789357,True,False,3,recoverable,False
10.566666666666707,1268,3,7,6,7,PLAYING,0.09636621177196503,0.013498134911060333,0.07967717200517654,-0.17315108396618825,-0.14418062290204622,0.015470644772602645,True,False,3,recoverable,False
10.63333333333337,1276,3,7,6,7,PLAYING,0.0970219075679779,0.013482920825481415,0.0797957330942154,-0.17306046911174336,-0.1439164389445834,0.015380384638633574,True,False,3,recoverable,False
10.700000000000033,1284,3,7,6,7,PLAYING,0.09778278321027756,0.01348266750574112,0.07989634573459625,-0.17314970639756613,-0.143788947384343,0.015321670963400178,True,False,3,recoverable,False
10.766666666666696,1292,3,7,6,7,PLAYING,0.09862064570188522,0.013481579720973969,0.0799872949719429,-0.17328716064475017,-0.14375264219900163,0.015274770184147638,True,False,3,recoverable,False
10.833333333333359,1300,3,7,6,7,PLAYING,0.09950056672096252,0.013497665524482727,0.08006025850772858,-0.17346862862844872,-0.14376887295869328,0.015280645774853326,True,False,3,recoverable,False
10.900000000000022,1308,3,7,6,7,PLAYING,0.10040390491485596,0.013498179614543915,0.08011674880981445,-0.17372651784729792,-0.14381326232014496,0.01526583019733396,True,False,3,recoverable,False
10.966666666666685,1316,3,7,6,7,PLAYING,0.10133632272481918,0.013502553105354309,0.08015544712543488,-0.17398081583553837,-0.14387121464662214,0.015230621680457588,True,False,3,recoverable,False
11.033333333333347,1324,3,7,6,7,PLAYING,0.1022782176733017,0.013504907488822937,0.08018410205841064,-0.1742647364972479,-0.14390823702426395,0.015186134483555165,True,False,3,recoverable,False
11.10000000000001,1332,3,7,6,7,PLAYING,0.10325542837381363,0.013517491519451141,0.08019623160362244,-0.1746475451262908,-0.14399116014965446,0.015134195303693804,True,False,3,recoverable,False
11.166666666666673,1340,3,7,6,7,PLAYING,0.10422791540622711,0.013525702059268951,0.08019169420003891,-0.1749465020608762,-0.14403834564648685,0.015103257874785909,True,False,3,recoverable,False
11.233333333333336,1348,3,7,6,7,PLAYING,0.1052454262971878,0.013559900224208832,0.08015526831150055,-0.175367731783487,-0.14412030168556908,0.015151018010664524,True,False,3,recoverable,False
11.299999999999999,1356,3,7,6,7,PLAYING,0.10627824068069458,0.013599075376987457,0.08009674400091171,-0.17576671607340902,-0.1441953809756853,0.01521109267361494,True,False,3,recoverable,False
11.366666666666662,1364,3,7,6,7,PLAYING,0.10732914507389069,0.013628266751766205,0.0800139531493187,-0.17616939877367588,-0.14426733905703776,0.015257005945577707,True,False,3,recoverable,False
11.433333333333325,1372,3,7,6,7,PLAYING,0.10839520394802094,0.013652600347995758,0.0799083411693573,-0.1765959749324547,-0.14432767799169033,0.015313009563438906,True,False,3,recoverable,False
11.499999999999988,1380,3,7,6,7,PLAYING,0.10948581248521805,0.01367276906967163,0.07977736741304398,-0.17697672932917097,-0.1443859905139801,0.015356135092013319,True,False,3,recoverable,False
11.56666666666665,1388,3,7,6,7,PLAYING,0.11057066917419434,0.01365721970796585,0.07966671884059906,-0.17697468605664865,-0.14410374498046816,0.015346525214215827,True,False,3,recoverable,False
11.633333333333313,1396,3,7,6,7,PLAYING,0.11161898076534271,0.013632535934448242,0.07963941991329193,-0.17654407597221178,-0.14379618761783125,0.01518328794197135,True,False,3,recoverable,False
11.699999999999976,1404,3,7,6,7,PLAYING,0.11241603642702103,0.013599731028079987,0.07974214851856232,-0.17616518864351863,-0.1437473660722999,0.015029815377376726,True,False,3,recoverable,False
11.766666666666639,1412,3,7,6,7,PLAYING,0.11331147700548172,0.01357799768447876,0.07983772456645966,-0.1757151172622825,-0.1437982290319008,0.014872447097784897,True,False,3,recoverable,False
11.833333333333302,1420,3,7,6,7,PLAYING,0.11424543708562851,0.013538599014282227,0.07991788536310196,-0.17529619025658985,-0.14387846386834466,0.014740131991581732,True,False,3,recoverable,False
11.899999999999965,1428,3,7,6,7,PLAYING,0.11523155868053436,0.013504169881343842,0.07997989654541016,-0.17481830666292428,-0.1439969742888682,0.014578866362418364,True,False,3,recoverable,False
11.966666666666628,1436,3,7,6,7,PLAYING,0.11622944474220276,0.013455897569656372,0.0800304263830185,-0.1744440152687374,-0.14413568414336383,0.014466744780517859,True,False,3,recoverable,False
12.03333333333329,1444,3,7,6,7,PLAYING,0.1172453984618187,0.013409055769443512,0.08006218075752258,-0.17395705700657305,-0.14425473615995665,0.014337178930231606,True,False,3,recoverable,False
12.099999999999953,1452,3,7,6,7,PLAYING,0.11828929930925369,0.013352826237678528,0.08006922900676727,-0.17350188426178165,-0.14440055514410585,0.01420757326633447,True,False,3,recoverable,False
12.166666666666616,1460,3,7,6,7,PLAYING,0.11935046315193176,0.013296648859977722,0.0800538957118988,-0.17299574160562123,-0.1445339793224955,0.014044646242930933,True,False,3,recoverable,False
12.23333333333328,1468,3,7,6,7,PLAYING,0.12041600048542023,0.013248428702354431,0.08003668487071991,-0.17260732801124823,-0.1446377497436487,0.013875854540135669,True,False,3,recoverable,False
12.299999999999942,1476,3,7,6,7,PLAYING,0.12123949080705643,0.013243615627288818,0.08004974573850632,-0.17288544650162874,-0.14448051322358985,0.01376030976488051,True,False,3,recoverable,False
12.366666666666605,1484,3,7,6,7,PLAYING,0.12215161323547363,0.013238027691841125,0.08003643155097961,-0.17318505785808344,-0.14442114947715964,0.013688049759722307,True,False,3,recoverable,False
12.433333333333268,1492,3,7,6,7,PLAYING,0.12311090528964996,0.01326277107000351,0.08000242710113525,-0.1735574870648772,-0.144404058834371,0.013740057191192636,True,False,3,recoverable,False
12.49999999999993,1500,3,7,6,7,PLAYING,0.12409411370754242,0.013296358287334442,0.07994979619979858,-0.17393013947511507,-0.14438629176711748,0.013799412747232601,True,False,3,recoverable,False
12.566666666666594,1508,3,7,6,7,PLAYING,0.12511387467384338,0.01332872360944748,0.07987503707408905,-0.17433155751039667,-0.14437542702507458,0.013845535519849591,True,False,3,recoverable,False
12.633333333333256,1516,3,7,6,7,PLAYING,0.12615028023719788,0.013363353908061981,0.07977447658777237,-0.17476853340104714,-0.1443633727500638,0.013928206953790032,True,False,3,recoverable,False
12.69999999999992,1524,3,7,6,7,PLAYING,0.12721002101898193,0.013390861451625824,0.07964735478162766,-0.175213026558476,-0.1443512678093129,0.013996507499886533,True,False,3,recoverable,False
12.766666666666582,1532,3,7,6,7,PLAYING,0.12829159200191498,0.013416290283203125,0.07949267327785492,-0.17567193402536604,-0.1443433779448127,0.014058247946341527,True,False,3,recoverable,False
12.833333333333245,1540,3,7,6,7,PLAYING,0.1293971985578537,0.013432271778583527,0.07931222766637802,-0.17618606759087427,-0.1443216294148805,0.014130655852572022,True,False,3,recoverable,False
12.899999999999908,1548,3,7,6,7,PLAYING,0.13035687804222107,0.0134352445602417,0.07920829206705093,-0.17660428388526858,-0.14451836957020217,0.014234206362963856,True,False,3,recoverable,False
12.96666666666657,1556,3,7,6,7,PLAYING,0.13110071420669556,0.013431787490844727,0.07926959544420242,-0.17672927627004298,-0.1448644074597106,0.01422156320877217,True,False,3,recoverable,False
13.033333333333234,1564,3,7,6,7,PLAYING,0.13190484046936035,0.013428106904029846,0.07935899496078491,-0.17648272586380553,-0.14502661742774428,0.014081687357358087,True,False,3,recoverable,False
13.099999999999897,1572,3,7,6,7,PLAYING,0.13276997208595276,0.013416238129138947,0.0794418603181839,-0.1762660641837232,-0.1452553634517913,0.013964102653012424,True,False,3,recoverable,False
13.16666666666656,1580,3,7,6,7,PLAYING,0.13367992639541626,0.01340116560459137,0.07951264828443527,-0.17607858392953246,-0.1455232857600567,0.013844543837365596,True,False,3,recoverable,False
13.233333333333222,1588,3,7,6,7,PLAYING,0.1346377283334732,0.013387508690357208,0.0795677974820137,-0.17585317240170173,-0.14583805740960867,0.013712868729216472,True,False,3,recoverable,False
13.299999999999885,1596,3,7,6,7,PLAYING,0.13560700416564941,0.013377591967582703,0.07960280776023865,-0.17562135531900003,-0.1461458633274482,0.013598326518424549,True,False,3,recoverable,False
13.366666666666548,1604,3,7,6,7,PLAYING,0.13658425211906433,0.01336730271577835,0.07962100207805634,-0.17547536729488888,-0.14642700363883498,0.013501747717146323,True,False,3,recoverable,False
13.433333333333211,1612,3,7,6,7,PLAYING,0.13759326934814453,0.013351060450077057,0.0796242505311966,-0.17523208970965218,-0.14668986482681554,0.013405678265998366,True,False,3,recoverable,False
13.499999999999874,1620,3,7,6,7,PLAYING,0.1386251449584961,0.013288311660289764,0.0796629786491394,-0.17436921194135485,-0.14650900196953928,0.0131986802686947,True,False,3,recoverable,False
13.566666666666537,1628,3,7,6,7,PLAYING,0.1395452916622162,0.013234876096248627,0.07972311973571777,-0.17374968172114183,-0.14612950046296547,0.013037723288593797,True,False,3,recoverable,False
13.6333333333332,1636,3,7,6,7,PLAYING,0.14032922685146332,0.013223744928836823,0.07979452610015869,-0.1736918774237209,-0.1456539222508447,0.012923480987885266,True,False,3,recoverable,False
13.699999999999863,1644,3,7,6,7,PLAYING,0.14120180904865265,0.013205334544181824,0.07984743267297745,-0.1736854256335608,-0.1452527387326536,0.012866963403268698,True,False,3,recoverable,False
13.766666666666525,1652,3,7,6,7,PLAYING,0.14211316406726837,0.013190850615501404,0.07988446205854416,-0.17372552315813253,-0.1448860901410294,0.012804151715394676,True,False,3,recoverable,False
13.833333333333188,1660,3,7,6,7,PLAYING,0.1430516391992569,0.013193443417549133,0.07989651709794998,-0.17382375915155263,-0.14455517035273224,0.012768290145821934,True,False,3,recoverable,False
13.899999999999851,1668,3,7,6,7,PLAYING,0.14402318000793457,0.013192988932132721,0.07989475876092911,-0.17390160037996036,-0.1442074094774152,0.012735116629712447,True,False,3,recoverable,False
13.966666666666514,1676,3,7,6,7,PLAYING,0.1450134813785553,0.013212621212005615,0.079880490899086,-0.1740200713224096,-0.14387796259468896,0.012735417311439234,True,False,3,recoverable,False
14.033333333333177,1684,3,7,6,7,PLAYING,0.1460030972957611,0.013220533728599548,0.07984113693237305,-0.1742262546529035,-0.14353112015438974,0.012704384663779126,True,False,3,recoverable,False
14.09999999999984,1692,3,7,6,7,PLAYING,0.14702236652374268,0.01322384923696518,0.07978040724992752,-0.17444478182057638,-0.14318398783914485,0.012684112514420174,True,False,3,recoverable,False
14.166666666666503,1700,3,7,6,7,PLAYING,0.14806443452835083,0.013229303061962128,0.07969705760478973,-0.17469250276960993,-0.14284621424090627,0.01266290791272583,True,False,3,recoverable,False
14.233333333333166,1708,3,7,6,7,PLAYING,0.14916206896305084,0.013226695358753204,0.07959195971488953,-0.17492955237189625,-0.1425133808984754,0.012674849953585986,True,False,3,recoverable,False
14.299999999999828,1716,3,7,6,7,PLAYING,0.15026266872882843,0.013215534389019012,0.07946479320526123,-0.17516538518670333,-0.14215705243675472,0.012655028533236665,True,False,3,recoverable,False
14.366666666666491,1724,3,7,6,7,PLAYING,0.15138712525367737,0.013230010867118835,0.07931728661060333,-0.17553195693731474,-0.14179469154329932,0.012637526224934205,True,False,3,recoverable,False
14.433333333333154,1732,3,7,6,7,PLAYING,0.15221142768859863,0.013231128454208374,0.07935420423746109,-0.17566562411176112,-0.14179936493384354,0.01258481206112964,True,False,3,recoverable,False
14.499999999999817,1740,3,7,6,7,PLAYING,0.15296483039855957,0.013239607214927673,0.07947221398353577,-0.1758191408176531,-0.14208973282214082,0.012526126216880793,True,False,3,recoverable,False
14.56666666666648,1748,3,7,6,7,PLAYING,0.15378433465957642,0.01324857771396637,0.07958456873893738,-0.17601777554846873,-0.14247116455057032,0.012486961866080473,True,False,3,recoverable,False
14.633333333333143,1756,3,7,6,7,PLAYING,0.15464237332344055,0.013249188661575317,0.07968927919864655,-0.17614850705498966,-0.14287445299426152,0.012431940935992276,True,False,3,recoverable,False
14.699999999999806,1764,3,7,6,7,PLAYING,0.15551304817199707,0.013256803154945374,0.07976152747869492,-0.17622296736260132,-0.14332410935225995,0.012303996092643134,True,False,3,recoverable,False
14.766666666666469,1772,3,7,6,7,PLAYING,0.15640820562839508,0.01326734572649002,0.07982133328914642,-0.1763436401016153,-0.14379916481376354,0.012174650517307954,True,False,3,recoverable,False
14.833333333333131,1780,3,7,6,7,PLAYING,0.15732839703559875,0.01327735185623169,0.07987210154533386,-0.17649361369213515,-0.14429579637500078,0.0120524719698862,True,False,3,recoverable,False
14.899999999999794,1788,3,7,6,7,PLAYING,0.15827661752700806,0.013291001319885254,0.0799044519662857,-0.17667937346108115,-0.1448202998525422,0.011909098378151864,True,False,3,recoverable,False
14.966666666666457,1796,3,7,6,7,PLAYING,0.1592356264591217,0.013292640447616577,0.07992249727249146,-0.17684415085488678,-0.14533010562164725,0.011803804978336887,True,False,3,recoverable,False
15.03333333333312,1804,3,7,6,7,PLAYING,0.16020002961158752,0.013286493718624115,0.07992590218782425,-0.1769541473234378,-0.145789938658558,0.011666543251089343,True,False,3,recoverable,False
15.099999999999783,1812,3,7,6,7,PLAYING,0.16116845607757568,0.013214193284511566,0.07999287545681,-0.17626113819394443,-0.14565561680883168,0.011412203943569057,True,False,3,recoverable,False
15.166666666666446,1820,3,7,6,7,PLAYING,0.16221341490745544,0.013140082359313965,0.08003681153059006,-0.17555680633810622,-0.14555730844850473,0.011191333452265893,True,False,3,recoverable,False
15.233333333333109,1828,3,7,6,7,PLAYING,0.16329482197761536,0.013079747557640076,0.08005436509847641,-0.17480314538281694,-0.14543429501819,0.011032643584542538,True,False,3,recoverable,False
15.299999999999772,1836,3,7,6,7,PLAYING,0.1643972396850586,0.013010367751121521,0.08004579693078995,-0.17404192024158888,-0.1453086255479753,0.01087431275518795,True,False,3,recoverable,False
15.366666666666434,1844,3,7,6,7,PLAYING,0.1655394583940506,0.012940466403961182,0.08001136779785156,-0.17322990759685103,-0.14518986923470314,0.01068633240098466,True,False,3,recoverable,False
15.433333333333097,1852,3,7,6,7,PLAYING,0.1665119081735611,0.01289752870798111,0.07999905198812485,-0.17290748302869244,-0.14484812026349414,0.01056627830888312,True,False,3,recoverable,False
15.49999999999976,1860,3,7,6,7,PLAYING,0.1674157679080963,0.012881621718406677,0.07998542487621307,-0.17295311990225729,-0.1444636904677375,0.010478604710746044,True,False,3,recoverable,False
15.566666666666423,1868,3,7,6,7,PLAYING,0.1683969497680664,0.01286410540342331,0.07995341718196869,-0.17306525481877083,-0.14413620324860046,0.010425782393659482,True,False,3,recoverable,False
15.633333333333086,1876,3,7,6,7,PLAYING,0.16942648589611053,0.012847527861595154,0.07989785820245743,-0.173227589798671,-0.14385063101471882,0.010365545721175904,True,False,3,recoverable,False
15.699999999999749,1884,3,7,6,7,PLAYING,0.17049047350883484,0.012833736836910248,0.07981835305690765,-0.1734197952919164,-0.14358747709673136,0.010303011615916536,True,False,3,recoverable,False
15.766666666666412,1892,3,7,6,7,PLAYING,0.17154891788959503,0.012845039367675781,0.0797344520688057,-0.17370372728607986,-0.1433028385628012,0.010333921803685947,True,False,3,recoverable,False
15.833333333333075,1900,3,8,8,8,PLAYING,0.17173461616039276,0.012841612100601196,0.07970064133405685,-0.17368063518540405,-0.14328682619410957,0.010331109610934659,True,False,3,recoverable,False
15.899999999999737,1908,4,9,8,9,PLAYING,0.17170731723308563,0.012823611497879028,0.07966668903827667,-0.17351176593580095,-0.14304211325892455,0.010290460327831251,True,False,3,recoverable,False
15.9666666666664,1916,4,9,8,9,PLAYING,0.17177070677280426,0.012824185192584991,0.07963719964027405,-0.17355200272627586,-0.14300089501248853,0.010295083905998363,True,False,3,recoverable,False
16.033333333333065,1924,4,9,8,9,PLAYING,0.17185108363628387,0.012835361063480377,0.07961168140172958,-0.17369458242048574,-0.14303165607705848,0.010308582454974135,True,False,3,recoverable,False
16.099999999999728,1932,4,9,8,9,PLAYING,0.17192307114601135,0.012832753360271454,0.07958319038152695,-0.17370426164711072,-0.14298044612247943,0.01030638108097365,True,False,3,recoverable,False
16.16666666666639,1940,4,10,9,10,PLAYING,0.17198503017425537,0.012827381491661072,0.07955008000135422,-0.17368536750179794,-0.14290055512071562,0.010301254864426193,True,False,3,recoverable,False
16.233333333333054,1948,4,10,9,10,PLAYING,0.17203789949417114,0.01282387226819992,0.07951438426971436,-0.1736935920120464,-0.14285292426700424,0.010301756789239187,True,False,3,recoverable,False
16.299999999999716,1956,4,11,10,11,PLAYING,0.17204415798187256,0.012868963181972504,0.07949958741664886,-0.17419323283618185,-0.1431653504501354,0.010372349082458257,True,False,3,recoverable,False
16.36666666666638,1964,4,11,10,11,PLAYING,0.17212143540382385,0.012820929288864136,0.07946313917636871,-0.17377919690345642,-0.14284446136819093,0.010333175235071141,True,False,3,recoverable,False
16.433333333333042,1972,4,11,10,11,PLAYING,0.1721956729888916,0.012786813080310822,0.0794457346200943,-0.1734531229785613,-0.14259386023229204,0.01029421940435867,True,False,3,recoverable,False
16.499999999999705,1980,4,12,11,12,PLAYING,0.17226850986480713,0.012816645205020905,0.07943079620599747,-0.17372628138936375,-0.14278022218982298,0.010318990324181045,True,False,3,recoverable,False
16.566666666666368,1988,4,12,11,12,PLAYING,0.17234086990356445,0.012814536690711975,0.07940834760665894,-0.17370666379448343,-0.14272920868442482,0.010308771422929908,True,False,3,recoverable,False
16.63333333333303,1996,4,12,11,12,PLAYING,0.17242257297039032,0.01277671754360199,0.07939261198043823,-0.17335899930337856,-0.14243332593344485,0.010274606884062853,True,False,3,recoverable,False
16.699999999999694,2004,4,12,11,12,PLAYING,0.17252524197101593,0.012708470225334167,0.0793774276971817,-0.1727147823278085,-0.14200950809099472,0.010225073253430465,True,False,3,recoverable,False
16.766666666666357,2012,4,12,11,12,PLAYING,0.17262253165245056,0.012692376971244812,0.0793629139661789,-0.17257615854350467,-0.14189208467495276,0.010221303670363474,True,False,3,recoverable,False
16.83333333333302,2020,4,13,12,13,PLAYING,0.17270417511463165,0.012689158320426941,0.079348623752594,-0.17253397943007281,-0.14182442742520818,0.010209295022306976,True,False,3,recoverable,False
16.899999999999682,2028,4,13,12,13,PLAYING,0.17276813089847565,0.012695208191871643,0.07932380586862564,-0.1725675490711094,-0.14182991811206583,0.010195102541202362,True,False,3,recoverable,False
16.966666666666345,2036,4,14,13,14,PLAYING,0.17284135520458221,0.012702293694019318,0.07930208742618561,-0.17270005259421645,-0.14189476150062316,0.010220139990201044,True,False,3,recoverable,False
17.033333333333008,2044,4,15,14,15,PLAYING,0.17291127145290375,0.012679927051067352,0.07928532361984253,-0.1724503154970765,-0.14166729262502523,0.01017923844427536,True,False,3,recoverable,False
17.09999999999967,2052,4,15,14,15,PLAYING,0.17300750315189362,0.012689515948295593,0.07926326245069504,-0.1726021281795373,-0.14175272786131585,0.010211377014020225,True,False,3,recoverable,False
17.166666666666334,2060,4,16,15,16,PLAYING,0.17308688163757324,0.012703657150268555,0.07924602925777435,-0.17274470651028448,-0.1418049726744099,0.010219229481696379,True,False,3,recoverable,False
17.233333333332997,2068,4,16,15,16,PLAYING,0.17315733432769775,0.012705199420452118,0.07923018932342529,-0.17281007730009496,-0.14181892248843553,0.01022439945882846,True,False,3,recoverable,False
17.29999999999966,2076,5,25,16,25,PLAYING,0.173945814371109,0.012558594346046448,0.07835493236780167,-0.1734569571490778,-0.1333584536539296,0.008445908152144832,True,False,3,recoverable,False
17.366666666666323,2084,5,25,16,25,PLAYING,0.17533622682094574,0.011062942445278168,0.07207383960485458,-0.16909149549018496,-0.10790638502054556,0.00382053885213816,True,False,3,recoverable,False
17.433333333332985,2092,5,25,16,25,PLAYING,0.18102599680423737,0.010547682642936707,0.06832994520664215,-0.17160817644136592,-0.10121132424306632,0.00242032273907531,True,False,3,recoverable,False
17.49999999999965,2100,5,25,16,25,PLAYING,0.18239113688468933,0.010031349956989288,0.06597523391246796,-0.16970871462207857,-0.09269880989126218,0.000872147476278023,True,False,3,recoverable,False
17.56666666666631,2108,5,25,16,25,PLAYING,0.1818283200263977,0.010163269937038422,0.06742830574512482,-0.16797963421691556,-0.09404983802630258,0.001232512093184946,True,False,3,recoverable,False
17.633333333332974,2116,5,25,16,25,PLAYING,0.18009790778160095,0.01087653636932373,0.07021511346101761,-0.170539937200249,-0.1041543461482197,0.002916779127176691,True,False,3,recoverable,False
17.699999999999637,2124,5,25,16,25,PLAYING,0.17955300211906433,0.011302463710308075,0.07149307429790497,-0.17255143664009998,-0.1093635032988964,0.0038120233503157437,True,False,3,recoverable,False
17.7666666666663,2132,5,25,16,25,PLAYING,0.17990826070308685,0.011494413018226624,0.07315991073846817,-0.17139719611563292,-0.11370774139067555,0.004628242987573691,True,False,3,recoverable,False
17.833333333332963,2140,5,25,16,25,PLAYING,0.1801198124885559,0.01164991408586502,0.07479273527860641,-0.17098353130106692,-0.1185530258692974,0.005101788513485811,True,False,3,recoverable,False
17.899999999999626,2148,5,25,16,25,PLAYING,0.18014907836914062,0.011848993599414825,0.07656175643205643,-0.17126459323919407,-0.12417328070180875,0.005590919226963751,True,False,3,recoverable,False
17.96666666666629,2156,5,25,16,25,PLAYING,0.18014752864837646,0.011921830475330353,0.07815839350223541,-0.16993163685328103,-0.1282355054324261,0.005919197375029918,True,False,3,recoverable,False
18.03333333333295,2164,5,25,16,25,PLAYING,0.18054644763469696,0.01207723468542099,0.07981372624635696,-0.169879096622874,-0.1337208383648549,0.006464394570797274,True,False,3,recoverable,False
18.099999999999614,2172,5,25,16,25,PLAYING,0.18044598400592804,0.012175336480140686,0.08112183958292007,-0.16887627734544125,-0.13707450855788506,0.0068855092427879735,True,False,3,recoverable,False
18.166666666666277,2180,5,25,16,25,PLAYING,0.1800251305103302,0.012296482920646667,0.08212783187627792,-0.16838008403090635,-0.13907694731934916,0.007232436821846266,True,False,3,recoverable,False
18.23333333333294,2188,5,25,16,25,PLAYING,0.17697764933109283,0.012480594217777252,0.08173324912786484,-0.1695241812215508,-0.13888725086117043,0.007808502789447218,True,False,3,recoverable,False
18.299999999999603,2196,5,25,16,25,PLAYING,0.1746487319469452,0.01203463226556778,0.08034462481737137,-0.16993314069805426,-0.13496938305628306,0.009448964713410245,True,False,3,recoverable,False
18.366666666666266,2204,5,25,16,25,PLAYING,0.17237626016139984,0.011431731283664703,0.07803311944007874,-0.17064659831053822,-0.12863232003642594,0.009759618586108089,True,False,3,recoverable,False
18.43333333333293,2212,5,25,16,25,PLAYING,0.17159417271614075,0.011386588215827942,0.07770711183547974,-0.17118913391795632,-0.12782701406718125,0.009872525208117865,True,False,3,recoverable,False
18.49999999999959,2220,5,25,16,25,PLAYING,0.17019885778427124,0.01153680682182312,0.07968034595251083,-0.16934561683467136,-0.1326833960199491,0.01091539965857686,True,False,3,recoverable,False
18.566666666666254,2228,5,25,16,25,PLAYING,0.16729721426963806,0.011589661240577698,0.08003251999616623,-0.17084193852709223,-0.13431752303071387,0.011957205297958209,True,False,3,recoverable,False
18.633333333332917,2236,5,26,18,26,PLAYING,0.16579154133796692,0.011592432856559753,0.07958079129457474,-0.1720319458522126,-0.13523763215046253,0.012398046540787156,True,False,3,recoverable,False
18.69999999999958,2244,6,27,18,27,PLAYING,0.16586893796920776,0.011584952473640442,0.07929284125566483,-0.17265485444956274,-0.1356281104623141,0.0129502542385119,True,False,3,recoverable,False
18.766666666666243,2252,6,27,18,27,PLAYING,0.16633960604667664,0.011654242873191833,0.07907606661319733,-0.17308494369062258,-0.1358707684743592,0.013198362431660872,True,False,3,recoverable,False
18.833333333332906,2260,6,27,18,27,PLAYING,0.16647404432296753,0.011647820472717285,0.07894516736268997,-0.173370824959585,-0.1360469809359395,0.013683813991242721,True,False,3,recoverable,False
18.89999999999957,2268,6,27,18,27,PLAYING,0.1660265326499939,0.011689260601997375,0.07924879342317581,-0.17349149654413532,-0.1370881085548166,0.01383727365388975,True,False,3,recoverable,False
18.96666666666623,2276,6,27,18,27,PLAYING,0.16541822254657745,0.011743322014808655,0.0795476883649826,-0.1736660605201038,-0.1382463658485056,0.014007845986843908,True,False,3,recoverable,False
19.033333333332894,2284,6,27,18,27,PLAYING,0.16467219591140747,0.011769421398639679,0.07982348650693893,-0.173647524537273,-0.13930960837660333,0.014202277120775547,True,False,3,recoverable,False
19.099999999999557,2292,6,27,18,27,PLAYING,0.16390275955200195,0.01171015202999115,0.08003271371126175,-0.1735389542605347,-0.14013481723147417,0.014706412623865708,True,False,3,recoverable,False
19.16666666666622,2300,6,27,18,27,PLAYING,0.16303789615631104,0.011642761528491974,0.08021453768014908,-0.17353811914726275,-0.14103296671211213,0.015330647261304557,True,False,3,recoverable,False
19.233333333332883,2308,6,27,18,27,PLAYING,0.16236460208892822,0.011637240648269653,0.08038356900215149,-0.17372714606521247,-0.1418581461407631,0.015842784789798874,True,False,3,recoverable,False
19.299999999999546,2316,6,27,18,27,PLAYING,0.16243919730186462,0.011674322187900543,0.08041533082723618,-0.17419136314920733,-0.14256814257553277,0.015947998088010826,True,False,3,recoverable,False
19.36666666666621,2324,6,27,18,27,PLAYING,0.16324926912784576,0.011694498360157013,0.08046649396419525,-0.17431727066558864,-0.14255148409529186,0.015963111786921003,True,False,3,recoverable,False
19.43333333333287,2332,6,27,18,27,PLAYING,0.16436117887496948,0.011676236987113953,0.08041737228631973,-0.17427865002408074,-0.1422982469626419,0.016006996731005606,True,False,3,recoverable,False
19.499999999999535,2340,6,27,18,27,PLAYING,0.1654423475265503,0.011646457016468048,0.08027498424053192,-0.17417100774199207,-0.14184677067966517,0.016255514276012344,True,False,3,recoverable,False
19.566666666666197,2348,6,27,18,27,PLAYING,0.16654415428638458,0.011641368269920349,0.08008234202861786,-0.17382313320521695,-0.14123608786584865,0.016339609310544453,True,False,3,recoverable,False
19.63333333333286,2356,6,27,18,27,PLAYING,0.16772690415382385,0.011610150337219238,0.0798569992184639,-0.1735397721349836,-0.14061596432879866,0.016309742194081024,True,False,3,recoverable,False
19.699999999999523,2364,6,27,18,27,PLAYING,0.16890646517276764,0.011599719524383545,0.0795983299612999,-0.17315138440183048,-0.13992090644225844,0.016478639556506906,True,False,3,recoverable,False
19.766666666666186,2372,6,27,18,27,PLAYING,0.17009951174259186,0.011575348675251007,0.07932046055793762,-0.17272173539239585,-0.13916465159117086,0.016581127211903905,True,False,3,recoverable,False
19.83333333333285,2380,6,27,18,27,PLAYING,0.1713363379240036,0.011559784412384033,0.07899540662765503,-0.17250288856923748,-0.1383942400281657,0.016618912709521174,True,False,3,recoverable,False
19.899999999999512,2388,6,27,18,27,PLAYING,0.17239314317703247,0.011507004499435425,0.07883265614509583,-0.1722381912867462,-0.13800765776300006,0.016459240458714306,True,False,3,recoverable,False
19.966666666666175,2396,6,27,18,27,PLAYING,0.17312216758728027,0.011487983167171478,0.07891903072595596,-0.171696557831097,-0.13808601061162243,0.0164627739733262,True,False,3,recoverable,False
20.033333333332838,2404,6,27,18,27,PLAYING,0.17396363615989685,0.01146012544631958,0.07895828783512115,-0.17142613128020376,-0.13825632643005623,0.01650465715686334,True,False,3,recoverable,False
20.0999999999995,2412,6,27,18,27,PLAYING,0.17487117648124695,0.011459879577159882,0.07899066805839539,-0.17114160016886837,-0.13847182427131813,0.01657149977493493,True,False,3,recoverable,False
20.166666666666163,2420,6,27,18,27,PLAYING,0.17581592500209808,0.011461973190307617,0.07902181893587112,-0.17084098868681324,-0.13871273661693198,0.01659177043938453,True,False,3,recoverable,False
20.233333333332826,2428,6,27,18,27,PLAYING,0.1767948716878891,0.01144091784954071,0.07900639623403549,-0.17070754661159737,-0.13894798352813587,0.01661383855844059,True,False,3,recoverable,False
20.29999999999949,2436,6,27,18,27,PLAYING,0.17779499292373657,0.011431187391281128,0.07898397743701935,-0.17054234734765017,-0.13919001321537364,0.01668144653244046,True,False,3,recoverable,False
20.366666666666152,2444,6,27,18,27,PLAYING,0.17862527072429657,0.011429056525230408,0.07898741960525513,-0.17054699900984863,-0.13927926525486484,0.016636055084807554,True,False,3,recoverable,False
20.433333333332815,2452,6,27,18,27,PLAYING,0.17944848537445068,0.0114421546459198,0.07893804460763931,-0.1709091939449709,-0.13936096446345195,0.01669558995577429,True,False,3,recoverable,False
20.499999999999478,2460,6,27,18,27,PLAYING,0.18038758635520935,0.011453717947006226,0.07890795171260834,-0.17128867296490918,-0.13951551065155826,0.01673157050143548,True,False,3,recoverable,False
20.56666666666614,2468,6,27,18,27,PLAYING,0.18134640157222748,0.011465869843959808,0.078851118683815,-0.17171639426383917,-0.13967200627657314,0.01677369597054631,True,False,3,recoverable,False
20.633333333332804,2476,6,27,18,27,PLAYING,0.18233586847782135,0.011475540697574615,0.07877679914236069,-0.1721808342442836,-0.1398389307566018,0.016820788070101112,True,False,3,recoverable,False
20.699999999999466,2484,6,27,18,27,PLAYING,0.18334424495697021,0.011488944292068481,0.0786777138710022,-0.1727105924922268,-0.1399969174867643,0.01686158542881878,True,False,3,recoverable,False
20.76666666666613,2492,6,27,18,27,PLAYING,0.18436679244041443,0.011499747633934021,0.07856108248233795,-0.17326472033002657,-0.1401544820817348,0.016905418880206538,True,False,3,recoverable,False
20.833333333332792,2500,6,27,18,27,PLAYING,0.18539488315582275,0.011500932276248932,0.0784325897693634,-0.1737442478169635,-0.14017890450811807,0.01692836113966692,True,False,3,recoverable,False
20.899999999999455,2508,6,27,18,27,PLAYING,0.18646278977394104,0.011465735733509064,0.07833486050367355,-0.173768990741932,-0.1398506331786907,0.01688377785673321,True,False,3,recoverable,False
20.966666666666118,2516,6,27,18,27,PLAYING,0.1875322163105011,0.011461116373538971,0.07821619510650635,-0.1738535106441057,-0.13951068382912454,0.016936958985985975,True,False,3,recoverable,False
21.03333333333278,2524,6,27,18,27,PLAYING,0.18862006068229675,0.011461809277534485,0.07806956022977829,-0.1740031173028199,-0.13917615295361696,0.01700510163620265,True,False,3,recoverable,False
21.099999999999444,2532,6,27,18,27,PLAYING,0.1897219717502594,0.011455312371253967,0.07789987325668335,-0.17414689630838984,-0.13882401730641833,0.01707603209044894,True,False,3,recoverable,False
21.166666666666107,2540,6,27,18,27,PLAYING,0.19085131585597992,0.011449888348579407,0.07769938558340073,-0.1743249831903307,-0.13847088448145978,0.017142700590473077,True,False,3,recoverable,False
21.23333333333277,2548,6,27,18,27,PLAYING,0.19199059903621674,0.01144641637802124,0.07747091352939606,-0.17449592924626867,-0.13808616941906582,0.017230680779255117,True,False,3,recoverable,False
21.299999999999432,2556,6,27,18,27,PLAYING,0.19314584136009216,0.011430688202381134,0.0772380456328392,-0.17450218426234745,-0.137498714744802,0.01724120748433489,True,False,3,recoverable,False
21.366666666666095,2564,6,27,18,27,PLAYING,0.19413329660892487,0.011385127902030945,0.07720040529966354,-0.17390883726825138,-0.13688556625793288,0.017125690695854432,True,False,3,recoverable,False
21.433333333332758,2572,6,27,18,27,PLAYING,0.19494324922561646,0.011332407593727112,0.07730615139007568,-0.17337193623784017,-0.13668092573374502,0.016957556076181858,True,False,3,recoverable,False
21.49999999999942,2580,6,27,18,27,PLAYING,0.19584116339683533,0.0112871453166008,0.07740050554275513,-0.17279000736549613,-0.1365388261622322,0.01683333544374033,True,False,3,recoverable,False
21.566666666666084,2588,6,27,18,27,PLAYING,0.19679048657417297,0.011232323944568634,0.07748217135667801,-0.17217806781042125,-0.13643659038596131,0.01669537888440233,True,False,3,recoverable,False
21.633333333332747,2596,6,27,18,27,PLAYING,0.19777511060237885,0.011172972619533539,0.07754196971654892,-0.17162004850321075,-0.1363614894886579,0.016569935576321488,True,False,3,recoverable,False
21.69999999999941,2604,6,27,18,27,PLAYING,0.19876883924007416,0.011109516024589539,0.07758297026157379,-0.17104156284789562,-0.13628575230442924,0.016444454112267994,True,False,3,recoverable,False
21.766666666666072,2612,6,27,18,27,PLAYING,0.19979886710643768,0.011082477867603302,0.07760702818632126,-0.17042535604913378,-0.13622585810044158,0.016458655603794864,True,False,3,recoverable,False
21.833333333332735,2620,6,27,18,27,PLAYING,0.200846865773201,0.011032089591026306,0.077604278922081,-0.16980617864448336,-0.1361514317747467,0.016425896209113836,True,False,3,recoverable,False
21.899999999999398,2628,6,27,18,27,PLAYING,0.20191247761249542,0.01097974181175232,0.07757002115249634,-0.1692258320548348,-0.13607271768810164,0.016393663720075908,True,False,3,recoverable,False
21.96666666666606,2636,6,27,18,27,PLAYING,0.20283445715904236,0.01094856858253479,0.07755111902952194,-0.16903656791272714,-0.13584721765835073,0.01638991325990948,True,False,3,recoverable,False
22.033333333332724,2644,6,27,18,27,PLAYING,0.20368385314941406,0.010952062904834747,0.07754095643758774,-0.16917113239127893,-0.13557513394314666,0.0164339374700289,True,False,3,recoverable,False
22.099999999999387,2652,6,27,18,27,PLAYING,0.20460054278373718,0.010955311357975006,0.07751715928316116,-0.1693560588029572,-0.13532773175301913,0.016462082941466626,True,False,3,recoverable,False
22.16666666666605,2660,6,27,18,27,PLAYING,0.20545613765716553,0.010958418250083923,0.0775366798043251,-0.16954463019196586,-0.13524030436786103,0.016460073310425368,True,False,3,recoverable,False
22.233333333332713,2668,6,27,18,27,PLAYING,0.20613577961921692,0.010964900255203247,0.07765871286392212,-0.16982496142206427,-0.1354350296716785,0.01649735184118756,True,False,3,recoverable,False
22.299999999999375,2676,6,28,20,28,PLAYING,0.20599938929080963,0.010975062847137451,0.07764231413602829,-0.16964001302449117,-0.13535645926613976,0.016527302889423685,True,False,3,stable,False
22.36666666666604,2684,7,29,20,29,PLAYING,0.20543532073497772,0.010483339428901672,0.07828481495380402,-0.16304589191045496,-0.1296244938062141,0.015507317279625519,True,False,3,recoverable,False
22.4333333333327,2692,7,30,21,30,PLAYING,0.20509174466133118,0.00876280665397644,0.08058146387338638,-0.14069628574016022,-0.11155068648493592,0.012528010226637154,True,False,3,recoverable,False
22.499999999999364,2700,7,30,21,30,PLAYING,0.20747746527194977,0.006150782108306885,0.08390562981367111,-0.10849460596253155,-0.0888400858587131,0.009365645712665896,True,False,3,recoverable,False
22.566666666666027,2708,7,30,21,30,PLAYING,0.20975716412067413,0.004105798900127411,0.08638684451580048,-0.0840664704175281,-0.07189315015399092,0.0074913449500967665,True,False,4,recoverable,False
22.63333333333269,2716,7,31,22,31,PLAYING,0.20926649868488312,0.002798892557621002,0.08854791522026062,-0.0681817374006057,-0.059076561956205136,0.006460200058082167,True,False,4,recoverable,False
22.699999999999353,2724,7,31,22,31,PLAYING,0.20682410895824432,0.0024953410029411316,0.08970867842435837,-0.0629070951089524,-0.05393161245326752,0.006004186835155821,True,False,4,recoverable,False
22.766666666666016,2732,7,31,22,31,PLAYING,0.20544598996639252,0.0023131296038627625,0.09035622328519821,-0.05986385598997236,-0.05115343174196414,0.005779415365097703,True,False,4,recoverable,False
22.83333333333268,2740,7,31,22,31,PLAYING,0.20433808863162994,0.002163819968700409,0.09081632643938065,-0.057422634692773485,-0.04928881180493709,0.0056355334477046866,True,False,4,recoverable,False
22.89999999999934,2748,7,31,22,31,PLAYING,0.203130841255188,0.001976102590560913,0.09122001379728317,-0.05453373350300471,-0.04719751284447062,0.005497119586000765,True,False,4,recoverable,False
22.966666666666004,2756,7,31,22,31,PLAYING,0.20148257911205292,0.001705668866634369,0.09166508913040161,-0.05050065001000827,-0.044157646696542305,0.005308260236641208,True,False,4,recoverable,False
23.033333333332667,2764,7,31,22,31,PLAYING,0.19968359172344208,0.0014046281576156616,0.09212193638086319,-0.046051869264931676,-0.04082996260466462,0.005155419311821744,True,False,4,recoverable,False
23.09999999999933,2772,7,31,22,31,PLAYING,0.1978137344121933,0.0010897591710090637,0.09257971495389938,-0.04146597549520999,-0.037386635741385954,0.005046499988578538,True,False,4,recoverable,False
23.166666666665993,2780,7,31,22,31,PLAYING,0.19596101343631744,0.0007777512073516846,0.09301845729351044,-0.03692660990573857,-0.0339686977824378,0.004992615629480355,True,False,4,recoverable,False
23.233333333332656,2788,7,31,22,31,PLAYING,0.1941739320755005,0.0004878491163253784,0.09343700110912323,-0.03259196964221227,-0.030720487999592826,0.005037044068136162,True,False,4,recoverable,False
23.29999999999932,2796,7,31,22,31,PLAYING,0.19250023365020752,0.0002001449465751648,0.09381911158561707,-0.028520698376328948,-0.027666948098000143,0.00505798492231754,True,False,4,recoverable,False
23.36666666666598,2804,7,31,22,31,PLAYING,0.19084270298480988,-8.982419967651367e-05,0.09419897943735123,-0.024507667146895302,-0.024670231759914868,0.00511351107987303,True,False,4,recoverable,False
23.433333333332644,2812,7,31,22,31,PLAYING,0.1892356127500534,-0.0003680586814880371,0.09456580132246017,-0.020622615258909616,-0.021755428863654336,0.005200866608635729,True,False,4,recoverable,False
23.499999999999307,2820,7,31,22,31,PLAYING,0.18763971328735352,-0.000647231936454773,0.09491981565952301,-0.016753415348399962,-0.018874407047788956,0.005319987214534663,True,False,4,recoverable,False
23.56666666666597,2828,7,32,23,32,PLAYING,0.18661214411258698,-0.0008128955960273743,0.09511783719062805,-0.01457632207530515,-0.01733681490189145,0.005401605014419153,True,False,4,recoverable,False
23.633333333332633,2836,7,32,23,32,PLAYING,0.18549223244190216,-0.0010050684213638306,0.09539356082677841,-0.011883520537392509,-0.015213549087352205,0.005523912593121909,True,False,4,recoverable,False
23.699999999999296,2844,7,32,23,32,PLAYING,0.18366816639900208,-0.0013304054737091064,0.09581008553504944,-0.007589471111567489,-0.011796766821400734,0.005738682821933423,True,False,4,recoverable,False
23.76666666666596,2852,8,33,24,33,PLAYING,0.1810494065284729,-0.0017210394144058228,0.09575176239013672,-0.0024255191316341603,-0.005998614045064545,0.006050942976512256,True,False,4,recoverable,False
23.83333333333262,2860,8,33,24,33,PLAYING,0.17718002200126648,-0.0022187232971191406,0.0953083410859108,0.004097329310482972,0.002701100729813035,0.006585759751202299,True,False,4,recoverable,False
23.899999999999284,2868,8,33,24,33,PLAYING,0.17489184439182281,-0.0024935826659202576,0.09503956884145737,0.007682026274938467,0.007514045392010697,0.006916390532711954,True,False,4,recoverable,False
23.966666666665947,2876,8,33,24,33,PLAYING,0.1739540845155716,-0.0026179999113082886,0.09508899599313736,0.009367347814350504,0.009105005708711141,0.007090670901629286,True,False,3,recoverable,False
24.03333333333261,2884,8,34,25,34,PLAYING,0.17359086871147156,-0.0026840269565582275,0.09523536264896393,0.010208489753488247,0.009414438657959916,0.007162783751386402,True,False,3,recoverable,False
24.099999999999273,2892,8,34,25,34,PLAYING,0.17347370088100433,-0.0027169212698936462,0.09542600810527802,0.010638539953278535,0.009169891841061342,0.007198319903645306,True,False,3,recoverable,False
24.166666666665936,2900,8,35,26,35,PLAYING,0.17344807088375092,-0.002738542854785919,0.0956127718091011,0.010911582123535251,0.008771189915099314,0.0072196421186517855,True,False,3,recoverable,False
24.2333333333326,2908,8,36,27,36,PLAYING,0.1733415424823761,-0.002758242189884186,0.0957290306687355,0.011163004883869437,0.008602832759613974,0.007240547614999068,True,False,3,recoverable,False
24.29999999999926,2916,8,37,28,37,PLAYING,0.17300349473953247,-0.0027805864810943604,0.09564301371574402,0.011451303654031401,0.009212796926691065,0.007275003639024094,True,False,3,recoverable,False
24.366666666665925,2924,8,37,28,37,PLAYING,0.17292062938213348,-0.00279255211353302,0.09571224451065063,0.011606783538625431,0.0091020092342397,0.007287419872097109,True,False,3,recoverable,False
24.433333333332588,2932,8,37,28,37,PLAYING,0.17293882369995117,-0.0028039440512657166,0.09586092829704285,0.01174725951586744,0.008651738443864002,0.007295686471178741,True,False,3,recoverable,False
24.49999999999925,2940,8,37,28,37,PLAYING,0.1731303334236145,-0.0028338655829429626,0.09627024829387665,0.012106476920956169,0.00720330413120117,0.007314046267682375,True,False,3,recoverable,False
24.566666666665913,2948,8,37,28,37,PLAYING,0.1731577217578888,-0.0028467923402786255,0.09648112952709198,0.012255406668641914,0.006531900182555346,0.00731919960960903,True,False,3,recoverable,False
24.633333333332576,2956,8,37,28,37,PLAYING,0.1731797456741333,-0.0028614550828933716,0.09670602530241013,0.012419397637923041,0.00582967240513568,0.007326238347473987,True,False,3,recoverable,False
24.69999999999924,2964,8,37,28,37,PLAYING,0.17316994071006775,-0.00287628173828125,0.09691020846366882,0.012590553543779526,0.0052667851438915276,0.007334626945977221,True,False,3,recoverable,False
24.766666666665902,2972,8,37,28,37,PLAYING,0.17311498522758484,-0.0028834864497184753,0.09703338891267776,0.012665720037273202,0.00497661376712331,0.007337870280709956,True,False,3,recoverable,False
24.833333333332565,2980,8,38,29,38,PLAYING,0.17280252277851105,-0.002867661416530609,0.09676897525787354,0.01246751749218644,0.006096840392058375,0.007336841257759128,True,False,3,recoverable,False
24.899999999999228,2988,8,38,29,38,PLAYING,0.1728135049343109,-0.0028830841183662415,0.09696513414382935,0.01265592190779056,0.005478865493182666,0.007346534619986429,True,False,3,recoverable,False
24.96666666666589,2996,8,38,29,38,PLAYING,0.17289577424526215,-0.0029018670320510864,0.09725608676671982,0.012873532334389134,0.0044871510784886956,0.0073536417962738005,True,False,3,recoverable,False
25.033333333332553,3004,8,38,29,38,PLAYING,0.17295536398887634,-0.002917058765888214,0.09752736985683441,0.013042480746765263,0.003563824213756789,0.007356505130138269,True,False,3,recoverable,False
25.099999999999216,3012,8,38,29,38,PLAYING,0.17296954989433289,-0.002926185727119446,0.09773799777030945,0.013132130982395325,0.002873931182836204,0.00735550604447578,True,False,3,recoverable,False
25.16666666666588,3020,8,38,29,38,PLAYING,0.17293301224708557,-0.0029290542006492615,0.09786973148584366,0.013146598709450228,0.0024864764732103577,0.007352070572332186,True,False,3,recoverable,False
25.233333333332542,3028,8,39,30,39,PLAYING,0.1727253645658493,-0.002913855016231537,0.09771406650543213,0.012949654382531834,0.0031910571153520714,0.007345650554139495,True,False,3,recoverable,False
25.299999999999205,3036,8,39,30,39,PLAYING,0.17276209592819214,-0.002929791808128357,0.09795889258384705,0.013131381735190678,0.0023916678178912184,0.00735161644296842,True,False,3,recoverable,False
25.366666666665868,3044,8,39,30,39,PLAYING,0.17282181978225708,-0.0029459968209266663,0.09824167191982269,0.013310288196811,0.0014294882156503143,0.0073546153372239876,True,False,3,recoverable,False
25.43333333333253,3052,9,40,31,40,PLAYING,0.1726885288953781,-0.0029490217566490173,0.09833192825317383,0.013322334251546556,0.001254314666650204,0.007353694998169622,True,False,3,recoverable,False
25.499999999999194,3060,9,40,31,40,PLAYING,0.1726401448249817,-0.0029501616954803467,0.09843190014362335,0.013318455231054557,0.0009796161620195525,0.007350085856750388,True,False,3,recoverable,False
25.566666666665856,3068,9,40,31,40,PLAYING,0.17269021272659302,-0.0029556676745414734,0.09861442446708679,0.013367737693255315,0.00035548683321735917,0.007346693649926352,True,False,3,recoverable,False
25.63333333333252,3076,9,40,31,40,PLAYING,0.1726781725883484,-0.0029585063457489014,0.09875603765249252,0.013381444129852696,-8.611356770765684e-05,0.007342105057400554,True,False,3,recoverable,False
25.699999999999182,3084,9,41,32,41,PLAYING,0.17265771329402924,-0.002961680293083191,0.09889929741621017,0.01339944841040649,-0.0005294425131547871,0.007338333050000751,True,False,3,recoverable,False
25.766666666665845,3092,9,41,32,41,PLAYING,0.17259439826011658,-0.002962768077850342,0.09900333732366562,0.013389569869783473,-0.00081419488730958,0.007334436219022736,True,False,3,recoverable,False
25.833333333332508,3100,9,42,33,42,PLAYING,0.17276711761951447,-0.0029970407485961914,0.09953282028436661,0.013783499486087487,-0.002693761809203275,0.007345081845118488,True,False,3,recoverable,False
25.89999999999917,3108,9,42,33,42,PLAYING,0.17268717288970947,-0.0029870271682739258,0.0995708554983139,0.013632132357240232,-0.0027188545081709226,0.007332030089173685,True,False,3,recoverable,False
25.966666666665834,3116,9,42,33,42,PLAYING,0.17250244319438934,-0.002972520887851715,0.09948547929525375,0.013438297294274997,-0.002265085501921,0.00732342566732471,True,False,3,recoverable,False
26.033333333332497,3124,9,42,33,42,PLAYING,0.17233289778232574,-0.002961970865726471,0.09942462295293808,0.013294402180777277,-0.0019273025206564094,0.0073167416252774885,True,False,3,recoverable,False
26.09999999999916,3132,9,42,33,42,PLAYING,0.17222370207309723,-0.0029598623514175415,0.09945302456617355,0.0132577868363202,-0.00194649450138498,0.007314085366106869,True,False,3,recoverable,False
26.166666666665822,3140,9,42,33,42,PLAYING,0.17220811545848846,-0.002966269850730896,0.09960754960775375,0.013317495370232154,-0.002458882682069064,0.007312651443400609,True,False,3,recoverable,False
26.233333333332485,3148,9,43,34,43,PLAYING,0.17247611284255981,-0.0030059143900871277,0.10022005438804626,0.013762987559814118,-0.004712750601895483,0.00731925449179944,True,False,3,recoverable,False
26.299999999999148,3156,9,43,34,43,PLAYING,0.17235177755355835,-0.002992890775203705,0.1002136766910553,0.013577616994835739,-0.0045969647880020744,0.007306505306017848,True,False,3,recoverable,False
26.36666666666581,3164,9,43,34,43,PLAYING,0.17217715084552765,-0.0029796361923217773,0.10015342384576797,0.013402146305604072,-0.004279816867723997,0.007297018722685839,True,False,3,recoverable,False
26.433333333332474,3172,9,44,35,44,PLAYING,0.1721338927745819,-0.002984456717967987,0.1002943366765976,0.01343797781755783,-0.004717142907605383,0.007296118785561643,True,False,3,recoverable,False
26.499999999999137,3180,9,45,36,45,PLAYING,0.1721864491701126,-0.002996101975440979,0.10056142508983612,0.013552181334751782,-0.005650527510791496,0.00729236069227852,True,False,3,recoverable,False
26.5666666666658,3188,9,45,36,45,PLAYING,0.17206883430480957,-0.002989456057548523,0.10059057176113129,0.01345141119517148,-0.005681044481719411,0.007284326425991114,True,False,3,recoverable,False
26.633333333332462,3196,9,46,37,46,PLAYING,0.17208637297153473,-0.002998657524585724,0.1008177250623703,0.013537348298649724,-0.006458841007972141,0.007281324932267215,True,False,3,recoverable,False
26.699999999999125,3204,10,47,38,47,PLAYING,0.17290407419204712,-0.003025040030479431,0.10101768374443054,0.013966008974559864,-0.006690137030995095,0.007316334441845563,True,False,3,recoverable,False
26.766666666665788,3212,10,47,38,47,PLAYING,0.1739041656255722,-0.003059498965740204,0.10130585730075836,0.014486859466726437,-0.007382222783789555,0.0073541628908956845,True,False,3,recoverable,False
26.83333333333245,3220,10,47,38,47,PLAYING,0.17491930723190308,-0.003099508583545685,0.10159796476364136,0.015067155428316778,-0.008117518694985221,0.007381536223726237,True,False,3,recoverable,False
26.899999999999114,3228,10,47,38,47,PLAYING,0.17596188187599182,-0.003134526312351227,0.10186230391263962,0.015613499448558842,-0.008875242426560438,0.0074196489223613184,True,False,3,recoverable,False
26.966666666665777,3236,10,47,38,47,PLAYING,0.17702601850032806,-0.003137938678264618,0.10205304622650146,0.015718389857934417,-0.009316594583174439,0.0074164909174067655,True,False,3,recoverable,False
27.03333333333244,3244,10,47,38,47,PLAYING,0.17811183631420135,-0.0031231269240379333,0.1021941602230072,0.015652736260529408,-0.009620757104393331,0.007411427290223068,True,False,3,recoverable,False
27.099999999999103,3252,10,47,38,47,PLAYING,0.17921508848667145,-0.0031084269285202026,0.10229264944791794,0.015496517219271401,-0.009867654419703768,0.00739622414773636,True,False,3,recoverable,False
27.166666666665765,3260,10,47,38,47,PLAYING,0.1803240180015564,-0.003091290593147278,0.10236570239067078,0.015293464810104145,-0.010137584228719423,0.007399584448509044,True,False,3,recoverable,False
27.23333333333243,3268,10,47,38,47,PLAYING,0.18128101527690887,-0.003095671534538269,0.10258441418409348,0.015326866172234417,-0.010816252480006179,0.007418774561640856,True,False,3,recoverable,False
27.29999999999909,3276,10,47,38,47,PLAYING,0.18229760229587555,-0.0030856281518936157,0.10278823226690292,0.015237241122182561,-0.011601526754010045,0.007428631489808484,True,False,3,recoverable,False
27.366666666665754,3284,10,47,38,47,PLAYING,0.18331947922706604,-0.0030631348490715027,0.10297006368637085,0.014952167410409748,-0.012428264578631661,0.007414190813525218,True,False,3,recoverable,False
27.433333333332417,3292,10,47,38,47,PLAYING,0.18438127636909485,-0.003038659691810608,0.10314229130744934,0.014655590205619904,-0.013348757776554834,0.007398079247202812,True,False,3,recoverable,False
27.49999999999908,3300,10,47,38,47,PLAYING,0.18544860184192657,-0.0030114278197288513,0.10329526662826538,0.014382604730214486,-0.01427507013164235,0.007390252941152855,True,False,3,recoverable,False
27.566666666665743,3308,10,47,38,47,PLAYING,0.1865769326686859,-0.0029874593019485474,0.10344979166984558,0.014103329102653763,-0.015325811964775353,0.007372158198833448,True,False,3,recoverable,False
27.633333333332406,3316,10,47,38,47,PLAYING,0.18772080540657043,-0.002958633005619049,0.10356864333152771,0.013787248480608524,-0.016355633071939102,0.007346892745881173,True,False,3,recoverable,False
27.69999999999907,3324,10,47,38,47,PLAYING,0.18889224529266357,-0.0029263943433761597,0.10369687527418137,0.013459877701552955,-0.01743449927042765,0.007333236919610202,True,False,3,recoverable,False
27.76666666666573,3332,10,47,38,47,PLAYING,0.18967199325561523,-0.002974666655063629,0.10396014899015427,0.014135717360487493,-0.017775745780971443,0.00738040563422767,True,False,3,recoverable,False
27.833333333332394,3340,10,47,38,47,PLAYING,0.19053946435451508,-0.003026120364665985,0.10423288494348526,0.014822419188274304,-0.018262774933479088,0.007427279816615491,True,False,3,recoverable,False
27.899999999999057,3348,10,47,38,47,PLAYING,0.1914704442024231,-0.0030735433101654053,0.10451341420412064,0.015531369340040605,-0.018870554932931938,0.00747945251715349,True,False,3,recoverable,False
27.96666666666572,3356,10,47,38,47,PLAYING,0.19243736565113068,-0.003128334879875183,0.10478796064853668,0.01628543923737075,-0.01952621360407416,0.0075235322737936695,True,False,3,recoverable,False
28.033333333332383,3364,10,47,38,47,PLAYING,0.19342705607414246,-0.003180660307407379,0.1050417348742485,0.01703013931680099,-0.020191959039741723,0.0075639344296572816,True,False,3,recoverable,False
28.099999999999046,3372,10,47,38,47,PLAYING,0.19445167481899261,-0.0031688883900642395,0.10519329458475113,0.016996489921793378,-0.020328763628017388,0.007570185364494571,True,False,3,recoverable,False
28.16666666666571,3380,10,47,38,47,PLAYING,0.19551852345466614,-0.0031361058354377747,0.10529699176549911,0.016755511598328367,-0.02032811286708879,0.007563210149256329,True,False,3,recoverable,False
28.23333333333237,3388,10,47,38,47,PLAYING,0.19660653173923492,-0.0031095147132873535,0.10542343556880951,0.016544071267329315,-0.020473680432036505,0.007550968016238264,True,False,3,recoverable,False
28.299999999999034,3396,10,47,38,47,PLAYING,0.19773657619953156,-0.0030820444226264954,0.10548420250415802,0.016314413324389685,-0.020502741466527363,0.007536386947767124,True,False,3,recoverable,False
28.366666666665697,3404,10,47,38,47,PLAYING,0.19888082146644592,-0.00305117666721344,0.10554944723844528,0.016067371692211188,-0.020629591764037863,0.007529997669747274,True,False,3,recoverable,False
28.43333333333236,3412,10,47,38,47,PLAYING,0.20003966987133026,-0.0030184313654899597,0.10557655245065689,0.015807075687389097,-0.02070308835979941,0.007519414031489925,True,False,3,recoverable,False
28.499999999999023,3420,10,47,38,47,PLAYING,0.20128828287124634,-0.00298464298248291,0.10557030141353607,0.015478033234887438,-0.020795340603759305,0.007499845753857473,True,False,3,recoverable,False
28.566666666665686,3428,10,47,38,47,PLAYING,0.20225507020950317,-0.0029547512531280518,0.10574110597372055,0.015171380592168254,-0.021431098813162765,0.00747049862823739,True,False,3,recoverable,False
28.63333333333235,3436,10,47,38,47,PLAYING,0.20320609211921692,-0.0029267147183418274,0.10600551217794418,0.014908833739203486,-0.02246688337152653,0.0074602601225982725,True,False,3,recoverable,False
28.69999999999901,3444,10,47,38,47,PLAYING,0.20421399176120758,-0.0028996095061302185,0.10626440495252609,0.014631484481267307,-0.023602640149463765,0.007430198188158288,True,False,3,recoverable,False
28.766666666665675,3452,10,47,38,47,PLAYING,0.20526805520057678,-0.0028677061200141907,0.10651989281177521,0.014339568808577929,-0.024856991333644943,0.00741871369728863,True,False,3,recoverable,False
28.833333333332337,3460,10,47,38,47,PLAYING,0.20625896751880646,-0.002858571708202362,0.10679670423269272,0.014268839864283707,-0.025987630624769185,0.0073959263793101125,True,False,3,recoverable,False
28.899999999999,3468,10,47,38,47,PLAYING,0.20712652802467346,-0.0028903111815452576,0.10718175023794174,0.014728271605268219,-0.026961900767753084,0.007422766939830834,True,False,3,recoverable,False
28.966666666665663,3476,10,47,38,47,PLAYING,0.20804829895496368,-0.0029060766100883484,0.10753835737705231,0.01503433314568026,-0.02793781929010752,0.007443694193096624,True,False,3,recoverable,False
29.033333333332326,3484,10,47,38,47,PLAYING,0.20901116728782654,-0.0029113218188285828,0.10788063704967499,0.015213349982144473,-0.028874794728365738,0.007461514600838474,True,False,3,recoverable,False
29.09999999999899,3492,10,47,38,47,PLAYING,0.21000026166439056,-0.002906203269958496,0.10818714648485184,0.015307747945244837,-0.02981722756152706,0.00747830544687181,True,False,3,recoverable,False
29.16666666666565,3500,10,47,38,47,PLAYING,0.21099935472011566,-0.0029015392065048218,0.10848508030176163,0.015425140148976281,-0.03077650974900103,0.007502906945886356,True,False,3,recoverable,False
29.233333333332315,3508,10,47,38,47,PLAYING,0.21204742789268494,-0.002909228205680847,0.10873724520206451,0.015537905216497672,-0.03169528257333778,0.007495425505696475,True,False,3,recoverable,False
29.299999999998978,3516,10,47,38,47,PLAYING,0.21310125291347504,-0.0029129385948181152,0.1089630052447319,0.0156355754023502,-0.03259604818200817,0.007487472865205158,True,False,3,recoverable,False
29.36666666666564,3524,10,47,38,47,PLAYING,0.21415744721889496,-0.0029151812195777893,0.10916855931282043,0.01575760075498682,-0.03350454382981524,0.007498039808385029,True,False,3,recoverable,False
29.433333333332303,3532,10,47,38,47,PLAYING,0.21523265540599823,-0.0029210373759269714,0.10936226695775986,0.015897554116237254,-0.03442353915477405,0.007491174325709501,True,False,3,recoverable,False
29.499999999998966,3540,10,47,38,47,PLAYING,0.21613535284996033,-0.0029528066515922546,0.10958469659090042,0.016291472486183848,-0.03493490728196988,0.007507752964260892,True,False,3,recoverable,False
29.56666666666563,3548,10,47,38,47,PLAYING,0.21708494424819946,-0.0029881224036216736,0.10982213169336319,0.016812566427235383,-0.035570795607219076,0.0075383014544531494,True,False,3,recoverable,False
29.633333333332292,3556,10,47,38,47,PLAYING,0.21807114779949188,-0.003033846616744995,0.11005816608667374,0.01738357204804804,-0.03627180306043587,0.007561327421819478,True,False,3,recoverable,False
29.699999999998955,3564,10,47,38,47,PLAYING,0.2190859466791153,-0.0030773133039474487,0.11027863621711731,0.017958078083482577,-0.03699138509642538,0.007577543725020369,True,False,3,recoverable,False
29.766666666665618,3572,10,47,38,47,PLAYING,0.22010594606399536,-0.0031217485666275024,0.11048205196857452,0.01857408951994635,-0.03772095177922618,0.0076140762462079195,True,False,3,recoverable,False
29.83333333333228,3580,10,47,38,47,PLAYING,0.22112531960010529,-0.003141157329082489,0.11072312295436859,0.01887345967597349,-0.03849826552374748,0.0076143406428981425,True,False,3,recoverable,False
29.899999999998943,3588,10,47,38,47,PLAYING,0.22217656672000885,-0.0031308308243751526,0.11090973019599915,0.01881912853144555,-0.03909654944590448,0.00760553539681104,True,False,3,recoverable,False
29.966666666665606,3596,10,47,38,47,PLAYING,0.22325056791305542,-0.003105267882347107,0.11105693131685257,0.01866938761079089,-0.03963736254245073,0.00760406607698966,True,False,3,recoverable,False
30.03333333333227,3604,10,47,38,47,PLAYING,0.2243621051311493,-0.0030816197395324707,0.11118417978286743,0.01847693862618765,-0.04021153794934745,0.007587826346890866,True,False,3,recoverable,False
30.099999999998932,3612,10,47,38,47,PLAYING,0.2255031317472458,-0.003046952188014984,0.11128745228052139,0.018239312423570367,-0.04079938562785319,0.0075808622648788565,True,False,3,recoverable,False
30.166666666665595,3620,10,47,38,47,PLAYING,0.22669705748558044,-0.0030113011598587036,0.11136924475431442,0.017920316685450334,-0.041443801140861165,0.0075569793723087595,True,False,3,recoverable,False
30.233333333332258,3628,10,47,38,47,PLAYING,0.227769672870636,-0.0030243992805480957,0.11152398586273193,0.01818254432434185,-0.04199864669328176,0.007551849386974504,True,False,3,recoverable,False
30.29999999999892,3636,10,47,38,47,PLAYING,0.2288464456796646,-0.0030385032296180725,0.11167174577713013,0.018456853730721232,-0.04254942454614584,0.00756691301842539,True,False,3,recoverable,False
30.366666666665584,3644,10,47,38,47,PLAYING,0.22994017601013184,-0.00304238498210907,0.11177707463502884,0.01859972216917447,-0.04300044102395766,0.00757532432698113,True,False,3,recoverable,False
30.433333333332246,3652,10,47,38,47,PLAYING,0.23108863830566406,-0.0029798075556755066,0.11175448447465897,0.017952547805774502,-0.04285406853446863,0.007544867584739802,True,False,3,recoverable,False
30.49999999999891,3660,10,47,38,47,PLAYING,0.23230060935020447,-0.0029067620635032654,0.11171402782201767,0.017255422097916757,-0.042769215176427976,0.007519444437625458,True,False,3,recoverable,False
30.566666666665572,3668,10,47,38,47,PLAYING,0.23354153335094452,-0.0028371959924697876,0.11163966357707977,0.016543061474984612,-0.042681422142623285,0.007483727509150015,True,False,3,recoverable,False
30.633333333332235,3676,10,47,38,47,PLAYING,0.2348344624042511,-0.00276019424200058,0.11153162270784378,0.015761789917649045,-0.042611901041726276,0.0074459478977828885,True,False,3,recoverable,False
30.699999999998898,3684,10,47,38,47,PLAYING,0.23615744709968567,-0.0026703253388404846,0.11143811047077179,0.014884764297390976,-0.04272602194915227,0.007411444477337256,True,False,3,recoverable,False
30.76666666666556,3692,10,47,38,47,PLAYING,0.23720505833625793,-0.0026120543479919434,0.11153420805931091,0.014281525894714405,-0.0434363344090228,0.007385203585976954,True,False,3,recoverable,False
30.833333333332224,3700,10,47,38,47,PLAYING,0.23817984759807587,-0.002558290958404541,0.11165425926446915,0.013788356647290915,-0.04394806920272222,0.007378782277512248,True,False,3,recoverable,False
30.899999999998887,3708,10,47,38,47,PLAYING,0.23908764123916626,-0.002537749707698822,0.1118277758359909,0.013605927477762689,-0.04425773116298502,0.007378072122214281,True,False,3,recoverable,False
30.96666666666555,3716,10,47,38,47,PLAYING,0.24000431597232819,-0.0025378987193107605,0.11202195286750793,0.013650161763742962,-0.04461177683735306,0.007365121651414695,True,False,3,recoverable,False
31.033333333332212,3724,10,47,38,47,PLAYING,0.24089205265045166,-0.0025567859411239624,0.11226900666952133,0.013966565793290482,-0.044940540419001605,0.007385806596360451,True,False,3,recoverable,False
31.099999999998875,3732,10,47,38,47,PLAYING,0.2418394535779953,-0.002575486898422241,0.11248625814914703,0.0141940075891084,-0.04529229544220035,0.007394016138588936,True,False,3,recoverable,False
31.166666666665538,3740,10,47,38,47,PLAYING,0.242832213640213,-0.002589680254459381,0.11269722133874893,0.014405669815513398,-0.04569948512426534,0.007386569466258367,True,False,3,recoverable,False
31.2333333333322,3748,10,47,38,47,PLAYING,0.24382954835891724,-0.0026041939854621887,0.11287864297628403,0.014688110881210439,-0.04600359508872981,0.007438072807979442,True,False,3,recoverable,False
31.299999999998864,3756,10,47,38,47,PLAYING,0.24480491876602173,-0.0026235878467559814,0.11302728950977325,0.014997037142804624,-0.046207470585032766,0.00745421167865101,True,False,3,recoverable,False
31.366666666665527,3764,10,47,38,47,PLAYING,0.24580782651901245,-0.00262267142534256,0.11310432851314545,0.015081163301457708,-0.04625413041272728,0.007474918857677429,True,False,3,recoverable,False
31.43333333333219,3772,10,47,38,47,PLAYING,0.24677148461341858,-0.002616800367832184,0.1131603941321373,0.015121596228617092,-0.046188101213950145,0.0074759829061640925,True,False,3,recoverable,False
31.499999999998852,3780,10,47,38,47,PLAYING,0.24746373295783997,-0.0026037469506263733,0.11331342160701752,0.015033331299979918,-0.04641852290996088,0.007461312096582158,True,False,3,recoverable,False
31.566666666665515,3788,10,47,38,47,PLAYING,0.24823732674121857,-0.0026018470525741577,0.11348751187324524,0.015083281393856899,-0.04680891256513981,0.007486366591285682,True,False,3,recoverable,False
31.63333333333218,3796,10,47,38,47,PLAYING,0.2490520179271698,-0.0026112496852874756,0.11367309838533401,0.015249807500158074,-0.04726446419128108,0.007475056819007594,True,False,3,recoverable,False
31.69999999999884,3804,10,47,38,47,PLAYING,0.24988970160484314,-0.0026324987411499023,0.11388198286294937,0.015556028875044469,-0.04780511599270306,0.0074969457228158,True,False,3,recoverable,False
31.766666666665504,3812,10,47,38,47,PLAYING,0.25073370337486267,-0.0026485025882720947,0.11405149847269058,0.0158096918543642,-0.04832039845673547,0.007494080267554651,True,False,3,recoverable,False
31.833333333332167,3820,10,47,38,47,PLAYING,0.2515934407711029,-0.0026626884937286377,0.11419171094894409,0.016026924025366488,-0.04885540408225124,0.007522836442208603,True,False,3,recoverable,False
31.89999999999883,3828,10,47,38,47,PLAYING,0.25248098373413086,-0.0026808977127075195,0.1143331229686737,0.01630277696800195,-0.049434398965515686,0.00752803857192024,True,False,3,recoverable,False
31.966666666665493,3836,10,47,38,47,PLAYING,0.2533716559410095,-0.0027015209197998047,0.11444960534572601,0.01659443250228837,-0.05001522929986044,0.007562241706304368,True,False,3,recoverable,False
32.03333333333216,3844,10,47,38,47,PLAYING,0.25428304076194763,-0.0026754960417747498,0.11449386179447174,0.016413844548021694,-0.050251604528198275,0.007566942823269306,True,False,3,recoverable,False
32.09999999999882,3852,10,47,38,47,PLAYING,0.25525611639022827,-0.002627074718475342,0.11447962373495102,0.01587198786306278,-0.05030370732309132,0.007575224818305967,True,False,3,recoverable,False
32.166666666665485,3860,10,47,38,47,PLAYING,0.256252259016037,-0.0025605931878089905,0.1144326850771904,0.015314363941029332,-0.05035408504458393,0.007593970704612759,True,False,3,recoverable,False
32.23333333333215,3868,10,47,38,47,PLAYING,0.2573195993900299,-0.0025041401386260986,0.11435330659151077,0.014727516657609931,-0.050404090913980994,0.007583070772396584,True,False,3,recoverable,False
32.29999999999881,3876,10,47,38,47,PLAYING,0.2584072947502136,-0.002441816031932831,0.11424070596694946,0.014114750710164908,-0.05044385877678422,0.00756479847651734,True,False,3,recoverable,False
32.36666666666547,3884,10,47,38,47,PLAYING,0.2592821717262268,-0.002437397837638855,0.11427608877420425,0.014131683569630345,-0.050279223000847376,0.00759534365134049,True,False,3,recoverable,False
32.433333333332136,3892,10,47,38,47,PLAYING,0.2601536512374878,-0.0024404525756835938,0.11433670669794083,0.014242943089430608,-0.050045848389906174,0.007602998532097337,True,False,3,recoverable,False
32.4999999999988,3900,10,47,38,47,PLAYING,0.26110246777534485,-0.002431154251098633,0.11437936127185822,0.014272110314356462,-0.04982283145248877,0.007620649912091718,True,False,3,recoverable,False
32.56666666666546,3908,10,47,38,47,PLAYING,0.2621016502380371,-0.00243261456489563,0.11441954225301743,0.014346614214779575,-0.04965144363008901,0.007630626634857298,True,False,3,recoverable,False
32.633333333332125,3916,10,47,38,47,PLAYING,0.2630796432495117,-0.0024305060505867004,0.11446920782327652,0.014443349019477749,-0.049546856222137364,0.007643647166099786,True,False,3,recoverable,False
32.69999999999879,3924,10,47,38,47,PLAYING,0.2640596032142639,-0.0024372637271881104,0.1145191341638565,0.014578329037057356,-0.04948737799788563,0.007663684402666447,True,False,3,recoverable,False
32.76666666666545,3932,10,47,38,47,PLAYING,0.26506394147872925,-0.002443060278892517,0.11454442143440247,0.014693339362977427,-0.04942331937984285,0.007685345599475447,True,False,3,recoverable,False
32.833333333332114,3940,10,47,38,47,PLAYING,0.26611483097076416,-0.0024420395493507385,0.1145666167140007,0.014840189642228255,-0.049407737818873976,0.007708028813288141,True,False,3,recoverable,False
32.899999999998776,3948,10,47,38,47,PLAYING,0.26717641949653625,-0.002445131540298462,0.11455706506967545,0.014977980219223511,-0.04936822237056232,0.007717273914784958,True,False,3,recoverable,False
32.96666666666544,3956,10,47,38,47,PLAYING,0.2682579457759857,-0.002448447048664093,0.11453025788068771,0.015122065570916284,-0.04933520440612929,0.007756203771604391,True,False,3,recoverable,False
33.0333333333321,3964,10,47,38,47,PLAYING,0.26932546496391296,-0.0024486780166625977,0.11448456346988678,0.015284693267501046,-0.04928527079802365,0.007774610564511841,True,False,3,recoverable,False
33.099999999998765,3972,10,47,38,47,PLAYING,0.270461767911911,-0.002457350492477417,0.11440803110599518,0.015452703277843706,-0.04925764493031823,0.00779274714005047,True,False,3,recoverable,False
33.16666666666543,3980,10,47,38,47,PLAYING,0.2716098725795746,-0.0024561136960983276,0.11430178582668304,0.015607480591859239,-0.04921580348411573,0.007813175254220204,True,False,3,recoverable,False
33.23333333333209,3988,10,47,38,47,PLAYING,0.27266794443130493,-0.0024690255522727966,0.11423373222351074,0.01581371336919551,-0.049300494003606976,0.007829169641405308,True,False,3,recoverable,False
33.299999999998754,3996,10,47,38,47,PLAYING,0.2734910845756531,-0.0024883151054382324,0.11431457847356796,0.016162472884493188,-0.049763707848938465,0.00785508785533325,True,False,3,recoverable,False
33.36666666666542,4004,10,47,38,47,PLAYING,0.27435341477394104,-0.0025243163108825684,0.11441944539546967,0.016606107134443535,-0.05028553910732161,0.007877605772224678,True,False,3,recoverable,False
33.43333333333208,4012,10,47,38,47,PLAYING,0.27528810501098633,-0.0025421902537345886,0.11449629813432693,0.016947358722136208,-0.05085265884704825,0.007886168367071515,True,False,3,recoverable,False
33.49999999999874,4020,10,47,38,47,PLAYING,0.27622905373573303,-0.0025112181901931763,0.11449645459651947,0.01668587174096042,-0.05096409674841765,0.007895166799734012,True,False,3,recoverable,False
33.566666666665405,4028,10,47,38,47,PLAYING,0.27724137902259827,-0.0024388208985328674,0.11442044377326965,0.01600876539845034,-0.05091147613485726,0.007892659924361087,True,False,3,recoverable,False
33.63333333333207,4036,10,47,38,47,PLAYING,0.2782546281814575,-0.0023668259382247925,0.11432275921106339,0.015307842033316902,-0.050855171669431765,0.007895180010931415,True,False,3,recoverable,False
33.69999999999873,4044,10,47,38,47,PLAYING,0.2792820930480957,-0.0022773295640945435,0.11421007663011551,0.014450602394287276,-0.05087267547045094,0.007877309718227633,True,False,3,recoverable,False
33.766666666665394,4052,10,47,38,47,PLAYING,0.28030598163604736,-0.002191111445426941,0.11408448964357376,0.01361182865001019,-0.05089640656993664,0.007882526147558293,True,False,3,recoverable,False
33.83333333333206,4060,10,47,38,47,PLAYING,0.2811729609966278,-0.0021356716752052307,0.11404552310705185,0.01314726025146362,-0.05068454289367097,0.007887905717390729,True,False,3,recoverable,False
33.89999999999872,4068,10,47,38,47,PLAYING,0.28203314542770386,-0.0021020323038101196,0.11405787616968155,0.012922354122434431,-0.05046532249288092,0.007901015877314567,True,False,3,recoverable,False
33.96666666666538,4076,10,47,38,47,PLAYING,0.2829693555831909,-0.002088204026222229,0.1140868216753006,0.012833263019300491,-0.05034497279352858,0.007918492538354003,True,False,3,recoverable,False
34.033333333332045,4084,10,47,38,47,PLAYING,0.2839442193508148,-0.0020725801587104797,0.1141057163476944,0.012789405588656294,-0.05025035711922832,0.0079290577893418,True,False,3,recoverable,False
34.09999999999871,4092,10,47,38,47,PLAYING,0.2849433422088623,-0.0020639896392822266,0.11411014944314957,0.012782391155657314,-0.05017397978364965,0.007953574552723455,True,False,3,recoverable,False
34.16666666666537,4100,10,47,38,47,PLAYING,0.28596845269203186,-0.0020531490445137024,0.11410346627235413,0.012805060848098246,-0.050104123282526856,0.007965750812674362,True,False,3,recoverable,False
34.233333333332034,4108,10,47,38,47,PLAYING,0.28701120615005493,-0.0020517557859420776,0.11407038569450378,0.012832864337034572,-0.05002730706836724,0.00797703850630577,True,False,3,recoverable,False
34.2999999999987,4116,10,47,38,47,PLAYING,0.28808167576789856,-0.0020426735281944275,0.11402181535959244,0.012882286180010557,-0.04995556318592297,0.007991422062688837,True,False,3,recoverable,False
34.36666666666536,4124,10,47,38,47,PLAYING,0.28916648030281067,-0.0020444393157958984,0.11395040899515152,0.012950993105313977,-0.04988122518304036,0.008005897218647222,True,False,3,recoverable,False
34.43333333333202,4132,10,47,38,47,PLAYING,0.2902826964855194,-0.0020360276103019714,0.11385238170623779,0.013016920799332721,-0.04980596233986379,0.008021979704906179,True,False,3,recoverable,False
34.499999999998685,4140,10,47,38,47,PLAYING,0.29141685366630554,-0.0020328685641288757,0.11372559517621994,0.013050826953235655,-0.04968884846787852,0.00803379687221885,True,False,3,recoverable,False
34.56666666666535,4148,10,47,38,47,PLAYING,0.2925916016101837,-0.0019893646240234375,0.11352457106113434,0.012732137544685019,-0.049331292363724015,0.008040649436211118,True,False,3,recoverable,False
34.63333333333201,4156,10,47,38,47,PLAYING,0.29356974363327026,-0.00201202929019928,0.11346166580915451,0.01305302158756631,-0.04885189834964512,0.008068815652033335,True,False,3,recoverable,False
34.699999999998674,4164,10,47,38,47,PLAYING,0.29423779249191284,-0.0020382478833198547,0.11360884457826614,0.013481551306141882,-0.04882487850814692,0.008090516592980889,True,False,3,recoverable,False
34.76666666666534,4172,10,47,38,47,PLAYING,0.29492005705833435,-0.0020684003829956055,0.11379243433475494,0.013897164506119011,-0.04897978552859283,0.008103929538119697,True,False,3,recoverable,False
34.833333333332,4180,10,47,38,47,PLAYING,0.2956952750682831,-0.002093896269798279,0.11397106200456619,0.014246811746863118,-0.04923363660381769,0.00814022940968479,True,False,3,recoverable,False
34.89999999999866,4188,10,47,38,47,PLAYING,0.29655390977859497,-0.0021142661571502686,0.1141475960612297,0.01457523733940943,-0.049567896534395146,0.008142283790206635,True,False,3,recoverable,False
34.966666666665326,4196,10,47,38,47,PLAYING,0.29742154479026794,-0.002106383442878723,0.11428115516901016,0.014594335008026437,-0.04963168941314385,0.008138091383430118,True,False,3,recoverable,False
35.03333333333199,4204,10,47,38,47,PLAYING,0.29829341173171997,-0.002094261348247528,0.11438458412885666,0.014563432303869762,-0.0496477296949493,0.008163744638013712,True,False,3,recoverable,False
35.09999999999865,4212,10,47,38,47,PLAYING,0.299189954996109,-0.002079188823699951,0.11447571963071823,0.014560202454352775,-0.049664623144091084,0.00817389494754132,True,False,3,recoverable,False
35.166666666665314,4220,10,47,38,47,PLAYING,0.30010294914245605,-0.0020647048950195312,0.11454715579748154,0.01452290241592062,-0.04968843637360241,0.008202325238293312,True,False,3,recoverable,False
35.23333333333198,4228,10,47,38,47,PLAYING,0.3010518550872803,-0.002048082649707794,0.1146043986082077,0.014522599272399633,-0.04973142095504621,0.008213802757547538,True,False,3,recoverable,False
35.29999999999864,4236,10,47,38,47,PLAYING,0.30205368995666504,-0.0020445585250854492,0.11467023938894272,0.014589435676557468,-0.04985789408038506,0.008254052049984662,True,False,3,recoverable,False
35.3666666666653,4244,10,47,38,47,PLAYING,0.30305662751197815,-0.0020329952239990234,0.11471092700958252,0.014631292568760371,-0.049958693204174155,0.008283861386740154,True,False,3,recoverable,False
35.433333333331966,4252,10,47,38,47,PLAYING,0.3040660321712494,-0.002022087574005127,0.1147197037935257,0.014645243845158078,-0.05004176516668998,0.008328151079917395,True,False,3,recoverable,False
35.49999999999863,4260,10,47,38,47,PLAYING,0.3050106465816498,-0.0020142197608947754,0.1147286668419838,0.014758342074226214,-0.04999612938718654,0.008365054267193778,True,False,3,recoverable,False
35.56666666666529,4268,10,47,38,47,PLAYING,0.30595239996910095,-0.0020266249775886536,0.11476367712020874,0.014979194244210446,-0.049992540999399496,0.008394708164485884,True,False,3,recoverable,False
35.633333333331954,4276,10,47,38,47,PLAYING,0.30697643756866455,-0.0020342618227005005,0.11477019637823105,0.015211466102929954,-0.05000578089743626,0.008413920542159756,True,False,3,recoverable,False
35.69999999999862,4284,10,47,38,47,PLAYING,0.30800601840019226,-0.0020487308502197266,0.11476390063762665,0.015465217322076154,-0.050016594413665544,0.008451651220974049,True,False,3,recoverable,False
35.76666666666528,4292,10,47,38,47,PLAYING,0.30906942486763,-0.0020612552762031555,0.11474701762199402,0.015762266108824724,-0.05005842464547557,0.008471690184985552,True,False,3,recoverable,False
35.83333333333194,4300,10,47,38,47,PLAYING,0.3100787103176117,-0.002077043056488037,0.11478129029273987,0.0160913685452828,-0.050174322771121375,0.008497821346796835,True,False,3,recoverable,False
35.899999999998606,4308,10,47,38,47,PLAYING,0.3110876679420471,-0.002047225832939148,0.114741750061512,0.015861507801905372,-0.05002872990879553,0.00850900226410674,True,False,3,recoverable,False
35.96666666666527,4316,10,47,38,47,PLAYING,0.31215226650238037,-0.0020103901624679565,0.1146857962012291,0.015593388929146612,-0.04991482774781483,0.008508209185509137,True,False,3,recoverable,False
36.03333333333193,4324,10,47,38,47,PLAYING,0.3132492005825043,-0.001964263617992401,0.11458355188369751,0.015209204325963075,-0.04979917705466811,0.008515736713911945,True,False,3,recoverable,False
36.099999999998595,4332,10,47,38,47,PLAYING,0.31437310576438904,-0.001920446753501892,0.11446739733219147,0.014863686959839193,-0.0496909983416178,0.008507412611834561,True,False,3,recoverable,False
36.16666666666526,4340,10,47,38,47,PLAYING,0.31545114517211914,-0.001867339015007019,0.11432567238807678,0.014351759499372322,-0.04962507156470668,0.008505020728148993,True,False,3,recoverable,False
36.23333333333192,4348,10,47,38,47,PLAYING,0.31641289591789246,-0.0018040165305137634,0.11424002796411514,0.013793378853180743,-0.04976530163478216,0.00850843516130221,True,False,3,recoverable,False
36.29999999999858,4356,10,47,38,47,PLAYING,0.31742778420448303,-0.001754075288772583,0.11414772272109985,0.013287248804809072,-0.04996515228850672,0.00850669794938905,True,False,3,recoverable,False
36.366666666665246,4364,10,47,38,47,PLAYING,0.31848037242889404,-0.001696661114692688,0.11403822898864746,0.012800676934018191,-0.05021159647651497,0.008510290482331283,True,False,3,recoverable,False
36.43333333333191,4372,10,47,38,47,PLAYING,0.31934767961502075,-0.0017021819949150085,0.11405112594366074,0.012900946622484534,-0.0503030332318072,0.008527284154971039,True,False,3,recoverable,False
36.49999999999857,4380,10,47,38,47,PLAYING,0.3201363682746887,-0.0017410218715667725,0.11418334394693375,0.013459413153535948,-0.05035033018235552,0.008561333332888218,True,False,3,recoverable,False
36.566666666665235,4388,10,47,38,47,PLAYING,0.32100555300712585,-0.0017789676785469055,0.11430035531520844,0.013972127897932339,-0.050441816664217716,0.00858200966043243,True,False,3,recoverable,False
36.6333333333319,4396,10,47,38,47,PLAYING,0.3219220042228699,-0.001811206340789795,0.1144009530544281,0.014430851082876922,-0.050551565347347276,0.008623340276422463,True,False,3,recoverable,False
36.69999999999856,4404,10,47,38,47,PLAYING,0.32286491990089417,-0.0018555670976638794,0.11449747532606125,0.014977991990463091,-0.05070087885315791,0.008657389581901194,True,False,3,recoverable,False
36.76666666666522,4412,10,47,38,47,PLAYING,0.32384106516838074,-0.0018854662775993347,0.11456580460071564,0.015436654491943789,-0.05082362559715466,0.008680223688602853,True,False,3,recoverable,False
36.833333333331886,4420,10,47,38,47,PLAYING,0.3248163163661957,-0.0019337981939315796,0.11463189870119095,0.016014690322522836,-0.05097578336930786,0.008708067890615059,True,False,3,recoverable,False
36.89999999999855,4428,10,47,38,47,PLAYING,0.3258320689201355,-0.001976601779460907,0.11467000097036362,0.016557475398066387,-0.05112900727649434,0.008754122176172137,True,False,3,recoverable,False
36.96666666666521,4436,10,47,38,47,PLAYING,0.3268226385116577,-0.0020232051610946655,0.11470990628004074,0.017152253310208664,-0.05117188768289381,0.00877195544095651,True,False,3,recoverable,False
37.033333333331875,4444,10,47,38,47,PLAYING,0.32784104347229004,-0.0019749924540519714,0.11459691822528839,0.01672919233009407,-0.05048266867187995,0.008793818145655625,True,False,3,recoverable,False
37.09999999999854,4452,10,47,38,47,PLAYING,0.32866814732551575,-0.0019410476088523865,0.11461102217435837,0.01638317064194721,-0.05020228898073332,0.008803164441030171,True,False,3,recoverable,False
37.1666666666652,4460,10,47,38,47,PLAYING,0.32952865958213806,-0.0019094347953796387,0.1146613284945488,0.016128477381712972,-0.05006718301510203,0.008833033422641533,True,False,3,recoverable,False
37.23333333333186,4468,10,47,38,47,PLAYING,0.33046260476112366,-0.0018808692693710327,0.11471228301525116,0.01590243039479934,-0.05001173766169156,0.00882721225348313,True,False,3,recoverable,False
37.299999999998526,4476,10,47,38,47,PLAYING,0.33143317699432373,-0.001856282353401184,0.11475162953138351,0.015681123551119835,-0.049987503557104705,0.008832574864406523,True,False,3,recoverable,False
37.36666666666519,4484,10,47,38,47,PLAYING,0.33240777254104614,-0.001821860671043396,0.11477439850568771,0.015461613741581934,-0.049963720863419374,0.008850952455896306,True,False,3,recoverable,False
37.43333333333185,4492,10,47,38,47,PLAYING,0.33343473076820374,-0.0017903223633766174,0.11477667093276978,0.015243274326539033,-0.04995832917860821,0.008857608247252948,True,False,3,recoverable,False
37.499999999998515,4500,10,47,38,47,PLAYING,0.3344796895980835,-0.001761600375175476,0.11476058512926102,0.015033080958925402,-0.04996404994190544,0.008879694000771822,True,False,3,recoverable,False
37.56666666666518,4508,10,47,38,47,PLAYING,0.335526704788208,-0.0017251521348953247,0.1147213950753212,0.014816600933484088,-0.04995341302172988,0.008897324619159874,True,False,3,recoverable,False
37.63333333333184,4516,10,47,38,47,PLAYING,0.33660268783569336,-0.0016908571124076843,0.11465641856193542,0.01459938922302884,-0.049948660066619834,0.008931711441164834,True,False,3,recoverable,False
37.699999999998504,4524,10,47,38,47,PLAYING,0.337699294090271,-0.0016503557562828064,0.11456447839736938,0.014369824738230112,-0.049949737476666416,0.008948227449953775,True,False,3,recoverable,False
37.76666666666517,4532,10,47,38,47,PLAYING,0.3387768566608429,-0.0016243308782577515,0.11446718126535416,0.014221471935845028,-0.04992634917025711,0.008970459713785362,True,False,3,recoverable,False
37.83333333333183,4540,10,47,38,47,PLAYING,0.3397303521633148,-0.001652248203754425,0.114512600004673,0.01467842355731857,-0.04984408849677149,0.00899575682728739,True,False,3,recoverable,False
37.89999999999849,4548,10,47,38,47,PLAYING,0.3407566249370575,-0.0016710758209228516,0.11451341211795807,0.015018488106537053,-0.049782407646419245,0.009029607124392254,True,False,3,recoverable,False
37.966666666665155,4556,10,47,38,47,PLAYING,0.34181898832321167,-0.001685798168182373,0.1144862249493599,0.015330364232750193,-0.049719827501785,0.009060703675158615,True,False,3,recoverable,False
38.03333333333182,4564,10,47,38,47,PLAYING,0.3428981304168701,-0.0016984716057777405,0.11443015933036804,0.015617876871523821,-0.04964009280882268,0.009114236896254213,True,False,3,recoverable,False
38.09999999999848,4572,10,47,38,47,PLAYING,0.34400397539138794,-0.001708000898361206,0.114348404109478,0.01590020654983523,-0.049547779897783605,0.00914203249324612,True,False,3,recoverable,False
38.166666666665144,4580,10,47,38,47,PLAYING,0.34512168169021606,-0.001719653606414795,0.11424265801906586,0.01620590181965738,-0.04945076557797897,0.00918892027670988,True,False,3,recoverable,False
38.23333333333181,4588,10,47,38,47,PLAYING,0.3459221124649048,-0.0017286837100982666,0.11432456970214844,0.01644647406768298,-0.049887289968295716,0.009223284399449413,True,False,3,recoverable,False
38.29999999999847,4596,10,47,38,47,PLAYING,0.346684992313385,-0.001748405396938324,0.114427849650383,0.016794084790035902,-0.05029593049705676,0.009263514460344506,True,False,3,recoverable,False
38.36666666666513,4604,10,47,38,47,PLAYING,0.3474180996417999,-0.0017777234315872192,0.11456754058599472,0.0172566519130624,-0.05061171732985713,0.009301821837440554,True,False,3,recoverable,False
38.433333333331795,4612,10,47,38,47,PLAYING,0.34820109605789185,-0.0018228888511657715,0.11473144590854645,0.017862788873772663,-0.05105543214350299,0.009354067989756179,True,False,3,recoverable,False
38.49999999999846,4620,10,47,38,47,PLAYING,0.3490390181541443,-0.0018626973032951355,0.1148982048034668,0.01850974684832664,-0.0515673283198714,0.009379711775844733,True,False,3,recoverable,False
38.56666666666512,4628,10,47,38,47,PLAYING,0.3499162495136261,-0.00185413658618927,0.11498063802719116,0.0185590954263289,-0.051684906775208865,0.009403931146516912,True,False,3,recoverable,False
38.633333333331784,4636,10,47,38,47,PLAYING,0.3508422076702118,-0.0018371343612670898,0.11504777520895004,0.018523590255818147,-0.05176114812533514,0.009420919847358666,True,False,3,recoverable,False
38.69999999999845,4644,10,47,38,47,PLAYING,0.35180217027664185,-0.001823127269744873,0.11510227620601654,0.018483268575376494,-0.05186869663420865,0.009448177703291889,True,False,3,recoverable,False
38.76666666666511,4652,10,47,38,47,PLAYING,0.35278090834617615,-0.0018072500824928284,0.11513742804527283,0.0184552574641883,-0.05197893772164345,0.009467418064190172,True,False,3,recoverable,False
38.83333333333177,4660,10,47,38,47,PLAYING,0.35378649830818176,-0.0017732307314872742,0.1151309683918953,0.018197241017651772,-0.05193532592723957,0.009488382269721618,True,False,3,recoverable,False
38.899999999998435,4668,10,47,38,47,PLAYING,0.3548431992530823,-0.0017103105783462524,0.11506840586662292,0.017639046636528058,-0.05169654569799756,0.009478001218491502,True,False,3,recoverable,False
38.9666666666651,4676,10,47,38,47,PLAYING,0.3558899760246277,-0.001648925244808197,0.11499862372875214,0.017108587777207016,-0.05147765382451305,0.00950421784488565,True,False,3,recoverable,False
39.03333333333176,4684,10,47,38,47,PLAYING,0.356926828622818,-0.0015894770622253418,0.11492983251810074,0.01662822151761989,-0.05130595862757984,0.009524617006661028,True,False,3,recoverable,False
39.099999999998424,4692,10,47,38,47,PLAYING,0.3579934537410736,-0.0015219151973724365,0.11482387036085129,0.01602191352953694,-0.05114421713300321,0.00953945459377679,True,False,3,recoverable,False
39.16666666666509,4700,10,47,38,47,PLAYING,0.3590796887874603,-0.0014533698558807373,0.11467056721448898,0.015372693761620987,-0.05090992087166212,0.009541293225413127,True,False,3,recoverable,False
39.23333333333175,4708,10,47,38,47,PLAYING,0.36002570390701294,-0.0014496147632598877,0.11469030380249023,0.015513310515602327,-0.05066801106260438,0.009565267319688094,True,False,3,recoverable,False
39.29999999999841,4716,10,47,38,47,PLAYING,0.36106419563293457,-0.0014396458864212036,0.11466028541326523,0.015527227041322844,-0.05038258113775443,0.009595972138895221,True,False,3,recoverable,False
39.366666666665076,4724,10,47,38,47,PLAYING,0.3621574640274048,-0.001428171992301941,0.11459730565547943,0.015541678002745772,-0.05006192214374896,0.009598796495414268,True,False,3,recoverable,False
39.43333333333174,4732,10,47,38,47,PLAYING,0.36326318979263306,-0.0014071017503738403,0.11449457705020905,0.015475598782007582,-0.049682596626268796,0.009607499546470598,True,False,3,recoverable,False
39.4999999999984,4740,10,47,38,47,PLAYING,0.3644101619720459,-0.0013796985149383545,0.11435442417860031,0.01527147081485077,-0.04921794100139968,0.009618606229321825,True,False,3,recoverable,False
39.566666666665064,4748,10,47,38,47,PLAYING,0.36558642983436584,-0.001344054937362671,0.1141873300075531,0.015052852496830596,-0.04874699064086787,0.009620663708643834,True,False,3,recoverable,False
39.63333333333173,4756,10,47,38,47,PLAYING,0.3667924404144287,-0.0013124868273735046,0.1139918640255928,0.01482978799673919,-0.048275092774165154,0.009627252148564532,True,False,3,recoverable,False
39.69999999999839,4764,10,47,38,47,PLAYING,0.36798107624053955,-0.0012759268283843994,0.11377134174108505,0.014585062048573145,-0.04781147894514752,0.009644496024544135,True,False,3,recoverable,False
39.76666666666505,4772,10,47,38,47,PLAYING,0.36887893080711365,-0.0012485608458518982,0.11374250799417496,0.01441103681029227,-0.047871858288391786,0.009642190985315801,True,False,3,recoverable,False
39.833333333331716,4780,10,47,38,47,PLAYING,0.3698172867298126,-0.0012186840176582336,0.11368866264820099,0.014196957551403877,-0.04796289143339323,0.009672466082233116,True,False,3,recoverable,False
39.89999999999838,4788,10,47,38,47,PLAYING,0.3708387613296509,-0.0011891499161720276,0.11362376064062119,0.013995894386634889,-0.04814387464031764,0.00966884657723498,True,False,3,recoverable,False
39.96666666666504,4796,10,47,38,47,PLAYING,0.37186765670776367,-0.0011607110500335693,0.11355007439851761,0.013806166479236184,-0.04836925251149033,0.009689745610285265,True,False,3,recoverable,False
40.033333333331704,4804,10,47,38,47,PLAYING,0.3724946677684784,-0.001194775104522705,0.11371208727359772,0.014261156828977472,-0.048542202449173455,0.009707050271413518,True,False,3,recoverable,False
40.09999999999837,4812,10,47,38,47,PLAYING,0.3732009828090668,-0.0012325048446655273,0.11390087753534317,0.014757176802629808,-0.04881287644126832,0.009723087364673736,True,False,3,recoverable,False
40.16666666666503,4820,10,47,38,47,PLAYING,0.3739789128303528,-0.0012679323554039001,0.11409278213977814,0.015247926603890988,-0.049184811594917485,0.00976068018820652,True,False,3,recoverable,False
40.23333333333169,4828,10,47,38,47,PLAYING,0.3747970461845398,-0.0013061463832855225,0.11428142338991165,0.015761658520051094,-0.049589593093835586,0.009771959910345733,True,False,3,recoverable,False
40.299999999998356,4836,10,47,38,47,PLAYING,0.3756433129310608,-0.0013411343097686768,0.11445314437150955,0.016260748233264618,-0.050029775602139795,0.00980630220635591,True,False,3,recoverable,False
40.36666666666502,4844,10,47,38,47,PLAYING,0.37651607394218445,-0.0013797283172607422,0.11461888998746872,0.0167866739251327,-0.05048752063801093,0.009815668683569364,True,False,3,recoverable,False
40.43333333333168,4852,10,47,38,47,PLAYING,0.37741386890411377,-0.001389048993587494,0.11473628878593445,0.01702325943249751,-0.05074660053592588,0.009838896063028029,True,False,3,recoverable,False
40.499999999998344,4860,10,47,38,47,PLAYING,0.3783583641052246,-0.0013545230031013489,0.11478835344314575,0.016810194081366144,-0.05072711143952013,0.009841695924274302,True,False,3,recoverable,False
40.56666666666501,4868,10,47,38,47,PLAYING,0.3792944848537445,-0.001323893666267395,0.11482669413089752,0.016607983675094813,-0.050685867210037476,0.009853831869695826,True,False,3,recoverable,False
40.63333333333167,4876,10,47,38,47,PLAYING,0.3802599310874939,-0.00128946453332901,0.1148495227098465,0.016400793046164173,-0.05065671476002557,0.009854854170175969,True,False,3,recoverable,False
40.69999999999833,4884,10,47,38,47,PLAYING,0.3812251389026642,-0.0012433379888534546,0.11484411358833313,0.01603530551240093,-0.05065476191703842,0.009859814189874727,True,False,3,recoverable,False
40.766666666664996,4892,10,47,38,47,PLAYING,0.3821640908718109,-0.0012017115950584412,0.11483912914991379,0.015712522905501496,-0.050677590082222876,0.009867079483415432,True,False,3,recoverable,False
40.83333333333166,4900,10,47,38,47,PLAYING,0.3831348717212677,-0.0011482760310173035,0.11482037603855133,0.015347667146301723,-0.05067655439917064,0.009875380266816227,True,False,3,recoverable,False
40.89999999999832,4908,10,47,38,47,PLAYING,0.384143203496933,-0.001098737120628357,0.11477550864219666,0.014932631097648863,-0.050677218182414156,0.009868733983113581,True,False,3,recoverable,False
40.966666666664985,4916,10,47,38,47,PLAYING,0.3849738836288452,-0.0010702237486839294,0.1147845908999443,0.01479920032325432,-0.05039241676119192,0.009887195486703138,True,False,3,recoverable,False
41.03333333333165,4924,10,47,38,47,PLAYING,0.38586491346359253,-0.0010498091578483582,0.11478441208600998,0.014698850486946677,-0.050188524356935854,0.009920415235591291,True,False,3,recoverable,False
41.09999999999831,4932,10,47,38,47,PLAYING,0.3868347108364105,-0.0010432079434394836,0.11481565237045288,0.014750821630015475,-0.050112077511275076,0.009929706470979684,True,False,3,recoverable,False
41.16666666666497,4940,10,47,38,47,PLAYING,0.3878296911716461,-0.0010341331362724304,0.11483773589134216,0.014839572934792879,-0.0500534226563027,0.009953053584024459,True,False,3,recoverable,False
41.233333333331636,4948,10,47,38,47,PLAYING,0.38884279131889343,-0.0010400190949440002,0.114839106798172,0.014957207964742225,-0.04997637053200655,0.009962033599648206,True,False,3,recoverable,False
41.2999999999983,4956,10,47,38,47,PLAYING,0.3898860514163971,-0.00103691965341568,0.11481726169586182,0.015069580398996373,-0.04988888776572301,0.00997479954161202,True,False,3,recoverable,False
41.36666666666496,4964,10,47,38,47,PLAYING,0.39095398783683777,-0.0010383054614067078,0.11477334052324295,0.015195075547078966,-0.04979937807817384,0.010000826147245337,True,False,3,recoverable,False
41.433333333331625,4972,10,47,38,47,PLAYING,0.39205271005630493,-0.0010350942611694336,0.11470620334148407,0.015331001556743317,-0.04970388969377944,0.010013721079860366,True,False,3,recoverable,False
41.49999999999829,4980,10,47,38,47,PLAYING,0.39317476749420166,-0.0010417774319648743,0.11461247503757477,0.015475955458164957,-0.049605869860205175,0.01002965049449205,True,False,3,recoverable,False
41.56666666666495,4988,10,47,38,47,PLAYING,0.3943188190460205,-0.0010378733277320862,0.11449112743139267,0.015626596788581876,-0.049485079972384466,0.010043773633019231,True,False,3,recoverable,False
41.63333333333161,4996,10,47,38,47,PLAYING,0.39531686902046204,-0.0010506883263587952,0.11444435268640518,0.015859757585986147,-0.049580926095659054,0.010063884299173823,True,False,3,recoverable,False
41.699999999998276,5004,10,47,38,47,PLAYING,0.3961660861968994,-0.0010630786418914795,0.11450405418872833,0.016158396086057673,-0.0499890774950042,0.01008886814142827,True,False,3,recoverable,False
41.76666666666494,5012,10,47,38,47,PLAYING,0.397087037563324,-0.001073680818080902,0.11453203856945038,0.016333047772963984,-0.05045978738667479,0.010110544642878902,True,False,3,recoverable,False
41.8333333333316,5020,10,47,38,47,PLAYING,0.39805251359939575,-0.001075543463230133,0.11455714702606201,0.016538685668789768,-0.05099669872986515,0.01013196928522178,True,False,3,recoverable,False
41.899999999998265,5028,10,47,38,47,PLAYING,0.3990342617034912,-0.0010412335395812988,0.11450455337762833,0.01630171823213733,-0.05124614192369397,0.010152162979337414,True,False,3,recoverable,False
41.96666666666493,5036,10,47,38,47,PLAYING,0.4000976085662842,-0.0009452998638153076,0.11435771733522415,0.015434396438945576,-0.05115725964544084,0.010151069646620946,True,False,3,recoverable,False
42.03333333333159,5044,10,47,38,47,PLAYING,0.40117600560188293,-0.0008455291390419006,0.1141870766878128,0.014491173052551511,-0.05110458536841752,0.010153032118501673,True,False,3,recoverable,False
42.09999999999825,5052,10,47,38,47,PLAYING,0.4019070565700531,-0.0008213445544242859,0.11422798037528992,0.014384712309832048,-0.050824947163362284,0.010163679990164336,True,False,3,recoverable,False
42.166666666664916,5060,10,47,38,47,PLAYING,0.40270254015922546,-0.0008102506399154663,0.11430588364601135,0.014394538556619613,-0.050608658892502684,0.01019815684387893,True,False,3,recoverable,False
42.23333333333158,5068,10,47,38,47,PLAYING,0.4035569727420807,-0.0007920488715171814,0.11438316106796265,0.014419240798711314,-0.05044826331183464,0.010230270425006046,True,False,3,recoverable,False
42.29999999999824,5076,10,47,38,47,PLAYING,0.40447285771369934,-0.0007772445678710938,0.11444360017776489,0.014418486591290827,-0.05031803532903239,0.010261611227845895,True,False,3,recoverable,False
42.366666666664905,5084,10,47,38,47,PLAYING,0.40538737177848816,-0.0007657557725906372,0.11450675874948502,0.01446714044452805,-0.050198069549371,0.010274249838395167,True,False,3,recoverable,False
42.43333333333157,5092,10,47,38,47,PLAYING,0.4063408076763153,-0.0007444694638252258,0.11456001549959183,0.014498988207121775,-0.050148250744464065,0.01032213879844625,True,False,3,recoverable,False
42.49999999999823,5100,10,47,38,47,PLAYING,0.4072940945625305,-0.0007431209087371826,0.11460862308740616,0.014590793590778878,-0.05008173788620773,0.010337478192304536,True,False,3,recoverable,False
42.566666666664894,5108,10,47,38,47,PLAYING,0.40826159715652466,-0.0007404088973999023,0.11462824046611786,0.014666175946467947,-0.050004760846799036,0.010337210571544282,True,False,3,recoverable,False
42.63333333333156,5116,10,47,38,47,PLAYING,0.409266859292984,-0.0007303804159164429,0.11462904512882233,0.01475297467531266,-0.049938599915034285,0.010359699377554262,True,False,3,recoverable,False
42.69999999999822,5124,10,47,38,47,PLAYING,0.4102926552295685,-0.0007234588265419006,0.11460574716329575,0.01484185543166576,-0.04984707357912342,0.010363773478348682,True,False,3,recoverable,False
42.76666666666488,5132,10,47,38,47,PLAYING,0.41133207082748413,-0.0007128268480300903,0.11454829573631287,0.014907594132774551,-0.049732523636633094,0.010370874193571782,True,False,3,recoverable,False
42.833333333331545,5140,10,47,38,47,PLAYING,0.41239869594573975,-0.0007099881768226624,0.11447396874427795,0.015008955977743555,-0.049628750974763915,0.010391848681911273,True,False,3,recoverable,False
42.89999999999821,5148,10,47,38,47,PLAYING,0.41347652673721313,-0.0007033497095108032,0.11436790227890015,0.015092020373381447,-0.049492791071748386,0.010407411166745904,True,False,3,recoverable,False
42.96666666666487,5156,10,47,38,47,PLAYING,0.4146135747432709,-0.0006977841258049011,0.11424291878938675,0.015214817897479626,-0.04939105614382898,0.010434570317426449,True,False,3,recoverable,False
43.033333333331534,5164,10,47,38,47,PLAYING,0.415785551071167,-0.000703170895576477,0.11409822851419449,0.015367549165177566,-0.04929284795649768,0.010460139448724239,True,False,3,recoverable,False
43.0999999999982,5172,10,47,38,47,PLAYING,0.4165811538696289,-0.0006988495588302612,0.11411724239587784,0.015460770290153004,-0.04960520419510372,0.010490593561389075,True,False,3,recoverable,False
43.16666666666486,5180,10,47,38,47,PLAYING,0.4174184203147888,-0.0007003992795944214,0.1141604334115982,0.015545827887328507,-0.05010492689980441,0.0105022844217838,True,False,3,recoverable,False
43.23333333333152,5188,10,47,38,47,PLAYING,0.41830968856811523,-0.0006963908672332764,0.11420177668333054,0.01565632170570777,-0.050693493682442005,0.010525840399567391,True,False,3,recoverable,False
43.299999999998185,5196,10,47,38,47,PLAYING,0.41924670338630676,-0.0006993040442466736,0.11422504484653473,0.015742175327196278,-0.05132690377782578,0.01054569795671979,True,False,3,recoverable,False
43.36666666666485,5204,10,47,38,47,PLAYING,0.4202093780040741,-0.0006551444530487061,0.11418108642101288,0.015359206556499645,-0.05159873198357394,0.010536438282175254,True,False,3,recoverable,False
43.43333333333151,5212,10,47,38,47,PLAYING,0.42111682891845703,-0.0005990490317344666,0.11416155844926834,0.014853693745708503,-0.05148496610299585,0.010551642402502788,True,False,3,recoverable,False
43.499999999998174,5220,10,47,38,47,PLAYING,0.42186689376831055,-0.0005853176116943359,0.11425565928220749,0.014848657406782234,-0.051242073389594946,0.010568768236510626,True,False,3,recoverable,False
43.56666666666484,5228,10,47,38,47,PLAYING,0.422676146030426,-0.0005731657147407532,0.11435259133577347,0.014865575166572395,-0.05106491618827911,0.010589017417271194,True,False,3,recoverable,False
43.6333333333315,5236,10,47,38,47,PLAYING,0.4235595762729645,-0.0005601048469543457,0.11444119364023209,0.014852692595185594,-0.05095117823331228,0.010612044259604752,True,False,3,recoverable,False
43.69999999999816,5244,10,47,38,47,PLAYING,0.42444324493408203,-0.0005491301417350769,0.11452692002058029,0.014904198099524315,-0.05083994886098558,0.010628862549504394,True,False,3,recoverable,False
43.766666666664825,5252,10,47,38,47,PLAYING,0.42535966634750366,-0.0005413442850112915,0.11460129171609879,0.01497086144242964,-0.050749516717012194,0.010656514851978686,True,False,3,recoverable,False
43.83333333333149,5260,10,47,38,47,PLAYING,0.42630505561828613,-0.0005275309085845947,0.11468041688203812,0.015036737898854513,-0.05074349006940739,0.010673577497703873,True,False,3,recoverable,False
43.89999999999815,5268,10,47,38,47,PLAYING,0.4272550344467163,-0.0005133450031280518,0.1147063747048378,0.015045135911894785,-0.050635806819395016,0.010692859926468472,True,False,3,recoverable,False
43.966666666664814,5276,10,47,38,47,PLAYING,0.4282376170158386,-0.0004987716674804688,0.1147187352180481,0.015086663346711375,-0.050536551287830155,0.01070565643972624,True,False,3,recoverable,False
44.03333333333148,5284,10,47,38,47,PLAYING,0.4292084872722626,-0.0004832074046134949,0.1146848276257515,0.015003413556833385,-0.050313616159474696,0.010722742222701663,True,False,3,recoverable,False
44.09999999999814,5292,10,47,38,47,PLAYING,0.4302027225494385,-0.0004718899726867676,0.11466722935438156,0.015072367530498345,-0.05011895827987429,0.010747167269315436,True,False,3,recoverable,False
44.1666666666648,5300,10,47,38,47,PLAYING,0.43123722076416016,-0.00047607719898223877,0.11465520411729813,0.015271498696398923,-0.04997695234726547,0.010760772515224427,True,False,3,recoverable,False
44.233333333331466,5308,10,47,38,47,PLAYING,0.43226444721221924,-0.00048051774501800537,0.11461225152015686,0.01546991431711942,-0.04979108567501468,0.010778722727146245,True,False,3,recoverable,False
44.29999999999813,5316,10,47,38,47,PLAYING,0.43332916498184204,-0.00047807395458221436,0.11454398930072784,0.015588657989344164,-0.04953394820270121,0.010798131296957938,True,False,3,recoverable,False
44.36666666666479,5324,10,47,38,47,PLAYING,0.4344498813152313,-0.00045415014028549194,0.11441747099161148,0.01536899895966291,-0.04902957213237515,0.01081041809491268,True,False,3,recoverable,False
44.433333333331454,5332,10,47,38,47,PLAYING,0.4355957508087158,-0.0004231184720993042,0.11426053941249847,0.015146404413687036,-0.04850660047549399,0.010838518456691646,True,False,3,recoverable,False
44.49999999999812,5340,10,47,38,47,PLAYING,0.43661680817604065,-0.00040024518966674805,0.11419378966093063,0.015041002862317198,-0.048258272343079986,0.010835780186415631,True,False,3,recoverable,False
44.56666666666478,5348,10,47,38,47,PLAYING,0.43736839294433594,-0.00039345771074295044,0.11425887048244476,0.01504563883132337,-0.04834018958695868,0.010875833989759156,True,False,3,recoverable,False
44.63333333333144,5356,10,47,38,47,PLAYING,0.438250869512558,-0.00037601590156555176,0.1143152192234993,0.014963181275272215,-0.04856843845340024,0.01087546221158382,True,False,3,recoverable,False
44.699999999998106,5364,10,47,38,47,PLAYING,0.4391794800758362,-0.0003502592444419861,0.11435052752494812,0.014803411423234844,-0.04882983669133611,0.010902777335056507,True,False,3,recoverable,False
44.76666666666477,5372,10,47,38,47,PLAYING,0.44015151262283325,-0.00031501054763793945,0.11435850709676743,0.014597366605899739,-0.04912329031673809,0.01091833373850071,True,False,3,recoverable,False
44.83333333333143,5380,10,47,38,47,PLAYING,0.44114217162132263,-0.0002816319465637207,0.11434357613325119,0.014378322771450399,-0.049421849800603705,0.010944366298706737,True,False,3,recoverable,False
44.899999999998094,5388,10,47,38,47,PLAYING,0.4421599507331848,-0.0002457946538925171,0.11430813372135162,0.014150041741970798,-0.04973235955910162,0.010942672531400053,True,False,3,recoverable,False
44.96666666666476,5396,10,47,38,47,PLAYING,0.44320958852767944,-0.00020971894264221191,0.11423727869987488,0.01388378761901897,-0.05004570351607695,0.010951477546449073,True,False,3,recoverable,False
45.03333333333142,5404,10,47,38,47,PLAYING,0.4440893828868866,-0.00022849440574645996,0.11429841816425323,0.01423631862808931,-0.0502128337864096,0.010966086302607743,True,False,3,recoverable,False
45.09999999999808,5412,10,47,38,47,PLAYING,0.4449425935745239,-0.00026744604110717773,0.11441927403211594,0.014835079508408405,-0.05032346770017047,0.010997243927859508,True,False,3,recoverable,False
45.166666666664746,5420,10,47,38,47,PLAYING,0.44586220383644104,-0.0003017708659172058,0.1145169585943222,0.01536588353297082,-0.05047532621753292,0.011030985704908298,True,False,3,recoverable,False
45.23333333333141,5428,10,47,38,47,PLAYING,0.4468211531639099,-0.0003386661410331726,0.11460288614034653,0.015916829022880826,-0.05063574996871542,0.011040991511205666,True,False,3,recoverable,False
45.29999999999807,5436,10,47,38,47,PLAYING,0.4477998614311218,-0.00037191063165664673,0.11466387659311295,0.016446405876133736,-0.05080786110714014,0.01107519239865955,True,False,3,recoverable,False
45.366666666664734,5444,10,47,38,47,PLAYING,0.4487919807434082,-0.0003659054636955261,0.11465716361999512,0.016512670887114254,-0.05060660112369928,0.011081278918615874,True,False,3,recoverable,False
45.4333333333314,5452,10,47,38,47,PLAYING,0.44982483983039856,-0.0003247186541557312,0.11461467295885086,0.016271885551912623,-0.05024776947278431,0.011086113069001964,True,False,3,recoverable,False
45.49999999999806,5460,10,47,38,47,PLAYING,0.45067110657691956,-0.0002830326557159424,0.11465029418468475,0.0159146899781313,-0.05008099394375727,0.011078906607889996,True,False,3,recoverable,False
45.56666666666472,5468,10,47,38,47,PLAYING,0.4515351951122284,-0.00023674219846725464,0.11466212570667267,0.015562869889403697,-0.04991654370570239,0.011086156029056504,True,False,3,recoverable,False
45.633333333331386,5476,10,47,38,47,PLAYING,0.45245829224586487,-0.00020031630992889404,0.11469030380249023,0.01532504283422688,-0.04984624001307666,0.011069518611541207,True,False,3,recoverable,False
45.69999999999805,5484,10,47,38,47,PLAYING,0.453416645526886,-0.00017188489437103271,0.11471590399742126,0.015133887702149408,-0.04983161014269312,0.01106580527217707,True,False,3,recoverable,False
45.76666666666471,5492,10,47,38,47,PLAYING,0.45436787605285645,-0.00014718621969223022,0.11474896967411041,0.01500842024259868,-0.04985587106018174,0.011068293115687399,True,False,3,recoverable,False
45.833333333331375,5500,10,47,38,47,PLAYING,0.4552917182445526,-0.00012625008821487427,0.11476100981235504,0.01491937403100425,-0.04982722284740752,0.011073521414334823,True,False,3,recoverable,False
45.89999999999804,5508,10,47,38,47,PLAYING,0.4563382863998413,-0.00010246038436889648,0.11475307494401932,0.014769619827778885,-0.049922389217767704,0.011089533907717471,True,False,3,recoverable,False
45.9666666666647,5516,10,47,38,47,PLAYING,0.4573904573917389,-8.206069469451904e-05,0.11473467200994492,0.014683501178420705,-0.05000700337943781,0.011103283331352968,True,False,3,recoverable,False
46.03333333333136,5524,10,47,38,47,PLAYING,0.4584401249885559,-5.8613717555999756e-05,0.11468419432640076,0.014586627398714892,-0.05005332011506305,0.011112317736078448,True,False,3,recoverable,False
46.099999999998026,5532,10,47,38,47,PLAYING,0.45950013399124146,-3.574788570404053e-05,0.11459657549858093,0.014462809504787925,-0.05007569145073715,0.011130879236711218,True,False,3,recoverable,False
46.16666666666469,5540,10,47,38,47,PLAYING,0.4606051445007324,-6.191432476043701e-06,0.11448415368795395,0.01431902663459122,-0.05010233641091718,0.011137345764645487,True,False,3,recoverable,False
46.23333333333135,5548,10,47,38,47,PLAYING,0.4617176353931427,1.3925135135650635e-05,0.11435346305370331,0.014231492009909447,-0.05012927958562025,0.01115915129375062,True,False,3,recoverable,False
46.299999999998015,5556,10,47,38,47,PLAYING,0.4628601670265198,3.4846365451812744e-05,0.11418870091438293,0.01414704760018987,-0.050154863761544405,0.0111516381146397,True,False,3,recoverable,False
46.36666666666468,5564,10,47,38,47,PLAYING,0.4640241861343384,7.262080907821655e-05,0.11397413909435272,0.013880112675898046,-0.05004498340792342,0.011165876623659888,True,False,3,recoverable,False
46.43333333333134,5572,10,47,38,47,PLAYING,0.4652032256126404,0.000148870050907135,0.11369204521179199,0.013189426791261494,-0.04964649535330266,0.01114460720491047,True,False,3,recoverable,False
46.499999999998,5580,10,47,38,47,PLAYING,0.4659965932369232,0.00019146502017974854,0.11367236822843552,0.012831577163348106,-0.04967588817926456,0.011173157057431002,True,False,3,recoverable,False
46.566666666664666,5588,10,47,38,47,PLAYING,0.46687981486320496,0.0002289116382598877,0.11366566270589828,0.012554756669952032,-0.049823048351135484,0.011162520312562228,True,False,3,recoverable,False
46.63333333333133,5596,10,47,38,47,PLAYING,0.4678248465061188,0.0002659261226654053,0.11363203823566437,0.012223287128119426,-0.05003644405087756,0.011165872003124423,True,False,3,recoverable,False
46.69999999999799,5604,10,47,38,47,PLAYING,0.46880680322647095,0.00031553953886032104,0.11357538402080536,0.011864679993789177,-0.05028092293890048,0.011171380706932108,True,False,3,recoverable,False
46.766666666664655,5612,10,47,38,47,PLAYING,0.46953871846199036,0.0002968832850456238,0.11367246508598328,0.012175166726507846,-0.05026186630073857,0.011183217495553635,True,False,3,recoverable,False
46.83333333333132,5620,10,47,38,47,PLAYING,0.4702759087085724,0.0002620294690132141,0.11381564289331436,0.012666484050796966,-0.050274030943030644,0.011234358730569506,True,False,3,recoverable,False
46.89999999999798,5628,10,47,38,47,PLAYING,0.4710990786552429,0.00022722035646438599,0.11396398395299911,0.0131920799160238,-0.05037603705025596,0.011252876678554732,True,False,3,recoverable,False
46.96666666666464,5636,10,47,38,47,PLAYING,0.47198188304901123,0.00023546069860458374,0.11404819041490555,0.0132571555036848,-0.05017472194959124,0.011264198890842566,True,False,3,recoverable,False
47.033333333331306,5644,10,47,38,47,PLAYING,0.47290778160095215,0.0002377033233642578,0.11413213610649109,0.013351589690548442,-0.05001829837164164,0.011294985563813377,True,False,3,recoverable,False
47.09999999999797,5652,10,47,38,47,PLAYING,0.4738479554653168,0.00024235248565673828,0.1142100840806961,0.013452451712673742,-0.049865222455321774,0.011315558220524527,True,False,3,recoverable,False
47.16666666666463,5660,10,47,38,47,PLAYING,0.47483646869659424,0.0002375096082687378,0.1142740547657013,0.013601657081860763,-0.04973384575616349,0.011337467357902097,True,False,3,recoverable,False
47.233333333331295,5668,10,47,38,47,PLAYING,0.47581684589385986,0.0002318844199180603,0.11433035135269165,0.013790626012418695,-0.049591758497056465,0.011344083534669449,True,False,3,recoverable,False
47.29999999999796,5676,10,47,38,47,PLAYING,0.4768258035182953,0.00022646039724349976,0.11436572670936584,0.013982335992911168,-0.04946209186145816,0.01138111599794731,True,False,3,recoverable,False
47.36666666666462,5684,10,47,38,47,PLAYING,0.4778535068035126,0.0002134963870048523,0.11438585072755814,0.01420391050233059,-0.04933075592592769,0.011403749607485216,True,False,3,recoverable,False
47.433333333331284,5692,10,47,38,47,PLAYING,0.47887760400772095,0.00020600855350494385,0.1143861711025238,0.0144285640838455,-0.049182241756559206,0.011442274403860782,True,False,3,recoverable,False
47.49999999999795,5700,10,47,38,47,PLAYING,0.47988957166671753,0.00019109249114990234,0.11440379172563553,0.014677719573961839,-0.049122414990774604,0.011467551047248946,True,False,3,recoverable,False
47.56666666666461,5708,10,47,38,47,PLAYING,0.480721116065979,0.00015785545110702515,0.11453020572662354,0.015102425522002567,-0.04932904847798773,0.011495808805831006,True,False,3,recoverable,False
47.63333333333127,5716,10,47,38,47,PLAYING,0.48163902759552,0.00013228505849838257,0.11461925506591797,0.015461775347195197,-0.049530200655851404,0.011524069841866628,True,False,3,recoverable,False
47.699999999997935,5724,10,47,38,47,PLAYING,0.48255929350852966,0.0001233518123626709,0.11466192454099655,0.015692657953370975,-0.04970311779765875,0.011555172977041603,True,False,3,recoverable,False
47.7666666666646,5732,10,47,38,47,PLAYING,0.4835529327392578,0.0001014024019241333,0.11471245437860489,0.016019227652313676,-0.04996118928918661,0.01157876615032344,True,False,3,recoverable,False
47.83333333333126,5740,10,47,38,47,PLAYING,0.4845406711101532,0.00012317299842834473,0.1146799772977829,0.015908366649083645,-0.04991692277939774,0.011615728935983479,True,False,3,recoverable,False
47.899999999997924,5748,10,47,38,47,PLAYING,0.4855864942073822,0.00016427785158157349,0.11460887640714645,0.015597632116116937,-0.049779549740823534,0.01160554512097954,True,False,3,recoverable,False
47.96666666666459,5756,10,47,38,47,PLAYING,0.4866492450237274,0.00021374225616455078,0.11450498551130295,0.015194168490040598,-0.04960633911342587,0.011622721258224587,True,False,3,recoverable,False
48.03333333333125,5764,10,47,38,47,PLAYING,0.48770761489868164,0.0002731233835220337,0.11437483131885529,0.01467275180309248,-0.04946727814265907,0.01160828527219723,True,False,3,recoverable,False
48.09999999999791,5772,10,47,38,47,PLAYING,0.4886589050292969,0.0003374367952346802,0.11431403458118439,0.01408352187214912,-0.04959191408880977,0.011618830236541106,True,False,3,recoverable,False
48.166666666664575,5780,10,47,38,47,PLAYING,0.48965024948120117,0.0004040524363517761,0.11424964666366577,0.013558166009428172,-0.04977157029103754,0.011633809168181842,True,False,3,recoverable,False
48.23333333333124,5788,10,47,38,47,PLAYING,0.4906739890575409,0.0004555806517601013,0.1141631230711937,0.013096985081048378,-0.04995094570024731,0.011634572513065908,True,False,3,recoverable,False
48.2999999999979,5796,10,47,38,47,PLAYING,0.49173325300216675,0.0005160048604011536,0.11405240744352341,0.012617823647211472,-0.050156085147435824,0.01163923416863547,True,False,3,recoverable,False
48.366666666664564,5804,10,47,38,47,PLAYING,0.49252888560295105,0.0005155131220817566,0.11407387256622314,0.012714295206156584,-0.05007701882330863,0.011669345580685362,True,False,3,recoverable,False
48.43333333333123,5812,10,47,38,47,PLAYING,0.4933498203754425,0.0004856884479522705,0.1141817718744278,0.013170850278329501,-0.05004239477248233,0.011688993048679095,True,False,3,recoverable,False
48.49999999999789,5820,10,47,38,47,PLAYING,0.49422821402549744,0.0004500076174736023,0.11428608745336533,0.013639242754991067,-0.05007120399318134,0.011719818229272401,True,False,3,recoverable,False
48.56666666666455,5828,10,47,38,47,PLAYING,0.49514681100845337,0.0004248395562171936,0.11438062787055969,0.014086740534120618,-0.05011151635391285,0.01175229437829995,True,False,3,recoverable,False
48.633333333331215,5836,10,47,38,47,PLAYING,0.496091365814209,0.0003917217254638672,0.11446838825941086,0.014588719636100055,-0.05018786906367119,0.011766416951530701,True,False,3,recoverable,False
48.69999999999788,5844,10,47,38,47,PLAYING,0.4970623254776001,0.00035677850246429443,0.11454092711210251,0.01510617243016788,-0.0502595025540534,0.011808594736777096,True,False,3,recoverable,False
48.76666666666454,5852,10,47,38,47,PLAYING,0.4980601668357849,0.0003134682774543762,0.11459872126579285,0.015663242349035836,-0.050341899029314734,0.011836220444007593,True,False,3,recoverable,False
48.833333333331204,5860,10,47,38,47,PLAYING,0.49906742572784424,0.00026992708444595337,0.11464361101388931,0.016272757063704884,-0.05043313228178161,0.011885960050451422,True,False,3,recoverable,False
48.89999999999787,5868,10,47,38,47,PLAYING,0.5001024603843689,0.00022673606872558594,0.1146618202328682,0.01685119902837948,-0.050501030511854506,0.011914854059443104,True,False,3,recoverable,False
48.96666666666453,5876,10,47,38,47,PLAYING,0.5009692907333374,0.0001915767788887024,0.11476676166057587,0.01738603976590352,-0.050722161263851366,0.01196055720504238,True,False,3,recoverable,False
49.03333333333119,5884,10,47,38,47,PLAYING,0.5018485188484192,0.00023409724235534668,0.11478512734174728,0.016997782658546855,-0.050536520884868666,0.011964991495505704,True,False,3,recoverable,False
49.099999999997856,5892,10,47,38,47,PLAYING,0.5027807354927063,0.0002818554639816284,0.11479509621858597,0.01659339722332856,-0.05041258768028944,0.011960502959769434,True,False,3,recoverable,False
49.16666666666452,5900,10,47,38,47,PLAYING,0.5037448406219482,0.00032886117696762085,0.11479251831769943,0.01619390804290393,-0.05033054990580474,0.011994018206046628,True,False,3,recoverable,False
49.23333333333118,5908,10,47,38,47,PLAYING,0.5047655701637268,0.00037923455238342285,0.11477707326412201,0.015794101193222214,-0.050278729807181996,0.011984614735754986,True,False,3,recoverable,False
49.299999999997844,5916,10,47,38,47,PLAYING,0.5058000683784485,0.00043469667434692383,0.11474050581455231,0.01539630727672223,-0.05023691816837073,0.01199712826224323,True,False,3,recoverable,False
49.36666666666451,5924,10,47,38,47,PLAYING,0.5068557262420654,0.0004859641194343567,0.11468372493982315,0.014996027888431674,-0.05019330853388079,0.012020348524217947,True,False,3,recoverable,False
49.43333333333117,5932,10,47,38,47,PLAYING,0.5079443454742432,0.0005449280142784119,0.11460090428590775,0.014579527065453112,-0.050162016389913126,0.012028940473066834,True,False,3,recoverable,False
49.49999999999783,5940,10,47,38,47,PLAYING,0.5090509653091431,0.0006023421883583069,0.11448559910058975,0.014131028105254989,-0.05012064852172303,0.012050922047001793,True,False,3,recoverable,False
49.566666666664496,5948,10,47,38,47,PLAYING,0.5101559162139893,0.0006607621908187866,0.11434910446405411,0.013729537539226365,-0.05007553962762199,0.012058025819529692,True,False,3,recoverable,False
49.63333333333116,5956,10,47,38,47,PLAYING,0.5110320448875427,0.000644974410533905,0.11440353095531464,0.014090403721581513,-0.049881098054381144,0.012106787319834313,True,False,3,recoverable,False
49.69999999999782,5964,10,47,38,47,PLAYING,0.512010395526886,0.0006314143538475037,0.11445048451423645,0.014391732468302245,-0.04980230819105761,0.01211059366446312,True,False,3,recoverable,False
49.766666666664484,5972,10,47,38,47,PLAYING,0.5130241513252258,0.0006238967180252075,0.11444424092769623,0.0146548769618463,-0.049625960122959126,0.012148515976435464,True,False,3,recoverable,False
49.83333333333115,5980,10,47,38,47,PLAYING,0.5140912532806396,0.0006256997585296631,0.11441106349229813,0.014874032557716604,-0.0494684126861819,0.012165760058879246,True,False,3,recoverable,False
49.89999999999781,5988,10,47,38,47,PLAYING,0.5151606202125549,0.0006227642297744751,0.11435572057962418,0.015088191435646391,-0.04927823667205857,0.01219952766667374,True,False,3,recoverable,False
49.96666666666447,5996,10,47,38,47,PLAYING,0.5163124799728394,0.0006403103470802307,0.11424233019351959,0.015053150294761638,-0.04894996918792705,0.012204514985308978,True,False,3,recoverable,False
50.033333333331136,6004,10,47,38,47,PLAYING,0.5174323916435242,0.0006591379642486572,0.11411154270172119,0.015043890446351899,-0.04858420125973897,0.012222477901822144,True,False,3,recoverable,False
50.0999999999978,6012,10,47,38,47,PLAYING,0.5182479023933411,0.000668354332447052,0.1141618937253952,0.015022963379227691,-0.04874203262995247,0.012235941140335055,True,False,3,recoverable,False
50.16666666666446,6020,10,47,38,47,PLAYING,0.5190684199333191,0.0006797760725021362,0.1142316535115242,0.014996059045735277,-0.049036755259276095,0.012269029764900982,True,False,3,recoverable,False
50.233333333331124,6028,10,47,38,47,PLAYING,0.519939124584198,0.0006876364350318909,0.11429911106824875,0.014984015751001728,-0.04939147177976276,0.012281279082592422,True,False,3,recoverable,False
50.29999999999779,6036,10,47,38,47,PLAYING,0.5206858515739441,0.0006822496652603149,0.11440300941467285,0.015129992641118443,-0.0495196927619287,0.01231349480946077,True,False,3,recoverable,False
50.36666666666445,6044,10,47,38,47,PLAYING,0.5215319395065308,0.000665128231048584,0.1145511120557785,0.015440936728468439,-0.0498288479247106,0.012327620046904816,True,False,3,recoverable,False
50.43333333333111,6052,10,47,38,47,PLAYING,0.5224039554595947,0.0006466507911682129,0.11470425128936768,0.0158216410937014,-0.050195859638848726,0.012351468067580426,True,False,3,recoverable,False
50.499999999997776,6060,10,47,38,47,PLAYING,0.5232745409011841,0.0006175264716148376,0.11485016345977783,0.016271252388330854,-0.05058603145880908,0.012388843111536018,True,False,3,recoverable,False
50.56666666666444,6068,10,47,38,47,PLAYING,0.5241796970367432,0.0005958005785942078,0.11497805267572403,0.01673833088364909,-0.05099861384093225,0.012433484926033642,True,False,3,recoverable,False
50.6333333333311,6076,10,47,38,47,PLAYING,0.5251287221908569,0.0005577132105827332,0.11508319526910782,0.017228790567143736,-0.05139631003992624,0.012457680168339215,True,False,3,recoverable,False
50.699999999997765,6084,10,47,38,47,PLAYING,0.5261178016662598,0.0005272701382637024,0.11517065763473511,0.017708086537481123,-0.05181909461941018,0.012466806066488104,True,False,3,recoverable,False
50.76666666666443,6092,10,47,38,47,PLAYING,0.5270974040031433,0.0004956275224685669,0.11524616181850433,0.018256167190974514,-0.05223583266090386,0.012493390130851779,True,False,3,recoverable,False
50.83333333333109,6100,10,47,38,47,PLAYING,0.5281198620796204,0.0004901215434074402,0.11525389552116394,0.01842477447450697,-0.05241212411656175,0.012509785905456079,True,False,3,recoverable,False
50.89999999999775,6108,10,47,38,47,PLAYING,0.5291767716407776,0.0005277097225189209,0.11519765853881836,0.01823527032439947,-0.05233998074772016,0.012518161400659492,True,False,3,recoverable,False
50.966666666664416,6116,10,47,38,47,PLAYING,0.5302543044090271,0.0005654096603393555,0.1151006892323494,0.01795120877537155,-0.052208790176576717,0.012520396338494657,True,False,3,recoverable,False
51.03333333333108,6124,10,47,38,47,PLAYING,0.5313590168952942,0.0006029009819030762,0.11499848961830139,0.017728442839931254,-0.05211154860509119,0.01254080575067842,True,False,3,recoverable,False
51.09999999999774,6132,10,47,38,47,PLAYING,0.5323465466499329,0.0006094276905059814,0.11498203128576279,0.017820284245820793,-0.05212845578027822,0.012546319308377494,True,False,3,recoverable,False
51.166666666664405,6140,10,47,38,47,PLAYING,0.5332777500152588,0.0005954504013061523,0.11502470076084137,0.018120116566369984,-0.052173698804613505,0.012588589680532598,True,False,3,recoverable,False
51.23333333333107,6148,10,47,38,47,PLAYING,0.5342816710472107,0.0005892813205718994,0.11502832919359207,0.018286311855742778,-0.052234488742641465,0.012617434398426554,True,False,3,recoverable,False
51.29999999999773,6156,10,47,38,47,PLAYING,0.535322904586792,0.0005944147706031799,0.1150045394897461,0.018393286125919072,-0.05228098200839539,0.012623968044027612,True,False,3,recoverable,False
51.36666666666439,6164,10,47,38,47,PLAYING,0.5363706350326538,0.0005972757935523987,0.11496471613645554,0.018539006213770526,-0.05234290949035759,0.012661042604384602,True,False,3,recoverable,False
51.433333333331056,6172,10,47,38,47,PLAYING,0.5374493598937988,0.0006497427821159363,0.11483166366815567,0.018129741779343587,-0.052015385867022666,0.01265928181694562,True,False,3,recoverable,False
51.49999999999772,6180,10,47,38,47,PLAYING,0.5385652184486389,0.0007340908050537109,0.11463478207588196,0.01735498802236514,-0.05149267837211938,0.012658571656911945,True,False,3,recoverable,False
51.56666666666438,6188,10,47,38,47,PLAYING,0.5397267937660217,0.0008187443017959595,0.11442668735980988,0.016613525670174514,-0.05098868353171036,0.01264119228000794,True,False,3,recoverable,False
51.633333333331045,6196,10,47,38,47,PLAYING,0.5409186482429504,0.0008977949619293213,0.11418101191520691,0.01584858016224157,-0.050465006137894175,0.012628463504499627,True,False,3,recoverable,False
51.69999999999771,6204,10,47,38,47,PLAYING,0.542129635810852,0.0009872391819953918,0.11389799416065216,0.01505931622438193,-0.0499179864697544,0.012614908129767219,True,False,3,recoverable,False
51.76666666666437,6212,10,47,38,47,PLAYING,0.543331503868103,0.0010713040828704834,0.11359239369630814,0.014266432786471175,-0.049277162622016896,0.012600861074158396,True,False,3,recoverable,False
51.83333333333103,6220,10,47,38,47,PLAYING,0.544381856918335,0.0011216402053833008,0.11340560764074326,0.013923305449585838,-0.04844154115363912,0.012605179307207087,True,False,3,recoverable,False
51.899999999997696,6228,10,47,38,47,PLAYING,0.5451841950416565,0.0011422783136367798,0.11343066394329071,0.013817256922805879,-0.04821390899738834,0.012601623462629857,True,False,3,recoverable,False
51.96666666666436,6236,10,47,38,47,PLAYING,0.5459698438644409,0.0011318549513816833,0.11353330314159393,0.014064479925803251,-0.04810074856695576,0.012636524718996279,True,False,3,recoverable,False
52.03333333333102,6244,10,47,38,47,PLAYING,0.5468346476554871,0.0011185333132743835,0.11365707963705063,0.014347857771201629,-0.048041268201346236,0.01264840682248429,True,False,3,recoverable,False
52.099999999997685,6252,10,47,38,47,PLAYING,0.5477489233016968,0.0011101514101028442,0.11374963819980621,0.014537897056698282,-0.04799632627756525,0.012667476857831546,True,False,3,recoverable,False
52.16666666666435,6260,10,47,38,47,PLAYING,0.5487064719200134,0.0011107325553894043,0.1138320118188858,0.014733625190853552,-0.04798065292388188,0.012688110716143923,True,False,3,recoverable,False
52.23333333333101,6268,10,47,38,47,PLAYING,0.5496863126754761,0.0011061131954193115,0.11389977484941483,0.014939700127154443,-0.04795892787537536,0.012696236747923704,True,False,3,recoverable,False
52.299999999997674,6276,10,47,38,47,PLAYING,0.5506682395935059,0.0011058896780014038,0.11394082754850388,0.015106154648887642,-0.04793530505291131,0.012724737733970709,True,False,3,recoverable,False
52.36666666666434,6284,10,47,38,47,PLAYING,0.551669180393219,0.0011022239923477173,0.11396470665931702,0.015291039279900758,-0.047891234340748864,0.012730446823726087,True,False,3,recoverable,False
52.433333333331,6292,10,47,38,47,PLAYING,0.5526753664016724,0.0011188313364982605,0.11394260078668594,0.015288484297794419,-0.0476965093314422,0.012749778129607339,True,False,3,recoverable,False
52.49999999999766,6300,10,47,38,47,PLAYING,0.553571343421936,0.0011333674192428589,0.1139768734574318,0.015268196370102065,-0.047627297393063574,0.012746139846261287,True,False,3,recoverable,False
52.566666666664325,6308,10,47,38,47,PLAYING,0.5543107390403748,0.001149781048297882,0.11410027742385864,0.015255295823357946,-0.04783465111187559,0.01275838799947867,True,False,3,recoverable,False
52.63333333333099,6316,10,47,38,47,PLAYING,0.5551426410675049,0.0011555403470993042,0.11423012614250183,0.015274314653059614,-0.04818298547830636,0.012762772820883686,True,False,3,recoverable,False
52.69999999999765,6324,10,47,38,47,PLAYING,0.5560131669044495,0.0011580809950828552,0.11437108367681503,0.01539010001135632,-0.04859545153086833,0.012757848000907391,True,False,3,recoverable,False
52.766666666664314,6332,10,47,38,47,PLAYING,0.5568841099739075,0.001154683530330658,0.11451055854558945,0.015585914289287536,-0.04904302193266508,0.012782840559859844,True,False,3,recoverable,False
52.83333333333098,6340,10,47,38,47,PLAYING,0.5577529072761536,0.0011470839381217957,0.11463369429111481,0.015819253919640112,-0.04947565562891369,0.01277994576387944,True,False,3,recoverable,False
52.89999999999764,6348,10,47,38,47,PLAYING,0.558647096157074,0.0011381208896636963,0.11474019289016724,0.01604406732982161,-0.04995579403999434,0.01281791602150324,True,False,3,recoverable,False
52.9666666666643,6356,10,47,38,47,PLAYING,0.5595462918281555,0.0011310353875160217,0.11483080685138702,0.016299375684219495,-0.05044815990030467,0.01284161500175265,True,False,3,recoverable,False
53.033333333330965,6364,10,47,38,47,PLAYING,0.560467541217804,0.0011201351881027222,0.11490246653556824,0.016544594810086976,-0.05093273036193719,0.01287974121119836,True,False,3,recoverable,False
53.09999999999763,6372,10,47,38,47,PLAYING,0.5614190101623535,0.0011195987462997437,0.11495863646268845,0.01673347731371706,-0.05137980378025854,0.012904006806850577,True,False,3,recoverable,False
53.16666666666429,6380,10,47,38,47,PLAYING,0.5624232888221741,0.001185677945613861,0.11488258093595505,0.016144272760260307,-0.051309479673473865,0.012914118593184108,True,False,3,recoverable,False
53.233333333330954,6388,10,47,38,47,PLAYING,0.5634875297546387,0.001253768801689148,0.11477752774953842,0.01552123334920074,-0.05123787039821416,0.012900457190877273,True,False,3,recoverable,False
53.29999999999762,6396,10,47,38,47,PLAYING,0.564583420753479,0.0013272464275360107,0.11465290933847427,0.01488773344221092,-0.051186328897369425,0.012902246439061084,True,False,3,recoverable,False
53.36666666666428,6404,10,47,38,47,PLAYING,0.5656903982162476,0.0013935193419456482,0.11452150344848633,0.014310940291427265,-0.05109316541564735,0.012887770808758968,True,False,3,recoverable,False
53.43333333333094,6412,10,47,38,47,PLAYING,0.5665328502655029,0.0013863444328308105,0.1145530641078949,0.014457476888204233,-0.050774354994826715,0.012912663594247526,True,False,3,recoverable,False
53.499999999997605,6420,10,47,38,47,PLAYING,0.5674512982368469,0.0013910606503486633,0.11458700150251389,0.014605074535422645,-0.050507194643150684,0.012933832317104583,True,False,3,recoverable,False
53.56666666666427,6428,10,47,38,47,PLAYING,0.5684307217597961,0.0014052540063858032,0.11460112780332565,0.014602451361605519,-0.050224341125946904,0.012931354574808157,True,False,3,recoverable,False
53.63333333333093,6436,10,47,38,47,PLAYING,0.5693816542625427,0.0014116615056991577,0.11464158445596695,0.014680911666598078,-0.050038019612385014,0.012965939193445818,True,False,3,recoverable,False
53.699999999997594,6444,10,47,38,47,PLAYING,0.5703871250152588,0.0014205873012542725,0.11466192454099655,0.01473578822849769,-0.049878821867605755,0.012971443311528294,True,False,3,recoverable,False
53.76666666666426,6452,10,47,38,47,PLAYING,0.5714043378829956,0.0014373809099197388,0.1146683394908905,0.014809284885459623,-0.04971310487289806,0.012978896695364986,True,False,3,recoverable,False
53.83333333333092,6460,10,47,38,47,PLAYING,0.5724514722824097,0.0014472827315330505,0.11464828997850418,0.014859133266959193,-0.049559361798386374,0.01298582086212003,True,False,3,recoverable,False
53.89999999999758,6468,10,47,38,47,PLAYING,0.5735164880752563,0.001452907919883728,0.11462616175413132,0.014970566874415505,-0.04942644019312851,0.013021520070218137,True,False,3,recoverable,False
53.966666666664246,6476,10,47,38,47,PLAYING,0.5746052265167236,0.00145798921585083,0.11458311975002289,0.015085141078381055,-0.04929372717889695,0.013027896691151557,True,False,3,recoverable,False
54.03333333333091,6484,10,47,38,47,PLAYING,0.5756977796554565,0.001464739441871643,0.1145162358880043,0.015187925376966692,-0.049146153851862884,0.013060772909872231,True,False,3,recoverable,False
54.09999999999757,6492,10,47,38,47,PLAYING,0.5768258571624756,0.0014692097902297974,0.1144208014011383,0.015314067311517406,-0.048993580350882374,0.013067310056501805,True,False,3,recoverable,False
54.166666666664234,6500,10,47,38,47,PLAYING,0.5779678821563721,0.0014747902750968933,0.11431045085191727,0.015441031728143604,-0.048862827682393556,0.01309792193749432,True,False,3,recoverable,False
54.2333333333309,6508,10,47,38,47,PLAYING,0.5787959098815918,0.0014642849564552307,0.11439026892185211,0.01568440291482953,-0.04921572086471798,0.013107810180991601,True,False,3,recoverable,False
54.29999999999756,6516,10,47,38,47,PLAYING,0.579679012298584,0.0014618709683418274,0.11445175856351852,0.015864741923389342,-0.04963036340699204,0.01313842206028524,True,False,3,recoverable,False
54.36666666666422,6524,10,47,38,47,PLAYING,0.5805962681770325,0.0014541149139404297,0.11450950801372528,0.016097193504517673,-0.05011491067766357,0.013141207477121728,True,False,3,recoverable,False
54.433333333330886,6532,10,47,38,47,PLAYING,0.5815469622612,0.0014361590147018433,0.11460366100072861,0.016502307192327564,-0.05065818865659771,0.013163268483984681,True,False,3,recoverable,False
54.49999999999755,6540,10,47,38,47,PLAYING,0.5825191140174866,0.0014240145683288574,0.11465407907962799,0.016788064113448797,-0.05118139453924816,0.013198048525967001,True,False,3,recoverable,False
54.56666666666421,6548,10,47,38,47,PLAYING,0.583466649055481,0.0014307424426078796,0.11466237157583237,0.016875244523221818,-0.05154765330573584,0.013222939240048094,True,False,3,recoverable,False
54.633333333330874,6556,10,47,38,47,PLAYING,0.5844313502311707,0.0015199854969978333,0.11457531899213791,0.01605509074798556,-0.05143874293503305,0.013215464398099168,True,False,3,recoverable,False
54.69999999999754,6564,10,47,38,47,PLAYING,0.5854250192642212,0.0016125589609146118,0.11446379870176315,0.015219617093088354,-0.051363005325633405,0.013202763006296202,True,False,3,recoverable,False
54.7666666666642,6572,10,47,38,47,PLAYING,0.586473286151886,0.0017036274075508118,0.1143365278840065,0.014383202716052174,-0.05133839242372706,0.013215448775442245,True,False,3,recoverable,False
54.83333333333086,6580,10,47,38,47,PLAYING,0.5875593423843384,0.0017961636185646057,0.11418495327234268,0.01356354524286495,-0.051317374407639685,0.013199034641247716,True,False,3,recoverable,False
54.899999999997526,6588,10,47,38,47,PLAYING,0.5884549617767334,0.0018466860055923462,0.11412780731916428,0.013130967517069722,-0.05099268642180358,0.013210318820661027,True,False,3,recoverable,False
54.96666666666419,6596,10,47,38,47,PLAYING,0.5893492698669434,0.0018762797117233276,0.11412741988897324,0.012991975181751776,-0.05068809514431069,0.01321583096448191,True,False,3,recoverable,False
55.03333333333085,6604,10,47,38,47,PLAYING,0.5903226733207703,0.001902759075164795,0.11412534862756729,0.01288754899567886,-0.05047005888600754,0.013226323382996437,True,False,3,recoverable,False
55.099999999997515,6612,10,47,38,47,PLAYING,0.5913159847259521,0.0019209906458854675,0.11411398649215698,0.012837985824659002,-0.05027628110681818,0.013248706805583172,True,False,3,recoverable,False
55.16666666666418,6620,10,47,38,47,PLAYING,0.5923591256141663,0.0019372180104255676,0.1140897199511528,0.012808067740328345,-0.050108925545606364,0.013246474341990855,True,False,3,recoverable,False
55.23333333333084,6628,10,47,38,47,PLAYING,0.5934122204780579,0.0019529461860656738,0.11404493451118469,0.012797621246225077,-0.049930686073354325,0.0132725479339974,True,False,3,recoverable,False
55.2999999999975,6636,10,47,38,47,PLAYING,0.5944879055023193,0.0019664913415908813,0.11398068070411682,0.012811862171690572,-0.04975833848325909,0.013271651669552511,True,False,3,recoverable,False
55.366666666664166,6644,10,47,38,47,PLAYING,0.5955848693847656,0.001980118453502655,0.11389447003602982,0.01283561349431217,-0.04958043790960093,0.013299620636611737,True,False,3,recoverable,False
55.43333333333083,6652,10,47,38,47,PLAYING,0.5966982841491699,0.0019879117608070374,0.11378642171621323,0.012877011477638629,-0.049394272741382285,0.013313687904048053,True,False,3,recoverable,False
55.49999999999749,6660,10,47,38,47,PLAYING,0.5978434681892395,0.0020051300525665283,0.11365177482366562,0.012916462557540333,-0.04920773693715594,0.013331696045051392,True,False,3,recoverable,False
55.566666666664155,6668,10,47,38,47,PLAYING,0.5990108847618103,0.002015337347984314,0.11348824948072433,0.012953376359109772,-0.04900814802614371,0.013345491391951776,True,False,3,recoverable,False
55.63333333333082,6676,10,47,38,47,PLAYING,0.5998973250389099,0.0020544975996017456,0.11345526576042175,0.012712514084763685,-0.04906650286521593,0.01335380949462825,True,False,3,recoverable,False
55.69999999999748,6684,10,47,38,47,PLAYING,0.6005075573921204,0.002031758427619934,0.11360643804073334,0.013062468269033187,-0.049085021336365574,0.01336296141143848,True,False,3,recoverable,False
55.76666666666414,6692,10,47,38,47,PLAYING,0.6012290120124817,0.0020105838775634766,0.11378391832113266,0.013409932024218701,-0.04922098233885684,0.013400271033954568,True,False,3,recoverable,False
55.833333333330806,6700,10,47,38,47,PLAYING,0.6020627617835999,0.0019951164722442627,0.11396964639425278,0.01373011710285084,-0.04946100804827239,0.01340267855598218,True,False,3,recoverable,False
55.89999999999747,6708,10,47,38,47,PLAYING,0.602858304977417,0.0019657164812088013,0.11415577679872513,0.014190153000663178,-0.049688982545372774,0.013416696720673775,True,False,3,recoverable,False
55.96666666666413,6716,10,47,38,47,PLAYING,0.6037357449531555,0.0019522309303283691,0.1143055409193039,0.014489479091980262,-0.049961463609053645,0.013449036941955463,True,False,3,recoverable,False
56.033333333330795,6724,10,47,38,47,PLAYING,0.6046457886695862,0.0019507408142089844,0.11443909257650375,0.014728998431601767,-0.05016237498814072,0.013468738514133527,True,False,3,recoverable,False
56.09999999999746,6732,10,47,38,47,PLAYING,0.6055231094360352,0.0019697099924087524,0.11451897770166397,0.014703517882164159,-0.05007542858282013,0.013498933087014534,True,False,3,recoverable,False
56.16666666666412,6740,10,47,38,47,PLAYING,0.6064685583114624,0.0019965171813964844,0.1145799458026886,0.014647421892078709,-0.05002567521101173,0.013513203342353187,True,False,3,recoverable,False
56.23333333333078,6748,10,47,38,47,PLAYING,0.6074155569076538,0.0020169541239738464,0.11462634801864624,0.014610316577611806,-0.049972492548631155,0.01354063033489083,True,False,3,recoverable,False
56.299999999997446,6756,10,47,38,47,PLAYING,0.6083934903144836,0.00203666090965271,0.11465897411108017,0.014570496021559623,-0.04994868305086883,0.01356801053714408,True,False,3,recoverable,False
56.36666666666411,6764,10,47,38,47,PLAYING,0.6094010472297668,0.002053402364253998,0.11469653993844986,0.014615220101011503,-0.049965278724791014,0.013585809827001225,True,False,3,recoverable,False
56.43333333333077,6772,10,47,38,47,PLAYING,0.6104246377944946,0.002074502408504486,0.11471514403820038,0.01464573745368062,-0.049988343282854425,0.013629803460511195,True,False,3,recoverable,False
56.499999999997435,6780,10,47,38,47,PLAYING,0.6114497780799866,0.0020860955119132996,0.11471085995435715,0.014695839168539861,-0.04999962014975708,0.01366357346631982,True,False,3,recoverable,False
56.5666666666641,6788,10,47,38,47,PLAYING,0.6124369502067566,0.0020996257662773132,0.11468275636434555,0.014742096683484624,-0.04985259651570942,0.013684548690634563,True,False,3,recoverable,False
56.63333333333076,6796,10,47,38,47,PLAYING,0.6134390234947205,0.00209653377532959,0.1146755963563919,0.01493673687905836,-0.04974143864198027,0.013720145194197958,True,False,3,recoverable,False
56.699999999997424,6804,10,47,38,47,PLAYING,0.6144697666168213,0.0020964667201042175,0.1146567314863205,0.015148363595545725,-0.04965043240104293,0.013742502519344576,True,False,3,recoverable,False
56.76666666666409,6812,10,47,38,47,PLAYING,0.6154534816741943,0.0020757243037223816,0.11470060795545578,0.015516055171010254,-0.049767804427634815,0.013768861099926897,True,False,3,recoverable,False
56.83333333333075,6820,10,47,38,47,PLAYING,0.6164323091506958,0.002058155834674835,0.11474990844726562,0.015894036764280972,-0.04996060225246744,0.013784563040465212,True,False,3,recoverable,False
56.89999999999741,6828,10,47,38,47,PLAYING,0.6174247860908508,0.0020425915718078613,0.11477848142385483,0.016229204936530333,-0.050158234374129244,0.013823757924772804,True,False,3,recoverable,False
56.966666666664075,6836,10,47,38,47,PLAYING,0.6184889078140259,0.0020733624696731567,0.11473315209150314,0.01607644299967317,-0.0500534243071287,0.013818078976706682,True,False,3,recoverable,False
57.03333333333074,6844,10,47,38,47,PLAYING,0.6195690631866455,0.0021207183599472046,0.11464884877204895,0.015742847892594104,-0.04984530937858281,0.01383416103493297,True,False,3,recoverable,False
57.0999999999974,6852,10,47,38,47,PLAYING,0.6206629276275635,0.0021833330392837524,0.11453285813331604,0.015248177116721983,-0.04970364410522675,0.013818789357290594,True,False,3,recoverable,False
57.166666666664064,6860,10,47,38,47,PLAYING,0.6216229796409607,0.0022528842091560364,0.11447549611330032,0.014698377520368315,-0.049766183671075256,0.013815977480696686,True,False,3,recoverable,False
57.23333333333073,6868,10,47,38,47,PLAYING,0.6226215958595276,0.002309471368789673,0.11440534889698029,0.014178008068299068,-0.049878152489916255,0.013815293389389957,True,False,3,recoverable,False
57.29999999999739,6876,10,47,38,47,PLAYING,0.623660147190094,0.002369791269302368,0.1143142357468605,0.01366423854772458,-0.050030981109599526,0.013801913965777896,True,False,3,recoverable,False
57.36666666666405,6884,10,47,38,47,PLAYING,0.6247212886810303,0.0024304166436195374,0.11420775949954987,0.013171541609847183,-0.050204240610985724,0.01381434150051648,True,False,3,recoverable,False
57.433333333330715,6892,10,47,38,47,PLAYING,0.625813364982605,0.002489618957042694,0.1140746995806694,0.012676429265319615,-0.05038986428251094,0.013800145857222657,True,False,3,recoverable,False
57.49999999999738,6900,10,47,38,47,PLAYING,0.6266708374023438,0.002485044300556183,0.1140936091542244,0.012866222703779538,-0.05038510385748502,0.013836611657059242,True,False,3,recoverable,False
57.56666666666404,6908,10,47,38,47,PLAYING,0.6275122761726379,0.0024511292576789856,0.11420230567455292,0.013387642066715602,-0.05036881377370892,0.013860011786174842,True,False,3,recoverable,False
57.633333333330704,6916,10,47,38,47,PLAYING,0.6283973455429077,0.0024185776710510254,0.1142951175570488,0.013891057476427646,-0.05037554114103535,0.013907254594211535,True,False,3,recoverable,False
57.69999999999737,6924,10,47,38,47,PLAYING,0.6293432712554932,0.0023914873600006104,0.11437176913022995,0.014343926685033561,-0.0503950815177269,0.013924749788602059,True,False,3,recoverable,False
57.76666666666403,6932,10,47,38,47,PLAYING,0.6302974224090576,0.0023602768778800964,0.11442942172288895,0.014814284049599535,-0.050426429005781946,0.013947398693802491,True,False,3,recoverable,False
57.83333333333069,6940,10,47,38,47,PLAYING,0.6312962770462036,0.0023299455642700195,0.1144794300198555,0.0153376825569815,-0.05047787109668183,0.013975996163326542,True,False,3,recoverable,False
57.899999999997355,6948,10,47,38,47,PLAYING,0.6323239207267761,0.002289324998855591,0.1145138144493103,0.015893316413820965,-0.050551738666426795,0.014005595012697752,True,False,3,recoverable,False
57.96666666666402,6956,10,47,38,47,PLAYING,0.633374035358429,0.0022558271884918213,0.11451637744903564,0.016404123970779578,-0.05059534562857839,0.01405181360902799,True,False,3,recoverable,False
58.03333333333068,6964,10,47,38,47,PLAYING,0.6341676712036133,0.002216838300228119,0.11465081572532654,0.016920517100726354,-0.050905688309836834,0.014079533351327176,True,False,3,recoverable,False
58.099999999997344,6972,10,47,38,47,PLAYING,0.6349462270736694,0.0022278055548667908,0.11471688747406006,0.016937673584322757,-0.050843838689830244,0.014111905278385817,True,False,3,recoverable,False
58.16666666666401,6980,10,47,38,47,PLAYING,0.6358255743980408,0.002266012132167816,0.11474787443876266,0.016610571286143846,-0.05061281756289931,0.014121200378253488,True,False,3,recoverable,False
58.23333333333067,6988,10,47,38,47,PLAYING,0.6367641091346741,0.0023007169365882874,0.11478613317012787,0.01633072649836177,-0.050466323891533896,0.014132547615428854,True,False,3,recoverable,False
58.29999999999733,6996,10,47,38,47,PLAYING,0.6377357840538025,0.0023430585861206055,0.11481855064630508,0.0160883388740856,-0.05036312170038406,0.014146251096237933,True,False,3,recoverable,False
58.366666666663995,7004,10,47,38,47,PLAYING,0.638730525970459,0.0023800283670425415,0.11483259499073029,0.015833549667843682,-0.05026401718487534,0.014180786234342302,True,False,3,recoverable,False
58.43333333333066,7012,10,47,38,47,PLAYING,0.6397651433944702,0.00242045521736145,0.11482556164264679,0.015578518535397778,-0.050169729829632144,0.014183543047870697,True,False,3,recoverable,False
58.49999999999732,7020,10,47,38,47,PLAYING,0.640812337398529,0.0024616941809654236,0.11480099707841873,0.015334981744612527,-0.050090303680781746,0.014210122540510408,True,False,3,recoverable,False
58.566666666663984,7028,10,47,38,47,PLAYING,0.6418805122375488,0.0025094151496887207,0.11475658416748047,0.015091396242374929,-0.050007936132011044,0.014239179454265593,True,False,3,recoverable,False
58.63333333333065,7036,10,47,38,47,PLAYING,0.6429448127746582,0.0025488436222076416,0.11468733102083206,0.014844401126465895,-0.04989558838546488,0.014269203605828609,True,False,3,recoverable,False
58.69999999999731,7044,10,47,38,47,PLAYING,0.6440480947494507,0.00259389728307724,0.11459054052829742,0.014590529269448293,-0.049803789472280875,0.014275924982411248,True,False,3,recoverable,False
58.76666666666397,7052,10,47,38,47,PLAYING,0.6451750993728638,0.0026386678218841553,0.114468052983284,0.014324789383501797,-0.049708594096743185,0.014277425505335175,True,False,3,recoverable,False
58.833333333330636,7060,10,47,38,47,PLAYING,0.6462540030479431,0.0026664286851882935,0.11436311900615692,0.014244422525474434,-0.04959183857255449,0.014312532646742815,True,False,3,recoverable,False
58.8999999999973,7068,10,47,38,47,PLAYING,0.6472616195678711,0.002651810646057129,0.11436523497104645,0.014636624967800747,-0.04941842321845038,0.014337094602295224,True,False,3,recoverable,False
58.96666666666396,7076,10,48,40,48,PLAYING,0.6473996043205261,0.0026492923498153687,0.1143544614315033,0.01464673832549896,-0.049442228334711624,0.014328226715959317,True,False,3,recoverable,False
59.033333333330624,7084,11,57,40,57,PLAYING,0.6488449573516846,0.003345280885696411,0.11396697163581848,0.007276895957040381,-0.05194207032011196,0.014046501210866836,True,False,3,recoverable,False
59.09999999999729,7092,11,57,40,57,PLAYING,0.6564547419548035,0.004478387534618378,0.11010400950908661,-0.0043004451191481115,-0.04782008723001426,0.013725293740307553,True,False,3,recoverable,False
59.16666666666395,7100,11,57,40,57,PLAYING,0.6650610566139221,0.00510232150554657,0.10331667959690094,-0.011042207463017205,-0.037637488014962535,0.013454989590255866,True,False,3,recoverable,False
59.23333333333061,7108,11,57,40,57,PLAYING,0.6688873767852783,0.005396433174610138,0.09420362859964371,-0.01593839620080049,-0.008582179234549816,0.01282879724137219,True,False,3,recoverable,False
59.299999999997276,7116,11,57,40,57,PLAYING,0.6698223948478699,0.0056242793798446655,0.08830790966749191,-0.0207293366020491,0.015254525289691715,0.01205678455355815,True,False,4,recoverable,False
59.36666666666394,7124,11,57,40,57,PLAYING,0.6702880859375,0.005080170929431915,0.08703120052814484,-0.011954165514358427,0.018234299725864055,0.01278721884105022,True,False,4,recoverable,False
59.4333333333306,7132,11,57,40,57,PLAYING,0.6704407334327698,0.0050731077790260315,0.08862598985433578,-0.011504214690440584,0.012607064212745173,0.012894002380762788,True,False,4,recoverable,False
59.499999999997264,7140,11,57,40,57,PLAYING,0.6696075797080994,0.005131937563419342,0.09306658059358597,-0.011770020157928069,-0.0015546560701341853,0.013047763018143132,True,False,3,recoverable,False
59.56666666666393,7148,11,57,40,57,PLAYING,0.6688768863677979,0.005357362329959869,0.09859628975391388,-0.014018209577138925,-0.020020486838145363,0.013164304253174074,True,False,3,recoverable,False
59.63333333333059,7156,11,57,40,57,PLAYING,0.6681157350540161,0.005234703421592712,0.10265731066465378,-0.0117670328208801,-0.0337815790630982,0.013451211245691257,True,False,3,recoverable,False
59.69999999999725,7164,11,57,40,57,PLAYING,0.6675317287445068,0.005285441875457764,0.10547561198472977,-0.012095398411679545,-0.04300689558151971,0.013548177601589923,True,False,3,recoverable,False
59.766666666663916,7172,11,57,40,57,PLAYING,0.6670522093772888,0.005405694246292114,0.10921762138605118,-0.013118213508557455,-0.054150614488063485,0.013649922626034391,True,False,3,recoverable,False
59.83333333333058,7180,11,57,40,57,PLAYING,0.6662465929985046,0.005269914865493774,0.11214703321456909,-0.011170624727478835,-0.06390700134459208,0.013832172367305991,True,False,3,recoverable,False
59.89999999999724,7188,11,57,40,57,PLAYING,0.6661325097084045,0.005350641906261444,0.1148063912987709,-0.011693331198396877,-0.07314167408639034,0.0139431597737498,True,False,3,recoverable,False
59.966666666663905,7196,11,57,40,57,PLAYING,0.6655585765838623,0.005553059279918671,0.11762629449367523,-0.013567202878763942,-0.08154371004964667,0.01406409807436117,True,False,3,recoverable,False
60.03333333333057,7204,11,57,40,57,PLAYING,0.6649712920188904,0.005703695118427277,0.1198447197675705,-0.014936257758952111,-0.0880307820905735,0.014188531864980432,True,False,3,recoverable,False
60.09999999999723,7212,11,57,40,57,PLAYING,0.6623157262802124,0.006007052958011627,0.1202520877122879,-0.018410834735514605,-0.0862123488941605,0.014129789594396732,True,False,3,recoverable,False
60.16666666666389,7220,11,57,40,57,PLAYING,0.6601502895355225,0.005916528403759003,0.11841458827257156,-0.02567318130821386,-0.07993839209744999,0.011472411245940844,True,False,3,recoverable,False
60.233333333330556,7228,11,57,40,57,PLAYING,0.659978985786438,0.003986231982707977,0.1157325878739357,-0.033308565569474445,-0.06813792050480103,0.0019307614348646996,True,False,3,recoverable,False
60.29999999999722,7236,11,57,40,57,PLAYING,0.6624106168746948,0.0008576139807701111,0.11253217607736588,-0.04137712476711073,-0.05438697387695483,-0.011679544831681583,True,False,2,recoverable,False
60.36666666666388,7244,11,57,40,57,PLAYING,0.6646281480789185,-0.0001281648874282837,0.11024347692728043,-0.057236028149867536,-0.04219016545979291,-0.02037157727325873,True,False,2,recoverable,False
60.433333333330545,7252,11,58,42,58,PLAYING,0.6662713289260864,0.0011987090110778809,0.10725006461143494,-0.0769535711069899,-0.028406232089544674,-0.02219916579825196,True,False,2,recoverable,False
60.49999999999721,7260,12,59,42,59,PLAYING,0.6683352589607239,0.003173738718032837,0.10313955694437027,-0.10349684477633743,-0.00908669997206778,-0.024104185380059217,True,False,2,recoverable,False
60.56666666666387,7268,12,59,42,59,PLAYING,0.6711528897285461,0.0057943761348724365,0.09714429825544357,-0.14116704744529834,0.018800990537837556,-0.027644736860481016,True,False,3,recoverable,False
60.63333333333053,7276,12,60,43,60,PLAYING,0.6719245314598083,0.005936868488788605,0.09696931391954422,-0.14091660022750452,0.017978160459483004,-0.028102509538280123,True,False,3,recoverable,False
60.699999999997196,7284,12,60,43,60,PLAYING,0.6720829606056213,0.0058728232979774475,0.09680752456188202,-0.14054665419764686,0.017653519315250638,-0.02803084757535471,True,False,3,recoverable,False
60.76666666666386,7292,12,60,43,60,PLAYING,0.6723076105117798,0.005822725594043732,0.09667057543992996,-0.14010431809944693,0.017342339587792518,-0.02788998286706052,True,False,3,recoverable,False
60.83333333333052,7300,12,60,43,60,PLAYING,0.6721903085708618,0.005818866193294525,0.09657451510429382,-0.14026951692995218,0.017371273288974864,-0.02788394545649594,True,False,3,recoverable,False
60.899999999997185,7308,12,61,44,61,PLAYING,0.6720679998397827,0.005807556211948395,0.09648749232292175,-0.14036512268229615,0.017360382469356284,-0.027870662224236644,True,False,3,recoverable,False
60.96666666666385,7316,12,61,44,61,PLAYING,0.672016978263855,0.0057971179485321045,0.09642565995454788,-0.14043340091567028,0.017282588965773487,-0.027846052667365347,True,False,3,recoverable,False
61.03333333333051,7324,12,61,44,61,PLAYING,0.6719732880592346,0.005786329507827759,0.09636474400758743,-0.14049385675546094,0.01718755278616306,-0.02781910318498603,True,False,3,recoverable,False
61.09999999999717,7332,12,62,45,62,PLAYING,0.6719546318054199,0.005774952471256256,0.09630659222602844,-0.14054337197525907,0.01709801141734144,-0.027791641629438233,True,False,3,recoverable,False
61.166666666663836,7340,12,63,46,63,PLAYING,0.6719316244125366,0.005762286484241486,0.09625490009784698,-0.14055292201179403,0.01697149926356253,-0.027756660357585807,True,False,3,recoverable,False
61.2333333333305,7348,12,64,47,64,PLAYING,0.6719086766242981,0.005751416087150574,0.09620023518800735,-0.14059200435826574,0.016854619128424196,-0.027724625335782477,True,False,3,recoverable,False
61.29999999999716,7356,12,65,48,65,PLAYING,0.6718433499336243,0.005745388567447662,0.09614753723144531,-0.1406773485207626,0.0168785545651236,-0.027715335563255797,True,False,3,recoverable,False
61.366666666663825,7364,12,65,48,65,PLAYING,0.671848714351654,0.005731172859668732,0.09609860926866531,-0.140648031373676,0.01670500577282347,-0.027671418233934014,True,False,3,recoverable,False
61.43333333333049,7372,12,65,48,65,PLAYING,0.6718500852584839,0.0057184770703315735,0.09605354815721512,-0.14064618013105465,0.016524241589109586,-0.02763056926665315,True,False,3,recoverable,False
61.49999999999715,7380,12,65,48,65,PLAYING,0.6718451380729675,0.005709208548069,0.09601514041423798,-0.14065690617280646,0.016391549484635327,-0.027598288018854243,True,False,3,recoverable,False
61.566666666663814,7388,12,66,49,66,PLAYING,0.6717311143875122,0.005707904696464539,0.09597408026456833,-0.14077347867508047,0.016508274232670626,-0.027605693210052993,True,False,3,recoverable,False
61.63333333333048,7396,12,66,49,66,PLAYING,0.6717567443847656,0.0056944116950035095,0.09593451768159866,-0.14072375598797301,0.016310753289178536,-0.02755973731420676,True,False,3,recoverable,False
61.69999999999714,7404,12,66,49,66,PLAYING,0.6717443466186523,0.005684666335582733,0.09589412808418274,-0.14073927671659758,0.01617568227699013,-0.027526290756905315,True,False,3,recoverable,False
61.7666666666638,7412,12,67,50,67,PLAYING,0.6717206239700317,0.005676552653312683,0.09586098045110703,-0.14074077672318278,0.016113211059884943,-0.02750806532533617,True,False,3,recoverable,False
61.833333333330465,7420,12,68,51,68,PLAYING,0.6716616153717041,0.005670465528964996,0.09582056850194931,-0.14078115439047104,0.01611304563772297,-0.02749298125711737,True,False,3,recoverable,False
61.89999999999713,7428,12,68,51,68,PLAYING,0.6716470718383789,0.005662880837917328,0.09579015523195267,-0.14077797877937354,0.01602222396861299,-0.02746783786327843,True,False,3,recoverable,False
61.96666666666379,7436,12,69,52,69,PLAYING,0.6716050505638123,0.005656905472278595,0.09575647860765457,-0.14081106936551063,0.015969964163557664,-0.02744684971821513,True,False,3,recoverable,False
62.033333333330454,7444,12,69,52,69,PLAYING,0.6715703010559082,0.005650117993354797,0.09572582691907883,-0.14081123362508938,0.015920039054787807,-0.027428336819581053,True,False,3,recoverable,False
62.09999999999712,7452,12,70,53,70,PLAYING,0.6715538501739502,0.005643486976623535,0.0957007184624672,-0.1407976340362188,0.015849991308862218,-0.02740799254695451,True,False,3,recoverable,False
62.16666666666378,7460,13,71,54,71,PLAYING,0.6724038124084473,0.005629383027553558,0.09567922353744507,-0.1408781499458272,0.015640416014083502,-0.027472661649117058,True,False,3,recoverable,False
62.23333333333044,7468,13,71,54,71,PLAYING,0.6733530163764954,0.005609989166259766,0.09564821422100067,-0.14095443164286506,0.015359444373698556,-0.02755290254475634,True,False,3,recoverable,False
62.299999999997105,7476,13,71,54,71,PLAYING,0.6742939949035645,0.005585692822933197,0.0956106036901474,-0.14104012964925747,0.015073221380806284,-0.027647790109081926,True,False,3,recoverable,False
62.36666666666377,7484,13,71,54,71,PLAYING,0.6752772331237793,0.005559451878070831,0.09555704891681671,-0.14106378313051524,0.014752178446358273,-0.027733009651299143,True,False,3,recoverable,False
62.43333333333043,7492,13,71,54,71,PLAYING,0.6762628555297852,0.005529358983039856,0.09548480063676834,-0.14109356205447512,0.014448572360340528,-0.027768862110928706,True,False,3,recoverable,False
62.499999999997094,7500,13,71,54,71,PLAYING,0.6772845387458801,0.00549113005399704,0.09539815783500671,-0.1411488990416467,0.01411743477523863,-0.02785549349372792,True,False,3,recoverable,False
62.56666666666376,7508,13,71,54,71,PLAYING,0.6783215403556824,0.005480632185935974,0.09529980272054672,-0.14117371601042333,0.013805778836436676,-0.027823682347836286,True,False,3,recoverable,False
62.63333333333042,7516,13,71,54,71,PLAYING,0.6793915033340454,0.005462542176246643,0.09517287462949753,-0.14121902380742138,0.013476160250201775,-0.027823782253862762,True,False,3,recoverable,False
62.69999999999708,7524,13,71,54,71,PLAYING,0.6804336905479431,0.005438163876533508,0.09504999220371246,-0.1412322699922341,0.013295874184126243,-0.02782552617279417,True,False,3,recoverable,False
62.766666666663745,7532,13,71,54,71,PLAYING,0.6812517642974854,0.005416564643383026,0.09499524533748627,-0.14124654477289086,0.013699119626908873,-0.02784595554003945,True,False,3,recoverable,False
62.83333333333041,7540,13,71,54,71,PLAYING,0.6821876168251038,0.0053757429122924805,0.09493377804756165,-0.14120352253455315,0.014057389304959889,-0.027834021480420953,True,False,3,recoverable,False
62.89999999999707,7548,13,71,54,71,PLAYING,0.683167040348053,0.0053414031863212585,0.09487398713827133,-0.14110751883400713,0.014399395210926919,-0.027816606471399465,True,False,3,recoverable,False
62.966666666663734,7556,13,71,54,71,PLAYING,0.6841807961463928,0.005305811762809753,0.09480343014001846,-0.14097330799064364,0.01474239526938784,-0.0277826738372077,True,False,3,recoverable,False
63.0333333333304,7564,13,71,54,71,PLAYING,0.68495774269104,0.005327761173248291,0.0947805643081665,-0.14176376295119264,0.015256221841866632,-0.027882970904043767,True,False,3,recoverable,False
63.09999999999706,7572,13,71,54,71,PLAYING,0.6857498288154602,0.005355231463909149,0.09477206319570541,-0.14271391593368565,0.015778250062531345,-0.027997916916940743,True,False,3,recoverable,False
63.16666666666372,7580,13,71,54,71,PLAYING,0.6866157650947571,0.005377821624279022,0.09475669264793396,-0.14365431880634238,0.016260655390369975,-0.02809466213736046,True,False,3,recoverable,False
63.233333333330386,7588,13,71,54,71,PLAYING,0.6874828934669495,0.005392737686634064,0.09477667510509491,-0.14425817900841664,0.016535961063432737,-0.028176678177069644,True,False,3,recoverable,False
63.29999999999705,7596,13,71,54,71,PLAYING,0.6883498430252075,0.005371607840061188,0.09482819586992264,-0.1445699386281989,0.016574251235651368,-0.028193354573077367,True,False,3,recoverable,False
63.36666666666371,7604,13,71,54,71,PLAYING,0.6892529129981995,0.005344085395336151,0.09486812353134155,-0.14487431388971908,0.016585806497658596,-0.02823098159107927,True,False,3,recoverable,False
63.433333333330374,7612,13,71,54,71,PLAYING,0.6901384592056274,0.005322553217411041,0.09490305930376053,-0.14517749012369624,0.016623514271766015,-0.02829127204049774,True,False,3,recoverable,False
63.49999999999704,7620,13,71,54,71,PLAYING,0.6910790205001831,0.005294591188430786,0.0949150025844574,-0.1454298849310104,0.016638734717748353,-0.028318004936762703,True,False,3,recoverable,False
63.5666666666637,7628,13,71,54,71,PLAYING,0.6920492053031921,0.005280360579490662,0.09491349011659622,-0.1456542999108936,0.016648829746780877,-0.02829550489781078,True,False,3,recoverable,False
63.63333333333036,7636,13,71,54,71,PLAYING,0.6930565237998962,0.005265586078166962,0.09490463882684708,-0.14582805533485266,0.016641959182596075,-0.02826937703457723,True,False,3,recoverable,False
63.699999999997026,7644,13,71,54,71,PLAYING,0.6940723657608032,0.005248814821243286,0.09488072246313095,-0.14603394752868104,0.016607970860549725,-0.028266109965947233,True,False,3,recoverable,False
63.76666666666369,7652,13,71,54,71,PLAYING,0.6950302124023438,0.005198635160923004,0.09494687616825104,-0.14553776344762126,0.016049331409538802,-0.028209193702176807,True,False,3,recoverable,False
63.83333333333035,7660,13,71,54,71,PLAYING,0.6960136294364929,0.005145758390426636,0.09498561173677444,-0.14507400097045411,0.015535368416752342,-0.028186866179892703,True,False,3,recoverable,False
63.899999999997014,7668,13,71,54,71,PLAYING,0.6970191597938538,0.005090445280075073,0.09500415623188019,-0.14459212477842895,0.015017683185817579,-0.028148286296719383,True,False,3,recoverable,False
63.96666666666368,7676,13,71,54,71,PLAYING,0.6980433464050293,0.0050280168652534485,0.0950021967291832,-0.14410251166450952,0.014477697954017795,-0.028132492457105248,True,False,3,recoverable,False
64.03333333333036,7684,13,71,54,71,PLAYING,0.6990923285484314,0.004963323473930359,0.09498550742864609,-0.14356947469969264,0.013897364544412254,-0.028094068758867833,True,False,3,recoverable,False
64.09999999999708,7692,13,71,54,71,PLAYING,0.7001439929008484,0.004890792071819305,0.09494679421186447,-0.14303240334127726,0.0133152685151657,-0.02807131032156098,True,False,3,recoverable,False
64.1666666666638,7700,13,71,54,71,PLAYING,0.7009882926940918,0.004819251596927643,0.09497149288654327,-0.14251046272838447,0.013292956614042733,-0.028035060125490723,True,False,3,recoverable,False
64.23333333333052,7708,13,71,54,71,PLAYING,0.7018973231315613,0.004744507372379303,0.09500964730978012,-0.1419360650654644,0.01330876496670787,-0.028004889304617916,True,False,3,recoverable,False
64.29999999999724,7716,13,71,54,71,PLAYING,0.7028470039367676,0.004675708711147308,0.09503145515918732,-0.1414012017131752,0.013349768126111005,-0.0279374649262441,True,False,3,recoverable,False
64.36666666666396,7724,13,71,54,71,PLAYING,0.7038387060165405,0.004598401486873627,0.09504733979701996,-0.14078058887518533,0.013352145989755416,-0.027864586921670882,True,False,3,recoverable,False
64.43333333333068,7732,13,71,54,71,PLAYING,0.7046881914138794,0.0045552849769592285,0.09507521241903305,-0.14067632971364002,0.013472844440858766,-0.0278770642442021,True,False,3,recoverable,False
64.4999999999974,7740,13,71,54,71,PLAYING,0.705481767654419,0.004541605710983276,0.09512944519519806,-0.1410467348505347,0.013662082434960478,-0.027929685196327887,True,False,3,recoverable,False
64.56666666666412,7748,13,71,54,71,PLAYING,0.7063378095626831,0.004528500139713287,0.09518169611692429,-0.14138374641102663,0.01377463809150592,-0.027952307467001416,True,False,3,recoverable,False
64.63333333333084,7756,13,71,54,71,PLAYING,0.7072357535362244,0.004519745707511902,0.09522085636854172,-0.1417221669242558,0.013882553583770278,-0.02798161208835934,True,False,3,recoverable,False
64.69999999999756,7764,13,71,54,71,PLAYING,0.70815509557724,0.0045067742466926575,0.09524592012166977,-0.14204011197121916,0.013991971936648936,-0.02798129553531979,True,False,3,recoverable,False
64.76666666666428,7772,13,71,54,71,PLAYING,0.7091143131256104,0.004498541355133057,0.09525589644908905,-0.14234599059050534,0.0140876654665568,-0.028038351661399778,True,False,3,recoverable,False
64.833333333331,7780,13,71,54,71,PLAYING,0.7100911736488342,0.004476509988307953,0.09524405747652054,-0.14268158547534793,0.014149027657221862,-0.0280614111049085,True,False,3,recoverable,False
64.89999999999772,7788,13,71,54,71,PLAYING,0.7110893726348877,0.004465773701667786,0.09521496295928955,-0.14302026439062027,0.014215107454006216,-0.02813503082740452,True,False,3,recoverable,False
64.96666666666444,7796,13,71,54,71,PLAYING,0.7121134996414185,0.004453524947166443,0.09516851603984833,-0.14336931344555037,0.014281162828134512,-0.028220511448310028,True,False,3,recoverable,False
65.03333333333116,7804,13,71,54,71,PLAYING,0.7131428122520447,0.0044393762946128845,0.09510345011949539,-0.143671249045146,0.014351963604326204,-0.028285795249605845,True,False,3,recoverable,False
65.09999999999788,7812,13,71,54,71,PLAYING,0.7141938805580139,0.004430718719959259,0.09501641243696213,-0.14395895197493816,0.014433050512588723,-0.02832604681185891,True,False,3,recoverable,False
65.1666666666646,7820,13,71,54,71,PLAYING,0.7152643799781799,0.004437163472175598,0.09491142630577087,-0.14422445230901057,0.014504387004947165,-0.028307051809703797,True,False,3,recoverable,False
65.23333333333132,7828,13,71,54,71,PLAYING,0.7163631319999695,0.00443277508020401,0.0947786420583725,-0.1445091431774852,0.014553047430007892,-0.028302137098978407,True,False,3,recoverable,False
65.29999999999804,7836,13,71,54,71,PLAYING,0.7173886299133301,0.004376202821731567,0.09476480633020401,-0.1439219945063903,0.01398679901318025,-0.028209041209071466,True,False,3,recoverable,False
65.36666666666476,7844,13,71,54,71,PLAYING,0.7184371948242188,0.004310324788093567,0.09472734481096268,-0.14328614734558365,0.01337965820515791,-0.028108073823582196,True,False,3,recoverable,False
65.43333333333148,7852,13,71,54,71,PLAYING,0.7195188999176025,0.004234254360198975,0.09466592967510223,-0.14261837770333793,0.012734255475924444,-0.028016239600000846,True,False,3,recoverable,False
65.4999999999982,7860,13,71,54,71,PLAYING,0.7206112742424011,0.00415213406085968,0.09458059817552567,-0.1419071915571362,0.012059898380271938,-0.02791444787193609,True,False,3,recoverable,False
65.56666666666491,7868,13,71,54,71,PLAYING,0.7215787172317505,0.004071615636348724,0.09455518424510956,-0.1411988410586967,0.011825290084824207,-0.027809870168848182,True,False,3,recoverable,False
65.63333333333163,7876,13,71,54,71,PLAYING,0.7224788665771484,0.0040063634514808655,0.09455941617488861,-0.1407986679945298,0.011771558955801356,-0.027741565175821388,True,False,3,recoverable,False
65.69999999999835,7884,13,71,54,71,PLAYING,0.7233784198760986,0.00396178662776947,0.09457758814096451,-0.14063653535819634,0.011732315794015435,-0.027720555938101188,True,False,3,recoverable,False
65.76666666666507,7892,13,71,54,71,PLAYING,0.724344789981842,0.003908149898052216,0.09457976371049881,-0.14047321372098498,0.011637562814145788,-0.027685150428491682,True,False,3,recoverable,False
65.8333333333318,7900,13,71,54,71,PLAYING,0.7253493070602417,0.0038585588335990906,0.09457181394100189,-0.1402621397106814,0.011517350283060087,-0.027647566963909728,True,False,3,recoverable,False
65.89999999999851,7908,13,71,54,71,PLAYING,0.7263703942298889,0.003806889057159424,0.09453818202018738,-0.14008889934212987,0.011417038774808675,-0.02758108277273517,True,False,3,recoverable,False
65.96666666666523,7916,13,71,54,71,PLAYING,0.7274264693260193,0.003764636814594269,0.09448207169771194,-0.139907959853859,0.011293029351656029,-0.027510333555684278,True,False,3,recoverable,False
66.03333333333195,7924,13,71,54,71,PLAYING,0.728338897228241,0.00372498482465744,0.0944560095667839,-0.1396938158439251,0.01149157842885803,-0.02746279646328727,True,False,3,recoverable,False
66.09999999999867,7932,13,71,54,71,PLAYING,0.7292348146438599,0.0036768540740013123,0.09445996582508087,-0.13947852181967305,0.011863488450458986,-0.027379553404317008,True,False,3,recoverable,False
66.16666666666539,7940,13,71,54,71,PLAYING,0.7301914095878601,0.0036258772015571594,0.09445767849683762,-0.13920719090110534,0.012206475133948659,-0.02731497492087794,True,False,3,recoverable,False
66.23333333333211,7948,13,71,54,71,PLAYING,0.7311552166938782,0.0035745128989219666,0.09445250034332275,-0.1390703551356765,0.01253674921351043,-0.027245204944191904,True,False,3,recoverable,False
66.29999999999883,7956,13,71,54,71,PLAYING,0.7318475246429443,0.003597736358642578,0.09449838101863861,-0.13985679090862516,0.013111876880725282,-0.027316482620754548,True,False,3,recoverable,False
66.36666666666555,7964,13,71,54,71,PLAYING,0.7326362133026123,0.0036159828305244446,0.09454547613859177,-0.14064438622510703,0.013609842355106204,-0.027382370813674357,True,False,3,recoverable,False
66.43333333333227,7972,13,71,54,71,PLAYING,0.7334403991699219,0.003621220588684082,0.09462177008390427,-0.14117478188745525,0.013927153964665264,-0.027381495426742303,True,False,3,recoverable,False
66.49999999999899,7980,13,71,54,71,PLAYING,0.7342672944068909,0.00360107421875,0.09473172575235367,-0.1413918994008327,0.013980222100706296,-0.02737458557740155,True,False,3,recoverable,False
66.56666666666571,7988,13,71,54,71,PLAYING,0.7351183295249939,0.003574557602405548,0.0948350578546524,-0.14160642179862482,0.014012387098208349,-0.027369430202084124,True,False,3,recoverable,False
66.63333333333243,7996,13,71,54,71,PLAYING,0.7359936833381653,0.003551207482814789,0.09492775797843933,-0.14178367407428216,0.014018541830605916,-0.027337899640038497,True,False,3,recoverable,False
66.69999999999915,8004,13,71,54,71,PLAYING,0.7368822693824768,0.0035239607095718384,0.09500814229249954,-0.14197947456137075,0.014022924021939142,-0.027308772461228207,True,False,3,recoverable,False
66.76666666666587,8012,13,71,54,71,PLAYING,0.7377616763114929,0.0034832656383514404,0.09507190436124802,-0.14215819908269894,0.014055650056507447,-0.02726995246280223,True,False,3,recoverable,False
66.83333333333259,8020,13,71,54,71,PLAYING,0.7386552691459656,0.003452673554420471,0.09512559324502945,-0.1423125391886388,0.014074141468020537,-0.02723510521186581,True,False,3,recoverable,False
66.89999999999931,8028,13,71,54,71,PLAYING,0.7395806312561035,0.003416001796722412,0.09516134113073349,-0.14249512935486155,0.014044313201118725,-0.027189937833916808,True,False,3,recoverable,False
66.96666666666603,8036,13,71,54,71,PLAYING,0.7405285239219666,0.0033805593848228455,0.09518095850944519,-0.14266679932130286,0.014007125026879143,-0.027154201917966123,True,False,3,recoverable,False
67.03333333333275,8044,13,71,54,71,PLAYING,0.7415063977241516,0.0033826082944869995,0.09518451988697052,-0.14284936457572994,0.013952222167051902,-0.02719734646986657,True,False,3,recoverable,False
67.09999999999947,8052,13,71,54,71,PLAYING,0.7425139546394348,0.0033951550722122192,0.0951671302318573,-0.14299780929888578,0.01390205032941089,-0.02727294188341462,True,False,3,recoverable,False
67.16666666666619,8060,13,71,54,71,PLAYING,0.7435171604156494,0.0034012645483016968,0.09512412548065186,-0.1431682462272334,0.013850365962499974,-0.027321161505940796,True,False,3,recoverable,False
67.23333333333291,8068,13,71,54,71,PLAYING,0.7445479035377502,0.0033937767148017883,0.09506676346063614,-0.14329755330765023,0.013802532901531788,-0.02736451160979593,True,False,3,recoverable,False
67.29999999999963,8076,13,71,54,71,PLAYING,0.7456034421920776,0.0033944323658943176,0.09498278051614761,-0.1434326987812181,0.013734083756933878,-0.027440707575373445,True,False,3,recoverable,False
67.36666666666635,8084,13,71,54,71,PLAYING,0.7466832399368286,0.003387667238712311,0.0948847308754921,-0.1435484616090871,0.013657253009438902,-0.02748534586309355,True,False,3,recoverable,False
67.43333333333307,8092,13,71,54,71,PLAYING,0.7477877736091614,0.003375023603439331,0.09475983679294586,-0.143656271369103,0.013560186560891212,-0.027534886285017702,True,False,3,recoverable,False
67.49999999999979,8100,13,71,54,71,PLAYING,0.7488698363304138,0.0033717453479766846,0.09461753815412521,-0.14374965975620743,0.013474011982737965,-0.027550251018836677,True,False,3,recoverable,False
67.5666666666665,8108,13,71,54,71,PLAYING,0.7498859763145447,0.0033170729875564575,0.09456688910722733,-0.1431188446474454,0.012883193026154661,-0.027530855253663125,True,False,3,recoverable,False
67.63333333333323,8116,13,71,54,71,PLAYING,0.7507391571998596,0.003247573971748352,0.09458483755588531,-0.14249129440271452,0.012847522694308238,-0.027490515164058142,True,False,3,recoverable,False
67.69999999999995,8124,13,71,54,71,PLAYING,0.751594066619873,0.003160431981086731,0.09462856501340866,-0.141875150332679,0.012955818065568695,-0.027388812876802112,True,False,3,recoverable,False
67.76666666666667,8132,13,71,54,71,PLAYING,0.7525336146354675,0.00308440625667572,0.09467103332281113,-0.1411714059813987,0.012987655259446113,-0.027341691681865624,True,False,3,recoverable,False
67.83333333333339,8140,13,71,54,71,PLAYING,0.7535187005996704,0.0029981881380081177,0.09470203518867493,-0.14039298230285527,0.013006000421689588,-0.02727673424426092,True,False,3,recoverable,False
67.9000000000001,8148,13,71,54,71,PLAYING,0.7545333504676819,0.002907693386077881,0.09471791982650757,-0.13958162000425164,0.012999707934037331,-0.027208289138434788,True,False,3,recoverable,False
67.96666666666682,8156,13,71,54,71,PLAYING,0.7554647326469421,0.0028340592980384827,0.09474683552980423,-0.13908387416572368,0.013056552793999648,-0.027168482212665504,True,False,3,recoverable,False
68.03333333333354,8164,13,71,54,71,PLAYING,0.7561385631561279,0.0028326064348220825,0.09481874853372574,-0.1394878197762496,0.013371913970179923,-0.027250382342323208,True,False,3,recoverable,False
68.10000000000026,8172,13,71,54,71,PLAYING,0.7569108009338379,0.0028278306126594543,0.09489073604345322,-0.13993193879889737,0.013609042154268407,-0.027330212864090847,True,False,3,recoverable,False
68.16666666666698,8180,13,71,54,71,PLAYING,0.7577524185180664,0.0028188303112983704,0.09495431184768677,-0.14037456064726447,0.013774563765218064,-0.027401425282470863,True,False,3,recoverable,False
68.2333333333337,8188,13,71,54,71,PLAYING,0.7586344480514526,0.0028082504868507385,0.09500671178102493,-0.14082706641607567,0.013918066973028184,-0.027472063081804603,True,False,3,recoverable,False
68.30000000000042,8196,13,71,54,71,PLAYING,0.7595424056053162,0.0027979090809822083,0.09505176544189453,-0.14134041386513027,0.014000328495568794,-0.02748963071575868,True,False,3,recoverable,False
68.36666666666714,8204,13,71,54,71,PLAYING,0.7604448795318604,0.002784028649330139,0.09507293254137039,-0.14183959057328255,0.01413758895033779,-0.027519810336668168,True,False,3,recoverable,False
68.43333333333386,8212,13,71,54,71,PLAYING,0.761374294757843,0.0027750730514526367,0.09508027881383896,-0.14234297930952447,0.014238719221521569,-0.0275609140321042,True,False,3,recoverable,False
68.50000000000058,8220,13,71,54,71,PLAYING,0.7623377442359924,0.002779550850391388,0.09507619589567184,-0.14277779954523476,0.01433177820970161,-0.02761984626880498,True,False,3,recoverable,False
68.5666666666673,8228,13,71,54,71,PLAYING,0.7633392214775085,0.0027928054332733154,0.09505446255207062,-0.14322636012973136,0.014427045283206222,-0.02765908201476205,True,False,3,recoverable,False
68.63333333333402,8236,13,71,54,71,PLAYING,0.764357328414917,0.002803526818752289,0.09500858187675476,-0.143684202560992,0.01450893326865236,-0.027702729040190426,True,False,3,recoverable,False
68.70000000000074,8244,13,71,54,71,PLAYING,0.7653906345367432,0.0028125643730163574,0.09494063258171082,-0.1441439596967633,0.01458810301497612,-0.027751148788110292,True,False,3,recoverable,False
68.76666666666746,8252,13,71,54,71,PLAYING,0.7664257884025574,0.0028168335556983948,0.09484773874282837,-0.14462670980251233,0.014671178598238944,-0.027805284004442467,True,False,3,recoverable,False
68.83333333333418,8260,13,71,54,71,PLAYING,0.7674896121025085,0.0028094351291656494,0.09476232528686523,-0.14496926405491858,0.014631124764494984,-0.027817279457739263,True,False,3,recoverable,False
68.9000000000009,8268,13,71,54,71,PLAYING,0.768488347530365,0.002749823033809662,0.09476204961538315,-0.1445158169959756,0.014058427653687736,-0.0277713169049158,True,False,3,recoverable,False
68.96666666666762,8276,13,71,54,71,PLAYING,0.7695106863975525,0.0026856213808059692,0.09474261105060577,-0.14404507021076599,0.013453932851850352,-0.02772113389384897,True,False,3,recoverable,False
69.03333333333434,8284,13,71,54,71,PLAYING,0.7704851031303406,0.00262267142534256,0.09471071511507034,-0.14360776978191034,0.012957879952177365,-0.027643741779292037,True,False,3,recoverable,False
69.10000000000106,8292,13,71,54,71,PLAYING,0.771274209022522,0.0025609657168388367,0.09476608037948608,-0.14322366584807858,0.013102383086287571,-0.02758386713291739,True,False,3,recoverable,False
69.16666666666778,8300,13,72,56,72,PLAYING,0.7712616920471191,0.002556934952735901,0.09472937881946564,-0.14320533499257698,0.012954797046645117,-0.027568353788453508,True,False,3,recoverable,False
69.2333333333345,8308,14,81,56,81,PLAYING,0.7662901878356934,0.0012565255165100098,0.09531547874212265,-0.12741432738101557,0.01339477859926718,-0.028372410665472195,True,False,3,recoverable,False
69.30000000000122,8316,14,81,56,81,PLAYING,0.7512639164924622,-0.003907851874828339,0.09530314803123474,-0.09060103308891673,0.020173392460889596,-0.036535750357146915,True,False,3,recoverable,False
69.36666666666794,8324,14,81,56,81,PLAYING,0.7388644814491272,-0.011459559202194214,0.09217938035726547,-0.04689282504527353,0.022718228338416135,-0.05025777360458102,True,False,4,recoverable,False
69.43333333333466,8332,14,81,56,81,PLAYING,0.7350387573242188,-0.016494035720825195,0.0876353308558464,-0.012817104011012138,0.02195189700421268,-0.06204544094225824,True,False,4,recoverable,False
69.50000000000138,8340,14,81,56,81,PLAYING,0.7354625463485718,-0.016139216721057892,0.08734733611345291,-0.02205078233673629,0.017496165688019066,-0.06241057218823503,True,False,4,recoverable,False
69.5666666666681,8348,14,81,56,81,PLAYING,0.7370792031288147,-0.01531393826007843,0.08868084847927094,-0.03416762698555409,0.018607044133428872,-0.06025638567770835,True,False,3,recoverable,False
69.63333333333482,8356,14,81,56,81,PLAYING,0.7370423674583435,-0.015424780547618866,0.08905273675918579,-0.031424672283226256,0.020760082564080885,-0.06016781148779684,True,False,4,recoverable,False
69.70000000000154,8364,14,81,56,81,PLAYING,0.7365710139274597,-0.015510253608226776,0.0886399894952774,-0.028782726853687615,0.020205181041253534,-0.060071878260803034,True,False,4,recoverable,False
69.76666666666826,8372,14,81,56,81,PLAYING,0.7367637753486633,-0.01552341878414154,0.08865143358707428,-0.02877526992171394,0.0197381235683938,-0.06004627454358027,True,False,4,recoverable,False
69.83333333333498,8380,14,81,56,81,PLAYING,0.7367227673530579,-0.015514284372329712,0.08854124695062637,-0.02899695875726352,0.019545459544712082,-0.06004654609679109,True,False,4,recoverable,False
69.9000000000017,8388,14,81,56,81,PLAYING,0.736781656742096,-0.01549547165632248,0.08866986632347107,-0.02954280425677015,0.019403360928201895,-0.06005111038002877,True,False,4,recoverable,False
69.96666666666842,8396,14,81,56,81,PLAYING,0.7366113662719727,-0.015518754720687866,0.08854992687702179,-0.02881732430947272,0.019745239830217986,-0.06003163054836676,True,False,4,recoverable,False
70.03333333333514,8404,14,81,56,81,PLAYING,0.7366268038749695,-0.015497051179409027,0.08864623308181763,-0.029287045786637378,0.019681311175624192,-0.06004933054130052,True,False,4,recoverable,False
70.10000000000186,8412,14,81,56,81,PLAYING,0.7365174889564514,-0.015517257153987885,0.08856619149446487,-0.028705470924786987,0.01964724804517595,-0.06002386078124676,True,False,4,recoverable,False
70.16666666666858,8420,14,81,56,81,PLAYING,0.7366064190864563,-0.01550835371017456,0.08861691504716873,-0.028971178640472862,0.019535542932703938,-0.06003627499028297,True,False,4,recoverable,False
70.2333333333353,8428,14,81,56,81,PLAYING,0.736527144908905,-0.0155058354139328,0.08858548849821091,-0.02898696376353379,0.0194496445965506,-0.060027639961450344,True,False,4,recoverable,False
70.30000000000202,8436,14,81,56,81,PLAYING,0.7364906072616577,-0.015508025884628296,0.08859676867723465,-0.02887567374665818,0.01946893397366456,-0.06002332228666744,True,False,4,recoverable,False
70.36666666666873,8444,14,81,56,81,PLAYING,0.7364522814750671,-0.015508010983467102,0.08860211074352264,-0.028817583647750052,0.019495072736412832,-0.06002137280179123,True,False,4,recoverable,False
70.43333333333545,8452,14,81,56,81,PLAYING,0.7364198565483093,-0.01550745964050293,0.08860673010349274,-0.028780453637702114,0.019514590660127947,-0.06002006693385582,True,False,4,recoverable,False
70.50000000000217,8460,14,81,56,81,PLAYING,0.7363870143890381,-0.015506841242313385,0.08861133456230164,-0.028745485757214907,0.019533979162397696,-0.060019051306276335,True,False,4,recoverable,False
70.5666666666689,8468,14,81,56,81,PLAYING,0.7363543510437012,-0.015506051480770111,0.08861590921878815,-0.02870987933640901,0.019552428512220756,-0.06001806790230026,True,False,4,recoverable,False
70.63333333333561,8476,14,81,56,81,PLAYING,0.736320436000824,-0.015505202114582062,0.08861850202083588,-0.02868010920325283,0.019569139720113964,-0.06001698876010804,True,False,4,recoverable,False
70.70000000000233,8484,14,81,56,81,PLAYING,0.7362863421440125,-0.015504062175750732,0.08862009644508362,-0.028657122624674826,0.019583893811511904,-0.06001628642111086,True,False,4,recoverable,False
70.76666666666905,8492,14,81,56,81,PLAYING,0.7362508177757263,-0.01550290733575821,0.08862130343914032,-0.02863009555975656,0.019599879496398093,-0.060015699895233095,True,False,4,recoverable,False
70.83333333333577,8500,14,82,58,82,PLAYING,0.7361371517181396,-0.015529453754425049,0.08852791786193848,-0.027880439618627535,0.017254963696746804,-0.05992069172807138,True,False,4,recoverable,False
70.90000000000249,8508,15,83,58,83,PLAYING,0.7360060811042786,-0.01554802805185318,0.08846040070056915,-0.02726978701950099,0.016215587785863083,-0.05986890388351811,True,False,3,recoverable,False
70.96666666666921,8516,15,83,58,83,PLAYING,0.7359495759010315,-0.015551790595054626,0.08844965696334839,-0.027086037158435956,0.015622977419215677,-0.0598488659550885,True,False,3,recoverable,False
71.03333333333593,8524,15,84,59,84,PLAYING,0.7359055876731873,-0.015550613403320312,0.08845050632953644,-0.027037848094378137,0.015324945997203755,-0.05984107522114286,True,False,3,recoverable,False
71.10000000000265,8532,15,84,59,84,PLAYING,0.7358560562133789,-0.015546232461929321,0.08844652026891708,-0.027063578999279907,0.01518205539022303,-0.059839570878234924,True,False,3,recoverable,False
71.16666666666937,8540,15,85,60,85,PLAYING,0.7357844114303589,-0.015545785427093506,0.0884319394826889,-0.027000797311935602,0.015188936440108417,-0.05983438423593195,True,False,3,recoverable,False
71.23333333333609,8548,15,86,61,86,PLAYING,0.7357223629951477,-0.01554282009601593,0.08842667192220688,-0.026965495479202115,0.0152194945700915,-0.059837291577654,True,False,3,recoverable,False
71.30000000000281,8556,16,95,62,95,PLAYING,0.7367578148841858,-0.015742704272270203,0.09176706522703171,-0.027396673670860884,0.01114537904657847,-0.061426920135498345,True,False,3,recoverable,False
71.36666666666953,8564,16,95,62,95,PLAYING,0.7410513758659363,-0.017890043556690216,0.09541107714176178,-0.023816572681518714,-0.005193853396956678,-0.07375099971329274,True,False,3,recoverable,False
71.43333333333625,8572,16,95,62,95,PLAYING,0.7466772794723511,-0.022229254245758057,0.09979370981454849,-0.010345726189908807,-0.020100196020633305,-0.09675897681932653,True,False,3,recoverable,False
71.50000000000297,8580,16,95,62,95,PLAYING,0.7554254531860352,-0.027244918048381805,0.1045977771282196,-0.00630559856402997,-0.04025336133675957,-0.12499860169357889,True,False,3,recoverable,False
71.56666666666969,8588,16,95,62,95,PLAYING,0.7601544260978699,-0.030628614127635956,0.10682288557291031,-0.0015998968393506183,-0.046935056614564444,-0.14150805908938577,True,False,3,recoverable,False
71.63333333333641,8596,16,95,62,95,PLAYING,0.7594128847122192,-0.03068685531616211,0.10859208554029465,0.0010820585734424753,-0.05409346095409007,-0.14154980029272574,True,False,3,recoverable,False
71.70000000000313,8604,16,95,62,95,PLAYING,0.7576532959938049,-0.03068019449710846,0.1097981333732605,0.005401802214404893,-0.057579216117593666,-0.14126676707618005,True,False,3,recoverable,False
71.76666666666985,8612,16,95,62,95,PLAYING,0.7556657791137695,-0.029599487781524658,0.11034786701202393,0.0031284555113440236,-0.06038409564939883,-0.13526612441686195,True,False,3,recoverable,False
71.83333333333657,8620,16,95,62,95,PLAYING,0.7528627514839172,-0.028270743787288666,0.10931439697742462,0.003682563729530158,-0.056472688025548265,-0.128184565825746,True,False,3,recoverable,False
71.90000000000329,8628,16,95,62,95,PLAYING,0.749657928943634,-0.026447631418704987,0.10825206339359283,0.00027620336351474455,-0.05235210107910514,-0.11743765943260641,True,False,3,recoverable,False
71.96666666667001,8636,16,95,62,95,PLAYING,0.7474045753479004,-0.02531750500202179,0.1077631339430809,0.0006832119487333788,-0.050394540603675014,-0.1108945364561841,True,False,3,recoverable,False
72.03333333333673,8644,16,95,62,95,PLAYING,0.7461235523223877,-0.02482396364212036,0.10904043912887573,0.0009992338656704472,-0.05452728114059233,-0.10794175467749872,True,False,3,recoverable,False
72.10000000000345,8652,16,95,62,95,PLAYING,0.7443838715553284,-0.02434222400188446,0.10841356962919235,0.0024363035728005114,-0.05238521634870145,-0.10445282439302224,True,False,3,recoverable,False
72.16666666667017,8660,16,95,62,95,PLAYING,0.7423934936523438,-0.023417197167873383,0.10836613178253174,0.000598451146917065,-0.05159478276556606,-0.0987330908898569,True,False,3,recoverable,False
72.23333333333689,8668,16,95,62,95,PLAYING,0.740834653377533,-0.022960059344768524,0.1085023432970047,0.002095904886281143,-0.05216548589919688,-0.09579353275545656,True,False,3,recoverable,False
72.3000000000036,8676,16,96,64,96,PLAYING,0.7410194873809814,-0.02309555560350418,0.10841002315282822,0.004196992391313492,-0.05079906768736088,-0.09588724436016059,True,False,3,recoverable,False
72.36666666667033,8684,17,105,64,105,PLAYING,0.7436859607696533,-0.02351442724466324,0.10838084667921066,-0.0019058362006140177,-0.05309369212509842,-0.09948296114226209,True,False,3,recoverable,False
72.43333333333705,8692,17,105,64,105,PLAYING,0.7516891956329346,-0.027668096125125885,0.10749024897813797,0.00039939922717826545,-0.04997123653496031,-0.12302120040941415,True,False,3,recoverable,False
72.50000000000377,8700,17,105,64,105,PLAYING,0.7613568902015686,-0.03318166732788086,0.10617847740650177,-0.0026706461433248447,-0.04364209543650251,-0.14993609553139753,True,False,3,recoverable,False
72.56666666667049,8708,17,105,64,105,PLAYING,0.7605730295181274,-0.03311743587255478,0.10375005006790161,-0.002474444385605043,-0.03360636449114624,-0.14991505043025574,True,False,3,recoverable,False
72.6333333333372,8716,17,105,64,105,PLAYING,0.7606139779090881,-0.03258701413869858,0.10344123840332031,-0.006328086817875335,-0.032181109682444,-0.14762144809426792,True,False,3,recoverable,False
72.70000000000393,8724,17,105,64,105,PLAYING,0.7596373558044434,-0.0324593186378479,0.10402781516313553,-0.0032285164567956064,-0.0366720019263263,-0.14699266967346591,True,False,3,recoverable,False
72.76666666667064,8732,17,105,64,105,PLAYING,0.7590413689613342,-0.03236054629087448,0.10506241768598557,-0.0034473958676739863,-0.04005473479712537,-0.14690370034237235,True,False,3,recoverable,False
72.83333333333736,8740,17,105,64,105,PLAYING,0.758644700050354,-0.03225882351398468,0.10360853374004364,-0.0041316424186525124,-0.03203648486648182,-0.14615340781202635,True,False,3,recoverable,False
72.90000000000408,8748,17,105,64,105,PLAYING,0.7566543817520142,-0.03253791481256485,0.1018725037574768,-0.001643472867010945,-0.015191781621033126,-0.1419939289707264,True,False,3,recoverable,False
72.9666666666708,8756,17,105,64,105,PLAYING,0.7528539299964905,-0.033281028270721436,0.10087364912033081,0.006131305423372379,0.009520406167097427,-0.1337843240210216,True,False,3,recoverable,False
73.03333333333752,8764,17,105,64,105,PLAYING,0.7504163384437561,-0.03437130153179169,0.10249277204275131,0.020405100731166973,0.03225547877557551,-0.12731617269830214,True,False,2,recoverable,False
73.10000000000424,8772,17,105,64,105,PLAYING,0.7482060790061951,-0.03576856851577759,0.1060483530163765,0.041559853829506554,0.05659411459084318,-0.1215735798444654,True,False,2,recoverable,False
73.16666666667096,8780,17,105,64,105,PLAYING,0.7442336678504944,-0.0376080647110939,0.11059661954641342,0.06632589269176219,0.08222170604693778,-0.11183656303350477,True,False,2,recoverable,False
73.23333333333768,8788,17,105,64,105,PLAYING,0.7397539019584656,-0.0401383638381958,0.11636848002672195,0.09351001132063744,0.10589000252313614,-0.09905377951076941,True,False,3,recoverable,False
73.3000000000044,8796,17,105,64,105,PLAYING,0.7369922399520874,-0.04159654676914215,0.11924631893634796,0.1066842414406345,0.11929492063390292,-0.091163617506495,True,False,3,recoverable,False
73.36666666667112,8804,17,105,64,105,PLAYING,0.7349469065666199,-0.041044533252716064,0.11754463613033295,0.10209368988873353,0.11677227044389316,-0.08961237790625828,True,False,3,recoverable,False
73.43333333333784,8812,17,105,64,105,PLAYING,0.7343398928642273,-0.04016795754432678,0.11429879069328308,0.09238765365050366,0.11868112981181284,-0.0883162061573311,True,False,3,recoverable,False
73.50000000000456,8820,17,105,64,105,PLAYING,0.7335088849067688,-0.03924325108528137,0.11091632395982742,0.08185090611936134,0.11752199381592904,-0.08777999598303132,True,False,3,recoverable,False
73.56666666667128,8828,17,105,64,105,PLAYING,0.7317348122596741,-0.0387987345457077,0.1091780960559845,0.07651425687965076,0.11765516470698278,-0.08614716410628494,True,False,3,recoverable,False
73.633333333338,8836,17,105,64,105,PLAYING,0.729444682598114,-0.038708969950675964,0.10844621807336807,0.07444175093006472,0.11797179161587296,-0.08313469577943192,True,False,3,recoverable,False
73.70000000000472,8844,17,105,64,105,PLAYING,0.7287470698356628,-0.03926114737987518,0.11070959270000458,0.08103942992224558,0.11800651247637288,-0.08162101394031754,True,False,3,recoverable,False
73.76666666667144,8852,17,106,66,106,PLAYING,0.7272999882698059,-0.04035167396068573,0.11444412916898727,0.09097270975323989,0.12057694814458113,-0.0776477094732412,True,False,3,recoverable,False
73.83333333333816,8860,18,107,66,107,PLAYING,0.7253055572509766,-0.04180160164833069,0.1187904104590416,0.10341444337033254,0.12219241041307219,-0.0723464509088415,True,False,3,recoverable,False
73.90000000000488,8868,18,107,66,107,PLAYING,0.723235011100769,-0.04322010278701782,0.12254369258880615,0.11449311379748171,0.12330307537253396,-0.06697201265393526,True,False,3,recoverable,False
73.9666666666716,8876,18,108,67,108,PLAYING,0.7222967743873596,-0.04396611452102661,0.12446805089712143,0.12004752628455873,0.12389004864199506,-0.06464302852201508,True,False,3,recoverable,False
74.03333333333832,8884,18,108,67,108,PLAYING,0.7220653295516968,-0.044215127825737,0.12539565563201904,0.12251722344164413,0.1241060751452392,-0.06421155895257019,True,False,3,recoverable,False
74.10000000000504,8892,18,109,68,109,PLAYING,0.7219936847686768,-0.044328346848487854,0.1259315013885498,0.12384527627280248,0.12418120409800175,-0.06404461755317808,True,False,3,recoverable,False
74.16666666667176,8900,18,110,69,110,PLAYING,0.7220100164413452,-0.04441218078136444,0.12627458572387695,0.1246141441281505,0.12430210903900732,-0.06396404706771369,True,False,3,recoverable,False
74.23333333333848,8908,18,110,69,110,PLAYING,0.7220459580421448,-0.044467777013778687,0.1265210509300232,0.12512714383075185,0.1243846336261724,-0.06393499847022215,True,False,3,recoverable,False
74.3000000000052,8916,18,111,70,111,PLAYING,0.7220760583877563,-0.04450806975364685,0.12671875953674316,0.12552562929672814,0.12442935614569767,-0.06386559052890117,True,False,3,recoverable,False
74.36666666667192,8924,18,112,71,112,PLAYING,0.7221304178237915,-0.04453735053539276,0.1268659085035324,0.12580941631135326,0.12443910765158214,-0.06384165100812637,True,False,3,recoverable,False
74.43333333333864,8932,18,113,72,113,PLAYING,0.722159206867218,-0.04457443952560425,0.1270100176334381,0.12613106939378052,0.12450324796512384,-0.06382137954843088,True,False,3,recoverable,False
74.50000000000536,8940,18,114,73,114,PLAYING,0.722200870513916,-0.04460139572620392,0.12712934613227844,0.12640317311894309,0.12454655384769758,-0.06378776635770686,True,False,3,recoverable,False
74.56666666667208,8948,18,115,74,115,PLAYING,0.7222468256950378,-0.04462189972400665,0.12721982598304749,0.12656478197658144,0.12453771905764653,-0.06378285036619188,True,False,3,recoverable,False
74.6333333333388,8956,18,116,75,116,PLAYING,0.7222986817359924,-0.04464198648929596,0.12729966640472412,0.12671941563562797,0.12453233922165888,-0.06377038228817739,True,False,3,recoverable,False
74.70000000000552,8964,18,116,75,116,PLAYING,0.7223406434059143,-0.04466065764427185,0.1273753046989441,0.12687617833548498,0.12453224081639894,-0.06376890132472346,True,False,3,recoverable,False
74.76666666667224,8972,19,117,76,117,PLAYING,0.7223697304725647,-0.04468776285648346,0.12748384475708008,0.12710830176524446,0.12471347977575052,-0.06374451639260185,True,False,3,recoverable,False
74.83333333333896,8980,19,118,77,118,PLAYING,0.7223746180534363,-0.04470685124397278,0.12759479880332947,0.12724715260074965,0.12492792919168343,-0.06372483972392413,True,False,3,recoverable,False
74.90000000000568,8988,19,118,77,118,PLAYING,0.7224478721618652,-0.04471665620803833,0.12759815156459808,0.12738521629487562,0.1247167100042019,-0.06371252692225877,True,False,3,recoverable,False
74.9666666666724,8996,19,118,77,118,PLAYING,0.7225115895271301,-0.04472827911376953,0.1276278793811798,0.12746777287439803,0.12466254235889836,-0.06370523348030423,True,False,3,recoverable,False
75.03333333333912,9004,19,118,77,118,PLAYING,0.7226139903068542,-0.04473525285720825,0.12763263285160065,0.12747453408497122,0.12456272230253104,-0.063680304414081,True,False,3,recoverable,False
75.10000000000583,9012,19,118,77,118,PLAYING,0.7226732969284058,-0.04474842548370361,0.1276736557483673,0.1275602120887695,0.12458269204730484,-0.06365951018083964,True,False,3,recoverable,False
75.16666666667255,9020,19,118,77,118,PLAYING,0.7227320671081543,-0.04476293921470642,0.12772002816200256,0.12765723994531697,0.12463191397456748,-0.06363883803640735,True,False,3,recoverable,False
75.23333333333927,9028,19,119,78,119,PLAYING,0.7227234244346619,-0.04477842152118683,0.12782904505729675,0.1277874891386278,0.12493852372366954,-0.06358488050582842,True,False,3,recoverable,False
75.300000000006,9036,19,119,78,119,PLAYING,0.7227689027786255,-0.04478523135185242,0.12783551216125488,0.12784830533572286,0.12477419118935819,-0.06359366653268113,True,False,3,recoverable,False
75.36666666667271,9044,20,120,79,120,PLAYING,0.7229039669036865,-0.04478885233402252,0.12780579924583435,0.12782152045686315,0.12462211946653293,-0.06357144261116887,True,False,3,recoverable,False
75.43333333333943,9052,20,121,80,121,PLAYING,0.7229510545730591,-0.0448022335767746,0.12784169614315033,0.12792725535291022,0.1246572190966239,-0.06355619548927288,True,False,3,recoverable,False
75.50000000000615,9060,20,121,80,121,PLAYING,0.7229915857315063,-0.044813722372055054,0.12788847088813782,0.12799551332031828,0.12474908963877054,-0.06353047209879317,True,False,3,recoverable,False
75.56666666667287,9068,20,122,81,122,PLAYING,0.7231698632240295,-0.044814467430114746,0.12781713902950287,0.1279539269361916,0.12450799673106396,-0.06352381349671793,True,False,3,recoverable,False
75.63333333333959,9076,20,122,81,122,PLAYING,0.7232146263122559,-0.04483094811439514,0.12783198058605194,0.12813985811620524,0.12445234867270957,-0.0635297495331192,True,False,3,recoverable,False
75.70000000000631,9084,20,122,81,122,PLAYING,0.7232221961021423,-0.04485100507736206,0.12791156768798828,0.12829022452345687,0.12466033227004243,-0.06348464014285668,True,False,3,recoverable,False
75.76666666667303,9092,20,122,81,122,PLAYING,0.7232919931411743,-0.04486800730228424,0.12797090411186218,0.12838210076242712,0.12482628717914078,-0.06344826448984911,True,False,3,recoverable,False
75.83333333333975,9100,20,122,81,122,PLAYING,0.7233429551124573,-0.044881194829940796,0.12800538539886475,0.12848771798625033,0.12484261120591589,-0.06344757056622494,True,False,3,recoverable,False
75.90000000000647,9108,20,123,82,123,PLAYING,0.7234196066856384,-0.044890135526657104,0.12802624702453613,0.12852759639698771,0.12487141622141026,-0.0634269377515953,True,False,3,recoverable,False
75.96666666667319,9116,20,124,83,124,PLAYING,0.723483681678772,-0.04489779472351074,0.12800943851470947,0.1286153526160248,0.12470581244400948,-0.06343658889413897,True,False,3,recoverable,False
76.03333333333991,9124,20,124,83,124,PLAYING,0.7235267162322998,-0.0449046790599823,0.12801802158355713,0.12865775415718594,0.12464713721921872,-0.06342698027426645,True,False,3,recoverable,False
76.10000000000663,9132,20,125,84,125,PLAYING,0.7235985994338989,-0.044908344745635986,0.12801596522331238,0.12868233778160046,0.12458952089709056,-0.0634344356574718,True,False,3,recoverable,False
76.16666666667335,9140,20,126,85,126,PLAYING,0.7236528396606445,-0.04491451382637024,0.12803038954734802,0.12869921742844892,0.12458890084463506,-0.06341747501112989,True,False,3,recoverable,False
76.23333333334007,9148,20,126,85,126,PLAYING,0.7237228155136108,-0.044919952750205994,0.12802398204803467,0.12872777372295516,0.12453599761444725,-0.06340914745225747,True,False,3,recoverable,False
76.30000000000679,9156,20,127,86,127,PLAYING,0.7237572073936462,-0.044926002621650696,0.1280340552330017,0.1287312870385387,0.12449059347791457,-0.06340138647285808,True,False,3,recoverable,False
76.36666666667351,9164,20,127,86,127,PLAYING,0.7238399982452393,-0.044930219650268555,0.128015398979187,0.12870371858340565,0.12439330409455203,-0.06341248848517449,True,False,3,recoverable,False
76.43333333334023,9172,20,127,86,127,PLAYING,0.723962128162384,-0.04493415355682373,0.1279941201210022,0.12863080979523883,0.12435108348624233,-0.06341773327577375,True,False,3,recoverable,False
76.50000000000695,9180,20,127,86,127,PLAYING,0.7240378260612488,-0.04494127631187439,0.12799465656280518,0.12861068853543786,0.1242807288111345,-0.06342199572762788,True,False,3,recoverable,False
76.56666666667367,9188,20,128,87,128,PLAYING,0.7240608334541321,-0.04494647681713104,0.12799936532974243,0.12863329129508944,0.12422117427366965,-0.06343043579345811,True,False,3,recoverable,False
76.63333333334039,9196,20,128,87,128,PLAYING,0.7241533994674683,-0.04495345056056976,0.12799397110939026,0.12860313065095244,0.12417440664810096,-0.06343107675807817,True,False,3,recoverable,False
76.70000000000711,9204,20,128,87,128,PLAYING,0.7242407202720642,-0.04496026039123535,0.12799280881881714,0.1285573127342083,0.12415257288484578,-0.06342150068182695,True,False,3,recoverable,False
76.76666666667383,9212,20,129,88,129,PLAYING,0.7243426442146301,-0.04496617615222931,0.12798704206943512,0.1284914846865945,0.12412193229522847,-0.0634163308019389,True,False,3,recoverable,False
76.83333333334055,9220,20,129,88,129,PLAYING,0.724423348903656,-0.044973015785217285,0.12798351049423218,0.1284743808680764,0.12408944797405093,-0.06341852486330685,True,False,3,recoverable,False
76.90000000000727,9228,20,130,89,130,PLAYING,0.7244744300842285,-0.0449795126914978,0.12797993421554565,0.12849395717918635,0.12402923739212823,-0.06342681810104903,True,False,3,recoverable,False
76.96666666667399,9236,21,131,90,131,PLAYING,0.72452712059021,-0.04499000310897827,0.12801936268806458,0.12849353883515194,0.12417818483596257,-0.06341069120280748,True,False,3,recoverable,False
77.0333333333407,9244,21,131,90,131,PLAYING,0.7246629595756531,-0.044987574219703674,0.12796789407730103,0.12837530215053541,0.12405365013739686,-0.06342519005924765,True,False,3,recoverable,False
77.10000000000743,9252,21,131,90,131,PLAYING,0.7247889637947083,-0.04499250650405884,0.12793070077896118,0.12832016198677107,0.12394381322404979,-0.06342879881947897,True,False,3,recoverable,False
77.16666666667415,9260,21,132,91,132,PLAYING,0.7248538732528687,-0.045002520084381104,0.127945214509964,0.12834235988448794,0.12399733456176094,-0.06342532278329395,True,False,3,recoverable,False
77.23333333334087,9268,21,132,91,132,PLAYING,0.7249432802200317,-0.04501010477542877,0.1279287040233612,0.12833007669028726,0.1239388751352407,-0.0634192823112603,True,False,3,recoverable,False
77.30000000000759,9276,21,132,91,132,PLAYING,0.7250502705574036,-0.0450163334608078,0.12790419161319733,0.12829739550323832,0.12384406350746059,-0.06342197622471855,True,False,3,recoverable,False
77.3666666666743,9284,21,132,91,132,PLAYING,0.7251807451248169,-0.04502515494823456,0.12788599729537964,0.12826089348894112,0.12382021365261695,-0.0634135521026989,True,False,3,recoverable,False
77.43333333334103,9292,21,133,92,133,PLAYING,0.7252379059791565,-0.045032620429992676,0.12790746986865997,0.12825957205688923,0.12390405517375987,-0.0634170196173722,True,False,3,recoverable,False
77.50000000000774,9300,21,133,92,133,PLAYING,0.7253457307815552,-0.04503805935382843,0.12788371741771698,0.128206680265753,0.123816871910942,-0.06341428844269462,True,False,3,recoverable,False
77.56666666667446,9308,21,134,93,134,PLAYING,0.7254269123077393,-0.045045405626297,0.1278725415468216,0.1282059240050301,0.12372769041065891,-0.06342280529738999,True,False,3,recoverable,False
77.63333333334118,9316,21,134,93,134,PLAYING,0.7255333065986633,-0.04505462944507599,0.12785577774047852,0.12821266814024673,0.12368043323030661,-0.06342843726219627,True,False,3,recoverable,False
77.7000000000079,9324,21,135,94,135,PLAYING,0.7256303429603577,-0.04505690932273865,0.12784840166568756,0.12812934043347185,0.1236285587382583,-0.06343926428842894,True,False,3,recoverable,False
77.76666666667462,9332,21,136,95,136,PLAYING,0.7256576418876648,-0.04506823420524597,0.12784907221794128,0.12826217875229395,0.12358894859350662,-0.06346327037194857,True,False,3,recoverable,False
77.83333333334134,9340,21,136,95,136,PLAYING,0.7256802916526794,-0.0450802743434906,0.12785303592681885,0.12839997680913914,0.12354354379323819,-0.06348287855106581,True,False,3,recoverable,False
77.90000000000806,9348,21,137,96,137,PLAYING,0.7256959080696106,-0.04509201645851135,0.1278766691684723,0.1285116606628719,0.1236071415905306,-0.06349156573117631,True,False,3,recoverable,False
77.96666666667478,9356,21,138,97,138,PLAYING,0.7257167100906372,-0.04510103166103363,0.12789256870746613,0.12858748359227776,0.12362232699376582,-0.06350164519506094,True,False,4,recoverable,False
78.0333333333415,9364,21,138,97,138,PLAYING,0.725749671459198,-0.045110657811164856,0.12790447473526,0.1286604807066233,0.12363342732768572,-0.0635092414935867,True,False,4,recoverable,False
78.10000000000822,9372,21,139,98,139,PLAYING,0.7257610559463501,-0.04511865973472595,0.12792804837226868,0.12871928131205157,0.12368435399276141,-0.06351278283228756,True,False,4,recoverable,False
78.16666666667494,9380,21,140,99,140,PLAYING,0.7257797718048096,-0.045125484466552734,0.12794622778892517,0.12875976582614607,0.12371462272175142,-0.06351559027469016,True,False,4,recoverable,False
78.23333333334166,9388,21,141,100,141,PLAYING,0.7257994413375854,-0.045131877064704895,0.12796199321746826,0.12879503911443058,0.12374260221226856,-0.06351838508090499,True,False,4,recoverable,False
78.30000000000838,9396,21,141,100,141,PLAYING,0.7258223295211792,-0.04513537883758545,0.12796783447265625,0.128800369302261,0.12371823474730609,-0.0635248103635287,True,False,4,recoverable,False
78.3666666666751,9404,21,142,101,142,PLAYING,0.7258339524269104,-0.04514141380786896,0.1279873549938202,0.12883557563780135,0.12378276639569069,-0.06352240767861841,True,False,4,recoverable,False
78.43333333334182,9412,22,143,102,143,PLAYING,0.726603627204895,-0.045202404260635376,0.12801072001457214,0.12885123823985503,0.12379943951107301,-0.06375535215342677,True,False,4,recoverable,False
78.50000000000854,9420,22,143,102,143,PLAYING,0.7275741696357727,-0.045249223709106445,0.12799394130706787,0.12837105842871088,0.1240532443418185,-0.06391209411965271,True,False,4,recoverable,False
78.56666666667526,9428,22,143,102,143,PLAYING,0.7284979820251465,-0.04530714452266693,0.12803292274475098,0.1281104684077836,0.12432359764522175,-0.06400054155508429,True,False,4,recoverable,False
78.63333333334198,9436,22,143,102,143,PLAYING,0.7294378876686096,-0.04536338150501251,0.12807734310626984,0.12786234872395524,0.12460301010657371,-0.0641171427572873,True,False,4,recoverable,False
78.7000000000087,9444,22,143,102,143,PLAYING,0.7304101586341858,-0.045420095324516296,0.12810133397579193,0.12759898586761434,0.12489489104567766,-0.06420227659337681,True,False,4,recoverable,False
78.76666666667542,9452,22,143,102,143,PLAYING,0.7314103245735168,-0.04547438025474548,0.12810049951076508,0.12731727222309985,0.12520504137049648,-0.06430359673643468,True,False,4,recoverable,False
78.83333333334214,9460,22,143,102,143,PLAYING,0.7324373126029968,-0.045522674918174744,0.12808147072792053,0.12697422388407964,0.1255155278225641,-0.06441539517212948,True,False,4,recoverable,False
78.90000000000886,9468,22,143,102,143,PLAYING,0.7334662079811096,-0.045569777488708496,0.12803471088409424,0.12661392019110967,0.1257688284349165,-0.06451867568204293,True,False,4,recoverable,False
78.96666666667558,9476,22,143,102,143,PLAYING,0.7345255613327026,-0.045609310269355774,0.1279594898223877,0.12620823574285905,0.12603371990901246,-0.06467608396046802,True,False,4,recoverable,False
79.0333333333423,9484,22,143,102,143,PLAYING,0.7355995178222656,-0.04565022885799408,0.12786045670509338,0.1258285443124488,0.12629691248318942,-0.06480057549020891,True,False,4,recoverable,False
79.10000000000902,9492,22,143,102,143,PLAYING,0.7366989254951477,-0.045700788497924805,0.12773576378822327,0.12541256436468648,0.12658448862418034,-0.06495603188599046,True,False,4,recoverable,False
79.16666666667574,9500,22,143,102,143,PLAYING,0.7376098036766052,-0.04579010605812073,0.12779048085212708,0.12578596178906834,0.1268166982209968,-0.06503808050217023,True,False,4,recoverable,False
79.23333333334246,9508,22,143,102,143,PLAYING,0.7383665442466736,-0.04591311514377594,0.12795013189315796,0.1266760541905378,0.12697474044599596,-0.06496114242618789,True,False,4,recoverable,False
79.30000000000918,9516,22,143,102,143,PLAYING,0.7392158508300781,-0.0460306853055954,0.12808044254779816,0.12735957808574577,0.12722368206660473,-0.06484537433095398,True,False,4,recoverable,False
79.3666666666759,9524,22,143,102,143,PLAYING,0.7401295304298401,-0.04615287482738495,0.12819048762321472,0.1279978079566657,0.12746447525031795,-0.0646913660703613,True,False,4,recoverable,False
79.43333333334262,9532,22,143,102,143,PLAYING,0.7410569190979004,-0.04627212882041931,0.1282946616411209,0.1286537352479497,0.12774336341106388,-0.06452579803745659,True,False,4,recoverable,False
79.50000000000934,9540,22,143,102,143,PLAYING,0.7419484853744507,-0.04634411633014679,0.12831908464431763,0.12879181177260268,0.12716325301480244,-0.06446071264355,True,False,4,recoverable,False
79.56666666667606,9548,22,143,102,143,PLAYING,0.7428550720214844,-0.04641556739807129,0.12833945453166962,0.12894647288001887,0.12658474531675643,-0.06439429423191194,True,False,4,recoverable,False
79.63333333334278,9556,22,143,102,143,PLAYING,0.7437908053398132,-0.04649282991886139,0.1283300518989563,0.12904460782970148,0.12592956081004072,-0.06426625049009842,True,False,4,recoverable,False
79.7000000000095,9564,22,143,102,143,PLAYING,0.7447308897972107,-0.046568602323532104,0.1283227652311325,0.12920439277399795,0.12530559314750483,-0.06416512990455268,True,False,4,recoverable,False
79.76666666667622,9572,22,143,102,143,PLAYING,0.7457237243652344,-0.046637147665023804,0.12827204167842865,0.12928492110881737,0.12460533357701985,-0.06408990639309536,True,False,4,recoverable,False
79.83333333334294,9580,22,143,102,143,PLAYING,0.7464302182197571,-0.04671667516231537,0.1283702701330185,0.1298653989146365,0.12437138392918408,-0.06416143979731481,True,False,4,recoverable,False
79.90000000000965,9588,22,143,102,143,PLAYING,0.7471826076507568,-0.04677590727806091,0.12848594784736633,0.13013436527138997,0.12438149106344762,-0.06420950410202646,True,False,4,recoverable,False
79.96666666667637,9596,22,143,102,143,PLAYING,0.7480294108390808,-0.04682758450508118,0.12859418988227844,0.13017035278251676,0.12457671427260904,-0.0642186774996582,True,False,4,recoverable,False
80.0333333333431,9604,22,143,102,143,PLAYING,0.7489161491394043,-0.04686747491359711,0.1286950707435608,0.13015926074807654,0.12483359796252032,-0.06419654604591,True,False,4,recoverable,False
80.10000000000981,9612,22,143,102,143,PLAYING,0.7498571872711182,-0.04690377414226532,0.12876391410827637,0.13000440471227137,0.12511140097932505,-0.06421908219665859,True,False,4,recoverable,False
80.16666666667653,9620,22,143,102,143,PLAYING,0.750848114490509,-0.046947136521339417,0.12878282368183136,0.12970860146521873,0.12537368074040986,-0.06432492797186136,True,False,4,recoverable,False
80.23333333334325,9628,22,143,102,143,PLAYING,0.7518752217292786,-0.046996667981147766,0.12875038385391235,0.1293182477482963,0.12561672163658974,-0.06459094091929266,True,False,4,recoverable,False
80.30000000000997,9636,22,143,102,143,PLAYING,0.7528877854347229,-0.04705801606178284,0.12875774502754211,0.12914947102975383,0.12596502382316502,-0.06476089742452137,True,False,4,recoverable,False
80.3666666666767,9644,22,143,102,143,PLAYING,0.7539195418357849,-0.04713168740272522,0.12873876094818115,0.12889633785349597,0.12627700276478562,-0.06484936813815763,True,False,4,recoverable,False
80.43333333334341,9652,22,143,102,143,PLAYING,0.7549647092819214,-0.047172874212265015,0.1287025511264801,0.12871381240491317,0.12660645207061702,-0.06502219608395328,True,False,4,recoverable,False
80.50000000001013,9660,22,143,102,143,PLAYING,0.7560559511184692,-0.04721452295780182,0.1286153495311737,0.1283640022161225,0.1269058642803785,-0.06520155839166691,True,False,4,recoverable,False
80.56666666667685,9668,22,143,102,143,PLAYING,0.7571479678153992,-0.04726068675518036,0.1285209357738495,0.1280776083716444,0.1272001572579654,-0.06532383893134597,True,False,4,recoverable,False
80.63333333334357,9676,22,143,102,143,PLAYING,0.7582929134368896,-0.04731723666191101,0.1283317506313324,0.12737546946776293,0.12729677285270835,-0.06543016001123424,True,False,4,recoverable,False
80.70000000001029,9684,22,143,102,143,PLAYING,0.7592825889587402,-0.047371044754981995,0.1282096654176712,0.12702266381527544,0.1269808761173046,-0.06542304693792346,True,False,4,recoverable,False
80.76666666667701,9692,22,143,102,143,PLAYING,0.7602333426475525,-0.04744856059551239,0.12811270356178284,0.12673912039838348,0.12658121552084878,-0.065420653114297,True,False,4,recoverable,False
80.83333333334373,9700,22,143,102,143,PLAYING,0.7610209584236145,-0.047554582357406616,0.12822002172470093,0.127299313570516,0.12621797043099522,-0.06529804321252283,True,False,4,recoverable,False
80.90000000001045,9708,22,143,102,143,PLAYING,0.761860191822052,-0.047659873962402344,0.12832637131214142,0.12787933211231983,0.12591289519331292,-0.0651355570593327,True,False,4,recoverable,False
80.96666666667717,9716,22,143,102,143,PLAYING,0.762762188911438,-0.04775363206863403,0.12838420271873474,0.12832674343750636,0.12552571192436587,-0.06491912012827525,True,False,4,recoverable,False
81.03333333334389,9724,22,143,102,143,PLAYING,0.7637087106704712,-0.047851547598838806,0.12839806079864502,0.12862893320646318,0.12513186745658514,-0.06475622911750911,True,False,4,recoverable,False
81.10000000001061,9732,22,143,102,143,PLAYING,0.7646819353103638,-0.047945186495780945,0.12840069830417633,0.12896215568659064,0.1246975342874688,-0.06458749132928766,True,False,4,recoverable,False
81.16666666667733,9740,22,143,102,143,PLAYING,0.7656857371330261,-0.04804222285747528,0.1283772885799408,0.12921344159107007,0.1242623177618641,-0.06444710854556941,True,False,4,recoverable,False
81.23333333334405,9748,22,143,102,143,PLAYING,0.7666686773300171,-0.04814004898071289,0.1283351480960846,0.1296263941894456,0.12380823951522071,-0.06424183303260968,True,False,4,recoverable,False
81.30000000001077,9756,22,143,102,143,PLAYING,0.7676530480384827,-0.04825328290462494,0.12829548120498657,0.13006639275688525,0.12338365429186159,-0.0639621449091755,True,False,4,recoverable,False
81.36666666667749,9764,22,143,102,143,PLAYING,0.7684917449951172,-0.04833151400089264,0.1283356249332428,0.13049245871404655,0.12346982860937522,-0.06381658709339601,True,False,4,recoverable,False
81.43333333334421,9772,22,143,102,143,PLAYING,0.7693843841552734,-0.04840785264968872,0.12838634848594666,0.1307837701094036,0.1237093962079032,-0.06375119577427764,True,False,4,recoverable,False
81.50000000001093,9780,22,143,102,143,PLAYING,0.7703317999839783,-0.04848077893257141,0.12843111157417297,0.13096845667412296,0.1240139544636681,-0.06361058263176839,True,False,4,recoverable,False
81.56666666667765,9788,22,143,102,143,PLAYING,0.7712721824645996,-0.04855053126811981,0.12849074602127075,0.1312690753617689,0.12438621344616665,-0.06337841724645484,True,False,4,recoverable,False
81.63333333334437,9796,22,143,102,143,PLAYING,0.7722670435905457,-0.048629388213157654,0.12851952016353607,0.13145952715020043,0.12471829837004315,-0.06317364648635894,True,False,4,recoverable,False
81.70000000001109,9804,22,143,102,143,PLAYING,0.7732956409454346,-0.04869970679283142,0.12851399183273315,0.13160072159997677,0.12506108932503318,-0.0629820806945294,True,False,4,recoverable,False
81.7666666666778,9812,22,143,102,143,PLAYING,0.7743170261383057,-0.04875624179840088,0.12848374247550964,0.13168734799469559,0.12538936566349923,-0.0627538558973846,True,False,4,recoverable,False
81.83333333334453,9820,22,143,102,143,PLAYING,0.7751095294952393,-0.048792898654937744,0.12851601839065552,0.13170146736186517,0.12547385899918725,-0.06272848679100178,True,False,4,recoverable,False
81.90000000001125,9828,22,143,102,143,PLAYING,0.7760083079338074,-0.04881514608860016,0.12849661707878113,0.13117899790534038,0.125442466688228,-0.06285858302223733,True,False,4,recoverable,False
81.96666666667797,9836,22,143,102,143,PLAYING,0.7769614458084106,-0.04883478581905365,0.1284169852733612,0.13039589160296797,0.1254107090029008,-0.06308399762965945,True,False,4,recoverable,False
82.03333333334469,9844,22,143,102,143,PLAYING,0.7779492735862732,-0.04886597394943237,0.1283247172832489,0.1295578497192731,0.1254464014100251,-0.06334397433681543,True,False,4,recoverable,False
82.1000000000114,9852,22,143,102,143,PLAYING,0.7789729237556458,-0.04888969659805298,0.128211110830307,0.12868994644975043,0.12552261592003916,-0.06359259072820701,True,False,4,recoverable,False
82.16666666667813,9860,22,143,102,143,PLAYING,0.7800278067588806,-0.04891042411327362,0.1280849277973175,0.12777986061902458,0.12562812519858266,-0.0638471022217732,True,False,4,recoverable,False
82.23333333334485,9868,22,143,102,143,PLAYING,0.7811070680618286,-0.04893137514591217,0.12792903184890747,0.12682646991933674,0.12571305148759915,-0.06406989291557373,True,False,4,recoverable,False
82.30000000001156,9876,22,143,102,143,PLAYING,0.7821475863456726,-0.04895767569541931,0.12779498100280762,0.1260603200541387,0.12576285209327712,-0.0642771793551144,True,False,4,recoverable,False
82.36666666667828,9884,22,143,102,143,PLAYING,0.782788872718811,-0.049054816365242004,0.12798532843589783,0.12672019172560195,0.12568350661083433,-0.06430639874231132,True,False,4,recoverable,False
82.433333333345,9892,22,143,102,143,PLAYING,0.7835655212402344,-0.04914526641368866,0.12811079621315002,0.12709687262414732,0.12568733161604767,-0.06435024463842179,True,False,4,recoverable,False
82.50000000001172,9900,22,143,102,143,PLAYING,0.7843785285949707,-0.04922299087047577,0.1282513439655304,0.12752118708697738,0.12579170182872657,-0.06428216656440228,True,False,4,recoverable,False
82.56666666667844,9908,22,143,102,143,PLAYING,0.7852723598480225,-0.049296170473098755,0.12833619117736816,0.1277597385280698,0.12588693334533202,-0.06427177724907612,True,False,4,recoverable,False
82.63333333334516,9916,22,143,102,143,PLAYING,0.7861621975898743,-0.049369871616363525,0.12844699621200562,0.12805294708512507,0.1260460427246057,-0.06410011419031268,True,False,4,recoverable,False
82.70000000001188,9924,22,143,102,143,PLAYING,0.7870720624923706,-0.04946807026863098,0.12853068113327026,0.12830137803525854,0.12619494469447737,-0.06395940621354074,True,False,4,recoverable,False
82.7666666666786,9932,22,143,102,143,PLAYING,0.7880043387413025,-0.04956097900867462,0.12860703468322754,0.12861643581327475,0.12635754943518643,-0.0638333305237342,True,False,4,recoverable,False
82.83333333334532,9940,22,143,102,143,PLAYING,0.788966953754425,-0.04965965449810028,0.12865057587623596,0.12882306369823043,0.12645056599765409,-0.06367639943165021,True,False,4,recoverable,False
82.90000000001204,9948,22,143,102,143,PLAYING,0.7899620532989502,-0.04976192116737366,0.12868642807006836,0.1290846809070937,0.1265520547308108,-0.06355596916761694,True,False,4,recoverable,False
82.96666666667876,9956,22,143,102,143,PLAYING,0.7909301519393921,-0.04986129701137543,0.12872079014778137,0.1294227231396589,0.12662099449713,-0.06339841675033099,True,False,4,recoverable,False
83.03333333334548,9964,22,143,102,143,PLAYING,0.7919564843177795,-0.049960777163505554,0.1287277191877365,0.1297233943370911,0.12665513311809376,-0.06326092654937918,True,False,4,recoverable,False
83.1000000000122,9972,22,143,102,143,PLAYING,0.7930158972740173,-0.05006115138530731,0.12869881093502045,0.12994230533259413,0.12668278031940344,-0.06316715964339499,True,False,4,recoverable,False
83.16666666667892,9980,22,143,102,143,PLAYING,0.7940952181816101,-0.050159960985183716,0.12864381074905396,0.13015744430629675,0.1266991959418139,-0.06307473639100576,True,False,4,recoverable,False
83.23333333334564,9988,22,143,102,143,PLAYING,0.7950760722160339,-0.050263553857803345,0.12864282727241516,0.1305804224091112,0.12692566642930045,-0.06303514697410198,True,False,4,recoverable,False
83.30000000001236,9996,22,143,102,143,PLAYING,0.7959470748901367,-0.05034622550010681,0.12871016561985016,0.13092346271835154,0.1274338987012675,-0.06311099428839882,True,False,4,recoverable,False
83.36666666667908,10004,22,143,102,143,PLAYING,0.796880304813385,-0.05042232573032379,0.12876808643341064,0.13104407466323204,0.1279589063387872,-0.06310602640752519,True,False,4,recoverable,False
83.4333333333458,10012,22,143,102,143,PLAYING,0.7978062629699707,-0.050467491149902344,0.1287999153137207,0.13089163833084683,0.12810566072777896,-0.06310680591116759,True,False,4,recoverable,False
83.50000000001252,10020,22,143,102,143,PLAYING,0.7987878322601318,-0.05051390826702118,0.1287756860256195,0.13049658880066645,0.12820395087839645,-0.06325328251449273,True,False,4,recoverable,False
83.56666666667924,10028,22,143,102,143,PLAYING,0.7998231649398804,-0.05056077241897583,0.1287127584218979,0.13001849312931424,0.12834522196843814,-0.06341695439819933,True,False,4,recoverable,False
83.63333333334596,10036,22,143,102,143,PLAYING,0.800873875617981,-0.05060018599033356,0.12863804399967194,0.12952299449730653,0.12849108674369936,-0.06359418730172253,True,False,4,recoverable,False
83.70000000001268,10044,22,143,102,143,PLAYING,0.8019456267356873,-0.05063566565513611,0.12853454053401947,0.128973976381382,0.12863160855210473,-0.06376378940165237,True,False,4,recoverable,False
83.7666666666794,10052,22,143,102,143,PLAYING,0.803007185459137,-0.0506981760263443,0.12842875719070435,0.12856999910765793,0.12877560887537917,-0.06383367603086713,True,False,4,recoverable,False
83.83333333334612,10060,22,143,102,143,PLAYING,0.804106593132019,-0.0507487952709198,0.12828481197357178,0.1280853611442357,0.1289066430794629,-0.06393680957534806,True,False,4,recoverable,False
83.90000000001284,10068,22,143,102,143,PLAYING,0.8052302598953247,-0.05079558491706848,0.12810751795768738,0.12755317398044969,0.1290218658904938,-0.06403244095818687,True,False,4,recoverable,False
83.96666666667956,10076,22,143,102,143,PLAYING,0.8063874244689941,-0.05084386467933655,0.12787160277366638,0.12690723296784578,0.12914030431977624,-0.06419426709432108,True,False,4,recoverable,False
84.03333333334628,10084,22,143,102,143,PLAYING,0.8072697520256042,-0.05094854533672333,0.12792719900608063,0.12745022432891898,0.12920023000588193,-0.06417503982005901,True,False,4,recoverable,False
84.100000000013,10092,22,143,102,143,PLAYING,0.8080844879150391,-0.05108186602592468,0.1280374377965927,0.12828704228123625,0.12930177065430012,-0.06402075332536057,True,False,4,recoverable,False
84.16666666667972,10100,22,143,102,143,PLAYING,0.80894935131073,-0.0511644184589386,0.1280924379825592,0.12857892224402676,0.12893989794046312,-0.0639235094428488,True,False,4,recoverable,False
84.23333333334644,10108,22,143,102,143,PLAYING,0.8098491430282593,-0.051229387521743774,0.12806932628154755,0.12853599413440236,0.12818395027004775,-0.06387745924302383,True,False,4,recoverable,False
84.30000000001316,10116,22,143,102,143,PLAYING,0.8107584118843079,-0.051291272044181824,0.12804266810417175,0.12856390752121194,0.12743909519424695,-0.06383524544718834,True,False,4,recoverable,False
84.36666666667988,10124,22,143,102,143,PLAYING,0.8117051124572754,-0.051351770758628845,0.1279963254928589,0.12851944500953133,0.12667314588896827,-0.06374225588032952,True,False,4,recoverable,False
84.4333333333466,10132,22,143,102,143,PLAYING,0.8126496076583862,-0.05141128599643707,0.12794190645217896,0.1285314962607593,0.12591211180842452,-0.06362308593998846,True,False,4,recoverable,False
84.50000000001332,10140,22,143,102,143,PLAYING,0.8135738372802734,-0.05148516595363617,0.12787216901779175,0.12854647724487497,0.12521728899605306,-0.06368755626845353,True,False,4,recoverable,False
84.56666666668004,10148,22,143,102,143,PLAYING,0.8143157362937927,-0.051557332277297974,0.1279420554637909,0.12879669464090412,0.12506353687657007,-0.06385350715289954,True,False,4,recoverable,False
84.63333333334676,10156,22,143,102,143,PLAYING,0.8151557445526123,-0.05161413550376892,0.1280067265033722,0.12875981657322474,0.12507552473518582,-0.06398184196025532,True,False,4,recoverable,False
84.70000000001347,10164,22,143,102,143,PLAYING,0.8160669803619385,-0.051654428243637085,0.12804582715034485,0.12849501135698316,0.1251654857445655,-0.06413329916797628,True,False,4,recoverable,False
84.7666666666802,10172,22,143,102,143,PLAYING,0.8168286085128784,-0.051725536584854126,0.12819090485572815,0.12871777664010287,0.12516512859326767,-0.06423015108439444,True,False,4,recoverable,False
84.83333333334691,10180,22,143,102,143,PLAYING,0.817644476890564,-0.05179567635059357,0.12832874059677124,0.1288850958882698,0.12522438441407638,-0.06432160332776937,True,False,4,recoverable,False
84.90000000001363,10188,22,143,102,143,PLAYING,0.8185094594955444,-0.051860108971595764,0.12845832109451294,0.12901450539609483,0.12537222440146067,-0.06438006980044793,True,False,4,recoverable,False
84.96666666668035,10196,22,143,102,143,PLAYING,0.8194201588630676,-0.051923781633377075,0.12856489419937134,0.1290705756933383,0.1255377891018926,-0.06442105698208428,True,False,4,recoverable,False
85.03333333334707,10204,22,143,102,143,PLAYING,0.8203760385513306,-0.051978737115859985,0.12865275144577026,0.12904039205804194,0.12574413352289174,-0.06446928787530927,True,False,4,recoverable,False
85.1000000000138,10212,22,143,102,143,PLAYING,0.821349561214447,-0.052030980587005615,0.12872633337974548,0.12901189198188076,0.12593995391371743,-0.0645306554411014,True,False,4,recoverable,False
85.16666666668051,10220,22,143,102,143,PLAYING,0.822329044342041,-0.05209231376647949,0.12877902388572693,0.12902198708479753,0.12610944408263344,-0.06457580047947746,True,False,4,recoverable,False
85.23333333334723,10228,22,143,102,143,PLAYING,0.8233150839805603,-0.052160292863845825,0.1288323998451233,0.12906095150459637,0.12630123842209884,-0.06458072475224076,True,False,4,recoverable,False
85.30000000001395,10236,22,143,102,143,PLAYING,0.8242793679237366,-0.05225391685962677,0.1288941502571106,0.12924334331661322,0.12646049847079602,-0.06443676258995328,True,False,4,recoverable,False
85.36666666668067,10244,22,143,102,143,PLAYING,0.8252758979797363,-0.05234050750732422,0.12892425060272217,0.12937418722277305,0.12659429525025204,-0.06430649430382004,True,False,4,recoverable,False
85.43333333334739,10252,22,143,102,143,PLAYING,0.8262919187545776,-0.052425384521484375,0.1289263516664505,0.1294789561750226,0.1266926157736592,-0.064153533215712,True,False,4,recoverable,False
85.50000000001411,10260,22,143,102,143,PLAYING,0.8273407220840454,-0.052500203251838684,0.128897562623024,0.1295068605996523,0.12675720998420126,-0.06403559073583026,True,False,4,recoverable,False
85.56666666668083,10268,22,143,102,143,PLAYING,0.8284152150154114,-0.05256624519824982,0.12883180379867554,0.1294865407093975,0.12679804616333573,-0.06393624628490288,True,False,4,recoverable,False
85.63333333334755,10276,22,143,102,143,PLAYING,0.8294919729232788,-0.05265100300312042,0.12875713407993317,0.12956875278588115,0.12683118218218536,-0.06383159505708286,True,False,4,recoverable,False
85.70000000001427,10284,22,143,102,143,PLAYING,0.8306071162223816,-0.052709758281707764,0.12864162027835846,0.12952342215663634,0.12691437091532745,-0.06375630349984351,True,False,4,recoverable,False
85.76666666668099,10292,22,143,102,143,PLAYING,0.831543505191803,-0.05276505649089813,0.1286340355873108,0.12960972630306533,0.1274130683306761,-0.06373492036606479,True,False,4,recoverable,False
85.83333333334771,10300,22,143,102,143,PLAYING,0.8325291275978088,-0.052819520235061646,0.12861540913581848,0.12958472117242986,0.12793103618706234,-0.06367184474650983,True,False,4,recoverable,False
85.90000000001443,10308,22,143,102,143,PLAYING,0.8335821032524109,-0.05285531282424927,0.12855824828147888,0.12934240879864226,0.1284667149814015,-0.06361880294130945,True,False,4,recoverable,False
85.96666666668115,10316,22,143,102,143,PLAYING,0.8344281911849976,-0.052911072969436646,0.1286260336637497,0.1294296047140518,0.12829843759573117,-0.06359951248781293,True,False,4,recoverable,False
86.03333333334787,10324,22,143,102,143,PLAYING,0.8352428078651428,-0.05296725034713745,0.12870390713214874,0.12950573488900768,0.12793422492779224,-0.0636367073852603,True,False,4,recoverable,False
86.10000000001459,10332,22,143,102,143,PLAYING,0.836085319519043,-0.053028300404548645,0.12876993417739868,0.1295526560653303,0.12762922155158515,-0.0636216622576721,True,False,4,recoverable,False
86.16666666668131,10340,22,143,102,143,PLAYING,0.8369713425636292,-0.05308118462562561,0.12881091237068176,0.1295240825514382,0.12732461996978156,-0.06360887700471826,True,False,4,recoverable,False
86.23333333334803,10348,22,143,102,143,PLAYING,0.837904691696167,-0.05312944948673248,0.1288302093744278,0.129457535727843,0.1270155217120828,-0.06361667878314664,True,False,4,recoverable,False
86.30000000001475,10356,22,143,102,143,PLAYING,0.8388294577598572,-0.053187549114227295,0.12885341048240662,0.12942972080840262,0.12674922484017342,-0.06355876960467612,True,False,4,recoverable,False
86.36666666668147,10364,22,143,102,143,PLAYING,0.8397846221923828,-0.05324636399745941,0.12884975969791412,0.12937838219698905,0.12645551119383183,-0.06355209633762517,True,False,4,recoverable,False
86.43333333334819,10372,22,143,102,143,PLAYING,0.8407868146896362,-0.05331528186798096,0.1288200467824936,0.1292189541763354,0.12615697777788895,-0.06357305436243102,True,False,4,recoverable,False
86.50000000001491,10380,22,143,102,143,PLAYING,0.8418058753013611,-0.05338503420352936,0.12877316772937775,0.12909998063536796,0.12582296662574927,-0.06357818331095277,True,False,4,recoverable,False
86.56666666668163,10388,22,143,102,143,PLAYING,0.8428433537483215,-0.05345571041107178,0.12871278822422028,0.1290165156408912,0.12548788625554247,-0.0635848077961942,True,False,4,recoverable,False
86.63333333334835,10396,22,143,102,143,PLAYING,0.8439052700996399,-0.053527042269706726,0.12862727046012878,0.12891865884232137,0.1251371367874837,-0.06360978356417354,True,False,4,recoverable,False
86.70000000001507,10404,22,143,102,143,PLAYING,0.8449854254722595,-0.053595468401908875,0.12852337956428528,0.12883962168486643,0.12477589834693628,-0.0636198448721863,True,False,4,recoverable,False
86.76666666668179,10412,22,143,102,143,PLAYING,0.8460789322853088,-0.05366326868534088,0.12840035557746887,0.1287798536006454,0.12440647667617674,-0.06362867976158176,True,False,4,recoverable,False
86.8333333333485,10420,22,143,102,143,PLAYING,0.8471992611885071,-0.053728267550468445,0.12824055552482605,0.12867631410362942,0.12401237400655676,-0.0636499700516896,True,False,4,recoverable,False
86.90000000001523,10428,22,143,102,143,PLAYING,0.8480313420295715,-0.05379980802536011,0.12825897336006165,0.12894534572959754,0.12419640666470844,-0.06382410447470033,True,False,4,recoverable,False
86.96666666668195,10436,22,143,102,143,PLAYING,0.848964273929596,-0.053853780031204224,0.12827745079994202,0.12895077987050624,0.12464075620070557,-0.06401911790704153,True,False,4,recoverable,False
87.03333333334866,10444,22,143,102,143,PLAYING,0.84996497631073,-0.053897932171821594,0.12826815247535706,0.1287024288318983,0.1251508522081827,-0.06411941159452103,True,False,4,recoverable,False
87.10000000001538,10452,22,143,102,143,PLAYING,0.8510039448738098,-0.05394284427165985,0.12822195887565613,0.12830628710777728,0.1256956949940138,-0.06429904435938048,True,False,4,recoverable,False
87.1666666666821,10460,22,143,102,143,PLAYING,0.8520933389663696,-0.053983867168426514,0.12812979519367218,0.12773251653789888,0.12627650666825405,-0.06453638374415106,True,False,4,recoverable,False
87.23333333334882,10468,22,143,102,143,PLAYING,0.8532052040100098,-0.054028287529945374,0.12801189720630646,0.12713886091192822,0.12687674102273547,-0.06475193448240453,True,False,4,recoverable,False
87.30000000001554,10476,22,143,102,143,PLAYING,0.8543335795402527,-0.05406370759010315,0.12786930799484253,0.12650495107833967,0.12746592563080034,-0.06496231904173409,True,False,4,recoverable,False
87.36666666668226,10484,22,143,102,143,PLAYING,0.8552186489105225,-0.05417346954345703,0.12794724106788635,0.12689661623875131,0.1278951986857763,-0.06501668057258542,True,False,4,recoverable,False
87.43333333334898,10492,22,143,102,143,PLAYING,0.8560411334037781,-0.054281145334243774,0.12809216976165771,0.12747234141927077,0.12811275799135594,-0.06490822916176597,True,False,4,recoverable,False
87.5000000000157,10500,22,143,102,143,PLAYING,0.8568935394287109,-0.05433906614780426,0.1281452178955078,0.1274991754068717,0.1277811295027032,-0.06495009348737965,True,False,4,recoverable,False
87.56666666668242,10508,22,143,102,143,PLAYING,0.8577587604522705,-0.054405778646469116,0.12822046875953674,0.12763097998278156,0.12749081640004187,-0.06483976908346988,True,False,4,recoverable,False
87.63333333334914,10516,22,143,102,143,PLAYING,0.8586723208427429,-0.05445636808872223,0.12823806703090668,0.12750951600225663,0.12716582925197503,-0.06477834174621942,True,False,4,recoverable,False
87.70000000001586,10524,22,143,102,143,PLAYING,0.8596424460411072,-0.0545131117105484,0.1282084584236145,0.12730023031790919,0.12677452518537033,-0.06477687430836293,True,False,4,recoverable,False
87.76666666668258,10532,22,143,102,143,PLAYING,0.8606182336807251,-0.05456101894378662,0.1281774342060089,0.1271543003244483,0.12639106646669634,-0.0647454836245025,True,False,4,recoverable,False
87.8333333333493,10540,22,143,102,143,PLAYING,0.8616077303886414,-0.05462467670440674,0.1281387209892273,0.12701972311732135,0.1260790704132544,-0.06471128628683559,True,False,4,recoverable,False
87.90000000001602,10548,22,143,102,143,PLAYING,0.8625819683074951,-0.05467185378074646,0.12810368835926056,0.12699706518047524,0.12572007707346916,-0.06458458196758612,True,False,4,recoverable,False
87.96666666668274,10556,22,143,102,143,PLAYING,0.8636323809623718,-0.05472438037395477,0.12801358103752136,0.12683255121322973,0.1253318119374864,-0.06458907388309719,True,False,4,recoverable,False
88.03333333334946,10564,22,143,102,143,PLAYING,0.8646938800811768,-0.054787859320640564,0.12790533900260925,0.1266741420027873,0.12495465965751915,-0.06462476669817631,True,False,4,recoverable,False
88.10000000001618,10572,22,143,102,143,PLAYING,0.8657469749450684,-0.05485646426677704,0.12778928875923157,0.12657642225660867,0.12457219025979037,-0.06469920461126234,True,False,4,recoverable,False
88.1666666666829,10580,22,143,102,143,PLAYING,0.8667891621589661,-0.05493690073490143,0.12767282128334045,0.1265702896041704,0.12422857867955309,-0.06468503131120552,True,False,4,recoverable,False
88.23333333334962,10588,22,143,102,143,PLAYING,0.8678518533706665,-0.05502253770828247,0.1275223195552826,0.1265125724574788,0.12383406486474427,-0.06464501040949686,True,False,4,recoverable,False
88.30000000001634,10596,22,143,102,143,PLAYING,0.8689228892326355,-0.05509862303733826,0.12736400961875916,0.1264504095894083,0.12352861481928541,-0.06466347896278285,True,False,4,recoverable,False
88.36666666668306,10604,22,143,102,143,PLAYING,0.869979977607727,-0.055171385407447815,0.1272217184305191,0.12646510934647476,0.12338606619867389,-0.06471183493663522,True,False,4,recoverable,False
88.43333333334978,10612,22,143,102,143,PLAYING,0.8709951043128967,-0.055232927203178406,0.12711988389492035,0.12644922334970554,0.12349711764962595,-0.06481649122120398,True,False,4,recoverable,False
88.5000000000165,10620,22,143,102,143,PLAYING,0.8718360662460327,-0.05532148480415344,0.12715807557106018,0.12685320349316542,0.12372513413273936,-0.06488768257863074,True,False,4,recoverable,False
88.56666666668322,10628,22,143,102,143,PLAYING,0.872531533241272,-0.0554366409778595,0.1273493617773056,0.12780891170762507,0.12389329943953069,-0.06490360883528845,True,False,4,recoverable,False
88.63333333334994,10636,22,143,102,143,PLAYING,0.8733503818511963,-0.055541276931762695,0.12751102447509766,0.12853322435709014,0.124208638531937,-0.06483146965158386,True,False,4,recoverable,False
88.70000000001666,10644,22,143,102,143,PLAYING,0.8742159605026245,-0.05564682185649872,0.12766557931900024,0.1292406443006943,0.1245946243010543,-0.06471976084538476,True,False,4,recoverable,False
88.76666666668338,10652,22,143,102,143,PLAYING,0.8750954866409302,-0.05571344494819641,0.12775683403015137,0.1294498918658577,0.12446421424091728,-0.06466138702088926,True,False,4,recoverable,False
88.8333333333501,10660,22,143,102,143,PLAYING,0.8759714961051941,-0.05577963590621948,0.1278267800807953,0.1295745649692714,0.12414808554378692,-0.06452147342132518,True,False,4,recoverable,False
88.90000000001682,10668,22,143,102,143,PLAYING,0.8768689632415771,-0.0558415949344635,0.1278807818889618,0.1296989201853265,0.1238205818075207,-0.06438638357817883,True,False,4,recoverable,False
88.96666666668354,10676,22,143,102,143,PLAYING,0.8777634501457214,-0.055920377373695374,0.12793713808059692,0.12991975704844552,0.12350253536266917,-0.06420647585996032,True,False,4,recoverable,False
89.03333333335026,10684,22,143,102,143,PLAYING,0.8786671161651611,-0.056002646684646606,0.12799306213855743,0.13017093563975737,0.1232249759774786,-0.06403699829231185,True,False,4,recoverable,False
89.10000000001698,10692,22,143,102,143,PLAYING,0.8796701431274414,-0.05608925223350525,0.12797771394252777,0.13010208105666127,0.12281244729659933,-0.06396715787930563,True,False,4,recoverable,False
89.1666666666837,10700,22,143,102,143,PLAYING,0.8806884288787842,-0.05618490278720856,0.12795299291610718,0.13013169421335222,0.12240760552126623,-0.06390626934827813,True,False,4,recoverable,False
89.23333333335042,10708,22,143,102,143,PLAYING,0.8813596963882446,-0.056279972195625305,0.12806646525859833,0.1307310292975866,0.12223937699949967,-0.06409177676113609,True,False,4,recoverable,False
89.30000000001714,10716,22,143,102,143,PLAYING,0.8820783495903015,-0.056360483169555664,0.12820415198802948,0.13108079932538333,0.1223754314632584,-0.06426395527880661,True,False,4,recoverable,False
89.36666666668386,10724,22,143,102,143,PLAYING,0.8829196095466614,-0.05643656849861145,0.12833146750926971,0.13114255485412166,0.12274619111008075,-0.06433175932079722,True,False,4,recoverable,False
89.43333333335057,10732,22,143,102,143,PLAYING,0.8838310241699219,-0.05649922788143158,0.12844184041023254,0.13104897151820916,0.12323267828282852,-0.06442642216492574,True,False,4,recoverable,False
89.5000000000173,10740,22,143,102,143,PLAYING,0.8847794532775879,-0.056559860706329346,0.12853625416755676,0.13089303071921304,0.1237729675037758,-0.0644989354767151,True,False,4,recoverable,False
89.56666666668401,10748,22,143,102,143,PLAYING,0.8857604265213013,-0.05661652982234955,0.12860897183418274,0.13067780019624062,0.12433907452467721,-0.06457690211963334,True,False,4,recoverable,False
89.63333333335073,10756,22,144,104,144,PLAYING,0.8858003616333008,-0.05661776661872864,0.1286379098892212,0.1305716898487389,0.12450335797684858,-0.06452642476520326,True,False,4,recoverable,False
89.70000000001745,10764,23,153,104,153,PLAYING,0.8817586302757263,-0.05724556744098663,0.1309722363948822,0.1417356383872044,0.11656098769057888,-0.06536824331363338,True,False,4,recoverable,False
89.76666666668417,10772,23,153,104,153,PLAYING,0.8725451827049255,-0.05551318824291229,0.13148486614227295,0.15258522240376568,0.10757704172250317,-0.05263379849719661,True,False,4,recoverable,False
89.8333333333509,10780,23,153,104,153,PLAYING,0.8642350435256958,-0.05299234390258789,0.12914493680000305,0.1419549701459206,0.11130905189148686,-0.02458773442538347,True,False,4,recoverable,False
89.90000000001761,10788,23,153,104,153,PLAYING,0.8605251908302307,-0.050430670380592346,0.12618950009346008,0.1270230702576391,0.11569022173273963,-0.012949519528667663,True,False,4,recoverable,False
89.96666666668433,10796,23,153,104,153,PLAYING,0.8568926453590393,-0.04963219165802002,0.12655839323997498,0.13052428535156088,0.11479552869803501,-0.006199770240764708,True,False,4,recoverable,False
90.03333333335105,10804,23,153,104,153,PLAYING,0.8536763787269592,-0.04921215772628784,0.12891337275505066,0.13497460293985186,0.10589345256255928,-0.0008470852993764076,True,False,4,recoverable,False
90.10000000001777,10812,23,153,104,153,PLAYING,0.8512725830078125,-0.04899880290031433,0.13270726799964905,0.13588545323044007,0.08699210097140433,0.0021819543677190946,True,False,3,recoverable,False
90.16666666668449,10820,23,153,104,153,PLAYING,0.8469868302345276,-0.0486752986907959,0.13710139691829681,0.13854106861334703,0.060166448349908724,0.005600951517024243,True,False,3,recoverable,False
90.23333333335121,10828,23,153,104,153,PLAYING,0.8389854431152344,-0.04629664123058319,0.1406988501548767,0.13676118538755672,0.03452759999730853,0.022967172559658185,True,False,3,recoverable,False
90.30000000001793,10836,23,153,104,153,PLAYING,0.827439546585083,-0.042510583996772766,0.14315810799598694,0.13707148006776126,0.01994510098139779,0.052341902175270474,True,False,3,recoverable,False
90.36666666668465,10844,23,153,104,153,PLAYING,0.8229907155036926,-0.04162020981311798,0.14446628093719482,0.13841859246783736,0.012758938459306906,0.061062891458802164,True,False,3,recoverable,False
90.43333333335137,10852,23,153,104,153,PLAYING,0.8233564496040344,-0.041490137577056885,0.14442622661590576,0.1381057012412437,0.014456884954947864,0.06184118643534015,True,False,3,recoverable,False
90.50000000001809,10860,23,153,104,153,PLAYING,0.8248102068901062,-0.04156652092933655,0.1438489854335785,0.13824316451411428,0.0175938821105077,0.06046938539269056,True,False,3,recoverable,False
90.56666666668481,10868,23,153,104,153,PLAYING,0.8265621066093445,-0.04170188307762146,0.14300262928009033,0.13739047986966452,0.022420048223113456,0.05846201303538267,True,False,3,recoverable,False
90.63333333335153,10876,23,153,104,153,PLAYING,0.828162431716919,-0.04178372025489807,0.1415328085422516,0.13673138014920194,0.030876079012210792,0.05679923740483741,True,False,3,recoverable,False
90.70000000001825,10884,23,153,104,153,PLAYING,0.8311375379562378,-0.04204036295413971,0.1395057737827301,0.135559098103105,0.04235650959662691,0.05326545551041672,True,False,3,recoverable,False
90.76666666668497,10892,23,153,104,153,PLAYING,0.8329381942749023,-0.04209548234939575,0.13837894797325134,0.1348678042443392,0.0483870240181945,0.05195354944500729,True,False,3,recoverable,False
90.83333333335169,10900,23,153,104,153,PLAYING,0.8334282636642456,-0.04209238290786743,0.13813865184783936,0.13498859571323643,0.049198200941299335,0.051785267999178916,True,False,3,recoverable,False
90.90000000001841,10908,23,153,104,153,PLAYING,0.8341801166534424,-0.04213005304336548,0.13838398456573486,0.13553855264258005,0.04797377073929302,0.051541130723991156,True,False,3,recoverable,False
90.96666666668513,10916,23,153,104,153,PLAYING,0.8349056243896484,-0.04219968616962433,0.13886132836341858,0.13581321772881286,0.04505781593931847,0.05088548949781339,True,False,3,recoverable,False
91.03333333335185,10924,23,153,104,153,PLAYING,0.8356032967567444,-0.04224167764186859,0.1392478346824646,0.13596770360234992,0.04250388449599845,0.05045111507926855,True,False,3,recoverable,False
91.10000000001857,10932,23,153,104,153,PLAYING,0.8363115787506104,-0.04238002002239227,0.13975411653518677,0.13616332215262145,0.03926212832304443,0.04938789378026013,True,False,3,recoverable,False
91.16666666668529,10940,23,153,104,153,PLAYING,0.8368191719055176,-0.04256002604961395,0.14034605026245117,0.13694113594431,0.035906363859024466,0.04831261317847971,True,False,3,recoverable,False
91.23333333335201,10948,23,153,104,153,PLAYING,0.8373447060585022,-0.042968958616256714,0.1414158195257187,0.13792077400307662,0.02959542977740062,0.045689503058386205,True,False,3,recoverable,False
91.30000000001873,10956,23,153,104,153,PLAYING,0.8386906385421753,-0.04353785514831543,0.14263932406902313,0.1379493326064086,0.022757354518959494,0.041320281044237656,True,False,3,recoverable,False
91.36666666668545,10964,23,154,106,154,PLAYING,0.8401340246200562,-0.04440748691558838,0.14411300420761108,0.13837353308139708,0.017110417020598245,0.0352290928978546,True,False,3,recoverable,False
91.43333333335217,10972,24,155,106,155,PLAYING,0.842480480670929,-0.04560108482837677,0.14612515270709991,0.1388934978839239,0.007278719261857283,0.026620272508762685,True,False,3,recoverable,False
91.50000000001889,10980,24,156,107,156,PLAYING,0.8454293608665466,-0.04708923399448395,0.14843399822711945,0.13950994836964217,-0.005092721579627455,0.015671515525589857,True,False,3,recoverable,False
91.5666666666856,10988,24,156,107,156,PLAYING,0.847618579864502,-0.048124268651008606,0.1497543901205063,0.14039024177136583,-0.012416579339206524,0.008110133354366273,True,False,3,recoverable,False
91.63333333335233,10996,24,156,107,156,PLAYING,0.8484900593757629,-0.0486244261264801,0.15036198496818542,0.14116205930964007,-0.016066894706181094,0.0047347036539528795,True,False,3,recoverable,False
91.70000000001905,11004,24,157,108,157,PLAYING,0.8488529324531555,-0.048885270953178406,0.15067151188850403,0.14161151305066755,-0.018162502662463793,0.0028759460655899535,True,False,3,recoverable,False
91.76666666668577,11012,24,158,109,158,PLAYING,0.8488739728927612,-0.04892092943191528,0.15079474449157715,0.14173210924520438,-0.019240445022869573,0.002519612766124806,True,False,3,recoverable,False
91.83333333335248,11020,24,159,110,159,PLAYING,0.8488996028900146,-0.04894731938838959,0.15085369348526,0.1418204338115968,-0.01988815376879428,0.0021996048905863395,True,False,4,recoverable,False
91.9000000000192,11028,24,160,111,160,PLAYING,0.8489816784858704,-0.048914700746536255,0.15091192722320557,0.1411375657829686,-0.02084953714529685,0.0019687069709323313,True,False,4,recoverable,False
91.96666666668592,11036,24,160,111,160,PLAYING,0.8496648669242859,-0.04852621257305145,0.15130774676799774,0.13583020670915433,-0.02467683941955051,0.0010681712437695526,True,False,4,recoverable,False
92.03333333335264,11044,24,160,112,160,COMPLETED,0.8500587344169617,-0.0482601672410965,0.15148913860321045,0.13260127917346817,-0.02714475290034125,0.0005478376832436226,True,False,4,recoverable,False
92.10000000001936,11052,24,160,112,160,COMPLETED,0.8501543402671814,-0.04812535643577576,0.1516457498073578,0.13092700207603705,-0.029217827472783432,0.00021374580986972602,True,False,4,recoverable,False
92.16666666668608,11060,24,160,112,160,COMPLETED,0.8499171137809753,-0.04807169735431671,0.15180367231369019,0.13033673477186455,-0.031359579460148904,-1.7118462582755654e-05,True,False,4,recoverable,False
92.2333333333528,11068,24,160,112,160,COMPLETED,0.849716067314148,-0.048089608550071716,0.15205790102481842,0.13022646965981452,-0.03356108732042174,-0.00018549974441572998,True,False,4,recoverable,False
92.30000000001952,11076,24,160,112,160,COMPLETED,0.849639356136322,-0.04808521270751953,0.15232640504837036,0.12991972152377376,-0.035527249566431995,-0.0003703092463383081,True,False,4,recoverable,False
92.36666666668624,11084,24,160,112,160,COMPLETED,0.8495274782180786,-0.04810217022895813,0.15253260731697083,0.1298606889879473,-0.03701041385975831,-0.0005139875574608028,True,False,4,recoverable,False
92.43333333335296,11092,24,160,112,160,COMPLETED,0.8493740558624268,-0.04810987412929535,0.1526452600955963,0.12988314443941776,-0.03804009808439127,-0.0005675950516538258,True,False,4,recoverable,False
92.50000000001968,11100,24,160,112,160,COMPLETED,0.8491990566253662,-0.04810330271720886,0.15267883241176605,0.12978556106998532,-0.038787506243257726,-0.000637810640519329,True,False,4,recoverable,False
92.50000000001968,11100,24,160,112,160,COMPLETED,0.8491990566253662,-0.04810330271720886,0.15267883241176605,0.12978556106998532,-0.038787506243257726,-0.000637810640519329,True,False,4,recoverable,False
