sim_time_s,sim_step,source_step,command_cursor,segment_cursor,event_cursor,scheduler_state,base_x_m,base_y_m,base_z_m,base_roll_rad,base_pitch_rad,base_yaw_rad,robot_state_finite,active_contact_count_available,geometry_support_candidate_count,stability_state,joint_limit_violation
1.5666666666666635,188,1,0,0,0,PREPARING,-0.003989968448877335,-0.000993184745311737,0.09901051968336105,-3.8795075004099296e-05,-0.012018071330770567,0.0030498701370338887,True,False,4,stable,False
1.63333333333333,196,1,0,0,0,PREPARING,-0.004020538181066513,-0.0009933039546012878,0.09900183975696564,-3.801701551617001e-05,-0.012015386625265804,0.003050028860425154,True,False,4,stable,False
1.6999999999999964,204,1,1,0,1,PLAYING,-0.004000652581453323,-0.0007582157850265503,0.0983428955078125,-0.0024392737302030712,-0.014909653559968688,0.003089832597486038,True,False,4,recoverable,False
1.7666666666666628,212,1,1,0,1,PLAYING,-0.004373852163553238,-0.0003873854875564575,0.09771818667650223,-0.006255923004773723,-0.018199221056880203,0.0031591270377300568,True,False,4,recoverable,False
1.8333333333333293,220,1,2,1,2,PLAYING,-0.004942107945680618,0.0002981796860694885,0.0968470647931099,-0.013356214376217064,-0.023883370767053057,0.003318437916967493,True,False,3,recoverable,False
1.8999999999999957,228,1,2,1,2,PLAYING,-0.005707547068595886,0.0010944828391075134,0.09592989832162857,-0.021682763414511332,-0.030111071837592932,0.003552245842832492,True,False,3,recoverable,False
1.9666666666666621,236,1,3,2,3,PLAYING,-0.006197065114974976,0.0015234500169754028,0.09544743597507477,-0.026215576756244596,-0.033326463115747836,0.003703344578011384,True,False,3,recoverable,False
2.0333333333333288,244,2,4,3,4,PLAYING,-0.0065867118537425995,0.00205308198928833,0.0948755070567131,-0.03181726684111262,-0.03749204331894539,0.003909576444479902,True,False,3,recoverable,False
2.099999999999995,252,2,5,4,5,PLAYING,-0.00707177072763443,0.002849780023097992,0.09403334558010101,-0.04031110945462467,-0.04385660139899826,0.004272108812987994,True,False,3,recoverable,False
2.1666666666666616,260,2,5,4,5,PLAYING,-0.007832741364836693,0.004448816180229187,0.09231247752904892,-0.05750029997255086,-0.05688708802589944,0.00513302116368552,True,False,4,recoverable,False
2.233333333333328,268,2,5,4,5,PLAYING,-0.009502299129962921,0.006421081721782684,0.09014791250228882,-0.07934637607691689,-0.0727870826735177,0.006594066418627865,True,False,4,recoverable,False
2.2999999999999945,276,2,6,5,6,PLAYING,-0.00995841808617115,0.006420858204364777,0.09005135297775269,-0.07958346482004815,-0.07250271732078305,0.00656292877305653,True,False,4,recoverable,False
2.366666666666661,284,2,6,5,6,PLAYING,-0.009857013821601868,0.006410136818885803,0.08999340981245041,-0.07951539175492006,-0.07246841854179348,0.006559091982844718,True,False,4,recoverable,False
2.4333333333333274,292,2,6,5,6,PLAYING,-0.009633954614400864,0.006432980298995972,0.08996431529521942,-0.07971575862592374,-0.0726852649858326,0.006556359500473215,True,False,3,recoverable,False
2.499999999999994,300,2,6,5,6,PLAYING,-0.009516160935163498,0.006434768438339233,0.08993019163608551,-0.07975762557837816,-0.07270784094096505,0.006557521789993697,True,False,3,recoverable,False
2.56666666666666,308,2,6,5,6,PLAYING,-0.00946800410747528,0.006444185972213745,0.08991739153862,-0.07982768737418973,-0.07270396570548375,0.0065400640529591865,True,False,3,recoverable,False
2.6333333333333266,316,2,6,5,6,PLAYING,-0.00953013263642788,0.00644964724779129,0.08991514146327972,-0.07988187109284782,-0.07266049340407472,0.006534918683256209,True,False,3,recoverable,False
2.699999999999993,324,2,6,5,6,PLAYING,-0.009587632492184639,0.006446279585361481,0.08990652114152908,-0.07985997127362553,-0.07258921925975641,0.006531165066070746,True,False,3,recoverable,False
2.7666666666666595,332,2,7,6,7,PLAYING,-0.009671671316027641,0.006411276757717133,0.08988118916749954,-0.0795437729964463,-0.07235242963974962,0.006519161711785996,True,False,3,recoverable,False
2.833333333333326,340,2,7,6,7,PLAYING,-0.009684858843684196,0.006420493125915527,0.08988026529550552,-0.07962826250644275,-0.07238975992329104,0.006517523318601315,True,False,3,recoverable,False
2.8999999999999924,348,2,8,7,8,PLAYING,-0.009705495089292526,0.006422996520996094,0.089876689016819,-0.07965815711312689,-0.0723897543554397,0.006517429890804076,True,False,3,recoverable,False
2.966666666666659,356,2,8,7,8,PLAYING,-0.009722983464598656,0.006425231695175171,0.08987405896186829,-0.07968468069017277,-0.07239157050945597,0.0065191805042867125,True,False,3,recoverable,False
3.033333333333325,364,2,9,8,9,PLAYING,-0.009740570560097694,0.006426975131034851,0.08987118303775787,-0.07971010917007368,-0.07239122279598043,0.006521200951437236,True,False,3,recoverable,False
3.0999999999999917,372,2,9,8,9,PLAYING,-0.009755712002515793,0.006423041224479675,0.08986812829971313,-0.07967318629104957,-0.07235723596032725,0.006518150184449558,True,False,3,recoverable,False
3.166666666666658,380,2,10,9,10,PLAYING,-0.009770432487130165,0.006422914564609528,0.08986660838127136,-0.0796735498728776,-0.07234365807115255,0.006516770242710265,True,False,3,recoverable,False
3.2333333333333245,388,2,10,9,10,PLAYING,-0.009782502427697182,0.006418205797672272,0.0898636132478714,-0.07962921310767794,-0.07231042660475691,0.0065141466023578036,True,False,3,recoverable,False
3.299999999999991,396,2,11,10,11,PLAYING,-0.009795349091291428,0.006417520344257355,0.08986148983240128,-0.07962534184194146,-0.07229927228672275,0.006513068371884801,True,False,3,recoverable,False
3.3666666666666574,404,2,11,10,11,PLAYING,-0.009805368259549141,0.006413258612155914,0.08985863626003265,-0.07958571936570644,-0.07227191551444791,0.006511597295455265,True,False,3,recoverable,False
3.433333333333324,412,3,12,11,12,PLAYING,-0.009067486971616745,0.006376683712005615,0.08998481184244156,-0.07919472870318967,-0.07228615009239023,0.006462803082404429,True,False,3,recoverable,False
3.4999999999999902,420,3,12,11,12,PLAYING,-0.008171634748578072,0.006330676376819611,0.09011208266019821,-0.0786832286331357,-0.07239648772958608,0.006400981584210223,True,False,3,recoverable,False
3.5666666666666567,428,3,12,11,12,PLAYING,-0.007238814607262611,0.006280854344367981,0.09022638946771622,-0.0781278926444164,-0.07254487062825565,0.006336021503140212,True,False,3,recoverable,False
3.633333333333323,436,3,12,11,12,PLAYING,-0.006280399858951569,0.006227806210517883,0.09032497555017471,-0.07758824221130238,-0.07271227234878411,0.006285975830798172,True,False,3,recoverable,False
3.6999999999999895,444,3,12,11,12,PLAYING,-0.005305001512169838,0.006177112460136414,0.09040547162294388,-0.0770412569240602,-0.07290870376080866,0.0062220745762332635,True,False,3,recoverable,False
3.766666666666656,452,3,12,11,12,PLAYING,-0.0042948611080646515,0.006122387945652008,0.09046928584575653,-0.07648715255422134,-0.07310989811569757,0.006166659850391293,True,False,3,recoverable,False
3.8333333333333224,460,3,12,11,12,PLAYING,-0.0033747516572475433,0.006093934178352356,0.09053386002779007,-0.07622633797450924,-0.07325671883134835,0.006102255300354551,True,False,3,recoverable,False
3.899999999999989,468,3,12,11,12,PLAYING,-0.0024909190833568573,0.006078459322452545,0.09059123694896698,-0.07611289526200946,-0.07337976264660825,0.0060911395266157,True,False,3,recoverable,False
3.9666666666666552,476,3,12,11,12,PLAYING,-0.0015428103506565094,0.006058812141418457,0.09062924981117249,-0.07601698220711482,-0.0735344676200179,0.006070277965251553,True,False,3,recoverable,False
4.0333333333333234,484,3,12,11,12,PLAYING,-0.0005690809339284897,0.006036490201950073,0.09064987301826477,-0.07591000710431692,-0.07371038646485067,0.0060486307787730965,True,False,3,recoverable,False
4.099999999999993,492,3,12,11,12,PLAYING,0.00040891021490097046,0.006017319858074188,0.09065669029951096,-0.07581558635798287,-0.07388396985182082,0.006038591705313161,True,False,3,recoverable,False
4.166666666666663,500,3,12,11,12,PLAYING,0.0014228224754333496,0.005996435880661011,0.09063977748155594,-0.07572026522094419,-0.0740654517178686,0.006012153709164881,True,False,3,recoverable,False
4.233333333333333,508,3,12,11,12,PLAYING,0.002465108409523964,0.005976922810077667,0.09060078114271164,-0.07561566746968042,-0.07424922929650471,0.005973861753946319,True,False,3,recoverable,False
4.300000000000003,516,3,12,11,12,PLAYING,0.0035095270723104477,0.005956806242465973,0.09054171293973923,-0.07553281922725713,-0.07443508670773658,0.005941532243173545,True,False,3,recoverable,False
4.366666666666673,524,3,12,11,12,PLAYING,0.004564138129353523,0.005947217345237732,0.09044889360666275,-0.0754175149191106,-0.07459049213672947,0.005960639343469895,True,False,3,recoverable,False
4.433333333333343,532,3,12,11,12,PLAYING,0.005503620952367783,0.005974382162094116,0.09035312384366989,-0.07551956258810938,-0.0746379693415397,0.005962391973767144,True,False,3,recoverable,False
4.500000000000013,540,3,12,11,12,PLAYING,0.006260262802243233,0.006046287715435028,0.09026546776294708,-0.0762675079170354,-0.07459616928526774,0.006018605155471019,True,False,3,recoverable,False
4.566666666666683,548,3,12,11,12,PLAYING,0.007119055837392807,0.006116710603237152,0.09016233682632446,-0.07705920460936132,-0.07462992605842367,0.006097660266050981,True,False,3,recoverable,False
4.633333333333353,556,3,12,11,12,PLAYING,0.008046168833971024,0.0061834752559661865,0.09003689140081406,-0.07785976950173465,-0.07467808223166125,0.00618641615931882,True,False,3,recoverable,False
4.700000000000023,564,3,12,11,12,PLAYING,0.009024880826473236,0.006223171949386597,0.0899403840303421,-0.07821968400541081,-0.07435169546098808,0.006233177421695256,True,False,3,recoverable,False
4.766666666666693,572,3,12,11,12,PLAYING,0.010101119056344032,0.00621332973241806,0.08986874669790268,-0.07807983621816476,-0.07365478593140017,0.006230823109333429,True,False,3,recoverable,False
4.833333333333363,580,3,12,11,12,PLAYING,0.011205224320292473,0.006205789744853973,0.08977073431015015,-0.07802271574721524,-0.07298020358807997,0.006234942335970197,True,False,3,recoverable,False
4.900000000000033,588,3,12,11,12,PLAYING,0.012013882398605347,0.006190069019794464,0.08983954042196274,-0.077956198351554,-0.07272825269326852,0.0062348591509129225,True,False,3,recoverable,False
4.966666666666703,596,3,12,11,12,PLAYING,0.01269812136888504,0.006194218993186951,0.08996269851922989,-0.07801885805375847,-0.07272530492358496,0.006248085458990931,True,False,3,recoverable,False
5.033333333333373,604,3,12,11,12,PLAYING,0.013463259674608707,0.006197609007358551,0.0900806337594986,-0.07808187326655003,-0.07280433488914269,0.006224878706788446,True,False,3,recoverable,False
5.100000000000043,612,3,12,11,12,PLAYING,0.014289746060967445,0.006197787821292877,0.09018782526254654,-0.07813434321568813,-0.07292174304108608,0.006255029393542288,True,False,3,recoverable,False
5.166666666666713,620,3,12,11,12,PLAYING,0.015146981924772263,0.00618772953748703,0.09030039608478546,-0.07803401828218991,-0.07294740256397345,0.0062562231467044845,True,False,3,recoverable,False
5.233333333333383,628,3,12,11,12,PLAYING,0.016043931245803833,0.0061724260449409485,0.09040003269910812,-0.07791575142212476,-0.0729802734384829,0.006227319006467749,True,False,3,recoverable,False
5.300000000000053,636,3,12,11,12,PLAYING,0.016993260011076927,0.006162047386169434,0.0904911532998085,-0.07779208345418082,-0.07303465608803607,0.00619978470499914,True,False,3,recoverable,False
5.366666666666723,644,3,12,11,12,PLAYING,0.017934687435626984,0.006146907806396484,0.090562604367733,-0.07776364541241274,-0.0731397810450992,0.006208359416803143,True,False,3,recoverable,False
5.433333333333393,652,3,12,11,12,PLAYING,0.018881073221564293,0.006146334111690521,0.0906137079000473,-0.07768343223049595,-0.07318361361077141,0.006136301587209636,True,False,3,recoverable,False
5.500000000000063,660,3,12,11,12,PLAYING,0.0199090875685215,0.006135009229183197,0.0906495675444603,-0.07757238635904001,-0.07329215713504997,0.006080199080454297,True,False,3,recoverable,False
5.566666666666733,668,3,12,11,12,PLAYING,0.020927703008055687,0.006111674010753632,0.09066827595233917,-0.07749249511089037,-0.07340313882341916,0.006084640573393092,True,False,3,recoverable,False
5.633333333333403,676,3,12,11,12,PLAYING,0.021952934563159943,0.006094112992286682,0.0906745195388794,-0.07739972089332318,-0.0734685072827249,0.006054167166189403,True,False,3,recoverable,False
5.700000000000073,684,3,12,11,12,PLAYING,0.022995855659246445,0.006080515682697296,0.0906534492969513,-0.07727580787727852,-0.0735397676877978,0.005986799478056692,True,False,3,recoverable,False
5.766666666666743,692,3,12,11,12,PLAYING,0.02406500279903412,0.006075039505958557,0.09059062600135803,-0.07722026408745783,-0.07362520083987861,0.005984880992531271,True,False,3,recoverable,False
5.833333333333413,700,3,12,11,12,PLAYING,0.02515292540192604,0.006068266928195953,0.09050688147544861,-0.07711604448188833,-0.07368261742332931,0.0059698901371831314,True,False,3,recoverable,False
5.900000000000083,708,3,12,11,12,PLAYING,0.026247790083289146,0.00605686753988266,0.09039871394634247,-0.07701801552692951,-0.07371297145445235,0.005942167829582657,True,False,3,recoverable,False
5.966666666666753,716,3,12,11,12,PLAYING,0.027391135692596436,0.006049811840057373,0.09027361124753952,-0.07683280661791,-0.07375779795467742,0.0060446936003694775,True,False,3,recoverable,False
6.033333333333423,724,3,12,11,12,PLAYING,0.028651580214500427,0.006022445857524872,0.09012382477521896,-0.07654177232443225,-0.07376438259232794,0.006034524895012231,True,False,3,recoverable,False
6.100000000000093,732,3,12,11,12,PLAYING,0.02991928718984127,0.006001099944114685,0.0899333655834198,-0.07617632063547555,-0.07372630393707946,0.006067651294530541,True,False,3,recoverable,False
6.166666666666763,740,3,12,11,12,PLAYING,0.03107026219367981,0.005990207195281982,0.08973801881074905,-0.07621967005634481,-0.0736228863498303,0.006103983931354104,True,False,3,recoverable,False
6.233333333333433,748,3,12,11,12,PLAYING,0.031966108828783035,0.00603620707988739,0.08955150842666626,-0.07696654955839194,-0.07343395342364024,0.006163078800149911,True,False,3,recoverable,False
6.300000000000103,756,3,12,11,12,PLAYING,0.03242246434092522,0.006109073758125305,0.08957453817129135,-0.07779445741734589,-0.07372342187494882,0.006186790770840894,True,False,3,recoverable,False
6.366666666666773,764,3,12,11,12,PLAYING,0.03297486528754234,0.006174430251121521,0.08962465077638626,-0.07856910253711553,-0.07412321693271375,0.006235916436331092,True,False,3,recoverable,False
6.433333333333443,772,3,12,11,12,PLAYING,0.033650629222393036,0.00623495876789093,0.08967741578817368,-0.07934727216255338,-0.07465282297713001,0.0062626144029066565,True,False,3,recoverable,False
6.500000000000113,780,3,12,11,12,PLAYING,0.03432726114988327,0.006315968930721283,0.08969034999608994,-0.08035336873142124,-0.07532567972842638,0.006342880466654219,True,False,3,recoverable,False
6.566666666666783,788,3,12,11,12,PLAYING,0.03511035814881325,0.006325244903564453,0.08978058397769928,-0.08062763089927612,-0.07548712057586174,0.0064179383214104865,True,False,3,recoverable,False
6.633333333333453,796,3,12,11,12,PLAYING,0.03597630560398102,0.006314873695373535,0.08990180492401123,-0.08055386147213758,-0.0754479939741132,0.006367725951343748,True,False,3,recoverable,False
6.700000000000123,804,3,12,11,12,PLAYING,0.03687082603573799,0.0063148364424705505,0.09000540524721146,-0.08054401661151432,-0.07546332125199114,0.006344700131454386,True,False,3,recoverable,False
6.766666666666793,812,3,12,11,12,PLAYING,0.037763867527246475,0.00630294531583786,0.09009280055761337,-0.08055149884921647,-0.07548274864306488,0.006322458457842785,True,False,3,recoverable,False
6.833333333333463,820,3,12,11,12,PLAYING,0.0386686697602272,0.006303571164608002,0.09015943109989166,-0.08063352160919347,-0.07553067865786492,0.006318151507792823,True,False,3,recoverable,False
6.900000000000133,828,3,12,11,12,PLAYING,0.03960762917995453,0.006309419870376587,0.09022011607885361,-0.08062803285962077,-0.07557376066428731,0.006231940941010178,True,False,3,recoverable,False
6.966666666666803,836,3,12,11,12,PLAYING,0.040558166801929474,0.006303377449512482,0.09026206284761429,-0.08067576102379449,-0.07560428942553278,0.00624127232118457,True,False,3,recoverable,False
7.033333333333473,844,3,12,11,12,PLAYING,0.04152846336364746,0.0062965452671051025,0.09028712660074234,-0.0807125418512527,-0.07564398852181455,0.006197236340589978,True,False,3,recoverable,False
7.100000000000143,852,3,12,11,12,PLAYING,0.04252195358276367,0.006291106343269348,0.09029500186443329,-0.08072539812225764,-0.07567856293522143,0.006140348666116428,True,False,3,recoverable,False
7.166666666666813,860,3,12,11,12,PLAYING,0.043525442481040955,0.006277643144130707,0.0902831181883812,-0.08078730641492857,-0.07571301659889035,0.00612522094514524,True,False,3,recoverable,False
7.233333333333483,868,3,12,11,12,PLAYING,0.044547855854034424,0.006235726177692413,0.09028562903404236,-0.0804891434048148,-0.07544501293626563,0.006082664157813424,True,False,3,recoverable,False
7.300000000000153,876,3,12,11,12,PLAYING,0.04563194140791893,0.006189674139022827,0.09027479588985443,-0.07998754297486879,-0.07506551338831917,0.006074262316329486,True,False,3,recoverable,False
7.366666666666823,884,3,12,11,12,PLAYING,0.04674609750509262,0.006155781447887421,0.09023382514715195,-0.07949154572346107,-0.07468069230771647,0.006030756029083943,True,False,3,recoverable,False
7.4333333333334926,892,3,12,11,12,PLAYING,0.04788690805435181,0.006119988858699799,0.09016547352075577,-0.07898229943452605,-0.0742771368964161,0.0060070924196052615,True,False,3,recoverable,False
7.5000000000001625,900,3,12,11,12,PLAYING,0.04905858263373375,0.006078898906707764,0.09006800502538681,-0.07847013080221611,-0.07386581428562927,0.005986337412035885,True,False,3,recoverable,False
7.5666666666668325,908,3,12,11,12,PLAYING,0.05026814341545105,0.0060350000858306885,0.08994098752737045,-0.07791103074988882,-0.07342917018523328,0.0059526523180471694,True,False,3,recoverable,False
7.6333333333335025,916,3,12,11,12,PLAYING,0.051497891545295715,0.00598347932100296,0.08978716284036636,-0.07731832477382695,-0.07294243928285381,0.005922019161459646,True,False,3,recoverable,False
7.7000000000001725,924,3,12,11,12,PLAYING,0.05281937122344971,0.005893521010875702,0.08962603658437729,-0.07637151271082881,-0.07223681720268194,0.0058911233705714675,True,False,3,recoverable,False
7.7666666666668425,932,3,12,11,12,PLAYING,0.054028794169425964,0.005820602178573608,0.08950810879468918,-0.07569921660113424,-0.07151484411254025,0.005876655385584361,True,False,3,recoverable,False
7.8333333333335124,940,3,12,11,12,PLAYING,0.054633669555187225,0.005828931927680969,0.08956144005060196,-0.07591316564596601,-0.07118873458458182,0.005871593955644396,True,False,3,recoverable,False
7.900000000000182,948,3,12,11,12,PLAYING,0.055405788123607635,0.005850642919540405,0.08960311859846115,-0.07607239064620316,-0.07097457922597299,0.0057790442264506504,True,False,3,recoverable,False
7.966666666666852,956,3,12,11,12,PLAYING,0.05627750977873802,0.005851030349731445,0.08963584899902344,-0.07624624684924272,-0.07082155955892125,0.005830776760268173,True,False,3,recoverable,False
8.033333333333518,964,3,12,11,12,PLAYING,0.05719459056854248,0.0058592334389686584,0.08965114504098892,-0.07642045335908175,-0.0707029845431055,0.005840648188418246,True,False,3,recoverable,False
8.10000000000018,972,3,12,11,12,PLAYING,0.05812594294548035,0.005852468311786652,0.08964717388153076,-0.0766371786429541,-0.07058255145644049,0.005885594148990597,True,False,3,recoverable,False
8.166666666666844,980,3,12,11,12,PLAYING,0.05913674086332321,0.00584990531206131,0.08962811529636383,-0.07683015725590993,-0.07048447658640866,0.00595157120550324,True,False,3,recoverable,False
8.233333333333507,988,3,12,11,12,PLAYING,0.06000261753797531,0.005857110023498535,0.08965478837490082,-0.07702830830369128,-0.07053200186661313,0.0059525495892948956,True,False,3,recoverable,False
8.30000000000017,996,3,12,11,12,PLAYING,0.060632310807704926,0.005867563188076019,0.08976487070322037,-0.07734988114141725,-0.0708153943850221,0.0060681287234316495,True,False,3,recoverable,False
8.366666666666832,1004,3,12,11,12,PLAYING,0.06134079396724701,0.005892835557460785,0.08985716104507446,-0.07764704776793621,-0.07119029002030187,0.006114481418399939,True,False,3,recoverable,False
8.433333333333495,1012,3,12,11,12,PLAYING,0.06209174543619156,0.005894005298614502,0.08995091915130615,-0.07794278435144218,-0.07159348299778036,0.006208678611488413,True,False,3,recoverable,False
8.500000000000158,1020,3,12,11,12,PLAYING,0.06288880109786987,0.005921468138694763,0.09003166109323502,-0.07821124238876973,-0.07205123594746803,0.006245087657580335,True,False,3,recoverable,False
8.566666666666821,1028,3,12,11,12,PLAYING,0.0637192577123642,0.0059347376227378845,0.09008924663066864,-0.0784882734670492,-0.07252479547372283,0.006313327847767463,True,False,3,recoverable,False
8.633333333333484,1036,3,12,11,12,PLAYING,0.06453265994787216,0.005924001336097717,0.09013790637254715,-0.07871009461720588,-0.07298567477440267,0.006428347777757556,True,False,3,recoverable,False
8.700000000000147,1044,3,12,11,12,PLAYING,0.06540974974632263,0.005929768085479736,0.09017553180456161,-0.0790005036109051,-0.0734993582727284,0.006519795437566225,True,False,3,recoverable,False
8.76666666666681,1052,3,12,11,12,PLAYING,0.06632629781961441,0.005953513085842133,0.09020239859819412,-0.07926771109483263,-0.07401465029147454,0.00649523038284521,True,False,3,recoverable,False
8.833333333333472,1060,3,12,11,12,PLAYING,0.06726638972759247,0.00597255676984787,0.09021655470132828,-0.079509659961325,-0.07452711417242798,0.006499542832966742,True,False,3,recoverable,False
8.900000000000135,1068,3,12,11,12,PLAYING,0.06822255253791809,0.005957998335361481,0.09025456756353378,-0.07937919666654561,-0.07476661810170201,0.0064833678908517356,True,False,3,recoverable,False
8.966666666666798,1076,3,12,11,12,PLAYING,0.06927357614040375,0.005887709558010101,0.09032225608825684,-0.07865593421137673,-0.07463092804411467,0.00641842643959975,True,False,3,recoverable,False
9.033333333333461,1084,3,12,11,12,PLAYING,0.07033903896808624,0.005814574658870697,0.09037009626626968,-0.07793229442559643,-0.07450010636630323,0.006342681076910215,True,False,3,recoverable,False
9.100000000000124,1092,3,12,11,12,PLAYING,0.07141918689012527,0.005736194550991058,0.09039586782455444,-0.07720140332317904,-0.07436702109109257,0.0062807907246323165,True,False,3,recoverable,False
9.166666666666787,1100,3,12,11,12,PLAYING,0.07251618802547455,0.005659520626068115,0.09039989858865738,-0.07640192699316926,-0.0742166974692014,0.006239684202602521,True,False,3,recoverable,False
9.23333333333345,1108,3,12,11,12,PLAYING,0.07361631095409393,0.005595266819000244,0.09038910269737244,-0.07560293544584533,-0.07407001516531517,0.006252726389926249,True,False,3,recoverable,False
9.300000000000113,1116,3,12,11,12,PLAYING,0.07475118339061737,0.0055191293358802795,0.09035655111074448,-0.07471793641779566,-0.07388612005687423,0.006281046398290136,True,False,3,recoverable,False
9.366666666666775,1124,3,12,11,12,PLAYING,0.0757632628083229,0.005465328693389893,0.0903208777308464,-0.07415903687238527,-0.07359164007638024,0.006319214124583763,True,False,3,recoverable,False
9.433333333333438,1132,3,12,11,12,PLAYING,0.0765957310795784,0.005473911762237549,0.09029427170753479,-0.07429384266025747,-0.07323936580814183,0.006322693832492025,True,False,3,recoverable,False
9.500000000000101,1140,3,12,11,12,PLAYING,0.07748740911483765,0.0055056363344192505,0.09024342149496078,-0.07448442475054119,-0.072946182387865,0.006372767859969948,True,False,3,recoverable,False
9.566666666666764,1148,3,12,11,12,PLAYING,0.07846417278051376,0.005519308149814606,0.09017255902290344,-0.07469395037564705,-0.07265526492879264,0.006404213211078638,True,False,3,recoverable,False
9.633333333333427,1156,3,12,11,12,PLAYING,0.07949338853359222,0.0055361539125442505,0.09007803350687027,-0.07488328084696422,-0.0723720738529935,0.00644408014792468,True,False,3,recoverable,False
9.70000000000009,1164,3,12,11,12,PLAYING,0.08057078719139099,0.0055504292249679565,0.08996162563562393,-0.07512175619332996,-0.07209904408053497,0.006478984258473528,True,False,3,recoverable,False
9.766666666666753,1172,3,12,11,12,PLAYING,0.08169733732938766,0.005574114620685577,0.08982197195291519,-0.0753303104867356,-0.0717920891177057,0.006493040315997404,True,False,3,recoverable,False
9.833333333333416,1180,3,12,11,12,PLAYING,0.08262362331151962,0.005584605038166046,0.08979122340679169,-0.07558978400974134,-0.07183688285832238,0.006534258516496888,True,False,3,recoverable,False
9.900000000000079,1188,3,12,11,12,PLAYING,0.08324772119522095,0.0056274160742759705,0.08986623585224152,-0.076117117336775,-0.07218142913691608,0.006586730051050619,True,False,3,recoverable,False
9.966666666666741,1196,3,12,11,12,PLAYING,0.08389689028263092,0.005681484937667847,0.08994822949171066,-0.07662616414274125,-0.072473692230586,0.0065220937740086355,True,False,3,recoverable,False
10.033333333333404,1204,3,12,11,12,PLAYING,0.08462424576282501,0.005738936364650726,0.09001653641462326,-0.0772116565398546,-0.07288515758404518,0.00655708460783,True,False,3,recoverable,False
10.100000000000067,1212,3,12,11,12,PLAYING,0.08543011546134949,0.005732424557209015,0.09013469517230988,-0.07713654980684093,-0.07285568657789032,0.006529726723794681,True,False,3,recoverable,False
10.16666666666673,1220,3,12,11,12,PLAYING,0.0862991213798523,0.005698703229427338,0.09024292230606079,-0.07710817776627168,-0.0728794327504531,0.006593748029255614,True,False,3,recoverable,False
10.233333333333393,1228,3,12,11,12,PLAYING,0.08719505369663239,0.005685262382030487,0.09033641219139099,-0.07703381625512531,-0.07291897648310007,0.006606317933742041,True,False,3,recoverable,False
10.300000000000056,1236,3,12,11,12,PLAYING,0.08811233937740326,0.005668304860591888,0.09041258692741394,-0.0770040905664657,-0.07298167379556396,0.006600125444933719,True,False,3,recoverable,False
10.366666666666719,1244,3,12,11,12,PLAYING,0.08906309306621552,0.00564701110124588,0.09047456085681915,-0.07695886146560454,-0.07304744086321875,0.006583856443972479,True,False,3,recoverable,False
10.433333333333382,1252,3,12,11,12,PLAYING,0.09002241492271423,0.005625993013381958,0.09051769971847534,-0.07696399323250915,-0.07313168056976015,0.006593295945394134,True,False,3,recoverable,False
10.500000000000044,1260,3,12,11,12,PLAYING,0.09100526571273804,0.005612589418888092,0.0905407965183258,-0.07694623621091876,-0.07321260563445743,0.0066190576423923965,True,False,3,recoverable,False
10.566666666666707,1268,3,12,11,12,PLAYING,0.09202539175748825,0.00562567263841629,0.09054551273584366,-0.07692072479154322,-0.0733339956366252,0.006593732742831379,True,False,3,recoverable,False
10.63333333333337,1276,3,12,11,12,PLAYING,0.09302768856287003,0.005638338625431061,0.09052788466215134,-0.07688836902708096,-0.07339205709766279,0.006520805151423999,True,False,3,recoverable,False
10.700000000000033,1284,3,12,11,12,PLAYING,0.0940774530172348,0.005635268986225128,0.09048965573310852,-0.07681141661101958,-0.07345536930410228,0.006491933929254718,True,False,3,recoverable,False
10.766666666666696,1292,3,12,11,12,PLAYING,0.09510786831378937,0.005631297826766968,0.09042565524578094,-0.07678271711045997,-0.07350594495378478,0.006483641651553023,True,False,3,recoverable,False
10.833333333333359,1300,3,12,11,12,PLAYING,0.09619937092065811,0.0056271180510520935,0.09034154564142227,-0.0768117689778305,-0.07360135770870406,0.006500718508862406,True,False,3,recoverable,False
10.900000000000022,1308,3,12,11,12,PLAYING,0.09733083844184875,0.005643270909786224,0.09023379534482956,-0.07673379030640569,-0.0736665716963698,0.0063701915698616855,True,False,3,recoverable,False
10.966666666666685,1316,3,12,11,12,PLAYING,0.09852276742458344,0.005649551749229431,0.09010346978902817,-0.07657119953242389,-0.07371867306903787,0.006295142463099853,True,False,3,recoverable,False
11.033333333333347,1324,3,12,11,12,PLAYING,0.09969544410705566,0.005644954741001129,0.08998143672943115,-0.07640839564436958,-0.07382598782750038,0.006214917946271096,True,False,3,recoverable,False
11.10000000000001,1332,3,12,11,12,PLAYING,0.10050129890441895,0.005675211548805237,0.08999843150377274,-0.07663181377500189,-0.07423056445153978,0.006158891098295221,True,False,3,recoverable,False
11.166666666666673,1340,3,12,11,12,PLAYING,0.10107313841581345,0.00574125349521637,0.09002561867237091,-0.07743301000323569,-0.07450410349557776,0.006210489259280098,True,False,3,recoverable,False
11.233333333333336,1348,3,12,11,12,PLAYING,0.1017984002828598,0.005769863724708557,0.09008991718292236,-0.0778091197556739,-0.0745620888082693,0.006187705771894226,True,False,3,recoverable,False
11.299999999999999,1356,3,12,11,12,PLAYING,0.10262324661016464,0.005762599408626556,0.09018775820732117,-0.07769872457290614,-0.07432336178146065,0.006149628922051733,True,False,3,recoverable,False
11.366666666666662,1364,3,12,11,12,PLAYING,0.10351613163948059,0.005738280713558197,0.09027878940105438,-0.07759727155998902,-0.07411271585336927,0.0061245553940337035,True,False,3,recoverable,False
11.433333333333325,1372,3,12,11,12,PLAYING,0.10444069653749466,0.005732402205467224,0.09035225212574005,-0.07753281834059512,-0.07392837829961584,0.006090534679526534,True,False,3,recoverable,False
11.499999999999988,1380,3,12,11,12,PLAYING,0.10537973791360855,0.005726352334022522,0.0904134213924408,-0.07749252241319957,-0.07375293765397246,0.006064461261973949,True,False,3,recoverable,False
11.56666666666665,1388,3,12,11,12,PLAYING,0.10635222494602203,0.0057130008935928345,0.09045635163784027,-0.07743682385567208,-0.07357832590222348,0.006017317043942993,True,False,3,recoverable,False
11.633333333333313,1396,3,12,11,12,PLAYING,0.10733041167259216,0.00570138543844223,0.09048391878604889,-0.07736273533938805,-0.073389183982591,0.005983683471220959,True,False,3,recoverable,False
11.699999999999976,1404,3,12,11,12,PLAYING,0.10835134983062744,0.005692042410373688,0.09048325568437576,-0.07733774802298977,-0.07320207159069175,0.00597921161013767,True,False,3,recoverable,False
11.766666666666639,1412,3,12,11,12,PLAYING,0.10938239097595215,0.005688369274139404,0.09045965224504471,-0.07737213824989436,-0.07302989558453821,0.005968982038657816,True,False,3,recoverable,False
11.833333333333302,1420,3,12,11,12,PLAYING,0.11045967042446136,0.005688861012458801,0.09041574597358704,-0.07736200605180997,-0.07284502444186712,0.00598573715970984,True,False,3,recoverable,False
11.899999999999965,1428,3,12,11,12,PLAYING,0.11157035827636719,0.005677931010723114,0.09035052359104156,-0.07734448234770946,-0.07264745221944875,0.005995050899317081,True,False,3,recoverable,False
11.966666666666628,1436,3,12,11,12,PLAYING,0.11270356178283691,0.005676455795764923,0.09025932848453522,-0.07733696853201837,-0.07244404552610707,0.006003789059863348,True,False,3,recoverable,False
12.03333333333329,1444,3,12,11,12,PLAYING,0.11384892463684082,0.005664236843585968,0.09013951569795609,-0.07734573241855068,-0.07223074399007376,0.006015559409758713,True,False,3,recoverable,False
12.099999999999953,1452,3,12,11,12,PLAYING,0.11491397023200989,0.005666278302669525,0.09007126837968826,-0.07725176382106279,-0.07215992600344995,0.0059863271170902555,True,False,3,recoverable,False
12.166666666666616,1460,3,12,11,12,PLAYING,0.11568352580070496,0.0056674182415008545,0.09012904763221741,-0.07737121764425187,-0.07244357605707347,0.005962104063437337,True,False,3,recoverable,False
12.23333333333328,1468,3,12,11,12,PLAYING,0.11656098812818527,0.005674898624420166,0.09017463773488998,-0.07741889147857871,-0.07284262739358596,0.005898089544219544,True,False,3,recoverable,False
12.299999999999942,1476,3,12,11,12,PLAYING,0.11746205389499664,0.005679339170455933,0.09020661562681198,-0.07739947040289542,-0.07321914393245846,0.005847837621753253,True,False,3,recoverable,False
12.366666666666605,1484,3,12,11,12,PLAYING,0.11840803176164627,0.005679093301296234,0.09022236615419388,-0.07737128131654925,-0.07363772939689137,0.0057732311142271835,True,False,3,recoverable,False
12.433333333333268,1492,3,12,11,12,PLAYING,0.11940537393093109,0.005690447986125946,0.09021780639886856,-0.07734287247908879,-0.07410629256559681,0.005681240236822396,True,False,3,recoverable,False
12.49999999999993,1500,3,12,11,12,PLAYING,0.12041512131690979,0.005688630044460297,0.09019342064857483,-0.07730972599964095,-0.07456999997676055,0.005577543063737435,True,False,3,recoverable,False
12.566666666666594,1508,3,12,11,12,PLAYING,0.12149175256490707,0.005602911114692688,0.0902419313788414,-0.07641590772972079,-0.0744254054644307,0.0055212735090309365,True,False,3,recoverable,False
12.633333333333256,1516,3,12,11,12,PLAYING,0.1226082518696785,0.005494527518749237,0.09025897830724716,-0.07552842127369622,-0.07429776805763952,0.005483969460824638,True,False,3,recoverable,False
12.69999999999992,1524,3,12,11,12,PLAYING,0.12363141030073166,0.005450509488582611,0.09029026329517365,-0.07492976640535359,-0.07406441189922962,0.00533150997929145,True,False,3,recoverable,False
12.766666666666582,1532,3,12,11,12,PLAYING,0.12446277588605881,0.005450323224067688,0.09032149612903595,-0.07493314885628752,-0.07376622270839638,0.005204157554403631,True,False,3,recoverable,False
12.833333333333245,1540,3,12,11,12,PLAYING,0.12535126507282257,0.005438365042209625,0.09033263474702835,-0.075019486456138,-0.07351847266390488,0.00520752412532437,True,False,3,recoverable,False
12.899999999999908,1548,3,12,11,12,PLAYING,0.12632976472377777,0.005437679588794708,0.09032486379146576,-0.07504686465495959,-0.07328497808794823,0.005178009201773485,True,False,3,recoverable,False
12.96666666666657,1556,3,12,11,12,PLAYING,0.12732210755348206,0.005446098744869232,0.09030590206384659,-0.07507305843027208,-0.07307239771461803,0.005199471073326128,True,False,3,recoverable,False
13.033333333333234,1564,3,12,11,12,PLAYING,0.1283644735813141,0.005443975329399109,0.09025916457176208,-0.07512639651493512,-0.07285552857618405,0.005209386614322599,True,False,3,recoverable,False
13.099999999999897,1572,3,12,11,12,PLAYING,0.1294286847114563,0.005438484251499176,0.09018490463495255,-0.07520247833872219,-0.07263996996121376,0.005246084121029199,True,False,3,recoverable,False
13.16666666666656,1580,3,12,11,12,PLAYING,0.13052327930927277,0.005435623228549957,0.0900912806391716,-0.07525764049060124,-0.07240086940812632,0.0053119091480510125,True,False,3,recoverable,False
13.233333333333222,1588,3,12,11,12,PLAYING,0.1316516250371933,0.005420878529548645,0.08997265994548798,-0.07530472030240418,-0.07214845668162172,0.005353074446320686,True,False,3,recoverable,False
13.299999999999885,1596,3,12,11,12,PLAYING,0.13278532028198242,0.0053999051451683044,0.08982706069946289,-0.07533955487178948,-0.07185627945681715,0.00539296864827852,True,False,3,recoverable,False
13.366666666666548,1604,3,12,11,12,PLAYING,0.1338488608598709,0.005378596484661102,0.08973098546266556,-0.07534845867308221,-0.07173684191945763,0.005471499958139269,True,False,3,recoverable,False
13.433333333333211,1612,3,12,11,12,PLAYING,0.13456441462039948,0.005417667329311371,0.08979777991771698,-0.07557869676732643,-0.07214243905881418,0.005409608477790127,True,False,3,recoverable,False
13.499999999999874,1620,3,12,11,12,PLAYING,0.13532590866088867,0.005444690585136414,0.089850515127182,-0.07576846047495377,-0.07257626409128005,0.005342862495613603,True,False,3,recoverable,False
13.566666666666537,1628,3,12,11,12,PLAYING,0.13618381321430206,0.005475178360939026,0.08989530801773071,-0.07590165055311567,-0.07308491710780839,0.0052597647961567795,True,False,3,recoverable,False
13.6333333333332,1636,3,12,11,12,PLAYING,0.13706672191619873,0.005495861172676086,0.08992691338062286,-0.07595608558715564,-0.07356433832187002,0.0051854196754560185,True,False,3,recoverable,False
13.699999999999863,1644,3,12,11,12,PLAYING,0.13798856735229492,0.005506440997123718,0.08994371443986893,-0.07602717326646063,-0.07408405897425951,0.005112166578390993,True,False,3,recoverable,False
13.766666666666525,1652,3,12,11,12,PLAYING,0.1388985514640808,0.005532875657081604,0.08995996415615082,-0.07625898078566341,-0.074584834343845,0.005060379493322698,True,False,3,recoverable,False
13.833333333333188,1660,3,12,11,12,PLAYING,0.13982760906219482,0.005566999316215515,0.08995728939771652,-0.07660572066853004,-0.07512244234580549,0.005040006236508882,True,False,3,recoverable,False
13.899999999999851,1668,3,12,11,12,PLAYING,0.14079590141773224,0.005592070519924164,0.08994174748659134,-0.07683793162401477,-0.07561164956728557,0.00504698765332854,True,False,3,recoverable,False
13.966666666666514,1676,3,12,11,12,PLAYING,0.1417762041091919,0.0055852532386779785,0.08996668457984924,-0.0767011656136434,-0.07575865878252046,0.004996115024390401,True,False,3,recoverable,False
14.033333333333177,1684,3,12,11,12,PLAYING,0.14245837926864624,0.0056081488728523254,0.08998911827802658,-0.07709080515783202,-0.07568467440940191,0.0050227490878428545,True,False,3,recoverable,False
14.09999999999984,1692,3,12,11,12,PLAYING,0.14324434101581573,0.0056350454688072205,0.0900149792432785,-0.07740685161944591,-0.0755981089683249,0.0050214193890083594,True,False,3,recoverable,False
14.166666666666503,1700,3,12,11,12,PLAYING,0.14408555626869202,0.0056640952825546265,0.0900244489312172,-0.07778422728708898,-0.0755664496161987,0.005005019488487999,True,False,3,recoverable,False
14.233333333333166,1708,3,12,11,12,PLAYING,0.1449609249830246,0.005692377686500549,0.09002242982387543,-0.07823199638080816,-0.07556318258487148,0.005045842723145931,True,False,3,recoverable,False
14.299999999999828,1716,3,12,11,12,PLAYING,0.14588309824466705,0.00572417676448822,0.0900098904967308,-0.07864784108886454,-0.07553769265382185,0.005013814922473568,True,False,3,recoverable,False
14.366666666666491,1724,3,12,11,12,PLAYING,0.14681413769721985,0.00577303022146225,0.08997451514005661,-0.07910706686212989,-0.07555598096755674,0.0049989800476535,True,False,3,recoverable,False
14.433333333333154,1732,3,12,11,12,PLAYING,0.1477561891078949,0.005758360028266907,0.08998646587133408,-0.07901065036596812,-0.07503849348249875,0.005029407677769203,True,False,3,recoverable,False
14.499999999999817,1740,3,12,11,12,PLAYING,0.14877985417842865,0.005752958357334137,0.08999141305685043,-0.07877915710014097,-0.07447660609591471,0.004987998267768977,True,False,3,recoverable,False
14.56666666666648,1748,3,12,11,12,PLAYING,0.14982567727565765,0.0057362765073776245,0.08997537940740585,-0.07853734596941819,-0.07388801366858216,0.004971666734907464,True,False,3,recoverable,False
14.633333333333143,1756,3,12,11,12,PLAYING,0.15090522170066833,0.0057193562388420105,0.08993754535913467,-0.07837308333443589,-0.07331225970859953,0.00498466706961624,True,False,3,recoverable,False
14.699999999999806,1764,3,12,11,12,PLAYING,0.152009516954422,0.005699232220649719,0.08987058699131012,-0.07818452986261794,-0.07269806443054753,0.004995949641667736,True,False,3,recoverable,False
14.766666666666469,1772,3,12,11,12,PLAYING,0.15315335988998413,0.005685664713382721,0.08978196233510971,-0.078001556647811,-0.07209048025154856,0.004976000172694554,True,False,3,recoverable,False
14.833333333333131,1780,3,12,11,12,PLAYING,0.15433166921138763,0.005663342773914337,0.0896955132484436,-0.07778779670054287,-0.07153195106756466,0.005004261517790807,True,False,3,recoverable,False
14.899999999999794,1788,3,12,11,12,PLAYING,0.15504851937294006,0.005678489804267883,0.08982425928115845,-0.07772530832011294,-0.0715298762657741,0.004956899855220657,True,False,3,recoverable,False
14.966666666666457,1796,3,12,11,12,PLAYING,0.15585112571716309,0.005679324269294739,0.0899396762251854,-0.07765201001063404,-0.07161082947103936,0.004936656090793372,True,False,3,recoverable,False
15.03333333333312,1804,3,12,11,12,PLAYING,0.15672728419303894,0.0056740641593933105,0.09004329144954681,-0.07754605957690702,-0.07175416101661797,0.004925154400397301,True,False,3,recoverable,False
15.099999999999783,1812,3,12,11,12,PLAYING,0.15764176845550537,0.005663394927978516,0.09013137966394424,-0.077458694968954,-0.07194317401535016,0.004897793606848551,True,False,3,recoverable,False
15.166666666666446,1820,3,12,11,12,PLAYING,0.15858937799930573,0.005654416978359222,0.09020308405160904,-0.07733363697794919,-0.0721493752629751,0.004884908942385791,True,False,3,recoverable,False
15.233333333333109,1828,3,12,11,12,PLAYING,0.15955522656440735,0.00563831627368927,0.09025560319423676,-0.07722329546777568,-0.07237153861686332,0.004859155578931887,True,False,3,recoverable,False
15.299999999999772,1836,3,12,11,12,PLAYING,0.1605324000120163,0.005627796053886414,0.0902860015630722,-0.0770912418112659,-0.07259319928450615,0.004825522321272619,True,False,3,recoverable,False
15.366666666666434,1844,3,12,11,12,PLAYING,0.1614973545074463,0.005635879933834076,0.09031710028648376,-0.07693379084786443,-0.07283353668241435,0.004721978048081126,True,False,3,recoverable,False
15.433333333333097,1852,3,12,11,12,PLAYING,0.16245593130588531,0.005619078874588013,0.09034711867570877,-0.07674033262554733,-0.07313653171293123,0.004693306211568722,True,False,3,recoverable,False
15.49999999999976,1860,3,12,11,12,PLAYING,0.16347502171993256,0.005595959722995758,0.09035886079072952,-0.07649901735572737,-0.07344770030517779,0.004701588030631046,True,False,3,recoverable,False
15.566666666666423,1868,3,12,11,12,PLAYING,0.16449081897735596,0.005580022931098938,0.09034807980060577,-0.0762408967614715,-0.07375432262582558,0.00464138063720876,True,False,3,recoverable,False
15.633333333333086,1876,3,12,11,12,PLAYING,0.1655600219964981,0.005570262670516968,0.09031947702169418,-0.07597340664189593,-0.07409256355450448,0.004578015310485551,True,False,3,recoverable,False
15.699999999999749,1884,3,12,11,12,PLAYING,0.16664014756679535,0.005533479154109955,0.09026996791362762,-0.07570601455934042,-0.07440270092801073,0.004575873443683602,True,False,3,recoverable,False
15.766666666666412,1892,3,12,11,12,PLAYING,0.16758115589618683,0.005567103624343872,0.0902375653386116,-0.07605191516618914,-0.07464685921806584,0.004571706552069352,True,False,3,recoverable,False
15.833333333333075,1900,3,12,11,12,PLAYING,0.16858156025409698,0.005606785416603088,0.09017544984817505,-0.07639557019877537,-0.07495745268276151,0.004544832036891755,True,False,3,recoverable,False
15.899999999999737,1908,3,12,11,12,PLAYING,0.16949458420276642,0.005640774965286255,0.0901116207242012,-0.07683517798908035,-0.07512957873719231,0.004525266541549808,True,False,3,recoverable,False
15.9666666666664,1916,3,12,11,12,PLAYING,0.1703970581293106,0.005625724792480469,0.09009946882724762,-0.07691969616842873,-0.0748543977888418,0.004588511139603555,True,False,3,recoverable,False
16.033333333333065,1924,3,12,11,12,PLAYING,0.17141422629356384,0.005605161190032959,0.09010058641433716,-0.07662065674125826,-0.07433875757449007,0.004455600240254409,True,False,3,recoverable,False
16.099999999999728,1932,3,12,11,12,PLAYING,0.17247788608074188,0.005576625466346741,0.09008189290761948,-0.07638280843139374,-0.07385444041643643,0.00441804347712673,True,False,3,recoverable,False
16.16666666666639,1940,3,12,11,12,PLAYING,0.17355437576770782,0.005559764802455902,0.09004683047533035,-0.07614489789979138,-0.07336374440813159,0.004350465695592453,True,False,3,recoverable,False
16.233333333333054,1948,3,12,11,12,PLAYING,0.17465052008628845,0.005535975098609924,0.08998683094978333,-0.0759669890378153,-0.07286317459633124,0.004343273970327665,True,False,3,recoverable,False
16.299999999999716,1956,3,12,11,12,PLAYING,0.17578941583633423,0.005518823862075806,0.08990389853715897,-0.07577289465811135,-0.07236989331432546,0.00430439873619023,True,False,3,recoverable,False
16.36666666666638,1964,3,12,11,12,PLAYING,0.1769700050354004,0.005494922399520874,0.08979413658380508,-0.0755453512527349,-0.07184032455292581,0.004311898749077266,True,False,3,recoverable,False
16.433333333333042,1972,3,12,11,12,PLAYING,0.1781734675168991,0.005467891693115234,0.08965442329645157,-0.07533971732110271,-0.07130276218650931,0.0043009129055039345,True,False,3,recoverable,False
16.499999999999705,1980,3,12,11,12,PLAYING,0.17942339181900024,0.005426973104476929,0.08948421478271484,-0.07510828232623512,-0.07074235700875849,0.004355243849639977,True,False,3,recoverable,False
16.566666666666368,1988,3,12,11,12,PLAYING,0.18069924414157867,0.005400665104389191,0.08928481489419937,-0.07484565899566771,-0.07016702604740711,0.004310089533379792,True,False,3,recoverable,False
16.63333333333303,1996,3,12,11,12,PLAYING,0.18175308406352997,0.005382269620895386,0.08922836184501648,-0.07462541501219053,-0.06998571358135053,0.004265600541214396,True,False,3,recoverable,False
16.699999999999694,2004,3,12,11,12,PLAYING,0.18255802989006042,0.005381874740123749,0.08928336203098297,-0.07461191622302082,-0.07019386151952557,0.004228902409639137,True,False,3,recoverable,False
16.766666666666357,2012,3,12,11,12,PLAYING,0.18327446281909943,0.005388215184211731,0.08933702111244202,-0.07471200094645246,-0.07030556195962351,0.004195482206451604,True,False,3,recoverable,False
16.83333333333302,2020,3,13,13,13,PLAYING,0.18304555118083954,0.0053693801164627075,0.08932875841856003,-0.07452511336192674,-0.0702035063866956,0.0041909710436294255,True,False,3,recoverable,False
16.899999999999682,2028,4,14,13,14,PLAYING,0.18281379342079163,0.005375273525714874,0.0893167182803154,-0.07458086363278035,-0.07014268379520178,0.0041930850049548786,True,False,3,recoverable,False
16.966666666666345,2036,4,15,14,15,PLAYING,0.18272483348846436,0.0053749531507492065,0.08931680023670197,-0.07457747880967432,-0.0701014539515503,0.004196276980129151,True,False,3,recoverable,False
17.033333333333008,2044,4,15,14,15,PLAYING,0.18272706866264343,0.005378164350986481,0.0893276110291481,-0.07458497291410794,-0.07014254869554876,0.004198398177469212,True,False,3,recoverable,False
17.09999999999967,2052,4,15,14,15,PLAYING,0.1827419102191925,0.00539051741361618,0.08934113383293152,-0.07460059456620272,-0.07021414955550508,0.0041686512886767646,True,False,3,recoverable,False
17.166666666666334,2060,4,15,14,15,PLAYING,0.18271149694919586,0.005391061305999756,0.08935090899467468,-0.07458980477030835,-0.07021300983752733,0.004170309458833049,True,False,3,recoverable,False
17.233333333332997,2068,4,16,15,16,PLAYING,0.18267852067947388,0.0054002851247787476,0.08936335146427155,-0.07467196514959823,-0.07023740041095543,0.004175758813265962,True,False,3,recoverable,False
17.29999999999966,2076,4,17,16,17,PLAYING,0.18263958394527435,0.005428135395050049,0.08938469737768173,-0.07491872439721874,-0.07037559818390911,0.004182345953348913,True,False,3,recoverable,False
17.366666666666323,2084,4,17,16,17,PLAYING,0.18258801102638245,0.005405634641647339,0.08938448876142502,-0.0747068014845475,-0.07020612831884207,0.004181612151011994,True,False,3,recoverable,False
17.433333333332985,2092,4,18,17,18,PLAYING,0.18255780637264252,0.005409263074398041,0.08939768373966217,-0.07472653368184325,-0.07021427792144447,0.00418457177518068,True,False,3,recoverable,False
17.49999999999965,2100,4,18,17,18,PLAYING,0.18251457810401917,0.005395852029323578,0.08939612656831741,-0.07455592304591217,-0.07010755001360582,0.004165658426199888,True,False,3,recoverable,False
17.56666666666631,2108,4,19,18,19,PLAYING,0.18246880173683167,0.005379840731620789,0.0894022136926651,-0.0744171309381689,-0.07000714594633393,0.004175610063364292,True,False,3,recoverable,False
17.633333333332974,2116,4,20,19,20,PLAYING,0.18243688344955444,0.005394205451011658,0.08939974755048752,-0.07461019748034906,-0.07014139550628165,0.004208038188649733,True,False,3,recoverable,False
17.699999999999637,2124,4,20,19,20,PLAYING,0.18237681686878204,0.005397111177444458,0.08939995616674423,-0.07460574079443029,-0.07010269821829587,0.004197815130887535,True,False,3,recoverable,False
17.7666666666663,2132,4,21,20,21,PLAYING,0.1823490858078003,0.005281992256641388,0.08952243626117706,-0.07329119389129561,-0.06906346760938069,0.0040988424795330575,True,False,3,recoverable,False
17.833333333332963,2140,5,30,21,30,PLAYING,0.18440331518650055,0.0053861066699028015,0.08842732757329941,-0.07537853429694082,-0.061220836013856805,0.0035093114687320954,True,False,3,recoverable,False
17.899999999999626,2148,5,30,21,30,PLAYING,0.18568411469459534,0.004533581435680389,0.08234062790870667,-0.07063723978714143,-0.03503859098033422,0.00146828554450255,True,False,4,recoverable,False
17.96666666666629,2156,5,30,21,30,PLAYING,0.18823093175888062,0.004686012864112854,0.07770656794309616,-0.07670750703447246,-0.025776107233116418,0.0004741155695249138,True,False,4,recoverable,False
18.03333333333295,2164,5,30,21,30,PLAYING,0.18962472677230835,0.004728429019451141,0.07720718532800674,-0.07831748570271735,-0.025819294188177896,-3.92188293462859e-05,True,False,4,recoverable,False
18.099999999999614,2172,5,30,21,30,PLAYING,0.19024431705474854,0.00453418493270874,0.0785650685429573,-0.07509564151159717,-0.0282498750638679,0.00018132348253313582,True,False,4,recoverable,False
18.166666666666277,2180,5,30,21,30,PLAYING,0.19182337820529938,0.0040281713008880615,0.0822875127196312,-0.06633906211328,-0.033962634772943756,0.0007731967415067392,True,False,4,recoverable,False
18.23333333333294,2188,5,30,21,30,PLAYING,0.19484415650367737,0.0033057481050491333,0.08430708944797516,-0.05723838620087619,-0.03628057324732097,0.0010072656428379188,True,False,4,recoverable,False
18.299999999999603,2196,5,30,21,30,PLAYING,0.19947145879268646,0.002075761556625366,0.08681128919124603,-0.04223051071559982,-0.03743544919950943,0.0011236223466152917,True,False,4,recoverable,False
18.366666666666266,2204,5,30,21,30,PLAYING,0.20528171956539154,0.0009233430027961731,0.08897294104099274,-0.028453741130261303,-0.0427991671223172,0.0011658689635731904,True,False,4,recoverable,False
18.43333333333293,2212,5,30,21,30,PLAYING,0.21071113646030426,3.081560134887695e-05,0.09025619924068451,-0.018302404151695446,-0.04861519408232843,0.0009746322990733992,True,False,4,recoverable,False
18.49999999999959,2220,5,30,21,30,PLAYING,0.21006113290786743,-0.0001878291368484497,0.09136142581701279,-0.01576145865616553,-0.0456137317183093,0.0009020575286403866,True,False,3,recoverable,False
18.566666666666254,2228,5,30,21,30,PLAYING,0.20466318726539612,0.00032173842191696167,0.09209614992141724,-0.02112903087681431,-0.038183606557791086,0.0009339271363554309,True,False,3,recoverable,False
18.633333333332917,2236,5,30,21,30,PLAYING,0.19786693155765533,0.0012514367699623108,0.09157325327396393,-0.03117392683709245,-0.029833522258071992,0.0008618040661623124,True,False,3,recoverable,False
18.69999999999958,2244,5,31,23,31,PLAYING,0.19272729754447937,0.0019061192870140076,0.09156567603349686,-0.038133490492493004,-0.022213079225731677,0.0005835433542946667,True,False,3,recoverable,False
18.766666666666243,2252,6,32,23,32,PLAYING,0.18979412317276,0.002284988760948181,0.09162072837352753,-0.04207558453223569,-0.01792845351041613,0.0003512916375465847,True,False,3,recoverable,False
18.833333333332906,2260,6,33,24,33,PLAYING,0.18809917569160461,0.002469681203365326,0.09180422872304916,-0.04393812583569441,-0.014877280690860813,0.00019037374438777798,True,False,4,recoverable,False
18.89999999999957,2268,6,33,24,33,PLAYING,0.18685173988342285,0.0025778934359550476,0.09207610040903091,-0.044877995870532254,-0.012226964058231638,6.45624253709111e-05,True,False,4,recoverable,False
18.96666666666623,2276,6,33,24,33,PLAYING,0.18340758979320526,0.0023808330297470093,0.09436117112636566,-0.042973124836934294,-0.00042808201191457494,-0.0007509752186897087,True,False,4,recoverable,False
19.033333333332894,2284,6,34,25,34,PLAYING,0.18079416453838348,0.0022609829902648926,0.09544464945793152,-0.042972898551245996,0.005080746216488038,-0.0016780585849014665,True,False,4,recoverable,False
19.099999999999557,2292,6,34,25,34,PLAYING,0.1775834560394287,0.0020456165075302124,0.09669779241085052,-0.04036750346198402,0.011047890735572455,-0.0019600942450704213,True,False,4,recoverable,False
19.16666666666622,2300,6,35,26,35,PLAYING,0.17453432083129883,0.001749083399772644,0.09783259779214859,-0.03647992925331013,0.016598380473823653,-0.0018556262516999545,True,False,4,recoverable,False
19.233333333332883,2308,6,35,26,35,PLAYING,0.17255985736846924,0.0015174522995948792,0.09858006238937378,-0.03322842347642472,0.020638916841764145,-0.0017258997743180035,True,False,4,recoverable,False
19.299999999999546,2316,6,35,26,35,PLAYING,0.17134474217891693,0.0014149248600006104,0.09901478886604309,-0.031630423262450635,0.022764505167449208,-0.0016771952146756568,True,False,4,recoverable,False
19.36666666666621,2324,6,35,26,35,PLAYING,0.17040100693702698,0.0013345107436180115,0.09934324026107788,-0.030371524307512925,0.0243521674442386,-0.0016224086745345835,True,False,4,recoverable,False
19.43333333333287,2332,6,35,26,35,PLAYING,0.16955700516700745,0.0012405738234519958,0.09964863210916519,-0.02901903642420113,0.025807283783429114,-0.0015469711788065306,True,False,4,recoverable,False
19.499999999999535,2340,7,36,27,36,PLAYING,0.16752080619335175,0.0010821446776390076,0.09926774352788925,-0.027199644613123224,0.03144628228351797,-0.0015539627731565528,True,False,4,recoverable,False
19.566666666666197,2348,7,37,28,37,PLAYING,0.16184495389461517,0.00043013691902160645,0.09832486510276794,-0.019141154529627565,0.04593380737461827,-0.001089588656460066,True,False,4,recoverable,False
19.63333333333286,2356,7,37,28,37,PLAYING,0.15392149984836578,-0.0005052685737609863,0.0970473438501358,-0.007193074663765238,0.06553889672200088,0.00014321429937102627,True,False,4,recoverable,False
19.699999999999523,2364,7,37,28,37,PLAYING,0.14881432056427002,-0.0010572448372840881,0.0960318073630333,-4.817759325315739e-05,0.07801823819128395,0.001166931169246604,True,False,4,recoverable,False
19.766666666666186,2372,7,38,29,38,PLAYING,0.14582610130310059,-0.0013468265533447266,0.09532815217971802,0.003874046810706571,0.08525661087446952,0.0018004119583302407,True,False,4,recoverable,False
19.83333333333285,2380,7,38,29,38,PLAYING,0.14489269256591797,-0.0014742910861968994,0.09554322063922882,0.005596851662931751,0.0865792845689008,0.0020860776098565073,True,False,3,recoverable,False
19.899999999999512,2388,7,39,30,39,PLAYING,0.14463254809379578,-0.001537621021270752,0.09598205983638763,0.006404925148779544,0.08601665962627204,0.0022166381223116378,True,False,3,recoverable,False
19.966666666666175,2396,7,39,30,39,PLAYING,0.14442509412765503,-0.00158035010099411,0.09633415192365646,0.006945587213190394,0.08534628403348303,0.002297977943844372,True,False,3,recoverable,False
20.033333333332838,2404,7,40,31,40,PLAYING,0.14428654313087463,-0.0016070455312728882,0.0966520681977272,0.007266973993891392,0.08457419969713822,0.0023423195886681947,True,False,3,recoverable,False
20.0999999999995,2412,7,41,32,41,PLAYING,0.143996000289917,-0.0016310438513755798,0.09679819643497467,0.007570663555249303,0.08439760949748257,0.0023878263175005983,True,False,3,recoverable,False
20.166666666666163,2420,7,41,32,41,PLAYING,0.14399202167987823,-0.0016526728868484497,0.09719270467758179,0.007814096211865705,0.08308090842659199,0.002414434225328174,True,False,3,recoverable,False
20.233333333332826,2428,8,42,33,42,PLAYING,0.14488260447978973,-0.001697733998298645,0.0978032723069191,0.00842472899786215,0.08101385414979381,0.002525222969353967,True,False,3,recoverable,False
20.29999999999949,2436,8,42,33,42,PLAYING,0.14577460289001465,-0.0017056018114089966,0.09831435978412628,0.008724962432368541,0.07935223087110853,0.0025945549756057253,True,False,3,recoverable,False
20.366666666666152,2444,8,42,33,42,PLAYING,0.14667505025863647,-0.001703888177871704,0.0987565666437149,0.008720381434558522,0.07789499573547294,0.002607619206244076,True,False,3,recoverable,False
20.433333333332815,2452,8,42,33,42,PLAYING,0.14759241044521332,-0.0017061084508895874,0.09921605885028839,0.008798745810282824,0.07644923523079314,0.002596101949753426,True,False,3,recoverable,False
20.499999999999478,2460,8,42,33,42,PLAYING,0.14855018258094788,-0.0017168298363685608,0.09969692677259445,0.008892452659472161,0.07482420222378136,0.0026099341206470015,True,False,3,recoverable,False
20.56666666666614,2468,8,42,33,42,PLAYING,0.14951086044311523,-0.001724235713481903,0.1001417338848114,0.008974872900168249,0.07326425466020066,0.0026125851716272295,True,False,3,recoverable,False
20.633333333332804,2476,8,42,33,42,PLAYING,0.1504889726638794,-0.0017271563410758972,0.10054422914981842,0.008972474363198098,0.07173052233886715,0.0026272607365497363,True,False,3,recoverable,False
20.699999999999466,2484,8,42,33,42,PLAYING,0.1515076756477356,-0.0017294138669967651,0.1009436547756195,0.00897797255648341,0.07012907152817711,0.002618228223804332,True,False,3,recoverable,False
20.76666666666613,2492,8,42,33,42,PLAYING,0.15254217386245728,-0.0017319172620773315,0.10133296996355057,0.00897818540464444,0.06847378663556446,0.002606821245706913,True,False,3,recoverable,False
20.833333333332792,2500,8,42,33,42,PLAYING,0.1535836011171341,-0.0017302483320236206,0.10169726610183716,0.008946935422317207,0.06679545304722535,0.0025939095262757926,True,False,3,recoverable,False
20.899999999999455,2508,8,42,33,42,PLAYING,0.15464641153812408,-0.001724444329738617,0.1020384430885315,0.008883728152523928,0.06508953322998788,0.0025770341018256405,True,False,3,recoverable,False
20.966666666666118,2516,8,42,33,42,PLAYING,0.15573106706142426,-0.0016825869679450989,0.10230810940265656,0.008359560851004236,0.06367197468556697,0.0024940427086430125,True,False,3,recoverable,False
21.03333333333278,2524,8,42,33,42,PLAYING,0.15684613585472107,-0.0016295984387397766,0.10253824293613434,0.0077129061440056115,0.062276167927690494,0.002392918952894796,True,False,3,recoverable,False
21.099999999999444,2532,8,42,33,42,PLAYING,0.15778832137584686,-0.0016208142042160034,0.10283862054347992,0.007610265458980034,0.06116528460128373,0.0023796946054849785,True,False,3,recoverable,False
21.166666666666107,2540,8,42,33,42,PLAYING,0.15861958265304565,-0.001653917133808136,0.10324716567993164,0.00803711870018188,0.06024418745409726,0.0024354381252455408,True,False,3,recoverable,False
21.23333333333277,2548,8,42,33,42,PLAYING,0.15952813625335693,-0.0016797259449958801,0.10364067554473877,0.0083487981994722,0.05923599123165208,0.0024780392151289615,True,False,3,recoverable,False
21.299999999999432,2556,8,42,33,42,PLAYING,0.16047801077365875,-0.0017006248235702515,0.10402766615152359,0.008616121365514673,0.058157051584179345,0.0025154717391628104,True,False,3,recoverable,False
21.366666666666095,2564,8,42,33,42,PLAYING,0.16146083176136017,-0.0017192810773849487,0.10438539832830429,0.00883703964942479,0.057075602601029396,0.0025423163590696236,True,False,3,recoverable,False
21.433333333332758,2572,8,42,33,42,PLAYING,0.16246387362480164,-0.0017374306917190552,0.10473854839801788,0.009074228981073372,0.05594355054092346,0.0025700799861610776,True,False,3,recoverable,False
21.49999999999942,2580,8,42,33,42,PLAYING,0.1634962260723114,-0.0017528533935546875,0.10508257895708084,0.009315132972707519,0.05474850759434913,0.0026113048644457906,True,False,3,recoverable,False
21.566666666666084,2588,8,42,33,42,PLAYING,0.1645423024892807,-0.0017697811126708984,0.10540033876895905,0.00951881451261954,0.05354320116701823,0.002633972851443057,True,False,3,recoverable,False
21.633333333332747,2596,8,42,33,42,PLAYING,0.16556282341480255,-0.0017845258116722107,0.10569854825735092,0.009720809798738924,0.05246206212159357,0.002666324630483442,True,False,3,recoverable,False
21.69999999999941,2604,8,42,33,42,PLAYING,0.16656172275543213,-0.0018013864755630493,0.1059582307934761,0.009930162201931438,0.05147545640249497,0.002694640086175346,True,False,3,recoverable,False
21.766666666666072,2612,8,42,33,42,PLAYING,0.16760043799877167,-0.0017835795879364014,0.10617318004369736,0.009727893064606271,0.050749237680147614,0.0026716880383450973,True,False,3,recoverable,False
21.833333333332735,2620,8,42,33,42,PLAYING,0.16862863302230835,-0.0017649456858634949,0.10637917369604111,0.009530624599292164,0.049972910407135765,0.0026631161003673083,True,False,3,recoverable,False
21.899999999999398,2628,8,42,33,42,PLAYING,0.1695481240749359,-0.0017512589693069458,0.10663916915655136,0.009349913669694667,0.04896287452917675,0.002633450359862938,True,False,3,recoverable,False
21.96666666666606,2636,8,42,33,42,PLAYING,0.17057101428508759,-0.001730397343635559,0.10693992674350739,0.009048360229183249,0.047695323261762984,0.002593309399483775,True,False,3,recoverable,False
22.033333333332724,2644,8,42,33,42,PLAYING,0.17159155011177063,-0.0017011165618896484,0.1071932464838028,0.008677690071310647,0.04653609492509556,0.002538441536758152,True,False,3,recoverable,False
22.099999999999387,2652,8,42,33,42,PLAYING,0.17268133163452148,-0.001667305827140808,0.10745840519666672,0.008290300180808417,0.04519616964068777,0.002501058405533038,True,False,3,recoverable,False
22.16666666666605,2660,8,42,33,42,PLAYING,0.17377305030822754,-0.0016343295574188232,0.10768509656190872,0.007887546167390392,0.04389896810412896,0.0024424438027195808,True,False,3,recoverable,False
22.233333333332713,2668,8,42,33,42,PLAYING,0.17489787936210632,-0.0015987753868103027,0.10789007693529129,0.007445936860099653,0.042545668248456195,0.0023820876284521733,True,False,3,recoverable,False
22.299999999999375,2676,8,42,33,42,PLAYING,0.17605380713939667,-0.0015558898448944092,0.10808233171701431,0.006975860686700196,0.04111038631157597,0.0023344841907499705,True,False,3,recoverable,False
22.36666666666604,2684,8,42,33,42,PLAYING,0.17720800638198853,-0.0015130415558815002,0.10824409127235413,0.0064714137518335725,0.03974103323299162,0.002266302236120812,True,False,3,recoverable,False
22.4333333333327,2692,8,42,33,42,PLAYING,0.17828087508678436,-0.0014992058277130127,0.10846206545829773,0.0063017358510845944,0.03851666384483764,0.0022406955877422065,True,False,3,recoverable,False
22.499999999999364,2700,8,42,33,42,PLAYING,0.1793977916240692,-0.001476190984249115,0.10866305232048035,0.006089488548567139,0.037226211470836844,0.0022248907923246818,True,False,3,recoverable,False
22.566666666666027,2708,8,42,33,42,PLAYING,0.18060076236724854,-0.0014542639255523682,0.10886410623788834,0.005827120462777374,0.03578272775095839,0.0021904485460842674,True,False,3,recoverable,False
22.63333333333269,2716,8,42,33,42,PLAYING,0.18152911961078644,-0.0014859288930892944,0.1091412678360939,0.006194134030488017,0.0348378625293692,0.002229765068847347,True,False,3,recoverable,False
22.699999999999353,2724,8,42,33,42,PLAYING,0.18232491612434387,-0.0015512630343437195,0.10947750508785248,0.006979658108807888,0.034118752161074996,0.0023435497168609945,True,False,3,recoverable,False
22.766666666666016,2732,8,42,33,42,PLAYING,0.1832055151462555,-0.0016250014305114746,0.10982944071292877,0.007818712999522755,0.03327554631509916,0.002436771445015884,True,False,3,recoverable,False
22.83333333333268,2740,8,42,33,42,PLAYING,0.18412908911705017,-0.0017027854919433594,0.11018414050340652,0.008702433096041632,0.03237017648243131,0.002532743323494904,True,False,3,recoverable,False
22.89999999999934,2748,8,42,33,42,PLAYING,0.18507559597492218,-0.0017154812812805176,0.11045852303504944,0.008875518910791868,0.03196041679276582,0.0025701720502647974,True,False,3,recoverable,False
22.966666666666004,2756,8,42,33,42,PLAYING,0.18608379364013672,-0.0017087757587432861,0.1106913834810257,0.008805162741401895,0.03173936049211021,0.0025555115941854304,True,False,3,recoverable,False
23.033333333332667,2764,8,42,33,42,PLAYING,0.1871270090341568,-0.0017010346055030823,0.11092448979616165,0.008755034626677255,0.03145048629621801,0.00256266542086775,True,False,3,recoverable,False
23.09999999999933,2772,8,42,33,42,PLAYING,0.18819402158260345,-0.001696072518825531,0.11114107072353363,0.00871710512299794,0.031149277869504395,0.0025520464102944517,True,False,3,recoverable,False
23.166666666665993,2780,8,42,33,42,PLAYING,0.1892872005701065,-0.001692362129688263,0.11133989691734314,0.008674164631441163,0.030819926694189786,0.0025431241546089597,True,False,3,recoverable,False
23.233333333332656,2788,8,42,33,42,PLAYING,0.19023169577121735,-0.0016974285244941711,0.11164327710866928,0.008791858158677593,0.0300803718405082,0.0025627796854858858,True,False,3,recoverable,False
23.29999999999932,2796,8,42,33,42,PLAYING,0.19119395315647125,-0.0017038211226463318,0.11194397509098053,0.008867772997653218,0.02925627285348066,0.0025663705356911695,True,False,3,recoverable,False
23.36666666666598,2804,8,42,33,42,PLAYING,0.19221559166908264,-0.0016950368881225586,0.11224987357854843,0.008856976031003869,0.02826434446034866,0.002576820216826284,True,False,3,recoverable,False
23.433333333332644,2812,8,42,33,42,PLAYING,0.19325914978981018,-0.0016914382576942444,0.11249788105487823,0.008796470201286488,0.02738071054222741,0.002566090113523884,True,False,3,recoverable,False
23.499999999999307,2820,8,42,33,42,PLAYING,0.19431039690971375,-0.001681394875049591,0.11272501200437546,0.008743025267125483,0.02651774504699733,0.002539537038339507,True,False,3,recoverable,False
23.56666666666597,2828,8,42,33,42,PLAYING,0.19544066488742828,-0.0016715750098228455,0.11296142637729645,0.008635809235723862,0.02544473369527673,0.0025445116948800764,True,False,3,recoverable,False
23.633333333332633,2836,8,42,33,42,PLAYING,0.19657854735851288,-0.0016613006591796875,0.1131715402007103,0.00856471746327781,0.024407188177053885,0.002513983899657308,True,False,3,recoverable,False
23.699999999999296,2844,8,42,33,42,PLAYING,0.1977318674325943,-0.0016546323895454407,0.11336280405521393,0.00846537074217747,0.0233155478959688,0.002502786117052682,True,False,3,recoverable,False
23.76666666666596,2852,8,42,33,42,PLAYING,0.1989075094461441,-0.001614116132259369,0.11350671201944351,0.008141723903484924,0.022386376936535703,0.002461257428186373,True,False,3,recoverable,False
23.83333333333262,2860,8,42,33,42,PLAYING,0.20006315410137177,-0.0015647858381271362,0.11357270181179047,0.007655132444551816,0.021605648710690706,0.002427922954052357,True,False,3,recoverable,False
23.899999999999284,2868,8,42,33,42,PLAYING,0.20126456022262573,-0.0015123263001441956,0.11360017955303192,0.007088296226484963,0.0208170249457444,0.0023888894741326255,True,False,3,recoverable,False
23.966666666665947,2876,8,42,33,42,PLAYING,0.20235072076320648,-0.00144871324300766,0.11358468234539032,0.00640518097769957,0.020154403957461604,0.0023395261927411596,True,False,3,recoverable,False
24.03333333333261,2884,8,42,33,42,PLAYING,0.2031647115945816,-0.0014225393533706665,0.11366073042154312,0.006190356053830117,0.019686245777434504,0.002334565270977132,True,False,3,recoverable,False
24.099999999999273,2892,8,42,33,42,PLAYING,0.2038670927286148,-0.001463092863559723,0.11387650668621063,0.006644807030893148,0.019375323324084703,0.0023880144553750523,True,False,3,recoverable,False
24.166666666665936,2900,8,42,33,42,PLAYING,0.2046206146478653,-0.0015128850936889648,0.11412099003791809,0.007178369312034413,0.01894568182485925,0.002460384596861446,True,False,3,recoverable,False
24.2333333333326,2908,8,42,33,42,PLAYING,0.20543095469474792,-0.001565106213092804,0.11433515697717667,0.007742526473816025,0.018556271176666583,0.002523262752756892,True,False,3,recoverable,False
24.29999999999926,2916,8,42,33,42,PLAYING,0.20626327395439148,-0.0016194656491279602,0.11454104632139206,0.008338784259258521,0.018138677400684238,0.0026075654968946735,True,False,3,recoverable,False
24.366666666665925,2924,8,42,33,42,PLAYING,0.2071465402841568,-0.0016743466258049011,0.11472885310649872,0.00894717638105185,0.01769453121847651,0.0026698587255719595,True,False,3,recoverable,False
24.433333333332588,2932,8,42,33,42,PLAYING,0.20805387198925018,-0.001734718680381775,0.11490468680858612,0.009569834975562462,0.01724021327422901,0.0027433875603276687,True,False,3,recoverable,False
24.49999999999925,2940,8,42,33,42,PLAYING,0.20897306501865387,-0.0017940253019332886,0.11506416648626328,0.010222196045640286,0.016778337944710422,0.002841969210574571,True,False,3,recoverable,False
24.566666666665913,2948,8,42,33,42,PLAYING,0.20990806818008423,-0.0018596649169921875,0.1152089536190033,0.010910066606575515,0.01630443760697816,0.002925792768967218,True,False,3,recoverable,False
24.633333333332576,2956,8,42,33,42,PLAYING,0.21087265014648438,-0.001883193850517273,0.11528339982032776,0.011128082229295065,0.016177729146941922,0.0029882423272400813,True,False,3,recoverable,False
24.69999999999924,2964,8,42,33,42,PLAYING,0.2118845134973526,-0.001870758831501007,0.11530718952417374,0.01104255038987399,0.016251712145780386,0.00299303098907,True,False,3,recoverable,False
24.766666666665902,2972,8,42,33,42,PLAYING,0.2129458636045456,-0.0018647164106369019,0.11530064046382904,0.010965767067887563,0.01633667356075957,0.0030058224981061006,True,False,3,recoverable,False
24.833333333332565,2980,8,42,33,42,PLAYING,0.2140350341796875,-0.0018540173768997192,0.11526423692703247,0.010863291851615083,0.016437252835104076,0.0029988593258560656,True,False,3,recoverable,False
24.899999999999228,2988,8,42,33,42,PLAYING,0.2150801569223404,-0.001849845051765442,0.1152462586760521,0.010808120289931786,0.016418596414183775,0.003007855916889914,True,False,3,recoverable,False
24.96666666666589,2996,8,42,33,42,PLAYING,0.2159968614578247,-0.0018492341041564941,0.11527852714061737,0.01086710302361429,0.01620227784629517,0.0030309184780627206,True,False,3,recoverable,False
25.033333333332553,3004,8,42,33,42,PLAYING,0.216972216963768,-0.001839078962802887,0.11527552455663681,0.010795049134744519,0.015951927248685268,0.003052648909487113,True,False,3,recoverable,False
25.099999999999216,3012,8,42,33,42,PLAYING,0.2180103361606598,-0.0018217414617538452,0.115238256752491,0.010631792339186345,0.015682782872863246,0.00303658503473729,True,False,3,recoverable,False
25.16666666666588,3020,8,42,33,42,PLAYING,0.2190093696117401,-0.001794569194316864,0.11518934369087219,0.010355471234869205,0.015351134643129077,0.0030185246990113955,True,False,3,recoverable,False
25.233333333332542,3028,8,42,33,42,PLAYING,0.21978530287742615,-0.0018212199211120605,0.11530384421348572,0.010731614662396785,0.01523447288113153,0.003077488115930492,True,False,3,recoverable,False
25.299999999999205,3036,8,42,33,42,PLAYING,0.2206771820783615,-0.0017939358949661255,0.11535358428955078,0.010478589558102536,0.015531801725799061,0.0030520492444659976,True,False,3,recoverable,False
25.366666666665868,3044,8,42,33,42,PLAYING,0.22162020206451416,-0.0017619878053665161,0.11538981646299362,0.010192919601763958,0.015795332631595344,0.003052297579315922,True,False,3,recoverable,False
25.43333333333253,3052,8,42,33,42,PLAYING,0.22261828184127808,-0.0017313584685325623,0.11541416496038437,0.009910918837306784,0.016038847415733793,0.003019676998647048,True,False,3,recoverable,False
25.499999999999194,3060,8,42,33,42,PLAYING,0.22362852096557617,-0.0017038285732269287,0.11541664600372314,0.009618547272392317,0.016289814771691294,0.0030062610260807123,True,False,3,recoverable,False
25.566666666665856,3068,8,42,33,42,PLAYING,0.22468259930610657,-0.0016694813966751099,0.11540570110082626,0.00931926051294072,0.016516296736536016,0.0029908210063295713,True,False,3,recoverable,False
25.63333333333252,3076,8,42,33,42,PLAYING,0.2257455587387085,-0.0016412809491157532,0.11536611616611481,0.009019142436596097,0.016759975512938993,0.0029733063218758305,True,False,3,recoverable,False
25.699999999999182,3084,8,42,33,42,PLAYING,0.22683709859848022,-0.001607365906238556,0.11530710011720657,0.008706651698176738,0.016998982083906367,0.0029584365308045744,True,False,3,recoverable,False
25.766666666665845,3092,8,42,33,42,PLAYING,0.22792190313339233,-0.0015771463513374329,0.115209199488163,0.008366602276590808,0.01727943447367521,0.0029460314051391796,True,False,3,recoverable,False
25.833333333332508,3100,8,42,33,42,PLAYING,0.22905296087265015,-0.0015460997819900513,0.11509814113378525,0.008050570950889806,0.017519756738654427,0.002937953757218836,True,False,3,recoverable,False
25.89999999999917,3108,8,42,33,42,PLAYING,0.23013371229171753,-0.0015250667929649353,0.11501676589250565,0.007876897756533746,0.017889011607258625,0.002928605490573261,True,False,3,recoverable,False
25.966666666665834,3116,8,42,33,42,PLAYING,0.23116526007652283,-0.0015250220894813538,0.1149827241897583,0.007949278307685288,0.01829715544244785,0.0029507429706932993,True,False,3,recoverable,False
26.033333333332497,3124,8,42,33,42,PLAYING,0.23223091661930084,-0.0015312731266021729,0.11492836475372314,0.008030610933955545,0.01868308245647922,0.002981438796010891,True,False,3,recoverable,False
26.09999999999916,3132,8,42,33,42,PLAYING,0.23331578075885773,-0.0015326514840126038,0.11490223556756973,0.008134882359036949,0.018884062163976093,0.0030090467936986893,True,False,3,recoverable,False
26.166666666665822,3140,8,42,33,42,PLAYING,0.2340736836194992,-0.0015401691198349,0.11499746888875961,0.00823472983363742,0.01867008403341117,0.00302874631014571,True,False,3,recoverable,False
26.233333333332485,3148,8,42,33,42,PLAYING,0.2348838746547699,-0.0015406757593154907,0.11510933190584183,0.008298079724692275,0.01840097433144991,0.0030596306424870976,True,False,3,recoverable,False
26.299999999999148,3156,8,42,33,42,PLAYING,0.2357439249753952,-0.0015455633401870728,0.11520428210496902,0.008326381220818165,0.018099167989321915,0.0030733565744429387,True,False,3,recoverable,False
26.36666666666581,3164,8,42,33,42,PLAYING,0.23666013777256012,-0.001538790762424469,0.11528879404067993,0.008332256409203351,0.017735384876184996,0.0030854246421753813,True,False,3,recoverable,False
26.433333333332474,3172,8,42,33,42,PLAYING,0.23758253455162048,-0.0015354454517364502,0.11535962671041489,0.008363075875982616,0.017357864338042064,0.003100972290546273,True,False,3,recoverable,False
26.499999999999137,3180,8,42,33,42,PLAYING,0.23854467272758484,-0.0015322118997573853,0.11540676653385162,0.008350758045708078,0.01695968472229525,0.0031253621926010285,True,False,3,recoverable,False
26.5666666666658,3188,8,42,33,42,PLAYING,0.23948554694652557,-0.001532435417175293,0.11544381827116013,0.008428097366462502,0.016552540991836798,0.0031407494439845236,True,False,3,recoverable,False
26.633333333332462,3196,8,42,33,42,PLAYING,0.24036435782909393,-0.001572534441947937,0.11555361747741699,0.008880926185815338,0.016212670857430268,0.0032110918027919346,True,False,3,recoverable,False
26.699999999999125,3204,8,42,33,42,PLAYING,0.2413102686405182,-0.001610875129699707,0.11564920097589493,0.009334829246232246,0.015855492111579283,0.003250598340523095,True,False,3,recoverable,False
26.766666666665788,3212,8,42,33,42,PLAYING,0.24226874113082886,-0.001644328236579895,0.11570527404546738,0.009716229156614756,0.015528117199336505,0.00331500107467692,True,False,3,recoverable,False
26.83333333333245,3220,8,42,33,42,PLAYING,0.2432580292224884,-0.0016808509826660156,0.11573218554258347,0.010062761426913099,0.01520454955028925,0.0033707293048444447,True,False,3,recoverable,False
26.899999999999114,3228,8,42,33,42,PLAYING,0.2442922294139862,-0.0016609355807304382,0.11569609493017197,0.009874877063048954,0.015303590087300974,0.0033530828437850833,True,False,3,recoverable,False
26.966666666665777,3236,8,42,33,42,PLAYING,0.2453426718711853,-0.0016152039170265198,0.11560272425413132,0.009419721508488792,0.015585687222453912,0.0033358189432518425,True,False,3,recoverable,False
27.03333333333244,3244,8,42,33,42,PLAYING,0.24645748734474182,-0.0015710219740867615,0.11549602448940277,0.008961345654639219,0.015846293648241788,0.0032997568387765834,True,False,3,recoverable,False
27.099999999999103,3252,8,42,33,42,PLAYING,0.24751609563827515,-0.0015269294381141663,0.11540471762418747,0.008527447851971485,0.015983442153636132,0.003284099621104474,True,False,3,recoverable,False
27.166666666665765,3260,8,42,33,42,PLAYING,0.24857093393802643,-0.0014855042099952698,0.11531468480825424,0.008122394259281077,0.016054727932633017,0.0032431910965615165,True,False,3,recoverable,False
27.23333333333243,3268,8,42,33,42,PLAYING,0.2496543526649475,-0.001438133418560028,0.11519471555948257,0.0076590692299127955,0.01611202738292887,0.003224482752829777,True,False,3,recoverable,False
27.29999999999909,3276,8,42,33,42,PLAYING,0.2507917284965515,-0.001385219395160675,0.11504394561052322,0.007128801233703065,0.01616507446494033,0.003167816713129563,True,False,3,recoverable,False
27.366666666665754,3284,8,42,33,42,PLAYING,0.2519320845603943,-0.0013275444507598877,0.11485665291547775,0.0065579072761972656,0.016236538924860208,0.0031360108303921815,True,False,3,recoverable,False
27.433333333332417,3292,8,42,33,42,PLAYING,0.252821147441864,-0.0013125613331794739,0.11477851122617722,0.006446437617654002,0.01665882763049059,0.003131544327604336,True,False,3,recoverable,False
27.49999999999908,3300,8,42,33,42,PLAYING,0.25372302532196045,-0.0013359934091567993,0.11482061445713043,0.006736744362998122,0.017017211026900583,0.0031880874120419583,True,False,3,recoverable,False
27.566666666665743,3308,8,42,33,42,PLAYING,0.2546916604042053,-0.0013592690229415894,0.11485807597637177,0.007018601072622368,0.0173226658655959,0.0032115433205379064,True,False,3,recoverable,False
27.633333333332406,3316,8,42,33,42,PLAYING,0.2557162642478943,-0.0013789832592010498,0.11488216370344162,0.007301060066086551,0.0176145065392534,0.0032532090243631217,True,False,3,recoverable,False
27.69999999999907,3324,8,42,33,42,PLAYING,0.25676676630973816,-0.0014073103666305542,0.11488618701696396,0.0076067360748153946,0.017917415879353065,0.003294143919336778,True,False,3,recoverable,False
27.76666666666573,3332,8,42,33,42,PLAYING,0.2578469514846802,-0.0014302060008049011,0.11487434804439545,0.007929767825277574,0.018223595172662903,0.0033400199016218476,True,False,3,recoverable,False
27.833333333332394,3340,8,42,33,42,PLAYING,0.2589477598667145,-0.0014615803956985474,0.11483792960643768,0.008262925821653899,0.01854653624821122,0.003383931978341639,True,False,3,recoverable,False
27.899999999999057,3348,8,42,33,42,PLAYING,0.2600179612636566,-0.0014933943748474121,0.11483089625835419,0.008656096942654993,0.01872329224272652,0.00342281387451391,True,False,3,recoverable,False
27.96666666666572,3356,8,42,33,42,PLAYING,0.26083314418792725,-0.0015298500657081604,0.11492428183555603,0.009076196675108792,0.018539019470718315,0.0034888707642403154,True,False,3,recoverable,False
28.033333333332383,3364,8,42,33,42,PLAYING,0.2617247700691223,-0.0015573203563690186,0.11501298099756241,0.009463871557363923,0.01826797018586814,0.003542199826794532,True,False,3,recoverable,False
28.099999999999046,3372,8,42,33,42,PLAYING,0.2626228332519531,-0.001577526330947876,0.11506623774766922,0.009725180213345605,0.01808411022981937,0.003566748797249908,True,False,3,recoverable,False
28.16666666666571,3380,8,42,33,42,PLAYING,0.26355108618736267,-0.0016148239374160767,0.1151479184627533,0.010140834841708269,0.017835585928264425,0.003615426579241299,True,False,3,recoverable,False
28.23333333333237,3388,8,42,33,42,PLAYING,0.26450982689857483,-0.0016512572765350342,0.11522867530584335,0.010627296101882308,0.017542562578576452,0.003677824786073401,True,False,3,recoverable,False
28.299999999999034,3396,8,42,33,42,PLAYING,0.26548975706100464,-0.001696459949016571,0.11529295146465302,0.0111393185678767,0.017230153554285917,0.0037355342118501793,True,False,3,recoverable,False
28.366666666665697,3404,8,42,33,42,PLAYING,0.2664735019207001,-0.0016573891043663025,0.11525294184684753,0.010817400373296747,0.01753839984027809,0.003714931126917148,True,False,3,recoverable,False
28.43333333333236,3412,8,42,33,42,PLAYING,0.26750874519348145,-0.0016073808073997498,0.1151716560125351,0.010331736530815663,0.017901319170268663,0.003691581016749375,True,False,3,recoverable,False
28.499999999999023,3420,8,42,33,42,PLAYING,0.26860707998275757,-0.0015587732195854187,0.11507144570350647,0.009852876032241473,0.018232007787388257,0.0036437821549471024,True,False,3,recoverable,False
28.566666666665686,3428,8,42,33,42,PLAYING,0.26962393522262573,-0.0015041157603263855,0.11497193574905396,0.009305125047684083,0.01848514458012437,0.0036200123728106063,True,False,3,recoverable,False
28.63333333333235,3436,8,42,33,42,PLAYING,0.2704448997974396,-0.0014484599232673645,0.11495982110500336,0.008729853086558416,0.018387893974233138,0.0035625872205206103,True,False,3,recoverable,False
28.69999999999901,3444,8,42,33,42,PLAYING,0.27135157585144043,-0.0013997703790664673,0.11495743691921234,0.008183069362525969,0.018178169667238623,0.003518039004721203,True,False,3,recoverable,False
28.766666666665675,3452,8,42,33,42,PLAYING,0.2723053991794586,-0.0013423413038253784,0.11494456976652145,0.007645905959591125,0.017908798610416946,0.003476958145484915,True,False,3,recoverable,False
28.833333333332337,3460,8,42,33,42,PLAYING,0.2732875943183899,-0.0012939944863319397,0.11491045355796814,0.007102878213735578,0.017618132760861296,0.0034315765472227784,True,False,3,recoverable,False
28.899999999999,3468,8,42,33,42,PLAYING,0.2743001878261566,-0.001240663230419159,0.1148756742477417,0.006596631258137297,0.017311511902875595,0.003390552873803569,True,False,3,recoverable,False
28.966666666665663,3476,8,42,33,42,PLAYING,0.2750115394592285,-0.001254245638847351,0.11499643325805664,0.006814965085784492,0.017276692134020086,0.0034285317323575837,True,False,3,recoverable,False
29.033333333332326,3484,8,42,33,42,PLAYING,0.2757895886898041,-0.0012800544500350952,0.11512427777051926,0.0070759188401726,0.01718262593167216,0.0034684210758147943,True,False,3,recoverable,False
29.09999999999899,3492,8,42,33,42,PLAYING,0.2766302525997162,-0.0012981444597244263,0.11525221168994904,0.007333378348730923,0.017034505997248844,0.0035117223224954237,True,False,3,recoverable,False
29.16666666666565,3500,8,42,33,42,PLAYING,0.27750176191329956,-0.0013164356350898743,0.1153746247291565,0.007646882579637617,0.016871406217878776,0.003562821222487192,True,False,3,recoverable,False
29.233333333332315,3508,8,42,33,42,PLAYING,0.27842414379119873,-0.001341991126537323,0.11547437310218811,0.00789990589200649,0.016701613828194527,0.0035936620686763615,True,False,3,recoverable,False
29.299999999998978,3516,8,42,33,42,PLAYING,0.2793855667114258,-0.0013696104288101196,0.11556652188301086,0.00822271761186803,0.01650588095909932,0.00362445816119058,True,False,3,recoverable,False
29.36666666666564,3524,8,42,33,42,PLAYING,0.28035229444503784,-0.0013891682028770447,0.11563204973936081,0.008456367344356074,0.016388055842248894,0.0036762383869853896,True,False,3,recoverable,False
29.433333333332303,3532,8,42,33,42,PLAYING,0.28139063715934753,-0.0013923794031143188,0.11567474156618118,0.008523790694764328,0.01638184137181773,0.0036816975221982524,True,False,3,recoverable,False
29.499999999998966,3540,8,42,33,42,PLAYING,0.2824356257915497,-0.0013922229409217834,0.11568515747785568,0.008551324977720109,0.01639894972558439,0.0037150944171220833,True,False,3,recoverable,False
29.56666666666563,3548,8,42,33,42,PLAYING,0.28350508213043213,-0.0013916268944740295,0.11567939817905426,0.008591855060319334,0.016420185000081678,0.0037154529632458452,True,False,3,recoverable,False
29.633333333332292,3556,8,42,33,42,PLAYING,0.2845269739627838,-0.001395583152770996,0.11568233370780945,0.008673149610078291,0.016350075318401252,0.0037240650121975554,True,False,3,recoverable,False
29.699999999998955,3564,8,42,33,42,PLAYING,0.2855835258960724,-0.0013932287693023682,0.11565893888473511,0.008689331738053155,0.01626788286822611,0.0037557789121146897,True,False,3,recoverable,False
29.766666666665618,3572,8,42,33,42,PLAYING,0.2866665720939636,-0.0013931244611740112,0.11562181264162064,0.008744655012001473,0.016172212339158498,0.003756828170857365,True,False,3,recoverable,False
29.83333333333228,3580,8,42,33,42,PLAYING,0.2877129018306732,-0.0013958364725112915,0.115583635866642,0.008829318424685307,0.016190245520889348,0.0037914310159284153,True,False,3,recoverable,False
29.899999999998943,3588,8,42,33,42,PLAYING,0.2887970805168152,-0.001374661922454834,0.11551519483327866,0.008655363827145665,0.01646082693403308,0.003774566358710148,True,False,3,recoverable,False
29.966666666665606,3596,8,42,33,42,PLAYING,0.2899153232574463,-0.0013452395796775818,0.11541306227445602,0.008404208682193975,0.01673637806319796,0.003772304453875366,True,False,3,recoverable,False
30.03333333333227,3604,8,42,33,42,PLAYING,0.2910328805446625,-0.001310303807258606,0.11528082937002182,0.008127314148905867,0.01704236453278891,0.0037576350520125605,True,False,3,recoverable,False
30.099999999998932,3612,8,42,33,42,PLAYING,0.29221293330192566,-0.001278318464756012,0.11511191725730896,0.00780081863185205,0.017348716403938168,0.0037375347386467976,True,False,3,recoverable,False
30.166666666665595,3620,8,42,33,42,PLAYING,0.2933972477912903,-0.0012401342391967773,0.11491294205188751,0.007469488607091337,0.017677606638421092,0.0037160356031716805,True,False,3,recoverable,False
30.233333333332258,3628,8,42,33,42,PLAYING,0.29429569840431213,-0.0012172982096672058,0.11484448611736298,0.007251844891594875,0.017554017304314648,0.0037050320275302906,True,False,3,recoverable,False
30.29999999999892,3636,8,42,33,42,PLAYING,0.2952013611793518,-0.0011857524514198303,0.11479607224464417,0.0069850639946849044,0.017259449599578817,0.0036920629123109853,True,False,3,recoverable,False
30.366666666665584,3644,8,42,33,42,PLAYING,0.29616865515708923,-0.0011529028415679932,0.11471839994192123,0.006631674025114675,0.01691087402166748,0.003662298760910459,True,False,3,recoverable,False
30.433333333332246,3652,8,42,33,42,PLAYING,0.2971378564834595,-0.0011212825775146484,0.11465072631835938,0.0063265759990399064,0.016589064872066094,0.0036302929145456005,True,False,3,recoverable,False
30.49999999999891,3660,8,42,33,42,PLAYING,0.2979007959365845,-0.0011351332068443298,0.11470536142587662,0.006500137452433329,0.016541713569384685,0.003675370859013466,True,False,3,recoverable,False
30.566666666665572,3668,8,42,33,42,PLAYING,0.29875603318214417,-0.001156345009803772,0.11479315161705017,0.006803761136175026,0.016355909671248385,0.003715743350990737,True,False,3,recoverable,False
30.633333333332235,3676,8,42,33,42,PLAYING,0.29965347051620483,-0.0011836662888526917,0.11488427966833115,0.007167490237520987,0.016112812283040793,0.003765824049498158,True,False,3,recoverable,False
30.699999999998898,3684,8,42,33,42,PLAYING,0.30058273673057556,-0.0011727139353752136,0.11492320895195007,0.007110675441734645,0.0161738229732733,0.00378851950790153,True,False,3,recoverable,False
30.76666666666556,3692,8,42,33,42,PLAYING,0.301556795835495,-0.001146852970123291,0.11493351310491562,0.006913484748153224,0.016317763715959912,0.0037880191162831434,True,False,3,recoverable,False
30.833333333332224,3700,8,43,35,43,PLAYING,0.30165138840675354,-0.001141577959060669,0.11493692547082901,0.006834823610870022,0.01625691982131155,0.003764009390522492,True,False,3,recoverable,False
30.899999999998887,3708,9,44,35,44,PLAYING,0.3024837076663971,-0.001109972596168518,0.11491873115301132,0.006523576154340792,0.016402368228301042,0.0037714205450008788,True,False,3,recoverable,False
30.96666666666555,3716,9,44,35,44,PLAYING,0.30349114537239075,-0.0010708719491958618,0.11492043733596802,0.006229968203951065,0.01638295943391647,0.0037667921345171476,True,False,3,recoverable,False
31.033333333332212,3724,9,44,35,44,PLAYING,0.30449429154396057,-0.0010475516319274902,0.11488610506057739,0.005973036472186047,0.016440274270449036,0.0037562880706347177,True,False,3,recoverable,False
31.099999999998875,3732,9,44,35,44,PLAYING,0.30554744601249695,-0.0010239258408546448,0.11485377699136734,0.005788717948269249,0.016450015155642157,0.003747911201882537,True,False,3,recoverable,False
31.166666666665538,3740,9,44,35,44,PLAYING,0.306626558303833,-0.0010015890002250671,0.11479013413190842,0.005571130300471492,0.01646631641758986,0.003752498771838524,True,False,3,recoverable,False
31.2333333333322,3748,9,44,35,44,PLAYING,0.30771684646606445,-0.0009767785668373108,0.1147036924958229,0.005377554282939125,0.016494447618298935,0.0037397936673366433,True,False,3,recoverable,False
31.299999999998864,3756,9,44,35,44,PLAYING,0.3086475133895874,-0.000999748706817627,0.11471056938171387,0.005668311817619198,0.016634974689334982,0.003768774872089117,True,False,3,recoverable,False
31.366666666665527,3764,9,44,35,44,PLAYING,0.30953967571258545,-0.0010465234518051147,0.11478123813867569,0.006213892399485525,0.016825717162327922,0.0038491641166473215,True,False,3,recoverable,False
31.43333333333219,3772,9,44,35,44,PLAYING,0.3104982376098633,-0.0010953694581985474,0.1148512065410614,0.006785610252918511,0.01697335288888944,0.003905112849627874,True,False,3,recoverable,False
31.499999999998852,3780,9,44,35,44,PLAYING,0.31149616837501526,-0.0011416971683502197,0.11490299552679062,0.007342696841144876,0.017117404000777936,0.003983657990758345,True,False,3,recoverable,False
31.566666666665515,3788,9,44,35,44,PLAYING,0.3125227689743042,-0.001191757619380951,0.11494491249322891,0.00793810206960533,0.017258466506464225,0.004041122955725146,True,False,3,recoverable,False
31.63333333333218,3796,9,44,35,44,PLAYING,0.3135703504085541,-0.0012381523847579956,0.11496575176715851,0.00853662272634567,0.01740659141612612,0.00411227444886545,True,False,3,recoverable,False
31.69999999999884,3804,9,44,35,44,PLAYING,0.314645916223526,-0.0012904107570648193,0.11496111005544662,0.009120571949139693,0.01757008801047368,0.004177253705220457,True,False,3,recoverable,False
31.766666666665504,3812,9,44,35,44,PLAYING,0.31535184383392334,-0.0013315528631210327,0.11509580910205841,0.009645140867035435,0.017224475273927925,0.004238951535837842,True,False,3,recoverable,False
31.833333333332167,3820,9,44,35,44,PLAYING,0.3161042034626007,-0.0013781264424324036,0.11524707823991776,0.010160549930815747,0.016738421744298636,0.004294727495062777,True,False,3,recoverable,False
31.89999999999883,3828,9,44,35,44,PLAYING,0.3168982267379761,-0.0013942644000053406,0.11536598950624466,0.010346170378506362,0.016482149227183482,0.004322134396457008,True,False,3,recoverable,False
31.966666666665493,3836,9,44,35,44,PLAYING,0.3177858293056488,-0.0013568699359893799,0.11542778462171555,0.010014403049720077,0.01650629081455251,0.004311489182616781,True,False,3,recoverable,False
32.03333333333216,3844,9,44,35,44,PLAYING,0.31871017813682556,-0.0013272687792778015,0.11549466848373413,0.00973538164518954,0.016483935016534727,0.004277192635804576,True,False,3,recoverable,False
32.09999999999882,3852,9,44,35,44,PLAYING,0.319668173789978,-0.001292400062084198,0.11553595960140228,0.009394664855254,0.016454910459609076,0.004271034040432273,True,False,3,recoverable,False
32.166666666665485,3860,9,44,35,44,PLAYING,0.3206346035003662,-0.001250825822353363,0.11554770171642303,0.00904182070566332,0.016451609953684217,0.004255222688331301,True,False,3,recoverable,False
32.23333333333215,3868,9,44,35,44,PLAYING,0.3215639889240265,-0.0012201666831970215,0.11556985974311829,0.008764902453499908,0.016558487607580254,0.004264348218809801,True,False,3,recoverable,False
32.29999999999881,3876,9,44,35,44,PLAYING,0.32251644134521484,-0.001196160912513733,0.11560816317796707,0.00862193737655475,0.016615394825591642,0.004270622979066032,True,False,3,recoverable,False
32.36666666666547,3884,9,44,35,44,PLAYING,0.3235085904598236,-0.0011727064847946167,0.11563228070735931,0.008482578461737647,0.016645120084852805,0.004281258638949573,True,False,3,recoverable,False
32.433333333332136,3892,9,44,35,44,PLAYING,0.3245260417461395,-0.0011552423238754272,0.11564051359891891,0.008345829270287543,0.016656057236636865,0.00429868337715764,True,False,3,recoverable,False
32.4999999999988,3900,9,44,35,44,PLAYING,0.32556772232055664,-0.0011282861232757568,0.11563408374786377,0.008236889188832279,0.016658351248211068,0.0043271540505956906,True,False,3,recoverable,False
32.56666666666546,3908,9,44,35,44,PLAYING,0.32662224769592285,-0.001111157238483429,0.11560292541980743,0.00811866895794377,0.01666942326197039,0.004350950243189407,True,False,3,recoverable,False
32.633333333332125,3916,9,44,35,44,PLAYING,0.3277015686035156,-0.0010906681418418884,0.11554372310638428,0.007986924210896602,0.016689331889632196,0.00434166574390492,True,False,3,recoverable,False
32.69999999999879,3924,9,44,35,44,PLAYING,0.3287924528121948,-0.0010727494955062866,0.11545615643262863,0.007857862370605127,0.016724756442495766,0.004356356815163425,True,False,3,recoverable,False
32.76666666666545,3932,9,44,35,44,PLAYING,0.3299255967140198,-0.001050710678100586,0.11535715311765671,0.007725199886608934,0.016713850175066134,0.004357023191812953,True,False,3,recoverable,False
32.833333333332114,3940,9,44,35,44,PLAYING,0.33091992139816284,-0.0010476559400558472,0.11531329900026321,0.007739267991563679,0.016496119519934745,0.004387203337250258,True,False,3,recoverable,False
32.899999999998776,3948,9,44,35,44,PLAYING,0.3319505751132965,-0.0010349825024604797,0.1152416318655014,0.0076938783774372355,0.01626304816226632,0.004399173198844514,True,False,3,recoverable,False
32.96666666666544,3956,9,44,35,44,PLAYING,0.3330215811729431,-0.0010188519954681396,0.11513614654541016,0.007576561035178776,0.016016082860237597,0.0044115558284257405,True,False,3,recoverable,False
33.0333333333321,3964,9,44,35,44,PLAYING,0.33412930369377136,-0.00099877268075943,0.1149950623512268,0.007411924279959639,0.015769740237268348,0.004396661329586116,True,False,3,recoverable,False
33.099999999998765,3972,9,44,35,44,PLAYING,0.33507174253463745,-0.0010269656777381897,0.11495617032051086,0.0077423595673591795,0.015659574726807766,0.004461370563286406,True,False,3,recoverable,False
33.16666666666543,3980,9,44,35,44,PLAYING,0.3359326720237732,-0.0011011287569999695,0.11505180597305298,0.008586323471840126,0.01563578812326495,0.004545324318217731,True,False,3,recoverable,False
33.23333333333209,3988,9,44,35,44,PLAYING,0.3368259072303772,-0.0011609867215156555,0.11515043675899506,0.009309391153886834,0.015501137795090686,0.004636142700140244,True,False,3,recoverable,False
33.299999999998754,3996,9,44,35,44,PLAYING,0.3376024067401886,-0.0012170374393463135,0.11528806388378143,0.00990544547889571,0.015143226804669448,0.004704645618453757,True,False,3,recoverable,False
33.36666666666542,4004,9,44,35,44,PLAYING,0.3384324610233307,-0.0012788772583007812,0.11543761193752289,0.010602868794213308,0.014705202196986247,0.004778137502495455,True,False,3,recoverable,False
33.43333333333208,4012,9,44,35,44,PLAYING,0.3392741084098816,-0.0013332068920135498,0.11557023227214813,0.011234007976732798,0.014317709155110327,0.004866297991328974,True,False,3,recoverable,False
33.49999999999874,4020,9,44,35,44,PLAYING,0.340188205242157,-0.00133417546749115,0.11564029008150101,0.011290796239357076,0.014358656289531053,0.004871764025290905,True,False,3,recoverable,False
33.566666666665405,4028,9,44,35,44,PLAYING,0.3411295413970947,-0.0013360753655433655,0.11573220789432526,0.011444081453376704,0.014368249291384158,0.004894089567431582,True,False,3,recoverable,False
33.63333333333207,4036,9,44,35,44,PLAYING,0.34208372235298157,-0.0013354793190956116,0.11576024442911148,0.011456253752770495,0.01440202494956228,0.004905644178283501,True,False,3,recoverable,False
33.69999999999873,4044,9,44,35,44,PLAYING,0.3430475890636444,-0.0013173669576644897,0.11578136682510376,0.011443119476098898,0.014498513548371204,0.00490658249371012,True,False,3,recoverable,False
33.766666666665394,4052,9,44,35,44,PLAYING,0.3440686762332916,-0.0012824386358261108,0.11577171832323074,0.011070355363646412,0.01490729587247656,0.004878517077784442,True,False,3,recoverable,False
33.83333333333206,4060,9,44,35,44,PLAYING,0.3450582027435303,-0.0012291669845581055,0.11569598317146301,0.010539689639653512,0.015414862650486812,0.0048590423028566825,True,False,3,recoverable,False
33.89999999999872,4068,9,44,35,44,PLAYING,0.34611400961875916,-0.0011901184916496277,0.11565625667572021,0.01018467859146379,0.015813909420472973,0.004837974769166312,True,False,3,recoverable,False
33.96666666666538,4076,9,44,35,44,PLAYING,0.34719789028167725,-0.0011571496725082397,0.11559037119150162,0.009838164964494479,0.01623265832152526,0.004817274474227279,True,False,3,recoverable,False
34.033333333332045,4084,9,44,35,44,PLAYING,0.34830719232559204,-0.001124449074268341,0.11550864577293396,0.0095262706431615,0.01664811012388796,0.004788884651350525,True,False,3,recoverable,False
34.09999999999871,4092,9,44,35,44,PLAYING,0.3493975102901459,-0.001092858612537384,0.11543766409158707,0.009202311330181729,0.016954202151455915,0.004768168321166545,True,False,3,recoverable,False
34.16666666666537,4100,9,44,35,44,PLAYING,0.3502703309059143,-0.0010602399706840515,0.11544357240200043,0.00893169408687045,0.01695327667148365,0.004762011584818284,True,False,3,recoverable,False
34.233333333332034,4108,9,44,35,44,PLAYING,0.3512011766433716,-0.0010290667414665222,0.11544070392847061,0.00864952352579442,0.016895721774203436,0.004767523835745107,True,False,3,recoverable,False
34.2999999999987,4116,9,44,35,44,PLAYING,0.3522084653377533,-0.0009933412075042725,0.11542154103517532,0.008318725251759411,0.01679429244324748,0.004734290245023315,True,False,3,recoverable,False
34.36666666666536,4124,9,44,35,44,PLAYING,0.35322943329811096,-0.0009528696537017822,0.11538009345531464,0.007987370094930548,0.016682392807798024,0.004717700441695886,True,False,3,recoverable,False
34.43333333333202,4132,9,44,35,44,PLAYING,0.3541810214519501,-0.0009517446160316467,0.11539430916309357,0.007991816144174178,0.016586936861672258,0.004730961842895884,True,False,3,recoverable,False
34.499999999998685,4140,9,44,35,44,PLAYING,0.35510069131851196,-0.0009569898247718811,0.11546481400728226,0.008157215423426348,0.016602778402041513,0.0047668749426768055,True,False,3,recoverable,False
34.56666666666535,4148,9,44,35,44,PLAYING,0.35604366660118103,-0.0009582862257957458,0.11550909280776978,0.008236723147715952,0.016650999435734202,0.004806888360530845,True,False,3,recoverable,False
34.63333333333201,4156,9,44,35,44,PLAYING,0.35705244541168213,-0.00095377117395401,0.11553443968296051,0.008290490437342089,0.016681389108703003,0.004838819704028318,True,False,3,recoverable,False
34.699999999998674,4164,9,44,35,44,PLAYING,0.3580838441848755,-0.0009502023458480835,0.11553765833377838,0.008339072391297329,0.016707552561160244,0.00487381086795786,True,False,3,recoverable,False
34.76666666666534,4172,9,44,35,44,PLAYING,0.3591112792491913,-0.0009398609399795532,0.11552096158266068,0.008371339184844654,0.016751232066579594,0.004916594755991256,True,False,3,recoverable,False
34.833333333332,4180,9,44,35,44,PLAYING,0.3601938486099243,-0.0009329915046691895,0.1154760792851448,0.008384762993164941,0.016774205211215497,0.004932589080937734,True,False,3,recoverable,False
34.89999999999866,4188,9,44,35,44,PLAYING,0.3612828850746155,-0.0009318515658378601,0.1154095008969307,0.008415090809149178,0.01680738532889599,0.004959216941709618,True,False,3,recoverable,False
34.966666666665326,4196,9,44,35,44,PLAYING,0.36239612102508545,-0.0009235143661499023,0.11531516164541245,0.008428450735270895,0.016842879822643656,0.0049797391168560036,True,False,3,recoverable,False
35.03333333333199,4204,9,44,35,44,PLAYING,0.3634233772754669,-0.0009322986006736755,0.11523651331663132,0.00858236772039154,0.0170234983495903,0.005031161015560726,True,False,3,recoverable,False
35.09999999999865,4212,9,44,35,44,PLAYING,0.36438024044036865,-0.0009536445140838623,0.11519139260053635,0.008915598890566426,0.017288885935926528,0.005107988124115336,True,False,3,recoverable,False
35.166666666665314,4220,9,44,35,44,PLAYING,0.3654291033744812,-0.000984780490398407,0.11516867578029633,0.009368590583329927,0.017444717711816125,0.00517545149492581,True,False,3,recoverable,False
35.23333333333198,4228,9,44,35,44,PLAYING,0.3664211630821228,-0.0010185912251472473,0.11519326269626617,0.009871858217317587,0.017383620388134704,0.0052585060062410515,True,False,3,recoverable,False
35.29999999999864,4236,9,44,35,44,PLAYING,0.36714059114456177,-0.0010428577661514282,0.11530927568674088,0.010182584964775808,0.017116759349481196,0.005325120113698776,True,False,3,recoverable,False
35.3666666666653,4244,9,44,35,44,PLAYING,0.3679850399494171,-0.0010101422667503357,0.11536945402622223,0.00991259991526945,0.017123788171930148,0.005316929862542254,True,False,3,recoverable,False
35.433333333331966,4252,9,44,35,44,PLAYING,0.3688991665840149,-0.0009736120700836182,0.11541375517845154,0.009579527708939842,0.01706917258990432,0.005307654761832164,True,False,3,recoverable,False
35.49999999999863,4260,9,44,35,44,PLAYING,0.36984869837760925,-0.000937826931476593,0.11545553803443909,0.00928052242862264,0.01698177895921457,0.005293086960395813,True,False,3,recoverable,False
35.56666666666529,4268,9,44,35,44,PLAYING,0.3708380460739136,-0.000903397798538208,0.11547260731458664,0.00893319709143789,0.016879919171032168,0.005272798835110996,True,False,3,recoverable,False
35.633333333331954,4276,9,44,35,44,PLAYING,0.37184348702430725,-0.0008652880787849426,0.11547187715768814,0.008602409655997277,0.016765506228067384,0.005254486151630712,True,False,3,recoverable,False
35.69999999999862,4284,9,44,35,44,PLAYING,0.3728686571121216,-0.0008298754692077637,0.11544883996248245,0.008258820076087277,0.016650537506083283,0.005244812863437627,True,False,3,recoverable,False
35.76666666666528,4292,9,44,35,44,PLAYING,0.3739171326160431,-0.0007896274328231812,0.11540203541517258,0.007907589677264466,0.016528429280565853,0.005221097445280342,True,False,3,recoverable,False
35.83333333333194,4300,9,44,35,44,PLAYING,0.37484562397003174,-0.0007876008749008179,0.11542188376188278,0.007926202336826475,0.016514217156251104,0.005241166370723942,True,False,3,recoverable,False
35.899999999998606,4308,9,44,35,44,PLAYING,0.3757983446121216,-0.0007931888103485107,0.11549264937639236,0.008076251045621109,0.016534718926389972,0.00526978536623829,True,False,3,recoverable,False
35.96666666666527,4316,9,44,35,44,PLAYING,0.3767909109592438,-0.0007940232753753662,0.11553609371185303,0.00816748469923582,0.016562175472926703,0.005294045201316404,True,False,3,recoverable,False
36.03333333333193,4324,9,44,35,44,PLAYING,0.37774062156677246,-0.0008013322949409485,0.11556923389434814,0.008266113651660058,0.01659820993754918,0.005313102441750892,True,False,3,recoverable,False
36.099999999998595,4332,9,44,35,44,PLAYING,0.37874963879585266,-0.0007957518100738525,0.11558540910482407,0.008334493315345201,0.016571863262763793,0.005354926013795907,True,False,3,recoverable,False
36.16666666666526,4340,9,44,35,44,PLAYING,0.3796638250350952,-0.0007984712719917297,0.11558882147073746,0.00842924564380914,0.016582051860935608,0.005370331137933783,True,False,3,recoverable,False
36.23333333333192,4348,9,44,35,44,PLAYING,0.3807585835456848,-0.0007915347814559937,0.11556444317102432,0.008434158531336753,0.016514908263584056,0.005377409784329946,True,False,3,recoverable,False
36.29999999999858,4356,9,44,35,44,PLAYING,0.3818315267562866,-0.0007888525724411011,0.1155044212937355,0.00844660275476643,0.016502175078283124,0.0053907581103571755,True,False,3,recoverable,False
36.366666666665246,4364,9,44,35,44,PLAYING,0.382968932390213,-0.0007842406630516052,0.11540133506059647,0.00848768361278836,0.016568019141973908,0.005403142443910986,True,False,3,recoverable,False
36.43333333333191,4372,9,44,35,44,PLAYING,0.3840930163860321,-0.0007857829332351685,0.1152697429060936,0.008532231397202432,0.016649982272542094,0.005421078052767006,True,False,3,recoverable,False
36.49999999999857,4380,9,44,35,44,PLAYING,0.38526099920272827,-0.0007830485701560974,0.11511805653572083,0.008586003946057703,0.016703373854758414,0.0054355770032195145,True,False,3,recoverable,False
36.566666666665235,4388,9,44,35,44,PLAYING,0.3864424228668213,-0.0007825270295143127,0.11493296176195145,0.008625679087947594,0.016776452971107907,0.005458049162828183,True,False,3,recoverable,False
36.6333333333319,4396,9,44,35,44,PLAYING,0.3876507878303528,-0.0007785186171531677,0.11471377313137054,0.008653950667015024,0.016856310365865417,0.0054656912025048444,True,False,3,recoverable,False
36.69999999999856,4404,9,44,35,44,PLAYING,0.38861989974975586,-0.0008312910795211792,0.11464309692382812,0.009279147994591858,0.01715915444915523,0.005555883766843944,True,False,3,recoverable,False
36.76666666666522,4412,9,44,35,44,PLAYING,0.38949310779571533,-0.0008333474397659302,0.11462163925170898,0.009389105378870579,0.017696330178975744,0.00557132184169272,True,False,3,recoverable,False
36.833333333331886,4420,9,44,35,44,PLAYING,0.3902725279331207,-0.0008167773485183716,0.11466421186923981,0.009266244285682717,0.018053145815798,0.005588272690366335,True,False,3,recoverable,False
36.89999999999855,4428,9,44,35,44,PLAYING,0.3911437392234802,-0.0008001700043678284,0.11472053080797195,0.009152047009376775,0.018306883137933508,0.0055781773543528345,True,False,3,recoverable,False
36.96666666666521,4436,9,44,35,44,PLAYING,0.39202526211738586,-0.0007895678281784058,0.11479613184928894,0.009144996778325597,0.018473404161372206,0.005588707897307079,True,False,3,recoverable,False
37.033333333331875,4444,9,44,35,44,PLAYING,0.3929036855697632,-0.0007904171943664551,0.11489402502775192,0.00917726498448032,0.018507897459791638,0.005597066231437503,True,False,3,recoverable,False
37.09999999999854,4452,9,44,35,44,PLAYING,0.39367401599884033,-0.0007803738117218018,0.11500350385904312,0.00912682392835483,0.018428599979510664,0.005588558234755096,True,False,3,recoverable,False
37.1666666666652,4460,9,44,35,44,PLAYING,0.394515722990036,-0.0007650852203369141,0.11511000245809555,0.009018112263158459,0.018255245161754884,0.00560211623869978,True,False,3,recoverable,False
37.23333333333186,4468,9,44,35,44,PLAYING,0.39540207386016846,-0.0007489621639251709,0.11520420014858246,0.008903203605206049,0.018044156469826454,0.00558580464105061,True,False,3,recoverable,False
37.299999999998526,4476,9,44,35,44,PLAYING,0.3962920308113098,-0.0007312819361686707,0.11528889834880829,0.00880357250033087,0.01783092472519069,0.005593107081129363,True,False,3,recoverable,False
37.36666666666519,4484,9,44,35,44,PLAYING,0.39721766114234924,-0.0007152333855628967,0.11535020172595978,0.008680983738020863,0.01759671971131214,0.005576458937908307,True,False,3,recoverable,False
37.43333333333185,4492,9,44,35,44,PLAYING,0.3981470763683319,-0.0006972998380661011,0.11539550125598907,0.008565212835521741,0.017355954210385643,0.005578276831222653,True,False,3,recoverable,False
37.499999999998515,4500,9,44,35,44,PLAYING,0.3991125822067261,-0.0006816312670707703,0.11542000621557236,0.008438400338681203,0.017099669055329607,0.005564386198881662,True,False,3,recoverable,False
37.56666666666518,4508,9,44,35,44,PLAYING,0.4000755548477173,-0.0006589591503143311,0.1154206320643425,0.008291347099464013,0.016851285347938963,0.005551453542960293,True,False,3,recoverable,False
37.63333333333184,4516,9,44,35,44,PLAYING,0.4009692668914795,-0.0006516501307487488,0.11544914543628693,0.008285796878392693,0.016737609982983806,0.005565999786384926,True,False,3,recoverable,False
37.699999999998504,4524,9,44,35,44,PLAYING,0.4018135070800781,-0.0006563141942024231,0.11550281941890717,0.008459804884677647,0.016699785179295934,0.00559204235779651,True,False,3,recoverable,False
37.76666666666517,4532,9,44,35,44,PLAYING,0.4027266204357147,-0.0006756111979484558,0.11558740586042404,0.00874593880980064,0.0165253648333193,0.005655624625900369,True,False,3,recoverable,False
37.83333333333183,4540,9,44,35,44,PLAYING,0.4036480486392975,-0.0006921440362930298,0.11565303057432175,0.009011680840993646,0.016347335145725287,0.005699612355632556,True,False,3,recoverable,False
37.89999999999849,4548,9,44,35,44,PLAYING,0.404523104429245,-0.0007087215781211853,0.11571856588125229,0.009237296624857888,0.016118410222379084,0.005730311916626845,True,False,3,recoverable,False
37.966666666665155,4556,9,44,35,44,PLAYING,0.40546923875808716,-0.0007273927330970764,0.11580216884613037,0.009555121979227973,0.01575306685677274,0.005783147852234256,True,False,3,recoverable,False
38.03333333333182,4564,9,44,35,44,PLAYING,0.40647128224372864,-0.0007546469569206238,0.11587195098400116,0.009906725648141598,0.015352497158399077,0.00583409447422502,True,False,3,recoverable,False
38.09999999999848,4572,9,44,35,44,PLAYING,0.40745988488197327,-0.0007809698581695557,0.11591526865959167,0.01027052826215567,0.014997513948261397,0.005885530283739376,True,False,3,recoverable,False
38.166666666665144,4580,9,44,35,44,PLAYING,0.40844783186912537,-0.0008084028959274292,0.11593981087207794,0.010684836993632811,0.014660345991736202,0.005942146430304671,True,False,3,recoverable,False
38.23333333333181,4588,9,44,35,44,PLAYING,0.409486323595047,-0.0007870793342590332,0.11587343364953995,0.010489663513173207,0.014776028542995031,0.005942402157879253,True,False,3,recoverable,False
38.29999999999847,4596,9,44,35,44,PLAYING,0.4105833172798157,-0.0007255300879478455,0.11574899405241013,0.009921620638433992,0.015159256541842294,0.005886425084420831,True,False,3,recoverable,False
38.36666666666513,4604,9,44,35,44,PLAYING,0.41172537207603455,-0.0006630942225456238,0.11558515578508377,0.009286459865733718,0.015556982313426547,0.005841595756789092,True,False,3,recoverable,False
38.433333333331795,4612,9,44,35,44,PLAYING,0.412901908159256,-0.0005932450294494629,0.11538650840520859,0.008613422375892034,0.01597248786138749,0.005783301711682774,True,False,3,recoverable,False
38.49999999999846,4620,9,44,35,44,PLAYING,0.41410207748413086,-0.0005243346095085144,0.11515175551176071,0.007923808862707942,0.01641704716001244,0.005732441825344534,True,False,3,recoverable,False
38.56666666666512,4628,9,44,35,44,PLAYING,0.4153372347354889,-0.00045246630907058716,0.11488156020641327,0.00721542600264496,0.016882899301144127,0.005659861430967194,True,False,3,recoverable,False
38.633333333331784,4636,9,44,35,44,PLAYING,0.4164353609085083,-0.0003882944583892822,0.11467995494604111,0.0065921731705903975,0.01707137839946067,0.005616070078071377,True,False,3,recoverable,False
38.69999999999845,4644,9,44,35,44,PLAYING,0.4171680510044098,-0.0003868117928504944,0.11469398438930511,0.006636212621219623,0.017051317745802194,0.005626366514810997,True,False,3,recoverable,False
38.76666666666511,4652,9,44,35,44,PLAYING,0.41785258054733276,-0.00042554736137390137,0.114842489361763,0.007117534750584773,0.01704389735688122,0.005701856552225993,True,False,3,recoverable,False
38.83333333333177,4660,9,44,35,44,PLAYING,0.41865453124046326,-0.00045577436685562134,0.11498851329088211,0.007508680725225716,0.016969104989193413,0.005741581466353942,True,False,3,recoverable,False
38.899999999998435,4668,9,44,35,44,PLAYING,0.4195067286491394,-0.0004753619432449341,0.1151181161403656,0.007834652340088727,0.016864659667189332,0.005789788753469748,True,False,3,recoverable,False
38.9666666666651,4676,9,44,35,44,PLAYING,0.4204269349575043,-0.0004912018775939941,0.11523458361625671,0.008097102968485318,0.016704040829066586,0.005842321722660622,True,False,3,recoverable,False
39.03333333333176,4684,9,44,35,44,PLAYING,0.42137569189071655,-0.0005094185471534729,0.11535019427537918,0.008421581021847303,0.016528430221576372,0.005888967779255206,True,False,3,recoverable,False
39.099999999998424,4692,9,44,35,44,PLAYING,0.4223064184188843,-0.0005284398794174194,0.11543348431587219,0.00873333443869367,0.016391413896829413,0.005949075752148133,True,False,3,recoverable,False
39.16666666666509,4700,9,44,35,44,PLAYING,0.4232596158981323,-0.0005448907613754272,0.11550308763980865,0.009034806403054279,0.01625272784439157,0.0059987949549136065,True,False,3,recoverable,False
39.23333333333175,4708,9,44,35,44,PLAYING,0.4241745173931122,-0.0005112364888191223,0.11552301794290543,0.008770763301133635,0.016403728584507664,0.005996123916738363,True,False,3,recoverable,False
39.29999999999841,4716,9,44,35,44,PLAYING,0.425108939409256,-0.0004738718271255493,0.11553874611854553,0.008550510777933562,0.01651113032353376,0.006016393177068158,True,False,3,recoverable,False
39.366666666665076,4724,9,44,35,44,PLAYING,0.4260549545288086,-0.00045433640480041504,0.11555609107017517,0.008425100689727353,0.01658180734916256,0.006022482061193305,True,False,3,recoverable,False
39.43333333333174,4732,9,44,35,44,PLAYING,0.4270313084125519,-0.00042416155338287354,0.11555971205234528,0.008321246248093871,0.01664425724259256,0.006042916029899661,True,False,3,recoverable,False
39.4999999999984,4740,9,44,35,44,PLAYING,0.42798879742622375,-0.0004038959741592407,0.11555148661136627,0.008201410789299472,0.016669807528863774,0.006053728087216688,True,False,3,recoverable,False
39.566666666665064,4748,9,44,35,44,PLAYING,0.4289987087249756,-0.0003828182816505432,0.11551486700773239,0.008053219612872945,0.01667813245292027,0.006072086184799367,True,False,3,recoverable,False
39.63333333333173,4756,9,44,35,44,PLAYING,0.4300474226474762,-0.0003643035888671875,0.11546682566404343,0.007952303709402576,0.01667144707637603,0.0060693055527748455,True,False,3,recoverable,False
39.69999999999839,4764,9,44,35,44,PLAYING,0.4311022162437439,-0.000347726047039032,0.11539019644260406,0.007839635654805568,0.016685519844705607,0.006092867437629572,True,False,3,recoverable,False
39.76666666666505,4772,9,44,35,44,PLAYING,0.4321989417076111,-0.0003273114562034607,0.11528249084949493,0.007716253377684657,0.016704490971838078,0.006086281616565704,True,False,3,recoverable,False
39.833333333331716,4780,9,44,35,44,PLAYING,0.4333253502845764,-0.00031238794326782227,0.11514706164598465,0.0075876651636540005,0.016733431448439577,0.006095056226383201,True,False,3,recoverable,False
39.89999999999838,4788,9,44,35,44,PLAYING,0.43447959423065186,-0.00029064714908599854,0.11497492343187332,0.007442227718628203,0.016780226039261114,0.006089857052017265,True,False,3,recoverable,False
39.96666666666504,4796,9,44,35,44,PLAYING,0.43565481901168823,-0.0002725273370742798,0.11476854979991913,0.007285312638522794,0.01684635682203776,0.006099821583367333,True,False,3,recoverable,False
40.033333333331704,4804,9,44,35,44,PLAYING,0.43686234951019287,-0.00025125592947006226,0.11452610790729523,0.007124894205687203,0.016926243818524655,0.006077121342854662,True,False,3,recoverable,False
40.09999999999837,4812,9,44,35,44,PLAYING,0.4376014471054077,-0.00029449164867401123,0.11455060541629791,0.007627553290544133,0.016992419930903738,0.006160495290978816,True,False,3,recoverable,False
40.16666666666503,4820,9,44,35,44,PLAYING,0.43819159269332886,-0.0003296583890914917,0.11469168961048126,0.008068079309071404,0.01687618854692139,0.0062092311290639236,True,False,3,recoverable,False
40.23333333333169,4828,9,44,35,44,PLAYING,0.438911110162735,-0.0003207400441169739,0.11481208354234695,0.008063731521999259,0.01699130251816797,0.006228347290650677,True,False,3,recoverable,False
40.299999999998356,4836,9,44,35,44,PLAYING,0.439719021320343,-0.0003152117133140564,0.11493504047393799,0.00802325451369269,0.01702519818892872,0.0062358653782395,True,False,3,recoverable,False
40.36666666666502,4844,9,44,35,44,PLAYING,0.4405725300312042,-0.0003074929118156433,0.11506138741970062,0.008010169709531148,0.01701032867149781,0.006229357192229156,True,False,3,recoverable,False
40.43333333333168,4852,9,44,35,44,PLAYING,0.4414357841014862,-0.000300087034702301,0.11518699675798416,0.008038798691849857,0.016981508418558933,0.006245481309224907,True,False,3,recoverable,False
40.499999999998344,4860,9,44,35,44,PLAYING,0.4423261284828186,-0.00029434263706207275,0.11529777944087982,0.008046468338753414,0.01691767722473424,0.0062625504051552535,True,False,3,recoverable,False
40.56666666666501,4868,9,44,35,44,PLAYING,0.44323575496673584,-0.00029040127992630005,0.11538935452699661,0.008047795560188494,0.01685905718926331,0.006270747464420625,True,False,3,recoverable,False
40.63333333333167,4876,9,44,35,44,PLAYING,0.44418326020240784,-0.000276029109954834,0.11547668278217316,0.008052437117972426,0.016751959638594213,0.006290297344833799,True,False,3,recoverable,False
40.69999999999833,4884,9,44,35,44,PLAYING,0.44511428475379944,-0.0002711564302444458,0.11553110927343369,0.008054769442025718,0.016695786953970802,0.006297939662328057,True,False,3,recoverable,False
40.766666666664996,4892,9,44,35,44,PLAYING,0.4460305869579315,-0.0002712532877922058,0.11556225270032883,0.00805403683722344,0.016691887069998343,0.006312288227408263,True,False,3,recoverable,False
40.83333333333166,4900,9,44,35,44,PLAYING,0.4469342529773712,-0.00025762617588043213,0.11555443704128265,0.00796504969468827,0.016773244656976338,0.006321126037040536,True,False,3,recoverable,False
40.89999999999832,4908,9,44,35,44,PLAYING,0.44790685176849365,-0.0002445206046104431,0.11559955775737762,0.008033167780554486,0.016690752956531784,0.006351855472644346,True,False,3,recoverable,False
40.966666666664985,4916,9,44,35,44,PLAYING,0.4488685727119446,-0.00025834888219833374,0.11562402546405792,0.008173696884131795,0.0166443366814349,0.006386540424906206,True,False,3,recoverable,False
41.03333333333165,4924,9,44,35,44,PLAYING,0.44987815618515015,-0.00026870518922805786,0.1156386286020279,0.008340148820346218,0.01657030059083275,0.006441864282456222,True,False,3,recoverable,False
41.09999999999831,4932,9,44,35,44,PLAYING,0.4508858025074005,-0.0002811551094055176,0.1156209260225296,0.008515815173392902,0.016547472976743544,0.006482190999558437,True,False,3,recoverable,False
41.16666666666497,4940,9,44,35,44,PLAYING,0.4519498646259308,-0.0002949535846710205,0.11559022217988968,0.008710506107499964,0.01648091712824666,0.006547619843915331,True,False,3,recoverable,False
41.233333333331636,4948,9,44,35,44,PLAYING,0.45305195450782776,-0.00027661770582199097,0.11550769954919815,0.008600587376865216,0.01669401253196774,0.006539647300643111,True,False,3,recoverable,False
41.2999999999983,4956,9,44,35,44,PLAYING,0.454204261302948,-0.00024481117725372314,0.11537102609872818,0.008295798471384414,0.01701748083505339,0.006532503765668937,True,False,3,recoverable,False
41.36666666666496,4964,9,44,35,44,PLAYING,0.4553801417350769,-0.00020735710859298706,0.11519712209701538,0.007977533146792469,0.01737709939182775,0.006511213804624266,True,False,3,recoverable,False
41.433333333331625,4972,9,44,35,44,PLAYING,0.4565877318382263,-0.0001739785075187683,0.11499041318893433,0.0076441929759520945,0.017757329841309004,0.0064879308956581495,True,False,3,recoverable,False
41.49999999999829,4980,9,44,35,44,PLAYING,0.45771798491477966,-0.00013721734285354614,0.11480633914470673,0.007339243353503885,0.017972766861273533,0.006453834457945298,True,False,3,recoverable,False
41.56666666666495,4988,9,44,35,44,PLAYING,0.45852717757225037,-0.00012017786502838135,0.11478080600500107,0.007214225281024562,0.017705382254755705,0.006467267045140543,True,False,3,recoverable,False
41.63333333333161,4996,9,44,35,44,PLAYING,0.4593135118484497,-0.00011777132749557495,0.11480800807476044,0.007293031792389817,0.017429241462858416,0.006492578483279981,True,False,3,recoverable,False
41.699999999998276,5004,9,44,35,44,PLAYING,0.4600273668766022,-0.00016582757234573364,0.11497029662132263,0.007873275379106549,0.017210664681516902,0.006552649090898646,True,False,3,recoverable,False
41.76666666666494,5012,9,44,35,44,PLAYING,0.4608258008956909,-0.00020476430654525757,0.1151273101568222,0.008374155492249789,0.016927669046999907,0.0066339010898536265,True,False,3,recoverable,False
41.8333333333316,5020,9,44,35,44,PLAYING,0.46165987849235535,-0.00020535290241241455,0.11523901671171188,0.008510352260149293,0.016900173191464137,0.006663299799682851,True,False,3,recoverable,False
41.899999999998265,5028,9,44,35,44,PLAYING,0.4625459611415863,-0.0001994892954826355,0.11532961577177048,0.008519319316224214,0.016925780244906753,0.006691995678301605,True,False,3,recoverable,False
41.96666666666493,5036,9,44,35,44,PLAYING,0.463510125875473,-0.0001829788088798523,0.11540953814983368,0.008480450063503498,0.01688740830441123,0.006700080167370123,True,False,3,recoverable,False
42.03333333333159,5044,9,44,35,44,PLAYING,0.4644595682621002,-0.00017493963241577148,0.11548160016536713,0.008527317181851868,0.016869935477123735,0.006715854916764801,True,False,3,recoverable,False
42.09999999999825,5052,9,44,35,44,PLAYING,0.46545904874801636,-0.00016573071479797363,0.11553511023521423,0.008533225696070826,0.016819763892924257,0.006735244368438171,True,False,3,recoverable,False
42.166666666664916,5060,9,44,35,44,PLAYING,0.4664306640625,-0.00016051530838012695,0.11556193232536316,0.008580873725954598,0.016822049137958543,0.006758070645241596,True,False,3,recoverable,False
42.23333333333158,5068,9,44,35,44,PLAYING,0.4674392640590668,-0.0001551806926727295,0.11557574570178986,0.008633126224437822,0.016811490939870867,0.006758416017189768,True,False,3,recoverable,False
42.29999999999824,5076,9,44,35,44,PLAYING,0.4683903455734253,-0.0001451447606086731,0.11556403338909149,0.008636136899603176,0.016914139906421193,0.006776946917424345,True,False,3,recoverable,False
42.366666666664905,5084,9,44,35,44,PLAYING,0.4694015085697174,-0.0001446753740310669,0.11554525792598724,0.00869406577779957,0.016975392887496145,0.0067886299165798875,True,False,3,recoverable,False
42.43333333333157,5092,9,44,35,44,PLAYING,0.470406711101532,-0.0001453608274459839,0.11552488803863525,0.00880938077866167,0.017016806204461537,0.006818308398705349,True,False,3,recoverable,False
42.49999999999823,5100,9,44,35,44,PLAYING,0.47146639227867126,-0.00015366822481155396,0.11548136174678802,0.0089443491759199,0.017031438769245726,0.006845323753078936,True,False,3,recoverable,False
42.566666666664894,5108,9,44,35,44,PLAYING,0.4723857343196869,-0.00014290213584899902,0.11549647897481918,0.008953194428754778,0.016773162355409973,0.006861930299250277,True,False,3,recoverable,False
42.63333333333156,5116,9,44,35,44,PLAYING,0.4733237624168396,-0.00012307614088058472,0.1154993548989296,0.008774358239085326,0.01662337795803305,0.006852459379959652,True,False,3,recoverable,False
42.69999999999822,5124,9,44,35,44,PLAYING,0.47433507442474365,-8.036196231842041e-05,0.1154676079750061,0.00839377032100528,0.016559765094402303,0.006812475311751035,True,False,3,recoverable,False
42.76666666666488,5132,9,44,35,44,PLAYING,0.47534045577049255,-4.030764102935791e-05,0.11542575061321259,0.00803301570498705,0.016472479831666324,0.006798519995605042,True,False,3,recoverable,False
42.833333333331545,5140,9,44,35,44,PLAYING,0.4764018952846527,6.206333637237549e-06,0.11536858230829239,0.007638257973984348,0.016337277747965735,0.006776234512368797,True,False,3,recoverable,False
42.89999999999821,5148,9,44,35,44,PLAYING,0.4774366319179535,5.363672971725464e-05,0.1152702271938324,0.007202948721399879,0.01631538617939601,0.006753519512656361,True,False,3,recoverable,False
42.96666666666487,5156,9,44,35,44,PLAYING,0.47853270173072815,0.00011270493268966675,0.11513784527778625,0.006668908725703807,0.016318595801303726,0.006704346757725675,True,False,3,recoverable,False
43.033333333331534,5164,9,44,35,44,PLAYING,0.4796528220176697,0.0001699402928352356,0.11497294902801514,0.006109884435099484,0.016333125536466188,0.006664927882318732,True,False,3,recoverable,False
43.0999999999982,5172,9,44,35,44,PLAYING,0.48075470328330994,0.00022886693477630615,0.11477753520011902,0.0055658728362757435,0.01640650200912819,0.006619980485251196,True,False,3,recoverable,False
43.16666666666486,5180,9,44,35,44,PLAYING,0.481810063123703,0.0002575293183326721,0.11464853584766388,0.005312398234702487,0.016550031009999504,0.006618943414803116,True,False,3,recoverable,False
43.23333333333152,5188,9,44,35,44,PLAYING,0.4829102158546448,0.00028821825981140137,0.1145039051771164,0.005095261403581138,0.016669313904507325,0.0066015394738985905,True,False,3,recoverable,False
43.299999999998185,5196,9,44,35,44,PLAYING,0.4840487241744995,0.0003158003091812134,0.11433073878288269,0.004859082273630701,0.016775527723006157,0.00659500531198837,True,False,3,recoverable,False
43.36666666666485,5204,9,44,35,44,PLAYING,0.4851454794406891,0.00032676011323928833,0.11418385058641434,0.004821406435268497,0.016958754812532156,0.006593266411228172,True,False,3,recoverable,False
43.43333333333151,5212,9,44,35,44,PLAYING,0.48598113656044006,0.0002751201391220093,0.11420898884534836,0.005482536063530476,0.017350330713248024,0.006677953128072763,True,False,3,recoverable,False
43.499999999998174,5220,9,44,35,44,PLAYING,0.48666059970855713,0.00021858513355255127,0.11435505002737045,0.006093836844659076,0.017263083470255035,0.006756332269146777,True,False,3,recoverable,False
43.56666666666484,5228,9,44,35,44,PLAYING,0.4873555600643158,0.00016714632511138916,0.11454489827156067,0.006738461345869538,0.01699102464830141,0.006841048563380117,True,False,3,recoverable,False
43.6333333333315,5236,9,44,35,44,PLAYING,0.48812586069107056,0.00011083483695983887,0.11474154889583588,0.007404561843785832,0.016635957938015,0.006911563724503237,True,False,3,recoverable,False
43.69999999999816,5244,9,44,35,44,PLAYING,0.4889347553253174,4.814565181732178e-05,0.11493592709302902,0.008093932693211807,0.0162320105536527,0.0069985754033357345,True,False,3,recoverable,False
43.766666666664825,5252,9,44,35,44,PLAYING,0.48979973793029785,-6.511807441711426e-06,0.11512872576713562,0.008773461239771255,0.015782550920378408,0.00709064619379545,True,False,3,recoverable,False
43.83333333333149,5260,9,44,35,44,PLAYING,0.49063724279403687,-3.656744956970215e-05,0.11527080088853836,0.009132055739657646,0.01568052647647127,0.007143598751785817,True,False,3,recoverable,False
43.89999999999815,5268,9,44,35,44,PLAYING,0.49152296781539917,-1.4141201972961426e-05,0.11535228788852692,0.009003964871032801,0.01588477598406026,0.0071458565072786105,True,False,3,recoverable,False
43.966666666664814,5276,9,44,35,44,PLAYING,0.4924461543560028,1.6391277313232422e-07,0.11541576683521271,0.008891026085733153,0.01608808762519547,0.007154432744211638,True,False,3,recoverable,False
44.03333333333148,5284,9,44,35,44,PLAYING,0.4934311509132385,2.4110078811645508e-05,0.11546611785888672,0.008750781113572581,0.016248364702889984,0.007162059995593723,True,False,3,recoverable,False
44.09999999999814,5292,9,44,35,44,PLAYING,0.49441584944725037,4.108250141143799e-05,0.11550796031951904,0.008639761801886154,0.016421115181962376,0.007185246160696842,True,False,3,recoverable,False
44.1666666666648,5300,9,44,35,44,PLAYING,0.4954076409339905,6.479769945144653e-05,0.11553101986646652,0.008547432074463434,0.016608260693500427,0.007188095543257397,True,False,3,recoverable,False
44.233333333331466,5308,9,44,35,44,PLAYING,0.4964638352394104,7.747858762741089e-05,0.11553101986646652,0.008429950722474738,0.01677488606537153,0.007193152550686345,True,False,3,recoverable,False
44.29999999999813,5316,9,44,35,44,PLAYING,0.49750202894210815,9.26777720451355e-05,0.11550980061292648,0.00831420364307109,0.016968269620937428,0.007193706632621117,True,False,3,recoverable,False
44.36666666666479,5324,9,44,35,44,PLAYING,0.498576283454895,0.00011105090379714966,0.11544820666313171,0.008123346115585914,0.017175093907653437,0.007224492662219339,True,False,3,recoverable,False
44.433333333331454,5332,9,44,35,44,PLAYING,0.4996696710586548,0.00012945383787155151,0.11538579314947128,0.008028033918357744,0.017377291562076888,0.007209117070300085,True,False,3,recoverable,False
44.49999999999812,5340,9,44,35,44,PLAYING,0.5007283687591553,0.0001507773995399475,0.11531412601470947,0.007898240550293447,0.017495182739678896,0.007228036997635077,True,False,3,recoverable,False
44.56666666666478,5348,9,44,35,44,PLAYING,0.5016350150108337,0.00015479326248168945,0.11532499641180038,0.00793828541306769,0.017350935131300437,0.007260893643744437,True,False,3,recoverable,False
44.63333333333144,5356,9,44,35,44,PLAYING,0.5025894641876221,0.00017014145851135254,0.11530464887619019,0.007854614286677882,0.01718305535001818,0.007284202905568262,True,False,3,recoverable,False
44.699999999998106,5364,9,44,35,44,PLAYING,0.5036131739616394,0.00019454210996627808,0.11526418477296829,0.007726003403464653,0.01696259458234821,0.007285478208723375,True,False,3,recoverable,False
44.76666666666477,5372,9,44,35,44,PLAYING,0.5046687126159668,0.00022680312395095825,0.11517897248268127,0.007415841005587249,0.016851010135287503,0.0072691165338215616,True,False,3,recoverable,False
44.83333333333143,5380,9,44,35,44,PLAYING,0.5057637691497803,0.00027983635663986206,0.11505990475416183,0.006982887762223777,0.016783463790812206,0.007236018644619207,True,False,3,recoverable,False
44.899999999998094,5388,9,44,35,44,PLAYING,0.5068751573562622,0.00032348185777664185,0.11491184681653976,0.006537794527488409,0.01672292587067767,0.007205053557451495,True,False,3,recoverable,False
44.96666666666476,5396,9,44,35,44,PLAYING,0.5079746246337891,0.00036969780921936035,0.11474660784006119,0.006113774245018903,0.01670616742170554,0.007162585939123764,True,False,3,recoverable,False
45.03333333333142,5404,9,44,35,44,PLAYING,0.508777379989624,0.0003326311707496643,0.1148008406162262,0.006576613059222824,0.016942459719919496,0.007237083241470659,True,False,3,recoverable,False
45.09999999999808,5412,9,44,35,44,PLAYING,0.5096325278282166,0.0003059655427932739,0.11487550288438797,0.006981234433137086,0.017050836004778143,0.007291768561601522,True,False,3,recoverable,False
45.166666666664746,5420,9,44,35,44,PLAYING,0.5103686451911926,0.0002812892198562622,0.11501868814229965,0.0073873932817172605,0.016890848385657426,0.007364807265386401,True,False,3,recoverable,False
45.23333333333141,5428,9,44,35,44,PLAYING,0.5112097263336182,0.00024453550577163696,0.11514844000339508,0.007793578024761124,0.016675587212100152,0.007422668298304591,True,False,3,recoverable,False
45.29999999999807,5436,9,44,35,44,PLAYING,0.5120809078216553,0.00020819157361984253,0.11529211699962616,0.00830998138704246,0.0163976563895093,0.007490327314733164,True,False,3,recoverable,False
45.366666666664734,5444,9,44,35,44,PLAYING,0.5129554867744446,0.0001636222004890442,0.11542759835720062,0.008863292106013226,0.01610422839111222,0.007572378509832684,True,False,3,recoverable,False
45.4333333333314,5452,9,44,35,44,PLAYING,0.5138953924179077,0.00011863559484481812,0.11554718017578125,0.009416706721090856,0.015771237978038123,0.007631552863082921,True,False,3,recoverable,False
45.49999999999806,5460,9,44,35,44,PLAYING,0.5148323178291321,7.335096597671509e-05,0.11564874649047852,0.009969533498291378,0.015454176158172139,0.007717043585878628,True,False,3,recoverable,False
45.56666666666472,5468,9,44,35,44,PLAYING,0.5157926082611084,2.1383166313171387e-05,0.11573771387338638,0.01054881801824614,0.015124276290620018,0.007790921816930162,True,False,3,recoverable,False
45.633333333331386,5476,9,44,35,44,PLAYING,0.5167819857597351,-3.463774919509888e-05,0.11582251638174057,0.011184844664819983,0.01475666837183365,0.007865971768433871,True,False,3,recoverable,False
45.69999999999805,5484,9,44,35,44,PLAYING,0.517768383026123,-3.363192081451416e-05,0.11581932008266449,0.011241886805908447,0.01485666051510385,0.00790448558268619,True,False,3,recoverable,False
45.76666666666471,5492,9,44,35,44,PLAYING,0.5188494324684143,-9.797513484954834e-06,0.11578502506017685,0.011109797321178241,0.015029960028520167,0.0079081128491956,True,False,3,recoverable,False
45.833333333331375,5500,9,44,35,44,PLAYING,0.5199485421180725,2.4065375328063965e-06,0.11572583019733429,0.011011111735498897,0.015238705562816493,0.00791329234352521,True,False,3,recoverable,False
45.89999999999804,5508,9,44,35,44,PLAYING,0.5210800170898438,2.779066562652588e-05,0.11563827842473984,0.010877362058397653,0.015436927808167765,0.007911271634933171,True,False,3,recoverable,False
45.9666666666647,5516,9,44,35,44,PLAYING,0.5220111608505249,2.5741755962371826e-05,0.11565233021974564,0.010937564558012333,0.01530883670359752,0.007933258871772863,True,False,3,recoverable,False
46.03333333333136,5524,9,44,35,44,PLAYING,0.5230211019515991,4.349648952484131e-05,0.1156328096985817,0.010836669576314163,0.015145260282869825,0.007922763435113625,True,False,3,recoverable,False
46.099999999998026,5532,9,44,35,44,PLAYING,0.5240313410758972,6.080418825149536e-05,0.11559277772903442,0.010747261986896703,0.014972309814627273,0.007943215568272764,True,False,3,recoverable,False
46.16666666666469,5540,9,44,35,44,PLAYING,0.5250672698020935,0.0001027137041091919,0.11551447212696075,0.010389576434071547,0.014736633673195618,0.007910682097955793,True,False,3,recoverable,False
46.23333333333135,5548,9,44,35,44,PLAYING,0.5259402394294739,9.772181510925293e-05,0.11554986238479614,0.010587070544905614,0.014530334616281186,0.007944537162580602,True,False,3,recoverable,False
46.299999999998015,5556,9,44,35,44,PLAYING,0.5267889499664307,7.831305265426636e-05,0.11563748866319656,0.010898489451151733,0.014472135518072249,0.008003854033619568,True,False,3,recoverable,False
46.36666666666468,5564,9,44,35,44,PLAYING,0.5276978015899658,0.00011103600263595581,0.11565820872783661,0.01064288512146157,0.01485093185849721,0.007985363442586527,True,False,3,recoverable,False
46.43333333333134,5572,9,44,35,44,PLAYING,0.5286787152290344,0.00015122443437576294,0.11565990746021271,0.010333453020472307,0.015179833587328693,0.007984732080730897,True,False,3,recoverable,False
46.499999999998,5580,9,44,35,44,PLAYING,0.5297033786773682,0.00019563734531402588,0.11565206199884415,0.01003215679816672,0.015489602661239981,0.007970909407148006,True,False,3,recoverable,False
46.566666666664666,5588,9,44,35,44,PLAYING,0.5307104587554932,0.00024399906396865845,0.1156243234872818,0.00972131121686076,0.015817269843923905,0.007973310668850498,True,False,3,recoverable,False
46.63333333333133,5596,9,44,35,44,PLAYING,0.5317583680152893,0.00027982890605926514,0.11560071259737015,0.00946201498129476,0.016080630779416825,0.007964439517619198,True,False,3,recoverable,False
46.69999999999799,5604,9,44,35,44,PLAYING,0.5328018069267273,0.0003163442015647888,0.11552530527114868,0.009169521853603889,0.016456143683363515,0.007964732470421454,True,False,3,recoverable,False
46.766666666664655,5612,9,44,35,44,PLAYING,0.5339410901069641,0.00036144256591796875,0.11543086916208267,0.008809964126833523,0.016754531372313475,0.007983608061613513,True,False,3,recoverable,False
46.83333333333132,5620,9,44,35,44,PLAYING,0.5350508689880371,0.0003944188356399536,0.11531496793031693,0.008449069634965485,0.01705261201600019,0.007957753992198445,True,False,3,recoverable,False
46.89999999999798,5628,9,44,35,44,PLAYING,0.5361870527267456,0.00043929368257522583,0.11515802890062332,0.008090254458049676,0.017416671154781828,0.007947319439050719,True,False,3,recoverable,False
46.96666666666464,5636,9,44,35,44,PLAYING,0.5372556447982788,0.00045514851808547974,0.11506833881139755,0.008003061151048442,0.017939746281720962,0.00795388868866191,True,False,3,recoverable,False
47.033333333331306,5644,9,44,35,44,PLAYING,0.5383118987083435,0.00046356022357940674,0.1149982139468193,0.008054682010983175,0.0184372189411827,0.00797347728104631,True,False,3,recoverable,False
47.09999999999797,5652,9,44,35,44,PLAYING,0.5391935110092163,0.0004607290029525757,0.11501586437225342,0.008111895022402848,0.0185592328506767,0.00799589639294881,True,False,3,recoverable,False
47.16666666666463,5660,9,44,35,44,PLAYING,0.5399695634841919,0.0004629790782928467,0.11512479186058044,0.008211356199101707,0.01833720378670172,0.008017633072132782,True,False,3,recoverable,False
47.233333333331295,5668,9,44,35,44,PLAYING,0.5408040881156921,0.000450916588306427,0.11524537950754166,0.008364976674479474,0.018030586389819175,0.008045916330642791,True,False,3,recoverable,False
47.29999999999796,5676,9,44,35,44,PLAYING,0.5416982769966125,0.0004604756832122803,0.1153339073061943,0.008332782502077099,0.01777015403443287,0.008042647259459522,True,False,3,recoverable,False
47.36666666666462,5684,9,44,35,44,PLAYING,0.542615532875061,0.00047006458044052124,0.11542181670665741,0.00835621921371933,0.017463952459785007,0.008056604254692306,True,False,3,recoverable,False
47.433333333331284,5692,9,44,35,44,PLAYING,0.5435617566108704,0.0004789978265762329,0.11548370867967606,0.008333911846327448,0.017153998516459545,0.008080858899800744,True,False,3,recoverable,False
47.49999999999795,5700,9,44,35,44,PLAYING,0.5445220470428467,0.0004906356334686279,0.11553621292114258,0.008336224501624268,0.01681662052209179,0.008089056247730021,True,False,3,recoverable,False
47.56666666666461,5708,9,44,35,44,PLAYING,0.5454891920089722,0.0004976540803909302,0.11556313931941986,0.008331679112198282,0.016489714248302676,0.008111930168430094,True,False,3,recoverable,False
47.63333333333127,5716,9,44,35,44,PLAYING,0.5465136766433716,0.0005052536725997925,0.11556746065616608,0.008385370641246136,0.016153083444547287,0.0081291876908922,True,False,3,recoverable,False
47.699999999997935,5724,9,44,35,44,PLAYING,0.5474308133125305,0.0004617422819137573,0.11566445231437683,0.0088871226440455,0.015870852971704368,0.008188586291507767,True,False,3,recoverable,False
47.7666666666646,5732,9,44,35,44,PLAYING,0.5484184622764587,0.0004297196865081787,0.11573898792266846,0.009304330834361088,0.015570804508747057,0.008258751191271436,True,False,3,recoverable,False
47.83333333333126,5740,9,44,35,44,PLAYING,0.5493994951248169,0.000399172306060791,0.11577615886926651,0.009711847683417634,0.015318926499901069,0.008299388788123158,True,False,3,recoverable,False
47.899999999997924,5748,9,44,35,44,PLAYING,0.5504027009010315,0.0003730282187461853,0.11578604578971863,0.0100660662146427,0.015073013713126516,0.008365588189969424,True,False,3,recoverable,False
47.96666666666459,5756,9,44,35,44,PLAYING,0.5514240860939026,0.00039086490869522095,0.11572261154651642,0.009925812482522075,0.015234438354852928,0.008362230522670416,True,False,3,recoverable,False
48.03333333333125,5764,9,44,35,44,PLAYING,0.5525201559066772,0.0004430413246154785,0.11562282592058182,0.009480283859347937,0.015543729951440207,0.008344084838747318,True,False,3,recoverable,False
48.09999999999791,5772,9,44,35,44,PLAYING,0.5535192489624023,0.0004833638668060303,0.11554714292287827,0.00908570324124544,0.015712023995498994,0.008321963809304906,True,False,3,recoverable,False
48.166666666664575,5780,9,44,35,44,PLAYING,0.5545992851257324,0.0005324631929397583,0.11546105891466141,0.008648129710459475,0.015832630237904485,0.008280417664751833,True,False,3,recoverable,False
48.23333333333124,5788,9,44,35,44,PLAYING,0.5557028651237488,0.00058717280626297,0.11534599959850311,0.008165301519334,0.015948116172193355,0.0082562834593529,True,False,3,recoverable,False
48.2999999999979,5796,9,44,35,44,PLAYING,0.5568177700042725,0.00064115971326828,0.11520309001207352,0.007683961934857764,0.0160830238386468,0.008207527261786437,True,False,3,recoverable,False
48.366666666664564,5804,9,44,35,44,PLAYING,0.5579662919044495,0.0007026121020317078,0.11502419412136078,0.0071243319706352295,0.016219305863398217,0.00818142095767878,True,False,3,recoverable,False
48.43333333333123,5812,9,44,35,44,PLAYING,0.5591335892677307,0.0007671713829040527,0.11481335014104843,0.0065389538990942445,0.016374301743784507,0.008117001909867158,True,False,3,recoverable,False
48.49999999999789,5820,9,44,35,44,PLAYING,0.5600298643112183,0.0007800161838531494,0.11473816633224487,0.006475071797027064,0.01685350002983143,0.008136961090866793,True,False,3,recoverable,False
48.56666666666455,5828,9,44,35,44,PLAYING,0.5609303116798401,0.0007630512118339539,0.1147555410861969,0.00677766582199235,0.017297705734039714,0.008187011679498129,True,False,3,recoverable,False
48.633333333331215,5836,9,44,35,44,PLAYING,0.5619375109672546,0.0007452666759490967,0.11476798355579376,0.00705793267974447,0.01768859387179474,0.008212098938349758,True,False,3,recoverable,False
48.69999999999788,5844,9,44,35,44,PLAYING,0.5629822015762329,0.0007266625761985779,0.11476690322160721,0.007355327272823606,0.0180698739728757,0.008266657289066372,True,False,3,recoverable,False
48.76666666666454,5852,9,44,35,44,PLAYING,0.5640658736228943,0.0007068440318107605,0.11474688351154327,0.007661385175015754,0.018465240709062386,0.008296778822337314,True,False,3,recoverable,False
48.833333333331204,5860,9,44,35,44,PLAYING,0.5651703476905823,0.0006851553916931152,0.11470947414636612,0.00799117116257031,0.018859219142835913,0.008355828035536859,True,False,3,recoverable,False
48.89999999999787,5868,9,44,35,44,PLAYING,0.566026508808136,0.0006568655371665955,0.11479920148849487,0.008386398433495259,0.018784591215293665,0.00839496290823355,True,False,3,recoverable,False
48.96666666666453,5876,9,44,35,44,PLAYING,0.5668887495994568,0.0006281062960624695,0.1149037554860115,0.008777274644257657,0.018616250622067395,0.008434838990179565,True,False,3,recoverable,False
49.03333333333119,5884,9,44,35,44,PLAYING,0.5678119659423828,0.000603020191192627,0.11500012874603271,0.009143748546420596,0.01837346243819299,0.00849699375201075,True,False,3,recoverable,False
49.099999999997856,5892,9,44,35,44,PLAYING,0.5687721967697144,0.0005809441208839417,0.11507122218608856,0.009475181223390878,0.018123006314739572,0.008529351222866919,True,False,3,recoverable,False
49.16666666666452,5900,9,44,35,44,PLAYING,0.5697023272514343,0.0005695745348930359,0.11510349810123444,0.009695609936152889,0.017980795648724224,0.008579721095928607,True,False,3,recoverable,False
49.23333333333118,5908,9,44,35,44,PLAYING,0.5706616640090942,0.0005412101745605469,0.11516884714365005,0.01011248907935768,0.017786285101667975,0.008616973131784172,True,False,3,recoverable,False
49.299999999997844,5916,9,44,35,44,PLAYING,0.5716038346290588,0.0005075708031654358,0.11522725969552994,0.010580737655262346,0.017584889902808643,0.008686375661639658,True,False,3,recoverable,False
49.36666666666451,5924,9,44,35,44,PLAYING,0.5726208090782166,0.0004720166325569153,0.11526818573474884,0.01107843384669254,0.017330881077466886,0.008730519137788582,True,False,3,recoverable,False
49.43333333333117,5932,9,44,35,44,PLAYING,0.5736315250396729,0.0005066767334938049,0.11522176116704941,0.010859211070386844,0.017640616807189584,0.008719764911701388,True,False,3,recoverable,False
49.49999999999783,5940,9,44,35,44,PLAYING,0.5747170448303223,0.0005564317107200623,0.1151239275932312,0.010383600545957382,0.018059379254175494,0.008685067026829535,True,False,3,recoverable,False
49.566666666664496,5948,9,44,35,44,PLAYING,0.5755304098129272,0.0006249397993087769,0.11510412395000458,0.009742575247387518,0.018094924360949192,0.008648476590827462,True,False,3,recoverable,False
49.63333333333116,5956,9,44,35,44,PLAYING,0.5763497352600098,0.0006771385669708252,0.11511251330375671,0.009242230155264115,0.018023608265041496,0.008601590129831417,True,False,3,recoverable,False
49.69999999999782,5964,9,44,35,44,PLAYING,0.5772603750228882,0.0007345452904701233,0.1151193156838417,0.008703137085865805,0.01784764686190029,0.008574373623598338,True,False,3,recoverable,False
49.766666666664484,5972,9,44,35,44,PLAYING,0.5782144069671631,0.0007880032062530518,0.11512070894241333,0.008205451561081949,0.017633418439031916,0.008520754772341559,True,False,3,recoverable,False
49.83333333333115,5980,9,44,35,44,PLAYING,0.5792029500007629,0.0008390471339225769,0.1151048094034195,0.007688303648351276,0.017383232839151705,0.008476533989475283,True,False,3,recoverable,False
49.89999999999781,5988,9,44,35,44,PLAYING,0.5802253484725952,0.0008997693657875061,0.11506730318069458,0.007156155182291984,0.017117389808314246,0.008435472274420397,True,False,3,recoverable,False
49.96666666666447,5996,9,44,35,44,PLAYING,0.5812365412712097,0.0009569153189659119,0.11500085890293121,0.00661712136260266,0.016867609376567734,0.008403729668842319,True,False,3,recoverable,False
50.033333333331136,6004,9,44,35,44,PLAYING,0.5820013284683228,0.0009528622031211853,0.11509809643030167,0.006779052288696571,0.016866758175961522,0.008436145885516028,True,False,3,recoverable,False
50.0999999999978,6012,9,44,35,44,PLAYING,0.5828067660331726,0.0009402260184288025,0.11521022021770477,0.00702242837634739,0.016823309067714298,0.008477345879084237,True,False,3,recoverable,False
50.16666666666446,6020,9,44,35,44,PLAYING,0.583686888217926,0.0009236112236976624,0.11531481146812439,0.0072814872229521954,0.01675737690351352,0.00852748411571108,True,False,3,recoverable,False
50.233333333331124,6028,9,44,35,44,PLAYING,0.5846115946769714,0.0009026825428009033,0.11541534960269928,0.0075748539302119555,0.016660952807746716,0.008556207773179116,True,False,3,recoverable,False
50.29999999999779,6036,9,44,35,44,PLAYING,0.5855647325515747,0.0008841976523399353,0.11550817638635635,0.007898012778745874,0.016539708404537466,0.008602052803849432,True,False,3,recoverable,False
50.36666666666445,6044,9,44,35,44,PLAYING,0.5865446925163269,0.0008592605590820312,0.11558254808187485,0.008210802293231014,0.016422782050987857,0.008643033490433176,True,False,3,recoverable,False
50.43333333333111,6052,9,44,35,44,PLAYING,0.5875403881072998,0.000844813883304596,0.11563503742218018,0.008483246266805697,0.016352041340989196,0.008686887925943722,True,False,3,recoverable,False
50.499999999997776,6060,9,44,35,44,PLAYING,0.5885722637176514,0.0008464381098747253,0.11564405262470245,0.008513782536359612,0.01645379494761793,0.008703588177249791,True,False,3,recoverable,False
50.56666666666444,6068,9,44,35,44,PLAYING,0.5896027684211731,0.0008473619818687439,0.11566607654094696,0.008601017606746931,0.016465192144281698,0.008711993128311913,True,False,3,recoverable,False
50.6333333333311,6076,9,44,35,44,PLAYING,0.5906350612640381,0.0008502006530761719,0.11567989736795425,0.008669024530192044,0.016436454616842382,0.008747265333620169,True,False,3,recoverable,False
50.699999999997765,6084,9,44,35,44,PLAYING,0.5916777849197388,0.0008526593446731567,0.11566732823848724,0.008741071871286494,0.016426813220160135,0.00875522951720566,True,False,3,recoverable,False
50.76666666666443,6092,9,44,35,44,PLAYING,0.592759370803833,0.0008615925908088684,0.11562329530715942,0.008744877253734382,0.016406054679804903,0.008786904439189785,True,False,3,recoverable,False
50.83333333333109,6100,9,44,35,44,PLAYING,0.593874990940094,0.0008715018630027771,0.11555806547403336,0.008750358222446344,0.016386346732490526,0.00878769114307257,True,False,3,recoverable,False
50.89999999999775,6108,9,44,35,44,PLAYING,0.5949372053146362,0.000870831310749054,0.1155073493719101,0.008879813921879661,0.016449165580313414,0.00882515895576796,True,False,3,recoverable,False
50.966666666664416,6116,9,44,35,44,PLAYING,0.5960401296615601,0.0009046792984008789,0.11541522294282913,0.008677715019644028,0.01678953179946,0.008817366385866799,True,False,3,recoverable,False
51.03333333333108,6124,9,44,35,44,PLAYING,0.5971844792366028,0.0009352788329124451,0.11529288440942764,0.008432111646507687,0.017148224599468728,0.008805622370430295,True,False,3,recoverable,False
51.09999999999774,6132,9,44,35,44,PLAYING,0.5983550548553467,0.000980272889137268,0.1151282861828804,0.008117495465356367,0.017530162345193525,0.008783518086486962,True,False,3,recoverable,False
51.166666666664405,6140,9,44,35,44,PLAYING,0.5993911027908325,0.0010099858045578003,0.11502377688884735,0.007882005375670593,0.017682705404337133,0.008770593957147707,True,False,3,recoverable,False
51.23333333333107,6148,9,44,35,44,PLAYING,0.6002523303031921,0.001038484275341034,0.11501099169254303,0.007695305395445417,0.0174951416882499,0.008767844554963862,True,False,3,recoverable,False
51.29999999999773,6156,9,44,35,44,PLAYING,0.601187527179718,0.0010716766119003296,0.11496396362781525,0.007385388281427532,0.017254500158135278,0.008744865077264461,True,False,3,recoverable,False
51.36666666666439,6164,9,44,35,44,PLAYING,0.6021918058395386,0.0011160075664520264,0.11489159613847733,0.007001920968340553,0.016954115353013204,0.008704740184866043,True,False,3,recoverable,False
51.433333333331056,6172,9,44,35,44,PLAYING,0.6032149195671082,0.0011574551463127136,0.1148122102022171,0.006644499011822435,0.016627346400926307,0.00868456445706323,True,False,3,recoverable,False
51.49999999999772,6180,9,44,35,44,PLAYING,0.6042608618736267,0.0011970549821853638,0.11472669243812561,0.006314164603532641,0.01631873265527384,0.008653317023654445,True,False,3,recoverable,False
51.56666666666438,6188,9,44,35,44,PLAYING,0.6050617694854736,0.0011934936046600342,0.11475325375795364,0.006466431309723897,0.016341998311061506,0.008684770659950474,True,False,3,recoverable,False
51.633333333331045,6196,9,44,35,44,PLAYING,0.6059523820877075,0.001171201467514038,0.11481344699859619,0.006763901969997658,0.016239499465527087,0.0087223980043137,True,False,3,recoverable,False
51.69999999999771,6204,9,44,35,44,PLAYING,0.6068947315216064,0.0011464059352874756,0.11487744003534317,0.007125656789759891,0.016081484615191193,0.008760357974145535,True,False,3,recoverable,False
51.76666666666437,6212,9,44,35,44,PLAYING,0.6078344583511353,0.0011654198169708252,0.1149020791053772,0.006997164348747636,0.01613239419626581,0.008781296990924222,True,False,3,recoverable,False
51.83333333333103,6220,9,44,35,44,PLAYING,0.6088095307350159,0.0012086331844329834,0.1148885190486908,0.0066170254565145244,0.016282033950012716,0.008736140073924892,True,False,3,recoverable,False
51.899999999997696,6228,9,44,35,44,PLAYING,0.6098343729972839,0.0012420713901519775,0.11488217115402222,0.006323947617171596,0.016371188505700393,0.008719810845415371,True,False,3,recoverable,False
51.96666666666436,6236,9,44,35,44,PLAYING,0.6108496189117432,0.0012717917561531067,0.11486152559518814,0.006094439909858276,0.01647310218437459,0.00869238336430105,True,False,3,recoverable,False
52.03333333333102,6244,9,44,35,44,PLAYING,0.611908495426178,0.0012969374656677246,0.11482790112495422,0.005880392428479959,0.016544821788652152,0.008686633072001172,True,False,3,recoverable,False
52.099999999997685,6252,9,44,35,44,PLAYING,0.6129793524742126,0.0013264641165733337,0.1147751435637474,0.005696250612826996,0.016626861872613787,0.008660485261473293,True,False,3,recoverable,False
52.16666666666435,6260,9,44,35,44,PLAYING,0.614075243473053,0.001357242465019226,0.11468710750341415,0.005467724928411356,0.01671162354085201,0.0086374333196285,True,False,3,recoverable,False
52.23333333333101,6268,9,44,35,44,PLAYING,0.6151785254478455,0.0013820677995681763,0.11457958072423935,0.005289736424083516,0.01680502570346719,0.0086435620247324,True,False,3,recoverable,False
52.299999999997674,6276,9,44,35,44,PLAYING,0.6160756945610046,0.001354999840259552,0.11460091918706894,0.005717184124075984,0.017043710916908667,0.008702872445308341,True,False,3,recoverable,False
52.36666666666434,6284,9,44,35,44,PLAYING,0.6169966459274292,0.0013092905282974243,0.11466348171234131,0.006296635119565279,0.017284491701797213,0.00876087429088096,True,False,3,recoverable,False
52.433333333331,6292,9,44,35,44,PLAYING,0.6179763078689575,0.0012671872973442078,0.11471381783485413,0.006859838798581296,0.017494458569916455,0.008840682584383816,True,False,3,recoverable,False
52.49999999999766,6300,9,44,35,44,PLAYING,0.6190043091773987,0.0012228265404701233,0.1147531196475029,0.00744308468844341,0.017695999792638757,0.008900048124258732,True,False,3,recoverable,False
52.566666666664325,6308,9,44,35,44,PLAYING,0.6200472116470337,0.0011790096759796143,0.11477386951446533,0.008038167775023612,0.017898750561292517,0.008981708220442227,True,False,3,recoverable,False
52.63333333333099,6316,9,44,35,44,PLAYING,0.6209137439727783,0.0011394098401069641,0.11486180126667023,0.008566247227430861,0.01780444514324664,0.009032283040708371,True,False,3,recoverable,False
52.69999999999765,6324,9,44,35,44,PLAYING,0.6216163039207458,0.0010978803038597107,0.11502423137426376,0.009092434979846676,0.017428457524784925,0.009081681168351868,True,False,3,recoverable,False
52.766666666664314,6332,9,44,35,44,PLAYING,0.6224146485328674,0.0010602772235870361,0.11518887430429459,0.009584346663964561,0.016927379520042248,0.009151663058809349,True,False,3,recoverable,False
52.83333333333098,6340,9,44,35,44,PLAYING,0.6232706904411316,0.001024588942527771,0.11534907668828964,0.010062166946467423,0.016382021941899097,0.009194017867901994,True,False,3,recoverable,False
52.89999999999764,6348,9,44,35,44,PLAYING,0.6241117715835571,0.001010611653327942,0.11546771973371506,0.010266621223402692,0.016098764468283604,0.009222638066520572,True,False,3,recoverable,False
52.9666666666643,6356,9,44,35,44,PLAYING,0.625018298625946,0.001048937439918518,0.11552615463733673,0.009977070112985332,0.016149067395359745,0.0092118762561021,True,False,3,recoverable,False
53.033333333330965,6364,9,44,35,44,PLAYING,0.6259646415710449,0.0010869503021240234,0.1155693456530571,0.009675403664414824,0.016185736264545662,0.009210929613447575,True,False,3,recoverable,False
53.09999999999763,6372,9,44,35,44,PLAYING,0.6269445419311523,0.0011304691433906555,0.11559229344129562,0.009358928574661451,0.016220122793398132,0.0092011452160426,True,False,3,recoverable,False
53.16666666666429,6380,9,44,35,44,PLAYING,0.6279237270355225,0.0011764541268348694,0.11558093130588531,0.008978346183551115,0.016294462238229356,0.009198052488801572,True,False,3,recoverable,False
53.233333333330954,6388,9,44,35,44,PLAYING,0.6288665533065796,0.001210540533065796,0.11560129374265671,0.008761028393363757,0.016444215249497907,0.0092052694180472,True,False,3,recoverable,False
53.29999999999762,6396,9,44,35,44,PLAYING,0.6298328042030334,0.0012423545122146606,0.11562406271696091,0.008605577622914706,0.016553235325738363,0.00921898512795239,True,False,3,recoverable,False
53.36666666666428,6404,9,44,35,44,PLAYING,0.6308389902114868,0.0012631341814994812,0.11563868820667267,0.008478239802601685,0.016610602951625916,0.009227174963027256,True,False,3,recoverable,False
53.43333333333094,6412,9,44,35,44,PLAYING,0.6318809986114502,0.0012964829802513123,0.11562693864107132,0.00832973080347519,0.016679880509749462,0.009261886364177562,True,False,3,recoverable,False
53.499999999997605,6420,9,44,35,44,PLAYING,0.6329078078269958,0.0013127923011779785,0.11561506986618042,0.00820960232913269,0.01670519389085613,0.009242314196781832,True,False,3,recoverable,False
53.56666666666427,6428,9,44,35,44,PLAYING,0.6339941024780273,0.0013403594493865967,0.11555442214012146,0.008072760835112373,0.01679652354707427,0.009246459792691644,True,False,3,recoverable,False
53.63333333333093,6436,9,44,35,44,PLAYING,0.6350999474525452,0.0013651326298713684,0.11546826362609863,0.007930359871181446,0.016887073950235025,0.009259523510590778,True,False,3,recoverable,False
53.699999999997594,6444,9,44,35,44,PLAYING,0.6361509561538696,0.0013819187879562378,0.11542289704084396,0.007910280538281316,0.016817782365501285,0.009272458823082363,True,False,3,recoverable,False
53.76666666666426,6452,9,44,35,44,PLAYING,0.637162983417511,0.0013941004872322083,0.11537991464138031,0.007876948533652067,0.016648208328823903,0.009298649218203203,True,False,3,recoverable,False
53.83333333333092,6460,9,44,35,44,PLAYING,0.638205885887146,0.0014145299792289734,0.11530997604131699,0.007785439688882434,0.01647516368452365,0.009306582555130066,True,False,3,recoverable,False
53.89999999999758,6468,9,44,35,44,PLAYING,0.6392930150032043,0.001438245177268982,0.11520247161388397,0.007624302605427256,0.016285022643825652,0.00930036407469219,True,False,3,recoverable,False
53.966666666664246,6476,9,44,35,44,PLAYING,0.6404007077217102,0.0014673098921775818,0.11507263034582138,0.007465412891550475,0.01609065081855254,0.00929681518931781,True,False,3,recoverable,False
54.03333333333091,6484,9,44,35,44,PLAYING,0.6415413022041321,0.0014907121658325195,0.1149090826511383,0.007278237639320141,0.015892295503115172,0.009290695973900288,True,False,3,recoverable,False
54.09999999999757,6492,9,44,35,44,PLAYING,0.6424322724342346,0.0014479532837867737,0.11491686850786209,0.007860109513957861,0.015897353480099952,0.00936969578711053,True,False,3,recoverable,False
54.166666666664234,6500,9,44,35,44,PLAYING,0.6431758999824524,0.0013955757021903992,0.11503724753856659,0.008499597484641323,0.015730429767302784,0.009435600303724959,True,False,3,recoverable,False
54.2333333333309,6508,9,44,35,44,PLAYING,0.643950343132019,0.001337677240371704,0.11518754065036774,0.009154686577319897,0.015398485695261152,0.009515429905378287,True,False,3,recoverable,False
54.29999999999756,6516,9,44,35,44,PLAYING,0.644826352596283,0.0012863874435424805,0.11534575372934341,0.009815276397704718,0.01497407549508147,0.009598033208566625,True,False,3,recoverable,False
54.36666666666422,6524,9,44,35,44,PLAYING,0.6456854343414307,0.001225583255290985,0.11548582464456558,0.010510068264043125,0.014567532194938136,0.009681402835876195,True,False,3,recoverable,False
54.433333333330886,6532,9,44,35,44,PLAYING,0.6465725302696228,0.0011702999472618103,0.11560939997434616,0.01114808333808835,0.014188754645976458,0.009756301971006928,True,False,3,recoverable,False
54.49999999999755,6540,9,44,35,44,PLAYING,0.6474970579147339,0.001173555850982666,0.11567378044128418,0.011251518721635574,0.014271971702156517,0.009786416662271253,True,False,3,recoverable,False
54.56666666666421,6548,9,44,35,44,PLAYING,0.6484237909317017,0.001175910234451294,0.11571730673313141,0.011321816120889953,0.014360773077604689,0.009822027795106006,True,False,3,recoverable,False
54.633333333330874,6556,9,44,35,44,PLAYING,0.649412989616394,0.0011750087141990662,0.11574666202068329,0.011395809397271514,0.014420568382573627,0.009841415674595788,True,False,3,recoverable,False
54.69999999999754,6564,9,44,35,44,PLAYING,0.6504107713699341,0.0011887699365615845,0.11574992537498474,0.011368143513201444,0.014568854069379855,0.009861149008283868,True,False,3,recoverable,False
54.7666666666642,6572,9,44,35,44,PLAYING,0.6514207124710083,0.0012325569987297058,0.11570517718791962,0.01094397873389807,0.01508286787655622,0.009837324794473386,True,False,3,recoverable,False
54.83333333333086,6580,9,44,35,44,PLAYING,0.6524678468704224,0.0012819692492485046,0.11564745754003525,0.01049934484600984,0.015588369402396685,0.009816609413718959,True,False,3,recoverable,False
54.899999999997526,6588,9,44,35,44,PLAYING,0.6535534858703613,0.001321747899055481,0.11558446288108826,0.010162081804508758,0.016073248814802724,0.00979503506001685,True,False,3,recoverable,False
54.96666666666419,6596,9,44,35,44,PLAYING,0.6546571850776672,0.0013603344559669495,0.11550629884004593,0.009851800811042956,0.01655376402407554,0.009791758813918909,True,False,3,recoverable,False
55.03333333333085,6604,9,44,35,44,PLAYING,0.6555601358413696,0.001393534243106842,0.11550322920084,0.009574185273040707,0.01671362649596631,0.009775285811497185,True,False,3,recoverable,False
55.099999999997515,6612,9,44,35,44,PLAYING,0.6564750075340271,0.0014280229806900024,0.11552395671606064,0.009296381327754918,0.016727831802680584,0.009748229315552703,True,False,3,recoverable,False
55.16666666666418,6620,9,44,35,44,PLAYING,0.657444417476654,0.0014675036072731018,0.11552848666906357,0.008977845210644198,0.01669378134712526,0.009748592079907895,True,False,3,recoverable,False
55.23333333333084,6628,9,44,35,44,PLAYING,0.6584450602531433,0.001506716012954712,0.11551545560359955,0.008669740629494035,0.016645930955848976,0.0097161260359355,True,False,3,recoverable,False
55.2999999999975,6636,9,44,35,44,PLAYING,0.659478485584259,0.0015504881739616394,0.11548087745904922,0.008319220638175053,0.016577125897498532,0.00970985399487971,True,False,3,recoverable,False
55.366666666664166,6644,9,44,35,44,PLAYING,0.6605344414710999,0.0015922561287879944,0.11542364954948425,0.007988025709150517,0.016516714464079728,0.009683613029669422,True,False,3,recoverable,False
55.43333333333083,6652,9,44,35,44,PLAYING,0.6614916324615479,0.001598447561264038,0.11543486267328262,0.008041550461194504,0.01647003294488058,0.009719835202667188,True,False,3,recoverable,False
55.49999999999749,6660,9,44,35,44,PLAYING,0.6624398231506348,0.001599639654159546,0.11548697203397751,0.008191836394333076,0.01654441467392173,0.009756129795263375,True,False,3,recoverable,False
55.566666666664155,6668,9,44,35,44,PLAYING,0.6634284853935242,0.0016031637787818909,0.11551707983016968,0.008276026434138785,0.01664147398602892,0.009799082001104376,True,False,3,recoverable,False
55.63333333333082,6676,9,44,35,44,PLAYING,0.6644200682640076,0.0016099736094474792,0.11553958058357239,0.008319913073058776,0.01669499402907614,0.009808496952364337,True,False,3,recoverable,False
55.69999999999748,6684,9,45,37,45,PLAYING,0.6645419597625732,0.001614592969417572,0.11554496735334396,0.008284440591887009,0.016634643224424338,0.009806108277021351,True,False,3,recoverable,False
55.76666666666414,6692,10,54,37,54,PLAYING,0.6681638956069946,0.0019759535789489746,0.11503029614686966,0.004160037334903527,0.00577868916719455,0.00903123883894321,True,False,3,recoverable,False
55.833333333330806,6700,10,54,37,54,PLAYING,0.6764752268791199,0.002443939447402954,0.10900545865297318,-0.012633589383796665,-0.005758862330640341,0.0036153005311536936,True,False,3,recoverable,False
55.89999999999747,6708,10,54,37,54,PLAYING,0.6854555606842041,0.0014245808124542236,0.1021580696105957,-0.023425668296005005,-0.008052245692377327,-0.0036868764178087,True,False,3,recoverable,False
55.96666666666413,6716,10,54,37,54,PLAYING,0.6953191161155701,-0.0002619624137878418,0.09835848957300186,-0.027852968661155723,-0.01700307836041292,-0.010277973404160864,True,False,3,recoverable,False
56.033333333330795,6724,10,54,37,54,PLAYING,0.7052661776542664,-0.0031398534774780273,0.09835679084062576,-0.018682754993495643,-0.024475213259026834,-0.016567850461568428,True,False,3,recoverable,False
56.09999999999746,6732,10,54,37,54,PLAYING,0.7120980620384216,-0.005630679428577423,0.10047852993011475,-0.005999902929352973,-0.03037152496492638,-0.020570950482446653,True,False,3,recoverable,False
56.16666666666412,6740,10,54,37,54,PLAYING,0.7107555270195007,-0.005891740322113037,0.10127004235982895,-0.002502058253270424,-0.025834904679145673,-0.020417718075231066,True,False,3,recoverable,False
56.23333333333078,6748,10,54,37,54,PLAYING,0.7095391154289246,-0.00533178448677063,0.09856975078582764,-0.009725982593018767,-0.01901753262220309,-0.020825623420690463,True,False,3,recoverable,False
56.299999999997446,6756,10,54,37,54,PLAYING,0.7058213949203491,-0.0052031949162483215,0.09557284414768219,-0.010781745471952583,-0.013400043874399886,-0.020950837016174326,True,False,3,recoverable,False
56.36666666666411,6764,10,54,37,54,PLAYING,0.6997512578964233,-0.004908554255962372,0.09045477956533432,-0.014216220957577276,0.00250872517492653,-0.021342384630109387,True,False,4,recoverable,False
56.43333333333077,6772,10,54,37,54,PLAYING,0.6941867470741272,-0.004936575889587402,0.08712277561426163,-0.01265000839133553,0.012432937856751494,-0.021288129575576648,True,False,4,recoverable,False
56.499999999997435,6780,10,54,37,54,PLAYING,0.6952199935913086,-0.004756063222885132,0.08726672828197479,-0.015401566569195817,0.010450032914763258,-0.021401161391865004,True,False,4,recoverable,False
56.5666666666641,6788,10,54,37,54,PLAYING,0.6930334568023682,-0.005292490124702454,0.08900641649961472,-0.00639011922441812,0.014909166353985433,-0.020680277710387523,True,False,4,recoverable,False
56.63333333333076,6796,10,54,37,54,PLAYING,0.6901429295539856,-0.005508385598659515,0.08875042200088501,-0.0021291877256734036,0.020817987257222753,-0.020345488528847433,True,False,4,recoverable,False
56.699999999997424,6804,10,54,37,54,PLAYING,0.6900714635848999,-0.005555860698223114,0.0889151319861412,-0.0013637355845481747,0.021114544796870253,-0.02026777104302256,True,False,4,recoverable,False
56.76666666666409,6812,10,54,37,54,PLAYING,0.6909713745117188,-0.005476184189319611,0.08905929327011108,-0.002817920943619249,0.017854916948614404,-0.020398207331537275,True,False,4,recoverable,False
56.83333333333075,6820,10,54,37,54,PLAYING,0.6942040920257568,-0.0051085203886032104,0.08934195339679718,-0.009375005573688219,0.00942520312212876,-0.020907038123659214,True,False,4,recoverable,False
56.89999999999741,6828,10,54,37,54,PLAYING,0.6958316564559937,-0.004989460110664368,0.08996432274580002,-0.011570273517521074,0.004844080935008033,-0.02101765235360379,True,False,4,recoverable,False
56.966666666664075,6836,10,54,37,54,PLAYING,0.6936987042427063,-0.005222983658313751,0.0901138111948967,-0.007372393847278342,0.009906053284198555,-0.02073134953452377,True,False,4,recoverable,False
57.03333333333074,6844,10,54,37,54,PLAYING,0.6936725378036499,-0.005250319838523865,0.09022320061922073,-0.006968834227431809,0.008874973051499448,-0.02069500098107796,True,False,4,recoverable,False
57.0999999999974,6852,10,54,37,54,PLAYING,0.6946519017219543,-0.005180776119232178,0.09067067503929138,-0.008247352230636332,0.0061588562267085025,-0.020773769864480186,True,False,4,recoverable,False
57.166666666664064,6860,10,54,37,54,PLAYING,0.6943508982658386,-0.00516972690820694,0.09057846665382385,-0.00833592831333672,0.006843262996251996,-0.020785565415735008,True,False,4,recoverable,False
57.23333333333073,6868,10,54,37,54,PLAYING,0.6945214867591858,-0.005190357565879822,0.09089072048664093,-0.00804863544500805,0.005429407009316525,-0.020751456491843023,True,False,4,recoverable,False
57.29999999999739,6876,10,54,37,54,PLAYING,0.6945208311080933,-0.005162283778190613,0.09098897874355316,-0.008450117972399517,0.004922648921151005,-0.020779101847369554,True,False,4,recoverable,False
57.36666666666405,6884,10,54,37,54,PLAYING,0.6946426033973694,-0.00518643856048584,0.0913037359714508,-0.008089493359068372,0.0037883318424136022,-0.020742354491658635,True,False,4,recoverable,False
57.433333333330715,6892,10,54,37,54,PLAYING,0.6946045160293579,-0.0051737502217292786,0.0913798063993454,-0.0082561615930177,0.003425611406341309,-0.020751266682825405,True,False,4,recoverable,False
57.49999999999738,6900,10,54,37,54,PLAYING,0.6946843266487122,-0.005175590515136719,0.09154882282018661,-0.008230191308156954,0.0029990649919258454,-0.02074638006445957,True,False,4,recoverable,False
57.56666666666404,6908,10,54,37,54,PLAYING,0.694833517074585,-0.005185045301914215,0.09190250933170319,-0.008095128477313225,0.001904676145681057,-0.02072756520163443,True,False,4,recoverable,False
57.633333333330704,6916,10,54,37,54,PLAYING,0.6947221755981445,-0.005168072879314423,0.09186169505119324,-0.008307014960163825,0.0019197354002279063,-0.020741335546053508,True,False,4,recoverable,False
57.69999999999737,6924,10,54,37,54,PLAYING,0.6947781443595886,-0.005177043378353119,0.09210765361785889,-0.008165288745878387,0.0012264685576057388,-0.020725510685375776,True,False,4,recoverable,False
57.76666666666403,6932,10,54,37,54,PLAYING,0.6949660181999207,-0.0051938071846961975,0.09247001260519028,-0.007939774542065568,9.794053895916883e-05,-0.0206993896919007,True,False,4,recoverable,False
57.83333333333069,6940,10,54,37,54,PLAYING,0.6948789358139038,-0.005171500146389008,0.09245632588863373,-0.008238810966201425,-1.1323175633320643e-05,-0.02071901454739565,True,False,4,recoverable,False
57.899999999997355,6948,10,54,37,54,PLAYING,0.6949720978736877,-0.0051766037940979,0.09264828264713287,-0.00816666013603863,-0.0006116040575037537,-0.02070893972904014,True,False,4,recoverable,False
57.96666666666402,6956,10,54,37,54,PLAYING,0.6950182318687439,-0.005177788436412811,0.09293961524963379,-0.008128737579231419,-0.0015372183924964816,-0.020698426913424765,True,False,4,recoverable,False
58.03333333333068,6964,10,54,37,54,PLAYING,0.6951181888580322,-0.005184642970561981,0.09310440719127655,-0.008040443238853686,-0.002071767200409567,-0.0206880511464504,True,False,4,recoverable,False
58.099999999997344,6972,10,54,37,54,IDLE,0.6951457858085632,-0.005183450877666473,0.09333143383264542,-0.008038447279616692,-0.00280058455160501,-0.020682338076705907,True,False,4,recoverable,False
58.099999999997344,6972,10,54,37,54,IDLE,0.6951457858085632,-0.005183450877666473,0.09333143383264542,-0.008038447279616692,-0.00280058455160501,-0.020682338076705907,True,False,4,recoverable,False
