sim_time_s,sim_step,macro_state,subphase,profile_id,phase_elapsed_s,profile_fraction,command_epoch,base_x_m,base_y_m,base_z_m,base_roll_rad,base_pitch_rad,base_yaw_rad,active_leg,geometry_support_candidate_count,robot_state_finite,joint_limit_violation,stability_state,retry_count,controller_terminal,controller_terminal_outcome
1.5666666666666635,188,,,fsm50-gate-c-successful-recording-profiles-v1,,,,-0.003989968448877335,-0.000993184745311737,0.09901051968336105,-3.8795075004099296e-05,-0.012018071330770567,0.0030498701370338887,,4,True,False,stable,0,False,
1.63333333333333,196,S1_APPROACH_AND_PRE_FR_SHIFT,PRELOAD,v010_20260806_220745_363972_manual:S1_APPROACH_AND_PRE_FR_SHIFT:ALTERNATE_PROFILE_3:segments-0-4,0.04166666666666652,0.0,0,-0.004020538181066513,-0.0009933039546012878,0.09900183975696564,-3.801701551617001e-05,-0.012015386625265804,0.003050028860425154,FR,4,True,False,stable,0,False,RUNNING
1.6999999999999964,204,S1_APPROACH_AND_PRE_FR_SHIFT,PRELOAD,v010_20260806_220745_363972_manual:S1_APPROACH_AND_PRE_FR_SHIFT:ALTERNATE_PROFILE_3:segments-0-4,0.10833333333333295,0.0,1,-0.00395878404378891,-0.000682145357131958,0.09825477749109268,-0.003213035451836592,-0.015647937114131788,0.0031031757720259346,FR,4,True,False,recoverable,0,False,RUNNING
1.7666666666666628,212,S1_APPROACH_AND_PRE_FR_SHIFT,PRELOAD,v010_20260806_220745_363972_manual:S1_APPROACH_AND_PRE_FR_SHIFT:ALTERNATE_PROFILE_3:segments-0-4,0.17499999999999938,0.0,1,-0.004534689709544182,-0.0001528412103652954,0.0974646806716919,-0.008673625406955468,-0.02007979865094036,0.00320795478580394,FR,4,True,False,recoverable,0,False,RUNNING
1.8333333333333293,220,S1_APPROACH_AND_PRE_FR_SHIFT,PRELOAD,v010_20260806_220745_363972_manual:S1_APPROACH_AND_PRE_FR_SHIFT:ALTERNATE_PROFILE_3:segments-0-4,0.2416666666666658,0.0,1,-0.005187783390283585,0.0005165785551071167,0.09660942852497101,-0.015627090259004207,-0.025526510869910406,0.003374486269680665,FR,3,True,False,recoverable,0,False,RUNNING
1.8999999999999957,228,S1_APPROACH_AND_PRE_FR_SHIFT,PRELOAD,v010_20260806_220745_363972_manual:S1_APPROACH_AND_PRE_FR_SHIFT:ALTERNATE_PROFILE_3:segments-0-4,0.30833333333333224,0.2,2,-0.005882464349269867,0.0013684183359146118,0.09564774483442307,-0.02457101555574345,-0.03225560418433911,0.003650648887978649,FR,3,True,False,recoverable,0,False,RUNNING
1.9666666666666621,236,S1_APPROACH_AND_PRE_FR_SHIFT,PRELOAD,v010_20260806_220745_363972_manual:S1_APPROACH_AND_PRE_FR_SHIFT:ALTERNATE_PROFILE_3:segments-0-4,0.37499999999999867,0.2,2,-0.006571413949131966,0.0020994767546653748,0.09484222531318665,-0.03230793905703442,-0.03784860115731027,0.003928657497215562,FR,3,True,False,recoverable,0,False,RUNNING
2.0333333333333288,244,S1_APPROACH_AND_PRE_FR_SHIFT,PRELOAD,v010_20260806_220745_363972_manual:S1_APPROACH_AND_PRE_FR_SHIFT:ALTERNATE_PROFILE_3:segments-0-4,0.4416666666666653,0.4,3,-0.007276205345988274,0.0031139105558395386,0.09371072798967361,-0.0431682496514289,-0.04597689963398891,0.0043998222916661195,FR,2,True,False,recoverable,0,False,RUNNING
2.099999999999995,252,S1_APPROACH_AND_PRE_FR_SHIFT,PRELOAD,v010_20260806_220745_363972_manual:S1_APPROACH_AND_PRE_FR_SHIFT:ALTERNATE_PROFILE_3:segments-0-4,0.5083333333333317,0.4,3,-0.00846673920750618,0.004432648420333862,0.09226203709840775,-0.05749528581167242,-0.0562066349815214,0.005139355578855819,FR,2,True,False,recoverable,0,False,RUNNING
2.1666666666666616,260,S1_APPROACH_AND_PRE_FR_SHIFT,PRELOAD,v010_20260806_220745_363972_manual:S1_APPROACH_AND_PRE_FR_SHIFT:ALTERNATE_PROFILE_3:segments-0-4,0.5749999999999982,0.4,3,-0.009242668747901917,0.0057274699211120605,0.09083934873342514,-0.07183733267997207,-0.06700103351794931,0.0060564778684952005,FR,2,True,False,recoverable,0,False,RUNNING
2.233333333333328,268,S1_APPROACH_AND_PRE_FR_SHIFT,PRELOAD,v010_20260806_220745_363972_manual:S1_APPROACH_AND_PRE_FR_SHIFT:ALTERNATE_PROFILE_3:segments-0-4,0.6416666666666646,0.4,3,-0.01012401096522808,0.007025979459285736,0.08936057239770889,-0.08650615930040238,-0.07791232951722289,0.007131831789308463,FR,2,True,False,recoverable,0,False,RUNNING
2.2999999999999945,276,S1_APPROACH_AND_PRE_FR_SHIFT,PRELOAD,v010_20260806_220745_363972_manual:S1_APPROACH_AND_PRE_FR_SHIFT:ALTERNATE_PROFILE_3:segments-0-4,0.708333333333331,0.4,3,-0.01106659322977066,0.008358597755432129,0.08777333796024323,-0.10191560473514068,-0.08934603790816724,0.008443402278159092,FR,2,True,False,recoverable,0,False,RUNNING
2.366666666666661,284,S1_APPROACH_AND_PRE_FR_SHIFT,PRELOAD,v010_20260806_220745_363972_manual:S1_APPROACH_AND_PRE_FR_SHIFT:ALTERNATE_PROFILE_3:segments-0-4,0.7749999999999975,0.4,3,-0.012305095791816711,0.010050803422927856,0.08567439019680023,-0.1219690742119515,-0.10418430181494012,0.010399223000868662,FR,2,True,False,recoverable,0,False,RUNNING
2.4333333333333274,292,S1_APPROACH_AND_PRE_FR_SHIFT,PRELOAD,v010_20260806_220745_363972_manual:S1_APPROACH_AND_PRE_FR_SHIFT:ALTERNATE_PROFILE_3:segments-0-4,0.8416666666666639,0.6,4,-0.014230329543352127,0.012741729617118835,0.08211304992437363,-0.15522076599358464,-0.12876534765472844,0.014308429816504308,FR,2,True,False,recoverable,0,False,RUNNING
2.499999999999994,300,S1_APPROACH_AND_PRE_FR_SHIFT,PRELOAD,v010_20260806_220745_363972_manual:S1_APPROACH_AND_PRE_FR_SHIFT:ALTERNATE_PROFILE_3:segments-0-4,0.9083333333333303,0.6,4,-0.01710714027285576,0.016362003982067108,0.07681380957365036,-0.20315853643829693,-0.16333429818271017,0.021284307656748012,FR,2,True,False,recoverable,0,False,RUNNING
2.56666666666666,308,S1_APPROACH_AND_PRE_FR_SHIFT,ADVANCE,v010_20260806_220745_363972_manual:S1_APPROACH_AND_PRE_FR_SHIFT:ALTERNATE_PROFILE_3:segments-0-4,0.9749999999999968,0.8,5,-0.018532171845436096,0.01891952008008957,0.07296989113092422,-0.2385081599349422,-0.1877016884758326,0.02872717388936425,FR,3,True,False,recoverable,0,False,RUNNING
2.6333333333333266,316,S1_APPROACH_AND_PRE_FR_SHIFT,ADVANCE,v010_20260806_220745_363972_manual:S1_APPROACH_AND_PRE_FR_SHIFT:ALTERNATE_PROFILE_3:segments-0-4,1.0416666666666632,0.8,5,-0.017658676952123642,0.01918422430753708,0.07238209992647171,-0.24347417018160566,-0.1912165225939055,0.029687029311185237,FR,3,True,False,recoverable,0,False,RUNNING
2.699999999999993,324,S1_APPROACH_AND_PRE_FR_SHIFT,ADVANCE,v010_20260806_220745_363972_manual:S1_APPROACH_AND_PRE_FR_SHIFT:ALTERNATE_PROFILE_3:segments-0-4,1.1083333333333296,0.8,5,-0.016682107001543045,0.01933255046606064,0.07201346755027771,-0.24633332088055038,-0.19325673002939642,0.03006086158790255,FR,3,True,False,recoverable,0,False,RUNNING
2.7666666666666595,332,S1_APPROACH_AND_PRE_FR_SHIFT,ADVANCE,v010_20260806_220745_363972_manual:S1_APPROACH_AND_PRE_FR_SHIFT:ALTERNATE_PROFILE_3:segments-0-4,1.174999999999996,0.8,5,-0.015722215175628662,0.019429318606853485,0.07174858450889587,-0.24818423620129712,-0.19446546148141686,0.030278769187004978,FR,3,True,False,recoverable,0,False,RUNNING
2.833333333333326,340,S1_APPROACH_AND_PRE_FR_SHIFT,ADVANCE,v010_20260806_220745_363972_manual:S1_APPROACH_AND_PRE_FR_SHIFT:ALTERNATE_PROFILE_3:segments-0-4,1.2416666666666625,0.8,5,-0.014726608991622925,0.019451141357421875,0.07153213769197464,-0.24945725671528632,-0.1952426985347424,0.030363186098569868,FR,3,True,False,recoverable,0,False,RUNNING
2.8999999999999924,348,S1_APPROACH_AND_PRE_FR_SHIFT,ADVANCE,v010_20260806_220745_363972_manual:S1_APPROACH_AND_PRE_FR_SHIFT:ALTERNATE_PROFILE_3:segments-0-4,1.308333333333329,0.8,5,-0.01372310146689415,0.019475683569908142,0.07143546640872955,-0.24938137359437199,-0.19509906205048186,0.030374580191190804,FR,3,True,False,recoverable,0,False,RUNNING
2.966666666666659,356,S1_APPROACH_AND_PRE_FR_SHIFT,ADVANCE,v010_20260806_220745_363972_manual:S1_APPROACH_AND_PRE_FR_SHIFT:ALTERNATE_PROFILE_3:segments-0-4,1.3749999999999953,0.8,5,-0.012912403792142868,0.019428931176662445,0.07149683684110641,-0.24909253419602426,-0.19512621873848748,0.030220765845681757,FR,3,True,False,recoverable,0,False,RUNNING
3.033333333333325,364,S1_APPROACH_AND_PRE_FR_SHIFT,ADVANCE,v010_20260806_220745_363972_manual:S1_APPROACH_AND_PRE_FR_SHIFT:ALTERNATE_PROFILE_3:segments-0-4,1.4416666666666618,0.8,5,-0.012095659971237183,0.019385308027267456,0.07159338146448135,-0.24877901378519754,-0.19528525512729178,0.030070551026851338,FR,3,True,False,recoverable,0,False,RUNNING
3.0999999999999917,372,S1_APPROACH_AND_PRE_FR_SHIFT,ADVANCE,v010_20260806_220745_363972_manual:S1_APPROACH_AND_PRE_FR_SHIFT:ALTERNATE_PROFILE_3:segments-0-4,1.5083333333333282,0.8,5,-0.011238720268011093,0.01933266967535019,0.07168491929769516,-0.2484448194601038,-0.1954327865144685,0.02993369017369202,FR,3,True,False,recoverable,0,False,RUNNING
3.166666666666658,380,S1_APPROACH_AND_PRE_FR_SHIFT,ADVANCE,v010_20260806_220745_363972_manual:S1_APPROACH_AND_PRE_FR_SHIFT:ALTERNATE_PROFILE_3:segments-0-4,1.5749999999999946,0.8,5,-0.010323774069547653,0.01926882565021515,0.07177168130874634,-0.24798974367060092,-0.19561369464505599,0.029789995692688042,FR,3,True,False,recoverable,0,False,RUNNING
3.2333333333333245,388,S1_APPROACH_AND_PRE_FR_SHIFT,ADVANCE,v010_20260806_220745_363972_manual:S1_APPROACH_AND_PRE_FR_SHIFT:ALTERNATE_PROFILE_3:segments-0-4,1.641666666666661,0.8,5,-0.00939783826470375,0.019207701086997986,0.0718560442328453,-0.2476146274068198,-0.19575608851755977,0.029640670979868902,FR,3,True,False,recoverable,0,False,RUNNING
3.299999999999991,396,S1_APPROACH_AND_PRE_FR_SHIFT,ADVANCE,v010_20260806_220745_363972_manual:S1_APPROACH_AND_PRE_FR_SHIFT:ALTERNATE_PROFILE_3:segments-0-4,1.7083333333333275,0.8,5,-0.008555345237255096,0.019161060452461243,0.07193612307310104,-0.24751220420564943,-0.195801688028315,0.02960959747763026,FR,3,True,False,recoverable,0,False,RUNNING
3.3666666666666574,404,S1_APPROACH_AND_PRE_FR_SHIFT,ADVANCE,v010_20260806_220745_363972_manual:S1_APPROACH_AND_PRE_FR_SHIFT:ALTERNATE_PROFILE_3:segments-0-4,1.774999999999994,0.8,5,-0.007676485925912857,0.01912613958120346,0.07200789451599121,-0.2473748533587024,-0.19586353291607783,0.029580704269277554,FR,3,True,False,recoverable,0,False,RUNNING
3.433333333333324,412,S1_APPROACH_AND_PRE_FR_SHIFT,ADVANCE,v010_20260806_220745_363972_manual:S1_APPROACH_AND_PRE_FR_SHIFT:ALTERNATE_PROFILE_3:segments-0-4,1.8416666666666603,0.8,5,-0.006755780428647995,0.019078843295574188,0.07206372171640396,-0.24715235141214642,-0.19591203419983186,0.029491127300910948,FR,3,True,False,recoverable,0,False,RUNNING
3.4999999999999902,420,S1_APPROACH_AND_PRE_FR_SHIFT,ADVANCE,v010_20260806_220745_363972_manual:S1_APPROACH_AND_PRE_FR_SHIFT:ALTERNATE_PROFILE_3:segments-0-4,1.9083333333333268,0.8,5,-0.005799897015094757,0.019020527601242065,0.07210884243249893,-0.2470490261707825,-0.19601968994123656,0.029385180540213503,FR,3,True,False,recoverable,0,False,RUNNING
3.5666666666666567,428,S1_APPROACH_AND_PRE_FR_SHIFT,ADVANCE,v010_20260806_220745_363972_manual:S1_APPROACH_AND_PRE_FR_SHIFT:ALTERNATE_PROFILE_3:segments-0-4,1.9749999999999932,0.8,5,-0.004837140440940857,0.018962807953357697,0.07213142514228821,-0.2469268965503211,-0.1961225115496394,0.0292305964390867,FR,3,True,False,recoverable,0,False,RUNNING
3.633333333333323,436,S1_APPROACH_AND_PRE_FR_SHIFT,ADVANCE,v010_20260806_220745_363972_manual:S1_APPROACH_AND_PRE_FR_SHIFT:ALTERNATE_PROFILE_3:segments-0-4,2.04166666666666,0.8,5,-0.003867410123348236,0.018929407000541687,0.07214414328336716,-0.246644179549097,-0.19619718196014335,0.029089488147229666,FR,3,True,False,recoverable,0,False,RUNNING
3.6999999999999895,444,S1_APPROACH_AND_PRE_FR_SHIFT,ADVANCE,v010_20260806_220745_363972_manual:S1_APPROACH_AND_PRE_FR_SHIFT:ALTERNATE_PROFILE_3:segments-0-4,2.1083333333333263,0.8,5,-0.002871476113796234,0.018889501690864563,0.07211579382419586,-0.2465562980463863,-0.1962758154660323,0.028952621884945195,FR,3,True,False,recoverable,0,False,RUNNING
3.766666666666656,452,S1_APPROACH_AND_PRE_FR_SHIFT,ADVANCE,v010_20260806_220745_363972_manual:S1_APPROACH_AND_PRE_FR_SHIFT:ALTERNATE_PROFILE_3:segments-0-4,2.1749999999999927,0.8,5,-0.0018577203154563904,0.018853016197681427,0.07210028171539307,-0.24627161811035544,-0.19635032515347903,0.028842534666593016,FR,3,True,False,recoverable,0,False,RUNNING
3.8333333333333224,460,S1_APPROACH_AND_PRE_FR_SHIFT,ADVANCE,v010_20260806_220745_363972_manual:S1_APPROACH_AND_PRE_FR_SHIFT:ALTERNATE_PROFILE_3:segments-0-4,2.241666666666659,0.8,5,-0.0008039623498916626,0.018822647631168365,0.07205142080783844,-0.24609992344832496,-0.19638138484092454,0.028798383858102166,FR,3,True,False,recoverable,0,False,RUNNING
3.899999999999989,468,S1_APPROACH_AND_PRE_FR_SHIFT,ADVANCE,v010_20260806_220745_363972_manual:S1_APPROACH_AND_PRE_FR_SHIFT:ALTERNATE_PROFILE_3:segments-0-4,2.3083333333333256,0.8,5,0.0002546943724155426,0.018826887011528015,0.071977898478508,-0.24593751631566294,-0.19646786233265842,0.028911230949734138,FR,3,True,False,recoverable,0,False,RUNNING
3.9666666666666552,476,S1_APPROACH_AND_PRE_FR_SHIFT,ADVANCE,v010_20260806_220745_363972_manual:S1_APPROACH_AND_PRE_FR_SHIFT:ALTERNATE_PROFILE_3:segments-0-4,2.374999999999992,0.8,5,0.0013090968132019043,0.018829308450222015,0.0718802660703659,-0.2457044161478639,-0.1964992352566107,0.02897390420825096,FR,3,True,False,recoverable,0,False,RUNNING
4.0333333333333234,484,S1_APPROACH_AND_PRE_FR_SHIFT,ADVANCE,v010_20260806_220745_363972_manual:S1_APPROACH_AND_PRE_FR_SHIFT:ALTERNATE_PROFILE_3:segments-0-4,2.4416666666666593,0.8,5,0.002152644097805023,0.018866822123527527,0.07182391732931137,-0.24615576067930736,-0.19622006508472464,0.029116339857363845,FR,3,True,False,recoverable,0,False,RUNNING
4.099999999999993,492,S1_APPROACH_AND_PRE_FR_SHIFT,ADVANCE,v010_20260806_220745_363972_manual:S1_APPROACH_AND_PRE_FR_SHIFT:ALTERNATE_PROFILE_3:segments-0-4,2.5083333333333293,0.8,5,0.0030701272189617157,0.018912196159362793,0.0717451199889183,-0.24674671014439642,-0.19604337404906108,0.02926022231485663,FR,3,True,False,recoverable,0,False,RUNNING
4.166666666666663,500,S1_APPROACH_AND_PRE_FR_SHIFT,ADVANCE,v010_20260806_220745_363972_manual:S1_APPROACH_AND_PRE_FR_SHIFT:ALTERNATE_PROFILE_3:segments-0-4,2.5749999999999993,0.8,5,0.004019174724817276,0.018963664770126343,0.07165049016475677,-0.24745122964431368,-0.195905184405138,0.02944517792263822,FR,3,True,False,recoverable,0,False,RUNNING
4.233333333333333,508,S1_APPROACH_AND_PRE_FR_SHIFT,ADVANCE,v010_20260806_220745_363972_manual:S1_APPROACH_AND_PRE_FR_SHIFT:ALTERNATE_PROFILE_3:segments-0-4,2.6416666666666693,0.8,5,0.005015164613723755,0.019007086753845215,0.07152411341667175,-0.24817743431302783,-0.19577508573959979,0.02962538376137227,FR,3,True,False,recoverable,0,False,RUNNING
4.300000000000003,516,S1_APPROACH_AND_PRE_FR_SHIFT,ADVANCE,v010_20260806_220745_363972_manual:S1_APPROACH_AND_PRE_FR_SHIFT:ALTERNATE_PROFILE_3:segments-0-4,2.7083333333333393,0.8,5,0.006022021174430847,0.019041001796722412,0.0713731124997139,-0.2488665952585416,-0.19563137869575115,0.029794651342380313,FR,3,True,False,recoverable,0,False,RUNNING
4.366666666666673,524,S1_APPROACH_AND_PRE_FR_SHIFT,ADVANCE,v010_20260806_220745_363972_manual:S1_APPROACH_AND_PRE_FR_SHIFT:ALTERNATE_PROFILE_3:segments-0-4,2.7750000000000092,0.8,5,0.0070680491626262665,0.019078075885772705,0.07120062410831451,-0.24965147279472932,-0.19551552507875555,0.02997540342289641,FR,3,True,False,recoverable,0,False,RUNNING
4.433333333333343,532,S1_APPROACH_AND_PRE_FR_SHIFT,ADVANCE,v010_20260806_220745_363972_manual:S1_APPROACH_AND_PRE_FR_SHIFT:ALTERNATE_PROFILE_3:segments-0-4,2.841666666666679,0.8,5,0.00785529613494873,0.019111208617687225,0.07123132050037384,-0.25024314851750645,-0.19580380898565033,0.030064339878960934,FR,3,True,False,recoverable,0,False,RUNNING
4.500000000000013,540,S1_APPROACH_AND_PRE_FR_SHIFT,ADVANCE,v010_20260806_220745_363972_manual:S1_APPROACH_AND_PRE_FR_SHIFT:ALTERNATE_PROFILE_3:segments-0-4,2.908333333333349,0.8,5,0.008620407432317734,0.019132062792778015,0.07130138576030731,-0.25076300276948194,-0.19622169442441717,0.030186670181928082,FR,3,True,False,recoverable,0,False,RUNNING
4.566666666666683,548,S1_APPROACH_AND_PRE_FR_SHIFT,ADVANCE,v010_20260806_220745_363972_manual:S1_APPROACH_AND_PRE_FR_SHIFT:ALTERNATE_PROFILE_3:segments-0-4,2.975000000000019,0.8,5,0.009442135691642761,0.019146941602230072,0.0713561400771141,-0.2513438939833161,-0.19672170982364573,0.030304356649436794,FR,3,True,False,recoverable,0,False,RUNNING
4.633333333333353,556,S1_APPROACH_AND_PRE_FR_SHIFT,ADVANCE,v010_20260806_220745_363972_manual:S1_APPROACH_AND_PRE_FR_SHIFT:ALTERNATE_PROFILE_3:segments-0-4,3.041666666666689,0.8,5,0.010294787585735321,0.01916319876909256,0.07140026241540909,-0.2518846678031819,-0.1972345707355361,0.030433616290753328,FR,3,True,False,recoverable,0,False,RUNNING
4.700000000000023,564,S1_APPROACH_AND_PRE_FR_SHIFT,ADVANCE,v010_20260806_220745_363972_manual:S1_APPROACH_AND_PRE_FR_SHIFT:ALTERNATE_PROFILE_3:segments-0-4,3.108333333333359,0.8,5,0.011168396100401878,0.01917671412229538,0.07142845541238785,-0.252501595601619,-0.1977936097565116,0.03059015337542306,FR,3,True,False,recoverable,0,False,RUNNING
4.766666666666693,572,S1_APPROACH_AND_PRE_FR_SHIFT,ADVANCE,v010_20260806_220745_363972_manual:S1_APPROACH_AND_PRE_FR_SHIFT:ALTERNATE_PROFILE_3:segments-0-4,3.175000000000029,0.8,5,0.012007327750325203,0.01912468671798706,0.07151281088590622,-0.2523403592415656,-0.19775551686982323,0.030561791453581316,FR,3,True,False,recoverable,0,False,RUNNING
4.833333333333363,580,S1_APPROACH_AND_PRE_FR_SHIFT,ADVANCE,v010_20260806_220745_363972_manual:S1_APPROACH_AND_PRE_FR_SHIFT:ALTERNATE_PROFILE_3:segments-0-4,3.241666666666699,0.8,5,0.012895140796899796,0.019074663519859314,0.07159130275249481,-0.25218219954661447,-0.19774110052840402,0.030612555993115763,FR,3,True,False,recoverable,0,False,RUNNING
4.900000000000033,588,S1_APPROACH_AND_PRE_FR_SHIFT,ADVANCE,v010_20260806_220745_363972_manual:S1_APPROACH_AND_PRE_FR_SHIFT:ALTERNATE_PROFILE_3:segments-0-4,3.308333333333369,0.8,5,0.013812081888318062,0.019028760492801666,0.0716569647192955,-0.2519724704016062,-0.19773344966522044,0.03054450452543019,FR,3,True,False,recoverable,0,False,RUNNING
4.966666666666703,596,S1_APPROACH_AND_PRE_FR_SHIFT,ADVANCE,v010_20260806_220745_363972_manual:S1_APPROACH_AND_PRE_FR_SHIFT:ALTERNATE_PROFILE_3:segments-0-4,3.375000000000039,0.8,5,0.014732137322425842,0.01898900419473648,0.07169976085424423,-0.25166486943751815,-0.1977042725904828,0.030429882251216744,FR,3,True,False,recoverable,0,False,RUNNING
5.033333333333373,604,S1_APPROACH_AND_PRE_FR_SHIFT,ADVANCE,v010_20260806_220745_363972_manual:S1_APPROACH_AND_PRE_FR_SHIFT:ALTERNATE_PROFILE_3:segments-0-4,3.441666666666709,0.8,5,0.015682540833950043,0.01897641271352768,0.07172660529613495,-0.2515500420764057,-0.19774176943106309,0.030321913908610134,FR,3,True,False,recoverable,0,False,RUNNING
5.100000000000043,612,S1_APPROACH_AND_PRE_FR_SHIFT,ADVANCE,v010_20260806_220745_363972_manual:S1_APPROACH_AND_PRE_FR_SHIFT:ALTERNATE_PROFILE_3:segments-0-4,3.508333333333379,0.8,5,0.016618456691503525,0.019005529582500458,0.07174822688102722,-0.2513683344934046,-0.1976941582315549,0.030312223695442186,FR,3,True,False,recoverable,0,False,RUNNING
5.166666666666713,620,S1_APPROACH_AND_PRE_FR_SHIFT,ADVANCE,v010_20260806_220745_363972_manual:S1_APPROACH_AND_PRE_FR_SHIFT:ALTERNATE_PROFILE_3:segments-0-4,3.575000000000049,0.8,5,0.017567550763487816,0.0190119668841362,0.07174313068389893,-0.2512612618842824,-0.19769592102807293,0.030312959930912778,FR,3,True,False,recoverable,0,False,RUNNING
5.233333333333383,628,S1_APPROACH_AND_PRE_FR_SHIFT,ADVANCE,v010_20260806_220745_363972_manual:S1_APPROACH_AND_PRE_FR_SHIFT:ALTERNATE_PROFILE_3:segments-0-4,3.641666666666719,0.8,5,0.01855861023068428,0.019034750759601593,0.07171418517827988,-0.25109037997690364,-0.1977118354832531,0.030308530235459246,FR,3,True,False,recoverable,0,False,RUNNING
5.300000000000053,636,S1_APPROACH_AND_PRE_FR_SHIFT,ADVANCE,v010_20260806_220745_363972_manual:S1_APPROACH_AND_PRE_FR_SHIFT:ALTERNATE_PROFILE_3:segments-0-4,3.708333333333389,0.8,5,0.019607063382864,0.01903761923313141,0.071663498878479,-0.25093442478846506,-0.19774538434777625,0.030319884239142704,FR,3,True,False,recoverable,0,False,RUNNING
5.366666666666723,644,S1_APPROACH_AND_PRE_FR_SHIFT,ADVANCE,v010_20260806_220745_363972_manual:S1_APPROACH_AND_PRE_FR_SHIFT:ALTERNATE_PROFILE_3:segments-0-4,3.775000000000059,0.8,5,0.02065565064549446,0.019036442041397095,0.07158908247947693,-0.25084605184226283,-0.19778129521546708,0.030321713244047175,FR,3,True,False,recoverable,0,False,RUNNING
5.433333333333393,652,S1_APPROACH_AND_PRE_FR_SHIFT,ADVANCE,v010_20260806_220745_363972_manual:S1_APPROACH_AND_PRE_FR_SHIFT:ALTERNATE_PROFILE_3:segments-0-4,3.841666666666729,0.8,5,0.021709874272346497,0.0190248042345047,0.07148883491754532,-0.2506200394923854,-0.19776367487752355,0.0303188717368398,FR,3,True,False,recoverable,0,False,RUNNING
5.500000000000063,660,S1_APPROACH_AND_PRE_FR_SHIFT,ADVANCE,v010_20260806_220745_363972_manual:S1_APPROACH_AND_PRE_FR_SHIFT:ALTERNATE_PROFILE_3:segments-0-4,3.908333333333399,0.8,5,0.02279280684888363,0.018996402621269226,0.07136019319295883,-0.25046971399331586,-0.19776467186991809,0.03028264295145346,FR,3,True,False,recoverable,0,False,RUNNING
5.566666666666733,668,S1_APPROACH_AND_PRE_FR_SHIFT,ADVANCE,v010_20260806_220745_363972_manual:S1_APPROACH_AND_PRE_FR_SHIFT:ALTERNATE_PROFILE_3:segments-0-4,3.975000000000069,0.8,5,0.023919520899653435,0.01899559050798416,0.07121595740318298,-0.25017326689781677,-0.19776924836146523,0.03034412143323511,FR,3,True,False,recoverable,0,False,RUNNING
5.633333333333403,676,S1_APPROACH_AND_PRE_FR_SHIFT,ADVANCE,v010_20260806_220745_363972_manual:S1_APPROACH_AND_PRE_FR_SHIFT:ALTERNATE_PROFILE_3:segments-0-4,4.041666666666739,0.8,5,0.025011911988258362,0.018926851451396942,0.07109683752059937,-0.24936149068132443,-0.1973084603492755,0.03023972202849325,FR,3,True,False,recoverable,0,False,RUNNING
5.700000000000073,684,S1_APPROACH_AND_PRE_FR_SHIFT,ADVANCE,v010_20260806_220745_363972_manual:S1_APPROACH_AND_PRE_FR_SHIFT:ALTERNATE_PROFILE_3:segments-0-4,4.108333333333409,0.8,5,0.025989869609475136,0.018863841891288757,0.07101079076528549,-0.24886603928153733,-0.19655820596948834,0.03005158139397474,FR,3,True,False,recoverable,0,False,RUNNING
5.766666666666743,692,S1_APPROACH_AND_PRE_FR_SHIFT,ADVANCE,v010_20260806_220745_363972_manual:S1_APPROACH_AND_PRE_FR_SHIFT:ALTERNATE_PROFILE_3:segments-0-4,4.175000000000079,0.8,5,0.026901986449956894,0.018826112151145935,0.07093506306409836,-0.24886267032152998,-0.19575084923335934,0.030001667261908303,FR,3,True,False,recoverable,0,False,RUNNING
5.833333333333413,700,S1_APPROACH_AND_PRE_FR_SHIFT,ADVANCE,v010_20260806_220745_363972_manual:S1_APPROACH_AND_PRE_FR_SHIFT:ALTERNATE_PROFILE_3:segments-0-4,4.241666666666749,0.8,5,0.027637053281068802,0.018797054886817932,0.0710165947675705,-0.24880748029068595,-0.19537027548692992,0.02992541322807863,FR,3,True,False,recoverable,0,False,RUNNING
5.900000000000083,708,S1_APPROACH_AND_PRE_FR_SHIFT,ADVANCE,v010_20260806_220745_363972_manual:S1_APPROACH_AND_PRE_FR_SHIFT:ALTERNATE_PROFILE_3:segments-0-4,4.308333333333419,0.8,5,0.02833104319870472,0.018755652010440826,0.07116192579269409,-0.24860474376038524,-0.19520647160389007,0.029853863970097195,FR,3,True,False,recoverable,0,False,RUNNING
5.966666666666753,716,S1_APPROACH_AND_PRE_FR_SHIFT,ADVANCE,v010_20260806_220745_363972_manual:S1_APPROACH_AND_PRE_FR_SHIFT:ALTERNATE_PROFILE_3:segments-0-4,4.375000000000089,0.8,5,0.029116056859493256,0.018721863627433777,0.0712963193655014,-0.24855938777303452,-0.19516345528383755,0.0297865700843626,FR,3,True,False,recoverable,0,False,RUNNING
6.033333333333423,724,S1_APPROACH_AND_PRE_FR_SHIFT,ADVANCE,v010_20260806_220745_363972_manual:S1_APPROACH_AND_PRE_FR_SHIFT:ALTERNATE_PROFILE_3:segments-0-4,4.441666666666759,0.8,5,0.029942356050014496,0.01868845522403717,0.07142367959022522,-0.24863296589249345,-0.19518742778972212,0.02981964320944957,FR,3,True,False,recoverable,0,False,RUNNING
6.100000000000093,732,S1_APPROACH_AND_PRE_FR_SHIFT,ADVANCE,v010_20260806_220745_363972_manual:S1_APPROACH_AND_PRE_FR_SHIFT:ALTERNATE_PROFILE_3:segments-0-4,4.508333333333429,0.8,5,0.03077045828104019,0.01864265650510788,0.071540467441082,-0.2485533192590642,-0.19519535939886726,0.029809124124164973,FR,3,True,False,recoverable,0,False,RUNNING
6.166666666666763,740,S1_APPROACH_AND_PRE_FR_SHIFT,ADVANCE,v010_20260806_220745_363972_manual:S1_APPROACH_AND_PRE_FR_SHIFT:ALTERNATE_PROFILE_3:segments-0-4,4.575000000000099,0.8,5,0.03163640573620796,0.018597833812236786,0.07164935022592545,-0.2484966527964421,-0.19523325812973857,0.02977168416960337,FR,3,True,False,recoverable,0,False,RUNNING
6.233333333333433,748,S1_APPROACH_AND_PRE_FR_SHIFT,ADVANCE,v010_20260806_220745_363972_manual:S1_APPROACH_AND_PRE_FR_SHIFT:ALTERNATE_PROFILE_3:segments-0-4,4.641666666666769,0.8,5,0.0325208455324173,0.01856251060962677,0.07173837721347809,-0.24858267685321664,-0.19530737333737808,0.02978280908992967,FR,3,True,False,recoverable,0,False,RUNNING
6.300000000000103,756,S1_APPROACH_AND_PRE_FR_SHIFT,ADVANCE,v010_20260806_220745_363972_manual:S1_APPROACH_AND_PRE_FR_SHIFT:ALTERNATE_PROFILE_3:segments-0-4,4.708333333333439,0.8,5,0.03342371806502342,0.018516525626182556,0.07182136923074722,-0.24863796097185137,-0.19537448124161214,0.02977575231542965,FR,3,True,False,recoverable,0,False,RUNNING
6.366666666666773,764,S1_APPROACH_AND_PRE_FR_SHIFT,ADVANCE,v010_20260806_220745_363972_manual:S1_APPROACH_AND_PRE_FR_SHIFT:ALTERNATE_PROFILE_3:segments-0-4,4.775000000000109,0.8,5,0.03432106226682663,0.01846228539943695,0.07187972217798233,-0.24870347275305643,-0.1954430680301986,0.02979156031578682,FR,3,True,False,recoverable,0,False,RUNNING
6.433333333333443,772,S1_APPROACH_AND_PRE_FR_SHIFT,ADVANCE,v010_20260806_220745_363972_manual:S1_APPROACH_AND_PRE_FR_SHIFT:ALTERNATE_PROFILE_3:segments-0-4,4.841666666666779,0.8,5,0.03525654599070549,0.01841377466917038,0.071930892765522,-0.2487356902258583,-0.1955172206263806,0.029752761326608722,FR,3,True,False,recoverable,0,False,RUNNING
6.500000000000113,780,S1_APPROACH_AND_PRE_FR_SHIFT,ADVANCE,v010_20260806_220745_363972_manual:S1_APPROACH_AND_PRE_FR_SHIFT:ALTERNATE_PROFILE_3:segments-0-4,4.908333333333449,0.8,5,0.036221180111169815,0.01837349683046341,0.0719635933637619,-0.2489064308845837,-0.19562972723831357,0.02971525028621553,FR,3,True,False,recoverable,0,False,RUNNING
6.566666666666783,788,S1_APPROACH_AND_PRE_FR_SHIFT,ADVANCE,v010_20260806_220745_363972_manual:S1_APPROACH_AND_PRE_FR_SHIFT:ALTERNATE_PROFILE_3:segments-0-4,4.975000000000119,0.8,5,0.037203382700681686,0.01832650601863861,0.07197684794664383,-0.24898720320214882,-0.1957381637053953,0.029667801031594773,FR,3,True,False,recoverable,0,False,RUNNING
6.633333333333453,796,S1_APPROACH_AND_PRE_FR_SHIFT,ADVANCE,v010_20260806_220745_363972_manual:S1_APPROACH_AND_PRE_FR_SHIFT:ALTERNATE_PROFILE_3:segments-0-4,5.041666666666789,0.8,5,0.03819844499230385,0.018268704414367676,0.07196847349405289,-0.24900486020796955,-0.19584048907721224,0.02960035211985851,FR,3,True,False,recoverable,0,False,RUNNING
6.700000000000123,804,S1_APPROACH_AND_PRE_FR_SHIFT,ADVANCE,v010_20260806_220745_363972_manual:S1_APPROACH_AND_PRE_FR_SHIFT:ALTERNATE_PROFILE_3:segments-0-4,5.108333333333459,0.8,5,0.039204444736242294,0.018223963677883148,0.07193818688392639,-0.24906270375101824,-0.19595582751214752,0.029586869700506606,FR,3,True,False,recoverable,0,False,RUNNING
6.766666666666793,812,S1_APPROACH_AND_PRE_FR_SHIFT,ADVANCE,v010_20260806_220745_363972_manual:S1_APPROACH_AND_PRE_FR_SHIFT:ALTERNATE_PROFILE_3:segments-0-4,5.175000000000129,0.8,5,0.040234338492155075,0.018234796822071075,0.07188765704631805,-0.24917141379792568,-0.19607537508588962,0.02966178972633411,FR,3,True,False,recoverable,0,False,RUNNING
6.833333333333463,820,S1_APPROACH_AND_PRE_FR_SHIFT,ADVANCE,v010_20260806_220745_363972_manual:S1_APPROACH_AND_PRE_FR_SHIFT:ALTERNATE_PROFILE_3:segments-0-4,5.241666666666799,0.8,5,0.04123901575803757,0.01827654242515564,0.07180974632501602,-0.24936863017647098,-0.19615708306261495,0.029715056370005512,FR,3,True,False,recoverable,0,False,RUNNING
6.900000000000133,828,S1_APPROACH_AND_PRE_FR_SHIFT,ADVANCE,v010_20260806_220745_363972_manual:S1_APPROACH_AND_PRE_FR_SHIFT:ALTERNATE_PROFILE_3:segments-0-4,5.308333333333469,0.8,5,0.042275164276361465,0.018304429948329926,0.07171128690242767,-0.24954963797871912,-0.19625200635656967,0.029738963646637476,FR,3,True,False,recoverable,0,False,RUNNING
6.966666666666803,836,S1_APPROACH_AND_PRE_FR_SHIFT,ADVANCE,v010_20260806_220745_363972_manual:S1_APPROACH_AND_PRE_FR_SHIFT:ALTERNATE_PROFILE_3:segments-0-4,5.3750000000001386,0.8,5,0.04335062950849533,0.018309369683265686,0.071586474776268,-0.2497947026797778,-0.19636689420806924,0.029846525505919957,FR,3,True,False,recoverable,0,False,RUNNING
7.033333333333473,844,S1_APPROACH_AND_PRE_FR_SHIFT,ADVANCE,v010_20260806_220745_363972_manual:S1_APPROACH_AND_PRE_FR_SHIFT:ALTERNATE_PROFILE_3:segments-0-4,5.4416666666668085,0.8,5,0.044440995901823044,0.01831679791212082,0.07143788039684296,-0.24985692891294753,-0.19644160477489872,0.029905992802091885,FR,3,True,False,recoverable,0,False,RUNNING
7.100000000000143,852,S1_APPROACH_AND_PRE_FR_SHIFT,ADVANCE,v010_20260806_220745_363972_manual:S1_APPROACH_AND_PRE_FR_SHIFT:ALTERNATE_PROFILE_3:segments-0-4,5.5083333333334785,0.8,5,0.045560792088508606,0.018313094973564148,0.07125192135572433,-0.25003508159907545,-0.1965383651671894,0.029969810099980235,FR,3,True,False,recoverable,0,False,RUNNING
7.166666666666813,860,S1_APPROACH_AND_PRE_FR_SHIFT,ADVANCE,v010_20260806_220745_363972_manual:S1_APPROACH_AND_PRE_FR_SHIFT:ALTERNATE_PROFILE_3:segments-0-4,5.5750000000001485,0.8,5,0.04666115343570709,0.01829567551612854,0.07107491046190262,-0.24982661128485847,-0.19635392697614776,0.0299721037175178,FR,3,True,False,recoverable,0,False,RUNNING
7.233333333333483,868,S1_APPROACH_AND_PRE_FR_SHIFT,ADVANCE,v010_20260806_220745_363972_manual:S1_APPROACH_AND_PRE_FR_SHIFT:ALTERNATE_PROFILE_3:segments-0-4,5.6416666666668185,0.8,5,0.04781327396631241,0.018218234181404114,0.07093045115470886,-0.24898604413809586,-0.19573838621109074,0.029837718234904928,FR,3,True,False,recoverable,0,False,RUNNING
7.300000000000153,876,S1_APPROACH_AND_PRE_FR_SHIFT,ADVANCE,v010_20260806_220745_363972_manual:S1_APPROACH_AND_PRE_FR_SHIFT:ALTERNATE_PROFILE_3:segments-0-4,5.7083333333334885,0.8,5,0.048747267574071884,0.018186338245868683,0.070852130651474,-0.24888307469439613,-0.19501023969817802,0.029744864894796084,FR,3,True,False,recoverable,0,False,RUNNING
7.366666666666823,884,S1_APPROACH_AND_PRE_FR_SHIFT,ADVANCE,v010_20260806_220745_363972_manual:S1_APPROACH_AND_PRE_FR_SHIFT:ALTERNATE_PROFILE_3:segments-0-4,5.7750000000001585,0.8,5,0.04948480799794197,0.018162347376346588,0.07092790305614471,-0.2488590604404385,-0.1946371933206779,0.029695463341363807,FR,3,True,False,recoverable,0,False,RUNNING
7.4333333333334926,892,S1_APPROACH_AND_PRE_FR_SHIFT,ADVANCE,v010_20260806_220745_363972_manual:S1_APPROACH_AND_PRE_FR_SHIFT:ALTERNATE_PROFILE_3:segments-0-4,5.841666666666828,0.8,5,0.050308164209127426,0.01813361793756485,0.07099635899066925,-0.2487977628022539,-0.19439107250047594,0.02960090889201635,FR,3,True,False,recoverable,0,False,RUNNING
7.5000000000001625,900,S1_APPROACH_AND_PRE_FR_SHIFT,ADVANCE,v010_20260806_220745_363972_manual:S1_APPROACH_AND_PRE_FR_SHIFT:ALTERNATE_PROFILE_3:segments-0-4,5.908333333333498,0.8,5,0.051193512976169586,0.018101654946804047,0.07105052471160889,-0.24881786041591444,-0.19418218872744558,0.029556033829490895,FR,3,True,False,recoverable,0,False,RUNNING
7.5666666666668325,908,S1_APPROACH_AND_PRE_FR_SHIFT,ADVANCE,v010_20260806_220745_363972_manual:S1_APPROACH_AND_PRE_FR_SHIFT:ALTERNATE_PROFILE_3:segments-0-4,5.975000000000168,0.8,5,0.05212412774562836,0.018063895404338837,0.07109031826257706,-0.24884773191423246,-0.19401219788442606,0.029548501806699566,FR,3,True,False,recoverable,0,False,RUNNING
7.6333333333335025,916,S1_APPROACH_AND_PRE_FR_SHIFT,ADVANCE,v010_20260806_220745_363972_manual:S1_APPROACH_AND_PRE_FR_SHIFT:ALTERNATE_PROFILE_3:segments-0-4,6.041666666666838,0.8,5,0.053092096000909805,0.018025420606136322,0.07111053913831711,-0.24900677426636023,-0.19387135875803052,0.029561591872176097,FR,3,True,False,recoverable,0,False,RUNNING
7.7000000000001725,924,S1_APPROACH_AND_PRE_FR_SHIFT,ADVANCE,v010_20260806_220745_363972_manual:S1_APPROACH_AND_PRE_FR_SHIFT:ALTERNATE_PROFILE_3:segments-0-4,6.108333333333508,0.8,5,0.05407804250717163,0.017973318696022034,0.07110658288002014,-0.24919051940484058,-0.19374407719053555,0.029609911076319644,FR,3,True,False,recoverable,0,False,RUNNING
7.7666666666668425,932,S1_APPROACH_AND_PRE_FR_SHIFT,ADVANCE,v010_20260806_220745_363972_manual:S1_APPROACH_AND_PRE_FR_SHIFT:ALTERNATE_PROFILE_3:segments-0-4,6.175000000000178,0.8,5,0.055059514939785004,0.017936095595359802,0.07108825445175171,-0.24934481604633565,-0.1935888057743348,0.029569400604750905,FR,3,True,False,recoverable,0,False,RUNNING
7.8333333333335124,940,S1_APPROACH_AND_PRE_FR_SHIFT,ADVANCE,v010_20260806_220745_363972_manual:S1_APPROACH_AND_PRE_FR_SHIFT:ALTERNATE_PROFILE_3:segments-0-4,6.241666666666848,0.8,5,0.05607456713914871,0.01789902150630951,0.07106101512908936,-0.2494383757209128,-0.1934431874452599,0.029478065511883887,FR,3,True,False,recoverable,0,False,RUNNING
7.900000000000182,948,S1_APPROACH_AND_PRE_FR_SHIFT,ADVANCE,v010_20260806_220745_363972_manual:S1_APPROACH_AND_PRE_FR_SHIFT:ALTERNATE_PROFILE_3:segments-0-4,6.308333333333518,0.8,5,0.0569588765501976,0.01784811168909073,0.0712675079703331,-0.2494631395488618,-0.19395154263908437,0.029500395585287463,FR,3,True,False,recoverable,0,False,RUNNING
7.966666666666852,956,S1_APPROACH_AND_PRE_FR_SHIFT,ADVANCE,v010_20260806_220745_363972_manual:S1_APPROACH_AND_PRE_FR_SHIFT:ALTERNATE_PROFILE_3:segments-0-4,6.375000000000188,0.8,5,0.05773148313164711,0.017834819853305817,0.07138543576002121,-0.24947805801045791,-0.19413845707443267,0.029513677335950467,FR,3,True,False,recoverable,0,False,RUNNING
8.033333333333518,964,S1_APPROACH_AND_PRE_FR_SHIFT,ADVANCE,v010_20260806_220745_363972_manual:S1_APPROACH_AND_PRE_FR_SHIFT:ALTERNATE_PROFILE_3:segments-0-4,6.441666666666855,0.8,5,0.058566950261592865,0.017821870744228363,0.0714920163154602,-0.2495096303729129,-0.19441239717736808,0.029570837386361216,FR,3,True,False,recoverable,0,False,RUNNING
8.10000000000018,972,S1_APPROACH_AND_PRE_FR_SHIFT,ADVANCE,v010_20260806_220745_363972_manual:S1_APPROACH_AND_PRE_FR_SHIFT:ALTERNATE_PROFILE_3:segments-0-4,6.508333333333518,0.8,5,0.05943802744150162,0.01780048757791519,0.0715886652469635,-0.2495039245869023,-0.19472884439322366,0.029606464458175597,FR,3,True,False,recoverable,0,False,RUNNING
8.166666666666844,980,S1_APPROACH_AND_PRE_FR_SHIFT,ADVANCE,v010_20260806_220745_363972_manual:S1_APPROACH_AND_PRE_FR_SHIFT:ALTERNATE_PROFILE_3:segments-0-4,6.5750000000001805,0.8,5,0.06034111976623535,0.017786972224712372,0.07165496796369553,-0.24943250647001947,-0.19509488571124284,0.029600656126867037,FR,3,True,False,recoverable,0,False,RUNNING
8.233333333333507,988,S1_APPROACH_AND_PRE_FR_SHIFT,ADVANCE,v010_20260806_220745_363972_manual:S1_APPROACH_AND_PRE_FR_SHIFT:ALTERNATE_PROFILE_3:segments-0-4,6.641666666666843,0.8,5,0.06125171482563019,0.017783895134925842,0.07170750945806503,-0.24940352276901656,-0.19546001377743671,0.029546972095124642,FR,3,True,False,recoverable,0,False,RUNNING
8.30000000000017,996,S1_APPROACH_AND_PRE_FR_SHIFT,ADVANCE,v010_20260806_220745_363972_manual:S1_APPROACH_AND_PRE_FR_SHIFT:ALTERNATE_PROFILE_3:segments-0-4,6.708333333333506,0.8,5,0.06220191717147827,0.017770789563655853,0.07174589484930038,-0.2493627039643344,-0.19586209244487315,0.029471987985928757,FR,3,True,False,recoverable,0,False,RUNNING
8.366666666666832,1004,S1_APPROACH_AND_PRE_FR_SHIFT,ADVANCE,v010_20260806_220745_363972_manual:S1_APPROACH_AND_PRE_FR_SHIFT:ALTERNATE_PROFILE_3:segments-0-4,6.775000000000169,0.8,5,0.06316716223955154,0.017768800258636475,0.07177188992500305,-0.2493072691975736,-0.19625940914129453,0.029418771981234982,FR,3,True,False,recoverable,0,False,RUNNING
8.433333333333495,1012,S1_APPROACH_AND_PRE_FR_SHIFT,ADVANCE,v010_20260806_220745_363972_manual:S1_APPROACH_AND_PRE_FR_SHIFT:ALTERNATE_PROFILE_3:segments-0-4,6.841666666666832,0.8,5,0.06412962079048157,0.017724789679050446,0.07183077931404114,-0.24881060919933773,-0.19629863315914658,0.029262232522208113,FR,3,True,False,recoverable,0,False,RUNNING
8.500000000000158,1020,S1_APPROACH_AND_PRE_FR_SHIFT,ADVANCE,v010_20260806_220745_363972_manual:S1_APPROACH_AND_PRE_FR_SHIFT:ALTERNATE_PROFILE_3:segments-0-4,6.908333333333495,0.8,5,0.06511476635932922,0.017688371241092682,0.07187151908874512,-0.24822998071986094,-0.19630385077076107,0.029074128109703085,FR,3,True,False,recoverable,0,False,RUNNING
8.566666666666821,1028,S1_APPROACH_AND_PRE_FR_SHIFT,ADVANCE,v010_20260806_220745_363972_manual:S1_APPROACH_AND_PRE_FR_SHIFT:ALTERNATE_PROFILE_3:segments-0-4,6.975000000000158,0.8,5,0.06613784283399582,0.01763106882572174,0.07189418375492096,-0.24772134994121003,-0.19633515035719062,0.02893219964210143,FR,3,True,False,recoverable,0,False,RUNNING
8.633333333333484,1036,S1_APPROACH_AND_PRE_FR_SHIFT,ADVANCE,v010_20260806_220745_363972_manual:S1_APPROACH_AND_PRE_FR_SHIFT:ALTERNATE_PROFILE_3:segments-0-4,7.041666666666821,0.8,5,0.06716331839561462,0.017584972083568573,0.0718887522816658,-0.2471675229057683,-0.1963301602565623,0.028789474599248743,FR,3,True,False,recoverable,0,False,RUNNING
8.700000000000147,1044,S1_APPROACH_AND_PRE_FR_SHIFT,ADVANCE,v010_20260806_220745_363972_manual:S1_APPROACH_AND_PRE_FR_SHIFT:ALTERNATE_PROFILE_3:segments-0-4,7.1083333333334835,0.8,5,0.0682092159986496,0.017559953033924103,0.0718754455447197,-0.24665510439869087,-0.19637780930205723,0.02876777587340884,FR,3,True,False,recoverable,0,False,RUNNING
8.76666666666681,1052,S1_APPROACH_AND_PRE_FR_SHIFT,ADVANCE,v010_20260806_220745_363972_manual:S1_APPROACH_AND_PRE_FR_SHIFT:ALTERNATE_PROFILE_3:segments-0-4,7.175000000000146,0.8,5,0.06922565400600433,0.01754620671272278,0.07183574885129929,-0.24602138875287036,-0.1963539433401443,0.02882526247796765,FR,3,True,False,recoverable,0,False,RUNNING
8.833333333333472,1060,S1_APPROACH_AND_PRE_FR_SHIFT,ADVANCE,v010_20260806_220745_363972_manual:S1_APPROACH_AND_PRE_FR_SHIFT:ALTERNATE_PROFILE_3:segments-0-4,7.241666666666809,0.8,5,0.0701192170381546,0.017551593482494354,0.07181689888238907,-0.24593144308801412,-0.1961800445383644,0.02885091440794089,FR,3,True,False,recoverable,0,False,RUNNING
8.900000000000135,1068,S1_APPROACH_AND_PRE_FR_SHIFT,ADVANCE,v010_20260806_220745_363972_manual:S1_APPROACH_AND_PRE_FR_SHIFT:ALTERNATE_PROFILE_3:segments-0-4,7.308333333333472,0.8,5,0.07098353654146194,0.017572909593582153,0.07180020213127136,-0.2461791724858281,-0.195940000851299,0.028904586584959237,FR,3,True,False,recoverable,0,False,RUNNING
8.966666666666798,1076,S1_APPROACH_AND_PRE_FR_SHIFT,ADVANCE,v010_20260806_220745_363972_manual:S1_APPROACH_AND_PRE_FR_SHIFT:ALTERNATE_PROFILE_3:segments-0-4,7.375000000000135,0.8,5,0.07190863788127899,0.017616435885429382,0.0717633068561554,-0.24659753073756435,-0.19579387395981315,0.029001356329062578,FR,3,True,False,recoverable,0,False,RUNNING
9.033333333333461,1084,S1_APPROACH_AND_PRE_FR_SHIFT,ADVANCE,v010_20260806_220745_363972_manual:S1_APPROACH_AND_PRE_FR_SHIFT:ALTERNATE_PROFILE_3:segments-0-4,7.441666666666798,0.8,5,0.07288773357868195,0.01765073835849762,0.07170142233371735,-0.24697509706691984,-0.19564790305834848,0.02909340337636089,FR,3,True,False,recoverable,0,False,RUNNING
9.100000000000124,1092,S1_APPROACH_AND_PRE_FR_SHIFT,ADVANCE,v010_20260806_220745_363972_manual:S1_APPROACH_AND_PRE_FR_SHIFT:ALTERNATE_PROFILE_3:segments-0-4,7.508333333333461,0.8,5,0.07387363910675049,0.01766766607761383,0.07161787897348404,-0.24738548490320336,-0.19549962518901498,0.02921142834944421,FR,3,True,False,recoverable,0,False,RUNNING
9.166666666666787,1100,S1_APPROACH_AND_PRE_FR_SHIFT,ADVANCE,v010_20260806_220745_363972_manual:S1_APPROACH_AND_PRE_FR_SHIFT:ALTERNATE_PROFILE_3:segments-0-4,7.575000000000124,0.8,5,0.07489214837551117,0.01768989861011505,0.07150570303201675,-0.24779170159306863,-0.19533569021872266,0.029312806210234115,FR,3,True,False,recoverable,0,False,RUNNING
9.23333333333345,1108,S1_APPROACH_AND_PRE_FR_SHIFT,ADVANCE,v010_20260806_220745_363972_manual:S1_APPROACH_AND_PRE_FR_SHIFT:ALTERNATE_PROFILE_3:segments-0-4,7.6416666666667865,0.8,5,0.07594761997461319,0.017701350152492523,0.07136841118335724,-0.24823065658130178,-0.1951845164522452,0.029459305102917947,FR,3,True,False,recoverable,0,False,RUNNING
9.300000000000113,1116,S1_APPROACH_AND_PRE_FR_SHIFT,ADVANCE,v010_20260806_220745_363972_manual:S1_APPROACH_AND_PRE_FR_SHIFT:ALTERNATE_PROFILE_3:segments-0-4,7.708333333333449,0.8,5,0.07702314853668213,0.01771831512451172,0.07120373845100403,-0.2486942014470828,-0.1950435854348862,0.029548791942996425,FR,3,True,False,recoverable,0,False,RUNNING
9.366666666666775,1124,S1_APPROACH_AND_PRE_FR_SHIFT,ADVANCE,v010_20260806_220745_363972_manual:S1_APPROACH_AND_PRE_FR_SHIFT:ALTERNATE_PROFILE_3:segments-0-4,7.775000000000112,0.8,5,0.0778619647026062,0.017719373106956482,0.07122130692005157,-0.24901276641090528,-0.1952538032353856,0.02963646909789899,FR,3,True,False,recoverable,0,False,RUNNING
9.433333333333438,1132,S1_APPROACH_AND_PRE_FR_SHIFT,ADVANCE,v010_20260806_220745_363972_manual:S1_APPROACH_AND_PRE_FR_SHIFT:ALTERNATE_PROFILE_3:segments-0-4,7.841666666666775,0.8,5,0.0786571130156517,0.01772010326385498,0.07129804790019989,-0.24921423363569567,-0.19562555329263215,0.02963461078473998,FR,3,True,False,recoverable,0,False,RUNNING
9.500000000000101,1140,S1_APPROACH_AND_PRE_FR_SHIFT,ADVANCE,v010_20260806_220745_363972_manual:S1_APPROACH_AND_PRE_FR_SHIFT:ALTERNATE_PROFILE_3:segments-0-4,7.908333333333438,0.8,5,0.0795043408870697,0.017717823386192322,0.07136285305023193,-0.24951016600126608,-0.196070306337256,0.029694083770905016,FR,3,True,False,recoverable,0,False,RUNNING
9.566666666666764,1148,S1_APPROACH_AND_PRE_FR_SHIFT,ADVANCE,v010_20260806_220745_363972_manual:S1_APPROACH_AND_PRE_FR_SHIFT:ALTERNATE_PROFILE_3:segments-0-4,7.975000000000101,0.8,5,0.08038897812366486,0.017710916697978973,0.07140801846981049,-0.24980544080838732,-0.19657511256734217,0.029780038656257522,FR,3,True,False,recoverable,0,False,RUNNING
9.633333333333427,1156,S1_APPROACH_AND_PRE_FR_SHIFT,ADVANCE,v010_20260806_220745_363972_manual:S1_APPROACH_AND_PRE_FR_SHIFT:ALTERNATE_PROFILE_3:segments-0-4,8.041666666666764,0.8,5,0.08123602718114853,0.017679579555988312,0.07149656116962433,-0.2493526481006887,-0.1965490697601581,0.029692844134587965,FR,3,True,False,recoverable,0,False,RUNNING
9.70000000000009,1164,S1_APPROACH_AND_PRE_FR_SHIFT,ADVANCE,v010_20260806_220745_363972_manual:S1_APPROACH_AND_PRE_FR_SHIFT:ALTERNATE_PROFILE_3:segments-0-4,8.108333333333427,0.8,5,0.08210664987564087,0.017633363604545593,0.07157283276319504,-0.24884578087705891,-0.19648439211097737,0.029482800560152615,FR,3,True,False,recoverable,0,False,RUNNING
9.766666666666753,1172,S1_APPROACH_AND_PRE_FR_SHIFT,ADVANCE,v010_20260806_220745_363972_manual:S1_APPROACH_AND_PRE_FR_SHIFT:ALTERNATE_PROFILE_3:segments-0-4,8.17500000000009,0.8,5,0.08303467184305191,0.017596282064914703,0.07164430618286133,-0.24830555276366992,-0.19646383460612332,0.02931396295541405,FR,3,True,False,recoverable,0,False,RUNNING
9.833333333333416,1180,S1_APPROACH_AND_PRE_FR_SHIFT,ADVANCE,v010_20260806_220745_363972_manual:S1_APPROACH_AND_PRE_FR_SHIFT:ALTERNATE_PROFILE_3:segments-0-4,8.241666666666752,0.8,5,0.08398495614528656,0.017552964389324188,0.07171141356229782,-0.24789028004533092,-0.19645371603136064,0.029153664199347007,FR,3,True,False,recoverable,0,False,RUNNING
9.900000000000079,1188,S1_APPROACH_AND_PRE_FR_SHIFT,ADVANCE,v010_20260806_220745_363972_manual:S1_APPROACH_AND_PRE_FR_SHIFT:ALTERNATE_PROFILE_3:segments-0-4,8.308333333333415,0.8,5,0.0848814994096756,0.01751842349767685,0.07177547365427017,-0.2476534181414309,-0.1963692225045393,0.028996355768572037,FR,3,True,False,recoverable,0,False,RUNNING
9.966666666666741,1196,S1_APPROACH_AND_PRE_FR_SHIFT,ADVANCE,v010_20260806_220745_363972_manual:S1_APPROACH_AND_PRE_FR_SHIFT:ALTERNATE_PROFILE_3:segments-0-4,8.375000000000078,0.8,5,0.08580285310745239,0.01747773587703705,0.07182002067565918,-0.2474465708833935,-0.19629303910770546,0.028852458509566376,FR,3,True,False,recoverable,0,False,RUNNING
10.033333333333404,1204,S1_APPROACH_AND_PRE_FR_SHIFT,ADVANCE,v010_20260806_220745_363972_manual:S1_APPROACH_AND_PRE_FR_SHIFT:ALTERNATE_PROFILE_3:segments-0-4,8.441666666666741,0.8,5,0.0867626816034317,0.017454661428928375,0.07184471935033798,-0.24722694961089567,-0.196207377901974,0.028786858515612464,FR,3,True,False,recoverable,0,False,RUNNING
10.100000000000067,1212,S1_APPROACH_AND_PRE_FR_SHIFT,ADVANCE,v010_20260806_220745_363972_manual:S1_APPROACH_AND_PRE_FR_SHIFT:ALTERNATE_PROFILE_3:segments-0-4,8.508333333333404,0.8,5,0.08776558190584183,0.01743149757385254,0.07185161113739014,-0.24697021096550448,-0.19614976620240435,0.0287328230820056,FR,3,True,False,recoverable,0,False,RUNNING
10.16666666666673,1220,S1_APPROACH_AND_PRE_FR_SHIFT,ADVANCE,v010_20260806_220745_363972_manual:S1_APPROACH_AND_PRE_FR_SHIFT:ALTERNATE_PROFILE_3:segments-0-4,8.575000000000067,0.8,5,0.08879296481609344,0.01740516722202301,0.07183640450239182,-0.24672753414179419,-0.19608976220294372,0.02867778633206748,FR,3,True,False,recoverable,0,False,RUNNING
10.233333333333393,1228,S1_APPROACH_AND_PRE_FR_SHIFT,ADVANCE,v010_20260806_220745_363972_manual:S1_APPROACH_AND_PRE_FR_SHIFT:ALTERNATE_PROFILE_3:segments-0-4,8.64166666666673,0.8,5,0.08983743190765381,0.01737162470817566,0.07179716229438782,-0.2464921526278787,-0.19601895914089038,0.02862833085674222,FR,3,True,False,recoverable,0,False,RUNNING
10.300000000000056,1236,S1_APPROACH_AND_PRE_FR_SHIFT,ADVANCE,v010_20260806_220745_363972_manual:S1_APPROACH_AND_PRE_FR_SHIFT:ALTERNATE_PROFILE_3:segments-0-4,8.708333333333393,0.8,5,0.09090620279312134,0.017335757613182068,0.0717318058013916,-0.24630688168452378,-0.19596183682187768,0.02858946242462073,FR,3,True,False,recoverable,0,False,RUNNING
10.366666666666719,1244,S1_APPROACH_AND_PRE_FR_SHIFT,ADVANCE,v010_20260806_220745_363972_manual:S1_APPROACH_AND_PRE_FR_SHIFT:ALTERNATE_PROFILE_3:segments-0-4,8.775000000000055,0.8,5,0.09198274463415146,0.017291277647018433,0.07164337486028671,-0.24611510971704734,-0.19587798346079224,0.0285578129584412,FR,3,True,False,recoverable,0,False,RUNNING
10.433333333333382,1252,S1_APPROACH_AND_PRE_FR_SHIFT,ADVANCE,v010_20260806_220745_363972_manual:S1_APPROACH_AND_PRE_FR_SHIFT:ALTERNATE_PROFILE_3:segments-0-4,8.841666666666718,0.8,5,0.09308381378650665,0.017240256071090698,0.07152893394231796,-0.24591084647763445,-0.19581763414070588,0.028530810916275358,FR,3,True,False,recoverable,0,False,RUNNING
10.500000000000044,1260,S1_APPROACH_AND_PRE_FR_SHIFT,ADVANCE,v010_20260806_220745_363972_manual:S1_APPROACH_AND_PRE_FR_SHIFT:ALTERNATE_PROFILE_3:segments-0-4,8.908333333333381,0.8,5,0.09404532611370087,0.017233476042747498,0.0714399591088295,-0.24605234290284012,-0.19556334336613163,0.028405618857264107,FR,3,True,False,recoverable,0,False,RUNNING
10.566666666666707,1268,S1_APPROACH_AND_PRE_FR_SHIFT,ADVANCE,v010_20260806_220745_363972_manual:S1_APPROACH_AND_PRE_FR_SHIFT:ALTERNATE_PROFILE_3:segments-0-4,8.975000000000044,0.8,5,0.09476655721664429,0.017250053584575653,0.07149380445480347,-0.24639410887769472,-0.19549429381892938,0.028305552174731605,FR,3,True,False,recoverable,0,False,RUNNING
10.63333333333337,1276,S1_APPROACH_AND_PRE_FR_SHIFT,ADVANCE,v010_20260806_220745_363972_manual:S1_APPROACH_AND_PRE_FR_SHIFT:ALTERNATE_PROFILE_3:segments-0-4,9.041666666666707,0.8,5,0.0955333262681961,0.017263785004615784,0.07156170159578323,-0.24682781580763694,-0.19561976738967318,0.028233968621858754,FR,3,True,False,recoverable,0,False,RUNNING
10.700000000000033,1284,S1_APPROACH_AND_PRE_FR_SHIFT,ADVANCE,v010_20260806_220745_363972_manual:S1_APPROACH_AND_PRE_FR_SHIFT:ALTERNATE_PROFILE_3:segments-0-4,9.10833333333337,0.8,5,0.09635736048221588,0.01727738231420517,0.07162019610404968,-0.24721951996483554,-0.19578062387775877,0.02817163442202729,FR,3,True,False,recoverable,0,False,RUNNING
10.766666666666696,1292,S1_APPROACH_AND_PRE_FR_SHIFT,ADVANCE,v010_20260806_220745_363972_manual:S1_APPROACH_AND_PRE_FR_SHIFT:ALTERNATE_PROFILE_3:segments-0-4,9.175000000000033,0.8,5,0.097234345972538,0.017299935221672058,0.07166160643100739,-0.2477918407935912,-0.19602173350526333,0.02816493284732983,FR,3,True,False,recoverable,0,False,RUNNING
10.833333333333359,1300,S1_APPROACH_AND_PRE_FR_SHIFT,ADVANCE,v010_20260806_220745_363972_manual:S1_APPROACH_AND_PRE_FR_SHIFT:ALTERNATE_PROFILE_3:segments-0-4,9.241666666666696,0.8,5,0.09814347326755524,0.017320916056632996,0.07169532030820847,-0.24838369053780432,-0.1962822569612695,0.028157506298382134,FR,3,True,False,recoverable,0,False,RUNNING
10.900000000000022,1308,S1_APPROACH_AND_PRE_FR_SHIFT,ADVANCE,v010_20260806_220745_363972_manual:S1_APPROACH_AND_PRE_FR_SHIFT:ALTERNATE_PROFILE_3:segments-0-4,9.308333333333358,0.8,5,0.0990772694349289,0.017330490052700043,0.07171409577131271,-0.24892204951114266,-0.19654871633005822,0.02815092746075509,FR,3,True,False,recoverable,0,False,RUNNING
10.966666666666685,1316,S1_APPROACH_AND_PRE_FR_SHIFT,ADVANCE,v010_20260806_220745_363972_manual:S1_APPROACH_AND_PRE_FR_SHIFT:ALTERNATE_PROFILE_3:segments-0-4,9.375000000000021,0.8,5,0.09999552369117737,0.017315559089183807,0.07173679769039154,-0.24915857473580735,-0.19660194822062008,0.028059200561739855,FR,3,True,False,recoverable,0,False,RUNNING
11.033333333333347,1324,S1_APPROACH_AND_PRE_FR_SHIFT,ADVANCE,v010_20260806_220745_363972_manual:S1_APPROACH_AND_PRE_FR_SHIFT:ALTERNATE_PROFILE_3:segments-0-4,9.441666666666684,0.8,5,0.10094472765922546,0.01727457344532013,0.07178691774606705,-0.24903518944529865,-0.19637880913572553,0.02789920917264062,FR,3,True,False,recoverable,0,False,RUNNING
11.10000000000001,1332,S1_APPROACH_AND_PRE_FR_SHIFT,ADVANCE,v010_20260806_220745_363972_manual:S1_APPROACH_AND_PRE_FR_SHIFT:ALTERNATE_PROFILE_3:segments-0-4,9.508333333333347,0.8,5,0.10191985964775085,0.01726381480693817,0.07181563973426819,-0.2490688021690445,-0.19618883152349217,0.027868209607024078,FR,3,True,False,recoverable,0,False,RUNNING
11.166666666666673,1340,S1_APPROACH_AND_PRE_FR_SHIFT,ADVANCE,v010_20260806_220745_363972_manual:S1_APPROACH_AND_PRE_FR_SHIFT:ALTERNATE_PROFILE_3:segments-0-4,9.57500000000001,0.8,5,0.10291905701160431,0.017256304621696472,0.0718250572681427,-0.2490835591838648,-0.1959926395485409,0.027906202132168913,FR,3,True,False,recoverable,0,False,RUNNING
11.233333333333336,1348,S1_APPROACH_AND_PRE_FR_SHIFT,ADVANCE,v010_20260806_220745_363972_manual:S1_APPROACH_AND_PRE_FR_SHIFT:ALTERNATE_PROFILE_3:segments-0-4,9.641666666666673,0.8,5,0.1039358377456665,0.017254531383514404,0.07181951403617859,-0.2491631946566693,-0.1957905698769605,0.027916724597353577,FR,3,True,False,recoverable,0,False,RUNNING
11.299999999999999,1356,S1_APPROACH_AND_PRE_FR_SHIFT,ADVANCE,v010_20260806_220745_363972_manual:S1_APPROACH_AND_PRE_FR_SHIFT:ALTERNATE_PROFILE_3:segments-0-4,9.708333333333336,0.8,5,0.10497608780860901,0.01723349094390869,0.07178672403097153,-0.24915124894222757,-0.1955943539298128,0.027905465177523785,FR,3,True,False,recoverable,0,False,RUNNING
11.366666666666662,1364,S1_APPROACH_AND_PRE_FR_SHIFT,ADVANCE,v010_20260806_220745_363972_manual:S1_APPROACH_AND_PRE_FR_SHIFT:ALTERNATE_PROFILE_3:segments-0-4,9.774999999999999,0.8,5,0.10602372884750366,0.017219647765159607,0.0717281848192215,-0.24915066091223206,-0.1953688456662319,0.027936626857478962,FR,3,True,False,recoverable,0,False,RUNNING
11.433333333333325,1372,S1_APPROACH_AND_PRE_FR_SHIFT,ADVANCE,v010_20260806_220745_363972_manual:S1_APPROACH_AND_PRE_FR_SHIFT:ALTERNATE_PROFILE_3:segments-0-4,9.841666666666661,0.8,5,0.10709170997142792,0.017195135354995728,0.07165665179491043,-0.24913274122634632,-0.19513480814522619,0.027941837194327232,FR,3,True,False,recoverable,0,False,RUNNING
11.499999999999988,1380,S1_APPROACH_AND_PRE_FR_SHIFT,ADVANCE,v010_20260806_220745_363972_manual:S1_APPROACH_AND_PRE_FR_SHIFT:ALTERNATE_PROFILE_3:segments-0-4,9.908333333333324,0.8,5,0.10818994045257568,0.017159610986709595,0.07155614346265793,-0.24912772777041892,-0.19491310109595747,0.027942199120255477,FR,3,True,False,recoverable,0,False,RUNNING
11.56666666666665,1388,S1_APPROACH_AND_PRE_FR_SHIFT,ADVANCE,v010_20260806_220745_363972_manual:S1_APPROACH_AND_PRE_FR_SHIFT:ALTERNATE_PROFILE_3:segments-0-4,9.974999999999987,0.8,5,0.10929200053215027,0.017149828374385834,0.07142207026481628,-0.24911871179916467,-0.19468406982649783,0.027845567929313808,FR,3,True,False,recoverable,0,False,RUNNING
11.633333333333313,1396,S1_APPROACH_AND_PRE_FR_SHIFT,ADVANCE,v010_20260806_220745_363972_manual:S1_APPROACH_AND_PRE_FR_SHIFT:ALTERNATE_PROFILE_3:segments-0-4,10.04166666666665,0.8,5,0.11012205481529236,0.017140820622444153,0.07148851454257965,-0.2489426158290461,-0.19483437129219025,0.027703260559575924,FR,3,True,False,recoverable,0,False,RUNNING
11.699999999999976,1404,S1_APPROACH_AND_PRE_FR_SHIFT,ADVANCE,v010_20260806_220745_363972_manual:S1_APPROACH_AND_PRE_FR_SHIFT:ALTERNATE_PROFILE_3:segments-0-4,10.108333333333313,0.8,5,0.11100475490093231,0.017133235931396484,0.07155823707580566,-0.24884434710485176,-0.19511883857726792,0.027572514045556266,FR,3,True,False,recoverable,0,False,RUNNING
11.766666666666639,1412,S1_APPROACH_AND_PRE_FR_SHIFT,ADVANCE,v010_20260806_220745_363972_manual:S1_APPROACH_AND_PRE_FR_SHIFT:ALTERNATE_PROFILE_3:segments-0-4,10.174999999999976,0.8,5,0.11194100975990295,0.017110638320446014,0.07161842286586761,-0.24861720194347472,-0.19542877144138598,0.027418803731104214,FR,3,True,False,recoverable,0,False,RUNNING
11.833333333333302,1420,S1_APPROACH_AND_PRE_FR_SHIFT,ADVANCE,v010_20260806_220745_363972_manual:S1_APPROACH_AND_PRE_FR_SHIFT:ALTERNATE_PROFILE_3:segments-0-4,10.241666666666639,0.8,5,0.11290694773197174,0.017089739441871643,0.0716608315706253,-0.2484180198269189,-0.19577986352676605,0.027271584382451967,FR,3,True,False,recoverable,0,False,RUNNING
11.899999999999965,1428,S1_APPROACH_AND_PRE_FR_SHIFT,ADVANCE,v010_20260806_220745_363972_manual:S1_APPROACH_AND_PRE_FR_SHIFT:ALTERNATE_PROFILE_3:segments-0-4,10.308333333333302,0.8,5,0.11388032138347626,0.017066173255443573,0.07168503105640411,-0.2482962431893824,-0.19614200508014848,0.027144178764183974,FR,3,True,False,recoverable,0,False,RUNNING
11.966666666666628,1436,S1_APPROACH_AND_PRE_FR_SHIFT,ADVANCE,v010_20260806_220745_363972_manual:S1_APPROACH_AND_PRE_FR_SHIFT:ALTERNATE_PROFILE_3:segments-0-4,10.374999999999964,0.8,5,0.11489464342594147,0.01703469455242157,0.07169023156166077,-0.24811713350969375,-0.19653674019187586,0.026988199476359897,FR,3,True,False,recoverable,0,False,RUNNING
12.03333333333329,1444,S1_APPROACH_AND_PRE_FR_SHIFT,ADVANCE,v010_20260806_220745_363972_manual:S1_APPROACH_AND_PRE_FR_SHIFT:ALTERNATE_PROFILE_3:segments-0-4,10.441666666666627,0.8,5,0.11590549349784851,0.01699424535036087,0.07167290896177292,-0.24796492788350763,-0.1968998857500598,0.026828395546211994,FR,3,True,False,recoverable,0,False,RUNNING
12.099999999999953,1452,S1_APPROACH_AND_PRE_FR_SHIFT,ADVANCE,v010_20260806_220745_363972_manual:S1_APPROACH_AND_PRE_FR_SHIFT:ALTERNATE_PROFILE_3:segments-0-4,10.50833333333329,0.8,5,0.11694374680519104,0.01696200668811798,0.07162803411483765,-0.24782782421715785,-0.1972834970636629,0.02671713318899909,FR,3,True,False,recoverable,0,False,RUNNING
12.166666666666616,1460,S1_APPROACH_AND_PRE_FR_SHIFT,ADVANCE,v010_20260806_220745_363972_manual:S1_APPROACH_AND_PRE_FR_SHIFT:ALTERNATE_PROFILE_3:segments-0-4,10.574999999999953,0.8,5,0.11795075982809067,0.01693112403154373,0.07158461213111877,-0.24783023472888013,-0.19758979808740296,0.026616939599176465,FR,3,True,False,recoverable,0,False,RUNNING
12.23333333333328,1468,S1_APPROACH_AND_PRE_FR_SHIFT,ADVANCE,v010_20260806_220745_363972_manual:S1_APPROACH_AND_PRE_FR_SHIFT:ALTERNATE_PROFILE_3:segments-0-4,10.641666666666616,0.8,5,0.11878584325313568,0.016915641725063324,0.07156585901975632,-0.24840988656195642,-0.19766890363471395,0.026561806815223316,FR,3,True,False,recoverable,0,False,RUNNING
12.299999999999942,1476,S1_APPROACH_AND_PRE_FR_SHIFT,ADVANCE,v010_20260806_220745_363972_manual:S1_APPROACH_AND_PRE_FR_SHIFT:ALTERNATE_PROFILE_3:segments-0-4,10.708333333333279,0.8,5,0.11969652771949768,0.016902297735214233,0.0715293362736702,-0.24904110886262737,-0.19783655623819688,0.026539219970156316,FR,3,True,False,recoverable,0,False,RUNNING
12.366666666666605,1484,S1_APPROACH_AND_PRE_FR_SHIFT,ADVANCE,v010_20260806_220745_363972_manual:S1_APPROACH_AND_PRE_FR_SHIFT:ALTERNATE_PROFILE_3:segments-0-4,10.774999999999942,0.8,5,0.12060931324958801,0.0168604776263237,0.07150710374116898,-0.24933900636698425,-0.19774375783441805,0.02649907016020716,FR,3,True,False,recoverable,0,False,RUNNING
12.433333333333268,1492,S1_APPROACH_AND_PRE_FR_SHIFT,ADVANCE,v010_20260806_220745_363972_manual:S1_APPROACH_AND_PRE_FR_SHIFT:ALTERNATE_PROFILE_3:segments-0-4,10.841666666666605,0.8,5,0.12157842516899109,0.01685776561498642,0.07148981094360352,-0.24949336115041504,-0.19755143513728363,0.02656178873537375,FR,3,True,False,recoverable,0,False,RUNNING
12.49999999999993,1500,S1_APPROACH_AND_PRE_FR_SHIFT,ADVANCE,v010_20260806_220745_363972_manual:S1_APPROACH_AND_PRE_FR_SHIFT:ALTERNATE_PROFILE_3:segments-0-4,10.908333333333267,0.8,5,0.12257450819015503,0.016854509711265564,0.07145041972398758,-0.24962924601823266,-0.19735808796861984,0.02662165280349083,FR,3,True,False,recoverable,0,False,RUNNING
12.566666666666594,1508,S1_APPROACH_AND_PRE_FR_SHIFT,ADVANCE,v010_20260806_220745_363972_manual:S1_APPROACH_AND_PRE_FR_SHIFT:ALTERNATE_PROFILE_3:segments-0-4,10.97499999999993,0.8,5,0.12358634173870087,0.01683967560529709,0.07138767093420029,-0.2498599221753779,-0.19716889330634585,0.026706957449964448,FR,3,True,False,recoverable,0,False,RUNNING
12.633333333333256,1516,S1_APPROACH_AND_PRE_FR_SHIFT,ADVANCE,v010_20260806_220745_363972_manual:S1_APPROACH_AND_PRE_FR_SHIFT:ALTERNATE_PROFILE_3:segments-0-4,11.041666666666593,0.8,5,0.12463957071304321,0.01682678610086441,0.07129643112421036,-0.2500682584955708,-0.1969931089610235,0.026798246886163123,FR,3,True,False,recoverable,0,False,RUNNING
12.69999999999992,1524,S1_APPROACH_AND_PRE_FR_SHIFT,ADVANCE,v010_20260806_220745_363972_manual:S1_APPROACH_AND_PRE_FR_SHIFT:ALTERNATE_PROFILE_3:segments-0-4,11.108333333333256,0.8,5,0.12568186223506927,0.016800329089164734,0.07117817550897598,-0.2503210287713928,-0.19679967523607061,0.026880457726973016,FR,3,True,False,recoverable,0,False,RUNNING
12.766666666666582,1532,S1_APPROACH_AND_PRE_FR_SHIFT,ADVANCE,v010_20260806_220745_363972_manual:S1_APPROACH_AND_PRE_FR_SHIFT:ALTERNATE_PROFILE_3:segments-0-4,11.174999999999919,0.8,5,0.12675124406814575,0.016774415969848633,0.07104035466909409,-0.250513922106309,-0.19658446214515515,0.02695327282490949,FR,3,True,False,recoverable,0,False,RUNNING
12.833333333333245,1540,S1_APPROACH_AND_PRE_FR_SHIFT,ADVANCE,v010_20260806_220745_363972_manual:S1_APPROACH_AND_PRE_FR_SHIFT:ALTERNATE_PROFILE_3:segments-0-4,11.241666666666582,0.8,5,0.12784622609615326,0.016787394881248474,0.070876345038414,-0.25070373657979217,-0.1963964072504731,0.026874560519816407,FR,3,True,False,recoverable,0,False,RUNNING
12.899999999999908,1548,S1_APPROACH_AND_PRE_FR_SHIFT,ADVANCE,v010_20260806_220745_363972_manual:S1_APPROACH_AND_PRE_FR_SHIFT:ALTERNATE_PROFILE_3:segments-0-4,11.308333333333245,0.8,5,0.1286100149154663,0.01676885038614273,0.07096416503190994,-0.2502505653787731,-0.19622636621976391,0.026680680885183532,FR,3,True,False,recoverable,0,False,RUNNING
12.96666666666657,1556,S1_APPROACH_AND_PRE_FR_SHIFT,ADVANCE,v010_20260806_220745_363972_manual:S1_APPROACH_AND_PRE_FR_SHIFT:ALTERNATE_PROFILE_3:segments-0-4,11.374999999999908,0.8,5,0.12938709557056427,0.016727745532989502,0.07109955698251724,-0.2497195827011512,-0.19613710756530295,0.026478821198396205,FR,3,True,False,recoverable,0,False,RUNNING
13.033333333333234,1564,S1_APPROACH_AND_PRE_FR_SHIFT,ADVANCE,v010_20260806_220745_363972_manual:S1_APPROACH_AND_PRE_FR_SHIFT:ALTERNATE_PROFILE_3:segments-0-4,11.44166666666657,0.8,5,0.13025900721549988,0.016692832112312317,0.07123275846242905,-0.2491823780079707,-0.19613856842257815,0.02629089867064946,FR,3,True,False,recoverable,0,False,RUNNING
13.099999999999897,1572,S1_APPROACH_AND_PRE_FR_SHIFT,ADVANCE,v010_20260806_220745_363972_manual:S1_APPROACH_AND_PRE_FR_SHIFT:ALTERNATE_PROFILE_3:segments-0-4,11.508333333333233,0.8,5,0.13115698099136353,0.016649365425109863,0.0713549479842186,-0.24861635890275835,-0.1961495551220155,0.026087023707111908,FR,3,True,False,recoverable,0,False,RUNNING
13.16666666666656,1580,S1_APPROACH_AND_PRE_FR_SHIFT,ADVANCE,v010_20260806_220745_363972_manual:S1_APPROACH_AND_PRE_FR_SHIFT:ALTERNATE_PROFILE_3:segments-0-4,11.574999999999896,0.8,5,0.13209925591945648,0.016599543392658234,0.0714569091796875,-0.24809226199725715,-0.19622149672476027,0.02590556496933056,FR,3,True,False,recoverable,0,False,RUNNING
13.233333333333222,1588,S1_APPROACH_AND_PRE_FR_SHIFT,ADVANCE,v010_20260806_220745_363972_manual:S1_APPROACH_AND_PRE_FR_SHIFT:ALTERNATE_PROFILE_3:segments-0-4,11.64166666666656,0.8,5,0.13304059207439423,0.01654256135225296,0.0715399757027626,-0.24751995461668289,-0.19624976077679263,0.025751003292511516,FR,3,True,False,recoverable,0,False,RUNNING
13.299999999999885,1596,S1_APPROACH_AND_PRE_FR_SHIFT,ADVANCE,v010_20260806_220745_363972_manual:S1_APPROACH_AND_PRE_FR_SHIFT:ALTERNATE_PROFILE_3:segments-0-4,11.708333333333222,0.8,5,0.13402767479419708,0.01648438721895218,0.07161185890436172,-0.2470055867845737,-0.19634285739762783,0.025604313261017277,FR,3,True,False,recoverable,0,False,RUNNING
13.366666666666548,1604,S1_APPROACH_AND_PRE_FR_SHIFT,ADVANCE,v010_20260806_220745_363972_manual:S1_APPROACH_AND_PRE_FR_SHIFT:ALTERNATE_PROFILE_3:segments-0-4,11.774999999999885,0.8,5,0.13504166901111603,0.016442030668258667,0.07166387885808945,-0.24632090855692731,-0.19640586737668606,0.02536047214021702,FR,3,True,False,recoverable,0,False,RUNNING
13.433333333333211,1612,S1_APPROACH_AND_PRE_FR_SHIFT,ADVANCE,v010_20260806_220745_363972_manual:S1_APPROACH_AND_PRE_FR_SHIFT:ALTERNATE_PROFILE_3:segments-0-4,11.841666666666548,0.8,5,0.13607002794742584,0.01638668030500412,0.07169210910797119,-0.24568966889491137,-0.19645374262534782,0.025166883645968717,FR,3,True,False,recoverable,0,False,RUNNING
13.499999999999874,1620,S1_APPROACH_AND_PRE_FR_SHIFT,ADVANCE,v010_20260806_220745_363972_manual:S1_APPROACH_AND_PRE_FR_SHIFT:ALTERNATE_PROFILE_3:segments-0-4,11.90833333333321,0.8,5,0.1371154487133026,0.016328513622283936,0.0716981589794159,-0.2451565069292935,-0.19652373039014037,0.025016876011847027,FR,3,True,False,recoverable,0,False,RUNNING
13.566666666666537,1628,S1_APPROACH_AND_PRE_FR_SHIFT,ADVANCE,v010_20260806_220745_363972_manual:S1_APPROACH_AND_PRE_FR_SHIFT:ALTERNATE_PROFILE_3:segments-0-4,11.974999999999874,0.8,5,0.13790562748908997,0.016324885189533234,0.07174402475357056,-0.2452095063183668,-0.19623345600803,0.02487748956281653,FR,3,True,False,recoverable,0,False,RUNNING
13.6333333333332,1636,S1_APPROACH_AND_PRE_FR_SHIFT,ADVANCE,v010_20260806_220745_363972_manual:S1_APPROACH_AND_PRE_FR_SHIFT:ALTERNATE_PROFILE_3:segments-0-4,12.041666666666536,0.8,5,0.13870751857757568,0.01633189618587494,0.0717647522687912,-0.24551208930826865,-0.19601516096714583,0.02489704505414697,FR,3,True,False,recoverable,0,False,RUNNING
13.699999999999863,1644,S1_APPROACH_AND_PRE_FR_SHIFT,ADVANCE,v010_20260806_220745_363972_manual:S1_APPROACH_AND_PRE_FR_SHIFT:ALTERNATE_PROFILE_3:segments-0-4,12.1083333333332,0.8,5,0.13955798745155334,0.016382388770580292,0.07179193198680878,-0.2457858070859419,-0.19585951909317773,0.025000274485244896,FR,3,True,False,recoverable,0,False,RUNNING
13.766666666666525,1652,S1_APPROACH_AND_PRE_FR_SHIFT,ADVANCE,v010_20260806_220745_363972_manual:S1_APPROACH_AND_PRE_FR_SHIFT:ALTERNATE_PROFILE_3:segments-0-4,12.174999999999862,0.8,5,0.1404518336057663,0.016388781368732452,0.0717841386795044,-0.2461602260398332,-0.1957147671446953,0.025048042639069092,FR,3,True,False,recoverable,0,False,RUNNING
13.833333333333188,1660,S1_APPROACH_AND_PRE_FR_SHIFT,ADVANCE,v010_20260806_220745_363972_manual:S1_APPROACH_AND_PRE_FR_SHIFT:ALTERNATE_PROFILE_3:segments-0-4,12.241666666666525,0.8,5,0.14140550792217255,0.016429148614406586,0.07176057249307632,-0.24674799872211814,-0.1956573470323278,0.02507747607409321,FR,3,True,False,recoverable,0,False,RUNNING
13.899999999999851,1668,S1_APPROACH_AND_PRE_FR_SHIFT,ADVANCE,v010_20260806_220745_363972_manual:S1_APPROACH_AND_PRE_FR_SHIFT:ALTERNATE_PROFILE_3:segments-0-4,12.308333333333188,0.8,5,0.14237837493419647,0.01645677536725998,0.07171815633773804,-0.24726132335777948,-0.19556428222004496,0.025097174552111065,FR,3,True,False,recoverable,0,False,RUNNING
13.966666666666514,1676,S1_APPROACH_AND_PRE_FR_SHIFT,ADVANCE,v010_20260806_220745_363972_manual:S1_APPROACH_AND_PRE_FR_SHIFT:ALTERNATE_PROFILE_3:segments-0-4,12.37499999999985,0.8,5,0.14336839318275452,0.016484156250953674,0.0716540664434433,-0.2477860226960399,-0.19548518139951823,0.02510827892409215,FR,3,True,False,recoverable,0,False,RUNNING
14.033333333333177,1684,S1_APPROACH_AND_PRE_FR_SHIFT,ADVANCE,v010_20260806_220745_363972_manual:S1_APPROACH_AND_PRE_FR_SHIFT:ALTERNATE_PROFILE_3:segments-0-4,12.441666666666514,0.8,5,0.14436295628547668,0.016511671245098114,0.07156550139188766,-0.2484051064190898,-0.19541258828174574,0.02514154285798443,FR,3,True,False,recoverable,0,False,RUNNING
14.09999999999984,1692,S1_APPROACH_AND_PRE_FR_SHIFT,ADVANCE,v010_20260806_220745_363972_manual:S1_APPROACH_AND_PRE_FR_SHIFT:ALTERNATE_PROFILE_3:segments-0-4,12.508333333333177,0.8,5,0.14537975192070007,0.016517944633960724,0.0714573934674263,-0.24895438051099594,-0.19532170848962038,0.025149110287037844,FR,3,True,False,recoverable,0,False,RUNNING
14.166666666666503,1700,S1_APPROACH_AND_PRE_FR_SHIFT,ADVANCE,v010_20260806_220745_363972_manual:S1_APPROACH_AND_PRE_FR_SHIFT:ALTERNATE_PROFILE_3:segments-0-4,12.57499999999984,0.8,5,0.14642412960529327,0.016527019441127777,0.07133600860834122,-0.24951026901679793,-0.19524483838929763,0.025166637332621145,FR,3,True,False,recoverable,0,False,RUNNING
14.233333333333166,1708,S1_APPROACH_AND_PRE_FR_SHIFT,ADVANCE,v010_20260806_220745_363972_manual:S1_APPROACH_AND_PRE_FR_SHIFT:ALTERNATE_PROFILE_3:segments-0-4,12.641666666666502,0.8,5,0.1474885642528534,0.01652994006872177,0.07118645310401917,-0.25011737732240946,-0.19515508831520295,0.025203691682651436,FR,3,True,False,recoverable,0,False,RUNNING
14.299999999999828,1716,S1_APPROACH_AND_PRE_FR_SHIFT,ADVANCE,v010_20260806_220745_363972_manual:S1_APPROACH_AND_PRE_FR_SHIFT:ALTERNATE_PROFILE_3:segments-0-4,12.708333333333165,0.8,5,0.14857226610183716,0.016529828310012817,0.07101297378540039,-0.2507548804352255,-0.19506707212710206,0.025254377745307213,FR,3,True,False,recoverable,0,False,RUNNING
14.366666666666491,1724,S1_APPROACH_AND_PRE_FR_SHIFT,ADVANCE,v010_20260806_220745_363972_manual:S1_APPROACH_AND_PRE_FR_SHIFT:ALTERNATE_PROFILE_3:segments-0-4,12.774999999999828,0.8,5,0.1496683657169342,0.016530804336071014,0.07081428915262222,-0.2514132960064299,-0.19497318468763003,0.025309347922013205,FR,3,True,False,recoverable,0,False,RUNNING
14.433333333333154,1732,S1_APPROACH_AND_PRE_FR_SHIFT,ADVANCE,v010_20260806_220745_363972_manual:S1_APPROACH_AND_PRE_FR_SHIFT:ALTERNATE_PROFILE_3:segments-0-4,12.841666666666491,0.8,5,0.1503874510526657,0.01651930809020996,0.07089663296937943,-0.25155856173539304,-0.19513276560107692,0.02524615525555411,FR,3,True,False,recoverable,0,False,RUNNING
14.499999999999817,1740,S1_APPROACH_AND_PRE_FR_SHIFT,ADVANCE,v010_20260806_220745_363972_manual:S1_APPROACH_AND_PRE_FR_SHIFT:ALTERNATE_PROFILE_3:segments-0-4,12.908333333333154,0.8,5,0.15112340450286865,0.016457580029964447,0.07105490565299988,-0.25113265033355175,-0.19506400010914074,0.025094074830923237,FR,3,True,False,recoverable,0,False,RUNNING
14.56666666666648,1748,S1_APPROACH_AND_PRE_FR_SHIFT,ADVANCE,v010_20260806_220745_363972_manual:S1_APPROACH_AND_PRE_FR_SHIFT:ALTERNATE_PROFILE_3:segments-0-4,12.974999999999817,0.8,5,0.15192793309688568,0.016407735645771027,0.07119075953960419,-0.25067297482759404,-0.19505976906842357,0.024911015973744278,FR,3,True,False,recoverable,0,False,RUNNING
14.633333333333143,1756,S1_APPROACH_AND_PRE_FR_SHIFT,ADVANCE,v010_20260806_220745_363972_manual:S1_APPROACH_AND_PRE_FR_SHIFT:ALTERNATE_PROFILE_3:segments-0-4,13.04166666666648,0.8,5,0.15277895331382751,0.016369402408599854,0.07132551074028015,-0.25026016485350927,-0.19513914693603382,0.024680469072661776,FR,3,True,False,recoverable,0,False,RUNNING
14.699999999999806,1764,S1_APPROACH_AND_PRE_FR_SHIFT,ADVANCE,v010_20260806_220745_363972_manual:S1_APPROACH_AND_PRE_FR_SHIFT:ALTERNATE_PROFILE_3:segments-0-4,13.108333333333142,0.8,5,0.15366831421852112,0.016332030296325684,0.07145792990922928,-0.24986384159336955,-0.19526113855999516,0.02445064609235345,FR,3,True,False,recoverable,0,False,RUNNING
14.766666666666469,1772,S1_APPROACH_AND_PRE_FR_SHIFT,ADVANCE,v010_20260806_220745_363972_manual:S1_APPROACH_AND_PRE_FR_SHIFT:ALTERNATE_PROFILE_3:segments-0-4,13.174999999999805,0.8,5,0.15454432368278503,0.016290105879306793,0.07156889140605927,-0.24946287091535502,-0.1953445895676375,0.02419684282249054,FR,3,True,False,recoverable,0,False,RUNNING
14.833333333333131,1780,S1_APPROACH_AND_PRE_FR_SHIFT,ADVANCE,v010_20260806_220745_363972_manual:S1_APPROACH_AND_PRE_FR_SHIFT:ALTERNATE_PROFILE_3:segments-0-4,13.241666666666468,0.8,5,0.15549345314502716,0.016276255249977112,0.07166756689548492,-0.24906385519126908,-0.195494240309425,0.024081787088357322,FR,3,True,False,recoverable,0,False,RUNNING
14.899999999999794,1788,S1_APPROACH_AND_PRE_FR_SHIFT,ADVANCE,v010_20260806_220745_363972_manual:S1_APPROACH_AND_PRE_FR_SHIFT:ALTERNATE_PROFILE_3:segments-0-4,13.308333333333131,0.8,5,0.15643909573554993,0.016252338886260986,0.07176505774259567,-0.24867442293454997,-0.19565947522383156,0.023837133935326955,FR,3,True,False,recoverable,0,False,RUNNING
14.966666666666457,1796,S1_APPROACH_AND_PRE_FR_SHIFT,ADVANCE,v010_20260806_220745_363972_manual:S1_APPROACH_AND_PRE_FR_SHIFT:ALTERNATE_PROFILE_3:segments-0-4,13.374999999999794,0.8,5,0.15742196142673492,0.01620890200138092,0.07182338088750839,-0.24839744924829923,-0.1958276121851476,0.023687859101473033,FR,3,True,False,recoverable,0,False,RUNNING
15.03333333333312,1804,S1_APPROACH_AND_PRE_FR_SHIFT,ADVANCE,v010_20260806_220745_363972_manual:S1_APPROACH_AND_PRE_FR_SHIFT:ALTERNATE_PROFILE_3:segments-0-4,13.441666666666457,0.8,5,0.15839582681655884,0.016158327460289,0.0718861073255539,-0.24801059309997842,-0.19598020306978697,0.023429136808374374,FR,3,True,False,recoverable,0,False,RUNNING
15.099999999999783,1812,S1_APPROACH_AND_PRE_FR_SHIFT,ADVANCE,v010_20260806_220745_363972_manual:S1_APPROACH_AND_PRE_FR_SHIFT:ALTERNATE_PROFILE_3:segments-0-4,13.50833333333312,0.8,5,0.15939830243587494,0.016123324632644653,0.07191585004329681,-0.24763392338655538,-0.1961579769040641,0.023253022548400254,FR,3,True,False,recoverable,0,False,RUNNING
15.166666666666446,1820,S1_APPROACH_AND_PRE_FR_SHIFT,ADVANCE,v010_20260806_220745_363972_manual:S1_APPROACH_AND_PRE_FR_SHIFT:ALTERNATE_PROFILE_3:segments-0-4,13.574999999999783,0.8,5,0.1604028046131134,0.016075067222118378,0.07192026823759079,-0.2474622701533022,-0.19639287016459395,0.02298869935655878,FR,3,True,False,recoverable,0,False,RUNNING
15.233333333333109,1828,S1_APPROACH_AND_PRE_FR_SHIFT,ADVANCE,v010_20260806_220745_363972_manual:S1_APPROACH_AND_PRE_FR_SHIFT:ALTERNATE_PROFILE_3:segments-0-4,13.641666666666445,0.8,5,0.1614159345626831,0.016041725873947144,0.07189562171697617,-0.24718542037786964,-0.19657719196939652,0.022739156114154283,FR,3,True,False,recoverable,0,False,RUNNING
15.299999999999772,1836,S1_APPROACH_AND_PRE_FR_SHIFT,ADVANCE,v010_20260806_220745_363972_manual:S1_APPROACH_AND_PRE_FR_SHIFT:ALTERNATE_PROFILE_3:segments-0-4,13.708333333333108,0.8,5,0.16245631873607635,0.015999943017959595,0.0718555599451065,-0.24690332682860255,-0.19675985075679828,0.02254528253391686,FR,3,True,False,recoverable,0,False,RUNNING
15.366666666666434,1844,S1_APPROACH_AND_PRE_FR_SHIFT,ADVANCE,v010_20260806_220745_363972_manual:S1_APPROACH_AND_PRE_FR_SHIFT:ALTERNATE_PROFILE_3:segments-0-4,13.774999999999771,0.8,5,0.16355884075164795,0.015963859856128693,0.07179375737905502,-0.24657798945990564,-0.1969073518844394,0.022370912429768915,FR,3,True,False,recoverable,0,False,RUNNING
15.433333333333097,1852,S1_APPROACH_AND_PRE_FR_SHIFT,ADVANCE,v010_20260806_220745_363972_manual:S1_APPROACH_AND_PRE_FR_SHIFT:ALTERNATE_PROFILE_3:segments-0-4,13.841666666666434,0.8,5,0.16441994905471802,0.01596083492040634,0.07176755368709564,-0.2469206114366882,-0.19670780946121796,0.022303177130613076,FR,3,True,False,recoverable,0,False,RUNNING
15.49999999999976,1860,S2_FR_TRAVERSE,FACE_CLEAR,v010_20260806_220745_363972_manual:S2_FR_TRAVERSE:ALTERNATE_PROFILE_3:segments-5-20,0.05833333333333002,0.0,6,0.16444635391235352,0.015956968069076538,0.07175105810165405,-0.24692440242896344,-0.19665994926585995,0.02228566732715641,FR,3,True,False,recoverable,0,False,RUNNING
15.566666666666423,1868,S2_FR_TRAVERSE,FACE_CLEAR,v010_20260806_220745_363972_manual:S2_FR_TRAVERSE:ALTERNATE_PROFILE_3:segments-5-20,0.1249999999999929,0.0,6,0.16440406441688538,0.015951290726661682,0.07173142582178116,-0.24689127339548514,-0.19655512966268493,0.02225227055763113,FR,3,True,False,recoverable,0,False,RUNNING
15.633333333333086,1876,S2_FR_TRAVERSE,FACE_CLEAR,v010_20260806_220745_363972_manual:S2_FR_TRAVERSE:ALTERNATE_PROFILE_3:segments-5-20,0.19166666666665577,0.0625,7,0.16432714462280273,0.01594381034374237,0.07171283662319183,-0.24682664702560098,-0.19640386207358748,0.022208366415989254,FR,3,True,False,recoverable,0,False,RUNNING
15.699999999999749,1884,S2_FR_TRAVERSE,FACE_CLEAR,v010_20260806_220745_363972_manual:S2_FR_TRAVERSE:ALTERNATE_PROFILE_3:segments-5-20,0.25833333333331865,0.0625,7,0.16434279084205627,0.01593133807182312,0.07168569415807724,-0.24670331252653155,-0.19636180700316175,0.02216953469099889,FR,3,True,False,recoverable,0,False,RUNNING
15.766666666666412,1892,S2_FR_TRAVERSE,FACE_CLEAR,v010_20260806_220745_363972_manual:S2_FR_TRAVERSE:ALTERNATE_PROFILE_3:segments-5-20,0.3249999999999815,0.0625,7,0.1643635779619217,0.015924178063869476,0.0716685876250267,-0.2466660120288665,-0.19632416126042898,0.0221516427654234,FR,3,True,False,recoverable,0,False,RUNNING
15.833333333333075,1900,S2_FR_TRAVERSE,FACE_CLEAR,v010_20260806_220745_363972_manual:S2_FR_TRAVERSE:ALTERNATE_PROFILE_3:segments-5-20,0.3916666666666444,0.125,8,0.16427046060562134,0.015904530882835388,0.07164843380451202,-0.24648014225619277,-0.19611551660382928,0.022097521386337513,FR,3,True,False,recoverable,0,False,RUNNING
15.899999999999737,1908,S2_FR_TRAVERSE,FACE_CLEAR,v010_20260806_220745_363972_manual:S2_FR_TRAVERSE:ALTERNATE_PROFILE_3:segments-5-20,0.4583333333333073,0.125,8,0.16424503922462463,0.0158863365650177,0.07162243127822876,-0.24625497243251485,-0.19599176412546193,0.022025974917663213,FR,3,True,False,recoverable,0,False,RUNNING
15.9666666666664,1916,S2_FR_TRAVERSE,FACE_CLEAR,v010_20260806_220745_363972_manual:S2_FR_TRAVERSE:ALTERNATE_PROFILE_3:segments-5-20,0.5249999999999702,0.125,8,0.1643291711807251,0.015886008739471436,0.07161100208759308,-0.24631494118909286,-0.1960435500520331,0.022040941726222566,FR,3,True,False,recoverable,0,False,RUNNING
16.033333333333065,1924,S2_FR_TRAVERSE,FACE_CLEAR,v010_20260806_220745_363972_manual:S2_FR_TRAVERSE:ALTERNATE_PROFILE_3:segments-5-20,0.5916666666666348,0.125,8,0.16438427567481995,0.015881970524787903,0.07160240411758423,-0.2463130356796937,-0.19603294473611116,0.022035281295353277,FR,3,True,False,recoverable,0,False,RUNNING
16.099999999999728,1932,S2_FR_TRAVERSE,FACE_CLEAR,v010_20260806_220745_363972_manual:S2_FR_TRAVERSE:ALTERNATE_PROFILE_3:segments-5-20,0.6583333333332977,0.1875,9,0.16440241038799286,0.015868373215198517,0.07159409672021866,-0.2461992202117348,-0.19592575419453087,0.022007093642273667,FR,3,True,False,recoverable,0,False,RUNNING
16.16666666666639,1940,S2_FR_TRAVERSE,FACE_CLEAR,v010_20260806_220745_363972_manual:S2_FR_TRAVERSE:ALTERNATE_PROFILE_3:segments-5-20,0.7249999999999606,0.1875,9,0.16444778442382812,0.01586734503507614,0.07158809900283813,-0.24621475397252263,-0.19591397502888425,0.022000754971840543,FR,3,True,False,recoverable,0,False,RUNNING
16.233333333333054,1948,S2_FR_TRAVERSE,FACE_CLEAR,v010_20260806_220745_363972_manual:S2_FR_TRAVERSE:ALTERNATE_PROFILE_3:segments-5-20,0.7916666666666234,0.1875,9,0.16447456181049347,0.015862487256526947,0.07158175110816956,-0.24618784274896335,-0.19585856472151894,0.021984473247386803,FR,3,True,False,recoverable,0,False,RUNNING
16.299999999999716,1956,S2_FR_TRAVERSE,TOP_PLACE,v010_20260806_220745_363972_manual:S2_FR_TRAVERSE:ALTERNATE_PROFILE_3:segments-5-20,0.8583333333332863,0.25,10,0.1645042896270752,0.015856638550758362,0.07157531380653381,-0.24615976336642117,-0.19582377660786734,0.02197715528793503,FR,3,True,False,recoverable,0,False,RUNNING
16.36666666666638,1964,S2_FR_TRAVERSE,TOP_PLACE,v010_20260806_220745_363972_manual:S2_FR_TRAVERSE:ALTERNATE_PROFILE_3:segments-5-20,0.9249999999999492,0.3125,11,0.16452598571777344,0.01584956794977188,0.0715700089931488,-0.24609945427826482,-0.19575257609124555,0.02195415851387461,FR,3,True,False,recoverable,0,False,RUNNING
16.433333333333042,1972,S2_FR_TRAVERSE,TOP_PLACE,v010_20260806_220745_363972_manual:S2_FR_TRAVERSE:ALTERNATE_PROFILE_3:segments-5-20,0.9916666666666121,0.375,12,0.16548016667366028,0.015017680823802948,0.07175504416227341,-0.23546071202957888,-0.17774047549653577,0.016973776886277662,FR,3,True,False,recoverable,0,False,RUNNING
16.499999999999705,1980,S2_FR_TRAVERSE,TOP_PLACE,v010_20260806_220745_363972_manual:S2_FR_TRAVERSE:ALTERNATE_PROFILE_3:segments-5-20,1.058333333333275,0.375,12,0.17078590393066406,0.011600226163864136,0.06789328902959824,-0.20698104122693292,-0.13605951714635686,0.008032314850920912,FR,3,True,False,recoverable,0,False,RUNNING
16.566666666666368,1988,S2_FR_TRAVERSE,TOP_PLACE,v010_20260806_220745_363972_manual:S2_FR_TRAVERSE:ALTERNATE_PROFILE_3:segments-5-20,1.1249999999999378,0.375,12,0.1758090853691101,0.007456928491592407,0.06363213807344437,-0.16664455355138877,-0.07681831890495183,-0.0016477859829215514,FR,3,True,False,recoverable,0,False,RUNNING
16.63333333333303,1996,S2_FR_TRAVERSE,TOP_PLACE,v010_20260806_220745_363972_manual:S2_FR_TRAVERSE:ALTERNATE_PROFILE_3:segments-5-20,1.1916666666666007,0.375,12,0.18350419402122498,0.00391995906829834,0.06397457420825958,-0.125507814360077,-0.03508972628974427,-0.005988972474098537,FR,4,True,False,recoverable,0,False,RUNNING
16.699999999999694,2004,S2_FR_TRAVERSE,TOP_PLACE,v010_20260806_220745_363972_manual:S2_FR_TRAVERSE:ALTERNATE_PROFILE_3:segments-5-20,1.2583333333332636,0.375,12,0.18488773703575134,0.002358458936214447,0.0714138075709343,-0.10441344306118917,-0.03389953665219918,-0.00946638577763913,FR,4,True,False,recoverable,0,False,RUNNING
16.766666666666357,2012,S2_FR_TRAVERSE,TOP_PLACE,v010_20260806_220745_363972_manual:S2_FR_TRAVERSE:ALTERNATE_PROFILE_3:segments-5-20,1.3249999999999265,0.375,12,0.19087842106819153,-0.0014267638325691223,0.0766371488571167,-0.0851098887631302,-0.036086704954555536,-0.01685892033471276,FR,4,True,False,recoverable,0,False,RUNNING
16.83333333333302,2020,S2_FR_TRAVERSE,TOP_PLACE,v010_20260806_220745_363972_manual:S2_FR_TRAVERSE:ALTERNATE_PROFILE_3:segments-5-20,1.3916666666665893,0.375,12,0.20114338397979736,-0.0038971751928329468,0.07961340993642807,-0.06395433963316371,-0.045904388056138945,-0.018254878721893044,FR,4,True,False,recoverable,0,False,RUNNING
16.899999999999682,2028,S2_FR_TRAVERSE,TOP_PLACE,v010_20260806_220745_363972_manual:S2_FR_TRAVERSE:ALTERNATE_PROFILE_3:segments-5-20,1.4583333333332522,0.375,12,0.20262308418750763,-0.0046893879771232605,0.08265598863363266,-0.0529700655030967,-0.04625344244703805,-0.018211379159048923,FR,4,True,False,recoverable,0,False,RUNNING
16.966666666666345,2036,S2_FR_TRAVERSE,TOP_PLACE,v010_20260806_220745_363972_manual:S2_FR_TRAVERSE:ALTERNATE_PROFILE_3:segments-5-20,1.524999999999915,0.375,12,0.1972452700138092,-0.004434205591678619,0.08547112345695496,-0.05346391662703989,-0.04160543029714134,-0.018568432317431816,FR,3,True,False,recoverable,0,False,RUNNING
17.033333333333008,2044,S2_FR_TRAVERSE,TOP_PLACE,v010_20260806_220745_363972_manual:S2_FR_TRAVERSE:ALTERNATE_PROFILE_3:segments-5-20,1.591666666666578,0.375,12,0.19062791764736176,-0.003681086003780365,0.08581505715847015,-0.060421435627312926,-0.032554471899449974,-0.019315467353309645,FR,3,True,False,recoverable,0,False,RUNNING
17.09999999999967,2052,S2_FR_TRAVERSE,TOP_PLACE,v010_20260806_220745_363972_manual:S2_FR_TRAVERSE:ALTERNATE_PROFILE_3:segments-5-20,1.6583333333332408,0.375,12,0.1831643432378769,-0.0027273446321487427,0.08587914705276489,-0.0692582006147225,-0.027293672430621498,-0.01982387040821636,FR,3,True,False,recoverable,0,False,RUNNING
17.166666666666334,2060,S2_FR_TRAVERSE,TOP_PLACE,v010_20260806_220745_363972_manual:S2_FR_TRAVERSE:ALTERNATE_PROFILE_3:segments-5-20,1.7249999999999037,0.375,12,0.1778649091720581,-0.0021464303135871887,0.0855759009718895,-0.07470207347104371,-0.023566372346004262,-0.02019837369580805,FR,3,True,False,recoverable,0,False,RUNNING
17.233333333332997,2068,S2_FR_TRAVERSE,TOP_PLACE,v010_20260806_220745_363972_manual:S2_FR_TRAVERSE:ALTERNATE_PROFILE_3:segments-5-20,1.7916666666665666,0.375,12,0.17763005197048187,-0.002283044159412384,0.08512897044420242,-0.07376556882514225,-0.024290221847072798,-0.019491147294466438,FR,3,True,False,recoverable,0,False,RUNNING
17.29999999999966,2076,S2_FR_TRAVERSE,TOP_PLACE,v010_20260806_220745_363972_manual:S2_FR_TRAVERSE:ALTERNATE_PROFILE_3:segments-5-20,1.8583333333332295,0.375,12,0.1777796596288681,-0.0030883178114891052,0.08334936946630478,-0.07395786720806091,-0.028516218943426024,-0.01565166962825602,FR,3,True,False,recoverable,0,False,RUNNING
17.366666666666323,2084,S2_FR_TRAVERSE,TOP_PLACE,v010_20260806_220745_363972_manual:S2_FR_TRAVERSE:ALTERNATE_PROFILE_3:segments-5-20,1.9249999999998924,0.375,12,0.17851777374744415,-0.0041841790080070496,0.08100438117980957,-0.07325024098228813,-0.034384865788232466,-0.010500527592357865,FR,3,True,False,recoverable,0,False,RUNNING
17.433333333332985,2092,S2_FR_TRAVERSE,TOP_PLACE,v010_20260806_220745_363972_manual:S2_FR_TRAVERSE:ALTERNATE_PROFILE_3:segments-5-20,1.9916666666665552,0.375,12,0.17877866327762604,-0.00424724817276001,0.07979682087898254,-0.07555889708407218,-0.03596386109774672,-0.009501266198457384,FR,4,True,False,recoverable,0,False,RUNNING
17.49999999999965,2100,S2_FR_TRAVERSE,TOP_PLACE,v010_20260806_220745_363972_manual:S2_FR_TRAVERSE:ALTERNATE_PROFILE_3:segments-5-20,2.058333333333218,0.375,12,0.17576678097248077,-0.0041893646121025085,0.08059088885784149,-0.07497640392527084,-0.03299570801089127,-0.009656648419482605,FR,3,True,False,recoverable,0,False,RUNNING
17.56666666666631,2108,S2_FR_TRAVERSE,TOP_PLACE,v010_20260806_220745_363972_manual:S2_FR_TRAVERSE:ALTERNATE_PROFILE_3:segments-5-20,2.124999999999881,0.375,12,0.1725633293390274,-0.004180833697319031,0.0813821405172348,-0.07446725804324392,-0.034014127119279314,-0.008687330284460434,FR,3,True,False,recoverable,0,False,RUNNING
17.633333333332974,2116,S2_FR_TRAVERSE,TOP_PLACE,v010_20260806_220745_363972_manual:S2_FR_TRAVERSE:ALTERNATE_PROFILE_3:segments-5-20,2.191666666666544,0.4375,13,0.17243564128875732,-0.004455797374248505,0.08213162422180176,-0.07054770776597315,-0.03347893816438568,-0.008538234244574627,FR,3,True,False,recoverable,0,False,RUNNING
17.699999999999637,2124,S2_FR_TRAVERSE,TOP_PLACE,v010_20260806_220745_363972_manual:S2_FR_TRAVERSE:ALTERNATE_PROFILE_3:segments-5-20,2.2583333333332067,0.5,14,0.17287784814834595,-0.004674799740314484,0.08281601220369339,-0.06752896856721849,-0.03323542669876708,-0.008370918132062779,FR,3,True,False,recoverable,0,False,RUNNING
17.7666666666663,2132,S2_FR_TRAVERSE,TOP_PLACE,v010_20260806_220745_363972_manual:S2_FR_TRAVERSE:ALTERNATE_PROFILE_3:segments-5-20,2.3249999999998696,0.5,14,0.1734739989042282,-0.004890218377113342,0.08345242589712143,-0.06488641893781814,-0.03308291656912048,-0.00814921306871099,FR,3,True,False,recoverable,0,False,RUNNING
17.833333333332963,2140,S2_FR_TRAVERSE,TOP_PLACE,v010_20260806_220745_363972_manual:S2_FR_TRAVERSE:ALTERNATE_PROFILE_3:segments-5-20,2.3916666666665325,0.5,14,0.1739828884601593,-0.0050923749804496765,0.08406461030244827,-0.0624113069580607,-0.03286509975018214,-0.007984450433013499,FR,3,True,False,recoverable,0,False,RUNNING
17.899999999999626,2148,S2_FR_TRAVERSE,TOP_PLACE,v010_20260806_220745_363972_manual:S2_FR_TRAVERSE:ALTERNATE_PROFILE_3:segments-5-20,2.4583333333331954,0.5,14,0.17457757890224457,-0.005231715738773346,0.08455218374729156,-0.0603827986497115,-0.03274824883403303,-0.007894236970992057,FR,3,True,False,recoverable,0,False,RUNNING
17.96666666666629,2156,S2_FR_TRAVERSE,TOP_PLACE,v010_20260806_220745_363972_manual:S2_FR_TRAVERSE:ALTERNATE_PROFILE_3:segments-5-20,2.5249999999998582,0.5,14,0.17508839070796967,-0.005361869931221008,0.08506520092487335,-0.05835185914215984,-0.03259546560997862,-0.007781557432200291,FR,3,True,False,recoverable,0,False,RUNNING
18.03333333333295,2164,S2_FR_TRAVERSE,TOP_PLACE,v010_20260806_220745_363972_manual:S2_FR_TRAVERSE:ALTERNATE_PROFILE_3:segments-5-20,2.591666666666521,0.5,14,0.17555567622184753,-0.005491502583026886,0.08555292338132858,-0.0565252606618094,-0.032441482940178956,-0.007716341309231808,FR,3,True,False,recoverable,0,False,RUNNING
18.099999999999614,2172,S2_FR_TRAVERSE,TOP_PLACE,v010_20260806_220745_363972_manual:S2_FR_TRAVERSE:ALTERNATE_PROFILE_3:segments-5-20,2.658333333333184,0.5,14,0.17597420513629913,-0.0056295692920684814,0.08603457361459732,-0.054751276197164446,-0.03226370854422822,-0.007704167159657797,FR,3,True,False,recoverable,0,False,RUNNING
18.166666666666277,2180,S2_FR_TRAVERSE,TOP_PLACE,v010_20260806_220745_363972_manual:S2_FR_TRAVERSE:ALTERNATE_PROFILE_3:segments-5-20,2.724999999999847,0.5,14,0.17630235850811005,-0.0057707056403160095,0.08656453341245651,-0.05287090543220549,-0.032040427810367436,-0.007675157030836893,FR,3,True,False,recoverable,0,False,RUNNING
18.23333333333294,2188,S2_FR_TRAVERSE,TOP_PLACE,v010_20260806_220745_363972_manual:S2_FR_TRAVERSE:ALTERNATE_PROFILE_3:segments-5-20,2.7916666666665098,0.5,14,0.17661680281162262,-0.005906395614147186,0.08705472201108932,-0.05111988490992006,-0.03182957505504253,-0.007672797986001854,FR,3,True,False,recoverable,0,False,RUNNING
18.299999999999603,2196,S2_FR_TRAVERSE,TOP_PLACE,v010_20260806_220745_363972_manual:S2_FR_TRAVERSE:ALTERNATE_PROFILE_3:segments-5-20,2.8583333333331726,0.5,14,0.17692580819129944,-0.00605049729347229,0.0875035896897316,-0.049447539961645054,-0.03157304237081548,-0.007640882356399035,FR,3,True,False,recoverable,0,False,RUNNING
18.366666666666266,2204,S2_FR_TRAVERSE,TOP_PLACE,v010_20260806_220745_363972_manual:S2_FR_TRAVERSE:ALTERNATE_PROFILE_3:segments-5-20,2.9249999999998355,0.5,14,0.17728786170482635,-0.00617402046918869,0.0879390761256218,-0.04781630461584188,-0.03129987832345213,-0.007675634419682513,FR,3,True,False,recoverable,0,False,RUNNING
18.43333333333293,2212,S2_FR_TRAVERSE,TOP_PLACE,v010_20260806_220745_363972_manual:S2_FR_TRAVERSE:ALTERNATE_PROFILE_3:segments-5-20,2.9916666666664984,0.5,14,0.1776903122663498,-0.006303772330284119,0.08830966055393219,-0.046375041099831954,-0.031033678059497482,-0.007633650352530285,FR,3,True,False,recoverable,0,False,RUNNING
18.49999999999959,2220,S2_FR_TRAVERSE,TOP_PLACE,v010_20260806_220745_363972_manual:S2_FR_TRAVERSE:ALTERNATE_PROFILE_3:segments-5-20,3.0583333333331613,0.5,14,0.17814308404922485,-0.006403103470802307,0.08860370516777039,-0.04521237462187852,-0.030887360115490516,-0.0076321217550598805,FR,3,True,False,recoverable,0,False,RUNNING
18.566666666666254,2228,S2_FR_TRAVERSE,TOP_PLACE,v010_20260806_220745_363972_manual:S2_FR_TRAVERSE:ALTERNATE_PROFILE_3:segments-5-20,3.124999999999824,0.5,14,0.1785338819026947,-0.006478123366832733,0.08887990564107895,-0.04426606140013,-0.030883433614057734,-0.007630922903602326,FR,3,True,False,recoverable,0,False,RUNNING
18.633333333332917,2236,S2_FR_TRAVERSE,TOP_PLACE,v010_20260806_220745_363972_manual:S2_FR_TRAVERSE:ALTERNATE_PROFILE_3:segments-5-20,3.191666666666487,0.5,14,0.17890481650829315,-0.006518565118312836,0.0891052857041359,-0.04347098394422059,-0.03091206045509949,-0.007555135108006369,FR,3,True,False,recoverable,0,False,RUNNING
18.69999999999958,2244,S2_FR_TRAVERSE,TOP_PLACE,v010_20260806_220745_363972_manual:S2_FR_TRAVERSE:ALTERNATE_PROFILE_3:segments-5-20,3.25833333333315,0.5,14,0.1792992502450943,-0.006560012698173523,0.08930566161870956,-0.042731230523820704,-0.03092180134558567,-0.0074844845394740145,FR,3,True,False,recoverable,0,False,RUNNING
18.766666666666243,2252,S2_FR_TRAVERSE,TOP_PLACE,v010_20260806_220745_363972_manual:S2_FR_TRAVERSE:ALTERNATE_PROFILE_3:segments-5-20,3.3249999999998128,0.5,14,0.17974917590618134,-0.00658629834651947,0.08942405879497528,-0.04222061565853706,-0.030926930549328803,-0.007408366898500374,FR,3,True,False,recoverable,0,False,RUNNING
18.833333333332906,2260,S2_FR_TRAVERSE,TOP_PLACE,v010_20260806_220745_363972_manual:S2_FR_TRAVERSE:ALTERNATE_PROFILE_3:segments-5-20,3.3916666666664756,0.5,14,0.1802193820476532,-0.006597898900508881,0.08946724236011505,-0.0419406036601599,-0.031045822380181196,-0.007310178815705915,FR,3,True,False,recoverable,0,False,RUNNING
18.89999999999957,2268,S2_FR_TRAVERSE,TOP_PLACE,v010_20260806_220745_363972_manual:S2_FR_TRAVERSE:ALTERNATE_PROFILE_3:segments-5-20,3.4583333333331385,0.5,14,0.1806453913450241,-0.006537437438964844,0.08936439454555511,-0.04253243631787759,-0.031434365534828854,-0.007265219766061615,FR,3,True,False,recoverable,0,False,RUNNING
18.96666666666623,2276,S2_FR_TRAVERSE,TOP_PLACE,v010_20260806_220745_363972_manual:S2_FR_TRAVERSE:ALTERNATE_PROFILE_3:segments-5-20,3.5249999999998014,0.5,14,0.18065854907035828,-0.006442338228225708,0.08936673402786255,-0.04346179926076347,-0.03229966698566252,-0.007203904830497655,FR,3,True,False,recoverable,0,False,RUNNING
19.033333333332894,2284,S2_FR_TRAVERSE,TOP_PLACE,v010_20260806_220745_363972_manual:S2_FR_TRAVERSE:ALTERNATE_PROFILE_3:segments-5-20,3.5916666666664643,0.5,14,0.18099336326122284,-0.006455190479755402,0.08942793309688568,-0.043451258702003843,-0.032653305328557744,-0.007192077452589833,FR,3,True,False,recoverable,0,False,RUNNING
19.099999999999557,2292,S2_FR_TRAVERSE,TOP_PLACE,v010_20260806_220745_363972_manual:S2_FR_TRAVERSE:ALTERNATE_PROFILE_3:segments-5-20,3.658333333333127,0.5,14,0.18163730204105377,-0.006474688649177551,0.08947230130434036,-0.043371041058632605,-0.03302399527350924,-0.007205032963961583,FR,3,True,False,recoverable,0,False,RUNNING
19.16666666666622,2300,S2_FR_TRAVERSE,TOP_PLACE,v010_20260806_220745_363972_manual:S2_FR_TRAVERSE:ALTERNATE_PROFILE_3:segments-5-20,3.72499999999979,0.5,14,0.18246741592884064,-0.006498783826828003,0.08947830647230148,-0.04328004997837666,-0.03333300343433689,-0.007213458668420222,FR,3,True,False,recoverable,0,False,RUNNING
19.233333333332883,2308,S2_FR_TRAVERSE,TOP_PLACE,v010_20260806_220745_363972_manual:S2_FR_TRAVERSE:ALTERNATE_PROFILE_3:segments-5-20,3.791666666666453,0.5,14,0.18339920043945312,-0.006516605615615845,0.08944906294345856,-0.043245947337031805,-0.03363029340116791,-0.0071909835391722405,FR,3,True,False,recoverable,0,False,RUNNING
19.299999999999546,2316,S2_FR_TRAVERSE,TOP_PLACE,v010_20260806_220745_363972_manual:S2_FR_TRAVERSE:ALTERNATE_PROFILE_3:segments-5-20,3.858333333333116,0.5,14,0.18437480926513672,-0.006525486707687378,0.08939091116189957,-0.043298271344814745,-0.03391850833300431,-0.0071870791322949665,FR,3,True,False,recoverable,0,False,RUNNING
19.36666666666621,2324,S2_FR_TRAVERSE,TOP_PLACE,v010_20260806_220745_363972_manual:S2_FR_TRAVERSE:ALTERNATE_PROFILE_3:segments-5-20,3.9249999999997787,0.5,14,0.1853608787059784,-0.006534069776535034,0.08932816982269287,-0.04336339219679715,-0.03421384615031642,-0.007184404486610164,FR,3,True,False,recoverable,0,False,RUNNING
19.43333333333287,2332,S2_FR_TRAVERSE,TOP_PLACE,v010_20260806_220745_363972_manual:S2_FR_TRAVERSE:ALTERNATE_PROFILE_3:segments-5-20,3.9916666666664415,0.5,14,0.18606337904930115,-0.006563529372215271,0.08941934257745743,-0.04316038722836386,-0.03448259080245125,-0.007196270135783387,FR,3,True,False,recoverable,0,False,RUNNING
19.499999999999535,2340,S2_FR_TRAVERSE,TOP_PLACE,v010_20260806_220745_363972_manual:S2_FR_TRAVERSE:ALTERNATE_PROFILE_3:segments-5-20,4.058333333333104,0.5,14,0.18685777485370636,-0.00659739226102829,0.08949988335371017,-0.04291372342650241,-0.034728483875512854,-0.00721593080783101,FR,3,True,False,recoverable,0,False,RUNNING
19.566666666666197,2348,S2_FR_TRAVERSE,TOP_PLACE,v010_20260806_220745_363972_manual:S2_FR_TRAVERSE:ALTERNATE_PROFILE_3:segments-5-20,4.124999999999767,0.5,14,0.18771079182624817,-0.006623364984989166,0.08955783396959305,-0.04276311807238517,-0.03506321761645724,-0.007235657704465572,FR,3,True,False,recoverable,0,False,RUNNING
19.63333333333286,2356,S2_FR_TRAVERSE,TOP_PLACE,v010_20260806_220745_363972_manual:S2_FR_TRAVERSE:ALTERNATE_PROFILE_3:segments-5-20,4.19166666666643,0.5,14,0.18860578536987305,-0.0066530704498291016,0.08960524946451187,-0.042594749976385265,-0.03536361905266768,-0.007250641833068758,FR,3,True,False,recoverable,0,False,RUNNING
19.699999999999523,2364,S2_FR_TRAVERSE,TOP_PLACE,v010_20260806_220745_363972_manual:S2_FR_TRAVERSE:ALTERNATE_PROFILE_3:segments-5-20,4.258333333333093,0.5,14,0.1894543170928955,-0.006692975759506226,0.08965514600276947,-0.04230000458802431,-0.03549624269390145,-0.0072582372407403095,FR,3,True,False,recoverable,0,False,RUNNING
19.766666666666186,2372,S2_FR_TRAVERSE,TOP_PLACE,v010_20260806_220745_363972_manual:S2_FR_TRAVERSE:ALTERNATE_PROFILE_3:segments-5-20,4.324999999999756,0.5,14,0.19026857614517212,-0.006728224456310272,0.08971741795539856,-0.04202322030915001,-0.03545845889227005,-0.0072637885208527726,FR,3,True,False,recoverable,0,False,RUNNING
19.83333333333285,2380,S2_FR_TRAVERSE,TOP_PLACE,v010_20260806_220745_363972_manual:S2_FR_TRAVERSE:ALTERNATE_PROFILE_3:segments-5-20,4.391666666666419,0.5,14,0.19115252792835236,-0.006760299205780029,0.08976235240697861,-0.04181752184087463,-0.03542581800161409,-0.007275601428708503,FR,3,True,False,recoverable,0,False,RUNNING
19.899999999999512,2388,S2_FR_TRAVERSE,TOP_PLACE,v010_20260806_220745_363972_manual:S2_FR_TRAVERSE:ALTERNATE_PROFILE_3:segments-5-20,4.458333333333082,0.5,14,0.19206514954566956,-0.006784409284591675,0.08978624641895294,-0.04168097924593027,-0.03539224772931867,-0.007278887646425022,FR,3,True,False,recoverable,0,False,RUNNING
19.966666666666175,2396,S2_FR_TRAVERSE,TOP_PLACE,v010_20260806_220745_363972_manual:S2_FR_TRAVERSE:ALTERNATE_PROFILE_3:segments-5-20,4.524999999999745,0.5,14,0.19300329685211182,-0.006769508123397827,0.08976619690656662,-0.04182633448947988,-0.03557343025701101,-0.007239543772571741,FR,3,True,False,recoverable,0,False,RUNNING
20.033333333332838,2404,S2_FR_TRAVERSE,TOP_PLACE,v010_20260806_220745_363972_manual:S2_FR_TRAVERSE:ALTERNATE_PROFILE_3:segments-5-20,4.591666666666407,0.5,14,0.19389675557613373,-0.006776891648769379,0.08979646116495132,-0.041818247231668236,-0.035713643511299825,-0.007223724507468869,FR,3,True,False,recoverable,0,False,RUNNING
20.0999999999995,2412,S2_FR_TRAVERSE,TOP_PLACE,v010_20260806_220745_363972_manual:S2_FR_TRAVERSE:ALTERNATE_PROFILE_3:segments-5-20,4.65833333333307,0.5,14,0.194802924990654,-0.0067887082695961,0.08984038233757019,-0.041769921307984986,-0.03584991903511013,-0.007215056341997935,FR,3,True,False,recoverable,0,False,RUNNING
20.166666666666163,2420,S2_FR_TRAVERSE,TOP_PLACE,v010_20260806_220745_363972_manual:S2_FR_TRAVERSE:ALTERNATE_PROFILE_3:segments-5-20,4.724999999999733,0.5,14,0.19574004411697388,-0.0067954882979393005,0.0898643508553505,-0.041805350103969685,-0.03600820124289247,-0.007193737361599137,FR,3,True,False,recoverable,0,False,RUNNING
20.233333333332826,2428,S2_FR_TRAVERSE,TOP_PLACE,v010_20260806_220745_363972_manual:S2_FR_TRAVERSE:ALTERNATE_PROFILE_3:segments-5-20,4.791666666666396,0.5,14,0.1967061460018158,-0.006795085966587067,0.0898650735616684,-0.04191038024052263,-0.036195702644387755,-0.007183971903924643,FR,3,True,False,recoverable,0,False,RUNNING
20.29999999999949,2436,S2_FR_TRAVERSE,TOP_PLACE,v010_20260806_220745_363972_manual:S2_FR_TRAVERSE:ALTERNATE_PROFILE_3:segments-5-20,4.858333333333059,0.5,14,0.1976829320192337,-0.0067899152636528015,0.08984370529651642,-0.04207453954563016,-0.03638226566157432,-0.007171901869519745,FR,3,True,False,recoverable,0,False,RUNNING
20.366666666666152,2444,S2_FR_TRAVERSE,TOP_PLACE,v010_20260806_220745_363972_manual:S2_FR_TRAVERSE:ALTERNATE_PROFILE_3:segments-5-20,4.924999999999722,0.5,14,0.19867970049381256,-0.006782844662666321,0.08980211615562439,-0.042284260252001646,-0.03657558557055577,-0.007156662776906431,FR,3,True,False,recoverable,0,False,RUNNING
20.433333333332815,2452,S2_FR_TRAVERSE,TOP_PLACE,v010_20260806_220745_363972_manual:S2_FR_TRAVERSE:ALTERNATE_PROFILE_3:segments-5-20,4.991666666666385,0.5,14,0.19969257712364197,-0.006774239242076874,0.0897415280342102,-0.04251520052605683,-0.036763202167674744,-0.007141788552516545,FR,3,True,False,recoverable,0,False,RUNNING
20.499999999999478,2460,S2_FR_TRAVERSE,TOP_PLACE,v010_20260806_220745_363972_manual:S2_FR_TRAVERSE:ALTERNATE_PROFILE_3:segments-5-20,5.058333333333048,0.5,14,0.20071834325790405,-0.006763823330402374,0.08965864777565002,-0.04276811072150953,-0.03694606860258021,-0.007132572035285891,FR,3,True,False,recoverable,0,False,RUNNING
20.56666666666614,2468,S2_FR_TRAVERSE,TOP_PLACE,v010_20260806_220745_363972_manual:S2_FR_TRAVERSE:ALTERNATE_PROFILE_3:segments-5-20,5.1249999999997105,0.5,14,0.20175965130329132,-0.0067513808608055115,0.08955264091491699,-0.04304669456002415,-0.03712251529519073,-0.007124932719844431,FR,3,True,False,recoverable,0,False,RUNNING
20.633333333332804,2476,S2_FR_TRAVERSE,TOP_PLACE,v010_20260806_220745_363972_manual:S2_FR_TRAVERSE:ALTERNATE_PROFILE_3:segments-5-20,5.191666666666373,0.5,14,0.20280721783638,-0.006738878786563873,0.08942747116088867,-0.0433381774602188,-0.03729198784758698,-0.007096100227079939,FR,3,True,False,recoverable,0,False,RUNNING
20.699999999999466,2484,S2_FR_TRAVERSE,TOP_PLACE,v010_20260806_220745_363972_manual:S2_FR_TRAVERSE:ALTERNATE_PROFILE_3:segments-5-20,5.258333333333036,0.5,14,0.20385414361953735,-0.006720840930938721,0.08927826583385468,-0.04361842125914198,-0.03741162159595717,-0.0070591642151752,FR,3,True,False,recoverable,0,False,RUNNING
20.76666666666613,2492,S2_FR_TRAVERSE,TOP_PLACE,v010_20260806_220745_363972_manual:S2_FR_TRAVERSE:ALTERNATE_PROFILE_3:segments-5-20,5.324999999999699,0.5,14,0.20492306351661682,-0.006700895726680756,0.08909808844327927,-0.043950942271708725,-0.03756765516541578,-0.0070104688640411856,FR,3,True,False,recoverable,0,False,RUNNING
20.833333333332792,2500,S2_FR_TRAVERSE,TOP_PLACE,v010_20260806_220745_363972_manual:S2_FR_TRAVERSE:ALTERNATE_PROFILE_3:segments-5-20,5.391666666666362,0.5,14,0.20601671934127808,-0.0066723451018333435,0.08889155834913254,-0.04430025539400039,-0.03771615077707354,-0.006959122727100971,FR,3,True,False,recoverable,0,False,RUNNING
20.899999999999455,2508,S2_FR_TRAVERSE,TOP_PLACE,v010_20260806_220745_363972_manual:S2_FR_TRAVERSE:ALTERNATE_PROFILE_3:segments-5-20,5.458333333333025,0.5,14,0.2071436047554016,-0.006637729704380035,0.08865509182214737,-0.04471145338537021,-0.03788782800008134,-0.00691694737849307,FR,3,True,False,recoverable,0,False,RUNNING
20.966666666666118,2516,S2_FR_TRAVERSE,TOP_PLACE,v010_20260806_220745_363972_manual:S2_FR_TRAVERSE:ALTERNATE_PROFILE_3:segments-5-20,5.524999999999688,0.5,14,0.20810174942016602,-0.006672509014606476,0.08863150328397751,-0.0443349512908419,-0.03786988521650288,-0.0069450573302015295,FR,3,True,False,recoverable,0,False,RUNNING
21.03333333333278,2524,S2_FR_TRAVERSE,TOP_PLACE,v010_20260806_220745_363972_manual:S2_FR_TRAVERSE:ALTERNATE_PROFILE_3:segments-5-20,5.591666666666351,0.5,14,0.20897755026817322,-0.006753735244274139,0.08874130994081497,-0.043469625788848165,-0.03772356333471351,-0.006978955933766801,FR,3,True,False,recoverable,0,False,RUNNING
21.099999999999444,2532,S2_FR_TRAVERSE,TOP_PLACE,v010_20260806_220745_363972_manual:S2_FR_TRAVERSE:ALTERNATE_PROFILE_3:segments-5-20,5.6583333333330135,0.5,14,0.20982608199119568,-0.006814807653427124,0.08885223418474197,-0.04282435894592621,-0.03758383495587111,-0.00701026716695357,FR,3,True,False,recoverable,0,False,RUNNING
21.166666666666107,2540,S2_FR_TRAVERSE,TOP_PLACE,v010_20260806_220745_363972_manual:S2_FR_TRAVERSE:ALTERNATE_PROFILE_3:segments-5-20,5.724999999999676,0.5,14,0.21066883206367493,-0.006850533187389374,0.08896122127771378,-0.04254078695937751,-0.037549787871518796,-0.007001738021872324,FR,3,True,False,recoverable,0,False,RUNNING
21.23333333333277,2548,S2_FR_TRAVERSE,TOP_PLACE,v010_20260806_220745_363972_manual:S2_FR_TRAVERSE:ALTERNATE_PROFILE_3:segments-5-20,5.791666666666339,0.5,14,0.21156075596809387,-0.006884299218654633,0.0890548825263977,-0.04224333098525285,-0.03754400588366956,-0.007006283972895293,FR,3,True,False,recoverable,0,False,RUNNING
21.299999999999432,2556,S2_FR_TRAVERSE,TOP_PLACE,v010_20260806_220745_363972_manual:S2_FR_TRAVERSE:ALTERNATE_PROFILE_3:segments-5-20,5.858333333333002,0.5,14,0.21248747408390045,-0.006919443607330322,0.08913350850343704,-0.04196330346981823,-0.03755860717641919,-0.007003812525008558,FR,3,True,False,recoverable,0,False,RUNNING
21.366666666666095,2564,S2_FR_TRAVERSE,TOP_PLACE,v010_20260806_220745_363972_manual:S2_FR_TRAVERSE:ALTERNATE_PROFILE_3:segments-5-20,5.924999999999665,0.5,14,0.2133103460073471,-0.006947152316570282,0.08923037350177765,-0.041758370733618634,-0.0374388359965754,-0.007000629894847766,FR,3,True,False,recoverable,0,False,RUNNING
21.433333333332758,2572,S2_FR_TRAVERSE,TOP_PLACE,v010_20260806_220745_363972_manual:S2_FR_TRAVERSE:ALTERNATE_PROFILE_3:segments-5-20,5.991666666666328,0.5,14,0.2141404002904892,-0.006960839033126831,0.08931151777505875,-0.041667556587110514,-0.03735487778560383,-0.006983111587179262,FR,3,True,False,recoverable,0,False,RUNNING
21.49999999999942,2580,S2_FR_TRAVERSE,TOP_PLACE,v010_20260806_220745_363972_manual:S2_FR_TRAVERSE:ALTERNATE_PROFILE_3:segments-5-20,6.058333333332991,0.5,14,0.21501672267913818,-0.006969556212425232,0.0893709808588028,-0.04168844016958263,-0.03734976076227901,-0.0069781985020892275,FR,3,True,False,recoverable,0,False,RUNNING
21.566666666666084,2588,S2_FR_TRAVERSE,TOP_PLACE,v010_20260806_220745_363972_manual:S2_FR_TRAVERSE:ALTERNATE_PROFILE_3:segments-5-20,6.124999999999654,0.5,14,0.21591922640800476,-0.006973236799240112,0.08941265195608139,-0.0417744491941285,-0.03736717652801918,-0.006948954763960312,FR,3,True,False,recoverable,0,False,RUNNING
21.633333333332747,2596,S2_FR_TRAVERSE,TOP_PLACE,v010_20260806_220745_363972_manual:S2_FR_TRAVERSE:ALTERNATE_PROFILE_3:segments-5-20,6.1916666666663165,0.5,14,0.21686282753944397,-0.006970934569835663,0.08943437039852142,-0.041923452278383115,-0.03742215383958276,-0.006937991718674706,FR,3,True,False,recoverable,0,False,RUNNING
21.69999999999941,2604,S2_FR_TRAVERSE,TOP_PLACE,v010_20260806_220745_363972_manual:S2_FR_TRAVERSE:ALTERNATE_PROFILE_3:segments-5-20,6.258333333332979,0.5,14,0.2178400754928589,-0.006957985460758209,0.08943835645914078,-0.04213399585945681,-0.03749852344226503,-0.006919098812536578,FR,3,True,False,recoverable,0,False,RUNNING
21.766666666666072,2612,S2_FR_TRAVERSE,TOP_PLACE,v010_20260806_220745_363972_manual:S2_FR_TRAVERSE:ALTERNATE_PROFILE_3:segments-5-20,6.324999999999642,0.5,14,0.21882423758506775,-0.006942480802536011,0.08942380547523499,-0.042359640850374115,-0.03758024511173558,-0.006908199010115665,FR,3,True,False,recoverable,0,False,RUNNING
21.833333333332735,2620,S2_FR_TRAVERSE,TOP_PLACE,v010_20260806_220745_363972_manual:S2_FR_TRAVERSE:ALTERNATE_PROFILE_3:segments-5-20,6.391666666666305,0.5,14,0.21984495222568512,-0.006925590336322784,0.08938603848218918,-0.04262294958424339,-0.03765814889858251,-0.006893712936916161,FR,3,True,False,recoverable,0,False,RUNNING
21.899999999999398,2628,S2_FR_TRAVERSE,TOP_PLACE,v010_20260806_220745_363972_manual:S2_FR_TRAVERSE:ALTERNATE_PROFILE_3:segments-5-20,6.458333333332968,0.5,14,0.2208704948425293,-0.006908826529979706,0.08932699263095856,-0.04290520841167158,-0.03773760041881278,-0.006875274317480428,FR,3,True,False,recoverable,0,False,RUNNING
21.96666666666606,2636,S2_FR_TRAVERSE,TOP_PLACE,v010_20260806_220745_363972_manual:S2_FR_TRAVERSE:ALTERNATE_PROFILE_3:segments-5-20,6.524999999999631,0.5,14,0.2219221144914627,-0.006890289485454559,0.08924783021211624,-0.04319854434126111,-0.03782916727874551,-0.006865854834010126,FR,3,True,False,recoverable,0,False,RUNNING
22.033333333332724,2644,S2_FR_TRAVERSE,TOP_PLACE,v010_20260806_220745_363972_manual:S2_FR_TRAVERSE:ALTERNATE_PROFILE_3:segments-5-20,6.591666666666294,0.5,14,0.2229873239994049,-0.006870836019515991,0.08914422988891602,-0.04352111428156508,-0.037911088469778066,-0.0068507125234862805,FR,3,True,False,recoverable,0,False,RUNNING
22.099999999999387,2652,S2_FR_TRAVERSE,TOP_PLACE,v010_20260806_220745_363972_manual:S2_FR_TRAVERSE:ALTERNATE_PROFILE_3:segments-5-20,6.658333333332957,0.5625,15,0.22314026951789856,-0.00685746967792511,0.0891050398349762,-0.043709111597705366,-0.038074013831308005,-0.006837528653679894,FR,3,True,False,recoverable,0,False,RUNNING
22.16666666666605,2660,S2_FR_TRAVERSE,TOP_PLACE,v010_20260806_220745_363972_manual:S2_FR_TRAVERSE:ALTERNATE_PROFILE_3:segments-5-20,6.7249999999996195,0.625,16,0.22314782440662384,-0.006855294108390808,0.08910077065229416,-0.043729660714050274,-0.03801611899085682,-0.006842219585100629,FR,3,True,False,recoverable,0,False,RUNNING
22.233333333332713,2668,S2_FR_TRAVERSE,TOP_PLACE,v010_20260806_220745_363972_manual:S2_FR_TRAVERSE:ALTERNATE_PROFILE_3:segments-5-20,6.791666666666282,0.6875,17,0.2231968194246292,-0.00684964656829834,0.08907683938741684,-0.0438098201093872,-0.03806981519265428,-0.006834516125737731,FR,3,True,False,recoverable,0,False,RUNNING
22.299999999999375,2676,S2_FR_TRAVERSE,TOP_PLACE,v010_20260806_220745_363972_manual:S2_FR_TRAVERSE:ALTERNATE_PROFILE_3:segments-5-20,6.858333333332945,0.6875,17,0.22328811883926392,-0.006836116313934326,0.08903393894433975,-0.04397570652165012,-0.03824790240970683,-0.006830156997446761,FR,4,True,False,recoverable,0,False,RUNNING
22.36666666666604,2684,S2_FR_TRAVERSE,TOP_PLACE,v010_20260806_220745_363972_manual:S2_FR_TRAVERSE:ALTERNATE_PROFILE_3:segments-5-20,6.924999999999608,0.75,18,0.22334769368171692,-0.006829604506492615,0.089011549949646,-0.04406617624324387,-0.03829576722999449,-0.006822989986152045,FR,4,True,False,recoverable,0,False,RUNNING
22.4333333333327,2692,S2_FR_TRAVERSE,TOP_PLACE,v010_20260806_220745_363972_manual:S2_FR_TRAVERSE:ALTERNATE_PROFILE_3:segments-5-20,6.991666666666271,0.8125,19,0.2233951985836029,-0.006824158132076263,0.08899440616369247,-0.044131710521959314,-0.03831561155537477,-0.006822996055754087,FR,4,True,False,recoverable,0,False,RUNNING
22.499999999999364,2700,S2_FR_TRAVERSE,TOP_PLACE,v010_20260806_220745_363972_manual:S2_FR_TRAVERSE:ALTERNATE_PROFILE_3:segments-5-20,7.058333333332934,0.875,20,0.22300580143928528,-0.006892457604408264,0.08924887329339981,-0.043201403427532294,-0.036785359437176854,-0.006900492795650956,FR,4,True,False,recoverable,0,False,RUNNING
22.566666666666027,2708,S2_FR_TRAVERSE,TOP_PLACE,v010_20260806_220745_363972_manual:S2_FR_TRAVERSE:ALTERNATE_PROFILE_3:segments-5-20,7.124999999999597,0.875,20,0.22134904563426971,-0.007118590176105499,0.09018921852111816,-0.03933491288921037,-0.03165240247527413,-0.007030672915379576,FR,4,True,False,recoverable,0,False,RUNNING
22.63333333333269,2716,S2_FR_TRAVERSE,TOP_PLACE,v010_20260806_220745_363972_manual:S2_FR_TRAVERSE:ALTERNATE_PROFILE_3:segments-5-20,7.19166666666626,0.9375,21,0.22101391851902008,-0.007171414792537689,0.09036210179328918,-0.038590643679717554,-0.0306539944506948,-0.007063000202769344,FR,4,True,False,recoverable,0,False,RUNNING
22.699999999999353,2724,S3_FL_TRAVERSE,UNLOAD,v010_20260806_220745_363972_manual:S3_FL_TRAVERSE:ALTERNATE_PROFILE_3:segments-21-41,0.05833333333333002,0.0,21,0.22070759534835815,-0.007222428917884827,0.09056888520717621,-0.0377402072934735,-0.029674536828237216,-0.007070840337848686,FL,4,True,False,recoverable,0,False,RUNNING
22.766666666666016,2732,S3_FL_TRAVERSE,UNLOAD,v010_20260806_220745_363972_manual:S3_FL_TRAVERSE:ALTERNATE_PROFILE_3:segments-21-41,0.1249999999999929,0.0,22,0.22008168697357178,-0.007127746939659119,0.08982275426387787,-0.03938022878718748,-0.026845257783688948,-0.007208153482164364,FL,4,True,False,recoverable,0,False,RUNNING
22.83333333333268,2740,S3_FL_TRAVERSE,UNLOAD,v010_20260806_220745_363972_manual:S3_FL_TRAVERSE:ALTERNATE_PROFILE_3:segments-21-41,0.19166666666665577,0.0,22,0.21966399252414703,-0.007084518671035767,0.08941800147294998,-0.04016162050826108,-0.025070317911255875,-0.007299232955155358,FL,4,True,False,recoverable,0,False,RUNNING
22.89999999999934,2748,S3_FL_TRAVERSE,UNLOAD,v010_20260806_220745_363972_manual:S3_FL_TRAVERSE:ALTERNATE_PROFILE_3:segments-21-41,0.25833333333331865,0.0,22,0.21945884823799133,-0.007066942751407623,0.0892081931233406,-0.04051780705279127,-0.024153784858104863,-0.007343552666380692,FL,4,True,False,recoverable,0,False,RUNNING
22.966666666666004,2756,S3_FL_TRAVERSE,UNLOAD,v010_20260806_220745_363972_manual:S3_FL_TRAVERSE:ALTERNATE_PROFILE_3:segments-21-41,0.3249999999999815,0.0,22,0.21933433413505554,-0.00706210732460022,0.08909642696380615,-0.04063679251717445,-0.02365751286201708,-0.007367084079751733,FL,3,True,False,recoverable,0,False,RUNNING
23.033333333332667,2764,S3_FL_TRAVERSE,UNLOAD,v010_20260806_220745_363972_manual:S3_FL_TRAVERSE:ALTERNATE_PROFILE_3:segments-21-41,0.3916666666666444,0.0,22,0.21928855776786804,-0.007061123847961426,0.08903585374355316,-0.04068078729933771,-0.023409000865724904,-0.007378347907084362,FL,3,True,False,recoverable,0,False,RUNNING
23.09999999999933,2772,S3_FL_TRAVERSE,UNLOAD,v010_20260806_220745_363972_manual:S3_FL_TRAVERSE:ALTERNATE_PROFILE_3:segments-21-41,0.4583333333333073,0.0,22,0.21928288042545319,-0.007062673568725586,0.08899795264005661,-0.04067950002401216,-0.02327846954687765,-0.007384130100533442,FL,3,True,False,recoverable,0,False,RUNNING
23.166666666665993,2780,S3_FL_TRAVERSE,UNLOAD,v010_20260806_220745_363972_manual:S3_FL_TRAVERSE:ALTERNATE_PROFILE_3:segments-21-41,0.5249999999999702,0.047619047619047616,23,0.2193308174610138,-0.007060594856739044,0.08894304186105728,-0.04074166046244286,-0.02320427301005876,-0.007389014719087427,FL,3,True,False,recoverable,0,False,RUNNING
23.233333333332656,2788,S3_FL_TRAVERSE,UNLOAD,v010_20260806_220745_363972_manual:S3_FL_TRAVERSE:ALTERNATE_PROFILE_3:segments-21-41,0.591666666666633,0.047619047619047616,23,0.21930524706840515,-0.007069706916809082,0.08893639594316483,-0.04061427934712016,-0.02314294921957063,-0.007387857474243305,FL,3,True,False,recoverable,0,False,RUNNING
23.29999999999932,2796,S3_FL_TRAVERSE,UNLOAD,v010_20260806_220745_363972_manual:S3_FL_TRAVERSE:ALTERNATE_PROFILE_3:segments-21-41,0.6583333333332959,0.047619047619047616,23,0.2192942053079605,-0.0070777833461761475,0.08893665671348572,-0.04049690112262802,-0.0231336996500002,-0.007385016393393725,FL,3,True,False,recoverable,0,False,RUNNING
23.36666666666598,2804,S3_FL_TRAVERSE,UNLOAD,v010_20260806_220745_363972_manual:S3_FL_TRAVERSE:ALTERNATE_PROFILE_3:segments-21-41,0.7249999999999588,0.09523809523809523,24,0.21930010616779327,-0.007082827389240265,0.08892615139484406,-0.04042934179344117,-0.023126440224675488,-0.007384089270519728,FL,3,True,False,recoverable,0,False,RUNNING
23.433333333332644,2812,S3_FL_TRAVERSE,UNLOAD,v010_20260806_220745_363972_manual:S3_FL_TRAVERSE:ALTERNATE_PROFILE_3:segments-21-41,0.7916666666666217,0.14285714285714285,25,0.2193104326725006,-0.007087089121341705,0.0889141857624054,-0.0403761515140828,-0.023112602857760282,-0.007383114341340553,FL,3,True,False,recoverable,0,False,RUNNING
23.499999999999307,2820,S3_FL_TRAVERSE,UNLOAD,v010_20260806_220745_363972_manual:S3_FL_TRAVERSE:ALTERNATE_PROFILE_3:segments-21-41,0.8583333333332845,0.19047619047619047,26,0.21927379071712494,-0.007088132202625275,0.08887773752212524,-0.04037603000813172,-0.022985718668652646,-0.00738850059445108,FL,3,True,False,recoverable,0,False,RUNNING
23.56666666666597,2828,S3_FL_TRAVERSE,UNLOAD,v010_20260806_220745_363972_manual:S3_FL_TRAVERSE:ALTERNATE_PROFILE_3:segments-21-41,0.9249999999999474,0.19047619047619047,26,0.21929652988910675,-0.007095590233802795,0.08889530599117279,-0.04026572631177753,-0.02303417622097257,-0.007383387110022717,FL,3,True,False,recoverable,0,False,RUNNING
23.633333333332633,2836,S3_FL_TRAVERSE,FACE_CLEAR,v010_20260806_220745_363972_manual:S3_FL_TRAVERSE:ALTERNATE_PROFILE_3:segments-21-41,0.9916666666666103,0.23809523809523808,27,0.21923857927322388,-0.00709090381860733,0.0888184979557991,-0.040365830313782845,-0.02281121975145919,-0.007395280040825012,FL,3,True,False,recoverable,0,False,RUNNING
23.699999999999296,2844,S3_FL_TRAVERSE,FACE_CLEAR,v010_20260806_220745_363972_manual:S3_FL_TRAVERSE:ALTERNATE_PROFILE_3:segments-21-41,1.0583333333332732,0.23809523809523808,27,0.21925365924835205,-0.007090859115123749,0.08879393339157104,-0.040381383587455265,-0.022783898048832185,-0.007396758262232434,FL,3,True,False,recoverable,0,False,RUNNING
23.76666666666596,2852,S3_FL_TRAVERSE,FACE_CLEAR,v010_20260806_220745_363972_manual:S3_FL_TRAVERSE:ALTERNATE_PROFILE_3:segments-21-41,1.124999999999936,0.23809523809523808,27,0.2193332463502884,-0.007106564939022064,0.08888453245162964,-0.04012014436517413,-0.02302975796249887,-0.007378967557401068,FL,3,True,False,recoverable,0,False,RUNNING
23.83333333333262,2860,S3_FL_TRAVERSE,FACE_CLEAR,v010_20260806_220745_363972_manual:S3_FL_TRAVERSE:ALTERNATE_PROFILE_3:segments-21-41,1.191666666666599,0.23809523809523808,27,0.21934917569160461,-0.007109992206096649,0.08888654410839081,-0.04006931394757047,-0.023064298809985246,-0.007376709469893173,FL,3,True,False,recoverable,0,False,RUNNING
23.899999999999284,2868,S3_FL_TRAVERSE,FACE_CLEAR,v010_20260806_220745_363972_manual:S3_FL_TRAVERSE:ALTERNATE_PROFILE_3:segments-21-41,1.2583333333332618,0.23809523809523808,27,0.21935567259788513,-0.007116653025150299,0.08890413492918015,-0.03996598418510931,-0.023102492372151315,-0.007371815210657199,FL,3,True,False,recoverable,0,False,RUNNING
23.966666666665947,2876,S3_FL_TRAVERSE,FACE_CLEAR,v010_20260806_220745_363972_manual:S3_FL_TRAVERSE:ALTERNATE_PROFILE_3:segments-21-41,1.3249999999999247,0.23809523809523808,27,0.21935024857521057,-0.007121868431568146,0.0889144241809845,-0.03988892198949044,-0.02308781430534188,-0.007370218328208983,FL,3,True,False,recoverable,0,False,RUNNING
24.03333333333261,2884,S3_FL_TRAVERSE,FACE_CLEAR,v010_20260806_220745_363972_manual:S3_FL_TRAVERSE:ALTERNATE_PROFILE_3:segments-21-41,1.3916666666665876,0.23809523809523808,27,0.21933704614639282,-0.007123418152332306,0.08890325576066971,-0.03987192356400804,-0.023025970732465727,-0.007371950628290659,FL,3,True,False,recoverable,0,False,RUNNING
24.099999999999273,2892,S3_FL_TRAVERSE,FACE_CLEAR,v010_20260806_220745_363972_manual:S3_FL_TRAVERSE:ALTERNATE_PROFILE_3:segments-21-41,1.4583333333332504,0.2857142857142857,28,0.2192986011505127,-0.0071134790778160095,0.088814876973629,-0.04005289363550102,-0.022818293198760452,-0.007385852079371522,FL,3,True,False,recoverable,0,False,RUNNING
24.166666666665936,2900,S3_FL_TRAVERSE,FACE_CLEAR,v010_20260806_220745_363972_manual:S3_FL_TRAVERSE:ALTERNATE_PROFILE_3:segments-21-41,1.5249999999999133,0.2857142857142857,28,0.21930235624313354,-0.007116161286830902,0.08881126344203949,-0.040019523360081175,-0.022833220365197797,-0.0073842848700762815,FL,3,True,False,recoverable,0,False,RUNNING
24.2333333333326,2908,S3_FL_TRAVERSE,FACE_CLEAR,v010_20260806_220745_363972_manual:S3_FL_TRAVERSE:ALTERNATE_PROFILE_3:segments-21-41,1.5916666666665762,0.3333333333333333,29,0.21930533647537231,-0.007118299603462219,0.0888075903058052,-0.03999175772924048,-0.02283504899753767,-0.007383378140614909,FL,3,True,False,recoverable,0,False,RUNNING
24.29999999999926,2916,S3_FL_TRAVERSE,FACE_CLEAR,v010_20260806_220745_363972_manual:S3_FL_TRAVERSE:ALTERNATE_PROFILE_3:segments-21-41,1.658333333333239,0.3333333333333333,29,0.21931295096874237,-0.007120698690414429,0.08881119638681412,-0.0399553367566184,-0.022846755787704925,-0.007381789784344888,FL,3,True,False,recoverable,0,False,RUNNING
24.366666666665925,2924,S3_FL_TRAVERSE,FACE_CLEAR,v010_20260806_220745_363972_manual:S3_FL_TRAVERSE:ALTERNATE_PROFILE_3:segments-21-41,1.724999999999902,0.38095238095238093,30,0.21931999921798706,-0.007125787436962128,0.08883322030305862,-0.039872485870056526,-0.022876074331853874,-0.0073779552816686704,FL,3,True,False,recoverable,0,False,RUNNING
24.433333333332588,2932,S3_FL_TRAVERSE,FACE_CLEAR,v010_20260806_220745_363972_manual:S3_FL_TRAVERSE:ALTERNATE_PROFILE_3:segments-21-41,1.7916666666665648,0.42857142857142855,31,0.21931059658527374,-0.007122069597244263,0.08879366517066956,-0.03994571054763575,-0.022791697330103642,-0.007383563810604804,FL,3,True,False,recoverable,0,False,RUNNING
24.49999999999925,2940,S3_FL_TRAVERSE,FACE_CLEAR,v010_20260806_220745_363972_manual:S3_FL_TRAVERSE:ALTERNATE_PROFILE_3:segments-21-41,1.8583333333332277,0.42857142857142855,31,0.21931882202625275,-0.007126286625862122,0.08880976587533951,-0.03987622182345847,-0.02282699357129845,-0.007380143846074739,FL,3,True,False,recoverable,0,False,RUNNING
24.566666666665913,2948,S3_FL_TRAVERSE,FACE_CLEAR,v010_20260806_220745_363972_manual:S3_FL_TRAVERSE:ALTERNATE_PROFILE_3:segments-21-41,1.9249999999998906,0.47619047619047616,32,0.21932533383369446,-0.007130824029445648,0.08883137255907059,-0.03980065899880983,-0.022852332099200314,-0.0073768281956080265,FL,3,True,False,recoverable,0,False,RUNNING
24.633333333332576,2956,S3_FL_TRAVERSE,FACE_CLEAR,v010_20260806_220745_363972_manual:S3_FL_TRAVERSE:ALTERNATE_PROFILE_3:segments-21-41,1.9916666666665535,0.47619047619047616,32,0.21933354437351227,-0.00713377445936203,0.08884375542402267,-0.039754742389420346,-0.022883860720663066,-0.007373830445048873,FL,3,True,False,recoverable,0,False,RUNNING
24.69999999999924,2964,S3_FL_TRAVERSE,TOP_PLACE,v010_20260806_220745_363972_manual:S3_FL_TRAVERSE:ALTERNATE_PROFILE_3:segments-21-41,2.0583333333332163,0.5238095238095238,33,0.22015643119812012,-0.007169067859649658,0.08893074095249176,-0.039225180194527455,-0.02268448811215968,-0.007336152995919292,FL,3,True,False,recoverable,0,False,RUNNING
24.766666666665902,2972,S3_FL_TRAVERSE,TOP_PLACE,v010_20260806_220745_363972_manual:S3_FL_TRAVERSE:ALTERNATE_PROFILE_3:segments-21-41,2.124999999999879,0.5238095238095238,33,0.2211223542690277,-0.0072116851806640625,0.08901401609182358,-0.038775028039581605,-0.022635741415171544,-0.007299720685593879,FL,3,True,False,recoverable,0,False,RUNNING
24.833333333332565,2980,S3_FL_TRAVERSE,TOP_PLACE,v010_20260806_220745_363972_manual:S3_FL_TRAVERSE:ALTERNATE_PROFILE_3:segments-21-41,2.191666666666542,0.5238095238095238,33,0.22211791574954987,-0.007245808839797974,0.0890745148062706,-0.038355997947160124,-0.02258040998566817,-0.007266881731121521,FL,3,True,False,recoverable,0,False,RUNNING
24.899999999999228,2988,S3_FL_TRAVERSE,TOP_PLACE,v010_20260806_220745_363972_manual:S3_FL_TRAVERSE:ALTERNATE_PROFILE_3:segments-21-41,2.258333333333205,0.5238095238095238,33,0.22307802736759186,-0.0072731152176856995,0.08912775665521622,-0.03796048590651665,-0.022528483783682177,-0.007215454312475541,FL,3,True,False,recoverable,0,False,RUNNING
24.96666666666589,2996,S3_FL_TRAVERSE,TOP_PLACE,v010_20260806_220745_363972_manual:S3_FL_TRAVERSE:ALTERNATE_PROFILE_3:segments-21-41,2.324999999999868,0.5238095238095238,33,0.22409383952617645,-0.007305130362510681,0.08914243429899216,-0.03756162289773204,-0.022439272637950057,-0.007151279550089396,FL,3,True,False,recoverable,0,False,RUNNING
25.033333333332553,3004,S3_FL_TRAVERSE,TOP_PLACE,v010_20260806_220745_363972_manual:S3_FL_TRAVERSE:ALTERNATE_PROFILE_3:segments-21-41,2.3916666666665307,0.5238095238095238,33,0.22513987123966217,-0.007340103387832642,0.08915980905294418,-0.037148567920309135,-0.02245936623477437,-0.007110056423326797,FL,3,True,False,recoverable,0,False,RUNNING
25.099999999999216,3012,S3_FL_TRAVERSE,TOP_PLACE,v010_20260806_220745_363972_manual:S3_FL_TRAVERSE:ALTERNATE_PROFILE_3:segments-21-41,2.4583333333331936,0.5238095238095238,33,0.2261868417263031,-0.007377415895462036,0.08912648260593414,-0.036746218024376893,-0.02234543037740627,-0.007057169522344625,FL,3,True,False,recoverable,0,False,RUNNING
25.16666666666588,3020,S3_FL_TRAVERSE,TOP_PLACE,v010_20260806_220745_363972_manual:S3_FL_TRAVERSE:ALTERNATE_PROFILE_3:segments-21-41,2.5249999999998565,0.5238095238095238,33,0.22727368772029877,-0.007409483194351196,0.08906853199005127,-0.03632242025490723,-0.022261543072380176,-0.0069988637569531305,FL,3,True,False,recoverable,0,False,RUNNING
25.233333333332542,3028,S3_FL_TRAVERSE,TOP_PLACE,v010_20260806_220745_363972_manual:S3_FL_TRAVERSE:ALTERNATE_PROFILE_3:segments-21-41,2.5916666666665193,0.5238095238095238,33,0.2283831536769867,-0.007444366812705994,0.08897285908460617,-0.036013842828570605,-0.02217342850960554,-0.006946401457605228,FL,3,True,False,recoverable,0,False,RUNNING
25.299999999999205,3036,S3_FL_TRAVERSE,TOP_PLACE,v010_20260806_220745_363972_manual:S3_FL_TRAVERSE:ALTERNATE_PROFILE_3:segments-21-41,2.6583333333331822,0.5238095238095238,33,0.2293025553226471,-0.007480263710021973,0.08898504823446274,-0.035656277057013186,-0.022321444115444667,-0.006930283265733535,FL,3,True,False,recoverable,0,False,RUNNING
25.366666666665868,3044,S3_FL_TRAVERSE,TOP_PLACE,v010_20260806_220745_363972_manual:S3_FL_TRAVERSE:ALTERNATE_PROFILE_3:segments-21-41,2.724999999999845,0.5238095238095238,33,0.23005355894565582,-0.007524959743022919,0.08916465938091278,-0.03508147951457219,-0.02281503378986751,-0.006896246292946627,FL,3,True,False,recoverable,0,False,RUNNING
25.43333333333253,3052,S3_FL_TRAVERSE,TOP_PLACE,v010_20260806_220745_363972_manual:S3_FL_TRAVERSE:ALTERNATE_PROFILE_3:segments-21-41,2.791666666666508,0.5238095238095238,33,0.2308787703514099,-0.0075650885701179504,0.08932404220104218,-0.034603814843641445,-0.023403763035870745,-0.006870761829563139,FL,3,True,False,recoverable,0,False,RUNNING
25.499999999999194,3060,S3_FL_TRAVERSE,TOP_PLACE,v010_20260806_220745_363972_manual:S3_FL_TRAVERSE:ALTERNATE_PROFILE_3:segments-21-41,2.858333333333171,0.5238095238095238,33,0.23176166415214539,-0.007591813802719116,0.0894470140337944,-0.03431865499031759,-0.023952145136169663,-0.006842005732473156,FL,3,True,False,recoverable,0,False,RUNNING
25.566666666665856,3068,S3_FL_TRAVERSE,TOP_PLACE,v010_20260806_220745_363972_manual:S3_FL_TRAVERSE:ALTERNATE_PROFILE_3:segments-21-41,2.9249999999998337,0.5238095238095238,33,0.23267027735710144,-0.007569052278995514,0.08949659019708633,-0.03475277529572158,-0.02405464282191407,-0.006865426854352123,FL,3,True,False,recoverable,0,False,RUNNING
25.63333333333252,3076,S3_FL_TRAVERSE,TOP_PLACE,v010_20260806_220745_363972_manual:S3_FL_TRAVERSE:ALTERNATE_PROFILE_3:segments-21-41,2.9916666666664966,0.5238095238095238,33,0.23363523185253143,-0.007536880671977997,0.08948314934968948,-0.03542541438606764,-0.024115930033162935,-0.0068922357858801865,FL,3,True,False,recoverable,0,False,RUNNING
25.699999999999182,3084,S3_FL_TRAVERSE,TOP_PLACE,v010_20260806_220745_363972_manual:S3_FL_TRAVERSE:ALTERNATE_PROFILE_3:segments-21-41,3.0583333333331595,0.5238095238095238,33,0.2346135675907135,-0.007499314844608307,0.0894484892487526,-0.03612598545428932,-0.02416059874735735,-0.006914077025545091,FL,3,True,False,recoverable,0,False,RUNNING
25.766666666665845,3092,S3_FL_TRAVERSE,TOP_PLACE,v010_20260806_220745_363972_manual:S3_FL_TRAVERSE:ALTERNATE_PROFILE_3:segments-21-41,3.1249999999998224,0.5238095238095238,33,0.23561884462833405,-0.007458798587322235,0.08940131962299347,-0.03681765505840169,-0.024227617205904276,-0.0069520568095345564,FL,3,True,False,recoverable,0,False,RUNNING
25.833333333332508,3100,S3_FL_TRAVERSE,TOP_PLACE,v010_20260806_220745_363972_manual:S3_FL_TRAVERSE:ALTERNATE_PROFILE_3:segments-21-41,3.1916666666664852,0.5238095238095238,33,0.23664528131484985,-0.007417686283588409,0.0893174409866333,-0.037562816218916606,-0.02428900900331036,-0.006990079224383507,FL,3,True,False,recoverable,0,False,RUNNING
25.89999999999917,3108,S3_FL_TRAVERSE,TOP_PLACE,v010_20260806_220745_363972_manual:S3_FL_TRAVERSE:ALTERNATE_PROFILE_3:segments-21-41,3.258333333333148,0.5238095238095238,33,0.23755837976932526,-0.007399499416351318,0.08928143978118896,-0.03798156670166717,-0.024191405593427168,-0.00702058013222649,FL,3,True,False,recoverable,0,False,RUNNING
25.966666666665834,3116,S3_FL_TRAVERSE,TOP_PLACE,v010_20260806_220745_363972_manual:S3_FL_TRAVERSE:ALTERNATE_PROFILE_3:segments-21-41,3.324999999999811,0.5238095238095238,33,0.23837637901306152,-0.007415659725666046,0.08934751152992249,-0.037903732356904994,-0.023949066578574003,-0.00701253561425311,FL,3,True,False,recoverable,0,False,RUNNING
26.033333333332497,3124,S3_FL_TRAVERSE,TOP_PLACE,v010_20260806_220745_363972_manual:S3_FL_TRAVERSE:ALTERNATE_PROFILE_3:segments-21-41,3.391666666666474,0.5238095238095238,33,0.2392488420009613,-0.0074307844042778015,0.08941566944122314,-0.03780280254863436,-0.023754038431092913,-0.007007729232216665,FL,3,True,False,recoverable,0,False,RUNNING
26.09999999999916,3132,S3_FL_TRAVERSE,TOP_PLACE,v010_20260806_220745_363972_manual:S3_FL_TRAVERSE:ALTERNATE_PROFILE_3:segments-21-41,3.4583333333331367,0.5238095238095238,33,0.2401590198278427,-0.007447421550750732,0.08947515487670898,-0.037701194431954216,-0.023607876650764567,-0.006980957705421625,FL,3,True,False,recoverable,0,False,RUNNING
26.166666666665822,3140,S3_FL_TRAVERSE,TOP_PLACE,v010_20260806_220745_363972_manual:S3_FL_TRAVERSE:ALTERNATE_PROFILE_3:segments-21-41,3.5249999999997996,0.5238095238095238,33,0.24113214015960693,-0.007460653781890869,0.08951569348573685,-0.03765958067398418,-0.02350982560095607,-0.00697125463179254,FL,3,True,False,recoverable,0,False,RUNNING
26.233333333332485,3148,S3_FL_TRAVERSE,TOP_PLACE,v010_20260806_220745_363972_manual:S3_FL_TRAVERSE:ALTERNATE_PROFILE_3:segments-21-41,3.5916666666664625,0.5238095238095238,33,0.24212560057640076,-0.007475890219211578,0.0895451009273529,-0.03760542258785275,-0.023408746698029267,-0.00696316547834386,FL,3,True,False,recoverable,0,False,RUNNING
26.299999999999148,3156,S3_FL_TRAVERSE,TOP_PLACE,v010_20260806_220745_363972_manual:S3_FL_TRAVERSE:ALTERNATE_PROFILE_3:segments-21-41,3.6583333333331254,0.5238095238095238,33,0.2431318610906601,-0.00749274343252182,0.08956659585237503,-0.03749709682753866,-0.023310083778983706,-0.006940934699725218,FL,3,True,False,recoverable,0,False,RUNNING
26.36666666666581,3164,S3_FL_TRAVERSE,TOP_PLACE,v010_20260806_220745_363972_manual:S3_FL_TRAVERSE:ALTERNATE_PROFILE_3:segments-21-41,3.7249999999997883,0.5238095238095238,33,0.24417175352573395,-0.007510095834732056,0.08957117050886154,-0.03738779111321731,-0.02321946305908288,-0.006937522328537613,FL,3,True,False,recoverable,0,False,RUNNING
26.433333333332474,3172,S3_FL_TRAVERSE,TOP_PLACE,v010_20260806_220745_363972_manual:S3_FL_TRAVERSE:ALTERNATE_PROFILE_3:segments-21-41,3.791666666666451,0.5238095238095238,33,0.245214581489563,-0.007532559335231781,0.08956653624773026,-0.03721213467876657,-0.02312835354265272,-0.006915275135682356,FL,3,True,False,recoverable,0,False,RUNNING
26.499999999999137,3180,S3_FL_TRAVERSE,TOP_PLACE,v010_20260806_220745_363972_manual:S3_FL_TRAVERSE:ALTERNATE_PROFILE_3:segments-21-41,3.858333333333114,0.5238095238095238,33,0.2462850660085678,-0.007554255425930023,0.0895376056432724,-0.03705428788100604,-0.023036398608543913,-0.006909797342010277,FL,3,True,False,recoverable,0,False,RUNNING
26.5666666666658,3188,S3_FL_TRAVERSE,TOP_PLACE,v010_20260806_220745_363972_manual:S3_FL_TRAVERSE:ALTERNATE_PROFILE_3:segments-21-41,3.924999999999777,0.5238095238095238,33,0.24736237525939941,-0.007575288414955139,0.08949857950210571,-0.0368755876737868,-0.022968456080258243,-0.006897642296477029,FL,3,True,False,recoverable,0,False,RUNNING
26.633333333332462,3196,S3_FL_TRAVERSE,TOP_PLACE,v010_20260806_220745_363972_manual:S3_FL_TRAVERSE:ALTERNATE_PROFILE_3:segments-21-41,3.9916666666664398,0.5238095238095238,33,0.24837282299995422,-0.0075962841510772705,0.08948057889938354,-0.03680140817312106,-0.023002869449464072,-0.00688442446109796,FL,3,True,False,recoverable,0,False,RUNNING
26.699999999999125,3204,S3_FL_TRAVERSE,TOP_PLACE,v010_20260806_220745_363972_manual:S3_FL_TRAVERSE:ALTERNATE_PROFILE_3:segments-21-41,4.058333333333103,0.5238095238095238,33,0.249398335814476,-0.007612563669681549,0.08945993334054947,-0.036665480508060816,-0.02307979435791031,-0.006872029050336895,FL,3,True,False,recoverable,0,False,RUNNING
26.766666666665788,3212,S3_FL_TRAVERSE,TOP_PLACE,v010_20260806_220745_363972_manual:S3_FL_TRAVERSE:ALTERNATE_PROFILE_3:segments-21-41,4.1249999999997655,0.5238095238095238,33,0.2504202127456665,-0.007630430161952972,0.08942617475986481,-0.03654229442625558,-0.02313357629300122,-0.006837198931192134,FL,3,True,False,recoverable,0,False,RUNNING
26.83333333333245,3220,S3_FL_TRAVERSE,TOP_PLACE,v010_20260806_220745_363972_manual:S3_FL_TRAVERSE:ALTERNATE_PROFILE_3:segments-21-41,4.191666666666428,0.5238095238095238,33,0.2514806091785431,-0.007633335888385773,0.08934309333562851,-0.03660628864740138,-0.02306521637146531,-0.006822463496120107,FL,3,True,False,recoverable,0,False,RUNNING
26.899999999999114,3228,S3_FL_TRAVERSE,TOP_PLACE,v010_20260806_220745_363972_manual:S3_FL_TRAVERSE:ALTERNATE_PROFILE_3:segments-21-41,4.258333333333091,0.5238095238095238,33,0.25256574153900146,-0.007636331021785736,0.08923365920782089,-0.036649333042986634,-0.02300064128569687,-0.006810605992305584,FL,3,True,False,recoverable,0,False,RUNNING
26.966666666665777,3236,S3_FL_TRAVERSE,TOP_PLACE,v010_20260806_220745_363972_manual:S3_FL_TRAVERSE:ALTERNATE_PROFILE_3:segments-21-41,4.324999999999754,0.5238095238095238,33,0.2536887526512146,-0.007643118500709534,0.08910685777664185,-0.036656809643434006,-0.022948517665231368,-0.006811811939828124,FL,3,True,False,recoverable,0,False,RUNNING
27.03333333333244,3244,S3_FL_TRAVERSE,TOP_PLACE,v010_20260806_220745_363972_manual:S3_FL_TRAVERSE:ALTERNATE_PROFILE_3:segments-21-41,4.391666666666417,0.5238095238095238,33,0.25482070446014404,-0.007642775774002075,0.08892704546451569,-0.0367336217846106,-0.022853707695502185,-0.0068073626389539765,FL,3,True,False,recoverable,0,False,RUNNING
27.099999999999103,3252,S3_FL_TRAVERSE,TOP_PLACE,v010_20260806_220745_363972_manual:S3_FL_TRAVERSE:ALTERNATE_PROFILE_3:segments-21-41,4.45833333333308,0.5238095238095238,33,0.2559410631656647,-0.00764986127614975,0.0887768417596817,-0.03673168821542972,-0.022890632166257127,-0.006827767819550582,FL,3,True,False,recoverable,0,False,RUNNING
27.166666666665765,3260,S3_FL_TRAVERSE,TOP_PLACE,v010_20260806_220745_363972_manual:S3_FL_TRAVERSE:ALTERNATE_PROFILE_3:segments-21-41,4.524999999999743,0.5238095238095238,33,0.25681453943252563,-0.007662884891033173,0.08878464251756668,-0.03659051802885286,-0.023229429431216777,-0.006814188531763973,FL,3,True,False,recoverable,0,False,RUNNING
27.23333333333243,3268,S3_FL_TRAVERSE,TOP_PLACE,v010_20260806_220745_363972_manual:S3_FL_TRAVERSE:ALTERNATE_PROFILE_3:segments-21-41,4.591666666666406,0.5238095238095238,33,0.2577780485153198,-0.007672742009162903,0.08877275884151459,-0.03649415640585365,-0.02368156572838115,-0.006801999010212522,FL,3,True,False,recoverable,0,False,RUNNING
27.29999999999909,3276,S3_FL_TRAVERSE,TOP_PLACE,v010_20260806_220745_363972_manual:S3_FL_TRAVERSE:ALTERNATE_PROFILE_3:segments-21-41,4.6583333333330685,0.5238095238095238,33,0.258640319108963,-0.007699839770793915,0.08883662521839142,-0.036077348674969104,-0.023959848581282615,-0.006773910732751943,FL,3,True,False,recoverable,0,False,RUNNING
27.366666666665754,3284,S3_FL_TRAVERSE,TOP_PLACE,v010_20260806_220745_363972_manual:S3_FL_TRAVERSE:ALTERNATE_PROFILE_3:segments-21-41,4.724999999999731,0.5238095238095238,33,0.2594175934791565,-0.007726795971393585,0.08892101049423218,-0.03583732315459369,-0.023776305404224516,-0.006772183316876804,FL,3,True,False,recoverable,0,False,RUNNING
27.433333333332417,3292,S3_FL_TRAVERSE,TOP_PLACE,v010_20260806_220745_363972_manual:S3_FL_TRAVERSE:ALTERNATE_PROFILE_3:segments-21-41,4.791666666666394,0.5238095238095238,33,0.26029640436172485,-0.0077339038252830505,0.08898448944091797,-0.0358259977481791,-0.02358394206964085,-0.006770855294568717,FL,3,True,False,recoverable,0,False,RUNNING
27.49999999999908,3300,S3_FL_TRAVERSE,TOP_PLACE,v010_20260806_220745_363972_manual:S3_FL_TRAVERSE:ALTERNATE_PROFILE_3:segments-21-41,4.858333333333057,0.5238095238095238,33,0.2612071931362152,-0.007745362818241119,0.08906599134206772,-0.03572785326320907,-0.02346283819016061,-0.006747458899571234,FL,3,True,False,recoverable,0,False,RUNNING
27.566666666665743,3308,S3_FL_TRAVERSE,TOP_PLACE,v010_20260806_220745_363972_manual:S3_FL_TRAVERSE:ALTERNATE_PROFILE_3:segments-21-41,4.92499999999972,0.5238095238095238,33,0.2621608376502991,-0.007756583392620087,0.08911624550819397,-0.03569061244524021,-0.023349803152284937,-0.006749961240017301,FL,3,True,False,recoverable,0,False,RUNNING
27.633333333332406,3316,S3_FL_TRAVERSE,TOP_PLACE,v010_20260806_220745_363972_manual:S3_FL_TRAVERSE:ALTERNATE_PROFILE_3:segments-21-41,4.991666666666383,0.5238095238095238,33,0.26311975717544556,-0.007766455411911011,0.08916624635457993,-0.0355815422790759,-0.023250375552332326,-0.006736659011341096,FL,3,True,False,recoverable,0,False,RUNNING
27.69999999999907,3324,S3_FL_TRAVERSE,TOP_PLACE,v010_20260806_220745_363972_manual:S3_FL_TRAVERSE:ALTERNATE_PROFILE_3:segments-21-41,5.058333333333046,0.5238095238095238,33,0.2641095519065857,-0.007782444357872009,0.08920088410377502,-0.035472764913957545,-0.02316863158453504,-0.0067089692740789466,FL,3,True,False,recoverable,0,False,RUNNING
27.76666666666573,3332,S3_FL_TRAVERSE,TOP_PLACE,v010_20260806_220745_363972_manual:S3_FL_TRAVERSE:ALTERNATE_PROFILE_3:segments-21-41,5.124999999999709,0.5238095238095238,33,0.26508215069770813,-0.007795073091983795,0.08922353386878967,-0.03531889713997997,-0.023055803671922663,-0.006685789904910825,FL,3,True,False,recoverable,0,False,RUNNING
27.833333333332394,3340,S3_FL_TRAVERSE,TOP_PLACE,v010_20260806_220745_363972_manual:S3_FL_TRAVERSE:ALTERNATE_PROFILE_3:segments-21-41,5.1916666666663716,0.5238095238095238,33,0.2661115229129791,-0.007816486060619354,0.08922571688890457,-0.03515660339850835,-0.02298745727991365,-0.006667322965288291,FL,3,True,False,recoverable,0,False,RUNNING
27.899999999999057,3348,S3_FL_TRAVERSE,TOP_PLACE,v010_20260806_220745_363972_manual:S3_FL_TRAVERSE:ALTERNATE_PROFILE_3:segments-21-41,5.258333333333034,0.5238095238095238,33,0.26714634895324707,-0.007829919457435608,0.08921414613723755,-0.0349918023534189,-0.022907431479050673,-0.006645412356076919,FL,3,True,False,recoverable,0,False,RUNNING
27.96666666666572,3356,S3_FL_TRAVERSE,TOP_PLACE,v010_20260806_220745_363972_manual:S3_FL_TRAVERSE:ALTERNATE_PROFILE_3:segments-21-41,5.324999999999697,0.5238095238095238,33,0.26820963621139526,-0.00785614550113678,0.08918102830648422,-0.03477419260890909,-0.022833579117470394,-0.0066259896106122046,FL,3,True,False,recoverable,0,False,RUNNING
28.033333333332383,3364,S3_FL_TRAVERSE,TOP_PLACE,v010_20260806_220745_363972_manual:S3_FL_TRAVERSE:ALTERNATE_PROFILE_3:segments-21-41,5.39166666666636,0.5238095238095238,33,0.2692394256591797,-0.007879681885242462,0.08917105197906494,-0.034476742605114866,-0.02275120787850251,-0.006602243984138594,FL,3,True,False,recoverable,0,False,RUNNING
28.099999999999046,3372,S3_FL_TRAVERSE,TOP_PLACE,v010_20260806_220745_363972_manual:S3_FL_TRAVERSE:ALTERNATE_PROFILE_3:segments-21-41,5.458333333333023,0.5238095238095238,33,0.2700155973434448,-0.007899105548858643,0.08929644525051117,-0.03432037589646911,-0.023017590063870833,-0.00660651048248197,FL,3,True,False,recoverable,0,False,RUNNING
28.16666666666571,3380,S3_FL_TRAVERSE,TOP_PLACE,v010_20260806_220745_363972_manual:S3_FL_TRAVERSE:ALTERNATE_PROFILE_3:segments-21-41,5.524999999999686,0.5238095238095238,33,0.2708507180213928,-0.007924772799015045,0.08943288773298264,-0.034037686319313344,-0.02338004341451702,-0.006577268883430896,FL,3,True,False,recoverable,0,False,RUNNING
28.23333333333237,3388,S3_FL_TRAVERSE,TOP_PLACE,v010_20260806_220745_363972_manual:S3_FL_TRAVERSE:ALTERNATE_PROFILE_3:segments-21-41,5.591666666666349,0.5238095238095238,33,0.2717035412788391,-0.007955692708492279,0.08960850536823273,-0.03361069072087576,-0.02385847516929532,-0.0065518731324810085,FL,3,True,False,recoverable,0,False,RUNNING
28.299999999999034,3396,S3_FL_TRAVERSE,TOP_PLACE,v010_20260806_220745_363972_manual:S3_FL_TRAVERSE:ALTERNATE_PROFILE_3:segments-21-41,5.658333333333012,0.5238095238095238,33,0.27254417538642883,-0.007973186671733856,0.08973661065101624,-0.0335046840424357,-0.024101501423473295,-0.0065391583104427555,FL,3,True,False,recoverable,0,False,RUNNING
28.366666666665697,3404,S3_FL_TRAVERSE,TOP_PLACE,v010_20260806_220745_363972_manual:S3_FL_TRAVERSE:ALTERNATE_PROFILE_3:segments-21-41,5.724999999999675,0.5238095238095238,33,0.27347028255462646,-0.007955379784107208,0.0898008942604065,-0.03384828514395795,-0.024208675471734296,-0.006545973804940657,FL,3,True,False,recoverable,0,False,RUNNING
28.43333333333236,3412,S3_FL_TRAVERSE,TOP_PLACE,v010_20260806_220745_363972_manual:S3_FL_TRAVERSE:ALTERNATE_PROFILE_3:segments-21-41,5.7916666666663374,0.5238095238095238,33,0.27439963817596436,-0.007943332195281982,0.08984339982271194,-0.0342395263124796,-0.024257567664238366,-0.006558218435407955,FL,3,True,False,recoverable,0,False,RUNNING
28.499999999999023,3420,S3_FL_TRAVERSE,TOP_PLACE,v010_20260806_220745_363972_manual:S3_FL_TRAVERSE:ALTERNATE_PROFILE_3:segments-21-41,5.858333333333,0.5238095238095238,33,0.275377482175827,-0.007915481925010681,0.08985002338886261,-0.03477851384542843,-0.024296573474516244,-0.00657645497059219,FL,3,True,False,recoverable,0,False,RUNNING
28.566666666665686,3428,S3_FL_TRAVERSE,TOP_PLACE,v010_20260806_220745_363972_manual:S3_FL_TRAVERSE:ALTERNATE_PROFILE_3:segments-21-41,5.924999999999663,0.5238095238095238,33,0.27638617157936096,-0.007887236773967743,0.08983048796653748,-0.035358106708501154,-0.024343763361562763,-0.006597393711707107,FL,3,True,False,recoverable,0,False,RUNNING
28.63333333333235,3436,S3_FL_TRAVERSE,TOP_PLACE,v010_20260806_220745_363972_manual:S3_FL_TRAVERSE:ALTERNATE_PROFILE_3:segments-21-41,5.991666666666326,0.5238095238095238,33,0.277404248714447,-0.007855825126171112,0.0897812619805336,-0.03596835649018151,-0.02436084072793801,-0.006629009795577246,FL,3,True,False,recoverable,0,False,RUNNING
28.69999999999901,3444,S3_FL_TRAVERSE,TOP_PLACE,v010_20260806_220745_363972_manual:S3_FL_TRAVERSE:ALTERNATE_PROFILE_3:segments-21-41,6.058333333332989,0.5238095238095238,33,0.2784413695335388,-0.00782378762960434,0.0897008553147316,-0.036618563617675834,-0.02436833375269145,-0.006666512504541398,FL,3,True,False,recoverable,0,False,RUNNING
28.766666666665675,3452,S3_FL_TRAVERSE,TOP_PLACE,v010_20260806_220745_363972_manual:S3_FL_TRAVERSE:ALTERNATE_PROFILE_3:segments-21-41,6.124999999999652,0.5238095238095238,33,0.27949726581573486,-0.007791019976139069,0.08958624303340912,-0.037313343480051483,-0.024371593498704075,-0.00670424386663294,FL,3,True,False,recoverable,0,False,RUNNING
28.833333333332337,3460,S3_FL_TRAVERSE,TOP_PLACE,v010_20260806_220745_363972_manual:S3_FL_TRAVERSE:ALTERNATE_PROFILE_3:segments-21-41,6.191666666666315,0.5238095238095238,33,0.28057628870010376,-0.007759109139442444,0.0894506573677063,-0.037990459423488596,-0.024378881853326435,-0.006750653677380619,FL,3,True,False,recoverable,0,False,RUNNING
28.899999999999,3468,S3_FL_TRAVERSE,TOP_PLACE,v010_20260806_220745_363972_manual:S3_FL_TRAVERSE:ALTERNATE_PROFILE_3:segments-21-41,6.258333333332978,0.5238095238095238,33,0.2816956341266632,-0.007722288370132446,0.08927994966506958,-0.03873635461410099,-0.024389377575705588,-0.006800881935928342,FL,3,True,False,recoverable,0,False,RUNNING
28.966666666665663,3476,S3_FL_TRAVERSE,TOP_PLACE,v010_20260806_220745_363972_manual:S3_FL_TRAVERSE:ALTERNATE_PROFILE_3:segments-21-41,6.3249999999996405,0.5238095238095238,33,0.2828277349472046,-0.007689394056797028,0.08908575028181076,-0.03946484049027237,-0.024402878831737848,-0.0068546447992582716,FL,3,True,False,recoverable,0,False,RUNNING
29.033333333332326,3484,S3_FL_TRAVERSE,TOP_PLACE,v010_20260806_220745_363972_manual:S3_FL_TRAVERSE:ALTERNATE_PROFILE_3:segments-21-41,6.391666666666303,0.5238095238095238,33,0.2839805483818054,-0.007657110691070557,0.0888468474149704,-0.040252426303283906,-0.02438562863049846,-0.006910879388228051,FL,3,True,False,recoverable,0,False,RUNNING
29.09999999999899,3492,S3_FL_TRAVERSE,TOP_PLACE,v010_20260806_220745_363972_manual:S3_FL_TRAVERSE:ALTERNATE_PROFILE_3:segments-21-41,6.458333333332966,0.5238095238095238,33,0.28503280878067017,-0.007642284035682678,0.088670514523983,-0.04073980625530521,-0.024159786537228077,-0.0069268877721252765,FL,3,True,False,recoverable,0,False,RUNNING
29.16666666666565,3500,S3_FL_TRAVERSE,TOP_PLACE,v010_20260806_220745_363972_manual:S3_FL_TRAVERSE:ALTERNATE_PROFILE_3:segments-21-41,6.524999999999629,0.5238095238095238,33,0.28600186109542847,-0.007648192346096039,0.08856724202632904,-0.040873463074230176,-0.023785636502923438,-0.006937694265494811,FL,3,True,False,recoverable,0,False,RUNNING
29.233333333332315,3508,S3_FL_TRAVERSE,TOP_PLACE,v010_20260806_220745_363972_manual:S3_FL_TRAVERSE:ALTERNATE_PROFILE_3:segments-21-41,6.591666666666292,0.5238095238095238,33,0.2870064973831177,-0.007664196193218231,0.08849873393774033,-0.04078613026629791,-0.023553155815803806,-0.006920203100004339,FL,3,True,False,recoverable,0,False,RUNNING
29.299999999998978,3516,S3_FL_TRAVERSE,TOP_PLACE,v010_20260806_220745_363972_manual:S3_FL_TRAVERSE:ALTERNATE_PROFILE_3:segments-21-41,6.658333333332955,0.5238095238095238,33,0.2879782021045685,-0.007698170840740204,0.08849822729825974,-0.04037304477773224,-0.02337141620020488,-0.006884940006981258,FL,3,True,False,recoverable,0,False,RUNNING
29.36666666666564,3524,S3_FL_TRAVERSE,TOP_PLACE,v010_20260806_220745_363972_manual:S3_FL_TRAVERSE:ALTERNATE_PROFILE_3:segments-21-41,6.724999999999618,0.5238095238095238,33,0.2890353500843048,-0.007736675441265106,0.08847081661224365,-0.04000297816919486,-0.023230363823495054,-0.006859034387848497,FL,3,True,False,recoverable,0,False,RUNNING
29.433333333332303,3532,S3_FL_TRAVERSE,TOP_PLACE,v010_20260806_220745_363972_manual:S3_FL_TRAVERSE:ALTERNATE_PROFILE_3:segments-21-41,6.791666666666281,0.5238095238095238,33,0.2900882661342621,-0.007768169045448303,0.08841082453727722,-0.039692864296987,-0.023044913614603233,-0.006820522313990742,FL,3,True,False,recoverable,0,False,RUNNING
29.499999999998966,3540,S3_FL_TRAVERSE,TOP_PLACE,v010_20260806_220745_363972_manual:S3_FL_TRAVERSE:ALTERNATE_PROFILE_3:segments-21-41,6.8583333333329435,0.5238095238095238,33,0.2909851670265198,-0.007800497114658356,0.08844023942947388,-0.0393892859056028,-0.023083945741758274,-0.006797008199248315,FL,3,True,False,recoverable,0,False,RUNNING
29.56666666666563,3548,S3_FL_TRAVERSE,TOP_PLACE,v010_20260806_220745_363972_manual:S3_FL_TRAVERSE:ALTERNATE_PROFILE_3:segments-21-41,6.924999999999606,0.5238095238095238,33,0.29180005192756653,-0.007836051285266876,0.08857190608978271,-0.038990485652885765,-0.023402552928590822,-0.006777852624407591,FL,3,True,False,recoverable,0,False,RUNNING
29.633333333332292,3556,S3_FL_TRAVERSE,TOP_PLACE,v010_20260806_220745_363972_manual:S3_FL_TRAVERSE:ALTERNATE_PROFILE_3:segments-21-41,6.991666666666269,0.5238095238095238,33,0.2926688492298126,-0.007875390350818634,0.08869870752096176,-0.038579620613952696,-0.02378126018494096,-0.006773781889263457,FL,3,True,False,recoverable,0,False,RUNNING
29.699999999998955,3564,S3_FL_TRAVERSE,TOP_PLACE,v010_20260806_220745_363972_manual:S3_FL_TRAVERSE:ALTERNATE_PROFILE_3:segments-21-41,7.058333333332932,0.5238095238095238,33,0.2935340106487274,-0.00791977345943451,0.08884037286043167,-0.038088149969204815,-0.024161109620526738,-0.006741907348880118,FL,3,True,False,recoverable,0,False,RUNNING
29.766666666665618,3572,S3_FL_TRAVERSE,TOP_PLACE,v010_20260806_220745_363972_manual:S3_FL_TRAVERSE:ALTERNATE_PROFILE_3:segments-21-41,7.124999999999595,0.5238095238095238,33,0.2943029999732971,-0.007924705743789673,0.08893018215894699,-0.03809688766970109,-0.023936812720890075,-0.0067323255860117,FL,3,True,False,recoverable,0,False,RUNNING
29.83333333333228,3580,S3_FL_TRAVERSE,TOP_PLACE,v010_20260806_220745_363972_manual:S3_FL_TRAVERSE:ALTERNATE_PROFILE_3:segments-21-41,7.191666666666258,0.5238095238095238,33,0.29515230655670166,-0.00793292373418808,0.08901116997003555,-0.038206285717423086,-0.023755281541851424,-0.006751029289680178,FL,3,True,False,recoverable,0,False,RUNNING
29.899999999998943,3588,S3_FL_TRAVERSE,TOP_PLACE,v010_20260806_220745_363972_manual:S3_FL_TRAVERSE:ALTERNATE_PROFILE_3:segments-21-41,7.258333333332921,0.5238095238095238,33,0.29602402448654175,-0.007941678166389465,0.08909987658262253,-0.03825609738701148,-0.023626668551403652,-0.0067378594059647546,FL,3,True,False,recoverable,0,False,RUNNING
29.966666666665606,3596,S3_FL_TRAVERSE,TOP_PLACE,v010_20260806_220745_363972_manual:S3_FL_TRAVERSE:ALTERNATE_PROFILE_3:segments-21-41,7.324999999999584,0.5238095238095238,33,0.2969277501106262,-0.007949978113174438,0.08918137103319168,-0.03829171018825709,-0.0235355056993877,-0.00673337858845887,FL,3,True,False,recoverable,0,False,RUNNING
30.03333333333227,3604,S3_FL_TRAVERSE,TOP_PLACE,v010_20260806_220745_363972_manual:S3_FL_TRAVERSE:ALTERNATE_PROFILE_3:segments-21-41,7.3916666666662465,0.5238095238095238,33,0.29784485697746277,-0.00796516239643097,0.0892534852027893,-0.03829474097342679,-0.023447709535327394,-0.006719139005322996,FL,3,True,False,recoverable,0,False,RUNNING
30.099999999998932,3612,S3_FL_TRAVERSE,TOP_PLACE,v010_20260806_220745_363972_manual:S3_FL_TRAVERSE:ALTERNATE_PROFILE_3:segments-21-41,7.458333333332909,0.5238095238095238,33,0.2987801134586334,-0.00797581672668457,0.0893135592341423,-0.03828801711745479,-0.023385646753775722,-0.0067088837559865794,FL,3,True,False,recoverable,0,False,RUNNING
30.166666666665595,3620,S3_FL_TRAVERSE,TOP_PLACE,v010_20260806_220745_363972_manual:S3_FL_TRAVERSE:ALTERNATE_PROFILE_3:segments-21-41,7.524999999999572,0.5238095238095238,33,0.2997131049633026,-0.007988698780536652,0.0893649235367775,-0.03823798521180576,-0.02331772708230183,-0.006691368066251667,FL,3,True,False,recoverable,0,False,RUNNING
30.233333333332258,3628,S3_FL_TRAVERSE,TOP_PLACE,v010_20260806_220745_363972_manual:S3_FL_TRAVERSE:ALTERNATE_PROFILE_3:segments-21-41,7.591666666666235,0.5238095238095238,33,0.30068427324295044,-0.008004344999790192,0.08939531445503235,-0.038183763284441896,-0.02324546738197101,-0.006669191525105287,FL,3,True,False,recoverable,0,False,RUNNING
30.29999999999892,3636,S3_FL_TRAVERSE,TOP_PLACE,v010_20260806_220745_363972_manual:S3_FL_TRAVERSE:ALTERNATE_PROFILE_3:segments-21-41,7.658333333332898,0.5238095238095238,33,0.30168288946151733,-0.008016414940357208,0.08940977603197098,-0.038077566635607185,-0.02317411420422111,-0.006648513796013116,FL,3,True,False,recoverable,0,False,RUNNING
30.366666666665584,3644,S3_FL_TRAVERSE,TOP_PLACE,v010_20260806_220745_363972_manual:S3_FL_TRAVERSE:ALTERNATE_PROFILE_3:segments-21-41,7.724999999999561,0.5238095238095238,33,0.3027143180370331,-0.008031405508518219,0.08940315991640091,-0.03797924654735866,-0.023116065262755888,-0.0066183778407362896,FL,3,True,False,recoverable,0,False,RUNNING
30.433333333332246,3652,S3_FL_TRAVERSE,TOP_PLACE,v010_20260806_220745_363972_manual:S3_FL_TRAVERSE:ALTERNATE_PROFILE_3:segments-21-41,7.791666666666224,0.5238095238095238,33,0.30376434326171875,-0.00804051011800766,0.0893743634223938,-0.037871562156372975,-0.02302417998141217,-0.0066098590204378424,FL,3,True,False,recoverable,0,False,RUNNING
30.49999999999891,3660,S3_FL_TRAVERSE,TOP_PLACE,v010_20260806_220745_363972_manual:S3_FL_TRAVERSE:ALTERNATE_PROFILE_3:segments-21-41,7.858333333332887,0.5238095238095238,33,0.30479419231414795,-0.008063539862632751,0.0893457904458046,-0.037636620432776866,-0.022914722415924533,-0.006585850486559036,FL,3,True,False,recoverable,0,False,RUNNING
30.566666666665572,3668,S3_FL_TRAVERSE,TOP_PLACE,v010_20260806_220745_363972_manual:S3_FL_TRAVERSE:ALTERNATE_PROFILE_3:segments-21-41,7.9249999999995495,0.5238095238095238,33,0.30582335591316223,-0.008093789219856262,0.08934509009122849,-0.03723277546224498,-0.022785556885959034,-0.006564500436174308,FL,3,True,False,recoverable,0,False,RUNNING
30.633333333332235,3676,S3_FL_TRAVERSE,TOP_PLACE,v010_20260806_220745_363972_manual:S3_FL_TRAVERSE:ALTERNATE_PROFILE_3:segments-21-41,7.991666666666212,0.5238095238095238,33,0.3068864047527313,-0.008126959204673767,0.08932150900363922,-0.036847791410886115,-0.022656845242524554,-0.00655115983153642,FL,3,True,False,recoverable,0,False,RUNNING
30.699999999998898,3684,S3_FL_TRAVERSE,TOP_PLACE,v010_20260806_220745_363972_manual:S3_FL_TRAVERSE:ALTERNATE_PROFILE_3:segments-21-41,8.058333333332875,0.5238095238095238,33,0.30798661708831787,-0.008160196244716644,0.08926910907030106,-0.03649648017155124,-0.02253324190558865,-0.00651827261731714,FL,3,True,False,recoverable,0,False,RUNNING
30.76666666666556,3692,S3_FL_TRAVERSE,TOP_PLACE,v010_20260806_220745_363972_manual:S3_FL_TRAVERSE:ALTERNATE_PROFILE_3:segments-21-41,8.124999999999538,0.5238095238095238,33,0.3089929521083832,-0.00819145143032074,0.089283287525177,-0.0361256365741478,-0.022593002672034183,-0.006507182436551238,FL,3,True,False,recoverable,0,False,RUNNING
30.833333333332224,3700,S3_FL_TRAVERSE,TOP_PLACE,v010_20260806_220745_363972_manual:S3_FL_TRAVERSE:ALTERNATE_PROFILE_3:segments-21-41,8.191666666666201,0.5238095238095238,33,0.3099678158760071,-0.008228585124015808,0.08932621031999588,-0.035708437659808544,-0.02275991672943669,-0.0064783372679686506,FL,3,True,False,recoverable,0,False,RUNNING
30.899999999998887,3708,S3_FL_TRAVERSE,TOP_PLACE,v010_20260806_220745_363972_manual:S3_FL_TRAVERSE:ALTERNATE_PROFILE_3:segments-21-41,8.258333333332864,0.5238095238095238,33,0.31098228693008423,-0.008264720439910889,0.08935391902923584,-0.03529793340771203,-0.022966973076014367,-0.0064626283681247865,FL,3,True,False,recoverable,0,False,RUNNING
30.96666666666555,3716,S3_FL_TRAVERSE,TOP_PLACE,v010_20260806_220745_363972_manual:S3_FL_TRAVERSE:ALTERNATE_PROFILE_3:segments-21-41,8.324999999999527,0.5238095238095238,33,0.31202706694602966,-0.008299164474010468,0.08935752511024475,-0.03488921793360433,-0.023204593040916828,-0.006421801700671372,FL,3,True,False,recoverable,0,False,RUNNING
31.033333333332212,3724,S3_FL_TRAVERSE,TOP_PLACE,v010_20260806_220745_363972_manual:S3_FL_TRAVERSE:ALTERNATE_PROFILE_3:segments-21-41,8.39166666666619,0.5238095238095238,33,0.3131008744239807,-0.008302442729473114,0.08928601443767548,-0.034961931797575056,-0.023131275223013142,-0.006418687657675092,FL,3,True,False,recoverable,0,False,RUNNING
31.099999999998875,3732,S3_FL_TRAVERSE,TOP_PLACE,v010_20260806_220745_363972_manual:S3_FL_TRAVERSE:ALTERNATE_PROFILE_3:segments-21-41,8.458333333332853,0.5238095238095238,33,0.31420233845710754,-0.008303366601467133,0.08918692171573639,-0.035053111342405484,-0.02306664434771296,-0.006406166570925113,FL,3,True,False,recoverable,0,False,RUNNING
31.166666666665538,3740,S3_FL_TRAVERSE,TOP_PLACE,v010_20260806_220745_363972_manual:S3_FL_TRAVERSE:ALTERNATE_PROFILE_3:segments-21-41,8.524999999999515,0.5238095238095238,33,0.31509584188461304,-0.008286893367767334,0.08916503190994263,-0.03536012801662818,-0.023237033708243742,-0.006426820134336211,FL,3,True,False,recoverable,0,False,RUNNING
31.2333333333322,3748,S3_FL_TRAVERSE,TOP_PLACE,v010_20260806_220745_363972_manual:S3_FL_TRAVERSE:ALTERNATE_PROFILE_3:segments-21-41,8.591666666666178,0.5238095238095238,33,0.31602030992507935,-0.0082755908370018,0.08916773647069931,-0.035570948310357155,-0.02354225280763509,-0.006435839508536253,FL,3,True,False,recoverable,0,False,RUNNING
31.299999999998864,3756,S3_FL_TRAVERSE,TOP_PLACE,v010_20260806_220745_363972_manual:S3_FL_TRAVERSE:ALTERNATE_PROFILE_3:segments-21-41,8.658333333332841,0.5238095238095238,33,0.31697797775268555,-0.008268676698207855,0.08916470408439636,-0.0357137827367981,-0.023899315901889644,-0.006446891801508435,FL,3,True,False,recoverable,0,False,RUNNING
31.366666666665527,3764,S3_FL_TRAVERSE,TOP_PLACE,v010_20260806_220745_363972_manual:S3_FL_TRAVERSE:ALTERNATE_PROFILE_3:segments-21-41,8.724999999999504,0.5238095238095238,33,0.3179739713668823,-0.008263915777206421,0.08914364129304886,-0.03583334371839375,-0.0242946488610459,-0.006448439251981313,FL,3,True,False,recoverable,0,False,RUNNING
31.43333333333219,3772,S3_FL_TRAVERSE,TOP_PLACE,v010_20260806_220745_363972_manual:S3_FL_TRAVERSE:ALTERNATE_PROFILE_3:segments-21-41,8.791666666666167,0.5238095238095238,33,0.3189994692802429,-0.008215777575969696,0.0890342965722084,-0.036532874557198586,-0.024324378715254266,-0.006461354144962925,FL,3,True,False,recoverable,0,False,RUNNING
31.499999999998852,3780,S3_FL_TRAVERSE,TOP_PLACE,v010_20260806_220745_363972_manual:S3_FL_TRAVERSE:ALTERNATE_PROFILE_3:segments-21-41,8.85833333333283,0.5238095238095238,33,0.3198886513710022,-0.0082014799118042,0.08902867883443832,-0.03681776422295763,-0.024095282222913367,-0.0064729296578003885,FL,3,True,False,recoverable,0,False,RUNNING
31.566666666665515,3788,S3_FL_TRAVERSE,TOP_PLACE,v010_20260806_220745_363972_manual:S3_FL_TRAVERSE:ALTERNATE_PROFILE_3:segments-21-41,8.924999999999493,0.5238095238095238,33,0.320701003074646,-0.008206300437450409,0.08909917622804642,-0.03677633921233017,-0.023814031312477463,-0.006465777946367522,FL,3,True,False,recoverable,0,False,RUNNING
31.63333333333218,3796,S3_FL_TRAVERSE,TOP_PLACE,v010_20260806_220745_363972_manual:S3_FL_TRAVERSE:ALTERNATE_PROFILE_3:segments-21-41,8.991666666666156,0.5238095238095238,33,0.32155922055244446,-0.008212052285671234,0.08916778862476349,-0.036708761970553956,-0.02360801248098331,-0.006432084009372101,FL,3,True,False,recoverable,0,False,RUNNING
31.69999999999884,3804,S3_FL_TRAVERSE,TOP_PLACE,v010_20260806_220745_363972_manual:S3_FL_TRAVERSE:ALTERNATE_PROFILE_3:segments-21-41,9.058333333332818,0.5238095238095238,33,0.3223382234573364,-0.008237995207309723,0.08932788670063019,-0.03639244681278359,-0.023561927161727194,-0.006432348451058326,FL,3,True,False,recoverable,0,False,RUNNING
31.766666666665504,3812,S3_FL_TRAVERSE,TOP_PLACE,v010_20260806_220745_363972_manual:S3_FL_TRAVERSE:ALTERNATE_PROFILE_3:segments-21-41,9.124999999999481,0.5238095238095238,33,0.32314831018447876,-0.008256472647190094,0.0894617810845375,-0.03617677634729515,-0.023603383528442712,-0.006400975035870172,FL,3,True,False,recoverable,0,False,RUNNING
31.833333333332167,3820,S3_FL_TRAVERSE,TOP_PLACE,v010_20260806_220745_363972_manual:S3_FL_TRAVERSE:ALTERNATE_PROFILE_3:segments-21-41,9.191666666666144,0.5238095238095238,33,0.32402148842811584,-0.00827520340681076,0.08959316462278366,-0.03599938911068875,-0.023707284416427696,-0.006393784162703242,FL,3,True,False,recoverable,0,False,RUNNING
31.89999999999883,3828,S3_FL_TRAVERSE,TOP_PLACE,v010_20260806_220745_363972_manual:S3_FL_TRAVERSE:ALTERNATE_PROFILE_3:segments-21-41,9.258333333332807,0.5238095238095238,33,0.3249323070049286,-0.008292250335216522,0.08970876038074493,-0.03584243247908668,-0.02387045910739249,-0.0063609182785899065,FL,3,True,False,recoverable,0,False,RUNNING
31.966666666665493,3836,S3_FL_TRAVERSE,TOP_PLACE,v010_20260806_220745_363972_manual:S3_FL_TRAVERSE:ALTERNATE_PROFILE_3:segments-21-41,9.32499999999947,0.5238095238095238,33,0.3258284032344818,-0.008284598588943481,0.08977814763784409,-0.03593218464918724,-0.023799200247769985,-0.006340306566755883,FL,3,True,False,recoverable,0,False,RUNNING
32.03333333333216,3844,S3_FL_TRAVERSE,TOP_PLACE,v010_20260806_220745_363972_manual:S3_FL_TRAVERSE:ALTERNATE_PROFILE_3:segments-21-41,9.391666666666136,0.5238095238095238,33,0.32678380608558655,-0.0082811638712883,0.0898325964808464,-0.036071523007177565,-0.023777734318561977,-0.006313825352338605,FL,3,True,False,recoverable,0,False,RUNNING
32.09999999999882,3852,S3_FL_TRAVERSE,TOP_PLACE,v010_20260806_220745_363972_manual:S3_FL_TRAVERSE:ALTERNATE_PROFILE_3:segments-21-41,9.4583333333328,0.5238095238095238,33,0.32771798968315125,-0.008276879787445068,0.08986370265483856,-0.03618545456479524,-0.023692176311900282,-0.006297267191798313,FL,3,True,False,recoverable,0,False,RUNNING
32.166666666665485,3860,S3_FL_TRAVERSE,TOP_PLACE,v010_20260806_220745_363972_manual:S3_FL_TRAVERSE:ALTERNATE_PROFILE_3:segments-21-41,9.524999999999462,0.5238095238095238,33,0.3287036418914795,-0.008273646235466003,0.08987285196781158,-0.03635889010134185,-0.02364925169884855,-0.006270011982842233,FL,3,True,False,recoverable,0,False,RUNNING
32.23333333333215,3868,S3_FL_TRAVERSE,TOP_PLACE,v010_20260806_220745_363972_manual:S3_FL_TRAVERSE:ALTERNATE_PROFILE_3:segments-21-41,9.591666666666125,0.5238095238095238,33,0.32971054315567017,-0.008266322314739227,0.08986882120370865,-0.036510950180661125,-0.02359846876595885,-0.006257575781924433,FL,3,True,False,recoverable,0,False,RUNNING
32.29999999999881,3876,S3_FL_TRAVERSE,TOP_PLACE,v010_20260806_220745_363972_manual:S3_FL_TRAVERSE:ALTERNATE_PROFILE_3:segments-21-41,9.658333333332788,0.5238095238095238,33,0.3307315707206726,-0.008259803056716919,0.08983740210533142,-0.036671448830818354,-0.023524232733868864,-0.006240587378143805,FL,3,True,False,recoverable,0,False,RUNNING
32.36666666666547,3884,S3_FL_TRAVERSE,TOP_PLACE,v010_20260806_220745_363972_manual:S3_FL_TRAVERSE:ALTERNATE_PROFILE_3:segments-21-41,9.72499999999945,0.5238095238095238,33,0.3318096399307251,-0.008254796266555786,0.08979444205760956,-0.036814641789768475,-0.023499119194241313,-0.006249173550885629,FL,3,True,False,recoverable,0,False,RUNNING
32.433333333332136,3892,S3_FL_TRAVERSE,TOP_PLACE,v010_20260806_220745_363972_manual:S3_FL_TRAVERSE:ALTERNATE_PROFILE_3:segments-21-41,9.791666666666114,0.5238095238095238,33,0.33287084102630615,-0.008250892162322998,0.08972710371017456,-0.03695676333133358,-0.023429724773077896,-0.006237197286780348,FL,3,True,False,recoverable,0,False,RUNNING
32.4999999999988,3900,S3_FL_TRAVERSE,TOP_PLACE,v010_20260806_220745_363972_manual:S3_FL_TRAVERSE:ALTERNATE_PROFILE_3:segments-21-41,9.858333333332777,0.5238095238095238,33,0.333991140127182,-0.008248716592788696,0.08964012563228607,-0.03708903201350748,-0.023401867648730645,-0.006241622905550107,FL,3,True,False,recoverable,0,False,RUNNING
32.56666666666546,3908,S3_FL_TRAVERSE,TOP_PLACE,v010_20260806_220745_363972_manual:S3_FL_TRAVERSE:ALTERNATE_PROFILE_3:segments-21-41,9.92499999999944,0.5238095238095238,33,0.3351202607154846,-0.008244983851909637,0.08951778709888458,-0.03726290235951859,-0.023351790796844442,-0.0062300175321693034,FL,3,True,False,recoverable,0,False,RUNNING
32.633333333332125,3916,S3_FL_TRAVERSE,TOP_PLACE,v010_20260806_220745_363972_manual:S3_FL_TRAVERSE:ALTERNATE_PROFILE_3:segments-21-41,9.991666666666102,0.5238095238095238,33,0.33627554774284363,-0.008246026933193207,0.0893823578953743,-0.03737976143396366,-0.023303214961918874,-0.006237079660589383,FL,3,True,False,recoverable,0,False,RUNNING
32.69999999999879,3924,S3_FL_TRAVERSE,TOP_PLACE,v010_20260806_220745_363972_manual:S3_FL_TRAVERSE:ALTERNATE_PROFILE_3:segments-21-41,10.058333333332765,0.5238095238095238,33,0.3372984528541565,-0.008264072239398956,0.08928512036800385,-0.03723777697736421,-0.023076769301052315,-0.006211470323214755,FL,3,True,False,recoverable,0,False,RUNNING
32.76666666666545,3932,S3_FL_TRAVERSE,TOP_PLACE,v010_20260806_220745_363972_manual:S3_FL_TRAVERSE:ALTERNATE_PROFILE_3:segments-21-41,10.124999999999428,0.5238095238095238,33,0.33820101618766785,-0.008293606340885162,0.08929350972175598,-0.036864717561983014,-0.02286090963581231,-0.006183647516245027,FL,3,True,False,recoverable,0,False,RUNNING
32.833333333332114,3940,S3_FL_TRAVERSE,TOP_PLACE,v010_20260806_220745_363972_manual:S3_FL_TRAVERSE:ALTERNATE_PROFILE_3:segments-21-41,10.191666666666091,0.5238095238095238,33,0.3390817642211914,-0.00831737369298935,0.08935707062482834,-0.036604621512135255,-0.022965027994311885,-0.006140709863486668,FL,3,True,False,recoverable,0,False,RUNNING
32.899999999998776,3948,S3_FL_TRAVERSE,TOP_PLACE,v010_20260806_220745_363972_manual:S3_FL_TRAVERSE:ALTERNATE_PROFILE_3:segments-21-41,10.258333333332754,0.5714285714285714,34,0.3391082286834717,-0.008305147290229797,0.08932521194219589,-0.03679298574688262,-0.022967472597623537,-0.006142796176424034,FL,3,True,False,recoverable,0,False,RUNNING
32.96666666666544,3956,S3_FL_TRAVERSE,TOP_PLACE,v010_20260806_220745_363972_manual:S3_FL_TRAVERSE:ALTERNATE_PROFILE_3:segments-21-41,10.324999999999417,0.6190476190476191,35,0.33901122212409973,-0.008295588195323944,0.08927632123231888,-0.036940686733873115,-0.022810914829619708,-0.0061536599687803725,FL,3,True,False,recoverable,0,False,RUNNING
33.0333333333321,3964,S3_FL_TRAVERSE,TOP_PLACE,v010_20260806_220745_363972_manual:S3_FL_TRAVERSE:ALTERNATE_PROFILE_3:segments-21-41,10.39166666666608,0.6190476190476191,35,0.33899542689323425,-0.008287549018859863,0.08924956619739532,-0.03706653962813577,-0.022784948666366704,-0.0061584684633619845,FL,3,True,False,recoverable,0,False,RUNNING
33.099999999998765,3972,S3_FL_TRAVERSE,TOP_PLACE,v010_20260806_220745_363972_manual:S3_FL_TRAVERSE:ALTERNATE_PROFILE_3:segments-21-41,10.458333333332742,0.6190476190476191,35,0.3389858305454254,-0.008281297981739044,0.08922989666461945,-0.037162893251004914,-0.022775006403461917,-0.006161593781174377,FL,3,True,False,recoverable,0,False,RUNNING
33.16666666666543,3980,S3_FL_TRAVERSE,TOP_PLACE,v010_20260806_220745_363972_manual:S3_FL_TRAVERSE:ALTERNATE_PROFILE_3:segments-21-41,10.524999999999405,0.6666666666666666,36,0.3389160931110382,-0.008274279534816742,0.08918990939855576,-0.03727626383139481,-0.02265374486963847,-0.006169688207333805,FL,3,True,False,recoverable,0,False,RUNNING
33.23333333333209,3988,S3_FL_TRAVERSE,TOP_PLACE,v010_20260806_220745_363972_manual:S3_FL_TRAVERSE:ALTERNATE_PROFILE_3:segments-21-41,10.591666666666068,0.6666666666666666,36,0.3388926088809967,-0.00826863944530487,0.08916749805212021,-0.037364603543404894,-0.022621158575277158,-0.006173490993177865,FL,3,True,False,recoverable,0,False,RUNNING
33.299999999998754,3996,S3_FL_TRAVERSE,TOP_PLACE,v010_20260806_220745_363972_manual:S3_FL_TRAVERSE:ALTERNATE_PROFILE_3:segments-21-41,10.658333333332731,0.6666666666666666,36,0.33888041973114014,-0.00826406478881836,0.089152492582798,-0.03743395098170816,-0.022615310632272317,-0.006175646033659405,FL,3,True,False,recoverable,0,False,RUNNING
33.36666666666542,4004,S3_FL_TRAVERSE,TOP_PLACE,v010_20260806_220745_363972_manual:S3_FL_TRAVERSE:ALTERNATE_PROFILE_3:segments-21-41,10.724999999999394,0.7142857142857143,37,0.3388287425041199,-0.008258670568466187,0.08912012726068497,-0.03753108620923107,-0.022526921845454576,-0.0061803204069322895,FL,3,True,False,recoverable,0,False,RUNNING
33.43333333333208,4012,S3_FL_TRAVERSE,TOP_PLACE,v010_20260806_220745_363972_manual:S3_FL_TRAVERSE:ALTERNATE_PROFILE_3:segments-21-41,10.791666666666057,0.7619047619047619,38,0.33878278732299805,-0.008253529667854309,0.08909536153078079,-0.03760611777411342,-0.02246067699701901,-0.006186240674639174,FL,3,True,False,recoverable,0,False,RUNNING
33.49999999999874,4020,S3_FL_TRAVERSE,TOP_PLACE,v010_20260806_220745_363972_manual:S3_FL_TRAVERSE:ALTERNATE_PROFILE_3:segments-21-41,10.85833333333272,0.7619047619047619,38,0.3387606143951416,-0.008250169456005096,0.08908415585756302,-0.037658141712403066,-0.02244987014556008,-0.006187765160475771,FL,3,True,False,recoverable,0,False,RUNNING
33.566666666665405,4028,S3_FL_TRAVERSE,TOP_PLACE,v010_20260806_220745_363972_manual:S3_FL_TRAVERSE:ALTERNATE_PROFILE_3:segments-21-41,10.924999999999383,0.8095238095238095,39,0.3387042284011841,-0.00824427604675293,0.08905211836099625,-0.037751747828090085,-0.022355326159968717,-0.006194287763091369,FL,3,True,False,recoverable,0,False,RUNNING
33.63333333333207,4036,S3_FL_TRAVERSE,TOP_PLACE,v010_20260806_220745_363972_manual:S3_FL_TRAVERSE:ALTERNATE_PROFILE_3:segments-21-41,10.991666666666045,0.8095238095238095,39,0.33868712186813354,-0.008240766823291779,0.08904325217008591,-0.03780178124585859,-0.02235939747552909,-0.0061960247774991515,FL,3,True,False,recoverable,0,False,RUNNING
33.69999999999873,4044,S3_FL_TRAVERSE,TOP_PLACE,v010_20260806_220745_363972_manual:S3_FL_TRAVERSE:ALTERNATE_PROFILE_3:segments-21-41,11.058333333332708,0.8571428571428571,40,0.33866196870803833,-0.0082467719912529,0.08908514678478241,-0.03769666740079118,-0.022483639029114263,-0.0061879584233083835,FL,3,True,False,recoverable,0,False,RUNNING
33.766666666665394,4052,S3_FL_TRAVERSE,TOP_PLACE,v010_20260806_220745_363972_manual:S3_FL_TRAVERSE:ALTERNATE_PROFILE_3:segments-21-41,11.124999999999371,0.8571428571428571,40,0.33861300349235535,-0.008235633373260498,0.08902790397405624,-0.03787628128598033,-0.022339899312442207,-0.006198958319284409,FL,3,True,False,recoverable,0,False,RUNNING
33.83333333333206,4060,S3_FL_TRAVERSE,TOP_PLACE,v010_20260806_220745_363972_manual:S3_FL_TRAVERSE:ALTERNATE_PROFILE_3:segments-21-41,11.191666666666034,0.9047619047619048,41,0.3386203646659851,-0.008244231343269348,0.08910199999809265,-0.037718859441019784,-0.022582233114563473,-0.006185374340567279,FL,3,True,False,recoverable,0,False,RUNNING
33.89999999999872,4068,S3_FL_TRAVERSE,TOP_PLACE,v010_20260806_220745_363972_manual:S3_FL_TRAVERSE:ALTERNATE_PROFILE_3:segments-21-41,11.258333333332697,0.9047619047619048,41,0.33856263756752014,-0.00822923332452774,0.08901671320199966,-0.03796049594864949,-0.022358444089681226,-0.006201859946357018,FL,3,True,False,recoverable,0,False,RUNNING
33.96666666666538,4076,S3_FL_TRAVERSE,TOP_PLACE,v010_20260806_220745_363972_manual:S3_FL_TRAVERSE:ALTERNATE_PROFILE_3:segments-21-41,11.32499999999936,0.9047619047619048,41,0.3384910821914673,-0.008214615285396576,0.08892588317394257,-0.03821424113249938,-0.022114292194280544,-0.0062172926371739864,FL,4,True,False,recoverable,0,False,RUNNING
34.033333333332045,4084,S3_FL_TRAVERSE,TOP_PLACE,v010_20260806_220745_363972_manual:S3_FL_TRAVERSE:ALTERNATE_PROFILE_3:segments-21-41,11.391666666666023,0.9047619047619048,41,0.33863869309425354,-0.00823744386434555,0.08916204422712326,-0.03763738100357601,-0.022894311558635378,-0.006179257942436747,FL,4,True,False,recoverable,0,False,RUNNING
34.09999999999871,4092,S3_FL_TRAVERSE,TOP_PLACE,v010_20260806_220745_363972_manual:S3_FL_TRAVERSE:ALTERNATE_PROFILE_3:segments-21-41,11.458333333332686,0.9523809523809523,42,0.33959826827049255,-0.008392438292503357,0.09033386409282684,-0.03497349703121566,-0.02653063658822579,-0.005964913256456129,FL,4,True,False,recoverable,0,False,RUNNING
34.16666666666537,4100,S4_FRONT_PAIR_ADVANCE,ADVANCE,v010_20260806_220745_363972_manual:S4_FRONT_PAIR_ADVANCE:ALTERNATE_PROFILE_3:segments-42-43,0.05833333333333002,0.0,42,0.34018653631210327,-0.008506402373313904,0.09111778438091278,-0.03310898628111625,-0.02882859734375713,-0.005849184160618461,,4,True,False,recoverable,0,False,RUNNING
34.233333333332034,4108,S4_FRONT_PAIR_ADVANCE,ADVANCE,v010_20260806_220745_363972_manual:S4_FRONT_PAIR_ADVANCE:ALTERNATE_PROFILE_3:segments-42-43,0.1249999999999929,0.0,43,0.34135210514068604,-0.008573539555072784,0.09152763336896896,-0.03192668038204205,-0.02993593332978864,-0.005746844747677729,,4,True,False,recoverable,0,False,RUNNING
34.2999999999987,4116,S4_FRONT_PAIR_ADVANCE,ADVANCE,v010_20260806_220745_363972_manual:S4_FRONT_PAIR_ADVANCE:ALTERNATE_PROFILE_3:segments-42-43,0.19166666666665577,0.0,43,0.3424590229988098,-0.008615538477897644,0.09175118803977966,-0.03135933784146227,-0.03042348432417955,-0.005694020125224004,,4,True,False,recoverable,0,False,RUNNING
34.36666666666536,4124,S4_FRONT_PAIR_ADVANCE,ADVANCE,v010_20260806_220745_363972_manual:S4_FRONT_PAIR_ADVANCE:ALTERNATE_PROFILE_3:segments-42-43,0.25833333333331865,0.0,43,0.3435222804546356,-0.008637920022010803,0.09188255667686462,-0.031095503323992718,-0.0305910205136745,-0.00566458100931312,,4,True,False,recoverable,0,False,RUNNING
34.43333333333202,4132,S4_FRONT_PAIR_ADVANCE,ADVANCE,v010_20260806_220745_363972_manual:S4_FRONT_PAIR_ADVANCE:ALTERNATE_PROFILE_3:segments-42-43,0.3249999999999815,0.0,43,0.3445699214935303,-0.008653439581394196,0.09197060763835907,-0.030861042533973076,-0.03064611019097343,-0.005631577949730001,,4,True,False,recoverable,0,False,RUNNING
34.499999999998685,4140,S4_FRONT_PAIR_ADVANCE,ADVANCE,v010_20260806_220745_363972_manual:S4_FRONT_PAIR_ADVANCE:ALTERNATE_PROFILE_3:segments-42-43,0.3916666666666444,0.0,43,0.34560447931289673,-0.00867319107055664,0.09200698882341385,-0.030686239577764528,-0.03060540680900899,-0.005624192692403677,,4,True,False,recoverable,0,False,RUNNING
34.56666666666535,4148,S4_FRONT_PAIR_ADVANCE,ADVANCE,v010_20260806_220745_363972_manual:S4_FRONT_PAIR_ADVANCE:ALTERNATE_PROFILE_3:segments-42-43,0.4583333333333073,0.0,43,0.3466474413871765,-0.008681893348693848,0.09200990200042725,-0.030529402674054087,-0.03050326050978821,-0.0056110978339391155,,4,True,False,recoverable,0,False,RUNNING
34.63333333333201,4156,S4_FRONT_PAIR_ADVANCE,ADVANCE,v010_20260806_220745_363972_manual:S4_FRONT_PAIR_ADVANCE:ALTERNATE_PROFILE_3:segments-42-43,0.5249999999999702,0.0,43,0.3475407361984253,-0.008679434657096863,0.09199506789445877,-0.030658845528755866,-0.030493920331427164,-0.005614990827358127,,4,True,False,recoverable,0,False,RUNNING
34.699999999998674,4164,S4_FRONT_PAIR_ADVANCE,ADVANCE,v010_20260806_220745_363972_manual:S4_FRONT_PAIR_ADVANCE:ALTERNATE_PROFILE_3:segments-42-43,0.591666666666633,0.0,43,0.34845462441444397,-0.00867193192243576,0.09193325787782669,-0.030885257567813632,-0.03047732393541949,-0.005631827001893046,,4,True,False,recoverable,0,False,RUNNING
34.76666666666534,4172,S4_FRONT_PAIR_ADVANCE,ADVANCE,v010_20260806_220745_363972_manual:S4_FRONT_PAIR_ADVANCE:ALTERNATE_PROFILE_3:segments-42-43,0.6583333333332959,0.0,43,0.34939801692962646,-0.008649498224258423,0.09189021587371826,-0.031217877652513375,-0.030476510585748098,-0.005651973051660118,,4,True,False,recoverable,0,False,RUNNING
34.833333333332,4180,S4_FRONT_PAIR_ADVANCE,ADVANCE,v010_20260806_220745_363972_manual:S4_FRONT_PAIR_ADVANCE:ALTERNATE_PROFILE_3:segments-42-43,0.7249999999999588,0.0,43,0.35031557083129883,-0.008650504052639008,0.09200353920459747,-0.031134130185621157,-0.030615207760009252,-0.005658686311869511,,4,True,False,recoverable,0,False,RUNNING
34.89999999999866,4188,S4_FRONT_PAIR_ADVANCE,ADVANCE,v010_20260806_220745_363972_manual:S4_FRONT_PAIR_ADVANCE:ALTERNATE_PROFILE_3:segments-42-43,0.7916666666666217,0.0,43,0.35124528408050537,-0.008657887578010559,0.09208887815475464,-0.03111430545788673,-0.030730507809205627,-0.0056696107782005425,,4,True,False,recoverable,0,False,RUNNING
34.966666666665326,4196,S4_FRONT_PAIR_ADVANCE,ADVANCE,v010_20260806_220745_363972_manual:S4_FRONT_PAIR_ADVANCE:ALTERNATE_PROFILE_3:segments-42-43,0.8583333333332845,0.0,43,0.35214751958847046,-0.008673489093780518,0.09223847091197968,-0.030925758503643163,-0.030768498343932846,-0.00564158511126818,,4,True,False,recoverable,0,False,RUNNING
35.03333333333199,4204,S4_FRONT_PAIR_ADVANCE,ADVANCE,v010_20260806_220745_363972_manual:S4_FRONT_PAIR_ADVANCE:ALTERNATE_PROFILE_3:segments-42-43,0.9249999999999474,0.0,43,0.3530983030796051,-0.008688263595104218,0.0923486277461052,-0.030793321706029293,-0.030915027054821513,-0.005642583486863678,,4,True,False,recoverable,0,False,RUNNING
35.09999999999865,4212,S4_FRONT_PAIR_ADVANCE,ADVANCE,v010_20260806_220745_363972_manual:S4_FRONT_PAIR_ADVANCE:ALTERNATE_PROFILE_3:segments-42-43,0.9916666666666103,0.0,43,0.3540474474430084,-0.008703559637069702,0.09246122092008591,-0.030640224476521476,-0.03097027044349664,-0.00564589296772356,,4,True,False,recoverable,0,False,RUNNING
35.166666666665314,4220,S4_FRONT_PAIR_ADVANCE,ADVANCE,v010_20260806_220745_363972_manual:S4_FRONT_PAIR_ADVANCE:ALTERNATE_PROFILE_3:segments-42-43,1.0583333333332732,0.0,43,0.3550274968147278,-0.008719131350517273,0.0925581231713295,-0.030494864935256317,-0.031066771338093258,-0.005651359337238368,,4,True,False,recoverable,0,False,RUNNING
35.23333333333198,4228,S4_FRONT_PAIR_ADVANCE,ADVANCE,v010_20260806_220745_363972_manual:S4_FRONT_PAIR_ADVANCE:ALTERNATE_PROFILE_3:segments-42-43,1.124999999999936,0.0,43,0.35596391558647156,-0.00873854011297226,0.09264355897903442,-0.030319233965403928,-0.031089101557229434,-0.00565254946749166,,4,True,False,recoverable,0,False,RUNNING
35.29999999999864,4236,S4_FRONT_PAIR_ADVANCE,ADVANCE,v010_20260806_220745_363972_manual:S4_FRONT_PAIR_ADVANCE:ALTERNATE_PROFILE_3:segments-42-43,1.191666666666599,0.0,43,0.35690248012542725,-0.008768737316131592,0.09277835488319397,-0.029945283044426316,-0.03099601293352896,-0.005633998377755424,,4,True,False,recoverable,0,False,RUNNING
35.3666666666653,4244,S4_FRONT_PAIR_ADVANCE,ADVANCE,v010_20260806_220745_363972_manual:S4_FRONT_PAIR_ADVANCE:ALTERNATE_PROFILE_3:segments-42-43,1.2583333333332618,0.0,43,0.35784485936164856,-0.008796550333499908,0.09286785125732422,-0.02962871129994032,-0.030911119927291866,-0.005626854846703555,,4,True,False,recoverable,0,False,RUNNING
35.433333333331966,4252,S4_FRONT_PAIR_ADVANCE,ADVANCE,v010_20260806_220745_363972_manual:S4_FRONT_PAIR_ADVANCE:ALTERNATE_PROFILE_3:segments-42-43,1.3249999999999247,0.0,43,0.35883891582489014,-0.00882643461227417,0.09293203055858612,-0.029323722127058496,-0.030861256775140712,-0.00561384808343865,,4,True,False,recoverable,0,False,RUNNING
35.49999999999863,4260,S4_FRONT_PAIR_ADVANCE,ADVANCE,v010_20260806_220745_363972_manual:S4_FRONT_PAIR_ADVANCE:ALTERNATE_PROFILE_3:segments-42-43,1.3916666666665876,0.0,43,0.3598317503929138,-0.008855879306793213,0.09297849982976913,-0.028996585766716775,-0.030793265769944844,-0.005602708129113651,,4,True,False,recoverable,0,False,RUNNING
35.56666666666529,4268,S4_FRONT_PAIR_ADVANCE,ADVANCE,v010_20260806_220745_363972_manual:S4_FRONT_PAIR_ADVANCE:ALTERNATE_PROFILE_3:segments-42-43,1.4583333333332504,0.0,43,0.36084526777267456,-0.008881799876689911,0.09300828725099564,-0.02867766614400583,-0.03076542175819037,-0.005584381994440425,,4,True,False,recoverable,0,False,RUNNING
35.633333333331954,4276,S4_FRONT_PAIR_ADVANCE,ADVANCE,v010_20260806_220745_363972_manual:S4_FRONT_PAIR_ADVANCE:ALTERNATE_PROFILE_3:segments-42-43,1.5249999999999133,0.0,43,0.36188241839408875,-0.008910201489925385,0.0930120199918747,-0.02837792020476345,-0.030726644809480053,-0.005578599365148061,,4,True,False,recoverable,0,False,RUNNING
35.69999999999862,4284,S4_FRONT_PAIR_ADVANCE,ADVANCE,v010_20260806_220745_363972_manual:S4_FRONT_PAIR_ADVANCE:ALTERNATE_PROFILE_3:segments-42-43,1.5916666666665762,0.0,43,0.3629312217235565,-0.008941806852817535,0.09299731254577637,-0.028060542425393287,-0.03068684087587241,-0.005568158097392203,,4,True,False,recoverable,0,False,RUNNING
35.76666666666528,4292,S4_FRONT_PAIR_ADVANCE,ADVANCE,v010_20260806_220745_363972_manual:S4_FRONT_PAIR_ADVANCE:ALTERNATE_PROFILE_3:segments-42-43,1.658333333333239,0.0,43,0.36398792266845703,-0.008971288800239563,0.09296482801437378,-0.02772683755330663,-0.030666056451504397,-0.005542623352204462,,4,True,False,recoverable,0,False,RUNNING
35.83333333333194,4300,S4_FRONT_PAIR_ADVANCE,ADVANCE,v010_20260806_220745_363972_manual:S4_FRONT_PAIR_ADVANCE:ALTERNATE_PROFILE_3:segments-42-43,1.724999999999902,0.0,43,0.3650484085083008,-0.008997224271297455,0.09291966259479523,-0.027376009338367535,-0.030648665333971255,-0.005504637096562408,,4,True,False,recoverable,0,False,RUNNING
35.899999999998606,4308,S4_FRONT_PAIR_ADVANCE,ADVANCE,v010_20260806_220745_363972_manual:S4_FRONT_PAIR_ADVANCE:ALTERNATE_PROFILE_3:segments-42-43,1.7916666666665648,0.0,43,0.36601024866104126,-0.00900597870349884,0.09285663813352585,-0.02732328307520624,-0.03068461902692123,-0.005484685943453204,,4,True,False,recoverable,0,False,RUNNING
35.96666666666527,4316,S4_FRONT_PAIR_ADVANCE,ADVANCE,v010_20260806_220745_363972_manual:S4_FRONT_PAIR_ADVANCE:ALTERNATE_PROFILE_3:segments-42-43,1.8583333333332277,0.0,43,0.36690935492515564,-0.009000308811664581,0.09279047697782516,-0.027527922876276367,-0.030851419512716367,-0.0054745101955572355,,4,True,False,recoverable,0,False,RUNNING
36.03333333333193,4324,S4_FRONT_PAIR_ADVANCE,ADVANCE,v010_20260806_220745_363972_manual:S4_FRONT_PAIR_ADVANCE:ALTERNATE_PROFILE_3:segments-42-43,1.9249999999998906,0.0,43,0.36783403158187866,-0.008991710841655731,0.09270799160003662,-0.027767430040733176,-0.030979952686840735,-0.005477042494997997,,4,True,False,recoverable,0,False,RUNNING
36.099999999998595,4332,S4_FRONT_PAIR_ADVANCE,ADVANCE,v010_20260806_220745_363972_manual:S4_FRONT_PAIR_ADVANCE:ALTERNATE_PROFILE_3:segments-42-43,1.9916666666665535,0.0,43,0.3687659800052643,-0.00895470380783081,0.0926521047949791,-0.02838142890859791,-0.030829311404476686,-0.0055076204653921644,,4,True,False,recoverable,0,False,RUNNING
36.16666666666526,4340,S4_FRONT_PAIR_ADVANCE,ADVANCE,v010_20260806_220745_363972_manual:S4_FRONT_PAIR_ADVANCE:ALTERNATE_PROFILE_3:segments-42-43,2.0583333333332163,0.0,43,0.3697455823421478,-0.008919410407543182,0.09259143471717834,-0.029001847500590844,-0.030783240398543868,-0.005535717253559665,,4,True,False,recoverable,0,False,RUNNING
36.23333333333192,4348,S4_FRONT_PAIR_ADVANCE,ADVANCE,v010_20260806_220745_363972_manual:S4_FRONT_PAIR_ADVANCE:ALTERNATE_PROFILE_3:segments-42-43,2.124999999999879,0.0,43,0.3707456886768341,-0.008885294198989868,0.09252095222473145,-0.02960348352076046,-0.030754232709378243,-0.005566306313406232,,4,True,False,recoverable,0,False,RUNNING
36.29999999999858,4356,S4_FRONT_PAIR_ADVANCE,ADVANCE,v010_20260806_220745_363972_manual:S4_FRONT_PAIR_ADVANCE:ALTERNATE_PROFILE_3:segments-42-43,2.191666666666542,0.0,43,0.371708482503891,-0.008859768509864807,0.09245117753744125,-0.03011078417805814,-0.030587917940988543,-0.005590715641675197,,4,True,False,recoverable,0,False,RUNNING
36.366666666665246,4364,S4_FRONT_PAIR_ADVANCE,ADVANCE,v010_20260806_220745_363972_manual:S4_FRONT_PAIR_ADVANCE:ALTERNATE_PROFILE_3:segments-42-43,2.258333333333205,0.0,43,0.3726223409175873,-0.008848905563354492,0.09243303537368774,-0.030379503040862895,-0.03022768220950237,-0.005601975003318978,,4,True,False,recoverable,0,False,RUNNING
36.43333333333191,4372,S4_FRONT_PAIR_ADVANCE,ADVANCE,v010_20260806_220745_363972_manual:S4_FRONT_PAIR_ADVANCE:ALTERNATE_PROFILE_3:segments-42-43,2.324999999999868,0.0,43,0.3735578656196594,-0.008842967450618744,0.09238588809967041,-0.03074029028329219,-0.02986668945602084,-0.0056316150011402975,,4,True,False,recoverable,0,False,RUNNING
36.49999999999857,4380,S4_FRONT_PAIR_ADVANCE,ADVANCE,v010_20260806_220745_363972_manual:S4_FRONT_PAIR_ADVANCE:ALTERNATE_PROFILE_3:segments-42-43,2.3916666666665307,0.0,43,0.3745150864124298,-0.008851960301399231,0.09241783618927002,-0.030710851548707545,-0.029662263501663847,-0.00563304552437323,,4,True,False,recoverable,0,False,RUNNING
36.566666666665235,4388,S4_FRONT_PAIR_ADVANCE,ADVANCE,v010_20260806_220745_363972_manual:S4_FRONT_PAIR_ADVANCE:ALTERNATE_PROFILE_3:segments-42-43,2.4583333333331936,0.0,43,0.37545377016067505,-0.008866451680660248,0.0924547091126442,-0.03064674516966132,-0.02954168565035936,-0.005622171485141684,,4,True,False,recoverable,0,False,RUNNING
36.6333333333319,4396,S4_FRONT_PAIR_ADVANCE,ADVANCE,v010_20260806_220745_363972_manual:S4_FRONT_PAIR_ADVANCE:ALTERNATE_PROFILE_3:segments-42-43,2.5249999999998565,0.0,43,0.37641045451164246,-0.008879989385604858,0.09247634559869766,-0.03057334825003174,-0.029376165042757856,-0.005617766250107961,,4,True,False,recoverable,0,False,RUNNING
36.69999999999856,4404,S4_FRONT_PAIR_ADVANCE,ADVANCE,v010_20260806_220745_363972_manual:S4_FRONT_PAIR_ADVANCE:ALTERNATE_PROFILE_3:segments-42-43,2.5916666666665193,0.0,43,0.3773883879184723,-0.00889536738395691,0.09248259663581848,-0.030472817736639488,-0.029218503937872054,-0.005615304899591842,,4,True,False,recoverable,0,False,RUNNING
36.76666666666522,4412,S4_FRONT_PAIR_ADVANCE,ADVANCE,v010_20260806_220745_363972_manual:S4_FRONT_PAIR_ADVANCE:ALTERNATE_PROFILE_3:segments-42-43,2.6583333333331822,0.0,43,0.3784102201461792,-0.008907809853553772,0.09248155355453491,-0.030458160350313016,-0.0291657784969255,-0.005601619465397935,,4,True,False,recoverable,0,False,RUNNING
36.833333333331886,4420,S4_FRONT_PAIR_ADVANCE,ADVANCE,v010_20260806_220745_363972_manual:S4_FRONT_PAIR_ADVANCE:ALTERNATE_PROFILE_3:segments-42-43,2.724999999999845,0.0,43,0.3794133961200714,-0.008932985365390778,0.09250771999359131,-0.030234922342178012,-0.0291774186046611,-0.005590752329792597,,4,True,False,recoverable,0,False,RUNNING
36.89999999999855,4428,S4_FRONT_PAIR_ADVANCE,ADVANCE,v010_20260806_220745_363972_manual:S4_FRONT_PAIR_ADVANCE:ALTERNATE_PROFILE_3:segments-42-43,2.791666666666508,0.0,43,0.3803862929344177,-0.008972927927970886,0.09261251986026764,-0.029731288716790684,-0.02934925126756877,-0.005564296527173303,,4,True,False,recoverable,0,False,RUNNING
36.96666666666521,4436,S4_FRONT_PAIR_ADVANCE,ADVANCE,v010_20260806_220745_363972_manual:S4_FRONT_PAIR_ADVANCE:ALTERNATE_PROFILE_3:segments-42-43,2.858333333333171,0.0,43,0.3813924491405487,-0.00901302695274353,0.09271066635847092,-0.02916852989335176,-0.02953083793807416,-0.005527103267731469,,4,True,False,recoverable,0,False,RUNNING
37.033333333331875,4444,S4_FRONT_PAIR_ADVANCE,ADVANCE,v010_20260806_220745_363972_manual:S4_FRONT_PAIR_ADVANCE:ALTERNATE_PROFILE_3:segments-42-43,2.9249999999998337,0.0,43,0.3824308514595032,-0.009058065712451935,0.092801034450531,-0.028606121268461293,-0.02983994192994023,-0.00549061897235608,,4,True,False,recoverable,0,False,RUNNING
37.09999999999854,4452,S4_FRONT_PAIR_ADVANCE,ADVANCE,v010_20260806_220745_363972_manual:S4_FRONT_PAIR_ADVANCE:ALTERNATE_PROFILE_3:segments-42-43,2.9916666666664966,0.0,43,0.38346773386001587,-0.009096488356590271,0.09284399449825287,-0.028127101769898813,-0.030107484289817046,-0.005447261579692057,,4,True,False,recoverable,0,False,RUNNING
37.1666666666652,4460,S4_FRONT_PAIR_ADVANCE,ADVANCE,v010_20260806_220745_363972_manual:S4_FRONT_PAIR_ADVANCE:ALTERNATE_PROFILE_3:segments-42-43,3.0583333333331595,0.0,43,0.38450247049331665,-0.009136967360973358,0.09287344664335251,-0.027627655774489366,-0.030376432198452083,-0.005404448759397045,,4,True,False,recoverable,0,False,RUNNING
37.23333333333186,4468,S4_FRONT_PAIR_ADVANCE,ADVANCE,v010_20260806_220745_363972_manual:S4_FRONT_PAIR_ADVANCE:ALTERNATE_PROFILE_3:segments-42-43,3.1249999999998224,0.0,43,0.38555848598480225,-0.009175047278404236,0.09289178997278214,-0.02714273520144857,-0.030612834286846052,-0.005384883510515721,,4,True,False,recoverable,0,False,RUNNING
37.299999999998526,4476,S4_FRONT_PAIR_ADVANCE,ADVANCE,v010_20260806_220745_363972_manual:S4_FRONT_PAIR_ADVANCE:ALTERNATE_PROFILE_3:segments-42-43,3.1916666666664852,0.0,43,0.38661596179008484,-0.009217053651809692,0.09290121495723724,-0.026601987252771263,-0.03085328820566722,-0.005371404706534484,,4,True,False,recoverable,0,False,RUNNING
37.36666666666519,4484,S4_FRONT_PAIR_ADVANCE,ADVANCE,v010_20260806_220745_363972_manual:S4_FRONT_PAIR_ADVANCE:ALTERNATE_PROFILE_3:segments-42-43,3.258333333333148,0.0,43,0.3876623511314392,-0.00925234705209732,0.09287557750940323,-0.026122719878107825,-0.031031550474057645,-0.005349457258178716,,4,True,False,recoverable,0,False,RUNNING
37.43333333333185,4492,S4_FRONT_PAIR_ADVANCE,ADVANCE,v010_20260806_220745_363972_manual:S4_FRONT_PAIR_ADVANCE:ALTERNATE_PROFILE_3:segments-42-43,3.324999999999811,0.0,43,0.38868674635887146,-0.009296372532844543,0.09288108348846436,-0.025496744805884056,-0.031014466437030187,-0.005306006754529181,,4,True,False,recoverable,0,False,RUNNING
37.499999999998515,4500,S4_FRONT_PAIR_ADVANCE,ADVANCE,v010_20260806_220745_363972_manual:S4_FRONT_PAIR_ADVANCE:ALTERNATE_PROFILE_3:segments-42-43,3.391666666666474,0.0,43,0.38954979181289673,-0.00930437445640564,0.0928717628121376,-0.025478195836932484,-0.03124398797105332,-0.005298484612332482,,4,True,False,recoverable,0,False,RUNNING
37.56666666666518,4508,S4_FRONT_PAIR_ADVANCE,ADVANCE,v010_20260806_220745_363972_manual:S4_FRONT_PAIR_ADVANCE:ALTERNATE_PROFILE_3:segments-42-43,3.4583333333331367,0.0,43,0.3904353380203247,-0.009314663708209991,0.09284816682338715,-0.025437370259537684,-0.0314695416578983,-0.005284119669705358,,4,True,False,recoverable,0,False,RUNNING
37.63333333333184,4516,S4_FRONT_PAIR_ADVANCE,ADVANCE,v010_20260806_220745_363972_manual:S4_FRONT_PAIR_ADVANCE:ALTERNATE_PROFILE_3:segments-42-43,3.5249999999997996,0.0,43,0.3913094997406006,-0.009306177496910095,0.09285783767700195,-0.025598092084844076,-0.03148263305139149,-0.0052881465465248025,,4,True,False,recoverable,0,False,RUNNING
37.699999999998504,4524,S4_FRONT_PAIR_ADVANCE,ADVANCE,v010_20260806_220745_363972_manual:S4_FRONT_PAIR_ADVANCE:ALTERNATE_PROFILE_3:segments-42-43,3.5916666666664625,0.0,43,0.3922203481197357,-0.009290941059589386,0.09288478642702103,-0.025849168497567267,-0.03147509564434702,-0.005285086902343586,,4,True,False,recoverable,0,False,RUNNING
37.76666666666517,4532,S4_FRONT_PAIR_ADVANCE,ADVANCE,v010_20260806_220745_363972_manual:S4_FRONT_PAIR_ADVANCE:ALTERNATE_PROFILE_3:segments-42-43,3.6583333333331254,0.0,43,0.3931729793548584,-0.009276822209358215,0.09291049838066101,-0.026091564503139784,-0.03153074426339559,-0.005282122223520133,,4,True,False,recoverable,0,False,RUNNING
37.83333333333183,4540,S4_FRONT_PAIR_ADVANCE,ADVANCE,v010_20260806_220745_363972_manual:S4_FRONT_PAIR_ADVANCE:ALTERNATE_PROFILE_3:segments-42-43,3.7249999999997883,0.0,43,0.3941377103328705,-0.009255655109882355,0.09290679544210434,-0.02647229951077775,-0.031598734106104316,-0.005283100971180643,,4,True,False,recoverable,0,False,RUNNING
37.89999999999849,4548,S4_FRONT_PAIR_ADVANCE,ADVANCE,v010_20260806_220745_363972_manual:S4_FRONT_PAIR_ADVANCE:ALTERNATE_PROFILE_3:segments-42-43,3.791666666666451,0.0,43,0.39506644010543823,-0.009222567081451416,0.092864990234375,-0.02701560552822208,-0.031713999712784026,-0.005299747990569925,,4,True,False,recoverable,0,False,RUNNING
37.966666666665155,4556,S4_FRONT_PAIR_ADVANCE,ADVANCE,v010_20260806_220745_363972_manual:S4_FRONT_PAIR_ADVANCE:ALTERNATE_PROFILE_3:segments-42-43,3.858333333333114,0.0,43,0.3960036039352417,-0.009192124009132385,0.09279730916023254,-0.027595778800885453,-0.03178188299406021,-0.0053250647968990945,,4,True,False,recoverable,0,False,RUNNING
38.03333333333182,4564,S4_FRONT_PAIR_ADVANCE,ADVANCE,v010_20260806_220745_363972_manual:S4_FRONT_PAIR_ADVANCE:ALTERNATE_PROFILE_3:segments-42-43,3.924999999999777,0.0,43,0.3969646692276001,-0.009151972830295563,0.09274119138717651,-0.028251540341787926,-0.031803305834843254,-0.005349904894407623,,4,True,False,recoverable,0,False,RUNNING
38.09999999999848,4572,S4_FRONT_PAIR_ADVANCE,ADVANCE,v010_20260806_220745_363972_manual:S4_FRONT_PAIR_ADVANCE:ALTERNATE_PROFILE_3:segments-42-43,3.9916666666664398,0.0,43,0.3979451358318329,-0.009113140404224396,0.09266684949398041,-0.02893495066441493,-0.03183726946709655,-0.005382991988658623,,4,True,False,recoverable,0,False,RUNNING
38.166666666665144,4580,S4_FRONT_PAIR_ADVANCE,ADVANCE,v010_20260806_220745_363972_manual:S4_FRONT_PAIR_ADVANCE:ALTERNATE_PROFILE_3:segments-42-43,4.058333333333103,0.0,43,0.39894020557403564,-0.009070895612239838,0.09255733340978622,-0.029656719028037272,-0.03186188463883672,-0.005406515030736196,,4,True,False,recoverable,0,False,RUNNING
38.23333333333181,4588,S4_FRONT_PAIR_ADVANCE,ADVANCE,v010_20260806_220745_363972_manual:S4_FRONT_PAIR_ADVANCE:ALTERNATE_PROFILE_3:segments-42-43,4.1249999999997655,0.0,43,0.399774968624115,-0.00906350463628769,0.09254858642816544,-0.02986642307034481,-0.03139900362307062,-0.005400637166507681,,4,True,False,recoverable,0,False,RUNNING
38.29999999999847,4596,S4_FRONT_PAIR_ADVANCE,ADVANCE,v010_20260806_220745_363972_manual:S4_FRONT_PAIR_ADVANCE:ALTERNATE_PROFILE_3:segments-42-43,4.191666666666428,0.0,43,0.40068045258522034,-0.009052202105522156,0.09251860529184341,-0.030167492426268667,-0.031024928194403514,-0.005397689314898496,,4,True,False,recoverable,0,False,RUNNING
38.36666666666513,4604,S4_FRONT_PAIR_ADVANCE,ADVANCE,v010_20260806_220745_363972_manual:S4_FRONT_PAIR_ADVANCE:ALTERNATE_PROFILE_3:segments-42-43,4.258333333333091,0.0,43,0.4015764594078064,-0.00905165821313858,0.09252388030290604,-0.030305201763141082,-0.03069684872224959,-0.005389513113417477,,4,True,False,recoverable,0,False,RUNNING
38.433333333331795,4612,S4_FRONT_PAIR_ADVANCE,ADVANCE,v010_20260806_220745_363972_manual:S4_FRONT_PAIR_ADVANCE:ALTERNATE_PROFILE_3:segments-42-43,4.324999999999754,0.0,43,0.4024638235569,-0.009080260992050171,0.09265975654125214,-0.0299666636660658,-0.03064696214823243,-0.005362390321075034,,4,True,False,recoverable,0,False,RUNNING
38.49999999999846,4620,S4_FRONT_PAIR_ADVANCE,ADVANCE,v010_20260806_220745_363972_manual:S4_FRONT_PAIR_ADVANCE:ALTERNATE_PROFILE_3:segments-42-43,4.391666666666417,0.0,43,0.40339162945747375,-0.009107597172260284,0.0927797332406044,-0.02964743744702496,-0.030632254649694404,-0.00533730305131636,,4,True,False,recoverable,0,False,RUNNING
38.56666666666512,4628,S4_FRONT_PAIR_ADVANCE,ADVANCE,v010_20260806_220745_363972_manual:S4_FRONT_PAIR_ADVANCE:ALTERNATE_PROFILE_3:segments-42-43,4.45833333333308,0.0,43,0.40429988503456116,-0.009131662547588348,0.09288489073514938,-0.029377165614885587,-0.030609222087840476,-0.005303522753783392,,4,True,False,recoverable,0,False,RUNNING
38.633333333331784,4636,S4_FRONT_PAIR_ADVANCE,ADVANCE,v010_20260806_220745_363972_manual:S4_FRONT_PAIR_ADVANCE:ALTERNATE_PROFILE_3:segments-42-43,4.524999999999743,0.0,43,0.4052329659461975,-0.009157679975032806,0.09296513348817825,-0.029102936890496194,-0.030574860496030493,-0.005274012678162599,,4,True,False,recoverable,0,False,RUNNING
38.69999999999845,4644,S4_FRONT_PAIR_ADVANCE,ADVANCE,v010_20260806_220745_363972_manual:S4_FRONT_PAIR_ADVANCE:ALTERNATE_PROFILE_3:segments-42-43,4.591666666666406,0.0,43,0.4061908423900604,-0.009183093905448914,0.09303668886423111,-0.02881060811457851,-0.030572267107294573,-0.005236699934703396,,4,True,False,recoverable,0,False,RUNNING
38.76666666666511,4652,S4_FRONT_PAIR_ADVANCE,ADVANCE,v010_20260806_220745_363972_manual:S4_FRONT_PAIR_ADVANCE:ALTERNATE_PROFILE_3:segments-42-43,4.6583333333330685,0.0,43,0.4071715176105499,-0.009212814271450043,0.09309770166873932,-0.028479207272218112,-0.03061256565223225,-0.005202839683481227,,4,True,False,recoverable,0,False,RUNNING
38.83333333333177,4660,S4_FRONT_PAIR_ADVANCE,ADVANCE,v010_20260806_220745_363972_manual:S4_FRONT_PAIR_ADVANCE:ALTERNATE_PROFILE_3:segments-42-43,4.724999999999731,0.0,43,0.40818363428115845,-0.009239591658115387,0.09313396364450455,-0.028181233143207845,-0.030673455616514453,-0.005174405898540724,,4,True,False,recoverable,0,False,RUNNING
38.899999999998435,4668,S4_FRONT_PAIR_ADVANCE,ADVANCE,v010_20260806_220745_363972_manual:S4_FRONT_PAIR_ADVANCE:ALTERNATE_PROFILE_3:segments-42-43,4.791666666666394,0.0,43,0.40917539596557617,-0.009265877306461334,0.09315506368875504,-0.02781525955464315,-0.030655976128712924,-0.005148662145386229,,4,True,False,recoverable,0,False,RUNNING
38.9666666666651,4676,S4_FRONT_PAIR_ADVANCE,ADVANCE,v010_20260806_220745_363972_manual:S4_FRONT_PAIR_ADVANCE:ALTERNATE_PROFILE_3:segments-42-43,4.858333333333057,0.0,43,0.4102099537849426,-0.00929577648639679,0.09317401796579361,-0.027474881300567845,-0.030670817219803647,-0.005122130272541026,,4,True,False,recoverable,0,False,RUNNING
39.03333333333176,4684,S4_FRONT_PAIR_ADVANCE,ADVANCE,v010_20260806_220745_363972_manual:S4_FRONT_PAIR_ADVANCE:ALTERNATE_PROFILE_3:segments-42-43,4.92499999999972,0.0,43,0.41123998165130615,-0.009318068623542786,0.09315060079097748,-0.027294042574457823,-0.030743042234433703,-0.005098329784801229,,4,True,False,recoverable,0,False,RUNNING
39.099999999998424,4692,S4_FRONT_PAIR_ADVANCE,ADVANCE,v010_20260806_220745_363972_manual:S4_FRONT_PAIR_ADVANCE:ALTERNATE_PROFILE_3:segments-42-43,4.991666666666383,0.0,43,0.4122805595397949,-0.009336814284324646,0.0931164100766182,-0.027034663235092536,-0.03081045759640848,-0.005086571722138466,,4,True,False,recoverable,0,False,RUNNING
39.16666666666509,4700,S4_FRONT_PAIR_ADVANCE,ADVANCE,v010_20260806_220745_363972_manual:S4_FRONT_PAIR_ADVANCE:ALTERNATE_PROFILE_3:segments-42-43,5.058333333333046,0.0,43,0.41332635283470154,-0.009352415800094604,0.09306921809911728,-0.026832512645681806,-0.030833879217677034,-0.0050814840120332215,,4,True,False,recoverable,0,False,RUNNING
39.23333333333175,4708,S4_FRONT_PAIR_ADVANCE,ADVANCE,v010_20260806_220745_363972_manual:S4_FRONT_PAIR_ADVANCE:ALTERNATE_PROFILE_3:segments-42-43,5.124999999999709,0.0,43,0.4142543077468872,-0.009346425533294678,0.09303271025419235,-0.026975470037920942,-0.03090936756122137,-0.005096950724677013,,4,True,False,recoverable,0,False,RUNNING
39.29999999999841,4716,S4_FRONT_PAIR_ADVANCE,ADVANCE,v010_20260806_220745_363972_manual:S4_FRONT_PAIR_ADVANCE:ALTERNATE_PROFILE_3:segments-42-43,5.1916666666663716,0.0,43,0.4151637554168701,-0.009335175156593323,0.09297286719083786,-0.02721392651749331,-0.03106889230460292,-0.005110879626554889,,4,True,False,recoverable,0,False,RUNNING
39.366666666665076,4724,S4_FRONT_PAIR_ADVANCE,ADVANCE,v010_20260806_220745_363972_manual:S4_FRONT_PAIR_ADVANCE:ALTERNATE_PROFILE_3:segments-42-43,5.258333333333034,0.0,43,0.4160897731781006,-0.009318813681602478,0.09290167689323425,-0.02752096560719961,-0.03115860182493824,-0.005137125265443196,,4,True,False,recoverable,0,False,RUNNING
39.43333333333174,4732,S4_FRONT_PAIR_ADVANCE,ADVANCE,v010_20260806_220745_363972_manual:S4_FRONT_PAIR_ADVANCE:ALTERNATE_PROFILE_3:segments-42-43,5.324999999999697,0.0,43,0.417024701833725,-0.009288758039474487,0.09285469353199005,-0.02801973171344568,-0.031062491967496754,-0.005167316131286707,,4,True,False,recoverable,0,False,RUNNING
39.4999999999984,4740,S4_FRONT_PAIR_ADVANCE,ADVANCE,v010_20260806_220745_363972_manual:S4_FRONT_PAIR_ADVANCE:ALTERNATE_PROFILE_3:segments-42-43,5.39166666666636,0.0,43,0.41801372170448303,-0.009251557290554047,0.09277176111936569,-0.02865281335707763,-0.031050663255078978,-0.0052077822100512275,,4,True,False,recoverable,0,False,RUNNING
39.566666666665064,4748,S4_FRONT_PAIR_ADVANCE,ADVANCE,v010_20260806_220745_363972_manual:S4_FRONT_PAIR_ADVANCE:ALTERNATE_PROFILE_3:segments-42-43,5.458333333333023,0.0,43,0.41900140047073364,-0.00922655314207077,0.09273068606853485,-0.02912395210346774,-0.031144469149356258,-0.005252747159646197,,4,True,False,recoverable,0,False,RUNNING
39.63333333333173,4756,S4_FRONT_PAIR_ADVANCE,ADVANCE,v010_20260806_220745_363972_manual:S4_FRONT_PAIR_ADVANCE:ALTERNATE_PROFILE_3:segments-42-43,5.524999999999686,0.0,43,0.4199790954589844,-0.009219735860824585,0.0927625447511673,-0.029299351112124512,-0.03140134955809081,-0.005279231372196638,,4,True,False,recoverable,0,False,RUNNING
39.69999999999839,4764,S4_FRONT_PAIR_ADVANCE,ADVANCE,v010_20260806_220745_363972_manual:S4_FRONT_PAIR_ADVANCE:ALTERNATE_PROFILE_3:segments-42-43,5.591666666666349,0.0,43,0.4209180474281311,-0.009221531450748444,0.0928182303905487,-0.029362011536349476,-0.03151007653436444,-0.0052937335624651085,,4,True,False,recoverable,0,False,RUNNING
39.76666666666505,4772,S4_FRONT_PAIR_ADVANCE,ADVANCE,v010_20260806_220745_363972_manual:S4_FRONT_PAIR_ADVANCE:ALTERNATE_PROFILE_3:segments-42-43,5.658333333333012,0.0,43,0.42180898785591125,-0.009234942495822906,0.09292212128639221,-0.02923805257559687,-0.031399415250342406,-0.005299036014137543,,4,True,False,recoverable,0,False,RUNNING
39.833333333331716,4780,S4_FRONT_PAIR_ADVANCE,ADVANCE,v010_20260806_220745_363972_manual:S4_FRONT_PAIR_ADVANCE:ALTERNATE_PROFILE_3:segments-42-43,5.724999999999675,0.0,43,0.4227339029312134,-0.009252086281776428,0.0930139422416687,-0.029078865404435827,-0.03126652016328375,-0.005298769072326315,,4,True,False,recoverable,0,False,RUNNING
39.89999999999838,4788,S4_FRONT_PAIR_ADVANCE,ADVANCE,v010_20260806_220745_363972_manual:S4_FRONT_PAIR_ADVANCE:ALTERNATE_PROFILE_3:segments-42-43,5.7916666666663374,0.0,43,0.42368265986442566,-0.009266108274459839,0.09309121966362,-0.028972862110027597,-0.03116049891001683,-0.005303032534525199,,4,True,False,recoverable,0,False,RUNNING
39.96666666666504,4796,S4_FRONT_PAIR_ADVANCE,ADVANCE,v010_20260806_220745_363972_manual:S4_FRONT_PAIR_ADVANCE:ALTERNATE_PROFILE_3:segments-42-43,5.858333333333,0.0,43,0.4246373474597931,-0.009279586374759674,0.09314792603254318,-0.02890422757619569,-0.03108322450165601,-0.005306463030261823,,4,True,False,recoverable,0,False,RUNNING
40.033333333331704,4804,S4_FRONT_PAIR_ADVANCE,ADVANCE,v010_20260806_220745_363972_manual:S4_FRONT_PAIR_ADVANCE:ALTERNATE_PROFILE_3:segments-42-43,5.924999999999663,0.0,43,0.4255921542644501,-0.009294465184211731,0.09318412840366364,-0.028782555766173487,-0.0309577086813908,-0.0052921275042943725,,4,True,False,recoverable,0,False,RUNNING
40.09999999999837,4812,S4_FRONT_PAIR_ADVANCE,ADVANCE,v010_20260806_220745_363972_manual:S4_FRONT_PAIR_ADVANCE:ALTERNATE_PROFILE_3:segments-42-43,5.991666666666326,0.0,43,0.4265504777431488,-0.009306013584136963,0.09319888800382614,-0.02868355370895049,-0.030859342417878924,-0.005269204921080067,,4,True,False,recoverable,0,False,RUNNING
40.16666666666503,4820,S4_FRONT_PAIR_ADVANCE,ADVANCE,v010_20260806_220745_363972_manual:S4_FRONT_PAIR_ADVANCE:ALTERNATE_PROFILE_3:segments-42-43,6.058333333332989,0.0,43,0.427531361579895,-0.009321920573711395,0.09319274127483368,-0.028562960379109964,-0.03075083104888454,-0.005243850325082206,,4,True,False,recoverable,0,False,RUNNING
40.23333333333169,4828,S4_FRONT_PAIR_ADVANCE,ADVANCE,v010_20260806_220745_363972_manual:S4_FRONT_PAIR_ADVANCE:ALTERNATE_PROFILE_3:segments-42-43,6.124999999999652,0.0,43,0.428541362285614,-0.009336359798908234,0.09317310154438019,-0.02844147107504693,-0.03063279853667104,-0.005215586415221252,,4,True,False,recoverable,0,False,RUNNING
40.299999999998356,4836,S4_FRONT_PAIR_ADVANCE,ADVANCE,v010_20260806_220745_363972_manual:S4_FRONT_PAIR_ADVANCE:ALTERNATE_PROFILE_3:segments-42-43,6.191666666666315,0.0,43,0.42957544326782227,-0.009353436529636383,0.0931292176246643,-0.02829188285976949,-0.03051414012469034,-0.005185218797786229,,4,True,False,recoverable,0,False,RUNNING
40.36666666666502,4844,S4_FRONT_PAIR_ADVANCE,ADVANCE,v010_20260806_220745_363972_manual:S4_FRONT_PAIR_ADVANCE:ALTERNATE_PROFILE_3:segments-42-43,6.258333333332978,0.0,43,0.43063580989837646,-0.00936967134475708,0.09304888546466827,-0.028198822090087238,-0.03044290719797275,-0.005159253240600337,,4,True,False,recoverable,0,False,RUNNING
40.43333333333168,4852,S4_FRONT_PAIR_ADVANCE,ADVANCE,v010_20260806_220745_363972_manual:S4_FRONT_PAIR_ADVANCE:ALTERNATE_PROFILE_3:segments-42-43,6.3249999999996405,0.0,43,0.4316886365413666,-0.009385958313941956,0.09294818341732025,-0.028094328625148365,-0.030324942824682975,-0.005139666068529006,,4,True,False,recoverable,0,False,RUNNING
40.499999999998344,4860,S4_FRONT_PAIR_ADVANCE,ADVANCE,v010_20260806_220745_363972_manual:S4_FRONT_PAIR_ADVANCE:ALTERNATE_PROFILE_3:segments-42-43,6.391666666666303,0.0,43,0.4327716529369354,-0.00939982384443283,0.09283557534217834,-0.02802425546529454,-0.030222023871280448,-0.00512263776161446,,4,True,False,recoverable,0,False,RUNNING
40.56666666666501,4868,S4_FRONT_PAIR_ADVANCE,ADVANCE,v010_20260806_220745_363972_manual:S4_FRONT_PAIR_ADVANCE:ALTERNATE_PROFILE_3:segments-42-43,6.458333333332966,0.0,43,0.433795690536499,-0.009417295455932617,0.09279505163431168,-0.027775053972713598,-0.030277118403286184,-0.005119674801093266,,4,True,False,recoverable,0,False,RUNNING
40.63333333333167,4876,S4_FRONT_PAIR_ADVANCE,ADVANCE,v010_20260806_220745_363972_manual:S4_FRONT_PAIR_ADVANCE:ALTERNATE_PROFILE_3:segments-42-43,6.524999999999629,0.0,43,0.4348568916320801,-0.0094413161277771,0.09274908155202866,-0.02745450316028726,-0.030399288109409343,-0.005108034146431454,,4,True,False,recoverable,0,False,RUNNING
40.69999999999833,4884,S4_FRONT_PAIR_ADVANCE,ADVANCE,v010_20260806_220745_363972_manual:S4_FRONT_PAIR_ADVANCE:ALTERNATE_PROFILE_3:segments-42-43,6.591666666666292,0.0,43,0.4359331429004669,-0.009461916983127594,0.09268868714570999,-0.027200142970430437,-0.030493762222822896,-0.005098113471759169,,4,True,False,recoverable,0,False,RUNNING
40.766666666664996,4892,S4_FRONT_PAIR_ADVANCE,ADVANCE,v010_20260806_220745_363972_manual:S4_FRONT_PAIR_ADVANCE:ALTERNATE_PROFILE_3:segments-42-43,6.658333333332955,0.0,43,0.43682798743247986,-0.009478859603404999,0.09268955141305923,-0.027019365708881176,-0.030704476650720007,-0.005093763718991804,,4,True,False,recoverable,0,False,RUNNING
40.83333333333166,4900,S4_FRONT_PAIR_ADVANCE,ADVANCE,v010_20260806_220745_363972_manual:S4_FRONT_PAIR_ADVANCE:ALTERNATE_PROFILE_3:segments-42-43,6.724999999999618,0.0,43,0.43775826692581177,-0.00949089229106903,0.09269910305738449,-0.026875248231687215,-0.031074059127044515,-0.005104947554886281,,4,True,False,recoverable,0,False,RUNNING
40.89999999999832,4908,S4_FRONT_PAIR_ADVANCE,ADVANCE,v010_20260806_220745_363972_manual:S4_FRONT_PAIR_ADVANCE:ALTERNATE_PROFILE_3:segments-42-43,6.791666666666281,0.0,43,0.4387226402759552,-0.009506627917289734,0.09270121157169342,-0.026750666907620575,-0.031476550955241815,-0.0051020642783471855,,4,True,False,recoverable,0,False,RUNNING
40.966666666664985,4916,S4_FRONT_PAIR_ADVANCE,ADVANCE,v010_20260806_220745_363972_manual:S4_FRONT_PAIR_ADVANCE:ALTERNATE_PROFILE_3:segments-42-43,6.8583333333329435,0.0,43,0.439622700214386,-0.00949549674987793,0.09268983453512192,-0.02702418151242611,-0.031728884306662576,-0.005126701924676091,,4,True,False,recoverable,0,False,RUNNING
41.03333333333165,4924,S4_FRONT_PAIR_ADVANCE,ADVANCE,v010_20260806_220745_363972_manual:S4_FRONT_PAIR_ADVANCE:ALTERNATE_PROFILE_3:segments-42-43,6.924999999999606,0.0,43,0.4405592679977417,-0.009479716420173645,0.09270869940519333,-0.027358796285706793,-0.03185726172834345,-0.005164579105304394,,4,True,False,recoverable,0,False,RUNNING
41.09999999999831,4932,S4_FRONT_PAIR_ADVANCE,ADVANCE,v010_20260806_220745_363972_manual:S4_FRONT_PAIR_ADVANCE:ALTERNATE_PROFILE_3:segments-42-43,6.991666666666269,0.0,43,0.44146808981895447,-0.009472720324993134,0.09273892641067505,-0.02757049524040976,-0.031918695003704096,-0.005180895562877463,,4,True,False,recoverable,0,False,RUNNING
41.16666666666497,4940,S4_FRONT_PAIR_ADVANCE,ADVANCE,v010_20260806_220745_363972_manual:S4_FRONT_PAIR_ADVANCE:ALTERNATE_PROFILE_3:segments-42-43,7.058333333332932,0.0,43,0.4423348605632782,-0.009478524327278137,0.09281138330698013,-0.027649736110192166,-0.03174914839364402,-0.005186122139873119,,4,True,False,recoverable,0,False,RUNNING
41.233333333331636,4948,S4_FRONT_PAIR_ADVANCE,ADVANCE,v010_20260806_220745_363972_manual:S4_FRONT_PAIR_ADVANCE:ALTERNATE_PROFILE_3:segments-42-43,7.124999999999595,0.0,43,0.4432218670845032,-0.00947996973991394,0.0928729772567749,-0.02779348820177128,-0.031559969820832666,-0.005194686988199572,,4,True,False,recoverable,0,False,RUNNING
41.2999999999983,4956,S4_FRONT_PAIR_ADVANCE,ADVANCE,v010_20260806_220745_363972_manual:S4_FRONT_PAIR_ADVANCE:ALTERNATE_PROFILE_3:segments-42-43,7.191666666666258,0.0,43,0.4441410303115845,-0.009482108056545258,0.09292000532150269,-0.027939036307450472,-0.03139610076972165,-0.005206889632839014,,4,True,False,recoverable,0,False,RUNNING
41.36666666666496,4964,S4_FRONT_PAIR_ADVANCE,ADVANCE,v010_20260806_220745_363972_manual:S4_FRONT_PAIR_ADVANCE:ALTERNATE_PROFILE_3:segments-42-43,7.258333333332921,0.0,43,0.44508370757102966,-0.009485021233558655,0.0929550901055336,-0.028067869465676947,-0.031237740590303254,-0.005210361104250179,,4,True,False,recoverable,0,False,RUNNING
41.433333333331625,4972,S4_FRONT_PAIR_ADVANCE,ADVANCE,v010_20260806_220745_363972_manual:S4_FRONT_PAIR_ADVANCE:ALTERNATE_PROFILE_3:segments-42-43,7.324999999999584,0.0,43,0.44601091742515564,-0.009489059448242188,0.09296315163373947,-0.02821392699911983,-0.031034895064705522,-0.005221819132993609,,4,True,False,recoverable,0,False,RUNNING
41.49999999999829,4980,S4_FRONT_PAIR_ADVANCE,ADVANCE,v010_20260806_220745_363972_manual:S4_FRONT_PAIR_ADVANCE:ALTERNATE_PROFILE_3:segments-42-43,7.3916666666662465,0.0,43,0.44698265194892883,-0.009493254125118256,0.09294883906841278,-0.028324348966978097,-0.030829399969981325,-0.005223910401557794,,4,True,False,recoverable,0,False,RUNNING
41.56666666666495,4988,S4_FRONT_PAIR_ADVANCE,ADVANCE,v010_20260806_220745_363972_manual:S4_FRONT_PAIR_ADVANCE:ALTERNATE_PROFILE_3:segments-42-43,7.458333333332909,0.0,43,0.4479628801345825,-0.009496718645095825,0.09292025864124298,-0.02844020139248331,-0.03064262698192704,-0.005226390957249326,,4,True,False,recoverable,0,False,RUNNING
41.63333333333161,4996,S4_FRONT_PAIR_ADVANCE,ADVANCE,v010_20260806_220745_363972_manual:S4_FRONT_PAIR_ADVANCE:ALTERNATE_PROFILE_3:segments-42-43,7.524999999999572,0.0,43,0.44897961616516113,-0.009503334760665894,0.09287707507610321,-0.028532920119641102,-0.030482393127090335,-0.005220478776654877,,4,True,False,recoverable,0,False,RUNNING
41.699999999998276,5004,S4_FRONT_PAIR_ADVANCE,ADVANCE,v010_20260806_220745_363972_manual:S4_FRONT_PAIR_ADVANCE:ALTERNATE_PROFILE_3:segments-42-43,7.591666666666235,0.0,43,0.4499722123146057,-0.009510494768619537,0.0928075760602951,-0.028624524378045055,-0.030275650923896003,-0.005213730628983287,,4,True,False,recoverable,0,False,RUNNING
41.76666666666494,5012,S4_FRONT_PAIR_ADVANCE,ADVANCE,v010_20260806_220745_363972_manual:S4_FRONT_PAIR_ADVANCE:ALTERNATE_PROFILE_3:segments-42-43,7.658333333332898,0.0,43,0.45100897550582886,-0.009520769119262695,0.09272322058677673,-0.02870579512460123,-0.03006358894573759,-0.005219802132042668,,4,True,False,recoverable,0,False,RUNNING
41.8333333333316,5020,S4_FRONT_PAIR_ADVANCE,ADVANCE,v010_20260806_220745_363972_manual:S4_FRONT_PAIR_ADVANCE:ALTERNATE_PROFILE_3:segments-42-43,7.724999999999561,0.0,43,0.45205157995224,-0.009532339870929718,0.09261798113584518,-0.028753489652478616,-0.029854599035157785,-0.0052129338897218365,,4,True,False,recoverable,0,False,RUNNING
41.899999999998265,5028,S4_FRONT_PAIR_ADVANCE,ADVANCE,v010_20260806_220745_363972_manual:S4_FRONT_PAIR_ADVANCE:ALTERNATE_PROFILE_3:segments-42-43,7.791666666666224,0.0,43,0.4531266987323761,-0.00954553484916687,0.09248635917901993,-0.02885740391122654,-0.029656901535197948,-0.005204092960945481,,4,True,False,recoverable,0,False,RUNNING
41.96666666666493,5036,S4_FRONT_PAIR_ADVANCE,ADVANCE,v010_20260806_220745_363972_manual:S4_FRONT_PAIR_ADVANCE:ALTERNATE_PROFILE_3:segments-42-43,7.858333333332887,0.0,43,0.4541451930999756,-0.009591169655323029,0.09252861887216568,-0.02832045729409643,-0.02978813389835507,-0.005175760497507005,,4,True,False,recoverable,0,False,RUNNING
42.03333333333159,5044,S4_FRONT_PAIR_ADVANCE,ADVANCE,v010_20260806_220745_363972_manual:S4_FRONT_PAIR_ADVANCE:ALTERNATE_PROFILE_3:segments-42-43,7.9249999999995495,0.0,43,0.4551880359649658,-0.009633876383304596,0.09260699898004532,-0.02765213648206976,-0.029979370998305103,-0.0051657146527774415,,4,True,False,recoverable,0,False,RUNNING
42.09999999999825,5052,S4_FRONT_PAIR_ADVANCE,ADVANCE,v010_20260806_220745_363972_manual:S4_FRONT_PAIR_ADVANCE:ALTERNATE_PROFILE_3:segments-42-43,7.991666666666212,0.0,43,0.4560801386833191,-0.00965108722448349,0.09266363084316254,-0.027421156772720702,-0.030287750266423465,-0.005156910238440019,,4,True,False,recoverable,0,False,RUNNING
42.166666666664916,5060,S4_FRONT_PAIR_ADVANCE,ADVANCE,v010_20260806_220745_363972_manual:S4_FRONT_PAIR_ADVANCE:ALTERNATE_PROFILE_3:segments-42-43,8.058333333332875,0.0,43,0.45696625113487244,-0.009655997157096863,0.09271223098039627,-0.02737003745606504,-0.030679290655299465,-0.005154281597505767,,4,True,False,recoverable,0,False,RUNNING
42.23333333333158,5068,S4_FRONT_PAIR_ADVANCE,ADVANCE,v010_20260806_220745_363972_manual:S4_FRONT_PAIR_ADVANCE:ALTERNATE_PROFILE_3:segments-42-43,8.124999999999538,0.0,43,0.4578886330127716,-0.009659849107265472,0.09273432940244675,-0.027358522603107168,-0.031106244972651718,-0.005156229050210417,,4,True,False,recoverable,0,False,RUNNING
42.29999999999824,5076,S4_FRONT_PAIR_ADVANCE,ADVANCE,v010_20260806_220745_363972_manual:S4_FRONT_PAIR_ADVANCE:ALTERNATE_PROFILE_3:segments-42-43,8.191666666666201,0.0,43,0.45882582664489746,-0.009660542011260986,0.0927339717745781,-0.027414996594369287,-0.03151569600021503,-0.005161250541332547,,4,True,False,recoverable,0,False,RUNNING
42.366666666664905,5084,S4_FRONT_PAIR_ADVANCE,ADVANCE,v010_20260806_220745_363972_manual:S4_FRONT_PAIR_ADVANCE:ALTERNATE_PROFILE_3:segments-42-43,8.258333333332864,0.0,43,0.4597152769565582,-0.009645365178585052,0.0927700400352478,-0.027704594453270094,-0.031572269708401574,-0.005189119792400574,,4,True,False,recoverable,0,False,RUNNING
42.43333333333157,5092,S4_FRONT_PAIR_ADVANCE,ADVANCE,v010_20260806_220745_363972_manual:S4_FRONT_PAIR_ADVANCE:ALTERNATE_PROFILE_3:segments-42-43,8.324999999999527,0.0,43,0.46064293384552,-0.009624078869819641,0.09278696030378342,-0.028042684137224043,-0.03171217739828395,-0.005191226129448603,,4,True,False,recoverable,0,False,RUNNING
42.49999999999823,5100,S4_FRONT_PAIR_ADVANCE,ADVANCE,v010_20260806_220745_363972_manual:S4_FRONT_PAIR_ADVANCE:ALTERNATE_PROFILE_3:segments-42-43,8.39166666666619,0.0,43,0.4616091549396515,-0.009603828191757202,0.09279455989599228,-0.028424249869648293,-0.03187727973158799,-0.005221141441480092,,4,True,False,recoverable,0,False,RUNNING
42.566666666664894,5108,S4_FRONT_PAIR_ADVANCE,ADVANCE,v010_20260806_220745_363972_manual:S4_FRONT_PAIR_ADVANCE:ALTERNATE_PROFILE_3:segments-42-43,8.458333333332853,0.0,43,0.462597131729126,-0.009581401944160461,0.0927896499633789,-0.028872635360702538,-0.03210438558955115,-0.005255893031758547,,4,True,False,recoverable,0,False,RUNNING
42.63333333333156,5116,S4_FRONT_PAIR_ADVANCE,ADVANCE,v010_20260806_220745_363972_manual:S4_FRONT_PAIR_ADVANCE:ALTERNATE_PROFILE_3:segments-42-43,8.524999999999515,0.0,43,0.4635802209377289,-0.009558230638504028,0.09276607632637024,-0.029327790228023495,-0.032307353679440244,-0.005283930326939468,,4,True,False,recoverable,0,False,RUNNING
42.69999999999822,5124,S4_FRONT_PAIR_ADVANCE,ADVANCE,v010_20260806_220745_363972_manual:S4_FRONT_PAIR_ADVANCE:ALTERNATE_PROFILE_3:segments-42-43,8.591666666666178,0.0,43,0.46456092596054077,-0.009545661509037018,0.09274740517139435,-0.02962697332674504,-0.03238823114197891,-0.005306911583577148,,4,True,False,recoverable,0,False,RUNNING
42.76666666666488,5132,S4_FRONT_PAIR_ADVANCE,ADVANCE,v010_20260806_220745_363972_manual:S4_FRONT_PAIR_ADVANCE:ALTERNATE_PROFILE_3:segments-42-43,8.658333333332841,0.0,43,0.46553337574005127,-0.009541258215904236,0.09275048226118088,-0.029808457363558208,-0.03232165001774951,-0.00532316656860974,,4,True,False,recoverable,0,False,RUNNING
42.833333333331545,5140,S4_FRONT_PAIR_ADVANCE,ADVANCE,v010_20260806_220745_363972_manual:S4_FRONT_PAIR_ADVANCE:ALTERNATE_PROFILE_3:segments-42-43,8.724999999999504,0.0,43,0.4665165841579437,-0.009535744786262512,0.09273508191108704,-0.029996345958819906,-0.03227041727453676,-0.00533214514407048,,4,True,False,recoverable,0,False,RUNNING
42.89999999999821,5148,S4_FRONT_PAIR_ADVANCE,ADVANCE,v010_20260806_220745_363972_manual:S4_FRONT_PAIR_ADVANCE:ALTERNATE_PROFILE_3:segments-42-43,8.791666666666167,0.0,43,0.4675034284591675,-0.009524859488010406,0.09272556006908417,-0.030143770717751407,-0.032256681396358663,-0.005313855124765538,,4,True,False,recoverable,0,False,RUNNING
42.96666666666487,5156,S4_FRONT_PAIR_ADVANCE,ADVANCE,v010_20260806_220745_363972_manual:S4_FRONT_PAIR_ADVANCE:ALTERNATE_PROFILE_3:segments-42-43,8.85833333333283,0.0,43,0.4685170352458954,-0.009512148797512054,0.09268587082624435,-0.030345974201265776,-0.03224398314185036,-0.00531330630578198,,4,True,False,recoverable,0,False,RUNNING
43.033333333331534,5164,S4_FRONT_PAIR_ADVANCE,ADVANCE,v010_20260806_220745_363972_manual:S4_FRONT_PAIR_ADVANCE:ALTERNATE_PROFILE_3:segments-42-43,8.924999999999493,0.0,43,0.46949559450149536,-0.009507663547992706,0.09267250448465347,-0.030416737071104625,-0.0319951427617683,-0.005310011376446474,,4,True,False,recoverable,0,False,RUNNING
43.0999999999982,5172,S4_FRONT_PAIR_ADVANCE,ADVANCE,v010_20260806_220745_363972_manual:S4_FRONT_PAIR_ADVANCE:ALTERNATE_PROFILE_3:segments-42-43,8.991666666666156,0.0,43,0.4704604148864746,-0.009511619806289673,0.0926651582121849,-0.030373849956319792,-0.031621086486916125,-0.005300488174688993,,4,True,False,recoverable,0,False,RUNNING
43.16666666666486,5180,S4_FRONT_PAIR_ADVANCE,ADVANCE,v010_20260806_220745_363972_manual:S4_FRONT_PAIR_ADVANCE:ALTERNATE_PROFILE_3:segments-42-43,9.058333333332818,0.0,43,0.471435546875,-0.009517692029476166,0.0926324725151062,-0.03034945284353144,-0.03122940203495518,-0.005305003537075722,,4,True,False,recoverable,0,False,RUNNING
43.23333333333152,5188,S4_FRONT_PAIR_ADVANCE,ADVANCE,v010_20260806_220745_363972_manual:S4_FRONT_PAIR_ADVANCE:ALTERNATE_PROFILE_3:segments-42-43,9.124999999999481,0.0,43,0.47243833541870117,-0.0095309317111969,0.09256335347890854,-0.030364356670907262,-0.030817131015970375,-0.005319050354460854,,4,True,False,recoverable,0,False,RUNNING
43.299999999998185,5196,S4_FRONT_PAIR_ADVANCE,ADVANCE,v010_20260806_220745_363972_manual:S4_FRONT_PAIR_ADVANCE:ALTERNATE_PROFILE_3:segments-42-43,9.191666666666144,0.0,43,0.47344082593917847,-0.00953914225101471,0.09251429885625839,-0.030305580837964734,-0.030451140481651727,-0.005293732097936411,,4,True,False,recoverable,0,False,RUNNING
43.36666666666485,5204,S4_FRONT_PAIR_ADVANCE,ADVANCE,v010_20260806_220745_363972_manual:S4_FRONT_PAIR_ADVANCE:ALTERNATE_PROFILE_3:segments-42-43,9.258333333332807,0.0,43,0.4744148850440979,-0.009564213454723358,0.09250885993242264,-0.02998711516869851,-0.030176397593886982,-0.005266358947105811,,4,True,False,recoverable,0,False,RUNNING
43.43333333333151,5212,S4_FRONT_PAIR_ADVANCE,ADVANCE,v010_20260806_220745_363972_manual:S4_FRONT_PAIR_ADVANCE:ALTERNATE_PROFILE_3:segments-42-43,9.32499999999947,0.0,43,0.4752858579158783,-0.009590819478034973,0.09262260049581528,-0.02960140306880193,-0.030252081765667804,-0.005236945810190455,,4,True,False,recoverable,0,False,RUNNING
43.499999999998174,5220,S4_FRONT_PAIR_ADVANCE,ADVANCE,v010_20260806_220745_363972_manual:S4_FRONT_PAIR_ADVANCE:ALTERNATE_PROFILE_3:segments-42-43,9.391666666666133,0.0,43,0.47619009017944336,-0.009618625044822693,0.09272001683712006,-0.029225911667748593,-0.0303375031459047,-0.005208384155635078,,4,True,False,recoverable,0,False,RUNNING
43.56666666666484,5228,S4_FRONT_PAIR_ADVANCE,ADVANCE,v010_20260806_220745_363972_manual:S4_FRONT_PAIR_ADVANCE:ALTERNATE_PROFILE_3:segments-42-43,9.458333333332796,0.0,43,0.47712400555610657,-0.009646512567996979,0.09278608858585358,-0.02884941996130976,-0.030462469470916007,-0.005182240545319653,,4,True,False,recoverable,0,False,RUNNING
43.6333333333315,5236,S4_FRONT_PAIR_ADVANCE,ADVANCE,v010_20260806_220745_363972_manual:S4_FRONT_PAIR_ADVANCE:ALTERNATE_PROFILE_3:segments-42-43,9.524999999999459,0.0,43,0.47808071970939636,-0.009676754474639893,0.09285835921764374,-0.02847936930057609,-0.030569164330021232,-0.005159843722582093,,4,True,False,recoverable,0,False,RUNNING
43.69999999999816,5244,S4_FRONT_PAIR_ADVANCE,ADVANCE,v010_20260806_220745_363972_manual:S4_FRONT_PAIR_ADVANCE:ALTERNATE_PROFILE_3:segments-42-43,9.591666666666121,0.0,43,0.4790511429309845,-0.009695261716842651,0.09292048215866089,-0.028315812479717813,-0.030544231642207976,-0.005146298839653833,,4,True,False,recoverable,0,False,RUNNING
43.766666666664825,5252,S4_FRONT_PAIR_ADVANCE,ADVANCE,v010_20260806_220745_363972_manual:S4_FRONT_PAIR_ADVANCE:ALTERNATE_PROFILE_3:segments-42-43,9.658333333332784,0.0,43,0.4800488352775574,-0.009715177118778229,0.09298648685216904,-0.028098340567158944,-0.030566035876415654,-0.005122165587103483,,4,True,False,recoverable,0,False,RUNNING
43.83333333333149,5260,S4_FRONT_PAIR_ADVANCE,ADVANCE,v010_20260806_220745_363972_manual:S4_FRONT_PAIR_ADVANCE:ALTERNATE_PROFILE_3:segments-42-43,9.724999999999447,0.0,43,0.48107287287712097,-0.009734071791172028,0.09303118288516998,-0.027906000513756753,-0.030622990148197735,-0.005098072881897695,,4,True,False,recoverable,0,False,RUNNING
43.89999999999815,5268,S4_FRONT_PAIR_ADVANCE,ADVANCE,v010_20260806_220745_363972_manual:S4_FRONT_PAIR_ADVANCE:ALTERNATE_PROFILE_3:segments-42-43,9.79166666666611,0.0,43,0.4820866882801056,-0.009751692414283752,0.09304627776145935,-0.02770037525466491,-0.030617544138790656,-0.005100482687966708,,4,True,False,recoverable,0,False,RUNNING
43.966666666664814,5276,S4_FRONT_PAIR_ADVANCE,ADVANCE,v010_20260806_220745_363972_manual:S4_FRONT_PAIR_ADVANCE:ALTERNATE_PROFILE_3:segments-42-43,9.858333333332773,0.0,43,0.48311111330986023,-0.009768709540367126,0.09304206818342209,-0.027493749635618882,-0.030591695497990828,-0.00509404947729412,,4,True,False,recoverable,0,False,RUNNING
44.03333333333148,5284,S4_FRONT_PAIR_ADVANCE,ADVANCE,v010_20260806_220745_363972_manual:S4_FRONT_PAIR_ADVANCE:ALTERNATE_PROFILE_3:segments-42-43,9.924999999999436,0.0,43,0.4841625988483429,-0.009783871471881866,0.09302111715078354,-0.02728800549277707,-0.030596305485363375,-0.005096200939626486,,4,True,False,recoverable,0,False,RUNNING
44.09999999999814,5292,S4_FRONT_PAIR_ADVANCE,ADVANCE,v010_20260806_220745_363972_manual:S4_FRONT_PAIR_ADVANCE:ALTERNATE_PROFILE_3:segments-42-43,9.991666666666099,0.0,43,0.4851484000682831,-0.009801633656024933,0.09302757680416107,-0.027092031645794892,-0.030692575521595388,-0.005096829022344697,,4,True,False,recoverable,0,False,RUNNING
44.1666666666648,5300,S4_FRONT_PAIR_ADVANCE,ADVANCE,v010_20260806_220745_363972_manual:S4_FRONT_PAIR_ADVANCE:ALTERNATE_PROFILE_3:segments-42-43,10.058333333332762,0.0,43,0.4861116409301758,-0.00981190800666809,0.09302974492311478,-0.026980954617385138,-0.03087618313534752,-0.005095325512006968,,4,True,False,recoverable,0,False,RUNNING
44.233333333331466,5308,S4_FRONT_PAIR_ADVANCE,ADVANCE,v010_20260806_220745_363972_manual:S4_FRONT_PAIR_ADVANCE:ALTERNATE_PROFILE_3:segments-42-43,10.124999999999424,0.0,43,0.4871033728122711,-0.009813785552978516,0.09299527853727341,-0.026944060736523025,-0.03112476034205913,-0.005100326226081199,,4,True,False,recoverable,0,False,RUNNING
44.29999999999813,5316,S4_FRONT_PAIR_ADVANCE,ADVANCE,v010_20260806_220745_363972_manual:S4_FRONT_PAIR_ADVANCE:ALTERNATE_PROFILE_3:segments-42-43,10.191666666666087,0.0,43,0.4880940020084381,-0.009810887277126312,0.09295353293418884,-0.027049267378607078,-0.03141110409100846,-0.005114390540987641,,4,True,False,recoverable,0,False,RUNNING
44.36666666666479,5324,S4_FRONT_PAIR_ADVANCE,ADVANCE,v010_20260806_220745_363972_manual:S4_FRONT_PAIR_ADVANCE:ALTERNATE_PROFILE_3:segments-42-43,10.25833333333275,0.0,43,0.48904547095298767,-0.009793892502784729,0.09288518130779266,-0.027414257269331097,-0.031542582524008246,-0.0051426255289801475,,4,True,False,recoverable,0,False,RUNNING
44.433333333331454,5332,S4_FRONT_PAIR_ADVANCE,ADVANCE,v010_20260806_220745_363972_manual:S4_FRONT_PAIR_ADVANCE:ALTERNATE_PROFILE_3:segments-42-43,10.324999999999413,0.0,43,0.49002960324287415,-0.009773433208465576,0.09281179308891296,-0.02782070004968443,-0.03166327132040167,-0.005176722014227092,,4,True,False,recoverable,0,False,RUNNING
44.49999999999812,5340,S4_FRONT_PAIR_ADVANCE,ADVANCE,v010_20260806_220745_363972_manual:S4_FRONT_PAIR_ADVANCE:ALTERNATE_PROFILE_3:segments-42-43,10.391666666666076,0.0,43,0.49103811383247375,-0.009753115475177765,0.09273453801870346,-0.02822443971066865,-0.03180401115864461,-0.005210954137656959,,4,True,False,recoverable,0,False,RUNNING
44.56666666666478,5348,S4_FRONT_PAIR_ADVANCE,ADVANCE,v010_20260806_220745_363972_manual:S4_FRONT_PAIR_ADVANCE:ALTERNATE_PROFILE_3:segments-42-43,10.458333333332739,0.0,43,0.49203816056251526,-0.009735643863677979,0.09265975654125214,-0.0286203656446306,-0.03183588700137642,-0.005240526828185571,,4,True,False,recoverable,0,False,RUNNING
44.63333333333144,5356,S4_FRONT_PAIR_ADVANCE,ADVANCE,v010_20260806_220745_363972_manual:S4_FRONT_PAIR_ADVANCE:ALTERNATE_PROFILE_3:segments-42-43,10.524999999999402,0.0,43,0.4929274320602417,-0.009731680154800415,0.09267043322324753,-0.028760352912601452,-0.0314622173082622,-0.00523899087205875,,4,True,False,recoverable,0,False,RUNNING
44.699999999998106,5364,S4_FRONT_PAIR_ADVANCE,ADVANCE,v010_20260806_220745_363972_manual:S4_FRONT_PAIR_ADVANCE:ALTERNATE_PROFILE_3:segments-42-43,10.591666666666065,0.0,43,0.4938608705997467,-0.009727753698825836,0.09268679469823837,-0.0288679997610268,-0.03116264747194706,-0.0052299223518533075,,4,True,False,recoverable,0,False,RUNNING
44.76666666666477,5372,S4_FRONT_PAIR_ADVANCE,ADVANCE,v010_20260806_220745_363972_manual:S4_FRONT_PAIR_ADVANCE:ALTERNATE_PROFILE_3:segments-42-43,10.658333333332727,0.0,43,0.4948252737522125,-0.009724274277687073,0.09267649054527283,-0.028998232047143604,-0.030842793599449556,-0.0052197083750027485,,4,True,False,recoverable,0,False,RUNNING
44.83333333333143,5380,S4_FRONT_PAIR_ADVANCE,ADVANCE,v010_20260806_220745_363972_manual:S4_FRONT_PAIR_ADVANCE:ALTERNATE_PROFILE_3:segments-42-43,10.72499999999939,0.0,43,0.49580299854278564,-0.009722217917442322,0.09264197200536728,-0.029120132913208266,-0.030522770382696254,-0.005215348047830399,,4,True,False,recoverable,0,False,RUNNING
44.899999999998094,5388,S4_FRONT_PAIR_ADVANCE,ADVANCE,v010_20260806_220745_363972_manual:S4_FRONT_PAIR_ADVANCE:ALTERNATE_PROFILE_3:segments-42-43,10.791666666666053,0.0,43,0.49681684374809265,-0.009721323847770691,0.09258751571178436,-0.02926014868769462,-0.030221643757898962,-0.005208757723941377,,4,True,False,recoverable,0,False,RUNNING
44.96666666666476,5396,S4_FRONT_PAIR_ADVANCE,ADVANCE,v010_20260806_220745_363972_manual:S4_FRONT_PAIR_ADVANCE:ALTERNATE_PROFILE_3:segments-42-43,10.858333333332716,0.0,43,0.49771344661712646,-0.009712085127830505,0.09253513067960739,-0.029507933741314402,-0.029925818400716734,-0.005214306496398104,,4,True,False,recoverable,0,False,RUNNING
45.03333333333142,5404,S4_FRONT_PAIR_ADVANCE,ADVANCE,v010_20260806_220745_363972_manual:S4_FRONT_PAIR_ADVANCE:ALTERNATE_PROFILE_3:segments-42-43,10.924999999999379,0.0,43,0.49862152338027954,-0.009700343012809753,0.09244401752948761,-0.02988248532122317,-0.02963731428674726,-0.005230925090540576,,4,True,False,recoverable,0,False,RUNNING
45.09999999999808,5412,S4_FRONT_PAIR_ADVANCE,ADVANCE,v010_20260806_220745_363972_manual:S4_FRONT_PAIR_ADVANCE:ALTERNATE_PROFILE_3:segments-42-43,10.991666666666042,0.0,43,0.4995535612106323,-0.009691044688224792,0.09235671907663345,-0.030203544090752737,-0.029413740119799588,-0.005227151287434121,,4,True,False,recoverable,0,False,RUNNING
45.166666666664746,5420,S4_FRONT_PAIR_ADVANCE,ADVANCE,v010_20260806_220745_363972_manual:S4_FRONT_PAIR_ADVANCE:ALTERNATE_PROFILE_3:segments-42-43,11.058333333332705,0.0,43,0.500485897064209,-0.00969640165567398,0.09232570976018906,-0.030302418587806357,-0.029366098553279738,-0.0052145494141538845,,4,True,False,recoverable,0,False,RUNNING
45.23333333333141,5428,S4_FRONT_PAIR_ADVANCE,ADVANCE,v010_20260806_220745_363972_manual:S4_FRONT_PAIR_ADVANCE:ALTERNATE_PROFILE_3:segments-42-43,11.124999999999368,0.0,43,0.5014403462409973,-0.009709447622299194,0.09237290918827057,-0.030309743101631943,-0.0293361470701097,-0.005214382061665496,,4,True,False,recoverable,0,False,RUNNING
45.29999999999807,5436,S4_FRONT_PAIR_ADVANCE,ADVANCE,v010_20260806_220745_363972_manual:S4_FRONT_PAIR_ADVANCE:ALTERNATE_PROFILE_3:segments-42-43,11.19166666666603,0.0,43,0.5024316310882568,-0.009713031351566315,0.09242316335439682,-0.03037412606131444,-0.029306454721259232,-0.005211964952950396,,4,True,False,recoverable,0,False,RUNNING
45.366666666664734,5444,S4_FRONT_PAIR_ADVANCE,ADVANCE,v010_20260806_220745_363972_manual:S4_FRONT_PAIR_ADVANCE:ALTERNATE_PROFILE_3:segments-42-43,11.258333333332693,0.0,43,0.5034353137016296,-0.009715631604194641,0.09246140718460083,-0.030438527246273734,-0.029286441542641786,-0.005206691938993825,,4,True,False,recoverable,0,False,RUNNING
45.4333333333314,5452,S4_FRONT_PAIR_ADVANCE,ADVANCE,v010_20260806_220745_363972_manual:S4_FRONT_PAIR_ADVANCE:ALTERNATE_PROFILE_3:segments-42-43,11.324999999999356,0.0,43,0.5044478178024292,-0.00971967726945877,0.09247861802577972,-0.030508407135308096,-0.02927567400249893,-0.005206964237645732,,4,True,False,recoverable,0,False,RUNNING
45.49999999999806,5460,S4_FRONT_PAIR_ADVANCE,ADVANCE,v010_20260806_220745_363972_manual:S4_FRONT_PAIR_ADVANCE:ALTERNATE_PROFILE_3:segments-42-43,11.39166666666602,0.0,43,0.5054745674133301,-0.009725116193294525,0.09248311817646027,-0.030556969729375057,-0.029294322975267087,-0.005203626200532122,,4,True,False,recoverable,0,False,RUNNING
45.56666666666472,5468,S4_FRONT_PAIR_ADVANCE,ADVANCE,v010_20260806_220745_363972_manual:S4_FRONT_PAIR_ADVANCE:ALTERNATE_PROFILE_3:segments-42-43,11.458333333332682,0.0,43,0.5065025687217712,-0.009740151464939117,0.09251084923744202,-0.030445753371117476,-0.02938507492648463,-0.00519366929559252,,4,True,False,recoverable,0,False,RUNNING
45.633333333331386,5476,S4_FRONT_PAIR_ADVANCE,ADVANCE,v010_20260806_220745_363972_manual:S4_FRONT_PAIR_ADVANCE:ALTERNATE_PROFILE_3:segments-42-43,11.524999999999345,0.0,43,0.5075161457061768,-0.00975373387336731,0.092507004737854,-0.030363436752073064,-0.029446271015477206,-0.005185875939266926,,4,True,False,recoverable,0,False,RUNNING
45.69999999999805,5484,S4_FRONT_PAIR_ADVANCE,ADVANCE,v010_20260806_220745_363972_manual:S4_FRONT_PAIR_ADVANCE:ALTERNATE_PROFILE_3:segments-42-43,11.591666666666008,0.0,43,0.5085777044296265,-0.00976400077342987,0.09248458594083786,-0.030346808498005955,-0.029584435861277545,-0.005184045459826996,,4,True,False,recoverable,0,False,RUNNING
45.76666666666471,5492,S4_FRONT_PAIR_ADVANCE,ADVANCE,v010_20260806_220745_363972_manual:S4_FRONT_PAIR_ADVANCE:ALTERNATE_PROFILE_3:segments-42-43,11.65833333333267,0.0,43,0.5095857381820679,-0.00978446751832962,0.09249312430620193,-0.030155312651684748,-0.029631847725158943,-0.0051766669853470495,,4,True,False,recoverable,0,False,RUNNING
45.833333333331375,5500,S4_FRONT_PAIR_ADVANCE,ADVANCE,v010_20260806_220745_363972_manual:S4_FRONT_PAIR_ADVANCE:ALTERNATE_PROFILE_3:segments-42-43,11.724999999999334,0.0,43,0.510538637638092,-0.00983167439699173,0.0925966203212738,-0.02957737042686485,-0.02960832920592459,-0.00514534192646464,,4,True,False,recoverable,0,False,RUNNING
45.89999999999804,5508,S4_FRONT_PAIR_ADVANCE,ADVANCE,v010_20260806_220745_363972_manual:S4_FRONT_PAIR_ADVANCE:ALTERNATE_PROFILE_3:segments-42-43,11.791666666665996,0.0,43,0.5115214586257935,-0.009879902005195618,0.09269888699054718,-0.02896707477568216,-0.029615095661439193,-0.005117348609393223,,4,True,False,recoverable,0,False,RUNNING
45.9666666666647,5516,S4_FRONT_PAIR_ADVANCE,ADVANCE,v010_20260806_220745_363972_manual:S4_FRONT_PAIR_ADVANCE:ALTERNATE_PROFILE_3:segments-42-43,11.85833333333266,0.0,43,0.5124655961990356,-0.00991164892911911,0.09278189390897751,-0.02864407363167195,-0.02975289484047271,-0.005096024160984858,,4,True,False,recoverable,0,False,RUNNING
46.03333333333136,5524,S4_FRONT_PAIR_ADVANCE,ADVANCE,v010_20260806_220745_363972_manual:S4_FRONT_PAIR_ADVANCE:ALTERNATE_PROFILE_3:segments-42-43,11.924999999999322,0.0,43,0.5133979320526123,-0.009936079382896423,0.09284864366054535,-0.02842556374132071,-0.029934316238305843,-0.005083988317523202,,4,True,False,recoverable,0,False,RUNNING
46.099999999998026,5532,S4_FRONT_PAIR_ADVANCE,ADVANCE,v010_20260806_220745_363972_manual:S4_FRONT_PAIR_ADVANCE:ALTERNATE_PROFILE_3:segments-42-43,11.991666666665985,0.0,43,0.5143564343452454,-0.009963393211364746,0.09290160983800888,-0.02819008273835964,-0.030147586279825573,-0.005065458983886813,,4,True,False,recoverable,0,False,RUNNING
46.16666666666469,5540,S4_FRONT_PAIR_ADVANCE,ADVANCE,v010_20260806_220745_363972_manual:S4_FRONT_PAIR_ADVANCE:ALTERNATE_PROFILE_3:segments-42-43,12.058333333332648,0.0,43,0.5153312683105469,-0.00999113917350769,0.0929466038942337,-0.02792874002752956,-0.030342998885040235,-0.005051418644394344,,4,True,False,recoverable,0,False,RUNNING
46.23333333333135,5548,S4_FRONT_PAIR_ADVANCE,ADVANCE,v010_20260806_220745_363972_manual:S4_FRONT_PAIR_ADVANCE:ALTERNATE_PROFILE_3:segments-42-43,12.12499999999931,0.0,43,0.5163120627403259,-0.010013200342655182,0.09298742562532425,-0.02772983932026286,-0.030448783078933228,-0.00505071228665991,,4,True,False,recoverable,0,False,RUNNING
46.299999999998015,5556,S4_FRONT_PAIR_ADVANCE,ADVANCE,v010_20260806_220745_363972_manual:S4_FRONT_PAIR_ADVANCE:ALTERNATE_PROFILE_3:segments-42-43,12.191666666665974,0.0,43,0.517293393611908,-0.010025270283222198,0.0930153951048851,-0.027695677963831846,-0.030483831040746458,-0.0050630769093437476,,4,True,False,recoverable,0,False,RUNNING
46.36666666666468,5564,S4_FRONT_PAIR_ADVANCE,ADVANCE,v010_20260806_220745_363972_manual:S4_FRONT_PAIR_ADVANCE:ALTERNATE_PROFILE_3:segments-42-43,12.258333333332637,0.0,43,0.5182232856750488,-0.010030247271060944,0.09305074065923691,-0.027770020115384923,-0.03054890020359549,-0.005085324361825383,,4,True,False,recoverable,0,False,RUNNING
46.43333333333134,5572,S4_FRONT_PAIR_ADVANCE,ADVANCE,v010_20260806_220745_363972_manual:S4_FRONT_PAIR_ADVANCE:ALTERNATE_PROFILE_3:segments-42-43,12.3249999999993,0.0,43,0.5191569328308105,-0.010027743875980377,0.09305164963006973,-0.02796163498681692,-0.030686918881103354,-0.005107174917508335,,4,True,False,recoverable,0,False,RUNNING
46.499999999998,5580,S4_FRONT_PAIR_ADVANCE,ADVANCE,v010_20260806_220745_363972_manual:S4_FRONT_PAIR_ADVANCE:ALTERNATE_PROFILE_3:segments-42-43,12.391666666665962,0.0,43,0.5201339721679688,-0.010015897452831268,0.093036949634552,-0.028160138007912863,-0.03083926334010941,-0.005110535810498403,,4,True,False,recoverable,0,False,RUNNING
46.566666666664666,5588,S4_FRONT_PAIR_ADVANCE,ADVANCE,v010_20260806_220745_363972_manual:S4_FRONT_PAIR_ADVANCE:ALTERNATE_PROFILE_3:segments-42-43,12.458333333332625,0.0,43,0.5211285948753357,-0.0100172758102417,0.09301004558801651,-0.028323686392896393,-0.030997941985901584,-0.005130356602548429,,4,True,False,recoverable,0,False,RUNNING
46.63333333333133,5596,S4_FRONT_PAIR_ADVANCE,ADVANCE,v010_20260806_220745_363972_manual:S4_FRONT_PAIR_ADVANCE:ALTERNATE_PROFILE_3:segments-42-43,12.524999999999288,0.0,43,0.522098183631897,-0.010012581944465637,0.09302834421396255,-0.028364623627451943,-0.031153201387103875,-0.005123465706211923,,4,True,False,recoverable,0,False,RUNNING
46.69999999999799,5604,S4_FRONT_PAIR_ADVANCE,ADVANCE,v010_20260806_220745_363972_manual:S4_FRONT_PAIR_ADVANCE:ALTERNATE_PROFILE_3:segments-42-43,12.591666666665951,0.0,43,0.5230804681777954,-0.010010190308094025,0.09305118024349213,-0.028489173392032056,-0.031274953338486074,-0.005131591342319097,,4,True,False,recoverable,0,False,RUNNING
46.766666666664655,5612,S4_FRONT_PAIR_ADVANCE,ADVANCE,v010_20260806_220745_363972_manual:S4_FRONT_PAIR_ADVANCE:ALTERNATE_PROFILE_3:segments-42-43,12.658333333332614,0.0,43,0.5240326523780823,-0.010006703436374664,0.0930870771408081,-0.028556540026342562,-0.0312425651679756,-0.005136114674100381,,4,True,False,recoverable,0,False,RUNNING
46.83333333333132,5620,S4_FRONT_PAIR_ADVANCE,ADVANCE,v010_20260806_220745_363972_manual:S4_FRONT_PAIR_ADVANCE:ALTERNATE_PROFILE_3:segments-42-43,12.724999999999277,0.0,43,0.5250270962715149,-0.010003387928009033,0.09310445189476013,-0.028716608636333688,-0.03127687212574345,-0.005139636051820309,,4,True,False,recoverable,0,False,RUNNING
46.89999999999798,5628,S4_FRONT_PAIR_ADVANCE,ADVANCE,v010_20260806_220745_363972_manual:S4_FRONT_PAIR_ADVANCE:ALTERNATE_PROFILE_3:segments-42-43,12.79166666666594,0.0,43,0.5260381102561951,-0.010002896189689636,0.09311256557703018,-0.028814301853480686,-0.03128441845722904,-0.00514451747198361,,4,True,False,recoverable,0,False,RUNNING
46.96666666666464,5636,S4_FRONT_PAIR_ADVANCE,ADVANCE,v010_20260806_220745_363972_manual:S4_FRONT_PAIR_ADVANCE:ALTERNATE_PROFILE_3:segments-42-43,12.858333333332602,0.0,43,0.5270103812217712,-0.010015100240707397,0.09313581138849258,-0.02874761017695685,-0.03112833707177114,-0.005136365640562252,,4,True,False,recoverable,0,False,RUNNING
47.033333333331306,5644,S4_FRONT_PAIR_ADVANCE,ADVANCE,v010_20260806_220745_363972_manual:S4_FRONT_PAIR_ADVANCE:ALTERNATE_PROFILE_3:segments-42-43,12.924999999999265,0.0,43,0.5280044078826904,-0.010026410222053528,0.09314753860235214,-0.028684872920833035,-0.030961802200857664,-0.005131451085739737,,4,True,False,recoverable,0,False,RUNNING
47.09999999999797,5652,S4_FRONT_PAIR_ADVANCE,ADVANCE,v010_20260806_220745_363972_manual:S4_FRONT_PAIR_ADVANCE:ALTERNATE_PROFILE_3:segments-42-43,12.991666666665928,0.0,43,0.5290157794952393,-0.010037869215011597,0.09314548969268799,-0.02865501249946083,-0.0308106995284042,-0.005122614135052772,,4,True,False,recoverable,0,False,RUNNING
47.16666666666463,5660,S4_FRONT_PAIR_ADVANCE,ADVANCE,v010_20260806_220745_363972_manual:S4_FRONT_PAIR_ADVANCE:ALTERNATE_PROFILE_3:segments-42-43,13.058333333332591,0.0,43,0.5300437808036804,-0.010051809251308441,0.09311887621879578,-0.028616909244394535,-0.030641195892022306,-0.005112470557467324,,4,True,False,recoverable,0,False,RUNNING
47.233333333331295,5668,S4_FRONT_PAIR_ADVANCE,ADVANCE,v010_20260806_220745_363972_manual:S4_FRONT_PAIR_ADVANCE:ALTERNATE_PROFILE_3:segments-42-43,13.124999999999254,0.0,43,0.5310670137405396,-0.01005949079990387,0.09307926148176193,-0.02854480025625056,-0.03045380248813855,-0.005092218772943448,,4,True,False,recoverable,0,False,RUNNING
47.29999999999796,5676,S4_FRONT_PAIR_ADVANCE,ADVANCE,v010_20260806_220745_363972_manual:S4_FRONT_PAIR_ADVANCE:ALTERNATE_PROFILE_3:segments-42-43,13.191666666665917,0.0,43,0.5321007966995239,-0.010071493685245514,0.09303680807352066,-0.028422535411493022,-0.030259805437200946,-0.00505789952710587,,4,True,False,recoverable,0,False,RUNNING
47.36666666666462,5684,S4_FRONT_PAIR_ADVANCE,ADVANCE,v010_20260806_220745_363972_manual:S4_FRONT_PAIR_ADVANCE:ALTERNATE_PROFILE_3:segments-42-43,13.25833333333258,0.0,43,0.5331461429595947,-0.010083876550197601,0.09295482188463211,-0.028333482177128708,-0.030048710566216153,-0.005027072025945301,,4,True,False,recoverable,0,False,RUNNING
47.433333333331284,5692,S4_FRONT_PAIR_ADVANCE,ADVANCE,v010_20260806_220745_363972_manual:S4_FRONT_PAIR_ADVANCE:ALTERNATE_PROFILE_3:segments-42-43,13.324999999999243,0.0,43,0.5342099070549011,-0.010095007717609406,0.09285849332809448,-0.028220887568858995,-0.02982160540222479,-0.0050010158447942425,,4,True,False,recoverable,0,False,RUNNING
47.49999999999795,5700,S4_FRONT_PAIR_ADVANCE,ADVANCE,v010_20260806_220745_363972_manual:S4_FRONT_PAIR_ADVANCE:ALTERNATE_PROFILE_3:segments-42-43,13.391666666665905,0.0,43,0.5352767109870911,-0.010095641016960144,0.09272506833076477,-0.028310665205609414,-0.02968148015111916,-0.0049823716324347705,,4,True,False,recoverable,0,False,RUNNING
47.56666666666461,5708,S4_FRONT_PAIR_ADVANCE,ADVANCE,v010_20260806_220745_363972_manual:S4_FRONT_PAIR_ADVANCE:ALTERNATE_PROFILE_3:segments-42-43,13.458333333332568,0.0,43,0.5363295078277588,-0.010113559663295746,0.09266891330480576,-0.028037000904521107,-0.029703943236216265,-0.004966852756180282,,4,True,False,recoverable,0,False,RUNNING
47.63333333333127,5716,S4_FRONT_PAIR_ADVANCE,ADVANCE,v010_20260806_220745_363972_manual:S4_FRONT_PAIR_ADVANCE:ALTERNATE_PROFILE_3:segments-42-43,13.524999999999231,0.0,43,0.5373339653015137,-0.01015780121088028,0.09269695729017258,-0.027446345947132095,-0.029906695709523735,-0.004933912242740415,,4,True,False,recoverable,0,False,RUNNING
47.699999999997935,5724,S4_FRONT_PAIR_ADVANCE,ADVANCE,v010_20260806_220745_363972_manual:S4_FRONT_PAIR_ADVANCE:ALTERNATE_PROFILE_3:segments-42-43,13.591666666665894,0.0,43,0.5381618142127991,-0.010171651840209961,0.0927349328994751,-0.027325760162214097,-0.03025292353399168,-0.004921867424074806,,4,True,False,recoverable,0,False,RUNNING
47.7666666666646,5732,S4_FRONT_PAIR_ADVANCE,ADVANCE,v010_20260806_220745_363972_manual:S4_FRONT_PAIR_ADVANCE:ALTERNATE_PROFILE_3:segments-42-43,13.658333333332557,0.0,43,0.5390456914901733,-0.010175049304962158,0.09277235716581345,-0.02734559328420461,-0.030635182179204197,-0.00491544134561783,,4,True,False,recoverable,0,False,RUNNING
47.83333333333126,5740,S4_FRONT_PAIR_ADVANCE,ADVANCE,v010_20260806_220745_363972_manual:S4_FRONT_PAIR_ADVANCE:ALTERNATE_PROFILE_3:segments-42-43,13.72499999999922,0.0,43,0.5399744510650635,-0.010176494717597961,0.0927979052066803,-0.0273457103639702,-0.03107455968685092,-0.004928408313406691,,4,True,False,recoverable,0,False,RUNNING
47.899999999997924,5748,S4_FRONT_PAIR_ADVANCE,ADVANCE,v010_20260806_220745_363972_manual:S4_FRONT_PAIR_ADVANCE:ALTERNATE_PROFILE_3:segments-42-43,13.791666666665883,0.0,43,0.5409237146377563,-0.010181188583374023,0.09280025959014893,-0.027374197594081297,-0.03150989952552906,-0.004926887370455961,,4,True,False,recoverable,0,False,RUNNING
47.96666666666459,5756,S4_FRONT_PAIR_ADVANCE,ADVANCE,v010_20260806_220745_363972_manual:S4_FRONT_PAIR_ADVANCE:ALTERNATE_PROFILE_3:segments-42-43,13.858333333332546,0.0,43,0.5418438911437988,-0.010175764560699463,0.09280212223529816,-0.027517736105237906,-0.03181199248378635,-0.004936798310476795,,4,True,False,recoverable,0,False,RUNNING
48.03333333333125,5764,S4_FRONT_PAIR_ADVANCE,ADVANCE,v010_20260806_220745_363972_manual:S4_FRONT_PAIR_ADVANCE:ALTERNATE_PROFILE_3:segments-42-43,13.924999999999208,0.0,43,0.5427756309509277,-0.01015464961528778,0.09281548112630844,-0.027857390437118143,-0.03197338356441262,-0.004957602874551029,,4,True,False,recoverable,0,False,RUNNING
48.09999999999791,5772,S4_FRONT_PAIR_ADVANCE,ADVANCE,v010_20260806_220745_363972_manual:S4_FRONT_PAIR_ADVANCE:ALTERNATE_PROFILE_3:segments-42-43,13.991666666665871,0.0,43,0.5436643362045288,-0.01014804095029831,0.09286408126354218,-0.02807141993995988,-0.03193957273622069,-0.004968398388693209,,4,True,False,recoverable,0,False,RUNNING
48.166666666664575,5780,S4_FRONT_PAIR_ADVANCE,ADVANCE,v010_20260806_220745_363972_manual:S4_FRONT_PAIR_ADVANCE:ALTERNATE_PROFILE_3:segments-42-43,14.058333333332534,0.0,43,0.5445324778556824,-0.010148890316486359,0.09295308589935303,-0.028100281379306258,-0.031707243372940556,-0.004974882780978328,,4,True,False,recoverable,0,False,RUNNING
48.23333333333124,5788,S4_FRONT_PAIR_ADVANCE,ADVANCE,v010_20260806_220745_363972_manual:S4_FRONT_PAIR_ADVANCE:ALTERNATE_PROFILE_3:segments-42-43,14.124999999999197,0.0,43,0.5454458594322205,-0.01015172153711319,0.09303008764982224,-0.028165974447702673,-0.03151387451193823,-0.004975266632871702,,4,True,False,recoverable,0,False,RUNNING
48.2999999999979,5796,S4_FRONT_PAIR_ADVANCE,ADVANCE,v010_20260806_220745_363972_manual:S4_FRONT_PAIR_ADVANCE:ALTERNATE_PROFILE_3:segments-42-43,14.19166666666586,0.0,43,0.5463927984237671,-0.010150343179702759,0.09307797253131866,-0.02826851280693947,-0.03135179382299173,-0.004974192575413111,,4,True,False,recoverable,0,False,RUNNING
48.366666666664564,5804,S4_FRONT_PAIR_ADVANCE,ADVANCE,v010_20260806_220745_363972_manual:S4_FRONT_PAIR_ADVANCE:ALTERNATE_PROFILE_3:segments-42-43,14.258333333332523,0.0,43,0.5473561882972717,-0.010151326656341553,0.09311697632074356,-0.02834921884344693,-0.031201975229438454,-0.004970305408818042,,4,True,False,recoverable,0,False,RUNNING
48.43333333333123,5812,S4_FRONT_PAIR_ADVANCE,ADVANCE,v010_20260806_220745_363972_manual:S4_FRONT_PAIR_ADVANCE:ALTERNATE_PROFILE_3:segments-42-43,14.324999999999186,0.0,43,0.5483367443084717,-0.010151572525501251,0.093133345246315,-0.028448437130232863,-0.031037233855167483,-0.004966528751261142,,4,True,False,recoverable,0,False,RUNNING
48.49999999999789,5820,S4_FRONT_PAIR_ADVANCE,ADVANCE,v010_20260806_220745_363972_manual:S4_FRONT_PAIR_ADVANCE:ALTERNATE_PROFILE_3:segments-42-43,14.391666666665849,0.0,43,0.5493312478065491,-0.010153345763683319,0.0931452289223671,-0.02850690182732509,-0.03084372669203221,-0.004967162478155517,,4,True,False,recoverable,0,False,RUNNING
48.56666666666455,5828,S4_FRONT_PAIR_ADVANCE,ADVANCE,v010_20260806_220745_363972_manual:S4_FRONT_PAIR_ADVANCE:ALTERNATE_PROFILE_3:segments-42-43,14.458333333332511,0.0,43,0.5503377914428711,-0.010152570903301239,0.09314296394586563,-0.02854892197663383,-0.030698477005694644,-0.004951015674057076,,4,True,False,recoverable,0,False,RUNNING
48.633333333331215,5836,S4_FRONT_PAIR_ADVANCE,ADVANCE,v010_20260806_220745_363972_manual:S4_FRONT_PAIR_ADVANCE:ALTERNATE_PROFILE_3:segments-42-43,14.524999999999174,0.0,43,0.5513883829116821,-0.010155178606510162,0.09312788397073746,-0.028623253268439914,-0.03062874648609209,-0.004952375374711439,,4,True,False,recoverable,0,False,RUNNING
48.69999999999788,5844,S4_FRONT_PAIR_ADVANCE,ADVANCE,v010_20260806_220745_363972_manual:S4_FRONT_PAIR_ADVANCE:ALTERNATE_PROFILE_3:segments-42-43,14.591666666665837,0.0,43,0.552441418170929,-0.010156117379665375,0.09306667000055313,-0.02875848088346694,-0.03048810999390115,-0.004951824305267424,,4,True,False,recoverable,0,False,RUNNING
48.76666666666454,5852,S4_FRONT_PAIR_ADVANCE,ADVANCE,v010_20260806_220745_363972_manual:S4_FRONT_PAIR_ADVANCE:ALTERNATE_PROFILE_3:segments-42-43,14.6583333333325,0.0,43,0.5534608364105225,-0.010172747075557709,0.09306144714355469,-0.028614213231172202,-0.030375192510981298,-0.004946623456286293,,4,True,False,recoverable,0,False,RUNNING
48.833333333331204,5860,S4_FRONT_PAIR_ADVANCE,ADVANCE,v010_20260806_220745_363972_manual:S4_FRONT_PAIR_ADVANCE:ALTERNATE_PROFILE_3:segments-42-43,14.724999999999163,0.0,43,0.5544752478599548,-0.010199353098869324,0.09311463683843613,-0.028332800998292176,-0.03044541388021322,-0.00493138015806595,,4,True,False,recoverable,0,False,RUNNING
48.89999999999787,5868,S4_FRONT_PAIR_ADVANCE,ADVANCE,v010_20260806_220745_363972_manual:S4_FRONT_PAIR_ADVANCE:ALTERNATE_PROFILE_3:segments-42-43,14.791666666665826,0.0,43,0.5554651021957397,-0.010215923190116882,0.09314005821943283,-0.028208410578863363,-0.030545126574933353,-0.004928758795692534,,4,True,False,recoverable,0,False,RUNNING
48.96666666666453,5876,S4_FRONT_PAIR_ADVANCE,ADVANCE,v010_20260806_220745_363972_manual:S4_FRONT_PAIR_ADVANCE:ALTERNATE_PROFILE_3:segments-42-43,14.858333333332489,0.0,43,0.5564776062965393,-0.01023295521736145,0.09315025061368942,-0.028076230379312915,-0.030698996067815898,-0.004915791022581073,,4,True,False,recoverable,0,False,RUNNING
49.03333333333119,5884,S4_FRONT_PAIR_ADVANCE,ADVANCE,v010_20260806_220745_363972_manual:S4_FRONT_PAIR_ADVANCE:ALTERNATE_PROFILE_3:segments-42-43,14.924999999999152,0.0,43,0.5575112700462341,-0.010248355567455292,0.0931495726108551,-0.027938544230722128,-0.030842792122159852,-0.004917120805579022,,4,True,False,recoverable,0,False,RUNNING
49.099999999997856,5892,S4_FRONT_PAIR_ADVANCE,ADVANCE,v010_20260806_220745_363972_manual:S4_FRONT_PAIR_ADVANCE:ALTERNATE_PROFILE_3:segments-42-43,14.991666666665814,0.0,43,0.558542013168335,-0.010269641876220703,0.09314344823360443,-0.027728547760196922,-0.030938964539944144,-0.004912030376306218,,4,True,False,recoverable,0,False,RUNNING
49.16666666666452,5900,S4_FRONT_PAIR_ADVANCE,ADVANCE,v010_20260806_220745_363972_manual:S4_FRONT_PAIR_ADVANCE:ALTERNATE_PROFILE_3:segments-42-43,15.058333333332477,0.0,43,0.5595877170562744,-0.010275766253471375,0.09312912821769714,-0.027665706887288772,-0.031036327217785483,-0.004901284507863269,,4,True,False,recoverable,0,False,RUNNING
49.23333333333118,5908,S4_FRONT_PAIR_ADVANCE,ADVANCE,v010_20260806_220745_363972_manual:S4_FRONT_PAIR_ADVANCE:ALTERNATE_PROFILE_3:segments-42-43,15.12499999999914,0.0,43,0.56063312292099,-0.010278522968292236,0.09309659898281097,-0.027614302690370695,-0.03108823702214054,-0.004899142108280181,,4,True,False,recoverable,0,False,RUNNING
49.299999999997844,5916,S4_FRONT_PAIR_ADVANCE,ADVANCE,v010_20260806_220745_363972_manual:S4_FRONT_PAIR_ADVANCE:ALTERNATE_PROFILE_3:segments-42-43,15.191666666665803,0.0,43,0.5616891980171204,-0.010284088551998138,0.0930381789803505,-0.027556762834644838,-0.031155954238610655,-0.00488533556396249,,4,True,False,recoverable,0,False,RUNNING
49.36666666666451,5924,S4_FRONT_PAIR_ADVANCE,ADVANCE,v010_20260806_220745_363972_manual:S4_FRONT_PAIR_ADVANCE:ALTERNATE_PROFILE_3:segments-42-43,15.258333333332466,0.0,43,0.5627636909484863,-0.010289102792739868,0.09294614940881729,-0.027555596005547852,-0.031246051036963412,-0.004870878764596619,,4,True,False,recoverable,0,False,RUNNING
49.43333333333117,5932,S4_FRONT_PAIR_ADVANCE,ADVANCE,v010_20260806_220745_363972_manual:S4_FRONT_PAIR_ADVANCE:ALTERNATE_PROFILE_3:segments-42-43,15.324999999999129,0.0,43,0.5638405680656433,-0.010299161076545715,0.09284526854753494,-0.02753628285968314,-0.031288689674674394,-0.004847230016518998,,4,True,False,recoverable,0,False,RUNNING
49.49999999999783,5940,S4_FRONT_PAIR_ADVANCE,ADVANCE,v010_20260806_220745_363972_manual:S4_FRONT_PAIR_ADVANCE:ALTERNATE_PROFILE_3:segments-42-43,15.391666666665792,0.0,43,0.564812183380127,-0.010286562144756317,0.0927383229136467,-0.02770331518919664,-0.03135948623090567,-0.004860584579578816,,4,True,False,recoverable,0,False,RUNNING
49.566666666664496,5948,S4_FRONT_PAIR_ADVANCE,ADVANCE,v010_20260806_220745_363972_manual:S4_FRONT_PAIR_ADVANCE:ALTERNATE_PROFILE_3:segments-42-43,15.458333333332455,0.0,43,0.5656610131263733,-0.010287784039974213,0.09269127994775772,-0.027737447674693817,-0.03123045952712398,-0.004846224676905923,,4,True,False,recoverable,0,False,RUNNING
49.63333333333116,5956,S4_FRONT_PAIR_ADVANCE,ADVANCE,v010_20260806_220745_363972_manual:S4_FRONT_PAIR_ADVANCE:ALTERNATE_PROFILE_3:segments-42-43,15.524999999999118,0.0,43,0.5665614008903503,-0.010290056467056274,0.09263408929109573,-0.02775918772617242,-0.031153096828203105,-0.004834405204160133,,4,True,False,recoverable,0,False,RUNNING
49.69999999999782,5964,S4_FRONT_PAIR_ADVANCE,ADVANCE,v010_20260806_220745_363972_manual:S4_FRONT_PAIR_ADVANCE:ALTERNATE_PROFILE_3:segments-42-43,15.59166666666578,0.0,43,0.5674527883529663,-0.010308094322681427,0.09258940815925598,-0.027672392784445363,-0.031053285962666113,-0.004828841358984638,,4,True,False,recoverable,0,False,RUNNING
49.766666666664484,5972,S4_FRONT_PAIR_ADVANCE,ADVANCE,v010_20260806_220745_363972_manual:S4_FRONT_PAIR_ADVANCE:ALTERNATE_PROFILE_3:segments-42-43,15.658333333332443,0.0,43,0.5683636665344238,-0.010328315198421478,0.09261598438024521,-0.027430405276177013,-0.03102379463206353,-0.004807633593327296,,4,True,False,recoverable,0,False,RUNNING
49.83333333333115,5980,S4_FRONT_PAIR_ADVANCE,ADVANCE,v010_20260806_220745_363972_manual:S4_FRONT_PAIR_ADVANCE:ALTERNATE_PROFILE_3:segments-42-43,15.724999999999106,0.0,43,0.5692917108535767,-0.010338462889194489,0.09268569946289062,-0.027322136530801684,-0.030843292877166223,-0.004800651353479895,,4,True,False,recoverable,0,False,RUNNING
49.89999999999781,5988,S4_FRONT_PAIR_ADVANCE,ADVANCE,v010_20260806_220745_363972_manual:S4_FRONT_PAIR_ADVANCE:ALTERNATE_PROFILE_3:segments-42-43,15.791666666665769,0.0,43,0.5702565908432007,-0.01034390926361084,0.092713862657547,-0.027301430567171606,-0.030700173328245022,-0.004789026327080833,,4,True,False,recoverable,0,False,RUNNING
49.96666666666447,5996,S4_FRONT_PAIR_ADVANCE,ADVANCE,v010_20260806_220745_363972_manual:S4_FRONT_PAIR_ADVANCE:ALTERNATE_PROFILE_3:segments-42-43,15.858333333332432,0.0,43,0.5712475776672363,-0.010349661111831665,0.09273386746644974,-0.02729174581971779,-0.030601278488491902,-0.004774445432203121,,4,True,False,recoverable,0,False,RUNNING
50.033333333331136,6004,S4_FRONT_PAIR_ADVANCE,ADVANCE,v010_20260806_220745_363972_manual:S4_FRONT_PAIR_ADVANCE:ALTERNATE_PROFILE_3:segments-42-43,15.924999999999095,0.0,43,0.5722529292106628,-0.010353289544582367,0.09272123873233795,-0.027326772268838905,-0.03049026359135933,-0.00477157096783539,,4,True,False,recoverable,0,False,RUNNING
50.0999999999978,6012,S4_FRONT_PAIR_ADVANCE,ADVANCE,v010_20260806_220745_363972_manual:S4_FRONT_PAIR_ADVANCE:ALTERNATE_PROFILE_3:segments-42-43,15.991666666665758,0.0,43,0.5732488036155701,-0.01037200540304184,0.09276844561100006,-0.02707306538121776,-0.030414816039551075,-0.0047563478913098325,,4,True,False,recoverable,0,False,RUNNING
50.16666666666446,6020,S4_FRONT_PAIR_ADVANCE,ADVANCE,v010_20260806_220745_363972_manual:S4_FRONT_PAIR_ADVANCE:ALTERNATE_PROFILE_3:segments-42-43,16.05833333333242,0.0,43,0.5742307305335999,-0.010405711829662323,0.09286399185657501,-0.026605972492531976,-0.030388989495577744,-0.004728986610169685,,4,True,False,recoverable,0,False,RUNNING
50.233333333331124,6028,S4_FRONT_PAIR_ADVANCE,ADVANCE,v010_20260806_220745_363972_manual:S4_FRONT_PAIR_ADVANCE:ALTERNATE_PROFILE_3:segments-42-43,16.124999999999083,0.0,43,0.5752221941947937,-0.010439619421958923,0.09293298423290253,-0.026164505846996557,-0.030347700850165592,-0.0047116694578557645,,4,True,False,recoverable,0,False,RUNNING
50.29999999999779,6036,S4_FRONT_PAIR_ADVANCE,ADVANCE,v010_20260806_220745_363972_manual:S4_FRONT_PAIR_ADVANCE:ALTERNATE_PROFILE_3:segments-42-43,16.191666666665746,0.0,43,0.576242983341217,-0.01046975702047348,0.09296899288892746,-0.025780934692732804,-0.03037647667360713,-0.004686831069265775,,4,True,False,recoverable,0,False,RUNNING
50.36666666666445,6044,S4_FRONT_PAIR_ADVANCE,ADVANCE,v010_20260806_220745_363972_manual:S4_FRONT_PAIR_ADVANCE:ALTERNATE_PROFILE_3:segments-42-43,16.25833333333241,0.0,43,0.5771916508674622,-0.010480031371116638,0.09300204366445541,-0.025740151480769066,-0.030545740928435473,-0.00468373414952517,,4,True,False,recoverable,0,False,RUNNING
50.43333333333111,6052,S4_FRONT_PAIR_ADVANCE,ADVANCE,v010_20260806_220745_363972_manual:S4_FRONT_PAIR_ADVANCE:ALTERNATE_PROFILE_3:segments-42-43,16.324999999999072,0.0,43,0.5780959129333496,-0.010474883019924164,0.09301954507827759,-0.02591770053738403,-0.030732779318415424,-0.004687102703219972,,4,True,False,recoverable,0,False,RUNNING
50.499999999997776,6060,S4_FRONT_PAIR_ADVANCE,ADVANCE,v010_20260806_220745_363972_manual:S4_FRONT_PAIR_ADVANCE:ALTERNATE_PROFILE_3:segments-42-43,16.391666666665735,0.0,43,0.5790266394615173,-0.010473094880580902,0.09302365779876709,-0.026070814584082773,-0.030950232955460195,-0.004687013871243294,,4,True,False,recoverable,0,False,RUNNING
50.56666666666444,6068,S4_FRONT_PAIR_ADVANCE,ADVANCE,v010_20260806_220745_363972_manual:S4_FRONT_PAIR_ADVANCE:ALTERNATE_PROFILE_3:segments-42-43,16.458333333332398,0.0,43,0.5799787044525146,-0.010473184287548065,0.09301353991031647,-0.026189958657470452,-0.03117779719139796,-0.0046887372030536495,,4,True,False,recoverable,0,False,RUNNING
50.6333333333311,6076,S4_FRONT_PAIR_ADVANCE,ADVANCE,v010_20260806_220745_363972_manual:S4_FRONT_PAIR_ADVANCE:ALTERNATE_PROFILE_3:segments-42-43,16.52499999999906,0.0,43,0.5809434652328491,-0.010476864874362946,0.09298460185527802,-0.02628993870098167,-0.03142579990394266,-0.004685363761493442,,4,True,False,recoverable,0,False,RUNNING
50.699999999997765,6084,S4_FRONT_PAIR_ADVANCE,ADVANCE,v010_20260806_220745_363972_manual:S4_FRONT_PAIR_ADVANCE:ALTERNATE_PROFILE_3:segments-42-43,16.591666666665724,0.0,43,0.5818448662757874,-0.010456182062625885,0.09298774600028992,-0.02671883830897427,-0.03134768132395441,-0.004710838737183511,,4,True,False,recoverable,0,False,RUNNING
50.76666666666443,6092,S4_FRONT_PAIR_ADVANCE,ADVANCE,v010_20260806_220745_363972_manual:S4_FRONT_PAIR_ADVANCE:ALTERNATE_PROFILE_3:segments-42-43,16.658333333332386,0.0,43,0.5827904343605042,-0.010433465242385864,0.09297393262386322,-0.02718407893117154,-0.031372884261840754,-0.004730564101288233,,4,True,False,recoverable,0,False,RUNNING
50.83333333333109,6100,S4_FRONT_PAIR_ADVANCE,ADVANCE,v010_20260806_220745_363972_manual:S4_FRONT_PAIR_ADVANCE:ALTERNATE_PROFILE_3:segments-42-43,16.72499999999905,0.0,43,0.5837498903274536,-0.010406993329524994,0.09292405843734741,-0.027705507990704297,-0.03137870781834943,-0.004768295295301985,,4,True,False,recoverable,0,False,RUNNING
50.89999999999775,6108,S4_FRONT_PAIR_ADVANCE,ADVANCE,v010_20260806_220745_363972_manual:S4_FRONT_PAIR_ADVANCE:ALTERNATE_PROFILE_3:segments-42-43,16.791666666665712,0.0,43,0.5847459435462952,-0.010380305349826813,0.09286565333604813,-0.02816885255718513,-0.03136270867693408,-0.004782758813165258,,4,True,False,recoverable,0,False,RUNNING
50.966666666664416,6116,S4_FRONT_PAIR_ADVANCE,ADVANCE,v010_20260806_220745_363972_manual:S4_FRONT_PAIR_ADVANCE:ALTERNATE_PROFILE_3:segments-42-43,16.858333333332375,0.0,43,0.5857734680175781,-0.010344468057155609,0.09282583743333817,-0.02863169733613094,-0.03143910680152171,-0.004790374419259375,,4,True,False,recoverable,0,False,RUNNING
51.03333333333108,6124,S4_FRONT_PAIR_ADVANCE,ADVANCE,v010_20260806_220745_363972_manual:S4_FRONT_PAIR_ADVANCE:ALTERNATE_PROFILE_3:segments-42-43,16.924999999999038,0.0,43,0.5867972373962402,-0.010312333703041077,0.09272316843271255,-0.02920967091539405,-0.03143780670230635,-0.0048173852686191985,,4,True,False,recoverable,0,False,RUNNING
51.09999999999774,6132,S4_FRONT_PAIR_ADVANCE,ADVANCE,v010_20260806_220745_363972_manual:S4_FRONT_PAIR_ADVANCE:ALTERNATE_PROFILE_3:segments-42-43,16.9916666666657,0.0,43,0.5878528952598572,-0.010274484753608704,0.09262297302484512,-0.029783545547211635,-0.03147507004252107,-0.00483222566069879,,4,True,False,recoverable,0,False,RUNNING
51.166666666664405,6140,S4_FRONT_PAIR_ADVANCE,ADVANCE,v010_20260806_220745_363972_manual:S4_FRONT_PAIR_ADVANCE:ALTERNATE_PROFILE_3:segments-42-43,17.058333333332364,0.0,43,0.5889290571212769,-0.01023363322019577,0.09249281883239746,-0.03041476928231447,-0.031570763489671826,-0.004851989400567605,,4,True,False,recoverable,0,False,RUNNING
51.23333333333107,6148,S4_FRONT_PAIR_ADVANCE,ADVANCE,v010_20260806_220745_363972_manual:S4_FRONT_PAIR_ADVANCE:ALTERNATE_PROFILE_3:segments-42-43,17.124999999999027,0.0,43,0.5899165272712708,-0.010231636464595795,0.09249494224786758,-0.030496422103900533,-0.03186580607321539,-0.004865436959407715,,4,True,False,recoverable,0,False,RUNNING
51.29999999999773,6156,S4_FRONT_PAIR_ADVANCE,ADVANCE,v010_20260806_220745_363972_manual:S4_FRONT_PAIR_ADVANCE:ALTERNATE_PROFILE_3:segments-42-43,17.19166666666569,0.0,43,0.5908688306808472,-0.01024094969034195,0.09252862632274628,-0.030460654792020717,-0.03196911180257036,-0.004870679527450116,,4,True,False,recoverable,0,False,RUNNING
51.36666666666439,6164,S4_FRONT_PAIR_ADVANCE,ADVANCE,v010_20260806_220745_363972_manual:S4_FRONT_PAIR_ADVANCE:ALTERNATE_PROFILE_3:segments-42-43,17.258333333332352,0.0,43,0.5918282270431519,-0.010256722569465637,0.09260187298059464,-0.030300408468934725,-0.031972806899336556,-0.004869164921171909,,4,True,False,recoverable,0,False,RUNNING
51.433333333331056,6172,S4_FRONT_PAIR_ADVANCE,ADVANCE,v010_20260806_220745_363972_manual:S4_FRONT_PAIR_ADVANCE:ALTERNATE_PROFILE_3:segments-42-43,17.324999999999015,0.0,43,0.5928171277046204,-0.01027294248342514,0.0926603376865387,-0.030154308302839796,-0.03201365349702137,-0.004864936881418258,,4,True,False,recoverable,0,False,RUNNING
51.49999999999772,6180,S4_FRONT_PAIR_ADVANCE,ADVANCE,v010_20260806_220745_363972_manual:S4_FRONT_PAIR_ADVANCE:ALTERNATE_PROFILE_3:segments-42-43,17.391666666665678,0.0,43,0.5938184261322021,-0.010290324687957764,0.09270942956209183,-0.02998219984677753,-0.032050492246870246,-0.0048629475056150935,,4,True,False,recoverable,0,False,RUNNING
51.56666666666438,6188,S4_FRONT_PAIR_ADVANCE,ADVANCE,v010_20260806_220745_363972_manual:S4_FRONT_PAIR_ADVANCE:ALTERNATE_PROFILE_3:segments-42-43,17.45833333333234,0.0,43,0.5948204398155212,-0.010310225188732147,0.09274335205554962,-0.029821240325174924,-0.03207508599646845,-0.004851615037970149,,4,True,False,recoverable,0,False,RUNNING
51.633333333331045,6196,S4_FRONT_PAIR_ADVANCE,ADVANCE,v010_20260806_220745_363972_manual:S4_FRONT_PAIR_ADVANCE:ALTERNATE_PROFILE_3:segments-42-43,17.524999999999004,0.0,43,0.5958331823348999,-0.010324731469154358,0.09277205914258957,-0.029599322736561743,-0.03208458771635735,-0.004840641353541643,,4,True,False,recoverable,0,False,RUNNING
51.69999999999771,6204,S4_FRONT_PAIR_ADVANCE,ADVANCE,v010_20260806_220745_363972_manual:S4_FRONT_PAIR_ADVANCE:ALTERNATE_PROFILE_3:segments-42-43,17.591666666665667,0.0,43,0.5968479514122009,-0.010350629687309265,0.09280841797590256,-0.029328147528452857,-0.032027350756223205,-0.0048277858925666614,,4,True,False,recoverable,0,False,RUNNING
51.76666666666437,6212,S4_FRONT_PAIR_ADVANCE,ADVANCE,v010_20260806_220745_363972_manual:S4_FRONT_PAIR_ADVANCE:ALTERNATE_PROFILE_3:segments-42-43,17.65833333333233,0.0,43,0.597896158695221,-0.010373584926128387,0.09279768168926239,-0.029109849098153697,-0.032033576140830015,-0.004821603449837697,,4,True,False,recoverable,0,False,RUNNING
51.83333333333103,6220,S4_FRONT_PAIR_ADVANCE,ADVANCE,v010_20260806_220745_363972_manual:S4_FRONT_PAIR_ADVANCE:ALTERNATE_PROFILE_3:segments-42-43,17.724999999998992,0.0,43,0.5989379286766052,-0.010397419333457947,0.09276828169822693,-0.02888860835197494,-0.03200774968001892,-0.004815827363504146,,4,True,False,recoverable,0,False,RUNNING
51.899999999997696,6228,S4_FRONT_PAIR_ADVANCE,ADVANCE,v010_20260806_220745_363972_manual:S4_FRONT_PAIR_ADVANCE:ALTERNATE_PROFILE_3:segments-42-43,17.791666666665655,0.0,43,0.5997978448867798,-0.01039983332157135,0.09277941286563873,-0.029031571434697437,-0.03196720325147466,-0.004818950559770714,,4,True,False,recoverable,0,False,RUNNING
51.96666666666436,6236,S4_FRONT_PAIR_ADVANCE,ADVANCE,v010_20260806_220745_363972_manual:S4_FRONT_PAIR_ADVANCE:ALTERNATE_PROFILE_3:segments-42-43,17.858333333332318,0.0,43,0.600670337677002,-0.010408483445644379,0.09279695153236389,-0.029070026974864223,-0.03189443321595592,-0.004818755963292705,,4,True,False,recoverable,0,False,RUNNING
52.03333333333102,6244,S4_FRONT_PAIR_ADVANCE,ADVANCE,v010_20260806_220745_363972_manual:S4_FRONT_PAIR_ADVANCE:ALTERNATE_PROFILE_3:segments-42-43,17.92499999999898,0.0,43,0.6015631556510925,-0.010419532656669617,0.09279219061136246,-0.029101039022250728,-0.031834393635507184,-0.004813358369462282,,4,True,False,recoverable,0,False,RUNNING
52.099999999997685,6252,S4_FRONT_PAIR_ADVANCE,ADVANCE,v010_20260806_220745_363972_manual:S4_FRONT_PAIR_ADVANCE:ALTERNATE_PROFILE_3:segments-42-43,17.991666666665644,0.0,43,0.6024672389030457,-0.010435327887535095,0.09278471022844315,-0.02904438722485399,-0.03174591907985707,-0.0048069617805245575,,4,True,False,recoverable,0,False,RUNNING
52.16666666666435,6260,S4_FRONT_PAIR_ADVANCE,ADVANCE,v010_20260806_220745_363972_manual:S4_FRONT_PAIR_ADVANCE:ALTERNATE_PROFILE_3:segments-42-43,18.058333333332307,0.0,43,0.603359043598175,-0.010439716279506683,0.09277438372373581,-0.02915727250723286,-0.031494097151104676,-0.004815582328732011,,4,True,False,recoverable,0,False,RUNNING
52.23333333333101,6268,S4_FRONT_PAIR_ADVANCE,ADVANCE,v010_20260806_220745_363972_manual:S4_FRONT_PAIR_ADVANCE:ALTERNATE_PROFILE_3:segments-42-43,18.12499999999897,0.0,43,0.6042799353599548,-0.010434113442897797,0.09275718033313751,-0.02948500745144526,-0.031147800731255462,-0.004833732081963575,,4,True,False,recoverable,0,False,RUNNING
52.299999999997674,6276,S4_FRONT_PAIR_ADVANCE,ADVANCE,v010_20260806_220745_363972_manual:S4_FRONT_PAIR_ADVANCE:ALTERNATE_PROFILE_3:segments-42-43,18.191666666665633,0.0,43,0.6052274703979492,-0.010429657995700836,0.09274264425039291,-0.029779904531183482,-0.030865593468960385,-0.004854925938349293,,4,True,False,recoverable,0,False,RUNNING
52.36666666666434,6284,S4_FRONT_PAIR_ADVANCE,ADVANCE,v010_20260806_220745_363972_manual:S4_FRONT_PAIR_ADVANCE:ALTERNATE_PROFILE_3:segments-42-43,18.258333333332295,0.0,43,0.6061655282974243,-0.010442361235618591,0.09279987215995789,-0.02979826769453984,-0.030768013015957718,-0.004861117045856882,,4,True,False,recoverable,0,False,RUNNING
52.433333333331,6292,S4_FRONT_PAIR_ADVANCE,ADVANCE,v010_20260806_220745_363972_manual:S4_FRONT_PAIR_ADVANCE:ALTERNATE_PROFILE_3:segments-42-43,18.32499999999896,0.0,43,0.6071373820304871,-0.010449513792991638,0.0928526297211647,-0.029798978971457772,-0.030694386020801188,-0.0048613098972929295,,4,True,False,recoverable,0,False,RUNNING
52.49999999999766,6300,S4_FRONT_PAIR_ADVANCE,ADVANCE,v010_20260806_220745_363972_manual:S4_FRONT_PAIR_ADVANCE:ALTERNATE_PROFILE_3:segments-42-43,18.39166666666562,0.0,43,0.60813307762146,-0.010458700358867645,0.09289128333330154,-0.02978756364956038,-0.030601433971419838,-0.004858199031570215,,4,True,False,recoverable,0,False,RUNNING
52.566666666664325,6308,S4_FRONT_PAIR_ADVANCE,ADVANCE,v010_20260806_220745_363972_manual:S4_FRONT_PAIR_ADVANCE:ALTERNATE_PROFILE_3:segments-42-43,18.458333333332284,0.0,43,0.6091300249099731,-0.01046258956193924,0.09289810806512833,-0.029771219133087893,-0.03041983096416642,-0.004862953469326603,,4,True,False,recoverable,0,False,RUNNING
52.63333333333099,6316,S4_FRONT_PAIR_ADVANCE,ADVANCE,v010_20260806_220745_363972_manual:S4_FRONT_PAIR_ADVANCE:ALTERNATE_PROFILE_3:segments-42-43,18.524999999998947,0.0,43,0.6101537942886353,-0.010466918349266052,0.09288822114467621,-0.029760914668887552,-0.030301603233009546,-0.004865807701043773,,4,True,False,recoverable,0,False,RUNNING
52.69999999999765,6324,S4_FRONT_PAIR_ADVANCE,ADVANCE,v010_20260806_220745_363972_manual:S4_FRONT_PAIR_ADVANCE:ALTERNATE_PROFILE_3:segments-42-43,18.59166666666561,0.0,43,0.6112076044082642,-0.01047513633966446,0.09284692257642746,-0.029775838722114097,-0.030235242366772823,-0.004871194799087627,,4,True,False,recoverable,0,False,RUNNING
52.766666666664314,6332,S4_FRONT_PAIR_ADVANCE,ADVANCE,v010_20260806_220745_363972_manual:S4_FRONT_PAIR_ADVANCE:ALTERNATE_PROFILE_3:segments-42-43,18.658333333332273,0.0,43,0.612220823764801,-0.010493248701095581,0.09283605962991714,-0.029582066181490195,-0.03002744719936793,-0.004866040845020609,,4,True,False,recoverable,0,False,RUNNING
52.83333333333098,6340,S4_FRONT_PAIR_ADVANCE,ADVANCE,v010_20260806_220745_363972_manual:S4_FRONT_PAIR_ADVANCE:ALTERNATE_PROFILE_3:segments-42-43,18.724999999998936,0.0,43,0.6132462620735168,-0.010513022541999817,0.09280463308095932,-0.029390834288692595,-0.029834477656345754,-0.00485130356029976,,4,True,False,recoverable,0,False,RUNNING
52.89999999999764,6348,S4_FRONT_PAIR_ADVANCE,ADVANCE,v010_20260806_220745_363972_manual:S4_FRONT_PAIR_ADVANCE:ALTERNATE_PROFILE_3:segments-42-43,18.7916666666656,0.0,43,0.6143157482147217,-0.010527566075325012,0.0927434116601944,-0.02926109617171603,-0.029707919162464225,-0.004845406274880624,,4,True,False,recoverable,0,False,RUNNING
52.9666666666643,6356,S4_FRONT_PAIR_ADVANCE,ADVANCE,v010_20260806_220745_363972_manual:S4_FRONT_PAIR_ADVANCE:ALTERNATE_PROFILE_3:segments-42-43,18.85833333333226,0.0,43,0.6154025793075562,-0.01054278016090393,0.0926547646522522,-0.02916625520968865,-0.02951508689550982,-0.0048357230927808395,,4,True,False,recoverable,0,False,RUNNING
53.033333333330965,6364,S4_FRONT_PAIR_ADVANCE,ADVANCE,v010_20260806_220745_363972_manual:S4_FRONT_PAIR_ADVANCE:ALTERNATE_PROFILE_3:segments-42-43,18.924999999998924,0.0,43,0.6164975762367249,-0.010557517409324646,0.0925508365035057,-0.029066985964398655,-0.029324207302833666,-0.004830853368419754,,4,True,False,recoverable,0,False,RUNNING
53.09999999999763,6372,S4_FRONT_PAIR_ADVANCE,ADVANCE,v010_20260806_220745_363972_manual:S4_FRONT_PAIR_ADVANCE:ALTERNATE_PROFILE_3:segments-42-43,18.991666666665587,0.0,43,0.6174659729003906,-0.010575354099273682,0.0925106406211853,-0.028909772939146722,-0.029317397564959755,-0.0048237198534856664,,4,True,False,recoverable,0,False,RUNNING
53.16666666666429,6380,S4_FRONT_PAIR_ADVANCE,ADVANCE,v010_20260806_220745_363972_manual:S4_FRONT_PAIR_ADVANCE:ALTERNATE_PROFILE_3:segments-42-43,19.05833333333225,0.0,43,0.6184203624725342,-0.010619260370731354,0.09258748590946198,-0.02833504290092552,-0.029565239297246436,-0.004798475712627835,,4,True,False,recoverable,0,False,RUNNING
53.233333333330954,6388,S4_FRONT_PAIR_ADVANCE,ADVANCE,v010_20260806_220745_363972_manual:S4_FRONT_PAIR_ADVANCE:ALTERNATE_PROFILE_3:segments-42-43,19.124999999998913,0.0,43,0.6194066405296326,-0.010662615299224854,0.09265824407339096,-0.027769935142470902,-0.029850724464099025,-0.004775153201964327,,4,True,False,recoverable,0,False,RUNNING
53.29999999999762,6396,S4_FRONT_PAIR_ADVANCE,ADVANCE,v010_20260806_220745_363972_manual:S4_FRONT_PAIR_ADVANCE:ALTERNATE_PROFILE_3:segments-42-43,19.191666666665576,0.0,43,0.6204221844673157,-0.010704286396503448,0.0926995649933815,-0.027262063497812277,-0.030193951536148487,-0.004747235029574842,,4,True,False,recoverable,0,False,RUNNING
53.36666666666428,6404,S4_FRONT_PAIR_ADVANCE,ADVANCE,v010_20260806_220745_363972_manual:S4_FRONT_PAIR_ADVANCE:ALTERNATE_PROFILE_3:segments-42-43,19.25833333333224,0.0,43,0.6214424967765808,-0.010731354355812073,0.09273403882980347,-0.026889036853100158,-0.0304934553471613,-0.004715692061575414,,4,True,False,recoverable,0,False,RUNNING
53.43333333333094,6412,S4_FRONT_PAIR_ADVANCE,ADVANCE,v010_20260806_220745_363972_manual:S4_FRONT_PAIR_ADVANCE:ALTERNATE_PROFILE_3:segments-42-43,19.3249999999989,0.0,43,0.6223721504211426,-0.010735131800174713,0.09274356812238693,-0.02686696766488526,-0.03073012755903094,-0.004706413174761667,,4,True,False,recoverable,0,False,RUNNING
53.499999999997605,6420,S4_FRONT_PAIR_ADVANCE,ADVANCE,v010_20260806_220745_363972_manual:S4_FRONT_PAIR_ADVANCE:ALTERNATE_PROFILE_3:segments-42-43,19.391666666665564,0.0,43,0.6232971549034119,-0.010729998350143433,0.0927567332983017,-0.02704841136404618,-0.031073716218078556,-0.0047312532740283264,,4,True,False,recoverable,0,False,RUNNING
53.56666666666427,6428,S4_FRONT_PAIR_ADVANCE,ADVANCE,v010_20260806_220745_363972_manual:S4_FRONT_PAIR_ADVANCE:ALTERNATE_PROFILE_3:segments-42-43,19.458333333332227,0.0,43,0.6242391467094421,-0.010724693536758423,0.09276571869850159,-0.027169660502928558,-0.031408819897214425,-0.004741762797537493,,4,True,False,recoverable,0,False,RUNNING
53.63333333333093,6436,S4_FRONT_PAIR_ADVANCE,ADVANCE,v010_20260806_220745_363972_manual:S4_FRONT_PAIR_ADVANCE:ALTERNATE_PROFILE_3:segments-42-43,19.52499999999889,0.0,43,0.6252197623252869,-0.01071581244468689,0.09274514019489288,-0.02740295623315732,-0.031844131187965224,-0.004768309666894319,,4,True,False,recoverable,0,False,RUNNING
53.699999999997594,6444,S4_FRONT_PAIR_ADVANCE,ADVANCE,v010_20260806_220745_363972_manual:S4_FRONT_PAIR_ADVANCE:ALTERNATE_PROFILE_3:segments-42-43,19.591666666665553,0.0,43,0.6261370778083801,-0.010722801089286804,0.09276744723320007,-0.027368950178572715,-0.03200432894422927,-0.004764823854749392,,4,True,False,recoverable,0,False,RUNNING
53.76666666666426,6452,S4_FRONT_PAIR_ADVANCE,ADVANCE,v010_20260806_220745_363972_manual:S4_FRONT_PAIR_ADVANCE:ALTERNATE_PROFILE_3:segments-42-43,19.658333333332216,0.0,43,0.6269695162773132,-0.010727852582931519,0.09283030778169632,-0.02733779846356649,-0.03181901075907496,-0.00477399668985214,,4,True,False,recoverable,0,False,RUNNING
53.83333333333092,6460,S4_FRONT_PAIR_ADVANCE,ADVANCE,v010_20260806_220745_363972_manual:S4_FRONT_PAIR_ADVANCE:ALTERNATE_PROFILE_3:segments-42-43,19.72499999999888,0.0,43,0.6278589963912964,-0.01073155552148819,0.09289994090795517,-0.02743099661376567,-0.03158409578879534,-0.004788002057211267,,4,True,False,recoverable,0,False,RUNNING
53.89999999999758,6468,S4_FRONT_PAIR_ADVANCE,ADVANCE,v010_20260806_220745_363972_manual:S4_FRONT_PAIR_ADVANCE:ALTERNATE_PROFILE_3:segments-42-43,19.79166666666554,0.0,43,0.628783643245697,-0.01073618233203888,0.0929538831114769,-0.027513988513315095,-0.03139525956018048,-0.004801412069094279,,4,True,False,recoverable,0,False,RUNNING
53.966666666664246,6476,S4_FRONT_PAIR_ADVANCE,ADVANCE,v010_20260806_220745_363972_manual:S4_FRONT_PAIR_ADVANCE:ALTERNATE_PROFILE_3:segments-42-43,19.858333333332205,0.0,43,0.6297292709350586,-0.010740585625171661,0.0929880142211914,-0.027610897644781238,-0.031237510575667995,-0.004810745525164287,,4,True,False,recoverable,0,False,RUNNING
54.03333333333091,6484,S4_FRONT_PAIR_ADVANCE,ADVANCE,v010_20260806_220745_363972_manual:S4_FRONT_PAIR_ADVANCE:ALTERNATE_PROFILE_3:segments-42-43,19.924999999998867,0.0,43,0.6306866407394409,-0.010738559067249298,0.09303832054138184,-0.027631934934039603,-0.031123211301456694,-0.004780718946054791,,4,True,False,recoverable,0,False,RUNNING
54.09999999999757,6492,S4_FRONT_PAIR_ADVANCE,ADVANCE,v010_20260806_220745_363972_manual:S4_FRONT_PAIR_ADVANCE:ALTERNATE_PROFILE_3:segments-42-43,19.99166666666553,0.0,43,0.6315969824790955,-0.010730355978012085,0.0930737778544426,-0.027764728682966703,-0.031020039317966923,-0.004762110595766288,,4,True,False,recoverable,0,False,RUNNING
54.166666666664234,6500,S4_FRONT_PAIR_ADVANCE,ADVANCE,v010_20260806_220745_363972_manual:S4_FRONT_PAIR_ADVANCE:ALTERNATE_PROFILE_3:segments-42-43,20.058333333332193,0.0,43,0.6325088143348694,-0.010721050202846527,0.09307174384593964,-0.02798414735043363,-0.030910693618823648,-0.00474719171783099,,4,True,False,recoverable,0,False,RUNNING
54.2333333333309,6508,S4_FRONT_PAIR_ADVANCE,ADVANCE,v010_20260806_220745_363972_manual:S4_FRONT_PAIR_ADVANCE:ALTERNATE_PROFILE_3:segments-42-43,20.124999999998856,0.0,43,0.6334357857704163,-0.010708831250667572,0.09306816011667252,-0.02817711554917719,-0.030743777121710624,-0.004745601047525459,,4,True,False,recoverable,0,False,RUNNING
54.29999999999756,6516,S4_FRONT_PAIR_ADVANCE,ADVANCE,v010_20260806_220745_363972_manual:S4_FRONT_PAIR_ADVANCE:ALTERNATE_PROFILE_3:segments-42-43,20.19166666666552,0.0,43,0.6343934535980225,-0.010699264705181122,0.09304139763116837,-0.02838670264945462,-0.030618133774699317,-0.004730096242541174,,4,True,False,recoverable,0,False,RUNNING
54.36666666666422,6524,S4_FRONT_PAIR_ADVANCE,ADVANCE,v010_20260806_220745_363972_manual:S4_FRONT_PAIR_ADVANCE:ALTERNATE_PROFILE_3:segments-42-43,20.258333333332182,0.0,43,0.635384202003479,-0.010693386197090149,0.09298525005578995,-0.028602110976299264,-0.030519521446688024,-0.004711738625798962,,4,True,False,recoverable,0,False,RUNNING
54.433333333330886,6532,S4_FRONT_PAIR_ADVANCE,ADVANCE,v010_20260806_220745_363972_manual:S4_FRONT_PAIR_ADVANCE:ALTERNATE_PROFILE_3:segments-42-43,20.324999999998845,0.0,43,0.636368453502655,-0.010677367448806763,0.09293659776449203,-0.028927162652196664,-0.03026602433642822,-0.004712080464392637,,4,True,False,recoverable,0,False,RUNNING
54.49999999999755,6540,S4_FRONT_PAIR_ADVANCE,ADVANCE,v010_20260806_220745_363972_manual:S4_FRONT_PAIR_ADVANCE:ALTERNATE_PROFILE_3:segments-42-43,20.391666666665508,0.0,43,0.6373820900917053,-0.01065652072429657,0.09286392480134964,-0.029282451750813236,-0.03002438470132303,-0.004728262969285879,,4,True,False,recoverable,0,False,RUNNING
54.56666666666421,6548,S4_FRONT_PAIR_ADVANCE,ADVANCE,v010_20260806_220745_363972_manual:S4_FRONT_PAIR_ADVANCE:ALTERNATE_PROFILE_3:segments-42-43,20.45833333333217,0.0,43,0.6384320855140686,-0.010635927319526672,0.09277258813381195,-0.02965072479248759,-0.029845716002572863,-0.004729211984783147,,4,True,False,recoverable,0,False,RUNNING
54.633333333330874,6556,S4_FRONT_PAIR_ADVANCE,ADVANCE,v010_20260806_220745_363972_manual:S4_FRONT_PAIR_ADVANCE:ALTERNATE_PROFILE_3:segments-42-43,20.524999999998833,0.0,43,0.6394262909889221,-0.010653078556060791,0.09283414483070374,-0.029422443948447195,-0.029950193607229798,-0.004714775522317183,,4,True,False,recoverable,0,False,RUNNING
54.69999999999754,6564,S4_FRONT_PAIR_ADVANCE,ADVANCE,v010_20260806_220745_363972_manual:S4_FRONT_PAIR_ADVANCE:ALTERNATE_PROFILE_3:segments-42-43,20.591666666665496,0.0,43,0.6404321789741516,-0.010675832629203796,0.09291346371173859,-0.029137848987746996,-0.030137860929113282,-0.004702002792872485,,4,True,False,recoverable,0,False,RUNNING
54.7666666666642,6572,S4_FRONT_PAIR_ADVANCE,ADVANCE,v010_20260806_220745_363972_manual:S4_FRONT_PAIR_ADVANCE:ALTERNATE_PROFILE_3:segments-42-43,20.65833333333216,0.0,43,0.641446590423584,-0.010691575706005096,0.09296396374702454,-0.028918833150645435,-0.030325968672713765,-0.0046866063133650885,,4,True,False,recoverable,0,False,RUNNING
54.83333333333086,6580,S4_FRONT_PAIR_ADVANCE,ADVANCE,v010_20260806_220745_363972_manual:S4_FRONT_PAIR_ADVANCE:ALTERNATE_PROFILE_3:segments-42-43,20.724999999998822,0.0,43,0.6424885988235474,-0.010709233582019806,0.09300415217876434,-0.028702034971311473,-0.030562027171050863,-0.004675957569119357,,4,True,False,recoverable,0,False,RUNNING
54.899999999997526,6588,S4_FRONT_PAIR_ADVANCE,ADVANCE,v010_20260806_220745_363972_manual:S4_FRONT_PAIR_ADVANCE:ALTERNATE_PROFILE_3:segments-42-43,20.791666666665485,0.0,43,0.6434922218322754,-0.010734789073467255,0.09304104745388031,-0.0284255739670173,-0.03063468333238345,-0.0046664964301229225,,4,True,False,recoverable,0,False,RUNNING
54.96666666666419,6596,S4_FRONT_PAIR_ADVANCE,ADVANCE,v010_20260806_220745_363972_manual:S4_FRONT_PAIR_ADVANCE:ALTERNATE_PROFILE_3:segments-42-43,20.858333333332148,0.0,43,0.6444833874702454,-0.010769665241241455,0.09310685843229294,-0.028014963939169222,-0.030578675123880662,-0.004645387139689441,,4,True,False,recoverable,0,False,RUNNING
55.03333333333085,6604,S4_FRONT_PAIR_ADVANCE,ADVANCE,v010_20260806_220745_363972_manual:S4_FRONT_PAIR_ADVANCE:ALTERNATE_PROFILE_3:segments-42-43,20.92499999999881,0.0,43,0.6454631686210632,-0.010796234011650085,0.0931575670838356,-0.02773301909798625,-0.03056491973794105,-0.004633251514527341,,4,True,False,recoverable,0,False,RUNNING
55.099999999997515,6612,S4_FRONT_PAIR_ADVANCE,ADVANCE,v010_20260806_220745_363972_manual:S4_FRONT_PAIR_ADVANCE:ALTERNATE_PROFILE_3:segments-42-43,20.991666666665473,0.0,43,0.6464035511016846,-0.010808512568473816,0.09319296479225159,-0.0276965039712107,-0.030642128321167666,-0.004628857260152549,,4,True,False,recoverable,0,False,RUNNING
55.16666666666418,6620,S4_FRONT_PAIR_ADVANCE,ADVANCE,v010_20260806_220745_363972_manual:S4_FRONT_PAIR_ADVANCE:ALTERNATE_PROFILE_3:segments-42-43,21.058333333332136,0.0,43,0.6473653316497803,-0.010823428630828857,0.09321801364421844,-0.027620170564579116,-0.030736812183354265,-0.0046256068705740165,,4,True,False,recoverable,0,False,RUNNING
55.23333333333084,6628,S4_FRONT_PAIR_ADVANCE,ADVANCE,v010_20260806_220745_363972_manual:S4_FRONT_PAIR_ADVANCE:ALTERNATE_PROFILE_3:segments-42-43,21.1249999999988,0.0,43,0.6483398675918579,-0.01084129512310028,0.09323029220104218,-0.02749787996621259,-0.03081833435590916,-0.0046191768091920484,,4,True,False,recoverable,0,False,RUNNING
55.2999999999975,6636,S4_FRONT_PAIR_ADVANCE,ADVANCE,v010_20260806_220745_363972_manual:S4_FRONT_PAIR_ADVANCE:ALTERNATE_PROFILE_3:segments-42-43,21.191666666665462,0.0,43,0.6493273377418518,-0.010859757661819458,0.09322743117809296,-0.027342305747720105,-0.030888400345949342,-0.004621356096840565,,4,True,False,recoverable,0,False,RUNNING
55.366666666664166,6644,S4_FRONT_PAIR_ADVANCE,ADVANCE,v010_20260806_220745_363972_manual:S4_FRONT_PAIR_ADVANCE:ALTERNATE_PROFILE_3:segments-42-43,21.258333333332125,0.0,43,0.6503099203109741,-0.01087082177400589,0.0932212844491005,-0.027247588180330563,-0.03088816750481891,-0.004617430527202195,,4,True,False,recoverable,0,False,RUNNING
55.43333333333083,6652,S4_FRONT_PAIR_ADVANCE,ADVANCE,v010_20260806_220745_363972_manual:S4_FRONT_PAIR_ADVANCE:ALTERNATE_PROFILE_3:segments-42-43,21.324999999998788,0.0,43,0.651297926902771,-0.01086997240781784,0.09322049468755722,-0.027268729481503415,-0.030786561130774562,-0.0046042889735963995,,4,True,False,recoverable,0,False,RUNNING
55.49999999999749,6660,S4_FRONT_PAIR_ADVANCE,ADVANCE,v010_20260806_220745_363972_manual:S4_FRONT_PAIR_ADVANCE:ALTERNATE_PROFILE_3:segments-42-43,21.39166666666545,0.0,43,0.6522944569587708,-0.01086416095495224,0.093186154961586,-0.02731210576312964,-0.03070884017760118,-0.004583439311904849,,4,True,False,recoverable,0,False,RUNNING
55.566666666664155,6668,S4_FRONT_PAIR_ADVANCE,ADVANCE,v010_20260806_220745_363972_manual:S4_FRONT_PAIR_ADVANCE:ALTERNATE_PROFILE_3:segments-42-43,21.458333333332114,0.0,43,0.6533070206642151,-0.010854288935661316,0.09313640743494034,-0.02743128794100394,-0.03068537297669128,-0.004569101223639601,,4,True,False,recoverable,0,False,RUNNING
55.63333333333082,6676,S4_FRONT_PAIR_ADVANCE,ADVANCE,v010_20260806_220745_363972_manual:S4_FRONT_PAIR_ADVANCE:ALTERNATE_PROFILE_3:segments-42-43,21.524999999998776,0.0,43,0.6542125344276428,-0.010829925537109375,0.09306659549474716,-0.027799222942515994,-0.030702399858737198,-0.004563896178703278,,4,True,False,recoverable,0,False,RUNNING
55.69999999999748,6684,S4_FRONT_PAIR_ADVANCE,ADVANCE,v010_20260806_220745_363972_manual:S4_FRONT_PAIR_ADVANCE:ALTERNATE_PROFILE_3:segments-42-43,21.59166666666544,0.0,43,0.6551749110221863,-0.010811708867549896,0.0929918959736824,-0.028172566303379318,-0.030802220783282402,-0.004585550191024924,,4,True,False,recoverable,0,False,RUNNING
55.76666666666414,6692,S4_FRONT_PAIR_ADVANCE,ADVANCE,v010_20260806_220745_363972_manual:S4_FRONT_PAIR_ADVANCE:ALTERNATE_PROFILE_3:segments-42-43,21.658333333332102,0.0,43,0.6561415195465088,-0.010787062346935272,0.09285255521535873,-0.028649402520851377,-0.030813759625869703,-0.004611449668560592,,4,True,False,recoverable,0,False,RUNNING
55.833333333330806,6700,S4_FRONT_PAIR_ADVANCE,ADVANCE,v010_20260806_220745_363972_manual:S4_FRONT_PAIR_ADVANCE:ALTERNATE_PROFILE_3:segments-42-43,21.724999999998765,0.0,43,0.6571419835090637,-0.010760411620140076,0.09271588921546936,-0.029069998759447043,-0.03094627827622618,-0.004607701875743146,,4,True,False,recoverable,0,False,RUNNING
55.89999999999747,6708,S4_FRONT_PAIR_ADVANCE,ADVANCE,v010_20260806_220745_363972_manual:S4_FRONT_PAIR_ADVANCE:ALTERNATE_PROFILE_3:segments-42-43,21.791666666665428,0.0,43,0.6580852270126343,-0.010737650096416473,0.09263567626476288,-0.029443495443416696,-0.030800258423424282,-0.004621999486407932,,4,True,False,recoverable,0,False,RUNNING
55.96666666666413,6716,S4_FRONT_PAIR_ADVANCE,ADVANCE,v010_20260806_220745_363972_manual:S4_FRONT_PAIR_ADVANCE:ALTERNATE_PROFILE_3:segments-42-43,21.85833333333209,0.0,43,0.6590328216552734,-0.010717242956161499,0.09260550141334534,-0.029799700563075255,-0.030599320941310605,-0.004630923519572348,,4,True,False,recoverable,0,False,RUNNING
56.033333333330795,6724,S4_FRONT_PAIR_ADVANCE,ADVANCE,v010_20260806_220745_363972_manual:S4_FRONT_PAIR_ADVANCE:ALTERNATE_PROFILE_3:segments-42-43,21.924999999998754,0.0,43,0.6599587798118591,-0.010734260082244873,0.0927000492811203,-0.029641868954201005,-0.030594130015316544,-0.0046310270481622244,,4,True,False,recoverable,0,False,RUNNING
56.09999999999746,6732,S4_FRONT_PAIR_ADVANCE,ADVANCE,v010_20260806_220745_363972_manual:S4_FRONT_PAIR_ADVANCE:ALTERNATE_PROFILE_3:segments-42-43,21.991666666665417,0.0,43,0.6609114408493042,-0.010749533772468567,0.09278779476881027,-0.02950082069390003,-0.030642559656882312,-0.004636041054813084,,4,True,False,recoverable,0,False,RUNNING
56.16666666666412,6740,S4_FRONT_PAIR_ADVANCE,ADVANCE,v010_20260806_220745_363972_manual:S4_FRONT_PAIR_ADVANCE:ALTERNATE_PROFILE_3:segments-42-43,22.05833333333208,0.0,43,0.6618931293487549,-0.010766349732875824,0.09286734461784363,-0.029411209459362278,-0.030744451923719704,-0.004625891210887738,,4,True,False,recoverable,0,False,RUNNING
56.23333333333078,6748,S4_FRONT_PAIR_ADVANCE,ADVANCE,v010_20260806_220745_363972_manual:S4_FRONT_PAIR_ADVANCE:ALTERNATE_PROFILE_3:segments-42-43,22.124999999998742,0.0,43,0.6628590226173401,-0.010778672993183136,0.09293518960475922,-0.029242155646789125,-0.030861464357879446,-0.004614284137786063,,4,True,False,recoverable,0,False,RUNNING
56.299999999997446,6756,S4_FRONT_PAIR_ADVANCE,ADVANCE,v010_20260806_220745_363972_manual:S4_FRONT_PAIR_ADVANCE:ALTERNATE_PROFILE_3:segments-42-43,22.191666666665405,0.0,43,0.6637927293777466,-0.010807648301124573,0.09305131435394287,-0.028915909921294544,-0.03076138169262267,-0.004601918887155245,,4,True,False,recoverable,0,False,RUNNING
56.36666666666411,6764,S4_FRONT_PAIR_ADVANCE,ADVANCE,v010_20260806_220745_363972_manual:S4_FRONT_PAIR_ADVANCE:ALTERNATE_PROFILE_3:segments-42-43,22.258333333332068,0.0,43,0.6647655367851257,-0.010826095938682556,0.09312184900045395,-0.028650587226271344,-0.03070380309750226,-0.004582838494099723,,4,True,False,recoverable,0,False,RUNNING
56.43333333333077,6772,S4_FRONT_PAIR_ADVANCE,ADVANCE,v010_20260806_220745_363972_manual:S4_FRONT_PAIR_ADVANCE:ALTERNATE_PROFILE_3:segments-42-43,22.32499999999873,0.0,43,0.6657288670539856,-0.010847263038158417,0.0931963250041008,-0.028356696663142913,-0.030620134943309903,-0.004554300437522713,,4,True,False,recoverable,0,False,RUNNING
56.499999999997435,6780,S4_FRONT_PAIR_ADVANCE,ADVANCE,v010_20260806_220745_363972_manual:S4_FRONT_PAIR_ADVANCE:ALTERNATE_PROFILE_3:segments-42-43,22.391666666665394,0.0,43,0.6667593717575073,-0.010866492986679077,0.09322258085012436,-0.02813112124292198,-0.03058996220184403,-0.0045383885010327075,,4,True,False,recoverable,0,False,RUNNING
56.5666666666641,6788,S4_FRONT_PAIR_ADVANCE,ADVANCE,v010_20260806_220745_363972_manual:S4_FRONT_PAIR_ADVANCE:ALTERNATE_PROFILE_3:segments-42-43,22.458333333332057,0.0,43,0.6677887439727783,-0.010892927646636963,0.09325483441352844,-0.02785495760788957,-0.030508460484570787,-0.004533388392202191,,4,True,False,recoverable,0,False,RUNNING
56.63333333333076,6796,S4_FRONT_PAIR_ADVANCE,ADVANCE,v010_20260806_220745_363972_manual:S4_FRONT_PAIR_ADVANCE:ALTERNATE_PROFILE_3:segments-42-43,22.52499999999872,0.0,43,0.6688382029533386,-0.010919228196144104,0.09325820207595825,-0.027603851226456456,-0.03045272224009948,-0.004529039740046073,,4,True,False,recoverable,0,False,RUNNING
56.699999999997424,6804,S4_FRONT_PAIR_ADVANCE,ADVANCE,v010_20260806_220745_363972_manual:S4_FRONT_PAIR_ADVANCE:ALTERNATE_PROFILE_3:segments-42-43,22.591666666665382,0.0,43,0.6698805689811707,-0.010938689112663269,0.09324800223112106,-0.027375117762030273,-0.030436135850770384,-0.004511789886322838,,4,True,False,recoverable,0,False,RUNNING
56.76666666666409,6812,S4_FRONT_PAIR_ADVANCE,ADVANCE,v010_20260806_220745_363972_manual:S4_FRONT_PAIR_ADVANCE:ALTERNATE_PROFILE_3:segments-42-43,22.658333333332045,0.0,43,0.6709573864936829,-0.010965809226036072,0.09320442378520966,-0.02713485903753917,-0.030395602973895302,-0.004507480298314202,,4,True,False,recoverable,0,False,RUNNING
56.83333333333075,6820,S4_FRONT_PAIR_ADVANCE,ADVANCE,v010_20260806_220745_363972_manual:S4_FRONT_PAIR_ADVANCE:ALTERNATE_PROFILE_3:segments-42-43,22.72499999999871,0.0,43,0.6719969511032104,-0.010981440544128418,0.0931423008441925,-0.02699647010046206,-0.030387329101104227,-0.0044908801733323745,,4,True,False,recoverable,0,False,RUNNING
56.89999999999741,6828,S4_FRONT_PAIR_ADVANCE,ADVANCE,v010_20260806_220745_363972_manual:S4_FRONT_PAIR_ADVANCE:ALTERNATE_PROFILE_3:segments-42-43,22.79166666666537,0.0,43,0.6728902459144592,-0.010975122451782227,0.09309430420398712,-0.027240874995474208,-0.0304825954426764,-0.0044928585606460614,,4,True,False,recoverable,0,False,RUNNING
56.966666666664075,6836,S4_FRONT_PAIR_ADVANCE,ADVANCE,v010_20260806_220745_363972_manual:S4_FRONT_PAIR_ADVANCE:ALTERNATE_PROFILE_3:segments-42-43,22.858333333332034,0.0,43,0.6738321781158447,-0.010970696806907654,0.0930228903889656,-0.027528763115104465,-0.030641518578699796,-0.004512914164473606,,4,True,False,recoverable,0,False,RUNNING
57.03333333333074,6844,S4_FRONT_PAIR_ADVANCE,ADVANCE,v010_20260806_220745_363972_manual:S4_FRONT_PAIR_ADVANCE:ALTERNATE_PROFILE_3:segments-42-43,22.924999999998697,0.0,43,0.6747944951057434,-0.010963521897792816,0.0929541289806366,-0.02773547455364276,-0.030818994909149633,-0.004522099613431972,,4,True,False,recoverable,0,False,RUNNING
57.0999999999974,6852,S4_FRONT_PAIR_ADVANCE,ADVANCE,v010_20260806_220745_363972_manual:S4_FRONT_PAIR_ADVANCE:ALTERNATE_PROFILE_3:segments-42-43,22.99166666666536,0.0,43,0.675771951675415,-0.010954096913337708,0.09285753965377808,-0.027950621989804095,-0.031000249099249665,-0.004522716656384099,,4,True,False,recoverable,0,False,RUNNING
57.166666666664064,6860,S4_FRONT_PAIR_ADVANCE,ADVANCE,v010_20260806_220745_363972_manual:S4_FRONT_PAIR_ADVANCE:ALTERNATE_PROFILE_3:segments-42-43,23.058333333332023,0.0,43,0.676763117313385,-0.01094498485326767,0.09276483952999115,-0.02814530890868967,-0.03115959862682552,-0.004526542144069542,,4,True,False,recoverable,0,False,RUNNING
57.23333333333073,6868,S4_FRONT_PAIR_ADVANCE,ADVANCE,v010_20260806_220745_363972_manual:S4_FRONT_PAIR_ADVANCE:ALTERNATE_PROFILE_3:segments-42-43,23.124999999998685,0.0,43,0.677750289440155,-0.010911472141742706,0.09269379824399948,-0.028732893305584317,-0.031084186934007812,-0.0045544960519483535,,4,True,False,recoverable,0,False,RUNNING
57.29999999999739,6876,S4_FRONT_PAIR_ADVANCE,ADVANCE,v010_20260806_220745_363972_manual:S4_FRONT_PAIR_ADVANCE:ALTERNATE_PROFILE_3:segments-42-43,23.19166666666535,0.0,43,0.6787763237953186,-0.010876022279262543,0.0926072970032692,-0.02933641629220963,-0.03105059857571377,-0.004588799332682912,,4,True,False,recoverable,0,False,RUNNING
57.36666666666405,6884,S4_FRONT_PAIR_ADVANCE,ADVANCE,v010_20260806_220745_363972_manual:S4_FRONT_PAIR_ADVANCE:ALTERNATE_PROFILE_3:segments-42-43,23.25833333333201,0.0,43,0.6796985268592834,-0.010862268507480621,0.09258141368627548,-0.029637860459078836,-0.030713830534989144,-0.004603665869208668,,4,True,False,recoverable,0,False,RUNNING
57.433333333330715,6892,S4_FRONT_PAIR_ADVANCE,ADVANCE,v010_20260806_220745_363972_manual:S4_FRONT_PAIR_ADVANCE:ALTERNATE_PROFILE_3:segments-42-43,23.324999999998674,0.0,43,0.6806279420852661,-0.010856382548809052,0.09253473579883575,-0.029949919706124005,-0.030339471297824088,-0.004622073508413839,,4,True,False,recoverable,0,False,RUNNING
57.49999999999738,6900,S4_FRONT_PAIR_ADVANCE,ADVANCE,v010_20260806_220745_363972_manual:S4_FRONT_PAIR_ADVANCE:ALTERNATE_PROFILE_3:segments-42-43,23.391666666665337,0.0,43,0.6815820932388306,-0.010846912860870361,0.09249097108840942,-0.030271516362758263,-0.029984434239747268,-0.004647082462850978,,4,True,False,recoverable,0,False,RUNNING
57.56666666666404,6908,S4_FRONT_PAIR_ADVANCE,ADVANCE,v010_20260806_220745_363972_manual:S4_FRONT_PAIR_ADVANCE:ALTERNATE_PROFILE_3:segments-42-43,23.458333333332,0.0,43,0.6825278401374817,-0.010847695171833038,0.09245985001325607,-0.030466493930780755,-0.029685127017680366,-0.004662237653528574,,4,True,False,recoverable,0,False,RUNNING
57.633333333330704,6916,S4_FRONT_PAIR_ADVANCE,ADVANCE,v010_20260806_220745_363972_manual:S4_FRONT_PAIR_ADVANCE:ALTERNATE_PROFILE_3:segments-42-43,23.524999999998663,0.0,43,0.6834842562675476,-0.010864347219467163,0.09250064939260483,-0.030312754312050876,-0.029501550014297682,-0.004653340683683211,,4,True,False,recoverable,0,False,RUNNING
57.69999999999737,6924,S4_FRONT_PAIR_ADVANCE,ADVANCE,v010_20260806_220745_363972_manual:S4_FRONT_PAIR_ADVANCE:ALTERNATE_PROFILE_3:segments-42-43,23.591666666665326,0.0,43,0.6844589710235596,-0.010879270732402802,0.09253203868865967,-0.03019209118387919,-0.02934679424334939,-0.004650186395180102,,4,True,False,recoverable,0,False,RUNNING
57.76666666666403,6932,S4_FRONT_PAIR_ADVANCE,ADVANCE,v010_20260806_220745_363972_manual:S4_FRONT_PAIR_ADVANCE:ALTERNATE_PROFILE_3:segments-42-43,23.65833333333199,0.0,43,0.6854770183563232,-0.010893821716308594,0.09253618866205215,-0.030139625005832754,-0.029255716643438096,-0.004637065863088957,,4,True,False,recoverable,0,False,RUNNING
57.83333333333069,6940,S4_FRONT_PAIR_ADVANCE,ADVANCE,v010_20260806_220745_363972_manual:S4_FRONT_PAIR_ADVANCE:ALTERNATE_PROFILE_3:segments-42-43,23.72499999999865,0.0,43,0.6864786148071289,-0.010915577411651611,0.0925203338265419,-0.030089658593081384,-0.029121276827840926,-0.004651239296241183,,4,True,False,recoverable,0,False,RUNNING
57.899999999997355,6948,S4_FRONT_PAIR_ADVANCE,ADVANCE,v010_20260806_220745_363972_manual:S4_FRONT_PAIR_ADVANCE:ALTERNATE_PROFILE_3:segments-42-43,23.791666666665314,0.0,43,0.6875192523002625,-0.01093582808971405,0.09249740093946457,-0.029927988098945417,-0.02899681421123108,-0.004647944378492368,,4,True,False,recoverable,0,False,RUNNING
57.96666666666402,6956,S4_FRONT_PAIR_ADVANCE,ADVANCE,v010_20260806_220745_363972_manual:S4_FRONT_PAIR_ADVANCE:ALTERNATE_PROFILE_3:segments-42-43,23.858333333331977,0.0,43,0.6885064840316772,-0.010986104607582092,0.09258966892957687,-0.02930291207626515,-0.029117411860410156,-0.004617303475019863,,4,True,False,recoverable,0,False,RUNNING
58.03333333333068,6964,S4_FRONT_PAIR_ADVANCE,ADVANCE,v010_20260806_220745_363972_manual:S4_FRONT_PAIR_ADVANCE:ALTERNATE_PROFILE_3:segments-42-43,23.92499999999864,0.0,43,0.6895244121551514,-0.011028870940208435,0.09268014878034592,-0.028723100755721195,-0.02932294213012173,-0.004571836620400441,,4,True,False,recoverable,0,False,RUNNING
58.099999999997344,6972,S4_FRONT_PAIR_ADVANCE,ADVANCE,v010_20260806_220745_363972_manual:S4_FRONT_PAIR_ADVANCE:ALTERNATE_PROFILE_3:segments-42-43,23.991666666665303,0.0,43,0.6905532479286194,-0.011073336005210876,0.09277096390724182,-0.028138120132426784,-0.029585839971397007,-0.0045346720367520415,,4,True,False,recoverable,0,False,RUNNING
58.16666666666401,6980,S4_FRONT_PAIR_ADVANCE,ADVANCE,v010_20260806_220745_363972_manual:S4_FRONT_PAIR_ADVANCE:ALTERNATE_PROFILE_3:segments-42-43,24.058333333331966,0.0,43,0.6915795207023621,-0.011108212172985077,0.09283462166786194,-0.027580113463975632,-0.029771411761263,-0.004510355137823927,,4,True,False,recoverable,0,False,RUNNING
58.23333333333067,6988,S4_FRONT_PAIR_ADVANCE,ADVANCE,v010_20260806_220745_363972_manual:S4_FRONT_PAIR_ADVANCE:ALTERNATE_PROFILE_3:segments-42-43,24.12499999999863,0.0,43,0.6926372051239014,-0.011148102581501007,0.09284913539886475,-0.02713562623865297,-0.030027225290264425,-0.004504893945107889,,4,True,False,recoverable,0,False,RUNNING
58.29999999999733,6996,S4_FRONT_PAIR_ADVANCE,ADVANCE,v010_20260806_220745_363972_manual:S4_FRONT_PAIR_ADVANCE:ALTERNATE_PROFILE_3:segments-42-43,24.19166666666529,0.0,43,0.6936771869659424,-0.011181317269802094,0.0928574800491333,-0.02663907709387648,-0.030176314906361575,-0.004480193263048842,,4,True,False,recoverable,0,False,RUNNING
58.366666666663995,7004,S4_FRONT_PAIR_ADVANCE,ADVANCE,v010_20260806_220745_363972_manual:S4_FRONT_PAIR_ADVANCE:ALTERNATE_PROFILE_3:segments-42-43,24.258333333331954,0.0,43,0.6947430372238159,-0.011215060949325562,0.09285624325275421,-0.026163804397510197,-0.030425595253935515,-0.004453770742956029,,4,True,False,recoverable,0,False,RUNNING
58.43333333333066,7012,S4_FRONT_PAIR_ADVANCE,ADVANCE,v010_20260806_220745_363972_manual:S4_FRONT_PAIR_ADVANCE:ALTERNATE_PROFILE_3:segments-42-43,24.324999999998617,0.0,43,0.6956365704536438,-0.011216729879379272,0.092869333922863,-0.02617408925805953,-0.03072041525810982,-0.00444003739496432,,4,True,False,recoverable,0,False,RUNNING
58.49999999999732,7020,S4_FRONT_PAIR_ADVANCE,ADVANCE,v010_20260806_220745_363972_manual:S4_FRONT_PAIR_ADVANCE:ALTERNATE_PROFILE_3:segments-42-43,24.39166666666528,0.0,43,0.6965211629867554,-0.011228933930397034,0.0928816944360733,-0.026178701725765904,-0.030928485679202766,-0.004449203274255884,,4,True,False,recoverable,0,False,RUNNING
58.566666666663984,7028,S4_FRONT_PAIR_ADVANCE,ADVANCE,v010_20260806_220745_363972_manual:S4_FRONT_PAIR_ADVANCE:ALTERNATE_PROFILE_3:segments-42-43,24.458333333331943,0.0,43,0.6974235773086548,-0.011240027844905853,0.09289993345737457,-0.026068861754527866,-0.031158818720698932,-0.004428118100607129,,4,True,False,recoverable,0,False,RUNNING
58.63333333333065,7036,S4_FRONT_PAIR_ADVANCE,ADVANCE,v010_20260806_220745_363972_manual:S4_FRONT_PAIR_ADVANCE:ALTERNATE_PROFILE_3:segments-42-43,24.524999999998606,0.0,43,0.698352038860321,-0.01125316321849823,0.09289536625146866,-0.025956554426596164,-0.03140112233055121,-0.00441460506788588,,4,True,False,recoverable,0,False,RUNNING
58.69999999999731,7044,S4_FRONT_PAIR_ADVANCE,ADVANCE,v010_20260806_220745_363972_manual:S4_FRONT_PAIR_ADVANCE:ALTERNATE_PROFILE_3:segments-42-43,24.59166666666527,0.0,43,0.6993024349212646,-0.011275261640548706,0.09288401156663895,-0.025781563990898013,-0.03168109269507006,-0.00440216421953357,,4,True,False,recoverable,0,False,RUNNING
58.76666666666397,7052,S4_FRONT_PAIR_ADVANCE,ADVANCE,v010_20260806_220745_363972_manual:S4_FRONT_PAIR_ADVANCE:ALTERNATE_PROFILE_3:segments-42-43,24.65833333333193,0.0,43,0.7002018690109253,-0.01126282662153244,0.09290003031492233,-0.025983459208814515,-0.031671305753027686,-0.004398683399074127,,4,True,False,recoverable,0,False,RUNNING
58.833333333330636,7060,S4_FRONT_PAIR_ADVANCE,ADVANCE,v010_20260806_220745_363972_manual:S4_FRONT_PAIR_ADVANCE:ALTERNATE_PROFILE_3:segments-42-43,24.724999999998595,0.0,43,0.7011034488677979,-0.011240929365158081,0.09290362149477005,-0.026426696058691013,-0.031726720874082924,-0.004415035914534359,,4,True,False,recoverable,0,False,RUNNING
58.8999999999973,7068,S4_FRONT_PAIR_ADVANCE,ADVANCE,v010_20260806_220745_363972_manual:S4_FRONT_PAIR_ADVANCE:ALTERNATE_PROFILE_3:segments-42-43,24.791666666665257,0.0,43,0.7020484805107117,-0.011214986443519592,0.09289739280939102,-0.026869492823704627,-0.03182568273151216,-0.004416850592332527,,4,True,False,recoverable,0,False,RUNNING
58.96666666666396,7076,S4_FRONT_PAIR_ADVANCE,ADVANCE,v010_20260806_220745_363972_manual:S4_FRONT_PAIR_ADVANCE:ALTERNATE_PROFILE_3:segments-42-43,24.85833333333192,0.0,43,0.7030107378959656,-0.01118922233581543,0.09288734197616577,-0.027300633140278387,-0.03196489759403193,-0.004423486750064928,,4,True,False,recoverable,0,False,RUNNING
59.033333333330624,7084,S4_FRONT_PAIR_ADVANCE,ADVANCE,v010_20260806_220745_363972_manual:S4_FRONT_PAIR_ADVANCE:ALTERNATE_PROFILE_3:segments-42-43,24.924999999998583,0.0,43,0.7039605379104614,-0.01116412878036499,0.09282433241605759,-0.0278044102013427,-0.03198281481981636,-0.004440002007923765,,4,True,False,recoverable,0,False,RUNNING
59.09999999999729,7092,S4_FRONT_PAIR_ADVANCE,ADVANCE,v010_20260806_220745_363972_manual:S4_FRONT_PAIR_ADVANCE:ALTERNATE_PROFILE_3:segments-42-43,24.991666666665246,0.0,43,0.7049407958984375,-0.011132128536701202,0.09275422990322113,-0.028330514686398637,-0.032057214614976855,-0.004454035121971558,,4,True,False,recoverable,0,False,RUNNING
59.16666666666395,7100,S4_FRONT_PAIR_ADVANCE,ADVANCE,v010_20260806_220745_363972_manual:S4_FRONT_PAIR_ADVANCE:ALTERNATE_PROFILE_3:segments-42-43,25.05833333333191,0.0,43,0.7059143781661987,-0.011094443500041962,0.09267778694629669,-0.02894280627863472,-0.032029400614279925,-0.004471497411689966,,4,True,False,recoverable,0,False,RUNNING
59.23333333333061,7108,S4_FRONT_PAIR_ADVANCE,ADVANCE,v010_20260806_220745_363972_manual:S4_FRONT_PAIR_ADVANCE:ALTERNATE_PROFILE_3:segments-42-43,25.124999999998572,0.0,43,0.7069054245948792,-0.011058911681175232,0.09258826822042465,-0.02955199595397694,-0.03200553694295481,-0.004486808017388359,,4,True,False,recoverable,0,False,RUNNING
59.299999999997276,7116,S4_FRONT_PAIR_ADVANCE,ADVANCE,v010_20260806_220745_363972_manual:S4_FRONT_PAIR_ADVANCE:ALTERNATE_PROFILE_3:segments-42-43,25.191666666665235,0.0,43,0.7077573537826538,-0.011053785681724548,0.09256795048713684,-0.029784998138963674,-0.031527700933479806,-0.004498198633064102,,4,True,False,recoverable,0,False,RUNNING
59.36666666666394,7124,S4_FRONT_PAIR_ADVANCE,ADVANCE,v010_20260806_220745_363972_manual:S4_FRONT_PAIR_ADVANCE:ALTERNATE_PROFILE_3:segments-42-43,25.258333333331898,0.0,43,0.708690345287323,-0.011046327650547028,0.09254996478557587,-0.03000096517425907,-0.03115931066700916,-0.004490060973000957,,4,True,False,recoverable,0,False,RUNNING
59.4333333333306,7132,S4_FRONT_PAIR_ADVANCE,ADVANCE,v010_20260806_220745_363972_manual:S4_FRONT_PAIR_ADVANCE:ALTERNATE_PROFILE_3:segments-42-43,25.32499999999856,0.0,43,0.7096138596534729,-0.011039115488529205,0.092520572245121,-0.03021594970654459,-0.03073621669688215,-0.004485465886166579,,4,True,False,recoverable,0,False,RUNNING
59.499999999997264,7140,S4_FRONT_PAIR_ADVANCE,ADVANCE,v010_20260806_220745_363972_manual:S4_FRONT_PAIR_ADVANCE:ALTERNATE_PROFILE_3:segments-42-43,25.391666666665223,0.0,43,0.7104865908622742,-0.011063553392887115,0.09261202067136765,-0.02996523756395727,-0.030563178021479558,-0.004458475174724863,,4,True,False,recoverable,0,False,RUNNING
59.56666666666393,7148,S4_FRONT_PAIR_ADVANCE,ADVANCE,v010_20260806_220745_363972_manual:S4_FRONT_PAIR_ADVANCE:ALTERNATE_PROFILE_3:segments-42-43,25.458333333331886,0.0,43,0.7113887667655945,-0.011089913547039032,0.09273114800453186,-0.029621831103997444,-0.030497804206606235,-0.0044284335227110245,,4,True,False,recoverable,0,False,RUNNING
59.63333333333059,7156,S4_FRONT_PAIR_ADVANCE,ADVANCE,v010_20260806_220745_363972_manual:S4_FRONT_PAIR_ADVANCE:ALTERNATE_PROFILE_3:segments-42-43,25.52499999999855,0.0,43,0.7123269438743591,-0.011114627122879028,0.09285473823547363,-0.02921923617353541,-0.030388082628355666,-0.004417592298560751,,4,True,False,recoverable,0,False,RUNNING
59.69999999999725,7164,S4_FRONT_PAIR_ADVANCE,ADVANCE,v010_20260806_220745_363972_manual:S4_FRONT_PAIR_ADVANCE:ALTERNATE_PROFILE_3:segments-42-43,25.591666666665212,0.0,43,0.7132946848869324,-0.011145725846290588,0.09294549375772476,-0.02885954947593044,-0.030373627361912892,-0.004387945146695796,,4,True,False,recoverable,0,False,RUNNING
59.766666666663916,7172,S4_FRONT_PAIR_ADVANCE,ADVANCE,v010_20260806_220745_363972_manual:S4_FRONT_PAIR_ADVANCE:ALTERNATE_PROFILE_3:segments-42-43,25.658333333331875,0.5,44,0.7133427858352661,-0.01114644855260849,0.09293662011623383,-0.02886247138285023,-0.030452121501257045,-0.004385032481741812,,4,True,False,stable,0,False,RUNNING
59.83333333333058,7180,S5_PRE_RR_COM_SHIFT,PRELOAD,v010_20260806_220745_363972_manual:S5_PRE_RR_COM_SHIFT:ALTERNATE_PROFILE_3:segments-44-60,0.05833333333333002,0.0,44,0.7133145332336426,-0.011148370802402496,0.09292952716350555,-0.028828346997981855,-0.03044152537132,-0.004384287456791163,RR,4,True,False,stable,0,False,RUNNING
59.89999999999724,7188,S5_PRE_RR_COM_SHIFT,PRELOAD,v010_20260806_220745_363972_manual:S5_PRE_RR_COM_SHIFT:ALTERNATE_PROFILE_3:segments-44-60,0.1249999999999929,0.0,45,0.7128946185112,-0.010954506695270538,0.09174586832523346,-0.032041433556913315,-0.027430659570361168,-0.00454878406976176,RR,4,True,False,recoverable,0,False,RUNNING
59.966666666663905,7196,S5_PRE_RR_COM_SHIFT,PRELOAD,v010_20260806_220745_363972_manual:S5_PRE_RR_COM_SHIFT:ALTERNATE_PROFILE_3:segments-44-60,0.19166666666665577,0.0,45,0.7128041982650757,-0.01086098700761795,0.09114342927932739,-0.03363285784506997,-0.02610068796339929,-0.004632267498805047,RR,3,True,False,recoverable,0,False,RUNNING
60.03333333333057,7204,S5_PRE_RR_COM_SHIFT,PRELOAD,v010_20260806_220745_363972_manual:S5_PRE_RR_COM_SHIFT:ALTERNATE_PROFILE_3:segments-44-60,0.25833333333331865,0.0,45,0.7127975225448608,-0.010812364518642426,0.09079604595899582,-0.03448599227351727,-0.02542079154596404,-0.004675148483060352,RR,3,True,False,recoverable,0,False,RUNNING
60.09999999999723,7212,S5_PRE_RR_COM_SHIFT,PRELOAD,v010_20260806_220745_363972_manual:S5_PRE_RR_COM_SHIFT:ALTERNATE_PROFILE_3:segments-44-60,0.3249999999999815,0.0,45,0.7128136157989502,-0.010777726769447327,0.0905248373746872,-0.035095300812719915,-0.024925010917752292,-0.004708729416543736,RR,3,True,False,recoverable,0,False,RUNNING
60.16666666666389,7220,S5_PRE_RR_COM_SHIFT,PRELOAD,v010_20260806_220745_363972_manual:S5_PRE_RR_COM_SHIFT:ALTERNATE_PROFILE_3:segments-44-60,0.3916666666666444,0.058823529411764705,46,0.7128326296806335,-0.010750174522399902,0.09028913825750351,-0.03558475573041449,-0.024479177818707818,-0.004735297455142363,RR,3,True,False,recoverable,0,False,RUNNING
60.233333333330556,7228,S5_PRE_RR_COM_SHIFT,PRELOAD,v010_20260806_220745_363972_manual:S5_PRE_RR_COM_SHIFT:ALTERNATE_PROFILE_3:segments-44-60,0.4583333333333073,0.058823529411764705,46,0.7128702402114868,-0.010734021663665771,0.09012483060359955,-0.03589047245559962,-0.024226023342402994,-0.004751261828334375,RR,3,True,False,recoverable,0,False,RUNNING
60.29999999999722,7236,S5_PRE_RR_COM_SHIFT,PRELOAD,v010_20260806_220745_363972_manual:S5_PRE_RR_COM_SHIFT:ALTERNATE_PROFILE_3:segments-44-60,0.5249999999999702,0.11764705882352941,47,0.7128986120223999,-0.010721974074840546,0.08998990803956985,-0.036120197758719344,-0.024024051043763896,-0.004765123031535899,RR,3,True,False,recoverable,0,False,RUNNING
60.36666666666388,7244,S5_PRE_RR_COM_SHIFT,PRELOAD,v010_20260806_220745_363972_manual:S5_PRE_RR_COM_SHIFT:ALTERNATE_PROFILE_3:segments-44-60,0.591666666666633,0.17647058823529413,48,0.7129161357879639,-0.010706290602684021,0.0898357480764389,-0.03641211495623337,-0.023760420417794664,-0.004782703108641436,RR,3,True,False,recoverable,0,False,RUNNING
60.433333333330545,7252,S5_PRE_RR_COM_SHIFT,PRELOAD,v010_20260806_220745_363972_manual:S5_PRE_RR_COM_SHIFT:ALTERNATE_PROFILE_3:segments-44-60,0.6583333333332959,0.23529411764705882,49,0.7133487462997437,-0.010472021996974945,0.08746201545000076,-0.041306298302323165,-0.0165037780545534,-0.005222911967935371,RR,3,True,False,recoverable,0,False,RUNNING
60.49999999999721,7260,S5_PRE_RR_COM_SHIFT,PRELOAD,v010_20260806_220745_363972_manual:S5_PRE_RR_COM_SHIFT:ALTERNATE_PROFILE_3:segments-44-60,0.7249999999999588,0.23529411764705882,49,0.7142432928085327,-0.010696642100811005,0.08173470944166183,-0.041648352329648905,0.0019693084582640967,-0.005982083633484147,RR,3,True,False,recoverable,0,False,RUNNING
60.56666666666387,7268,S5_PRE_RR_COM_SHIFT,PRELOAD,v010_20260806_220745_363972_manual:S5_PRE_RR_COM_SHIFT:ALTERNATE_PROFILE_3:segments-44-60,0.7916666666666217,0.23529411764705882,49,0.7158263921737671,-0.010812565684318542,0.07726563513278961,-0.043285321996875736,0.015583538446991571,-0.006649827162605351,RR,3,True,False,recoverable,0,False,RUNNING
60.63333333333053,7276,S5_PRE_RR_COM_SHIFT,PRELOAD,v010_20260806_220745_363972_manual:S5_PRE_RR_COM_SHIFT:ALTERNATE_PROFILE_3:segments-44-60,0.8583333333332845,0.23529411764705882,49,0.7159523963928223,-0.010953575372695923,0.07463883608579636,-0.04303538527360705,0.024696540231299847,-0.007034769708329168,RR,3,True,False,recoverable,0,False,RUNNING
60.699999999997196,7284,S5_PRE_RR_COM_SHIFT,PRELOAD,v010_20260806_220745_363972_manual:S5_PRE_RR_COM_SHIFT:ALTERNATE_PROFILE_3:segments-44-60,0.9249999999999474,0.23529411764705882,49,0.7159580588340759,-0.010933294892311096,0.0758415162563324,-0.042505457327428914,0.02092285351581729,-0.006863162421369164,RR,3,True,False,recoverable,0,False,RUNNING
60.76666666666386,7292,S5_PRE_RR_COM_SHIFT,PRELOAD,v010_20260806_220745_363972_manual:S5_PRE_RR_COM_SHIFT:ALTERNATE_PROFILE_3:segments-44-60,0.9916666666666103,0.23529411764705882,49,0.7152072191238403,-0.010778896510601044,0.07888110727071762,-0.042689694896282965,0.011341622576586769,-0.006447131924167229,RR,3,True,False,recoverable,0,False,RUNNING
60.83333333333052,7300,S5_PRE_RR_COM_SHIFT,PRELOAD,v010_20260806_220745_363972_manual:S5_PRE_RR_COM_SHIFT:ALTERNATE_PROFILE_3:segments-44-60,1.0583333333332732,0.23529411764705882,49,0.7151299715042114,-0.010732598602771759,0.08066882193088531,-0.04213917294517286,0.005270550857129927,-0.0061663298865560065,RR,3,True,False,recoverable,0,False,RUNNING
60.899999999997185,7308,S5_PRE_RR_COM_SHIFT,PRELOAD,v010_20260806_220745_363972_manual:S5_PRE_RR_COM_SHIFT:ALTERNATE_PROFILE_3:segments-44-60,1.124999999999936,0.23529411764705882,49,0.7146345376968384,-0.010671265423297882,0.08202747255563736,-0.0419989204325328,0.0009264450275778187,-0.005963815767667226,RR,3,True,False,recoverable,0,False,RUNNING
60.96666666666385,7316,S5_PRE_RR_COM_SHIFT,PRELOAD,v010_20260806_220745_363972_manual:S5_PRE_RR_COM_SHIFT:ALTERNATE_PROFILE_3:segments-44-60,1.191666666666599,0.23529411764705882,49,0.714267909526825,-0.010588295757770538,0.08322043716907501,-0.042355159343678124,-0.0029298439047383508,-0.005796561113790257,RR,3,True,False,recoverable,0,False,RUNNING
61.03333333333051,7324,S5_PRE_RR_COM_SHIFT,PRELOAD,v010_20260806_220745_363972_manual:S5_PRE_RR_COM_SHIFT:ALTERNATE_PROFILE_3:segments-44-60,1.2583333333332618,0.23529411764705882,49,0.7139885425567627,-0.010504990816116333,0.08465369790792465,-0.04258906010350613,-0.007873351690855287,-0.005588905778629997,RR,3,True,False,recoverable,0,False,RUNNING
61.09999999999717,7332,S5_PRE_RR_COM_SHIFT,PRELOAD,v010_20260806_220745_363972_manual:S5_PRE_RR_COM_SHIFT:ALTERNATE_PROFILE_3:segments-44-60,1.3249999999999247,0.23529411764705882,49,0.7135037183761597,-0.010437704622745514,0.08597314357757568,-0.04263630047734117,-0.012161020096881796,-0.005401389876996365,RR,3,True,False,recoverable,0,False,RUNNING
61.166666666663836,7340,S5_PRE_RR_COM_SHIFT,PRELOAD,v010_20260806_220745_363972_manual:S5_PRE_RR_COM_SHIFT:ALTERNATE_PROFILE_3:segments-44-60,1.3916666666665876,0.23529411764705882,49,0.7130902409553528,-0.010397464036941528,0.08738738298416138,-0.04224381407044129,-0.016657953610926715,-0.0051904219816771525,RR,3,True,False,recoverable,0,False,RUNNING
61.2333333333305,7348,S5_PRE_RR_COM_SHIFT,PRELOAD,v010_20260806_220745_363972_manual:S5_PRE_RR_COM_SHIFT:ALTERNATE_PROFILE_3:segments-44-60,1.4583333333332504,0.23529411764705882,49,0.7128504514694214,-0.010330744087696075,0.08870492875576019,-0.042385385414113144,-0.020941940525834434,-0.005018987316986915,RR,3,True,False,recoverable,0,False,RUNNING
61.29999999999716,7356,S5_PRE_RR_COM_SHIFT,PRELOAD,v010_20260806_220745_363972_manual:S5_PRE_RR_COM_SHIFT:ALTERNATE_PROFILE_3:segments-44-60,1.5249999999999133,0.23529411764705882,49,0.7125336527824402,-0.010287903249263763,0.09002372622489929,-0.04227226027957619,-0.025322861782212488,-0.004859592049064171,RR,3,True,False,recoverable,0,False,RUNNING
61.366666666663825,7364,S5_PRE_RR_COM_SHIFT,PRELOAD,v010_20260806_220745_363972_manual:S5_PRE_RR_COM_SHIFT:ALTERNATE_PROFILE_3:segments-44-60,1.5916666666665762,0.23529411764705882,49,0.7120512127876282,-0.010230578482151031,0.09155907481908798,-0.042014576836308194,-0.03012235299412428,-0.0046376739640193254,RR,3,True,False,recoverable,0,False,RUNNING
61.43333333333049,7372,S5_PRE_RR_COM_SHIFT,PRELOAD,v010_20260806_220745_363972_manual:S5_PRE_RR_COM_SHIFT:ALTERNATE_PROFILE_3:segments-44-60,1.658333333333239,0.23529411764705882,50,0.7122258543968201,-0.010219618678092957,0.09163735061883926,-0.04212007883879606,-0.030304120240070717,-0.004632102362929356,RR,3,True,False,recoverable,0,False,RUNNING
61.49999999999715,7380,S5_PRE_RR_COM_SHIFT,PRELOAD,v010_20260806_220745_363972_manual:S5_PRE_RR_COM_SHIFT:ALTERNATE_PROFILE_3:segments-44-60,1.724999999999902,0.23529411764705882,50,0.7121185064315796,-0.010233663022518158,0.09162158519029617,-0.04192178049769788,-0.03036237632598894,-0.004627953177353676,RR,3,True,False,recoverable,0,False,RUNNING
61.566666666663814,7388,S5_PRE_RR_COM_SHIFT,PRELOAD,v010_20260806_220745_363972_manual:S5_PRE_RR_COM_SHIFT:ALTERNATE_PROFILE_3:segments-44-60,1.7916666666665648,0.23529411764705882,50,0.7122011184692383,-0.010222166776657104,0.09173425287008286,-0.042025235282339785,-0.030621284295250774,-0.004617248587471503,RR,3,True,False,recoverable,0,False,RUNNING
61.63333333333048,7396,S5_PRE_RR_COM_SHIFT,PRELOAD,v010_20260806_220745_363972_manual:S5_PRE_RR_COM_SHIFT:ALTERNATE_PROFILE_3:segments-44-60,1.8583333333332277,0.23529411764705882,50,0.7121631503105164,-0.010217532515525818,0.09166916459798813,-0.04213076089571985,-0.030481469657033775,-0.004624487655719401,RR,3,True,False,recoverable,0,False,RUNNING
61.69999999999714,7404,S5_PRE_RR_COM_SHIFT,PRELOAD,v010_20260806_220745_363972_manual:S5_PRE_RR_COM_SHIFT:ALTERNATE_PROFILE_3:segments-44-60,1.9249999999998906,0.23529411764705882,50,0.712214469909668,-0.010219797492027283,0.09166339784860611,-0.04210886188162859,-0.030455147551654693,-0.004624658767039091,RR,3,True,False,recoverable,0,False,RUNNING
61.7666666666638,7412,S5_PRE_RR_COM_SHIFT,PRELOAD,v010_20260806_220745_363972_manual:S5_PRE_RR_COM_SHIFT:ALTERNATE_PROFILE_3:segments-44-60,1.9916666666665535,0.23529411764705882,50,0.7122519612312317,-0.010221056640148163,0.0916743054986,-0.04209062702206728,-0.030483787895889555,-0.0046222838641193234,RR,3,True,False,recoverable,0,False,RUNNING
61.833333333330465,7420,S5_PRE_RR_COM_SHIFT,PRELOAD,v010_20260806_220745_363972_manual:S5_PRE_RR_COM_SHIFT:ALTERNATE_PROFILE_3:segments-44-60,2.0583333333332163,0.23529411764705882,50,0.7122531533241272,-0.010218709707260132,0.09176687151193619,-0.042069871602278465,-0.03077368661890724,-0.004609631828066043,RR,3,True,False,recoverable,0,False,RUNNING
61.89999999999713,7428,S5_PRE_RR_COM_SHIFT,PRELOAD,v010_20260806_220745_363972_manual:S5_PRE_RR_COM_SHIFT:ALTERNATE_PROFILE_3:segments-44-60,2.124999999999879,0.23529411764705882,50,0.712273120880127,-0.010219007730484009,0.09181585162878036,-0.042041474575701024,-0.03092134956643212,-0.004602544795563436,RR,3,True,False,recoverable,0,False,RUNNING
61.96666666666379,7436,S5_PRE_RR_COM_SHIFT,PRELOAD,v010_20260806_220745_363972_manual:S5_PRE_RR_COM_SHIFT:ALTERNATE_PROFILE_3:segments-44-60,2.191666666666542,0.23529411764705882,50,0.7122921347618103,-0.01021815836429596,0.091822549700737,-0.04205372382607277,-0.030919968086108123,-0.004602482356893627,RR,3,True,False,recoverable,0,False,RUNNING
62.033333333330454,7444,S5_PRE_RR_COM_SHIFT,PRELOAD,v010_20260806_220745_363972_manual:S5_PRE_RR_COM_SHIFT:ALTERNATE_PROFILE_3:segments-44-60,2.258333333333205,0.23529411764705882,50,0.7123112082481384,-0.010217733681201935,0.09183728694915771,-0.042055103659648985,-0.03095121090185527,-0.0046007088291168605,RR,3,True,False,recoverable,0,False,RUNNING
62.09999999999712,7452,S5_PRE_RR_COM_SHIFT,PRELOAD,v010_20260806_220745_363972_manual:S5_PRE_RR_COM_SHIFT:ALTERNATE_PROFILE_3:segments-44-60,2.324999999999868,0.23529411764705882,50,0.7123311161994934,-0.010217510163784027,0.09185745567083359,-0.04205003380162662,-0.03100379848075538,-0.004597975900068899,RR,3,True,False,recoverable,0,False,RUNNING
62.16666666666378,7460,S5_PRE_RR_COM_SHIFT,PRELOAD,v010_20260806_220745_363972_manual:S5_PRE_RR_COM_SHIFT:ALTERNATE_PROFILE_3:segments-44-60,2.3916666666665307,0.23529411764705882,50,0.7123512625694275,-0.010217420756816864,0.09188021719455719,-0.042041869058834606,-0.031066257551490974,-0.004594800206547748,RR,3,True,False,recoverable,0,False,RUNNING
62.23333333333044,7468,S5_PRE_RR_COM_SHIFT,PRELOAD,v010_20260806_220745_363972_manual:S5_PRE_RR_COM_SHIFT:ALTERNATE_PROFILE_3:segments-44-60,2.4583333333331936,0.23529411764705882,50,0.712371826171875,-0.01021748036146164,0.09190426021814346,-0.04203189020298879,-0.031133649284733684,-0.004591548474046045,RR,3,True,False,recoverable,0,False,RUNNING
62.299999999997105,7476,S5_PRE_RR_COM_SHIFT,PRELOAD,v010_20260806_220745_363972_manual:S5_PRE_RR_COM_SHIFT:ALTERNATE_PROFILE_3:segments-44-60,2.5249999999998565,0.23529411764705882,50,0.7123926877975464,-0.010217458009719849,0.09192978590726852,-0.042020133073442406,-0.031205488481419238,-0.0045879119849596955,RR,3,True,False,recoverable,0,False,RUNNING
62.36666666666377,7484,S5_PRE_RR_COM_SHIFT,PRELOAD,v010_20260806_220745_363972_manual:S5_PRE_RR_COM_SHIFT:ALTERNATE_PROFILE_3:segments-44-60,2.5916666666665193,0.23529411764705882,50,0.7124136090278625,-0.010217629373073578,0.09195546060800552,-0.04200852425183279,-0.03127802965186168,-0.004584154769787604,RR,3,True,False,recoverable,0,False,RUNNING
62.43333333333043,7492,S5_PRE_RR_COM_SHIFT,PRELOAD,v010_20260806_220745_363972_manual:S5_PRE_RR_COM_SHIFT:ALTERNATE_PROFILE_3:segments-44-60,2.6583333333331822,0.23529411764705882,50,0.712434709072113,-0.010217659175395966,0.09198148548603058,-0.041996336323686406,-0.03135228461274066,-0.004580192441413741,RR,3,True,False,recoverable,0,False,RUNNING
62.499999999997094,7500,S5_PRE_RR_COM_SHIFT,PRELOAD,v010_20260806_220745_363972_manual:S5_PRE_RR_COM_SHIFT:ALTERNATE_PROFILE_3:segments-44-60,2.724999999999845,0.23529411764705882,50,0.712455689907074,-0.010217823088169098,0.09200730174779892,-0.04198369797002321,-0.0314255807386439,-0.004576214137649202,RR,3,True,False,recoverable,0,False,RUNNING
62.56666666666376,7508,S5_PRE_RR_COM_SHIFT,PRELOAD,v010_20260806_220745_363972_manual:S5_PRE_RR_COM_SHIFT:ALTERNATE_PROFILE_3:segments-44-60,2.791666666666508,0.23529411764705882,50,0.7124753594398499,-0.010217919945716858,0.09203216433525085,-0.04197140352686807,-0.031495843180332946,-0.0045727714019361985,RR,3,True,False,recoverable,0,False,RUNNING
62.63333333333042,7516,S5_PRE_RR_COM_SHIFT,PRELOAD,v010_20260806_220745_363972_manual:S5_PRE_RR_COM_SHIFT:ALTERNATE_PROFILE_3:segments-44-60,2.858333333333171,0.23529411764705882,50,0.7124970555305481,-0.010218106210231781,0.09205913543701172,-0.04195754226314109,-0.031572026904135894,-0.004569110753387923,RR,3,True,False,recoverable,0,False,RUNNING
62.69999999999708,7524,S5_PRE_RR_COM_SHIFT,PRELOAD,v010_20260806_220745_363972_manual:S5_PRE_RR_COM_SHIFT:ALTERNATE_PROFILE_3:segments-44-60,2.9249999999998337,0.23529411764705882,50,0.7125185132026672,-0.010218270123004913,0.09208586812019348,-0.041944609577898063,-0.03164846162185778,-0.004564969249664631,RR,3,True,False,recoverable,0,False,RUNNING
62.766666666663745,7532,S5_PRE_RR_COM_SHIFT,PRELOAD,v010_20260806_220745_363972_manual:S5_PRE_RR_COM_SHIFT:ALTERNATE_PROFILE_3:segments-44-60,2.9916666666664966,0.23529411764705882,50,0.7125400304794312,-0.010218389332294464,0.09211251139640808,-0.04193114605284264,-0.031723811978296365,-0.004560964396663703,RR,3,True,False,recoverable,0,False,RUNNING
62.83333333333041,7540,SAFE_STOP,SAFE_STOP,,2.9999999999998295,1.0,50,0.712498664855957,-0.010005690157413483,0.09169027209281921,-0.04517751978649827,-0.03157491889201657,-0.004612205011998767,,3,True,False,recoverable,0,True,SAFE_STOP
