sim_time_s,sim_step,macro_state,subphase,profile_id,phase_elapsed_s,profile_fraction,command_epoch,base_x_m,base_y_m,base_z_m,base_roll_rad,base_pitch_rad,base_yaw_rad,active_leg,geometry_support_candidate_count,robot_state_finite,joint_limit_violation,stability_state,retry_count,controller_terminal,controller_terminal_outcome
1.5666666666666635,188,,,fsm50-gate-c-successful-recording-profiles-v1,,,,-0.003989968448877335,-0.000993184745311737,0.09901051968336105,-3.8795075004099296e-05,-0.012018071330770567,0.0030498701370338887,,4,True,False,stable,0,False,
1.63333333333333,196,S1_APPROACH_AND_PRE_FR_SHIFT,PRELOAD,v009_20260806_215232_433234_manual:S1_APPROACH_AND_PRE_FR_SHIFT:ALTERNATE_PROFILE_1:segments-0-6,0.04166666666666652,0.0,0,-0.004020538181066513,-0.0009933039546012878,0.09900183975696564,-3.801701551617001e-05,-0.012015386625265804,0.003050028860425154,FR,4,True,False,stable,0,False,RUNNING
1.6999999999999964,204,S1_APPROACH_AND_PRE_FR_SHIFT,PRELOAD,v009_20260806_215232_433234_manual:S1_APPROACH_AND_PRE_FR_SHIFT:ALTERNATE_PROFILE_1:segments-0-6,0.10833333333333295,0.0,1,-0.0039978958666324615,-0.0007509514689445496,0.09833478182554245,-0.0025133674434643016,-0.014977838822998437,0.0030910287510715353,FR,4,True,False,recoverable,0,False,RUNNING
1.7666666666666628,212,S1_APPROACH_AND_PRE_FR_SHIFT,PRELOAD,v009_20260806_215232_433234_manual:S1_APPROACH_AND_PRE_FR_SHIFT:ALTERNATE_PROFILE_1:segments-0-6,0.17499999999999938,0.0,1,-0.0043872203677892685,-0.00036847591400146484,0.09769771248102188,-0.006450955137326205,-0.018350044493352015,0.003162824438139699,FR,4,True,False,recoverable,0,False,RUNNING
1.8333333333333293,220,S1_APPROACH_AND_PRE_FR_SHIFT,PRELOAD,v009_20260806_215232_433234_manual:S1_APPROACH_AND_PRE_FR_SHIFT:ALTERNATE_PROFILE_1:segments-0-6,0.2416666666666658,0.14285714285714285,2,-0.004919299855828285,0.0002061501145362854,0.09694943577051163,-0.012403931490633454,-0.02308862578895466,0.0032944802436213256,FR,4,True,False,recoverable,0,False,RUNNING
1.8999999999999957,228,S1_APPROACH_AND_PRE_FR_SHIFT,PRELOAD,v009_20260806_215232_433234_manual:S1_APPROACH_AND_PRE_FR_SHIFT:ALTERNATE_PROFILE_1:segments-0-6,0.30833333333333224,0.14285714285714285,2,-0.0056051407009363174,0.0009576678276062012,0.09606966376304626,-0.02024914881044458,-0.02906280964701974,0.003508458519740235,FR,3,True,False,recoverable,0,False,RUNNING
1.9666666666666621,236,S1_APPROACH_AND_PRE_FR_SHIFT,PRELOAD,v009_20260806_215232_433234_manual:S1_APPROACH_AND_PRE_FR_SHIFT:ALTERNATE_PROFILE_1:segments-0-6,0.37499999999999867,0.2857142857142857,3,-0.006238805130124092,0.0018808543682098389,0.09506018459796906,-0.03000963370278075,-0.03641482144042393,0.003855886852929602,FR,3,True,False,recoverable,0,False,RUNNING
2.0333333333333288,244,S1_APPROACH_AND_PRE_FR_SHIFT,PRELOAD,v009_20260806_215232_433234_manual:S1_APPROACH_AND_PRE_FR_SHIFT:ALTERNATE_PROFILE_1:segments-0-6,0.4416666666666653,0.2857142857142857,3,-0.007184671238064766,0.0028396695852279663,0.09402221441268921,-0.04024028976388286,-0.04362610378188628,0.0042605281889090225,FR,2,True,False,recoverable,0,False,RUNNING
2.099999999999995,252,S1_APPROACH_AND_PRE_FR_SHIFT,PRELOAD,v009_20260806_215232_433234_manual:S1_APPROACH_AND_PRE_FR_SHIFT:ALTERNATE_PROFILE_1:segments-0-6,0.5083333333333317,0.2857142857142857,3,-0.008068162947893143,0.003825470805168152,0.09292547404766083,-0.05089159041545366,-0.05125497855509443,0.004775500279399915,FR,2,True,False,recoverable,0,False,RUNNING
2.1666666666666616,260,S1_APPROACH_AND_PRE_FR_SHIFT,PRELOAD,v009_20260806_215232_433234_manual:S1_APPROACH_AND_PRE_FR_SHIFT:ALTERNATE_PROFILE_1:segments-0-6,0.5749999999999982,0.42857142857142855,4,-0.008823532611131668,0.005029954016208649,0.09160729497671127,-0.06409370850230138,-0.06118647932187037,0.005549584793256518,FR,2,True,False,recoverable,0,False,RUNNING
2.233333333333328,268,S1_APPROACH_AND_PRE_FR_SHIFT,PRELOAD,v009_20260806_215232_433234_manual:S1_APPROACH_AND_PRE_FR_SHIFT:ALTERNATE_PROFILE_1:segments-0-6,0.6416666666666646,0.42857142857142855,4,-0.009597627446055412,0.006308063864707947,0.090174101293087,-0.07837258356083555,-0.07193584393014865,0.00652269290747596,FR,2,True,False,recoverable,0,False,RUNNING
2.2999999999999945,276,S1_APPROACH_AND_PRE_FR_SHIFT,PRELOAD,v009_20260806_215232_433234_manual:S1_APPROACH_AND_PRE_FR_SHIFT:ALTERNATE_PROFILE_1:segments-0-6,0.708333333333331,0.5714285714285714,5,-0.010718075558543205,0.008001945912837982,0.08819536864757538,-0.0977425340899739,-0.08645943515081775,0.008084558696173501,FR,2,True,False,recoverable,0,False,RUNNING
2.366666666666661,284,S1_APPROACH_AND_PRE_FR_SHIFT,PRELOAD,v009_20260806_215232_433234_manual:S1_APPROACH_AND_PRE_FR_SHIFT:ALTERNATE_PROFILE_1:segments-0-6,0.7749999999999975,0.5714285714285714,5,-0.012314293533563614,0.010078191757202148,0.0856505036354065,-0.12227007522625945,-0.10452772351265395,0.010442257125111484,FR,2,True,False,recoverable,0,False,RUNNING
2.4333333333333274,292,S1_APPROACH_AND_PRE_FR_SHIFT,PRELOAD,v009_20260806_215232_433234_manual:S1_APPROACH_AND_PRE_FR_SHIFT:ALTERNATE_PROFILE_1:segments-0-6,0.8416666666666639,0.7142857142857143,6,-0.014231551438570023,0.0125136598944664,0.08245014399290085,-0.1522945450248265,-0.1264655627354061,0.013913475085738251,FR,2,True,False,recoverable,0,False,RUNNING
2.499999999999994,300,S1_APPROACH_AND_PRE_FR_SHIFT,ADVANCE,v009_20260806_215232_433234_manual:S1_APPROACH_AND_PRE_FR_SHIFT:ALTERNATE_PROFILE_1:segments-0-6,0.9083333333333303,0.8571428571428571,7,-0.015944261103868484,0.015854619443416595,0.07759203016757965,-0.19634455073546705,-0.1583121861283434,0.02009060166408926,FR,2,True,False,recoverable,0,False,RUNNING
2.56666666666666,308,S1_APPROACH_AND_PRE_FR_SHIFT,ADVANCE,v009_20260806_215232_433234_manual:S1_APPROACH_AND_PRE_FR_SHIFT:ALTERNATE_PROFILE_1:segments-0-6,0.9749999999999968,0.8571428571428571,7,-0.018401186913251877,0.020069532096385956,0.07140389084815979,-0.25344847291515293,-0.1977084788277761,0.03125084647736287,FR,3,True,False,recoverable,0,False,RUNNING
2.6333333333333266,316,S1_APPROACH_AND_PRE_FR_SHIFT,ADVANCE,v009_20260806_215232_433234_manual:S1_APPROACH_AND_PRE_FR_SHIFT:ALTERNATE_PROFILE_1:segments-0-6,1.0416666666666632,0.8571428571428571,7,-0.017741955816745758,0.020450562238693237,0.07109734416007996,-0.2546380708785271,-0.19877293767221066,0.03221361205969815,FR,3,True,False,recoverable,0,False,RUNNING
2.699999999999993,324,S1_APPROACH_AND_PRE_FR_SHIFT,ADVANCE,v009_20260806_215232_433234_manual:S1_APPROACH_AND_PRE_FR_SHIFT:ALTERNATE_PROFILE_1:segments-0-6,1.1083333333333296,0.8571428571428571,7,-0.01672004908323288,0.02048567682504654,0.07090295851230621,-0.25577356579584654,-0.19954564363128224,0.03229864338612604,FR,3,True,False,recoverable,0,False,RUNNING
2.7666666666666595,332,S1_APPROACH_AND_PRE_FR_SHIFT,ADVANCE,v009_20260806_215232_433234_manual:S1_APPROACH_AND_PRE_FR_SHIFT:ALTERNATE_PROFILE_1:segments-0-6,1.174999999999996,0.8571428571428571,7,-0.01576734334230423,0.020438693463802338,0.07082032412290573,-0.25581134754155344,-0.19940235184201358,0.032171736750937936,FR,3,True,False,recoverable,0,False,RUNNING
2.833333333333326,340,S1_APPROACH_AND_PRE_FR_SHIFT,ADVANCE,v009_20260806_215232_433234_manual:S1_APPROACH_AND_PRE_FR_SHIFT:ALTERNATE_PROFILE_1:segments-0-6,1.2416666666666625,0.8571428571428571,7,-0.01471705362200737,0.02038179337978363,0.07075835764408112,-0.25563493604931137,-0.19916318805664127,0.03198432204961228,FR,3,True,False,recoverable,0,False,RUNNING
2.8999999999999924,348,S1_APPROACH_AND_PRE_FR_SHIFT,ADVANCE,v009_20260806_215232_433234_manual:S1_APPROACH_AND_PRE_FR_SHIFT:ALTERNATE_PROFILE_1:segments-0-6,1.308333333333329,0.8571428571428571,7,-0.013723276555538177,0.020358256995677948,0.07073692232370377,-0.25535034079049557,-0.19900641048734116,0.03193663628121085,FR,3,True,False,recoverable,0,False,RUNNING
2.966666666666659,356,S1_APPROACH_AND_PRE_FR_SHIFT,ADVANCE,v009_20260806_215232_433234_manual:S1_APPROACH_AND_PRE_FR_SHIFT:ALTERNATE_PROFILE_1:segments-0-6,1.3749999999999953,0.8571428571428571,7,-0.01293836161494255,0.020309649407863617,0.07084377855062485,-0.2549609712369526,-0.19909046999618385,0.0317760144489717,FR,3,True,False,recoverable,0,False,RUNNING
3.033333333333325,364,S1_APPROACH_AND_PRE_FR_SHIFT,ADVANCE,v009_20260806_215232_433234_manual:S1_APPROACH_AND_PRE_FR_SHIFT:ALTERNATE_PROFILE_1:segments-0-6,1.4416666666666618,0.8571428571428571,7,-0.012093745172023773,0.020260363817214966,0.07094334065914154,-0.25458191075337544,-0.19925565948472776,0.03162606310277535,FR,3,True,False,recoverable,0,False,RUNNING
3.0999999999999917,372,S1_APPROACH_AND_PRE_FR_SHIFT,ADVANCE,v009_20260806_215232_433234_manual:S1_APPROACH_AND_PRE_FR_SHIFT:ALTERNATE_PROFILE_1:segments-0-6,1.5083333333333282,0.8571428571428571,7,-0.01120026409626007,0.020206548273563385,0.07103624939918518,-0.2541135668138849,-0.19942227037181268,0.0314397133299686,FR,3,True,False,recoverable,0,False,RUNNING
3.166666666666658,380,S1_APPROACH_AND_PRE_FR_SHIFT,ADVANCE,v009_20260806_215232_433234_manual:S1_APPROACH_AND_PRE_FR_SHIFT:ALTERNATE_PROFILE_1:segments-0-6,1.5749999999999946,0.8571428571428571,7,-0.0102638378739357,0.020138375461101532,0.07111743092536926,-0.2536910077100041,-0.1996240434380969,0.03131087080849182,FR,3,True,False,recoverable,0,False,RUNNING
3.2333333333333245,388,S1_APPROACH_AND_PRE_FR_SHIFT,ADVANCE,v009_20260806_215232_433234_manual:S1_APPROACH_AND_PRE_FR_SHIFT:ALTERNATE_PROFILE_1:segments-0-6,1.641666666666661,0.8571428571428571,7,-0.009399008005857468,0.02011137455701828,0.0712135061621666,-0.2533750031066078,-0.19970744418037054,0.031281217382831364,FR,3,True,False,recoverable,0,False,RUNNING
3.299999999999991,396,S1_APPROACH_AND_PRE_FR_SHIFT,ADVANCE,v009_20260806_215232_433234_manual:S1_APPROACH_AND_PRE_FR_SHIFT:ALTERNATE_PROFILE_1:segments-0-6,1.7083333333333275,0.8571428571428571,7,-0.008524548262357712,0.020061589777469635,0.07128345966339111,-0.25342420143764643,-0.19978975848021358,0.03124422321722866,FR,3,True,False,recoverable,0,False,RUNNING
3.3666666666666574,404,S1_APPROACH_AND_PRE_FR_SHIFT,ADVANCE,v009_20260806_215232_433234_manual:S1_APPROACH_AND_PRE_FR_SHIFT:ALTERNATE_PROFILE_1:segments-0-6,1.774999999999994,0.8571428571428571,7,-0.007625415921211243,0.020002491772174835,0.07135087251663208,-0.25332835939823534,-0.1998875410981195,0.03116864617743574,FR,3,True,False,recoverable,0,False,RUNNING
3.433333333333324,412,S1_APPROACH_AND_PRE_FR_SHIFT,ADVANCE,v009_20260806_215232_433234_manual:S1_APPROACH_AND_PRE_FR_SHIFT:ALTERNATE_PROFILE_1:segments-0-6,1.8416666666666603,0.8571428571428571,7,-0.006696324795484543,0.019940204918384552,0.071404829621315,-0.25319949939670966,-0.19999858585241043,0.031078978225572238,FR,3,True,False,recoverable,0,False,RUNNING
3.4999999999999902,420,S1_APPROACH_AND_PRE_FR_SHIFT,ADVANCE,v009_20260806_215232_433234_manual:S1_APPROACH_AND_PRE_FR_SHIFT:ALTERNATE_PROFILE_1:segments-0-6,1.9083333333333268,0.8571428571428571,7,-0.005751848220825195,0.01986844837665558,0.07144124805927277,-0.2530335801020738,-0.2001047466150995,0.030985373831496032,FR,3,True,False,recoverable,0,False,RUNNING
3.5666666666666567,428,S1_APPROACH_AND_PRE_FR_SHIFT,ADVANCE,v009_20260806_215232_433234_manual:S1_APPROACH_AND_PRE_FR_SHIFT:ALTERNATE_PROFILE_1:segments-0-6,1.9749999999999932,0.8571428571428571,7,-0.00480198860168457,0.01984492689371109,0.07145041227340698,-0.252820193341257,-0.20019114660547727,0.03092738515191572,FR,3,True,False,recoverable,0,False,RUNNING
3.633333333333323,436,S1_APPROACH_AND_PRE_FR_SHIFT,ADVANCE,v009_20260806_215232_433234_manual:S1_APPROACH_AND_PRE_FR_SHIFT:ALTERNATE_PROFILE_1:segments-0-6,2.04166666666666,0.8571428571428571,7,-0.0038225576281547546,0.019825704395771027,0.07144703716039658,-0.25259010464493825,-0.20028666227781664,0.030843383951487925,FR,3,True,False,recoverable,0,False,RUNNING
3.6999999999999895,444,S1_APPROACH_AND_PRE_FR_SHIFT,ADVANCE,v009_20260806_215232_433234_manual:S1_APPROACH_AND_PRE_FR_SHIFT:ALTERNATE_PROFILE_1:segments-0-6,2.1083333333333263,0.8571428571428571,7,-0.0027761422097682953,0.019792169332504272,0.07141166925430298,-0.25253698228145177,-0.20042973816338105,0.030763941489849764,FR,3,True,False,recoverable,0,False,RUNNING
3.766666666666656,452,S1_APPROACH_AND_PRE_FR_SHIFT,ADVANCE,v009_20260806_215232_433234_manual:S1_APPROACH_AND_PRE_FR_SHIFT:ALTERNATE_PROFILE_1:segments-0-6,2.1749999999999927,0.8571428571428571,7,-0.0017317943274974823,0.01973794400691986,0.07137282192707062,-0.25244763843909834,-0.20057896648594892,0.030709197608686744,FR,3,True,False,recoverable,0,False,RUNNING
3.8333333333333224,460,S1_APPROACH_AND_PRE_FR_SHIFT,ADVANCE,v009_20260806_215232_433234_manual:S1_APPROACH_AND_PRE_FR_SHIFT:ALTERNATE_PROFILE_1:segments-0-6,2.241666666666659,0.8571428571428571,7,-0.0006862320005893707,0.019755609333515167,0.07131195068359375,-0.25228548429898706,-0.20067709165037917,0.03079659016493886,FR,3,True,False,recoverable,0,False,RUNNING
3.899999999999989,468,S1_APPROACH_AND_PRE_FR_SHIFT,ADVANCE,v009_20260806_215232_433234_manual:S1_APPROACH_AND_PRE_FR_SHIFT:ALTERNATE_PROFILE_1:segments-0-6,2.3083333333333256,0.8571428571428571,7,0.00037096813321113586,0.019758149981498718,0.07122575491666794,-0.2521122013333194,-0.20076958019528832,0.030892788255955147,FR,3,True,False,recoverable,0,False,RUNNING
3.9666666666666552,476,S1_APPROACH_AND_PRE_FR_SHIFT,ADVANCE,v009_20260806_215232_433234_manual:S1_APPROACH_AND_PRE_FR_SHIFT:ALTERNATE_PROFILE_1:segments-0-6,2.374999999999992,0.8571428571428571,7,0.0013464242219924927,0.019801579415798187,0.07114233076572418,-0.25229503539503034,-0.2007404269201608,0.031000083420511648,FR,3,True,False,recoverable,0,False,RUNNING
4.0333333333333234,484,S1_APPROACH_AND_PRE_FR_SHIFT,ADVANCE,v009_20260806_215232_433234_manual:S1_APPROACH_AND_PRE_FR_SHIFT:ALTERNATE_PROFILE_1:segments-0-6,2.4416666666666593,0.8571428571428571,7,0.0021996311843395233,0.019856467843055725,0.07106877863407135,-0.25298186047214893,-0.20057021313904355,0.031151205751641223,FR,3,True,False,recoverable,0,False,RUNNING
4.099999999999993,492,S1_APPROACH_AND_PRE_FR_SHIFT,ADVANCE,v009_20260806_215232_433234_manual:S1_APPROACH_AND_PRE_FR_SHIFT:ALTERNATE_PROFILE_1:segments-0-6,2.5083333333333293,0.8571428571428571,7,0.0031237713992595673,0.019905827939510345,0.07097125053405762,-0.2536668251731017,-0.20044886292242692,0.03131000084247807,FR,3,True,False,recoverable,0,False,RUNNING
4.166666666666663,500,S1_APPROACH_AND_PRE_FR_SHIFT,ADVANCE,v009_20260806_215232_433234_manual:S1_APPROACH_AND_PRE_FR_SHIFT:ALTERNATE_PROFILE_1:segments-0-6,2.5749999999999993,0.8571428571428571,7,0.004099294543266296,0.019956715404987335,0.07085207849740982,-0.25438191217321415,-0.20035868558650244,0.03149405537254358,FR,3,True,False,recoverable,0,False,RUNNING
4.233333333333333,508,S1_APPROACH_AND_PRE_FR_SHIFT,ADVANCE,v009_20260806_215232_433234_manual:S1_APPROACH_AND_PRE_FR_SHIFT:ALTERNATE_PROFILE_1:segments-0-6,2.6416666666666693,0.8571428571428571,7,0.005096010863780975,0.019994467496871948,0.07070320099592209,-0.25516197418450615,-0.20027887018174326,0.03164748454351946,FR,3,True,False,recoverable,0,False,RUNNING
4.300000000000003,516,S1_APPROACH_AND_PRE_FR_SHIFT,ADVANCE,v009_20260806_215232_433234_manual:S1_APPROACH_AND_PRE_FR_SHIFT:ALTERNATE_PROFILE_1:segments-0-6,2.7083333333333393,0.8571428571428571,7,0.0061211958527565,0.020029939711093903,0.07053610682487488,-0.25594507229085006,-0.20019229887299136,0.03186684495316457,FR,3,True,False,recoverable,0,False,RUNNING
4.366666666666673,524,S1_APPROACH_AND_PRE_FR_SHIFT,ADVANCE,v009_20260806_215232_433234_manual:S1_APPROACH_AND_PRE_FR_SHIFT:ALTERNATE_PROFILE_1:segments-0-6,2.7750000000000092,0.8571428571428571,7,0.007118966430425644,0.020063534379005432,0.07040296494960785,-0.2567125442053797,-0.20025360517246793,0.03205064168318998,FR,3,True,False,recoverable,0,False,RUNNING
4.433333333333343,532,S1_APPROACH_AND_PRE_FR_SHIFT,ADVANCE,v009_20260806_215232_433234_manual:S1_APPROACH_AND_PRE_FR_SHIFT:ALTERNATE_PROFILE_1:segments-0-6,2.841666666666679,0.8571428571428571,7,0.00782371312379837,0.020083412528038025,0.07046837359666824,-0.2572799436797023,-0.20064664405914942,0.03214986988652145,FR,3,True,False,recoverable,0,False,RUNNING
4.500000000000013,540,S1_APPROACH_AND_PRE_FR_SHIFT,ADVANCE,v009_20260806_215232_433234_manual:S1_APPROACH_AND_PRE_FR_SHIFT:ALTERNATE_PROFILE_1:segments-0-6,2.908333333333349,0.8571428571428571,7,0.008614085614681244,0.02010374516248703,0.07051949948072433,-0.2579005279801898,-0.2011583403719959,0.03230864197365036,FR,3,True,False,recoverable,0,False,RUNNING
4.566666666666683,548,S1_APPROACH_AND_PRE_FR_SHIFT,ADVANCE,v009_20260806_215232_433234_manual:S1_APPROACH_AND_PRE_FR_SHIFT:ALTERNATE_PROFILE_1:segments-0-6,2.975000000000019,0.8571428571428571,7,0.009408324956893921,0.020091652870178223,0.07058948278427124,-0.2582685303958623,-0.201472816556407,0.032430060693782244,FR,3,True,False,recoverable,0,False,RUNNING
4.633333333333353,556,S1_APPROACH_AND_PRE_FR_SHIFT,ADVANCE,v009_20260806_215232_433234_manual:S1_APPROACH_AND_PRE_FR_SHIFT:ALTERNATE_PROFILE_1:segments-0-6,3.041666666666689,0.8571428571428571,7,0.01023741066455841,0.02005533128976822,0.07070460915565491,-0.2581358054030591,-0.20144760234820466,0.03245925675110251,FR,3,True,False,recoverable,0,False,RUNNING
4.700000000000023,564,S1_APPROACH_AND_PRE_FR_SHIFT,ADVANCE,v009_20260806_215232_433234_manual:S1_APPROACH_AND_PRE_FR_SHIFT:ALTERNATE_PROFILE_1:segments-0-6,3.108333333333359,0.8571428571428571,7,0.011089151725172997,0.020007573068141937,0.0708003044128418,-0.2579557042688668,-0.20144257427427692,0.0324661058136506,FR,3,True,False,recoverable,0,False,RUNNING
4.766666666666693,572,S1_APPROACH_AND_PRE_FR_SHIFT,ADVANCE,v009_20260806_215232_433234_manual:S1_APPROACH_AND_PRE_FR_SHIFT:ALTERNATE_PROFILE_1:segments-0-6,3.175000000000029,0.8571428571428571,7,0.011967435479164124,0.019958406686782837,0.07088527083396912,-0.2577659173235122,-0.20145638237291985,0.03246209985634342,FR,3,True,False,recoverable,0,False,RUNNING
4.833333333333363,580,S1_APPROACH_AND_PRE_FR_SHIFT,ADVANCE,v009_20260806_215232_433234_manual:S1_APPROACH_AND_PRE_FR_SHIFT:ALTERNATE_PROFILE_1:segments-0-6,3.241666666666699,0.8571428571428571,7,0.012883663177490234,0.019922085106372833,0.0709538534283638,-0.25769066137928326,-0.20150677923919258,0.03247682956282646,FR,3,True,False,recoverable,0,False,RUNNING
4.900000000000033,588,S1_APPROACH_AND_PRE_FR_SHIFT,ADVANCE,v009_20260806_215232_433234_manual:S1_APPROACH_AND_PRE_FR_SHIFT:ALTERNATE_PROFILE_1:segments-0-6,3.308333333333369,0.8571428571428571,7,0.013815289363265038,0.019910156726837158,0.07101357728242874,-0.2576221583798287,-0.20158708904709347,0.032414562654711085,FR,3,True,False,recoverable,0,False,RUNNING
4.966666666666703,596,S1_APPROACH_AND_PRE_FR_SHIFT,ADVANCE,v009_20260806_215232_433234_manual:S1_APPROACH_AND_PRE_FR_SHIFT:ALTERNATE_PROFILE_1:segments-0-6,3.375000000000039,0.8571428571428571,7,0.014754943549633026,0.019894741475582123,0.07104592770338058,-0.25753027847426235,-0.20165788397244594,0.03224045690503328,FR,3,True,False,recoverable,0,False,RUNNING
5.033333333333373,604,S1_APPROACH_AND_PRE_FR_SHIFT,ADVANCE,v009_20260806_215232_433234_manual:S1_APPROACH_AND_PRE_FR_SHIFT:ALTERNATE_PROFILE_1:segments-0-6,3.441666666666709,0.8571428571428571,7,0.01570800691843033,0.019874341785907745,0.07105737924575806,-0.25740526134486147,-0.2016976194539708,0.03215543040215326,FR,3,True,False,recoverable,0,False,RUNNING
5.100000000000043,612,S1_APPROACH_AND_PRE_FR_SHIFT,ADVANCE,v009_20260806_215232_433234_manual:S1_APPROACH_AND_PRE_FR_SHIFT:ALTERNATE_PROFILE_1:segments-0-6,3.508333333333379,0.8571428571428571,7,0.016687694936990738,0.019847646355628967,0.07105818390846252,-0.25732616788212254,-0.20176196465347088,0.03211701243304897,FR,3,True,False,recoverable,0,False,RUNNING
5.166666666666713,620,S1_APPROACH_AND_PRE_FR_SHIFT,ADVANCE,v009_20260806_215232_433234_manual:S1_APPROACH_AND_PRE_FR_SHIFT:ALTERNATE_PROFILE_1:segments-0-6,3.575000000000049,0.8571428571428571,7,0.01767660118639469,0.01987813413143158,0.07105028629302979,-0.25721421016397183,-0.2018553793622882,0.03219049546984657,FR,3,True,False,recoverable,0,False,RUNNING
5.233333333333383,628,S1_APPROACH_AND_PRE_FR_SHIFT,ADVANCE,v009_20260806_215232_433234_manual:S1_APPROACH_AND_PRE_FR_SHIFT:ALTERNATE_PROFILE_1:segments-0-6,3.641666666666719,0.8571428571428571,7,0.018682947382330894,0.019915223121643066,0.07102349400520325,-0.2569591720108575,-0.20192539394745102,0.032241041844432876,FR,3,True,False,recoverable,0,False,RUNNING
5.300000000000053,636,S1_APPROACH_AND_PRE_FR_SHIFT,ADVANCE,v009_20260806_215232_433234_manual:S1_APPROACH_AND_PRE_FR_SHIFT:ALTERNATE_PROFILE_1:segments-0-6,3.708333333333389,0.8571428571428571,7,0.019668830558657646,0.019910290837287903,0.07095687836408615,-0.25694452057473977,-0.20192196661786782,0.03227624821441789,FR,3,True,False,recoverable,0,False,RUNNING
5.366666666666723,644,S1_APPROACH_AND_PRE_FR_SHIFT,ADVANCE,v009_20260806_215232_433234_manual:S1_APPROACH_AND_PRE_FR_SHIFT:ALTERNATE_PROFILE_1:segments-0-6,3.775000000000059,0.8571428571428571,7,0.020724192261695862,0.0199035182595253,0.07086371630430222,-0.25678361609689143,-0.2019411453307862,0.032287150957937535,FR,3,True,False,recoverable,0,False,RUNNING
5.433333333333393,652,S1_APPROACH_AND_PRE_FR_SHIFT,ADVANCE,v009_20260806_215232_433234_manual:S1_APPROACH_AND_PRE_FR_SHIFT:ALTERNATE_PROFILE_1:segments-0-6,3.841666666666729,0.8571428571428571,7,0.021772155538201332,0.019902922213077545,0.07075916230678558,-0.2565948495189179,-0.2019847289367305,0.03235057485133961,FR,3,True,False,recoverable,0,False,RUNNING
5.500000000000063,660,S1_APPROACH_AND_PRE_FR_SHIFT,ADVANCE,v009_20260806_215232_433234_manual:S1_APPROACH_AND_PRE_FR_SHIFT:ALTERNATE_PROFILE_1:segments-0-6,3.908333333333399,0.8571428571428571,7,0.022853996604681015,0.01985776424407959,0.0706772431731224,-0.25593444300697576,-0.20156658042658973,0.03223229183766035,FR,3,True,False,recoverable,0,False,RUNNING
5.566666666666733,668,S1_APPROACH_AND_PRE_FR_SHIFT,ADVANCE,v009_20260806_215232_433234_manual:S1_APPROACH_AND_PRE_FR_SHIFT:ALTERNATE_PROFILE_1:segments-0-6,3.975000000000069,0.8571428571428571,7,0.023969681933522224,0.019802607595920563,0.07058672606945038,-0.2550837457390383,-0.20108375728224098,0.03216834886161462,FR,3,True,False,recoverable,0,False,RUNNING
5.633333333333403,676,S1_APPROACH_AND_PRE_FR_SHIFT,ADVANCE,v009_20260806_215232_433234_manual:S1_APPROACH_AND_PRE_FR_SHIFT:ALTERNATE_PROFILE_1:segments-0-6,4.041666666666739,0.8571428571428571,7,0.025095973163843155,0.019731618463993073,0.0704611986875534,-0.2542185068910229,-0.20061470907442905,0.03211349122063375,FR,3,True,False,recoverable,0,False,RUNNING
5.700000000000073,684,S1_APPROACH_AND_PRE_FR_SHIFT,ADVANCE,v009_20260806_215232_433234_manual:S1_APPROACH_AND_PRE_FR_SHIFT:ALTERNATE_PROFILE_1:segments-0-6,4.108333333333409,0.8571428571428571,7,0.026014551520347595,0.01969199627637863,0.07037791609764099,-0.25403714188299203,-0.19984205850747774,0.032009913638233536,FR,3,True,False,recoverable,0,False,RUNNING
5.766666666666743,692,S1_APPROACH_AND_PRE_FR_SHIFT,ADVANCE,v009_20260806_215232_433234_manual:S1_APPROACH_AND_PRE_FR_SHIFT:ALTERNATE_PROFILE_1:segments-0-6,4.175000000000079,0.8571428571428571,7,0.026913169771432877,0.01966383308172226,0.07031425833702087,-0.25418892273736376,-0.19919750739852018,0.03196750062036682,FR,3,True,False,recoverable,0,False,RUNNING
5.833333333333413,700,S1_APPROACH_AND_PRE_FR_SHIFT,ADVANCE,v009_20260806_215232_433234_manual:S1_APPROACH_AND_PRE_FR_SHIFT:ALTERNATE_PROFILE_1:segments-0-6,4.241666666666749,0.8571428571428571,7,0.02756662480533123,0.019637025892734528,0.07045344263315201,-0.25408050251534126,-0.1990269340724404,0.03189820093001829,FR,3,True,False,recoverable,0,False,RUNNING
5.900000000000083,708,S1_APPROACH_AND_PRE_FR_SHIFT,ADVANCE,v009_20260806_215232_433234_manual:S1_APPROACH_AND_PRE_FR_SHIFT:ALTERNATE_PROFILE_1:segments-0-6,4.308333333333419,0.8571428571428571,7,0.02831181138753891,0.019611090421676636,0.07059051841497421,-0.25403868835387305,-0.1989788621066182,0.03186618466432154,FR,3,True,False,recoverable,0,False,RUNNING
5.966666666666753,716,S1_APPROACH_AND_PRE_FR_SHIFT,ADVANCE,v009_20260806_215232_433234_manual:S1_APPROACH_AND_PRE_FR_SHIFT:ALTERNATE_PROFILE_1:segments-0-6,4.375000000000089,0.8571428571428571,7,0.029109686613082886,0.019580699503421783,0.07072217762470245,-0.25407548123405416,-0.1989953383599925,0.031839512854465825,FR,3,True,False,recoverable,0,False,RUNNING
6.033333333333423,724,S1_APPROACH_AND_PRE_FR_SHIFT,ADVANCE,v009_20260806_215232_433234_manual:S1_APPROACH_AND_PRE_FR_SHIFT:ALTERNATE_PROFILE_1:segments-0-6,4.441666666666759,0.8571428571428571,7,0.029941953718662262,0.019555382430553436,0.07084067910909653,-0.254129362396703,-0.19905249346049392,0.03181664521275475,FR,3,True,False,recoverable,0,False,RUNNING
6.100000000000093,732,S1_APPROACH_AND_PRE_FR_SHIFT,ADVANCE,v009_20260806_215232_433234_manual:S1_APPROACH_AND_PRE_FR_SHIFT:ALTERNATE_PROFILE_1:segments-0-6,4.508333333333429,0.8571428571428571,7,0.030792484059929848,0.01954066753387451,0.07094689458608627,-0.25414489092257136,-0.1991221648513823,0.03185754621839985,FR,3,True,False,recoverable,0,False,RUNNING
6.166666666666763,740,S1_APPROACH_AND_PRE_FR_SHIFT,ADVANCE,v009_20260806_215232_433234_manual:S1_APPROACH_AND_PRE_FR_SHIFT:ALTERNATE_PROFILE_1:segments-0-6,4.575000000000099,0.8571428571428571,7,0.03167378902435303,0.01950940489768982,0.07103966921567917,-0.25423210830912124,-0.19921897085414147,0.03186172189857854,FR,3,True,False,recoverable,0,False,RUNNING
6.233333333333433,748,S1_APPROACH_AND_PRE_FR_SHIFT,ADVANCE,v009_20260806_215232_433234_manual:S1_APPROACH_AND_PRE_FR_SHIFT:ALTERNATE_PROFILE_1:segments-0-6,4.641666666666769,0.8571428571428571,7,0.03255951404571533,0.01945778727531433,0.07112353295087814,-0.2543347478935165,-0.19932688286201802,0.03191158024888586,FR,3,True,False,recoverable,0,False,RUNNING
6.300000000000103,756,S1_APPROACH_AND_PRE_FR_SHIFT,ADVANCE,v009_20260806_215232_433234_manual:S1_APPROACH_AND_PRE_FR_SHIFT:ALTERNATE_PROFILE_1:segments-0-6,4.708333333333439,0.8571428571428571,7,0.03347110375761986,0.019424021244049072,0.07119475305080414,-0.25447145448712627,-0.19944201363297007,0.03188570645214058,FR,3,True,False,recoverable,0,False,RUNNING
6.366666666666773,764,S1_APPROACH_AND_PRE_FR_SHIFT,ADVANCE,v009_20260806_215232_433234_manual:S1_APPROACH_AND_PRE_FR_SHIFT:ALTERNATE_PROFILE_1:segments-0-6,4.775000000000109,0.8571428571428571,7,0.0344107449054718,0.019390761852264404,0.07124461233615875,-0.2546777409770722,-0.19958355522846113,0.03186710713811912,FR,3,True,False,recoverable,0,False,RUNNING
6.433333333333443,772,S1_APPROACH_AND_PRE_FR_SHIFT,ADVANCE,v009_20260806_215232_433234_manual:S1_APPROACH_AND_PRE_FR_SHIFT:ALTERNATE_PROFILE_1:segments-0-6,4.841666666666779,0.8571428571428571,7,0.0353531539440155,0.019369013607501984,0.07128535956144333,-0.2547607325566373,-0.19968975790919608,0.03187350414071526,FR,3,True,False,recoverable,0,False,RUNNING
6.500000000000113,780,S1_APPROACH_AND_PRE_FR_SHIFT,ADVANCE,v009_20260806_215232_433234_manual:S1_APPROACH_AND_PRE_FR_SHIFT:ALTERNATE_PROFILE_1:segments-0-6,4.908333333333449,0.8571428571428571,7,0.036317065358161926,0.01932329684495926,0.07129912078380585,-0.2549551306619332,-0.19983472657896528,0.031847233416873635,FR,3,True,False,recoverable,0,False,RUNNING
6.566666666666783,788,S1_APPROACH_AND_PRE_FR_SHIFT,ADVANCE,v009_20260806_215232_433234_manual:S1_APPROACH_AND_PRE_FR_SHIFT:ALTERNATE_PROFILE_1:segments-0-6,4.975000000000119,0.8571428571428571,7,0.03730548173189163,0.01928127557039261,0.07128415256738663,-0.2550451154860945,-0.1999823206966138,0.03184595344606712,FR,3,True,False,recoverable,0,False,RUNNING
6.633333333333453,796,S1_APPROACH_AND_PRE_FR_SHIFT,ADVANCE,v009_20260806_215232_433234_manual:S1_APPROACH_AND_PRE_FR_SHIFT:ALTERNATE_PROFILE_1:segments-0-6,5.041666666666789,0.8571428571428571,7,0.03830180689692497,0.01924077421426773,0.07125966250896454,-0.2552651334203164,-0.20016802802432926,0.031820328651175595,FR,3,True,False,recoverable,0,False,RUNNING
6.700000000000123,804,S1_APPROACH_AND_PRE_FR_SHIFT,ADVANCE,v009_20260806_215232_433234_manual:S1_APPROACH_AND_PRE_FR_SHIFT:ALTERNATE_PROFILE_1:segments-0-6,5.108333333333459,0.8571428571428571,7,0.039314426481723785,0.019263707101345062,0.07122252881526947,-0.2555051394880532,-0.20033487888080528,0.031915829986834766,FR,3,True,False,recoverable,0,False,RUNNING
6.766666666666793,812,S1_APPROACH_AND_PRE_FR_SHIFT,ADVANCE,v009_20260806_215232_433234_manual:S1_APPROACH_AND_PRE_FR_SHIFT:ALTERNATE_PROFILE_1:segments-0-6,5.175000000000129,0.8571428571428571,7,0.04032557085156441,0.019289396703243256,0.07115183770656586,-0.2557427743870285,-0.20047908011634769,0.032032747354777374,FR,3,True,False,recoverable,0,False,RUNNING
6.833333333333463,820,S1_APPROACH_AND_PRE_FR_SHIFT,ADVANCE,v009_20260806_215232_433234_manual:S1_APPROACH_AND_PRE_FR_SHIFT:ALTERNATE_PROFILE_1:segments-0-6,5.241666666666799,0.8571428571428571,7,0.041340116411447525,0.01930781453847885,0.07105398178100586,-0.255975916487841,-0.20061033082156082,0.03212171689133654,FR,3,True,False,recoverable,0,False,RUNNING
6.900000000000133,828,S1_APPROACH_AND_PRE_FR_SHIFT,ADVANCE,v009_20260806_215232_433234_manual:S1_APPROACH_AND_PRE_FR_SHIFT:ALTERNATE_PROFILE_1:segments-0-6,5.308333333333469,0.8571428571428571,7,0.04239816963672638,0.01932244747877121,0.07093577831983566,-0.2561952419171442,-0.20074482727367757,0.03222215814925858,FR,3,True,False,recoverable,0,False,RUNNING
6.966666666666803,836,S1_APPROACH_AND_PRE_FR_SHIFT,ADVANCE,v009_20260806_215232_433234_manual:S1_APPROACH_AND_PRE_FR_SHIFT:ALTERNATE_PROFILE_1:segments-0-6,5.3750000000001386,0.8571428571428571,7,0.04347686842083931,0.019332535564899445,0.07078894227743149,-0.2563763006847804,-0.20087309116897445,0.032303166152763955,FR,3,True,False,recoverable,0,False,RUNNING
7.033333333333473,844,S1_APPROACH_AND_PRE_FR_SHIFT,ADVANCE,v009_20260806_215232_433234_manual:S1_APPROACH_AND_PRE_FR_SHIFT:ALTERNATE_PROFILE_1:segments-0-6,5.4416666666668085,0.8571428571428571,7,0.04453766345977783,0.019322171807289124,0.07064777612686157,-0.25623518672437584,-0.20072413944411044,0.03229259519312084,FR,3,True,False,recoverable,0,False,RUNNING
7.100000000000143,852,S1_APPROACH_AND_PRE_FR_SHIFT,ADVANCE,v009_20260806_215232_433234_manual:S1_APPROACH_AND_PRE_FR_SHIFT:ALTERNATE_PROFILE_1:segments-0-6,5.5083333333334785,0.8571428571428571,7,0.045644361525774,0.019266441464424133,0.0705416351556778,-0.2555074565788425,-0.20017921530856575,0.03221130578816083,FR,3,True,False,recoverable,0,False,RUNNING
7.166666666666813,860,S1_APPROACH_AND_PRE_FR_SHIFT,ADVANCE,v009_20260806_215232_433234_manual:S1_APPROACH_AND_PRE_FR_SHIFT:ALTERNATE_PROFILE_1:segments-0-6,5.5750000000001485,0.8571428571428571,7,0.046785444021224976,0.019205868244171143,0.07040123641490936,-0.2548206960931876,-0.19964758999530233,0.03208126003571796,FR,3,True,False,recoverable,0,False,RUNNING
7.233333333333483,868,S1_APPROACH_AND_PRE_FR_SHIFT,ADVANCE,v009_20260806_215232_433234_manual:S1_APPROACH_AND_PRE_FR_SHIFT:ALTERNATE_PROFILE_1:segments-0-6,5.6416666666668185,0.8571428571428571,7,0.04795399680733681,0.019129857420921326,0.070240318775177,-0.2542624881921716,-0.19908625676599312,0.03201089575820874,FR,3,True,False,recoverable,0,False,RUNNING
7.300000000000153,876,S1_APPROACH_AND_PRE_FR_SHIFT,ADVANCE,v009_20260806_215232_433234_manual:S1_APPROACH_AND_PRE_FR_SHIFT:ALTERNATE_PROFILE_1:segments-0-6,5.7083333333334885,0.8571428571428571,7,0.04871063306927681,0.019094809889793396,0.07025980204343796,-0.25426525188856075,-0.19858285235961215,0.03196684073967237,FR,3,True,False,recoverable,0,False,RUNNING
7.366666666666823,884,S1_APPROACH_AND_PRE_FR_SHIFT,ADVANCE,v009_20260806_215232_433234_manual:S1_APPROACH_AND_PRE_FR_SHIFT:ALTERNATE_PROFILE_1:segments-0-6,5.7750000000001585,0.8571428571428571,7,0.04948592185974121,0.019063524901866913,0.07032544165849686,-0.2542921771145006,-0.19830945418592968,0.031943541551414927,FR,3,True,False,recoverable,0,False,RUNNING
7.4333333333334926,892,S1_APPROACH_AND_PRE_FR_SHIFT,ADVANCE,v009_20260806_215232_433234_manual:S1_APPROACH_AND_PRE_FR_SHIFT:ALTERNATE_PROFILE_1:segments-0-6,5.841666666666828,0.8571428571428571,7,0.05034273862838745,0.019039921462535858,0.07037168741226196,-0.2543851190141723,-0.19812692830097242,0.031936329627083,FR,3,True,False,recoverable,0,False,RUNNING
7.5000000000001625,900,S1_APPROACH_AND_PRE_FR_SHIFT,ADVANCE,v009_20260806_215232_433234_manual:S1_APPROACH_AND_PRE_FR_SHIFT:ALTERNATE_PROFILE_1:segments-0-6,5.908333333333498,0.8571428571428571,7,0.05124277621507645,0.019003234803676605,0.07041050493717194,-0.25449965299696536,-0.19799326331949058,0.031964943423276194,FR,3,True,False,recoverable,0,False,RUNNING
7.5666666666668325,908,S1_APPROACH_AND_PRE_FR_SHIFT,ADVANCE,v009_20260806_215232_433234_manual:S1_APPROACH_AND_PRE_FR_SHIFT:ALTERNATE_PROFILE_1:segments-0-6,5.975000000000168,0.8571428571428571,7,0.05217757448554039,0.018968507647514343,0.07043399661779404,-0.2545934915367928,-0.1978698479276501,0.031943800001183895,FR,3,True,False,recoverable,0,False,RUNNING
7.6333333333335025,916,S1_APPROACH_AND_PRE_FR_SHIFT,ADVANCE,v009_20260806_215232_433234_manual:S1_APPROACH_AND_PRE_FR_SHIFT:ALTERNATE_PROFILE_1:segments-0-6,6.041666666666838,0.8571428571428571,7,0.05315553396940231,0.018956251442432404,0.07045053690671921,-0.25489116421453956,-0.19778599664308352,0.031929845468043234,FR,3,True,False,recoverable,0,False,RUNNING
7.7000000000001725,924,S1_APPROACH_AND_PRE_FR_SHIFT,ADVANCE,v009_20260806_215232_433234_manual:S1_APPROACH_AND_PRE_FR_SHIFT:ALTERNATE_PROFILE_1:segments-0-6,6.108333333333508,0.8571428571428571,7,0.05415225028991699,0.01892866939306259,0.07044166326522827,-0.2551115596308654,-0.19769452084875713,0.03190305390856554,FR,3,True,False,recoverable,0,False,RUNNING
7.7666666666668425,932,S1_APPROACH_AND_PRE_FR_SHIFT,ADVANCE,v009_20260806_215232_433234_manual:S1_APPROACH_AND_PRE_FR_SHIFT:ALTERNATE_PROFILE_1:segments-0-6,6.175000000000178,0.8571428571428571,7,0.05516299605369568,0.01889367401599884,0.07041797041893005,-0.2552899343147005,-0.19759874248276146,0.03185123360487453,FR,3,True,False,recoverable,0,False,RUNNING
7.8333333333335124,940,S1_APPROACH_AND_PRE_FR_SHIFT,ADVANCE,v009_20260806_215232_433234_manual:S1_APPROACH_AND_PRE_FR_SHIFT:ALTERNATE_PROFILE_1:segments-0-6,6.241666666666848,0.8571428571428571,7,0.05618532374501228,0.018863044679164886,0.07036586105823517,-0.25544117221739304,-0.19747148326796374,0.031814721819253634,FR,3,True,False,recoverable,0,False,RUNNING
7.900000000000182,948,S1_APPROACH_AND_PRE_FR_SHIFT,ADVANCE,v009_20260806_215232_433234_manual:S1_APPROACH_AND_PRE_FR_SHIFT:ALTERNATE_PROFILE_1:segments-0-6,6.308333333333518,0.8571428571428571,7,0.05693089962005615,0.018827006220817566,0.07063966244459152,-0.2553985877748804,-0.19813840271896152,0.03177728773937434,FR,3,True,False,recoverable,0,False,RUNNING
7.966666666666852,956,S1_APPROACH_AND_PRE_FR_SHIFT,ADVANCE,v009_20260806_215232_433234_manual:S1_APPROACH_AND_PRE_FR_SHIFT:ALTERNATE_PROFILE_1:segments-0-6,6.375000000000188,0.8571428571428571,7,0.05775837600231171,0.018824905157089233,0.07074601203203201,-0.25552612877975184,-0.1984549756442912,0.031844822672685145,FR,3,True,False,recoverable,0,False,RUNNING
8.033333333333518,964,S1_APPROACH_AND_PRE_FR_SHIFT,ADVANCE,v009_20260806_215232_433234_manual:S1_APPROACH_AND_PRE_FR_SHIFT:ALTERNATE_PROFILE_1:segments-0-6,6.441666666666855,0.8571428571428571,7,0.05860687047243118,0.018810994923114777,0.07084225863218307,-0.25556893207587855,-0.19878532905003432,0.031918794362936286,FR,3,True,False,recoverable,0,False,RUNNING
8.10000000000018,972,S1_APPROACH_AND_PRE_FR_SHIFT,ADVANCE,v009_20260806_215232_433234_manual:S1_APPROACH_AND_PRE_FR_SHIFT:ALTERNATE_PROFILE_1:segments-0-6,6.508333333333518,0.8571428571428571,7,0.05948682874441147,0.018795490264892578,0.07092679291963577,-0.2556123515885259,-0.19914601717923908,0.03197142076048048,FR,3,True,False,recoverable,0,False,RUNNING
8.166666666666844,980,S1_APPROACH_AND_PRE_FR_SHIFT,ADVANCE,v009_20260806_215232_433234_manual:S1_APPROACH_AND_PRE_FR_SHIFT:ALTERNATE_PROFILE_1:segments-0-6,6.5750000000001805,0.8571428571428571,7,0.06039620190858841,0.018794193863868713,0.07097987830638885,-0.25557425653265475,-0.1995552398460022,0.031906579837383195,FR,3,True,False,recoverable,0,False,RUNNING
8.233333333333507,988,S1_APPROACH_AND_PRE_FR_SHIFT,ADVANCE,v009_20260806_215232_433234_manual:S1_APPROACH_AND_PRE_FR_SHIFT:ALTERNATE_PROFILE_1:segments-0-6,6.641666666666843,0.8571428571428571,7,0.0613132007420063,0.018786504864692688,0.0710311308503151,-0.2555509846782082,-0.19990449809003455,0.03187475639118314,FR,3,True,False,recoverable,0,False,RUNNING
8.30000000000017,996,S1_APPROACH_AND_PRE_FR_SHIFT,ADVANCE,v009_20260806_215232_433234_manual:S1_APPROACH_AND_PRE_FR_SHIFT:ALTERNATE_PROFILE_1:segments-0-6,6.708333333333506,0.8571428571428571,7,0.06226223707199097,0.01874561607837677,0.0711095929145813,-0.25510318929470943,-0.19997148032559417,0.031738944574963235,FR,3,True,False,recoverable,0,False,RUNNING
8.366666666666832,1004,S1_APPROACH_AND_PRE_FR_SHIFT,ADVANCE,v009_20260806_215232_433234_manual:S1_APPROACH_AND_PRE_FR_SHIFT:ALTERNATE_PROFILE_1:segments-0-6,6.775000000000169,0.8571428571428571,7,0.06322935223579407,0.018706828355789185,0.07117489725351334,-0.25456756024745464,-0.2000300222376817,0.031564349593376825,FR,3,True,False,recoverable,0,False,RUNNING
8.433333333333495,1012,S1_APPROACH_AND_PRE_FR_SHIFT,ADVANCE,v009_20260806_215232_433234_manual:S1_APPROACH_AND_PRE_FR_SHIFT:ALTERNATE_PROFILE_1:segments-0-6,6.841666666666832,0.8571428571428571,7,0.06420466303825378,0.01867232471704483,0.07122184336185455,-0.25418644491466275,-0.20010860371495953,0.03139562254627198,FR,3,True,False,recoverable,0,False,RUNNING
8.500000000000158,1020,S1_APPROACH_AND_PRE_FR_SHIFT,ADVANCE,v009_20260806_215232_433234_manual:S1_APPROACH_AND_PRE_FR_SHIFT:ALTERNATE_PROFILE_1:segments-0-6,6.908333333333495,0.8571428571428571,7,0.06522195786237717,0.018636897206306458,0.07124853134155273,-0.25375609234188184,-0.20021755150595033,0.031193869171740347,FR,3,True,False,recoverable,0,False,RUNNING
8.566666666666821,1028,S1_APPROACH_AND_PRE_FR_SHIFT,ADVANCE,v009_20260806_215232_433234_manual:S1_APPROACH_AND_PRE_FR_SHIFT:ALTERNATE_PROFILE_1:segments-0-6,6.975000000000158,0.8571428571428571,7,0.06625029444694519,0.018576234579086304,0.07125486433506012,-0.2533312233116791,-0.20029927448119264,0.031075867481385935,FR,3,True,False,recoverable,0,False,RUNNING
8.633333333333484,1036,S1_APPROACH_AND_PRE_FR_SHIFT,ADVANCE,v009_20260806_215232_433234_manual:S1_APPROACH_AND_PRE_FR_SHIFT:ALTERNATE_PROFILE_1:segments-0-6,7.041666666666821,0.8571428571428571,7,0.0672893077135086,0.01853390783071518,0.07124090194702148,-0.25283486618055884,-0.20038809793273912,0.030815294820682803,FR,3,True,False,recoverable,0,False,RUNNING
8.700000000000147,1044,S1_APPROACH_AND_PRE_FR_SHIFT,ADVANCE,v009_20260806_215232_433234_manual:S1_APPROACH_AND_PRE_FR_SHIFT:ALTERNATE_PROFILE_1:segments-0-6,7.1083333333334835,0.8571428571428571,7,0.06831255555152893,0.018537014722824097,0.0712139829993248,-0.25230905784120217,-0.20044461041078854,0.03084842522480928,FR,3,True,False,recoverable,0,False,RUNNING
8.76666666666681,1052,S1_APPROACH_AND_PRE_FR_SHIFT,ADVANCE,v009_20260806_215232_433234_manual:S1_APPROACH_AND_PRE_FR_SHIFT:ALTERNATE_PROFILE_1:segments-0-6,7.175000000000146,0.8571428571428571,7,0.06936054676771164,0.018535979092121124,0.07116181403398514,-0.2518579928766443,-0.2005095231954175,0.030872881510572596,FR,3,True,False,recoverable,0,False,RUNNING
8.833333333333472,1060,S1_APPROACH_AND_PRE_FR_SHIFT,ADVANCE,v009_20260806_215232_433234_manual:S1_APPROACH_AND_PRE_FR_SHIFT:ALTERNATE_PROFILE_1:segments-0-6,7.241666666666809,0.8571428571428571,7,0.07019609212875366,0.018578611314296722,0.07113608717918396,-0.25206621716974675,-0.20029214126851244,0.03094879033769986,FR,3,True,False,recoverable,0,False,RUNNING
8.900000000000135,1068,S1_APPROACH_AND_PRE_FR_SHIFT,ADVANCE,v009_20260806_215232_433234_manual:S1_APPROACH_AND_PRE_FR_SHIFT:ALTERNATE_PROFILE_1:segments-0-6,7.308333333333472,0.8571428571428571,7,0.07109323143959045,0.01861722022294998,0.07110054045915604,-0.25247865533001274,-0.20013962443953914,0.03105805250477054,FR,3,True,False,recoverable,0,False,RUNNING
8.966666666666798,1076,S1_APPROACH_AND_PRE_FR_SHIFT,ADVANCE,v009_20260806_215232_433234_manual:S1_APPROACH_AND_PRE_FR_SHIFT:ALTERNATE_PROFILE_1:segments-0-6,7.375000000000135,0.8571428571428571,7,0.0720430463552475,0.018649503588676453,0.07104060798883438,-0.25293291059390677,-0.2000172565239185,0.03117606887905905,FR,3,True,False,recoverable,0,False,RUNNING
9.033333333333461,1084,S1_APPROACH_AND_PRE_FR_SHIFT,ADVANCE,v009_20260806_215232_433234_manual:S1_APPROACH_AND_PRE_FR_SHIFT:ALTERNATE_PROFILE_1:segments-0-6,7.441666666666798,0.8571428571428571,7,0.07301239669322968,0.018682144582271576,0.07096172869205475,-0.2533225511207006,-0.19989983148699822,0.03131532778346433,FR,3,True,False,recoverable,0,False,RUNNING
9.100000000000124,1092,S1_APPROACH_AND_PRE_FR_SHIFT,ADVANCE,v009_20260806_215232_433234_manual:S1_APPROACH_AND_PRE_FR_SHIFT:ALTERNATE_PROFILE_1:segments-0-6,7.508333333333461,0.8571428571428571,7,0.07400570809841156,0.018706440925598145,0.07084880769252777,-0.2538009969873888,-0.19977292061358246,0.03144611660805291,FR,3,True,False,recoverable,0,False,RUNNING
9.166666666666787,1100,S1_APPROACH_AND_PRE_FR_SHIFT,ADVANCE,v009_20260806_215232_433234_manual:S1_APPROACH_AND_PRE_FR_SHIFT:ALTERNATE_PROFILE_1:segments-0-6,7.575000000000124,0.8571428571428571,7,0.07503390312194824,0.01873435080051422,0.0707186758518219,-0.2543135785321437,-0.19967112283074234,0.03158137692124204,FR,3,True,False,recoverable,0,False,RUNNING
9.23333333333345,1108,S1_APPROACH_AND_PRE_FR_SHIFT,ADVANCE,v009_20260806_215232_433234_manual:S1_APPROACH_AND_PRE_FR_SHIFT:ALTERNATE_PROFILE_1:segments-0-6,7.6416666666667865,0.8571428571428571,7,0.07609258592128754,0.018749907612800598,0.0705622136592865,-0.2548365366776529,-0.1995554297680351,0.03174357238501616,FR,3,True,False,recoverable,0,False,RUNNING
9.300000000000113,1116,S1_APPROACH_AND_PRE_FR_SHIFT,ADVANCE,v009_20260806_215232_433234_manual:S1_APPROACH_AND_PRE_FR_SHIFT:ALTERNATE_PROFILE_1:segments-0-6,7.708333333333449,0.8571428571428571,7,0.0771096870303154,0.018769972026348114,0.07043205946683884,-0.25528782206162387,-0.19953819235190437,0.0318856015260764,FR,3,True,False,recoverable,0,False,RUNNING
9.366666666666775,1124,S1_APPROACH_AND_PRE_FR_SHIFT,ADVANCE,v009_20260806_215232_433234_manual:S1_APPROACH_AND_PRE_FR_SHIFT:ALTERNATE_PROFILE_1:segments-0-6,7.775000000000112,0.8571428571428571,7,0.0778522938489914,0.018774859607219696,0.07050347328186035,-0.2556385955382998,-0.19989854589064562,0.03189851951418469,FR,3,True,False,recoverable,0,False,RUNNING
9.433333333333438,1132,S1_APPROACH_AND_PRE_FR_SHIFT,ADVANCE,v009_20260806_215232_433234_manual:S1_APPROACH_AND_PRE_FR_SHIFT:ALTERNATE_PROFILE_1:segments-0-6,7.841666666666775,0.8571428571428571,7,0.07865792512893677,0.018772326409816742,0.07058832049369812,-0.2558220342079915,-0.200246974122124,0.031947512037320484,FR,3,True,False,recoverable,0,False,RUNNING
9.500000000000101,1140,S1_APPROACH_AND_PRE_FR_SHIFT,ADVANCE,v009_20260806_215232_433234_manual:S1_APPROACH_AND_PRE_FR_SHIFT:ALTERNATE_PROFILE_1:segments-0-6,7.908333333333438,0.8571428571428571,7,0.07948711514472961,0.018719598650932312,0.07071160525083542,-0.25543405708654604,-0.20018612325648755,0.031875661280465505,FR,3,True,False,recoverable,0,False,RUNNING
9.566666666666764,1148,S1_APPROACH_AND_PRE_FR_SHIFT,ADVANCE,v009_20260806_215232_433234_manual:S1_APPROACH_AND_PRE_FR_SHIFT:ALTERNATE_PROFILE_1:segments-0-6,7.975000000000101,0.8571428571428571,7,0.0803515762090683,0.01866837590932846,0.07082587480545044,-0.25500818356211247,-0.20016897220334903,0.031819188266413334,FR,3,True,False,recoverable,0,False,RUNNING
9.633333333333427,1156,S1_APPROACH_AND_PRE_FR_SHIFT,ADVANCE,v009_20260806_215232_433234_manual:S1_APPROACH_AND_PRE_FR_SHIFT:ALTERNATE_PROFILE_1:segments-0-6,8.041666666666764,0.8571428571428571,7,0.0812343955039978,0.018630944192409515,0.07091254740953445,-0.2544770012458309,-0.2001638740444355,0.03161760861895197,FR,3,True,False,recoverable,0,False,RUNNING
9.70000000000009,1164,S1_APPROACH_AND_PRE_FR_SHIFT,ADVANCE,v009_20260806_215232_433234_manual:S1_APPROACH_AND_PRE_FR_SHIFT:ALTERNATE_PROFILE_1:segments-0-6,8.108333333333427,0.8571428571428571,7,0.08214153349399567,0.01858534663915634,0.07098691165447235,-0.2540535427673668,-0.2001789080270044,0.03143618571832883,FR,3,True,False,recoverable,0,False,RUNNING
9.766666666666753,1172,S1_APPROACH_AND_PRE_FR_SHIFT,ADVANCE,v009_20260806_215232_433234_manual:S1_APPROACH_AND_PRE_FR_SHIFT:ALTERNATE_PROFILE_1:segments-0-6,8.17500000000009,0.8571428571428571,7,0.08307695388793945,0.01854190230369568,0.07105211168527603,-0.253630197946935,-0.20020792857372366,0.03128121839678634,FR,3,True,False,recoverable,0,False,RUNNING
9.833333333333416,1180,S1_APPROACH_AND_PRE_FR_SHIFT,ADVANCE,v009_20260806_215232_433234_manual:S1_APPROACH_AND_PRE_FR_SHIFT:ALTERNATE_PROFILE_1:segments-0-6,8.241666666666752,0.8571428571428571,7,0.08403439819812775,0.018496431410312653,0.07110454142093658,-0.25324832233413636,-0.20023634028955287,0.031135301183827523,FR,3,True,False,recoverable,0,False,RUNNING
9.900000000000079,1188,S1_APPROACH_AND_PRE_FR_SHIFT,ADVANCE,v009_20260806_215232_433234_manual:S1_APPROACH_AND_PRE_FR_SHIFT:ALTERNATE_PROFILE_1:segments-0-6,8.308333333333415,0.8571428571428571,7,0.08491437137126923,0.018457666039466858,0.07115305960178375,-0.2530867624148739,-0.2001660780363472,0.03100572036786838,FR,3,True,False,recoverable,0,False,RUNNING
9.966666666666741,1196,S1_APPROACH_AND_PRE_FR_SHIFT,ADVANCE,v009_20260806_215232_433234_manual:S1_APPROACH_AND_PRE_FR_SHIFT:ALTERNATE_PROFILE_1:segments-0-6,8.375000000000078,0.8571428571428571,7,0.08584539592266083,0.018418684601783752,0.07118363678455353,-0.25297474155322797,-0.2001425121390706,0.03089143269053307,FR,3,True,False,recoverable,0,False,RUNNING
10.033333333333404,1204,S1_APPROACH_AND_PRE_FR_SHIFT,ADVANCE,v009_20260806_215232_433234_manual:S1_APPROACH_AND_PRE_FR_SHIFT:ALTERNATE_PROFILE_1:segments-0-6,8.441666666666741,0.8571428571428571,7,0.08680880069732666,0.018416039645671844,0.07119766622781754,-0.2528226340549995,-0.20011776009256316,0.030893732428111796,FR,3,True,False,recoverable,0,False,RUNNING
10.100000000000067,1212,S1_APPROACH_AND_PRE_FR_SHIFT,ADVANCE,v009_20260806_215232_433234_manual:S1_APPROACH_AND_PRE_FR_SHIFT:ALTERNATE_PROFILE_1:segments-0-6,8.508333333333404,0.8571428571428571,7,0.08780589699745178,0.018407359719276428,0.07119736075401306,-0.2526282818089873,-0.20010285393904775,0.03090908372665624,FR,3,True,False,recoverable,0,False,RUNNING
10.16666666666673,1220,S1_APPROACH_AND_PRE_FR_SHIFT,ADVANCE,v009_20260806_215232_433234_manual:S1_APPROACH_AND_PRE_FR_SHIFT:ALTERNATE_PROFILE_1:segments-0-6,8.575000000000067,0.8571428571428571,7,0.08883129060268402,0.018383003771305084,0.07116801291704178,-0.2524329091743003,-0.20007199185555258,0.030863912205586767,FR,3,True,False,recoverable,0,False,RUNNING
10.233333333333393,1228,S1_APPROACH_AND_PRE_FR_SHIFT,ADVANCE,v009_20260806_215232_433234_manual:S1_APPROACH_AND_PRE_FR_SHIFT:ALTERNATE_PROFILE_1:segments-0-6,8.64166666666673,0.8571428571428571,7,0.08987398445606232,0.018351025879383087,0.07111049443483353,-0.2523014440280662,-0.20005280638194792,0.030839264362665746,FR,3,True,False,recoverable,0,False,RUNNING
10.300000000000056,1236,S1_APPROACH_AND_PRE_FR_SHIFT,ADVANCE,v009_20260806_215232_433234_manual:S1_APPROACH_AND_PRE_FR_SHIFT:ALTERNATE_PROFILE_1:segments-0-6,8.708333333333393,0.8571428571428571,7,0.0909348577260971,0.0183207169175148,0.07103125751018524,-0.2521604580041847,-0.20003269198310217,0.03078919538163464,FR,3,True,False,recoverable,0,False,RUNNING
10.366666666666719,1244,S1_APPROACH_AND_PRE_FR_SHIFT,ADVANCE,v009_20260806_215232_433234_manual:S1_APPROACH_AND_PRE_FR_SHIFT:ALTERNATE_PROFILE_1:segments-0-6,8.775000000000055,0.8571428571428571,7,0.09201169013977051,0.01832590252161026,0.07092200964689255,-0.25224284314584783,-0.20005080552875126,0.030700562791184764,FR,3,True,False,recoverable,0,False,RUNNING
10.433333333333382,1252,S1_APPROACH_AND_PRE_FR_SHIFT,ADVANCE,v009_20260806_215232_433234_manual:S1_APPROACH_AND_PRE_FR_SHIFT:ALTERNATE_PROFILE_1:segments-0-6,8.841666666666718,0.8571428571428571,7,0.09311982244253159,0.018338866531848907,0.07079300284385681,-0.2521944040799167,-0.20004786345503955,0.03059379492542166,FR,3,True,False,recoverable,0,False,RUNNING
10.500000000000044,1260,S1_APPROACH_AND_PRE_FR_SHIFT,ADVANCE,v009_20260806_215232_433234_manual:S1_APPROACH_AND_PRE_FR_SHIFT:ALTERNATE_PROFILE_1:segments-0-6,8.908333333333381,0.8571428571428571,7,0.09396480023860931,0.018333956599235535,0.07074437290430069,-0.25233522288609,-0.1998916572117869,0.03049641202306095,FR,3,True,False,recoverable,0,False,RUNNING
10.566666666666707,1268,S1_APPROACH_AND_PRE_FR_SHIFT,ADVANCE,v009_20260806_215232_433234_manual:S1_APPROACH_AND_PRE_FR_SHIFT:ALTERNATE_PROFILE_1:segments-0-6,8.975000000000044,0.8571428571428571,7,0.09467324614524841,0.018349066376686096,0.07081088423728943,-0.2526832949988787,-0.19993726518743782,0.03041611597775633,FR,3,True,False,recoverable,0,False,RUNNING
10.63333333333337,1276,S1_APPROACH_AND_PRE_FR_SHIFT,ADVANCE,v009_20260806_215232_433234_manual:S1_APPROACH_AND_PRE_FR_SHIFT:ALTERNATE_PROFILE_1:segments-0-6,9.041666666666707,0.8571428571428571,7,0.09547321498394012,0.018367663025856018,0.07086578011512756,-0.25312840423221494,-0.20011136578348557,0.03035776827930998,FR,3,True,False,recoverable,0,False,RUNNING
10.700000000000033,1284,S1_APPROACH_AND_PRE_FR_SHIFT,ADVANCE,v009_20260806_215232_433234_manual:S1_APPROACH_AND_PRE_FR_SHIFT:ALTERNATE_PROFILE_1:segments-0-6,9.10833333333337,0.8571428571428571,7,0.09632445871829987,0.01838916540145874,0.07090801000595093,-0.2536484819864268,-0.20034335196438258,0.030328161892821632,FR,3,True,False,recoverable,0,False,RUNNING
10.766666666666696,1292,S1_APPROACH_AND_PRE_FR_SHIFT,ADVANCE,v009_20260806_215232_433234_manual:S1_APPROACH_AND_PRE_FR_SHIFT:ALTERNATE_PROFILE_1:segments-0-6,9.175000000000033,0.8571428571428571,7,0.09720025211572647,0.01840175688266754,0.07094238698482513,-0.25423397103577133,-0.20058843159519016,0.03033297570767562,FR,3,True,False,recoverable,0,False,RUNNING
10.833333333333359,1300,S1_APPROACH_AND_PRE_FR_SHIFT,ADVANCE,v009_20260806_215232_433234_manual:S1_APPROACH_AND_PRE_FR_SHIFT:ALTERNATE_PROFILE_1:segments-0-6,9.241666666666696,0.8571428571428571,7,0.09807656705379486,0.018381871283054352,0.07100372016429901,-0.2543390046440007,-0.20050954747870237,0.030229454889625876,FR,3,True,False,recoverable,0,False,RUNNING
10.900000000000022,1308,S1_APPROACH_AND_PRE_FR_SHIFT,ADVANCE,v009_20260806_215232_433234_manual:S1_APPROACH_AND_PRE_FR_SHIFT:ALTERNATE_PROFILE_1:segments-0-6,9.308333333333358,0.8571428571428571,7,0.09899046272039413,0.01834540069103241,0.07106878608465195,-0.25434318919333293,-0.20032559813505724,0.030125705199366904,FR,3,True,False,recoverable,0,False,RUNNING
10.966666666666685,1316,S1_APPROACH_AND_PRE_FR_SHIFT,ADVANCE,v009_20260806_215232_433234_manual:S1_APPROACH_AND_PRE_FR_SHIFT:ALTERNATE_PROFILE_1:segments-0-6,9.375000000000021,0.8571428571428571,7,0.09991392493247986,0.018299587070941925,0.07112374901771545,-0.25428580805288437,-0.20014615186476306,0.030009470675297703,FR,3,True,False,recoverable,0,False,RUNNING
11.033333333333347,1324,S1_APPROACH_AND_PRE_FR_SHIFT,ADVANCE,v009_20260806_215232_433234_manual:S1_APPROACH_AND_PRE_FR_SHIFT:ALTERNATE_PROFILE_1:segments-0-6,9.441666666666684,0.8571428571428571,7,0.10089196264743805,0.01827988028526306,0.07115533202886581,-0.25436987212077095,-0.20001138620048176,0.02995882358195967,FR,3,True,False,recoverable,0,False,RUNNING
11.10000000000001,1332,S1_APPROACH_AND_PRE_FR_SHIFT,ADVANCE,v009_20260806_215232_433234_manual:S1_APPROACH_AND_PRE_FR_SHIFT:ALTERNATE_PROFILE_1:segments-0-6,9.508333333333347,0.8571428571428571,7,0.10188990831375122,0.018287457525730133,0.07117538899183273,-0.25451555328327846,-0.19987827374469086,0.02998623615356577,FR,3,True,False,recoverable,0,False,RUNNING
11.166666666666673,1340,S1_APPROACH_AND_PRE_FR_SHIFT,ADVANCE,v009_20260806_215232_433234_manual:S1_APPROACH_AND_PRE_FR_SHIFT:ALTERNATE_PROFILE_1:segments-0-6,9.57500000000001,0.8571428571428571,7,0.10290390253067017,0.018283508718013763,0.07117146253585815,-0.2546071681567669,-0.19974049688779064,0.030021839648766303,FR,3,True,False,recoverable,0,False,RUNNING
11.233333333333336,1348,S1_APPROACH_AND_PRE_FR_SHIFT,ADVANCE,v009_20260806_215232_433234_manual:S1_APPROACH_AND_PRE_FR_SHIFT:ALTERNATE_PROFILE_1:segments-0-6,9.641666666666673,0.8571428571428571,7,0.1039230227470398,0.018263906240463257,0.07113947719335556,-0.25474663558426686,-0.19958903446203113,0.0300744105050413,FR,3,True,False,recoverable,0,False,RUNNING
11.299999999999999,1356,S1_APPROACH_AND_PRE_FR_SHIFT,ADVANCE,v009_20260806_215232_433234_manual:S1_APPROACH_AND_PRE_FR_SHIFT:ALTERNATE_PROFILE_1:segments-0-6,9.708333333333336,0.8571428571428571,7,0.1049656942486763,0.01824803650379181,0.07109037786722183,-0.2548177485389079,-0.19941324641650637,0.030078196046143164,FR,3,True,False,recoverable,0,False,RUNNING
11.366666666666662,1364,S1_APPROACH_AND_PRE_FR_SHIFT,ADVANCE,v009_20260806_215232_433234_manual:S1_APPROACH_AND_PRE_FR_SHIFT:ALTERNATE_PROFILE_1:segments-0-6,9.774999999999999,0.8571428571428571,7,0.10602955520153046,0.01822773367166519,0.07102359086275101,-0.2548663696964572,-0.1992334192281937,0.0300886449869079,FR,3,True,False,recoverable,0,False,RUNNING
11.433333333333325,1372,S1_APPROACH_AND_PRE_FR_SHIFT,ADVANCE,v009_20260806_215232_433234_manual:S1_APPROACH_AND_PRE_FR_SHIFT:ALTERNATE_PROFILE_1:segments-0-6,9.841666666666661,0.8571428571428571,7,0.10710475593805313,0.018215961754322052,0.07093290239572525,-0.2550317557777236,-0.19905080641542003,0.030091810297545526,FR,3,True,False,recoverable,0,False,RUNNING
11.499999999999988,1380,S1_APPROACH_AND_PRE_FR_SHIFT,ADVANCE,v009_20260806_215232_433234_manual:S1_APPROACH_AND_PRE_FR_SHIFT:ALTERNATE_PROFILE_1:segments-0-6,9.908333333333324,0.8571428571428571,7,0.10820360481739044,0.018202394247055054,0.07081856578588486,-0.255187171659596,-0.19888299526998163,0.03009170528803936,FR,3,True,False,recoverable,0,False,RUNNING
11.56666666666665,1388,S1_APPROACH_AND_PRE_FR_SHIFT,ADVANCE,v009_20260806_215232_433234_manual:S1_APPROACH_AND_PRE_FR_SHIFT:ALTERNATE_PROFILE_1:segments-0-6,9.974999999999987,0.8571428571428571,7,0.10918360203504562,0.018199041485786438,0.07077789306640625,-0.2551282500624585,-0.19891331290684044,0.029957710242801843,FR,3,True,False,recoverable,0,False,RUNNING
11.633333333333313,1396,S1_APPROACH_AND_PRE_FR_SHIFT,ADVANCE,v009_20260806_215232_433234_manual:S1_APPROACH_AND_PRE_FR_SHIFT:ALTERNATE_PROFILE_1:segments-0-6,10.04166666666665,0.8571428571428571,7,0.11002053320407867,0.018187522888183594,0.07084281742572784,-0.25499622002833733,-0.19915775273629327,0.02979063082582672,FR,3,True,False,recoverable,0,False,RUNNING
11.699999999999976,1404,S1_APPROACH_AND_PRE_FR_SHIFT,ADVANCE,v009_20260806_215232_433234_manual:S1_APPROACH_AND_PRE_FR_SHIFT:ALTERNATE_PROFILE_1:segments-0-6,10.108333333333313,0.8571428571428571,7,0.1109236627817154,0.018174640834331512,0.07090138643980026,-0.25488369340353606,-0.19948044460270242,0.029653782685591788,FR,3,True,False,recoverable,0,False,RUNNING
11.766666666666639,1412,S1_APPROACH_AND_PRE_FR_SHIFT,ADVANCE,v009_20260806_215232_433234_manual:S1_APPROACH_AND_PRE_FR_SHIFT:ALTERNATE_PROFILE_1:segments-0-6,10.174999999999976,0.8571428571428571,7,0.11186274886131287,0.018164731562137604,0.07094553858041763,-0.25481313310290354,-0.1998537726462701,0.029529326213177023,FR,3,True,False,recoverable,0,False,RUNNING
11.833333333333302,1420,S1_APPROACH_AND_PRE_FR_SHIFT,ADVANCE,v009_20260806_215232_433234_manual:S1_APPROACH_AND_PRE_FR_SHIFT:ALTERNATE_PROFILE_1:segments-0-6,10.241666666666639,0.8571428571428571,7,0.11283057928085327,0.0181429386138916,0.07097439467906952,-0.25474704296864015,-0.2002375321951303,0.02942860813454107,FR,3,True,False,recoverable,0,False,RUNNING
11.899999999999965,1428,S1_APPROACH_AND_PRE_FR_SHIFT,ADVANCE,v009_20260806_215232_433234_manual:S1_APPROACH_AND_PRE_FR_SHIFT:ALTERNATE_PROFILE_1:segments-0-6,10.308333333333302,0.8571428571428571,7,0.11381007730960846,0.01811462640762329,0.07098401337862015,-0.25464755407073497,-0.2006200353696902,0.029302769957042615,FR,3,True,False,recoverable,0,False,RUNNING
11.966666666666628,1436,S1_APPROACH_AND_PRE_FR_SHIFT,ADVANCE,v009_20260806_215232_433234_manual:S1_APPROACH_AND_PRE_FR_SHIFT:ALTERNATE_PROFILE_1:segments-0-6,10.374999999999964,0.8571428571428571,7,0.11481694877147675,0.01808323711156845,0.07097192853689194,-0.25457941880135043,-0.2010278293855057,0.029194125652362044,FR,3,True,False,recoverable,0,False,RUNNING
12.03333333333329,1444,S1_APPROACH_AND_PRE_FR_SHIFT,ADVANCE,v009_20260806_215232_433234_manual:S1_APPROACH_AND_PRE_FR_SHIFT:ALTERNATE_PROFILE_1:segments-0-6,10.441666666666627,0.8571428571428571,7,0.11585316061973572,0.0180499404668808,0.0709410160779953,-0.25454732948428116,-0.201472378042752,0.029096012851340423,FR,3,True,False,recoverable,0,False,RUNNING
12.099999999999953,1452,S1_APPROACH_AND_PRE_FR_SHIFT,ADVANCE,v009_20260806_215232_433234_manual:S1_APPROACH_AND_PRE_FR_SHIFT:ALTERNATE_PROFILE_1:segments-0-6,10.50833333333329,0.8571428571428571,7,0.11688235402107239,0.01800306886434555,0.07089110463857651,-0.25454295495636187,-0.2018928481300934,0.02902908902220446,FR,3,True,False,recoverable,0,False,RUNNING
12.166666666666616,1460,S1_APPROACH_AND_PRE_FR_SHIFT,ADVANCE,v009_20260806_215232_433234_manual:S1_APPROACH_AND_PRE_FR_SHIFT:ALTERNATE_PROFILE_1:segments-0-6,10.574999999999953,0.8571428571428571,7,0.11790406703948975,0.017952613532543182,0.0708240419626236,-0.2546491789290349,-0.2022847614646673,0.028922084358441676,FR,3,True,False,recoverable,0,False,RUNNING
12.23333333333328,1468,S1_APPROACH_AND_PRE_FR_SHIFT,ADVANCE,v009_20260806_215232_433234_manual:S1_APPROACH_AND_PRE_FR_SHIFT:ALTERNATE_PROFILE_1:segments-0-6,10.641666666666616,0.8571428571428571,7,0.11871775984764099,0.017911098897457123,0.07083970308303833,-0.25483644404404576,-0.2020407104251929,0.028803284895393223,FR,3,True,False,recoverable,0,False,RUNNING
12.299999999999942,1476,S1_APPROACH_AND_PRE_FR_SHIFT,ADVANCE,v009_20260806_215232_433234_manual:S1_APPROACH_AND_PRE_FR_SHIFT:ALTERNATE_PROFILE_1:segments-0-6,10.708333333333279,0.8571428571428571,7,0.11961495876312256,0.017863601446151733,0.07084086537361145,-0.2549416250937586,-0.20182073433107764,0.028705759440665102,FR,3,True,False,recoverable,0,False,RUNNING
12.366666666666605,1484,S1_APPROACH_AND_PRE_FR_SHIFT,ADVANCE,v009_20260806_215232_433234_manual:S1_APPROACH_AND_PRE_FR_SHIFT:ALTERNATE_PROFILE_1:segments-0-6,10.774999999999942,0.8571428571428571,7,0.12055410444736481,0.017800942063331604,0.07082744687795639,-0.2551116099411831,-0.201642985363239,0.028622070272759814,FR,3,True,False,recoverable,0,False,RUNNING
12.433333333333268,1492,S1_APPROACH_AND_PRE_FR_SHIFT,ADVANCE,v009_20260806_215232_433234_manual:S1_APPROACH_AND_PRE_FR_SHIFT:ALTERNATE_PROFILE_1:segments-0-6,10.841666666666605,0.8571428571428571,7,0.12152040004730225,0.017797023057937622,0.07079010456800461,-0.25536500426065367,-0.2014843611787547,0.02870465348968769,FR,3,True,False,recoverable,0,False,RUNNING
12.49999999999993,1500,S1_APPROACH_AND_PRE_FR_SHIFT,ADVANCE,v009_20260806_215232_433234_manual:S1_APPROACH_AND_PRE_FR_SHIFT:ALTERNATE_PROFILE_1:segments-0-6,10.908333333333267,0.8571428571428571,7,0.1225288063287735,0.017794474959373474,0.07072974741458893,-0.2556546382347717,-0.201352957186564,0.028805378283349448,FR,3,True,False,recoverable,0,False,RUNNING
12.566666666666594,1508,S1_APPROACH_AND_PRE_FR_SHIFT,ADVANCE,v009_20260806_215232_433234_manual:S1_APPROACH_AND_PRE_FR_SHIFT:ALTERNATE_PROFILE_1:segments-0-6,10.97499999999993,0.8571428571428571,7,0.12354573607444763,0.01777864247560501,0.07064646482467651,-0.2559145095498397,-0.20118993008464733,0.028904945483438867,FR,3,True,False,recoverable,0,False,RUNNING
12.633333333333256,1516,S1_APPROACH_AND_PRE_FR_SHIFT,ADVANCE,v009_20260806_215232_433234_manual:S1_APPROACH_AND_PRE_FR_SHIFT:ALTERNATE_PROFILE_1:segments-0-6,11.041666666666593,0.8571428571428571,7,0.12459266930818558,0.017768532037734985,0.07054221630096436,-0.25618249664418496,-0.20103270260713588,0.028981774049347812,FR,3,True,False,recoverable,0,False,RUNNING
12.69999999999992,1524,S1_APPROACH_AND_PRE_FR_SHIFT,ADVANCE,v009_20260806_215232_433234_manual:S1_APPROACH_AND_PRE_FR_SHIFT:ALTERNATE_PROFILE_1:segments-0-6,11.108333333333256,0.8571428571428571,7,0.1256663054227829,0.017772264778614044,0.07041960954666138,-0.2565985948587983,-0.20091472643221664,0.029053888807982237,FR,3,True,False,recoverable,0,False,RUNNING
12.766666666666582,1532,S1_APPROACH_AND_PRE_FR_SHIFT,ADVANCE,v009_20260806_215232_433234_manual:S1_APPROACH_AND_PRE_FR_SHIFT:ALTERNATE_PROFILE_1:segments-0-6,11.174999999999919,0.8571428571428571,7,0.12670749425888062,0.017736591398715973,0.07032445073127747,-0.25642336195647686,-0.2003243310331692,0.029051280338946703,FR,3,True,False,recoverable,0,False,RUNNING
12.833333333333245,1540,S1_APPROACH_AND_PRE_FR_SHIFT,ADVANCE,v009_20260806_215232_433234_manual:S1_APPROACH_AND_PRE_FR_SHIFT:ALTERNATE_PROFILE_1:segments-0-6,11.241666666666582,0.8571428571428571,7,0.12765465676784515,0.017683006823062897,0.07031524181365967,-0.2559521955372523,-0.1998696281559192,0.028914714641584183,FR,3,True,False,recoverable,0,False,RUNNING
12.899999999999908,1548,S1_APPROACH_AND_PRE_FR_SHIFT,ADVANCE,v009_20260806_215232_433234_manual:S1_APPROACH_AND_PRE_FR_SHIFT:ALTERNATE_PROFILE_1:segments-0-6,11.308333333333245,0.8571428571428571,7,0.1284104883670807,0.01764880120754242,0.07044343650341034,-0.25541078653435195,-0.19981021114542863,0.02869814387511938,FR,3,True,False,recoverable,0,False,RUNNING
12.96666666666657,1556,S1_APPROACH_AND_PRE_FR_SHIFT,ADVANCE,v009_20260806_215232_433234_manual:S1_APPROACH_AND_PRE_FR_SHIFT:ALTERNATE_PROFILE_1:segments-0-6,11.374999999999908,0.8571428571428571,7,0.12923485040664673,0.01761457324028015,0.07056477665901184,-0.2549186430526925,-0.1997992183803729,0.02849362240651162,FR,3,True,False,recoverable,0,False,RUNNING
13.033333333333234,1564,S1_APPROACH_AND_PRE_FR_SHIFT,ADVANCE,v009_20260806_215232_433234_manual:S1_APPROACH_AND_PRE_FR_SHIFT:ALTERNATE_PROFILE_1:segments-0-6,11.44166666666657,0.8571428571428571,7,0.13013797998428345,0.01759185642004013,0.07068498432636261,-0.25444250000096064,-0.1998762694616668,0.028183443215936726,FR,3,True,False,recoverable,0,False,RUNNING
13.099999999999897,1572,S1_APPROACH_AND_PRE_FR_SHIFT,ADVANCE,v009_20260806_215232_433234_manual:S1_APPROACH_AND_PRE_FR_SHIFT:ALTERNATE_PROFILE_1:segments-0-6,11.508333333333233,0.8571428571428571,7,0.1310531198978424,0.017553746700286865,0.07079628109931946,-0.25395244337474604,-0.19994469192643294,0.028014371012508227,FR,3,True,False,recoverable,0,False,RUNNING
13.16666666666656,1580,S1_APPROACH_AND_PRE_FR_SHIFT,ADVANCE,v009_20260806_215232_433234_manual:S1_APPROACH_AND_PRE_FR_SHIFT:ALTERNATE_PROFILE_1:segments-0-6,11.574999999999896,0.8571428571428571,7,0.13199958205223083,0.017529837787151337,0.07088428735733032,-0.25343499097615496,-0.20003078513531647,0.02773244083421395,FR,3,True,False,recoverable,0,False,RUNNING
13.233333333333222,1588,S1_APPROACH_AND_PRE_FR_SHIFT,ADVANCE,v009_20260806_215232_433234_manual:S1_APPROACH_AND_PRE_FR_SHIFT:ALTERNATE_PROFILE_1:segments-0-6,11.64166666666656,0.8571428571428571,7,0.13295716047286987,0.01750326156616211,0.07095412909984589,-0.25299344805761764,-0.20012697168062335,0.027494465685304587,FR,3,True,False,recoverable,0,False,RUNNING
13.299999999999885,1596,S1_APPROACH_AND_PRE_FR_SHIFT,ADVANCE,v009_20260806_215232_433234_manual:S1_APPROACH_AND_PRE_FR_SHIFT:ALTERNATE_PROFILE_1:segments-0-6,11.708333333333222,0.8571428571428571,7,0.1339394450187683,0.01746174693107605,0.07100819051265717,-0.252533301753199,-0.20023332227849014,0.02724857814358339,FR,3,True,False,recoverable,0,False,RUNNING
13.366666666666548,1604,S1_APPROACH_AND_PRE_FR_SHIFT,ADVANCE,v009_20260806_215232_433234_manual:S1_APPROACH_AND_PRE_FR_SHIFT:ALTERNATE_PROFILE_1:segments-0-6,11.774999999999885,0.8571428571428571,7,0.13496173918247223,0.017421938478946686,0.07104950398206711,-0.2520682897719565,-0.20034445996431,0.027134882786994708,FR,3,True,False,recoverable,0,False,RUNNING
13.433333333333211,1612,S1_APPROACH_AND_PRE_FR_SHIFT,ADVANCE,v009_20260806_215232_433234_manual:S1_APPROACH_AND_PRE_FR_SHIFT:ALTERNATE_PROFILE_1:segments-0-6,11.841666666666548,0.8571428571428571,7,0.13598987460136414,0.017367728054523468,0.07106143236160278,-0.25153818267635597,-0.20041676981247314,0.026971361876046502,FR,3,True,False,recoverable,0,False,RUNNING
13.499999999999874,1620,S1_APPROACH_AND_PRE_FR_SHIFT,ADVANCE,v009_20260806_215232_433234_manual:S1_APPROACH_AND_PRE_FR_SHIFT:ALTERNATE_PROFILE_1:segments-0-6,11.90833333333321,0.8571428571428571,7,0.13706783950328827,0.017328999936580658,0.07105007022619247,-0.2510095074909183,-0.20053572697516897,0.02678522546207561,FR,3,True,False,recoverable,0,False,RUNNING
13.566666666666537,1628,S1_APPROACH_AND_PRE_FR_SHIFT,ADVANCE,v009_20260806_215232_433234_manual:S1_APPROACH_AND_PRE_FR_SHIFT:ALTERNATE_PROFILE_1:segments-0-6,11.974999999999874,0.8571428571428571,7,0.137837752699852,0.01732536405324936,0.07106196880340576,-0.25107996756118944,-0.20030010407786022,0.026765139297914527,FR,3,True,False,recoverable,0,False,RUNNING
13.6333333333332,1636,S1_APPROACH_AND_PRE_FR_SHIFT,ADVANCE,v009_20260806_215232_433234_manual:S1_APPROACH_AND_PRE_FR_SHIFT:ALTERNATE_PROFILE_1:segments-0-6,12.041666666666536,0.8571428571428571,7,0.13865917921066284,0.01735055446624756,0.07107888907194138,-0.2514414705236182,-0.20010389395656838,0.026769829724755008,FR,3,True,False,recoverable,0,False,RUNNING
13.699999999999863,1644,S1_APPROACH_AND_PRE_FR_SHIFT,ADVANCE,v009_20260806_215232_433234_manual:S1_APPROACH_AND_PRE_FR_SHIFT:ALTERNATE_PROFILE_1:segments-0-6,12.1083333333332,0.8571428571428571,7,0.13953877985477448,0.017396368086338043,0.07107635587453842,-0.2519941251032374,-0.20001706515513568,0.026776581527348763,FR,3,True,False,recoverable,0,False,RUNNING
13.766666666666525,1652,S1_APPROACH_AND_PRE_FR_SHIFT,ADVANCE,v009_20260806_215232_433234_manual:S1_APPROACH_AND_PRE_FR_SHIFT:ALTERNATE_PROFILE_1:segments-0-6,12.174999999999862,0.8571428571428571,7,0.14045313000679016,0.017426498234272003,0.07105144113302231,-0.25250653246366983,-0.19993013022083744,0.026802491050907287,FR,3,True,False,recoverable,0,False,RUNNING
13.833333333333188,1660,S1_APPROACH_AND_PRE_FR_SHIFT,ADVANCE,v009_20260806_215232_433234_manual:S1_APPROACH_AND_PRE_FR_SHIFT:ALTERNATE_PROFILE_1:segments-0-6,12.241666666666525,0.8571428571428571,7,0.14140045642852783,0.017461314797401428,0.07100661098957062,-0.2530868062670811,-0.19988752474975924,0.02683289481501622,FR,3,True,False,recoverable,0,False,RUNNING
13.899999999999851,1668,S1_APPROACH_AND_PRE_FR_SHIFT,ADVANCE,v009_20260806_215232_433234_manual:S1_APPROACH_AND_PRE_FR_SHIFT:ALTERNATE_PROFILE_1:segments-0-6,12.308333333333188,0.8571428571428571,7,0.14237789809703827,0.017486117780208588,0.07094621658325195,-0.25363894867505205,-0.19982461330355078,0.026868639405532226,FR,3,True,False,recoverable,0,False,RUNNING
13.966666666666514,1676,S1_APPROACH_AND_PRE_FR_SHIFT,ADVANCE,v009_20260806_215232_433234_manual:S1_APPROACH_AND_PRE_FR_SHIFT:ALTERNATE_PROFILE_1:segments-0-6,12.37499999999985,0.8571428571428571,7,0.14337538182735443,0.017506398260593414,0.07086602598428726,-0.2541883904139337,-0.19976298546202856,0.026904596770668227,FR,3,True,False,recoverable,0,False,RUNNING
14.033333333333177,1684,S1_APPROACH_AND_PRE_FR_SHIFT,ADVANCE,v009_20260806_215232_433234_manual:S1_APPROACH_AND_PRE_FR_SHIFT:ALTERNATE_PROFILE_1:segments-0-6,12.441666666666514,0.8571428571428571,7,0.14439097046852112,0.017531834542751312,0.07076440751552582,-0.2548721465605832,-0.19973633844118724,0.026960519464673614,FR,3,True,False,recoverable,0,False,RUNNING
14.09999999999984,1692,S1_APPROACH_AND_PRE_FR_SHIFT,ADVANCE,v009_20260806_215232_433234_manual:S1_APPROACH_AND_PRE_FR_SHIFT:ALTERNATE_PROFILE_1:segments-0-6,12.508333333333177,0.8571428571428571,7,0.14542338252067566,0.017550796270370483,0.07064161449670792,-0.25550627186592234,-0.19969552341287095,0.027000549357314933,FR,3,True,False,recoverable,0,False,RUNNING
14.166666666666503,1700,S1_APPROACH_AND_PRE_FR_SHIFT,ADVANCE,v009_20260806_215232_433234_manual:S1_APPROACH_AND_PRE_FR_SHIFT:ALTERNATE_PROFILE_1:segments-0-6,12.57499999999984,0.8571428571428571,7,0.14648032188415527,0.017563767731189728,0.0704941600561142,-0.2562043577422959,-0.19965660356195955,0.027076060015234465,FR,3,True,False,recoverable,0,False,RUNNING
14.233333333333166,1708,S1_APPROACH_AND_PRE_FR_SHIFT,ADVANCE,v009_20260806_215232_433234_manual:S1_APPROACH_AND_PRE_FR_SHIFT:ALTERNATE_PROFILE_1:segments-0-6,12.641666666666502,0.8571428571428571,7,0.14754463732242584,0.017580188810825348,0.0703219547867775,-0.2569045559745364,-0.1996151825837677,0.027121132470753834,FR,3,True,False,recoverable,0,False,RUNNING
14.299999999999828,1716,S1_APPROACH_AND_PRE_FR_SHIFT,ADVANCE,v009_20260806_215232_433234_manual:S1_APPROACH_AND_PRE_FR_SHIFT:ALTERNATE_PROFILE_1:segments-0-6,12.708333333333165,0.8571428571428571,7,0.14860621094703674,0.017549507319927216,0.07018809020519257,-0.25707412593228485,-0.1991578308011956,0.027058440702305096,FR,3,True,False,recoverable,0,False,RUNNING
14.366666666666491,1724,S1_APPROACH_AND_PRE_FR_SHIFT,ADVANCE,v009_20260806_215232_433234_manual:S1_APPROACH_AND_PRE_FR_SHIFT:ALTERNATE_PROFILE_1:segments-0-6,12.774999999999828,0.8571428571428571,7,0.1495184302330017,0.017497800290584564,0.07019583880901337,-0.25681235292020105,-0.19869702283110097,0.02692632962296671,FR,3,True,False,recoverable,0,False,RUNNING
14.433333333333154,1732,S1_APPROACH_AND_PRE_FR_SHIFT,ADVANCE,v009_20260806_215232_433234_manual:S1_APPROACH_AND_PRE_FR_SHIFT:ALTERNATE_PROFILE_1:segments-0-6,12.841666666666491,0.8571428571428571,7,0.15023541450500488,0.017451785504817963,0.07034950703382492,-0.2565246097884561,-0.1986468050204073,0.026787445049281624,FR,3,True,False,recoverable,0,False,RUNNING
14.499999999999817,1740,S1_APPROACH_AND_PRE_FR_SHIFT,ADVANCE,v009_20260806_215232_433234_manual:S1_APPROACH_AND_PRE_FR_SHIFT:ALTERNATE_PROFILE_1:segments-0-6,12.908333333333154,0.8571428571428571,7,0.15101931989192963,0.01738804578781128,0.07049664855003357,-0.2562632596208479,-0.19867762467368003,0.026728399884162597,FR,3,True,False,recoverable,0,False,RUNNING
14.56666666666648,1748,S1_APPROACH_AND_PRE_FR_SHIFT,ADVANCE,v009_20260806_215232_433234_manual:S1_APPROACH_AND_PRE_FR_SHIFT:ALTERNATE_PROFILE_1:segments-0-6,12.974999999999817,0.8571428571428571,7,0.15186762809753418,0.017346322536468506,0.07063110917806625,-0.25590017107633495,-0.19879859886256648,0.02653842032473625,FR,3,True,False,recoverable,0,False,RUNNING
14.633333333333143,1756,S1_APPROACH_AND_PRE_FR_SHIFT,ADVANCE,v009_20260806_215232_433234_manual:S1_APPROACH_AND_PRE_FR_SHIFT:ALTERNATE_PROFILE_1:segments-0-6,13.04166666666648,0.8571428571428571,7,0.15273255109786987,0.0173257514834404,0.07075268030166626,-0.25549838885401915,-0.1989122157911597,0.026339616924104182,FR,3,True,False,recoverable,0,False,RUNNING
14.699999999999806,1764,S1_APPROACH_AND_PRE_FR_SHIFT,ADVANCE,v009_20260806_215232_433234_manual:S1_APPROACH_AND_PRE_FR_SHIFT:ALTERNATE_PROFILE_1:segments-0-6,13.108333333333142,0.8571428571428571,7,0.15360885858535767,0.017314694821834564,0.07087504118680954,-0.25513852753041766,-0.1990543709635437,0.026181412600705826,FR,3,True,False,recoverable,0,False,RUNNING
14.766666666666469,1772,S1_APPROACH_AND_PRE_FR_SHIFT,ADVANCE,v009_20260806_215232_433234_manual:S1_APPROACH_AND_PRE_FR_SHIFT:ALTERNATE_PROFILE_1:segments-0-6,13.174999999999805,0.8571428571428571,7,0.15450602769851685,0.017275109887123108,0.07096903771162033,-0.25489475347891105,-0.19920099030315674,0.02598356770796487,FR,3,True,False,recoverable,0,False,RUNNING
14.833333333333131,1780,S1_APPROACH_AND_PRE_FR_SHIFT,ADVANCE,v009_20260806_215232_433234_manual:S1_APPROACH_AND_PRE_FR_SHIFT:ALTERNATE_PROFILE_1:segments-0-6,13.241666666666468,0.8571428571428571,7,0.15542469918727875,0.017238765954971313,0.07105857133865356,-0.25463731644245996,-0.1993985118651683,0.025764128765500195,FR,3,True,False,recoverable,0,False,RUNNING
14.899999999999794,1788,S1_APPROACH_AND_PRE_FR_SHIFT,ADVANCE,v009_20260806_215232_433234_manual:S1_APPROACH_AND_PRE_FR_SHIFT:ALTERNATE_PROFILE_1:segments-0-6,13.308333333333131,0.8571428571428571,7,0.15638208389282227,0.017201639711856842,0.07113267481327057,-0.2543465939393419,-0.19958670412941573,0.02558009894458331,FR,3,True,False,recoverable,0,False,RUNNING
14.966666666666457,1796,S1_APPROACH_AND_PRE_FR_SHIFT,ADVANCE,v009_20260806_215232_433234_manual:S1_APPROACH_AND_PRE_FR_SHIFT:ALTERNATE_PROFILE_1:segments-0-6,13.374999999999794,0.8571428571428571,7,0.1573435515165329,0.01717747002840042,0.07118217647075653,-0.2542387954063794,-0.19986420657784132,0.025392416479025848,FR,3,True,False,recoverable,0,False,RUNNING
15.03333333333312,1804,S1_APPROACH_AND_PRE_FR_SHIFT,ADVANCE,v009_20260806_215232_433234_manual:S1_APPROACH_AND_PRE_FR_SHIFT:ALTERNATE_PROFILE_1:segments-0-6,13.441666666666457,0.8571428571428571,7,0.1583198755979538,0.01717238873243332,0.07122903317213058,-0.2539288817292222,-0.20008764036689694,0.025261820392782658,FR,3,True,False,recoverable,0,False,RUNNING
15.099999999999783,1812,S1_APPROACH_AND_PRE_FR_SHIFT,ADVANCE,v009_20260806_215232_433234_manual:S1_APPROACH_AND_PRE_FR_SHIFT:ALTERNATE_PROFILE_1:segments-0-6,13.50833333333312,0.8571428571428571,7,0.15931013226509094,0.01713711768388748,0.07122519612312317,-0.2538207593862153,-0.20030342665454298,0.025095279547337736,FR,3,True,False,recoverable,0,False,RUNNING
15.166666666666446,1820,S1_APPROACH_AND_PRE_FR_SHIFT,ADVANCE,v009_20260806_215232_433234_manual:S1_APPROACH_AND_PRE_FR_SHIFT:ALTERNATE_PROFILE_1:segments-0-6,13.574999999999783,0.8571428571428571,7,0.16031578183174133,0.01710934191942215,0.07121895998716354,-0.2536274117272368,-0.2005503387633856,0.02482824230646841,FR,3,True,False,recoverable,0,False,RUNNING
15.233333333333109,1828,S1_APPROACH_AND_PRE_FR_SHIFT,ADVANCE,v009_20260806_215232_433234_manual:S1_APPROACH_AND_PRE_FR_SHIFT:ALTERNATE_PROFILE_1:segments-0-6,13.641666666666445,0.8571428571428571,7,0.16133804619312286,0.01709386706352234,0.07117833942174911,-0.2533513035289056,-0.2007646960779336,0.024571312340362465,FR,3,True,False,recoverable,0,False,RUNNING
15.299999999999772,1836,S1_APPROACH_AND_PRE_FR_SHIFT,ADVANCE,v009_20260806_215232_433234_manual:S1_APPROACH_AND_PRE_FR_SHIFT:ALTERNATE_PROFILE_1:segments-0-6,13.708333333333108,0.8571428571428571,7,0.1623809039592743,0.017054438591003418,0.07113415747880936,-0.25313661720009484,-0.20099784120382763,0.02440944721198231,FR,3,True,False,recoverable,0,False,RUNNING
15.366666666666434,1844,S1_APPROACH_AND_PRE_FR_SHIFT,ADVANCE,v009_20260806_215232_433234_manual:S1_APPROACH_AND_PRE_FR_SHIFT:ALTERNATE_PROFILE_1:segments-0-6,13.774999999999771,0.8571428571428571,7,0.16350515186786652,0.017011359333992004,0.07105405628681183,-0.2528516873976362,-0.20119570926888547,0.0242808269933777,FR,3,True,False,recoverable,0,False,RUNNING
15.433333333333097,1852,S1_APPROACH_AND_PRE_FR_SHIFT,ADVANCE,v009_20260806_215232_433234_manual:S1_APPROACH_AND_PRE_FR_SHIFT:ALTERNATE_PROFILE_1:segments-0-6,13.841666666666434,0.8571428571428571,7,0.16439276933670044,0.01701025664806366,0.0710143893957138,-0.25332512271580687,-0.2010838768789922,0.024250613774496534,FR,3,True,False,recoverable,0,False,RUNNING
15.49999999999976,1860,S1_APPROACH_AND_PRE_FR_SHIFT,ADVANCE,v009_20260806_215232_433234_manual:S1_APPROACH_AND_PRE_FR_SHIFT:ALTERNATE_PROFILE_1:segments-0-6,13.908333333333097,0.8571428571428571,7,0.165334090590477,0.017017371952533722,0.07094139605760574,-0.2538793186260471,-0.20106105084584575,0.024213185064113973,FR,3,True,False,recoverable,0,False,RUNNING
15.566666666666423,1868,S1_APPROACH_AND_PRE_FR_SHIFT,ADVANCE,v009_20260806_215232_433234_manual:S1_APPROACH_AND_PRE_FR_SHIFT:ALTERNATE_PROFILE_1:segments-0-6,13.97499999999976,0.8571428571428571,7,0.16631865501403809,0.017014995217323303,0.07084952294826508,-0.2544748704624684,-0.20105892311940746,0.024203950808117537,FR,3,True,False,recoverable,0,False,RUNNING
15.633333333333086,1876,S1_APPROACH_AND_PRE_FR_SHIFT,ADVANCE,v009_20260806_215232_433234_manual:S1_APPROACH_AND_PRE_FR_SHIFT:ALTERNATE_PROFILE_1:segments-0-6,14.041666666666423,0.8571428571428571,7,0.16735173761844635,0.017019271850585938,0.07073820382356644,-0.2550758141371635,-0.20108328499758943,0.024147244840197167,FR,3,True,False,recoverable,0,False,RUNNING
15.699999999999749,1884,S1_APPROACH_AND_PRE_FR_SHIFT,ADVANCE,v009_20260806_215232_433234_manual:S1_APPROACH_AND_PRE_FR_SHIFT:ALTERNATE_PROFILE_1:segments-0-6,14.108333333333086,0.8571428571428571,7,0.16835922002792358,0.017032288014888763,0.07061930745840073,-0.255718584583907,-0.20103211351157174,0.024256730909881126,FR,3,True,False,recoverable,0,False,RUNNING
15.766666666666412,1892,S1_APPROACH_AND_PRE_FR_SHIFT,ADVANCE,v009_20260806_215232_433234_manual:S1_APPROACH_AND_PRE_FR_SHIFT:ALTERNATE_PROFILE_1:segments-0-6,14.174999999999748,0.8571428571428571,7,0.16936345398426056,0.017004497349262238,0.07055475562810898,-0.2555155771538598,-0.20039025137523286,0.024248360849469228,FR,3,True,False,recoverable,0,False,RUNNING
15.833333333333075,1900,S1_APPROACH_AND_PRE_FR_SHIFT,ADVANCE,v009_20260806_215232_433234_manual:S1_APPROACH_AND_PRE_FR_SHIFT:ALTERNATE_PROFILE_1:segments-0-6,14.241666666666411,0.8571428571428571,7,0.17040497064590454,0.016976505517959595,0.07047010958194733,-0.2553258390520359,-0.19976943075455442,0.024246355217391623,FR,3,True,False,recoverable,0,False,RUNNING
15.899999999999737,1908,S1_APPROACH_AND_PRE_FR_SHIFT,ADVANCE,v009_20260806_215232_433234_manual:S1_APPROACH_AND_PRE_FR_SHIFT:ALTERNATE_PROFILE_1:segments-0-6,14.308333333333074,0.8571428571428571,7,0.17150434851646423,0.01693291962146759,0.07036571204662323,-0.25520630976983505,-0.19918317317200648,0.024209202869516173,FR,3,True,False,recoverable,0,False,RUNNING
15.9666666666664,1916,S1_APPROACH_AND_PRE_FR_SHIFT,ADVANCE,v009_20260806_215232_433234_manual:S1_APPROACH_AND_PRE_FR_SHIFT:ALTERNATE_PROFILE_1:segments-0-6,14.374999999999737,0.8571428571428571,7,0.17261485755443573,0.016892224550247192,0.07023223489522934,-0.25507629101266494,-0.19858695929991213,0.024139909920754266,FR,3,True,False,recoverable,0,False,RUNNING
16.033333333333065,1924,S1_APPROACH_AND_PRE_FR_SHIFT,ADVANCE,v009_20260806_215232_433234_manual:S1_APPROACH_AND_PRE_FR_SHIFT:ALTERNATE_PROFILE_1:segments-0-6,14.441666666666402,0.8571428571428571,7,0.17374595999717712,0.01685488224029541,0.0700698271393776,-0.2549065169525086,-0.19795111823745976,0.024051662845235414,FR,3,True,False,recoverable,0,False,RUNNING
16.099999999999728,1932,S1_APPROACH_AND_PRE_FR_SHIFT,ADVANCE,v009_20260806_215232_433234_manual:S1_APPROACH_AND_PRE_FR_SHIFT:ALTERNATE_PROFILE_1:segments-0-6,14.508333333333065,0.8571428571428571,7,0.17471586167812347,0.016824208199977875,0.07002192735671997,-0.25461708251147563,-0.19758629609714165,0.0239623233562265,FR,3,True,False,recoverable,0,False,RUNNING
16.16666666666639,1940,S1_APPROACH_AND_PRE_FR_SHIFT,ADVANCE,v009_20260806_215232_433234_manual:S1_APPROACH_AND_PRE_FR_SHIFT:ALTERNATE_PROFILE_1:segments-0-6,14.574999999999728,0.8571428571428571,7,0.17552116513252258,0.01678480952978134,0.07011420279741287,-0.2542396209415037,-0.1975924241471054,0.023775008146312848,FR,3,True,False,recoverable,0,False,RUNNING
16.233333333333054,1948,S1_APPROACH_AND_PRE_FR_SHIFT,ADVANCE,v009_20260806_215232_433234_manual:S1_APPROACH_AND_PRE_FR_SHIFT:ALTERNATE_PROFILE_1:segments-0-6,14.64166666666639,0.8571428571428571,7,0.17639559507369995,0.016745850443840027,0.07020711898803711,-0.2539448413717247,-0.19767862986208348,0.023633424020273543,FR,3,True,False,recoverable,0,False,RUNNING
16.299999999999716,1956,S1_APPROACH_AND_PRE_FR_SHIFT,ADVANCE,v009_20260806_215232_433234_manual:S1_APPROACH_AND_PRE_FR_SHIFT:ALTERNATE_PROFILE_1:segments-0-6,14.708333333333053,0.8571428571428571,7,0.1773231476545334,0.016703322529792786,0.07028357684612274,-0.25364122524849875,-0.19780855751699858,0.02348390725254663,FR,3,True,False,recoverable,0,False,RUNNING
16.36666666666638,1964,S1_APPROACH_AND_PRE_FR_SHIFT,ADVANCE,v009_20260806_215232_433234_manual:S1_APPROACH_AND_PRE_FR_SHIFT:ALTERNATE_PROFILE_1:segments-0-6,14.774999999999716,0.8571428571428571,7,0.1782781183719635,0.016693562269210815,0.07035461068153381,-0.25328599130310553,-0.197969516891464,0.02341831718185215,FR,3,True,False,recoverable,0,False,RUNNING
16.433333333333042,1972,S1_APPROACH_AND_PRE_FR_SHIFT,ADVANCE,v009_20260806_215232_433234_manual:S1_APPROACH_AND_PRE_FR_SHIFT:ALTERNATE_PROFILE_1:segments-0-6,14.841666666666379,0.8571428571428571,7,0.1792362779378891,0.016688384115695953,0.07040006667375565,-0.25309820945887934,-0.19813363086115715,0.023460975930706434,FR,3,True,False,recoverable,0,False,RUNNING
16.499999999999705,1980,S1_APPROACH_AND_PRE_FR_SHIFT,ADVANCE,v009_20260806_215232_433234_manual:S1_APPROACH_AND_PRE_FR_SHIFT:ALTERNATE_PROFILE_1:segments-0-6,14.908333333333042,0.8571428571428571,7,0.18017026782035828,0.01671772450208664,0.07043734192848206,-0.25291587322176623,-0.19824622274220563,0.023546459349015784,FR,3,True,False,recoverable,0,False,RUNNING
16.566666666666368,1988,S1_APPROACH_AND_PRE_FR_SHIFT,ADVANCE,v009_20260806_215232_433234_manual:S1_APPROACH_AND_PRE_FR_SHIFT:ALTERNATE_PROFILE_1:segments-0-6,14.974999999999705,0.8571428571428571,7,0.18098922073841095,0.016752377152442932,0.07048327475786209,-0.2533579556613396,-0.19820166616066504,0.0235831735963952,FR,3,True,False,recoverable,0,False,RUNNING
16.63333333333303,1996,S1_APPROACH_AND_PRE_FR_SHIFT,ADVANCE,v009_20260806_215232_433234_manual:S1_APPROACH_AND_PRE_FR_SHIFT:ALTERNATE_PROFILE_1:segments-0-6,15.041666666666368,0.8571428571428571,7,0.18186511099338531,0.016762815415859222,0.07050713151693344,-0.2537966504366345,-0.19820783448014326,0.02366113255069042,FR,3,True,False,recoverable,0,False,RUNNING
16.699999999999694,2004,S1_APPROACH_AND_PRE_FR_SHIFT,ADVANCE,v009_20260806_215232_433234_manual:S1_APPROACH_AND_PRE_FR_SHIFT:ALTERNATE_PROFILE_1:segments-0-6,15.10833333333303,0.8571428571428571,7,0.18279173970222473,0.016771391034126282,0.07051317393779755,-0.2542320729578835,-0.1982750580876301,0.023703070712510085,FR,3,True,False,recoverable,0,False,RUNNING
16.766666666666357,2012,S1_APPROACH_AND_PRE_FR_SHIFT,ADVANCE,v009_20260806_215232_433234_manual:S1_APPROACH_AND_PRE_FR_SHIFT:ALTERNATE_PROFILE_1:segments-0-6,15.174999999999693,0.8571428571428571,7,0.18374031782150269,0.0167832151055336,0.0704965740442276,-0.2547225783841188,-0.19835918928492255,0.02377702983574979,FR,3,True,False,recoverable,0,False,RUNNING
16.83333333333302,2020,S1_APPROACH_AND_PRE_FR_SHIFT,ADVANCE,v009_20260806_215232_433234_manual:S1_APPROACH_AND_PRE_FR_SHIFT:ALTERNATE_PROFILE_1:segments-0-6,15.241666666666356,0.8571428571428571,7,0.18472382426261902,0.01679988205432892,0.07046446204185486,-0.2552564005465328,-0.19843912677633224,0.023891822172558558,FR,3,True,False,recoverable,0,False,RUNNING
16.899999999999682,2028,S1_APPROACH_AND_PRE_FR_SHIFT,ADVANCE,v009_20260806_215232_433234_manual:S1_APPROACH_AND_PRE_FR_SHIFT:ALTERNATE_PROFILE_1:segments-0-6,15.30833333333302,0.8571428571428571,7,0.18570838868618011,0.016801878809928894,0.07040423899888992,-0.25574321052574334,-0.19852239698450702,0.02398821776191385,FR,3,True,False,recoverable,0,False,RUNNING
16.966666666666345,2036,S1_APPROACH_AND_PRE_FR_SHIFT,ADVANCE,v009_20260806_215232_433234_manual:S1_APPROACH_AND_PRE_FR_SHIFT:ALTERNATE_PROFILE_1:segments-0-6,15.374999999999682,0.8571428571428571,7,0.1866978108882904,0.016808949410915375,0.07033421099185944,-0.25626115149282647,-0.1986365831645188,0.024088215712266183,FR,3,True,False,recoverable,0,False,RUNNING
17.033333333333008,2044,S1_APPROACH_AND_PRE_FR_SHIFT,ADVANCE,v009_20260806_215232_433234_manual:S1_APPROACH_AND_PRE_FR_SHIFT:ALTERNATE_PROFILE_1:segments-0-6,15.441666666666345,0.8571428571428571,7,0.18746356666088104,0.016808651387691498,0.07043613493442535,-0.25668072988935264,-0.19907140160977627,0.02417694352347614,FR,3,True,False,recoverable,0,False,RUNNING
17.09999999999967,2052,S1_APPROACH_AND_PRE_FR_SHIFT,ADVANCE,v009_20260806_215232_433234_manual:S1_APPROACH_AND_PRE_FR_SHIFT:ALTERNATE_PROFILE_1:segments-0-6,15.508333333333008,0.8571428571428571,7,0.18828269839286804,0.016807377338409424,0.07051894813776016,-0.2570357881449559,-0.1995568710468679,0.02424160715466509,FR,3,True,False,recoverable,0,False,RUNNING
17.166666666666334,2060,S1_APPROACH_AND_PRE_FR_SHIFT,ADVANCE,v009_20260806_215232_433234_manual:S1_APPROACH_AND_PRE_FR_SHIFT:ALTERNATE_PROFILE_1:segments-0-6,15.57499999999967,0.8571428571428571,7,0.18912789225578308,0.016796626150608063,0.07059402763843536,-0.2574205175677925,-0.20007626509023918,0.02434377456754134,FR,3,True,False,recoverable,0,False,RUNNING
17.233333333332997,2068,S1_APPROACH_AND_PRE_FR_SHIFT,ADVANCE,v009_20260806_215232_433234_manual:S1_APPROACH_AND_PRE_FR_SHIFT:ALTERNATE_PROFILE_1:segments-0-6,15.641666666666334,0.8571428571428571,7,0.1899900734424591,0.016777940094470978,0.07066956162452698,-0.25773509318765464,-0.20053936051149054,0.024446627055632907,FR,3,True,False,recoverable,0,False,RUNNING
17.29999999999966,2076,S1_APPROACH_AND_PRE_FR_SHIFT,ADVANCE,v009_20260806_215232_433234_manual:S1_APPROACH_AND_PRE_FR_SHIFT:ALTERNATE_PROFILE_1:segments-0-6,15.708333333332996,0.8571428571428571,7,0.190862238407135,0.016733266413211823,0.0707719475030899,-0.25760212163265245,-0.20070399518055615,0.024489479698468018,FR,3,True,False,recoverable,0,False,RUNNING
17.366666666666323,2084,S1_APPROACH_AND_PRE_FR_SHIFT,ADVANCE,v009_20260806_215232_433234_manual:S1_APPROACH_AND_PRE_FR_SHIFT:ALTERNATE_PROFILE_1:segments-0-6,15.77499999999966,0.8571428571428571,7,0.19174227118492126,0.016686923801898956,0.0708465650677681,-0.25736479741482143,-0.20088440821307377,0.024387424218790074,FR,3,True,False,recoverable,0,False,RUNNING
17.433333333332985,2092,S1_APPROACH_AND_PRE_FR_SHIFT,ADVANCE,v009_20260806_215232_433234_manual:S1_APPROACH_AND_PRE_FR_SHIFT:ALTERNATE_PROFILE_1:segments-0-6,15.841666666666322,0.8571428571428571,7,0.19263456761837006,0.01663471758365631,0.07091224193572998,-0.2571185156201987,-0.20106597370042004,0.024289313880861817,FR,3,True,False,recoverable,0,False,RUNNING
17.49999999999965,2100,S1_APPROACH_AND_PRE_FR_SHIFT,ADVANCE,v009_20260806_215232_433234_manual:S1_APPROACH_AND_PRE_FR_SHIFT:ALTERNATE_PROFILE_1:segments-0-6,15.908333333332985,0.8571428571428571,7,0.1935608685016632,0.016583435237407684,0.07096119225025177,-0.2569699139821875,-0.201289113979029,0.024210590233332628,FR,3,True,False,recoverable,0,False,RUNNING
17.56666666666631,2108,S1_APPROACH_AND_PRE_FR_SHIFT,ADVANCE,v009_20260806_215232_433234_manual:S1_APPROACH_AND_PRE_FR_SHIFT:ALTERNATE_PROFILE_1:segments-0-6,15.974999999999648,0.8571428571428571,7,0.19451257586479187,0.016528397798538208,0.0709933415055275,-0.25687279131490726,-0.20153344983611277,0.024152176458870578,FR,3,True,False,recoverable,0,False,RUNNING
17.633333333332974,2116,S2_FR_TRAVERSE,FACE_CLEAR,v009_20260806_215232_433234_manual:S2_FR_TRAVERSE:ALTERNATE_PROFILE_1:segments-7-28,0.05833333333333002,0.0,8,0.19460004568099976,0.01654050499200821,0.07099874317646027,-0.25688829719901773,-0.20164421281647876,0.024208441025448314,FR,3,True,False,recoverable,0,False,RUNNING
17.699999999999637,2124,S2_FR_TRAVERSE,FACE_CLEAR,v009_20260806_215232_433234_manual:S2_FR_TRAVERSE:ALTERNATE_PROFILE_1:segments-7-28,0.1249999999999929,0.0,8,0.1945849359035492,0.01654258370399475,0.07100166380405426,-0.25689355303682454,-0.20165477588104191,0.024212810539189562,FR,3,True,False,recoverable,0,False,RUNNING
17.7666666666663,2132,S2_FR_TRAVERSE,FACE_CLEAR,v009_20260806_215232_433234_manual:S2_FR_TRAVERSE:ALTERNATE_PROFILE_1:segments-7-28,0.19166666666665577,0.045454545454545456,9,0.19453471899032593,0.016547054052352905,0.07100330293178558,-0.2569083740524052,-0.20161124853116685,0.02420427209949427,FR,3,True,False,recoverable,0,False,RUNNING
17.833333333332963,2140,S2_FR_TRAVERSE,FACE_CLEAR,v009_20260806_215232_433234_manual:S2_FR_TRAVERSE:ALTERNATE_PROFILE_1:segments-7-28,0.25833333333331865,0.045454545454545456,9,0.19454321265220642,0.01654685288667679,0.07100167870521545,-0.25691373327667166,-0.20163870589340355,0.02421256019101137,FR,3,True,False,recoverable,0,False,RUNNING
17.899999999999626,2148,S2_FR_TRAVERSE,FACE_CLEAR,v009_20260806_215232_433234_manual:S2_FR_TRAVERSE:ALTERNATE_PROFILE_1:segments-7-28,0.3249999999999815,0.045454545454545456,9,0.19455747306346893,0.016546055674552917,0.07099944353103638,-0.2569139650586448,-0.20167047036393518,0.024220468968932946,FR,3,True,False,recoverable,0,False,RUNNING
17.96666666666629,2156,S2_FR_TRAVERSE,FACE_CLEAR,v009_20260806_215232_433234_manual:S2_FR_TRAVERSE:ALTERNATE_PROFILE_1:segments-7-28,0.3916666666666444,0.09090909090909091,10,0.1944737583398819,0.016548767685890198,0.07099981606006622,-0.2568904059829863,-0.20154415679481308,0.024185107870551493,FR,3,True,False,recoverable,0,False,RUNNING
18.03333333333295,2164,S2_FR_TRAVERSE,FACE_CLEAR,v009_20260806_215232_433234_manual:S2_FR_TRAVERSE:ALTERNATE_PROFILE_1:segments-7-28,0.4583333333333073,0.09090909090909091,10,0.1945125311613083,0.01655077189207077,0.07099976390600204,-0.2569306714259928,-0.20160638231400024,0.024204024674856394,FR,3,True,False,recoverable,0,False,RUNNING
18.099999999999614,2172,S2_FR_TRAVERSE,FACE_CLEAR,v009_20260806_215232_433234_manual:S2_FR_TRAVERSE:ALTERNATE_PROFILE_1:segments-7-28,0.5249999999999702,0.09090909090909091,10,0.19451205432415009,0.016550108790397644,0.07099824398756027,-0.2569289818077176,-0.20160542353091818,0.024205069193963962,FR,3,True,False,recoverable,0,False,RUNNING
18.166666666666277,2180,S2_FR_TRAVERSE,FACE_CLEAR,v009_20260806_215232_433234_manual:S2_FR_TRAVERSE:ALTERNATE_PROFILE_1:segments-7-28,0.591666666666633,0.13636363636363635,11,0.19449320435523987,0.01655133068561554,0.0709986463189125,-0.2569307507814738,-0.20156814154283567,0.024196465146097374,FR,3,True,False,recoverable,0,False,RUNNING
18.23333333333294,2188,S2_FR_TRAVERSE,FACE_CLEAR,v009_20260806_215232_433234_manual:S2_FR_TRAVERSE:ALTERNATE_PROFILE_1:segments-7-28,0.6583333333332959,0.13636363636363635,11,0.19449083507061005,0.016551226377487183,0.07099773734807968,-0.2569275227207125,-0.20156265637270127,0.02419432439101957,FR,3,True,False,recoverable,0,False,RUNNING
18.299999999999603,2196,S2_FR_TRAVERSE,TOP_PLACE,v009_20260806_215232_433234_manual:S2_FR_TRAVERSE:ALTERNATE_PROFILE_1:segments-7-28,0.7249999999999588,0.18181818181818182,12,0.1944742500782013,0.01655253767967224,0.07099881023168564,-0.25693029251139377,-0.20152425065624688,0.024185170987641235,FR,3,True,False,recoverable,0,False,RUNNING
18.366666666666266,2204,S2_FR_TRAVERSE,TOP_PLACE,v009_20260806_215232_433234_manual:S2_FR_TRAVERSE:ALTERNATE_PROFILE_1:segments-7-28,0.7916666666666217,0.18181818181818182,12,0.19447261095046997,0.016552358865737915,0.07099797576665878,-0.2569258549709733,-0.20152040948573288,0.024183505568533277,FR,3,True,False,recoverable,0,False,RUNNING
18.43333333333293,2212,S2_FR_TRAVERSE,TOP_PLACE,v009_20260806_215232_433234_manual:S2_FR_TRAVERSE:ALTERNATE_PROFILE_1:segments-7-28,0.8583333333332845,0.22727272727272727,13,0.194463849067688,0.016552798449993134,0.07099822908639908,-0.2569223615042735,-0.20149929210583753,0.024177586330616473,FR,3,True,False,recoverable,0,False,RUNNING
18.49999999999959,2220,S2_FR_TRAVERSE,TOP_PLACE,v009_20260806_215232_433234_manual:S2_FR_TRAVERSE:ALTERNATE_PROFILE_1:segments-7-28,0.9249999999999474,0.22727272727272727,13,0.19445598125457764,0.016555383801460266,0.07100005447864532,-0.2569373750702667,-0.20148035583201146,0.024171722366337293,FR,3,True,False,recoverable,0,False,RUNNING
18.566666666666254,2228,S2_FR_TRAVERSE,TOP_PLACE,v009_20260806_215232_433234_manual:S2_FR_TRAVERSE:ALTERNATE_PROFILE_1:segments-7-28,0.9916666666666103,0.2727272727272727,14,0.1944531351327896,0.016557544469833374,0.07100056856870651,-0.256949071684936,-0.2014780091218784,0.02416848125028863,FR,3,True,False,recoverable,0,False,RUNNING
18.633333333332917,2236,S2_FR_TRAVERSE,TOP_PLACE,v009_20260806_215232_433234_manual:S2_FR_TRAVERSE:ALTERNATE_PROFILE_1:segments-7-28,1.0583333333332732,0.3181818181818182,15,0.19443808495998383,0.016558654606342316,0.07100135087966919,-0.2569523008250465,-0.20144502648921256,0.024160987278557554,FR,3,True,False,recoverable,0,False,RUNNING
18.69999999999958,2244,S2_FR_TRAVERSE,TOP_PLACE,v009_20260806_215232_433234_manual:S2_FR_TRAVERSE:ALTERNATE_PROFILE_1:segments-7-28,1.124999999999936,0.3181818181818182,15,0.19444113969802856,0.0165582075715065,0.07099887728691101,-0.25695539570087106,-0.20146730313142144,0.024167235745212626,FR,3,True,False,recoverable,0,False,RUNNING
18.766666666666243,2252,S2_FR_TRAVERSE,TOP_PLACE,v009_20260806_215232_433234_manual:S2_FR_TRAVERSE:ALTERNATE_PROFILE_1:segments-7-28,1.191666666666599,0.36363636363636365,16,0.19619406759738922,0.015714876353740692,0.07160767912864685,-0.24623614749528475,-0.18520701366466433,0.01968335603263625,FR,3,True,False,recoverable,0,False,RUNNING
18.833333333332906,2260,S2_FR_TRAVERSE,TOP_PLACE,v009_20260806_215232_433234_manual:S2_FR_TRAVERSE:ALTERNATE_PROFILE_1:segments-7-28,1.2583333333332618,0.36363636363636365,16,0.2015204131603241,0.01164335012435913,0.06850230693817139,-0.20787068779820556,-0.13844700319398864,0.008954200809104848,FR,3,True,False,recoverable,0,False,RUNNING
18.89999999999957,2268,S2_FR_TRAVERSE,TOP_PLACE,v009_20260806_215232_433234_manual:S2_FR_TRAVERSE:ALTERNATE_PROFILE_1:segments-7-28,1.3249999999999247,0.36363636363636365,16,0.21034906804561615,0.00622115284204483,0.0648881196975708,-0.15133373482755144,-0.06562440068186923,-0.0023251386425802946,FR,3,True,False,recoverable,0,False,RUNNING
18.96666666666623,2276,S2_FR_TRAVERSE,TOP_PLACE,v009_20260806_215232_433234_manual:S2_FR_TRAVERSE:ALTERNATE_PROFILE_1:segments-7-28,1.3916666666665876,0.36363636363636365,16,0.2152046263217926,0.0037582814693450928,0.06647660583257675,-0.12227121102864666,-0.034503589880981865,-0.006209150470291116,FR,4,True,False,recoverable,0,False,RUNNING
19.033333333332894,2284,S2_FR_TRAVERSE,TOP_PLACE,v009_20260806_215232_433234_manual:S2_FR_TRAVERSE:ALTERNATE_PROFILE_1:segments-7-28,1.4583333333332504,0.36363636363636365,16,0.21393340826034546,0.0023735761642456055,0.07507769018411636,-0.0964043409986057,-0.031240290772174877,-0.006265042354577534,FR,4,True,False,recoverable,0,False,RUNNING
19.099999999999557,2292,S2_FR_TRAVERSE,TOP_PLACE,v009_20260806_215232_433234_manual:S2_FR_TRAVERSE:ALTERNATE_PROFILE_1:segments-7-28,1.5249999999999133,0.36363636363636365,16,0.21302051842212677,0.0019903182983398438,0.07677008956670761,-0.08937597141150673,-0.03183542148869549,-0.0059435208145066955,FR,4,True,False,recoverable,0,False,RUNNING
19.16666666666622,2300,S2_FR_TRAVERSE,TOP_PLACE,v009_20260806_215232_433234_manual:S2_FR_TRAVERSE:ALTERNATE_PROFILE_1:segments-7-28,1.5916666666665762,0.36363636363636365,16,0.21033605933189392,0.001268640160560608,0.07911763340234756,-0.07441442887050966,-0.028568958974253534,-0.006256126727818012,FR,4,True,False,recoverable,0,False,RUNNING
19.233333333332883,2308,S2_FR_TRAVERSE,TOP_PLACE,v009_20260806_215232_433234_manual:S2_FR_TRAVERSE:ALTERNATE_PROFILE_1:segments-7-28,1.658333333333239,0.36363636363636365,16,0.2092280387878418,0.0009842440485954285,0.08124656230211258,-0.06766231921320401,-0.024329205597272592,-0.00648565760744842,FR,4,True,False,recoverable,0,False,RUNNING
19.299999999999546,2316,S2_FR_TRAVERSE,TOP_PLACE,v009_20260806_215232_433234_manual:S2_FR_TRAVERSE:ALTERNATE_PROFILE_1:segments-7-28,1.724999999999902,0.36363636363636365,16,0.21144579350948334,0.0010863691568374634,0.08302795141935349,-0.06774036322120719,-0.03117460206981631,-0.006016361475009394,FR,4,True,False,recoverable,0,False,RUNNING
19.36666666666621,2324,S2_FR_TRAVERSE,TOP_PLACE,v009_20260806_215232_433234_manual:S2_FR_TRAVERSE:ALTERNATE_PROFILE_1:segments-7-28,1.7916666666665648,0.36363636363636365,16,0.2170596420764923,0.0016803666949272156,0.08468031138181686,-0.0757494794584616,-0.04527698164046982,-0.004918846404144501,FR,4,True,False,recoverable,0,False,RUNNING
19.43333333333287,2332,S2_FR_TRAVERSE,TOP_PLACE,v009_20260806_215232_433234_manual:S2_FR_TRAVERSE:ALTERNATE_PROFILE_1:segments-7-28,1.8583333333332277,0.36363636363636365,16,0.22141242027282715,0.002103254199028015,0.08528908342123032,-0.08188933751258876,-0.05344209032412057,-0.0041458877090958905,FR,3,True,False,recoverable,0,False,RUNNING
19.499999999999535,2340,S2_FR_TRAVERSE,TOP_PLACE,v009_20260806_215232_433234_manual:S2_FR_TRAVERSE:ALTERNATE_PROFILE_1:segments-7-28,1.9249999999998906,0.36363636363636365,16,0.2209727019071579,0.0017848238348960876,0.08625611662864685,-0.07622295728582248,-0.05094771136776121,-0.004538055577141848,FR,3,True,False,recoverable,0,False,RUNNING
19.566666666666197,2348,S2_FR_TRAVERSE,TOP_PLACE,v009_20260806_215232_433234_manual:S2_FR_TRAVERSE:ALTERNATE_PROFILE_1:segments-7-28,1.9916666666665535,0.36363636363636365,16,0.22234581410884857,0.0008504092693328857,0.08324367552995682,-0.07706781940425611,-0.04185117631122248,-0.007897560023907495,FR,4,True,False,recoverable,0,False,RUNNING
19.63333333333286,2356,S2_FR_TRAVERSE,TOP_PLACE,v009_20260806_215232_433234_manual:S2_FR_TRAVERSE:ALTERNATE_PROFILE_1:segments-7-28,2.0583333333332163,0.36363636363636365,16,0.2245238572359085,-0.00010710954666137695,0.08029017597436905,-0.07874452528923086,-0.03325312699560357,-0.011432576407276705,FR,4,True,False,recoverable,0,False,RUNNING
19.699999999999523,2364,S2_FR_TRAVERSE,TOP_PLACE,v009_20260806_215232_433234_manual:S2_FR_TRAVERSE:ALTERNATE_PROFILE_1:segments-7-28,2.124999999999879,0.36363636363636365,16,0.22602632641792297,-6.15045428276062e-05,0.08111870288848877,-0.07821606438515426,-0.036667194317756745,-0.011305978700068267,FR,4,True,False,recoverable,0,False,RUNNING
19.766666666666186,2372,S2_FR_TRAVERSE,TOP_PLACE,v009_20260806_215232_433234_manual:S2_FR_TRAVERSE:ALTERNATE_PROFILE_1:segments-7-28,2.191666666666542,0.4090909090909091,17,0.2279725968837738,0.00017213821411132812,0.0809204950928688,-0.0827854782760426,-0.03891075296390209,-0.011072417163657805,FR,4,True,False,recoverable,0,False,RUNNING
19.83333333333285,2380,S2_FR_TRAVERSE,TOP_PLACE,v009_20260806_215232_433234_manual:S2_FR_TRAVERSE:ALTERNATE_PROFILE_1:segments-7-28,2.258333333333205,0.45454545454545453,18,0.2298518568277359,0.00030828267335891724,0.08048716187477112,-0.0859437576544216,-0.039463583467461934,-0.011018655200572923,FR,4,True,False,recoverable,0,False,RUNNING
19.899999999999512,2388,S2_FR_TRAVERSE,TOP_PLACE,v009_20260806_215232_433234_manual:S2_FR_TRAVERSE:ALTERNATE_PROFILE_1:segments-7-28,2.324999999999868,0.45454545454545453,18,0.23152375221252441,0.0003991648554801941,0.0800042524933815,-0.08843547265486981,-0.039523490902069996,-0.011024254438490618,FR,4,True,False,recoverable,0,False,RUNNING
19.966666666666175,2396,S2_FR_TRAVERSE,TOP_PLACE,v009_20260806_215232_433234_manual:S2_FR_TRAVERSE:ALTERNATE_PROFILE_1:segments-7-28,2.3916666666665307,0.45454545454545453,18,0.23300570249557495,0.0004491955041885376,0.0795024111866951,-0.09036680121770671,-0.03927089718124369,-0.011069578867669126,FR,4,True,False,recoverable,0,False,RUNNING
20.033333333332838,2404,S2_FR_TRAVERSE,TOP_PLACE,v009_20260806_215232_433234_manual:S2_FR_TRAVERSE:ALTERNATE_PROFILE_1:segments-7-28,2.4583333333331936,0.45454545454545453,18,0.23437725007534027,0.0004791244864463806,0.07899798452854156,-0.09195012906837774,-0.03885952590035871,-0.011127391379456151,FR,4,True,False,recoverable,0,False,RUNNING
20.0999999999995,2412,S2_FR_TRAVERSE,TOP_PLACE,v009_20260806_215232_433234_manual:S2_FR_TRAVERSE:ALTERNATE_PROFILE_1:segments-7-28,2.5249999999998565,0.45454545454545453,18,0.23570168018341064,0.0005054622888565063,0.07849474996328354,-0.09331083533476159,-0.03835872028617289,-0.01117345770622796,FR,4,True,False,recoverable,0,False,RUNNING
20.166666666666163,2420,S2_FR_TRAVERSE,TOP_PLACE,v009_20260806_215232_433234_manual:S2_FR_TRAVERSE:ALTERNATE_PROFILE_1:segments-7-28,2.5916666666665193,0.45454545454545453,18,0.2370326966047287,0.0005411133170127869,0.07798951864242554,-0.09456520678048472,-0.03785780315070204,-0.011201187760828886,FR,4,True,False,recoverable,0,False,RUNNING
20.233333333332826,2428,S2_FR_TRAVERSE,TOP_PLACE,v009_20260806_215232_433234_manual:S2_FR_TRAVERSE:ALTERNATE_PROFILE_1:segments-7-28,2.6583333333331822,0.45454545454545453,18,0.23810184001922607,0.0005337744951248169,0.07759685814380646,-0.09513119039506382,-0.03707001404211529,-0.011238514021150031,FR,4,True,False,recoverable,0,False,RUNNING
20.29999999999949,2436,S2_FR_TRAVERSE,TOP_PLACE,v009_20260806_215232_433234_manual:S2_FR_TRAVERSE:ALTERNATE_PROFILE_1:segments-7-28,2.724999999999845,0.45454545454545453,18,0.2391490340232849,0.00046519190073013306,0.07743614912033081,-0.09492660989185857,-0.03659978538355131,-0.011272612793823699,FR,4,True,False,recoverable,0,False,RUNNING
20.366666666666152,2444,S2_FR_TRAVERSE,TOP_PLACE,v009_20260806_215232_433234_manual:S2_FR_TRAVERSE:ALTERNATE_PROFILE_1:segments-7-28,2.791666666666508,0.45454545454545453,18,0.24025478959083557,0.00040315091609954834,0.07740393280982971,-0.09439125847314883,-0.036368712242818464,-0.011266410316640427,FR,4,True,False,recoverable,0,False,RUNNING
20.433333333332815,2452,S2_FR_TRAVERSE,TOP_PLACE,v009_20260806_215232_433234_manual:S2_FR_TRAVERSE:ALTERNATE_PROFILE_1:segments-7-28,2.858333333333171,0.45454545454545453,18,0.2413681447505951,0.0003330036997795105,0.07736559212207794,-0.09378917080819103,-0.03617711080364628,-0.011255254927406802,FR,4,True,False,recoverable,0,False,RUNNING
20.499999999999478,2460,S2_FR_TRAVERSE,TOP_PLACE,v009_20260806_215232_433234_manual:S2_FR_TRAVERSE:ALTERNATE_PROFILE_1:segments-7-28,2.9249999999998337,0.45454545454545453,18,0.24222350120544434,0.00029231607913970947,0.07738999277353287,-0.093551391586495,-0.03625481138569781,-0.011236057479131005,FR,4,True,False,recoverable,0,False,RUNNING
20.56666666666614,2468,S2_FR_TRAVERSE,TOP_PLACE,v009_20260806_215232_433234_manual:S2_FR_TRAVERSE:ALTERNATE_PROFILE_1:segments-7-28,2.9916666666664966,0.45454545454545453,18,0.24305929243564606,0.00025857239961624146,0.07740906625986099,-0.0934491676783698,-0.03638437407517457,-0.011218171136602064,FR,4,True,False,recoverable,0,False,RUNNING
20.633333333332804,2476,S2_FR_TRAVERSE,TOP_PLACE,v009_20260806_215232_433234_manual:S2_FR_TRAVERSE:ALTERNATE_PROFILE_1:segments-7-28,3.0583333333331595,0.45454545454545453,18,0.2439359575510025,0.00022596865892410278,0.07740718126296997,-0.0933663738978358,-0.03651414720847721,-0.011206650646047062,FR,4,True,False,recoverable,0,False,RUNNING
20.699999999999466,2484,S2_FR_TRAVERSE,TOP_PLACE,v009_20260806_215232_433234_manual:S2_FR_TRAVERSE:ALTERNATE_PROFILE_1:segments-7-28,3.1249999999998224,0.45454545454545453,18,0.2448200285434723,0.0001715049147605896,0.07736898213624954,-0.09343675634596951,-0.03662942981929971,-0.011191498877282002,FR,4,True,False,recoverable,0,False,RUNNING
20.76666666666613,2492,S2_FR_TRAVERSE,TOP_PLACE,v009_20260806_215232_433234_manual:S2_FR_TRAVERSE:ALTERNATE_PROFILE_1:segments-7-28,3.1916666666664852,0.45454545454545453,18,0.24573028087615967,0.00013622641563415527,0.07733327895402908,-0.09329579824046605,-0.03674278713531071,-0.011188909111765344,FR,4,True,False,recoverable,0,False,RUNNING
20.833333333332792,2500,S2_FR_TRAVERSE,TOP_PLACE,v009_20260806_215232_433234_manual:S2_FR_TRAVERSE:ALTERNATE_PROFILE_1:segments-7-28,3.258333333333148,0.45454545454545453,18,0.2466515749692917,9.25213098526001e-05,0.07727235555648804,-0.09322643529308826,-0.03684562063088485,-0.011217348125685424,FR,4,True,False,recoverable,0,False,RUNNING
20.899999999999455,2508,S2_FR_TRAVERSE,TOP_PLACE,v009_20260806_215232_433234_manual:S2_FR_TRAVERSE:ALTERNATE_PROFILE_1:segments-7-28,3.324999999999811,0.45454545454545453,18,0.24755290150642395,4.178285598754883e-05,0.07719308882951736,-0.09315119971190776,-0.03690193904701209,-0.011196853870763312,FR,4,True,False,recoverable,0,False,RUNNING
20.966666666666118,2516,S2_FR_TRAVERSE,TOP_PLACE,v009_20260806_215232_433234_manual:S2_FR_TRAVERSE:ALTERNATE_PROFILE_1:segments-7-28,3.391666666666474,0.45454545454545453,18,0.24848103523254395,7.644295692443848e-06,0.07709863036870956,-0.09307456020150338,-0.03696069426471235,-0.011196764484304135,FR,4,True,False,recoverable,0,False,RUNNING
21.03333333333278,2524,S2_FR_TRAVERSE,TOP_PLACE,v009_20260806_215232_433234_manual:S2_FR_TRAVERSE:ALTERNATE_PROFILE_1:segments-7-28,3.4583333333331367,0.45454545454545453,18,0.24941937625408173,-3.4771859645843506e-05,0.07701188325881958,-0.09315735998723994,-0.036886916275288735,-0.01119160331662027,FR,4,True,False,recoverable,0,False,RUNNING
21.099999999999444,2532,S2_FR_TRAVERSE,TOP_PLACE,v009_20260806_215232_433234_manual:S2_FR_TRAVERSE:ALTERNATE_PROFILE_1:segments-7-28,3.5249999999997996,0.45454545454545453,18,0.250454306602478,-6.756186485290527e-05,0.07693327218294144,-0.09373588178106207,-0.036613037842207236,-0.011248997441102405,FR,4,True,False,recoverable,0,False,RUNNING
21.166666666666107,2540,S2_FR_TRAVERSE,TOP_PLACE,v009_20260806_215232_433234_manual:S2_FR_TRAVERSE:ALTERNATE_PROFILE_1:segments-7-28,3.5916666666664625,0.45454545454545453,18,0.25153085589408875,-7.651746273040771e-05,0.07684300094842911,-0.09427587356114059,-0.03633674806564479,-0.011370602784712915,FR,4,True,False,recoverable,0,False,RUNNING
21.23333333333277,2548,S2_FR_TRAVERSE,TOP_PLACE,v009_20260806_215232_433234_manual:S2_FR_TRAVERSE:ALTERNATE_PROFILE_1:segments-7-28,3.6583333333331254,0.45454545454545453,18,0.25261175632476807,-0.00011376291513442993,0.076731838285923,-0.09484723082933876,-0.03609854916450823,-0.011412583517775195,FR,4,True,False,recoverable,0,False,RUNNING
21.299999999999432,2556,S2_FR_TRAVERSE,TOP_PLACE,v009_20260806_215232_433234_manual:S2_FR_TRAVERSE:ALTERNATE_PROFILE_1:segments-7-28,3.7249999999997883,0.45454545454545453,18,0.25367283821105957,-0.00013331323862075806,0.07664015889167786,-0.09520402546444695,-0.03583143299861551,-0.011477260382703544,FR,4,True,False,recoverable,0,False,RUNNING
21.366666666666095,2564,S2_FR_TRAVERSE,TOP_PLACE,v009_20260806_215232_433234_manual:S2_FR_TRAVERSE:ALTERNATE_PROFILE_1:segments-7-28,3.791666666666451,0.45454545454545453,18,0.25475260615348816,-0.0001833215355873108,0.07672146707773209,-0.09502867309814664,-0.03591305681955858,-0.011515096012515184,FR,4,True,False,recoverable,0,False,RUNNING
21.433333333332758,2572,S2_FR_TRAVERSE,TOP_PLACE,v009_20260806_215232_433234_manual:S2_FR_TRAVERSE:ALTERNATE_PROFILE_1:segments-7-28,3.858333333333114,0.45454545454545453,18,0.255837082862854,-0.00020109862089157104,0.07677438110113144,-0.0948574822861365,-0.03597851477417509,-0.011486309358423577,FR,4,True,False,recoverable,0,False,RUNNING
21.49999999999942,2580,S2_FR_TRAVERSE,TOP_PLACE,v009_20260806_215232_433234_manual:S2_FR_TRAVERSE:ALTERNATE_PROFILE_1:segments-7-28,3.924999999999777,0.45454545454545453,18,0.25693318247795105,-0.0002174079418182373,0.07680219411849976,-0.09472617305036102,-0.03612396409526288,-0.011420237924560985,FR,4,True,False,recoverable,0,False,RUNNING
21.566666666666084,2588,S2_FR_TRAVERSE,TOP_PLACE,v009_20260806_215232_433234_manual:S2_FR_TRAVERSE:ALTERNATE_PROFILE_1:segments-7-28,3.9916666666664398,0.45454545454545453,18,0.25795501470565796,-0.00024600327014923096,0.07684771716594696,-0.0944823860823119,-0.03611817234919708,-0.011366349984788526,FR,4,True,False,recoverable,0,False,RUNNING
21.633333333332747,2596,S2_FR_TRAVERSE,TOP_PLACE,v009_20260806_215232_433234_manual:S2_FR_TRAVERSE:ALTERNATE_PROFILE_1:segments-7-28,4.058333333333103,0.45454545454545453,18,0.2589533030986786,-0.0002779066562652588,0.07690992951393127,-0.09410193022255449,-0.03598869945275461,-0.011313761019700816,FR,4,True,False,recoverable,0,False,RUNNING
21.69999999999941,2604,S2_FR_TRAVERSE,TOP_PLACE,v009_20260806_215232_433234_manual:S2_FR_TRAVERSE:ALTERNATE_PROFILE_1:segments-7-28,4.1249999999997655,0.45454545454545453,18,0.259975403547287,-0.00031522661447525024,0.0769614651799202,-0.0937375193276657,-0.035856778038223104,-0.011270127481671676,FR,4,True,False,recoverable,0,False,RUNNING
21.766666666666072,2612,S2_FR_TRAVERSE,TOP_PLACE,v009_20260806_215232_433234_manual:S2_FR_TRAVERSE:ALTERNATE_PROFILE_1:segments-7-28,4.191666666666428,0.45454545454545453,18,0.2610095143318176,-0.00035896897315979004,0.07700011134147644,-0.09337316532705206,-0.03571569413937814,-0.011208726712955752,FR,4,True,False,recoverable,0,False,RUNNING
21.833333333332735,2620,S2_FR_TRAVERSE,TOP_PLACE,v009_20260806_215232_433234_manual:S2_FR_TRAVERSE:ALTERNATE_PROFILE_1:segments-7-28,4.258333333333091,0.45454545454545453,18,0.26207780838012695,-0.00039715319871902466,0.07701483368873596,-0.09303237246770464,-0.03558392273814509,-0.01117284424527385,FR,4,True,False,recoverable,0,False,RUNNING
21.899999999999398,2628,S2_FR_TRAVERSE,TOP_PLACE,v009_20260806_215232_433234_manual:S2_FR_TRAVERSE:ALTERNATE_PROFILE_1:segments-7-28,4.324999999999754,0.45454545454545453,18,0.26310959458351135,-0.0004325881600379944,0.07702768594026566,-0.09273736133792049,-0.03547674246210244,-0.011126011960707224,FR,4,True,False,recoverable,0,False,RUNNING
21.96666666666606,2636,S2_FR_TRAVERSE,TOP_PLACE,v009_20260806_215232_433234_manual:S2_FR_TRAVERSE:ALTERNATE_PROFILE_1:segments-7-28,4.391666666666417,0.45454545454545453,18,0.26388686895370483,-0.00044018030166625977,0.07714366912841797,-0.09265530511948565,-0.035593573117237466,-0.011129094935162327,FR,4,True,False,recoverable,0,False,RUNNING
22.033333333332724,2644,S2_FR_TRAVERSE,TOP_PLACE,v009_20260806_215232_433234_manual:S2_FR_TRAVERSE:ALTERNATE_PROFILE_1:segments-7-28,4.45833333333308,0.45454545454545453,18,0.2647218406200409,-0.00044898688793182373,0.07719618082046509,-0.09274668121363179,-0.03579702777782114,-0.01107236716452701,FR,4,True,False,recoverable,0,False,RUNNING
22.099999999999387,2652,S2_FR_TRAVERSE,TOP_PLACE,v009_20260806_215232_433234_manual:S2_FR_TRAVERSE:ALTERNATE_PROFILE_1:segments-7-28,4.524999999999743,0.45454545454545453,18,0.26559174060821533,-0.0004591941833496094,0.07721580564975739,-0.09292000313973815,-0.03603164923245704,-0.011047146050308052,FR,4,True,False,recoverable,0,False,RUNNING
22.16666666666605,2660,S2_FR_TRAVERSE,TOP_PLACE,v009_20260806_215232_433234_manual:S2_FR_TRAVERSE:ALTERNATE_PROFILE_1:segments-7-28,4.591666666666406,0.45454545454545453,18,0.2664904296398163,-0.0004671439528465271,0.07721464335918427,-0.093115157116768,-0.03623732670816705,-0.011048178382534683,FR,4,True,False,recoverable,0,False,RUNNING
22.233333333332713,2668,S2_FR_TRAVERSE,TOP_PLACE,v009_20260806_215232_433234_manual:S2_FR_TRAVERSE:ALTERNATE_PROFILE_1:segments-7-28,4.6583333333330685,0.45454545454545453,18,0.2674148380756378,-0.00047309696674346924,0.07718092948198318,-0.09332528925277317,-0.036430736352574586,-0.011044303751619753,FR,4,True,False,recoverable,0,False,RUNNING
22.299999999999375,2676,S2_FR_TRAVERSE,TOP_PLACE,v009_20260806_215232_433234_manual:S2_FR_TRAVERSE:ALTERNATE_PROFILE_1:segments-7-28,4.724999999999731,0.45454545454545453,18,0.2683204114437103,-0.0004893243312835693,0.07713272422552109,-0.09347547129595243,-0.036607556586579354,-0.011051098435005215,FR,4,True,False,recoverable,0,False,RUNNING
22.36666666666604,2684,S2_FR_TRAVERSE,TOP_PLACE,v009_20260806_215232_433234_manual:S2_FR_TRAVERSE:ALTERNATE_PROFILE_1:segments-7-28,4.791666666666394,0.45454545454545453,18,0.269260972738266,-0.0005002468824386597,0.07706348598003387,-0.0937057803606419,-0.03675153166174897,-0.01106204798297553,FR,4,True,False,recoverable,0,False,RUNNING
22.4333333333327,2692,S2_FR_TRAVERSE,TOP_PLACE,v009_20260806_215232_433234_manual:S2_FR_TRAVERSE:ALTERNATE_PROFILE_1:segments-7-28,4.858333333333057,0.45454545454545453,18,0.2702072560787201,-0.0005219131708145142,0.07696443051099777,-0.09388144984038853,-0.03690290094030765,-0.011078813339316434,FR,4,True,False,recoverable,0,False,RUNNING
22.499999999999364,2700,S2_FR_TRAVERSE,TOP_PLACE,v009_20260806_215232_433234_manual:S2_FR_TRAVERSE:ALTERNATE_PROFILE_1:segments-7-28,4.92499999999972,0.45454545454545453,18,0.2712174654006958,-0.0005577877163887024,0.07687318325042725,-0.09398959716179461,-0.0372191032412875,-0.01105512620149277,FR,4,True,False,recoverable,0,False,RUNNING
22.566666666666027,2708,S2_FR_TRAVERSE,TOP_PLACE,v009_20260806_215232_433234_manual:S2_FR_TRAVERSE:ALTERNATE_PROFILE_1:segments-7-28,4.991666666666383,0.45454545454545453,18,0.2722448408603668,-0.0005792975425720215,0.07684815675020218,-0.09377204722776848,-0.037658368586402605,-0.011041874768187951,FR,4,True,False,recoverable,0,False,RUNNING
22.63333333333269,2716,S2_FR_TRAVERSE,TOP_PLACE,v009_20260806_215232_433234_manual:S2_FR_TRAVERSE:ALTERNATE_PROFILE_1:segments-7-28,5.058333333333046,0.45454545454545453,18,0.27315884828567505,-0.0006262287497520447,0.07686382532119751,-0.09332178624660174,-0.03785636748905728,-0.01102704241882133,FR,4,True,False,recoverable,0,False,RUNNING
22.699999999999353,2724,S2_FR_TRAVERSE,TOP_PLACE,v009_20260806_215232_433234_manual:S2_FR_TRAVERSE:ALTERNATE_PROFILE_1:segments-7-28,5.124999999999709,0.45454545454545453,18,0.274044007062912,-0.0006745606660842896,0.07691432535648346,-0.09288436443979892,-0.03785379347662856,-0.011000291712813044,FR,4,True,False,recoverable,0,False,RUNNING
22.766666666666016,2732,S2_FR_TRAVERSE,TOP_PLACE,v009_20260806_215232_433234_manual:S2_FR_TRAVERSE:ALTERNATE_PROFILE_1:segments-7-28,5.1916666666663716,0.45454545454545453,18,0.27501028776168823,-0.0006954371929168701,0.07697342336177826,-0.0928452514272006,-0.03766970231101237,-0.01099233835324243,FR,4,True,False,recoverable,0,False,RUNNING
22.83333333333268,2740,S2_FR_TRAVERSE,TOP_PLACE,v009_20260806_215232_433234_manual:S2_FR_TRAVERSE:ALTERNATE_PROFILE_1:segments-7-28,5.258333333333034,0.45454545454545453,18,0.27600544691085815,-0.0007185786962509155,0.07701460272073746,-0.09283778505402578,-0.03750262505049792,-0.010986412302775516,FR,4,True,False,recoverable,0,False,RUNNING
22.89999999999934,2748,S2_FR_TRAVERSE,TOP_PLACE,v009_20260806_215232_433234_manual:S2_FR_TRAVERSE:ALTERNATE_PROFILE_1:segments-7-28,5.324999999999697,0.45454545454545453,18,0.27701979875564575,-0.0007482543587684631,0.07703853398561478,-0.09283457115115297,-0.03734808142426523,-0.010955611887666269,FR,4,True,False,recoverable,0,False,RUNNING
22.966666666666004,2756,S2_FR_TRAVERSE,TOP_PLACE,v009_20260806_215232_433234_manual:S2_FR_TRAVERSE:ALTERNATE_PROFILE_1:segments-7-28,5.39166666666636,0.45454545454545453,18,0.2780461013317108,-0.0007750242948532104,0.07704554498195648,-0.0928387114722264,-0.03716841976439925,-0.01094747709417837,FR,4,True,False,recoverable,0,False,RUNNING
23.033333333332667,2764,S2_FR_TRAVERSE,TOP_PLACE,v009_20260806_215232_433234_manual:S2_FR_TRAVERSE:ALTERNATE_PROFILE_1:segments-7-28,5.458333333333023,0.45454545454545453,18,0.27907830476760864,-0.0008087307214736938,0.07704932242631912,-0.09275952273762962,-0.03701758457178469,-0.010915634424601141,FR,4,True,False,recoverable,0,False,RUNNING
23.09999999999933,2772,S2_FR_TRAVERSE,TOP_PLACE,v009_20260806_215232_433234_manual:S2_FR_TRAVERSE:ALTERNATE_PROFILE_1:segments-7-28,5.524999999999686,0.45454545454545453,18,0.2801157236099243,-0.0008445456624031067,0.07704591006040573,-0.09263755189690272,-0.036838138013945206,-0.01088305724864732,FR,4,True,False,recoverable,0,False,RUNNING
23.166666666665993,2780,S2_FR_TRAVERSE,TOP_PLACE,v009_20260806_215232_433234_manual:S2_FR_TRAVERSE:ALTERNATE_PROFILE_1:segments-7-28,5.591666666666349,0.45454545454545453,18,0.2811790406703949,-0.0008795559406280518,0.07699279487133026,-0.09260333669392119,-0.036689195669837346,-0.01087811255352607,FR,4,True,False,recoverable,0,False,RUNNING
23.233333333332656,2788,S2_FR_TRAVERSE,TOP_PLACE,v009_20260806_215232_433234_manual:S2_FR_TRAVERSE:ALTERNATE_PROFILE_1:segments-7-28,5.658333333333012,0.45454545454545453,18,0.2822414040565491,-0.0009194687008857727,0.0769360139966011,-0.09255076304737694,-0.03651790451832398,-0.010853016243110254,FR,4,True,False,recoverable,0,False,RUNNING
23.29999999999932,2796,S2_FR_TRAVERSE,TOP_PLACE,v009_20260806_215232_433234_manual:S2_FR_TRAVERSE:ALTERNATE_PROFILE_1:segments-7-28,5.724999999999675,0.45454545454545453,18,0.2832969129085541,-0.0009457021951675415,0.07684282958507538,-0.09254754571384308,-0.0363816553664827,-0.010788477037058705,FR,4,True,False,recoverable,0,False,RUNNING
23.36666666666598,2804,S2_FR_TRAVERSE,TOP_PLACE,v009_20260806_215232_433234_manual:S2_FR_TRAVERSE:ALTERNATE_PROFILE_1:segments-7-28,5.7916666666663374,0.45454545454545453,18,0.28436920046806335,-0.0009668171405792236,0.07674282044172287,-0.09253585437071292,-0.03618135351553277,-0.010735853893340046,FR,4,True,False,recoverable,0,False,RUNNING
23.433333333332644,2812,S2_FR_TRAVERSE,TOP_PLACE,v009_20260806_215232_433234_manual:S2_FR_TRAVERSE:ALTERNATE_PROFILE_1:segments-7-28,5.858333333333,0.45454545454545453,18,0.28545501828193665,-0.0009900033473968506,0.07662136107683182,-0.09250459317452132,-0.035952342641674934,-0.010708895710053425,FR,4,True,False,recoverable,0,False,RUNNING
23.499999999999307,2820,S2_FR_TRAVERSE,TOP_PLACE,v009_20260806_215232_433234_manual:S2_FR_TRAVERSE:ALTERNATE_PROFILE_1:segments-7-28,5.924999999999663,0.45454545454545453,18,0.28655529022216797,-0.0010028481483459473,0.0764833465218544,-0.0925106302324761,-0.03575537192701702,-0.010651431667778165,FR,4,True,False,recoverable,0,False,RUNNING
23.56666666666597,2828,S2_FR_TRAVERSE,TOP_PLACE,v009_20260806_215232_433234_manual:S2_FR_TRAVERSE:ALTERNATE_PROFILE_1:segments-7-28,5.991666666666326,0.45454545454545453,18,0.2875171899795532,-0.0010160505771636963,0.07635603100061417,-0.09278351411529677,-0.035685560192441644,-0.010644787521922421,FR,4,True,False,recoverable,0,False,RUNNING
23.633333333332633,2836,S2_FR_TRAVERSE,TOP_PLACE,v009_20260806_215232_433234_manual:S2_FR_TRAVERSE:ALTERNATE_PROFILE_1:segments-7-28,6.058333333332989,0.45454545454545453,18,0.28835657238960266,-0.0010108128190040588,0.0762687623500824,-0.09310212559291212,-0.035742969038659964,-0.010655228730604153,FR,4,True,False,recoverable,0,False,RUNNING
23.699999999999296,2844,S2_FR_TRAVERSE,TOP_PLACE,v009_20260806_215232_433234_manual:S2_FR_TRAVERSE:ALTERNATE_PROFILE_1:segments-7-28,6.124999999999652,0.45454545454545453,18,0.28924044966697693,-0.0010397955775260925,0.07633614540100098,-0.09290148877562156,-0.03618691113962055,-0.01063105756372168,FR,4,True,False,recoverable,0,False,RUNNING
23.76666666666596,2852,S2_FR_TRAVERSE,TOP_PLACE,v009_20260806_215232_433234_manual:S2_FR_TRAVERSE:ALTERNATE_PROFILE_1:segments-7-28,6.191666666666315,0.45454545454545453,18,0.2901765704154968,-0.00106126070022583,0.07640144973993301,-0.09268202209992121,-0.03662653172405866,-0.01061427536765261,FR,4,True,False,recoverable,0,False,RUNNING
23.83333333333262,2860,S2_FR_TRAVERSE,TOP_PLACE,v009_20260806_215232_433234_manual:S2_FR_TRAVERSE:ALTERNATE_PROFILE_1:segments-7-28,6.258333333332978,0.5,19,0.2902218699455261,-0.0010540038347244263,0.07640958577394485,-0.09275130902936118,-0.036661882551960935,-0.010611209562799592,FR,4,True,False,stable,0,False,RUNNING
23.899999999999284,2868,S2_FR_TRAVERSE,TOP_PLACE,v009_20260806_215232_433234_manual:S2_FR_TRAVERSE:ALTERNATE_PROFILE_1:segments-7-28,6.3249999999996405,0.5454545454545454,20,0.29020100831985474,-0.0010006427764892578,0.07592372596263885,-0.09433129352429541,-0.035829946272172314,-0.010663015951222245,FR,4,True,False,recoverable,0,False,RUNNING
23.966666666665947,2876,S2_FR_TRAVERSE,TOP_PLACE,v009_20260806_215232_433234_manual:S2_FR_TRAVERSE:ALTERNATE_PROFILE_1:segments-7-28,6.391666666666303,0.5909090909090909,21,0.2902430593967438,-0.0009736642241477966,0.07566668838262558,-0.09517088851151505,-0.03544126364381289,-0.010683563401946794,FR,4,True,False,recoverable,0,False,RUNNING
24.03333333333261,2884,S2_FR_TRAVERSE,TOP_PLACE,v009_20260806_215232_433234_manual:S2_FR_TRAVERSE:ALTERNATE_PROFILE_1:segments-7-28,6.458333333332966,0.5909090909090909,21,0.29023855924606323,-0.0009673833847045898,0.07557953894138336,-0.0954063759698235,-0.035275519717167046,-0.010695482380135717,FR,3,True,False,recoverable,0,False,RUNNING
24.099999999999273,2892,S2_FR_TRAVERSE,TOP_PLACE,v009_20260806_215232_433234_manual:S2_FR_TRAVERSE:ALTERNATE_PROFILE_1:segments-7-28,6.524999999999629,0.5909090909090909,21,0.2902631163597107,-0.0009638667106628418,0.07553525269031525,-0.09553381868746016,-0.035223673156597864,-0.01069937306282454,FR,3,True,False,recoverable,0,False,RUNNING
24.166666666665936,2900,S2_FR_TRAVERSE,TOP_PLACE,v009_20260806_215232_433234_manual:S2_FR_TRAVERSE:ALTERNATE_PROFILE_1:segments-7-28,6.591666666666292,0.5909090909090909,21,0.2902941405773163,-0.0009636133909225464,0.07552377134561539,-0.09556468909603356,-0.035231938072724574,-0.010698690202035357,FR,3,True,False,recoverable,0,False,RUNNING
24.2333333333326,2908,S2_FR_TRAVERSE,TOP_PLACE,v009_20260806_215232_433234_manual:S2_FR_TRAVERSE:ALTERNATE_PROFILE_1:segments-7-28,6.658333333332955,0.5909090909090909,21,0.2903148829936981,-0.0009632185101509094,0.07551196962594986,-0.09559252558009937,-0.035219768618482424,-0.01070041409020028,FR,3,True,False,recoverable,0,False,RUNNING
24.29999999999926,2916,S2_FR_TRAVERSE,TOP_PLACE,v009_20260806_215232_433234_manual:S2_FR_TRAVERSE:ALTERNATE_PROFILE_1:segments-7-28,6.724999999999618,0.5909090909090909,21,0.290327250957489,-0.0009628459811210632,0.07549436390399933,-0.09562679218895533,-0.03518229553684571,-0.010704288617900876,FR,3,True,False,recoverable,0,False,RUNNING
24.366666666665925,2924,S2_FR_TRAVERSE,TOP_PLACE,v009_20260806_215232_433234_manual:S2_FR_TRAVERSE:ALTERNATE_PROFILE_1:segments-7-28,6.791666666666281,0.6363636363636364,22,0.2903803288936615,-0.0009580180048942566,0.0754493698477745,-0.09577361662088843,-0.0351374885095501,-0.0107057147003862,FR,3,True,False,recoverable,0,False,RUNNING
24.433333333332588,2932,S2_FR_TRAVERSE,TOP_PLACE,v009_20260806_215232_433234_manual:S2_FR_TRAVERSE:ALTERNATE_PROFILE_1:segments-7-28,6.8583333333329435,0.6818181818181818,23,0.29038289189338684,-0.0009581521153450012,0.07541411370038986,-0.09582929799915511,-0.03503746961334368,-0.010715194180988567,FR,3,True,False,recoverable,0,False,RUNNING
24.49999999999925,2940,S2_FR_TRAVERSE,TOP_PLACE,v009_20260806_215232_433234_manual:S2_FR_TRAVERSE:ALTERNATE_PROFILE_1:segments-7-28,6.924999999999606,0.6818181818181818,23,0.29043468832969666,-0.0009594634175300598,0.07542163133621216,-0.09580622559341054,-0.03508998083234383,-0.010711884974760373,FR,3,True,False,recoverable,0,False,RUNNING
24.566666666665913,2948,S2_FR_TRAVERSE,TOP_PLACE,v009_20260806_215232_433234_manual:S2_FR_TRAVERSE:ALTERNATE_PROFILE_1:segments-7-28,6.991666666666269,0.6818181818181818,23,0.2904888689517975,-0.0009641200304031372,0.07543661445379257,-0.09576469790300383,-0.035158530707718044,-0.010699500423400392,FR,3,True,False,recoverable,0,False,RUNNING
24.633333333332576,2956,S2_FR_TRAVERSE,TOP_PLACE,v009_20260806_215232_433234_manual:S2_FR_TRAVERSE:ALTERNATE_PROFILE_1:segments-7-28,7.058333333332932,0.7272727272727273,24,0.2905155122280121,-0.0009645521640777588,0.07542147487401962,-0.09578537117094152,-0.03512282151166279,-0.010703865028117892,FR,3,True,False,recoverable,0,False,RUNNING
24.69999999999924,2964,S2_FR_TRAVERSE,TOP_PLACE,v009_20260806_215232_433234_manual:S2_FR_TRAVERSE:ALTERNATE_PROFILE_1:segments-7-28,7.124999999999595,0.7727272727272727,25,0.29053977131843567,-0.0009647160768508911,0.07540600001811981,-0.09580853392843534,-0.035085812996562354,-0.010708340096994548,FR,3,True,False,recoverable,0,False,RUNNING
24.766666666665902,2972,S2_FR_TRAVERSE,TOP_PLACE,v009_20260806_215232_433234_manual:S2_FR_TRAVERSE:ALTERNATE_PROFILE_1:segments-7-28,7.191666666666258,0.8181818181818182,26,0.2905696630477905,-0.0009650364518165588,0.07539769262075424,-0.09581960390351744,-0.035070911051323116,-0.010710890783820896,FR,3,True,False,recoverable,0,False,RUNNING
24.833333333332565,2980,S2_FR_TRAVERSE,TOP_PLACE,v009_20260806_215232_433234_manual:S2_FR_TRAVERSE:ALTERNATE_PROFILE_1:segments-7-28,7.258333333332921,0.8181818181818182,26,0.29061323404312134,-0.0009660646319389343,0.07540829479694366,-0.09579015602304024,-0.03511457029946776,-0.010708793853651906,FR,3,True,False,recoverable,0,False,RUNNING
24.899999999999228,2988,S2_FR_TRAVERSE,TOP_PLACE,v009_20260806_215232_433234_manual:S2_FR_TRAVERSE:ALTERNATE_PROFILE_1:segments-7-28,7.324999999999584,0.8636363636363636,27,0.29062262177467346,-0.000964529812335968,0.07537396252155304,-0.09586771653199962,-0.03501906305679132,-0.010717525274860548,FR,3,True,False,recoverable,0,False,RUNNING
24.96666666666589,2996,S2_FR_TRAVERSE,TOP_PLACE,v009_20260806_215232_433234_manual:S2_FR_TRAVERSE:ALTERNATE_PROFILE_1:segments-7-28,7.3916666666662465,0.8636363636363636,27,0.2906591296195984,-0.0009650513529777527,0.07537791132926941,-0.09585752723057532,-0.03503863932603714,-0.010717128715176504,FR,4,True,False,recoverable,0,False,RUNNING
25.033333333332553,3004,S2_FR_TRAVERSE,TOP_PLACE,v009_20260806_215232_433234_manual:S2_FR_TRAVERSE:ALTERNATE_PROFILE_1:segments-7-28,7.458333333332909,0.9090909090909091,28,0.29069310426712036,-0.0009651333093643188,0.07537835836410522,-0.0958550628333761,-0.03505107607888348,-0.010718035614450025,FR,4,True,False,recoverable,0,False,RUNNING
25.099999999999216,3012,S2_FR_TRAVERSE,TOP_PLACE,v009_20260806_215232_433234_manual:S2_FR_TRAVERSE:ALTERNATE_PROFILE_1:segments-7-28,7.524999999999572,0.9090909090909091,28,0.2907230854034424,-0.0009646490216255188,0.0753723606467247,-0.0958746886865627,-0.03503878298204111,-0.010720045800247395,FR,4,True,False,recoverable,0,False,RUNNING
25.16666666666588,3020,S2_FR_TRAVERSE,TOP_PLACE,v009_20260806_215232_433234_manual:S2_FR_TRAVERSE:ALTERNATE_PROFILE_1:segments-7-28,7.591666666666235,0.9545454545454546,29,0.29076576232910156,-0.0009635612368583679,0.075371652841568,-0.09589054531301174,-0.03503393842152952,-0.010719945549222133,FR,4,True,False,recoverable,0,False,RUNNING
25.233333333332542,3028,S2_FR_TRAVERSE,TOP_PLACE,v009_20260806_215232_433234_manual:S2_FR_TRAVERSE:ALTERNATE_PROFILE_1:segments-7-28,7.658333333332898,0.9545454545454546,29,0.2908162474632263,-0.0009623616933822632,0.0753590539097786,-0.09594015397298342,-0.035034059465910386,-0.010720099902117036,FR,4,True,False,recoverable,0,False,RUNNING
25.299999999999205,3036,S3_FL_TRAVERSE,FACE_CLEAR,v009_20260806_215232_433234_manual:S3_FL_TRAVERSE:ALTERNATE_PROFILE_1:segments-29-51,0.05833333333333002,0.0,30,0.2908387780189514,-0.0009566694498062134,0.07528623938560486,-0.0961489626591812,-0.03487233848684314,-0.010732426717584531,FL,4,True,False,recoverable,0,False,RUNNING
25.366666666665868,3044,S3_FL_TRAVERSE,FACE_CLEAR,v009_20260806_215232_433234_manual:S3_FL_TRAVERSE:ALTERNATE_PROFILE_1:segments-29-51,0.1249999999999929,0.0,30,0.2909042537212372,-0.0009590312838554382,0.07532135397195816,-0.09606201943213577,-0.03498167010540856,-0.010725795682362389,FL,3,True,False,recoverable,0,False,RUNNING
25.43333333333253,3052,S3_FL_TRAVERSE,FACE_CLEAR,v009_20260806_215232_433234_manual:S3_FL_TRAVERSE:ALTERNATE_PROFILE_1:segments-29-51,0.19166666666665577,0.0,30,0.2909543216228485,-0.0009588152170181274,0.07532640546560287,-0.09606730426099981,-0.035002650673419386,-0.010725017175380974,FL,3,True,False,recoverable,0,False,RUNNING
25.499999999999194,3060,S3_FL_TRAVERSE,FACE_CLEAR,v009_20260806_215232_433234_manual:S3_FL_TRAVERSE:ALTERNATE_PROFILE_1:segments-29-51,0.25833333333331865,0.043478260869565216,31,0.29098737239837646,-0.0009588524699211121,0.07532178610563278,-0.09607192191106463,-0.03500382040652898,-0.010726753710046059,FL,3,True,False,recoverable,0,False,RUNNING
25.566666666665856,3068,S3_FL_TRAVERSE,FACE_CLEAR,v009_20260806_215232_433234_manual:S3_FL_TRAVERSE:ALTERNATE_PROFILE_1:segments-29-51,0.3249999999999815,0.043478260869565216,31,0.29102128744125366,-0.0009579584002494812,0.07530856132507324,-0.09611214830420926,-0.034981233431088166,-0.010729570443637872,FL,3,True,False,recoverable,0,False,RUNNING
25.63333333333252,3076,S3_FL_TRAVERSE,FACE_CLEAR,v009_20260806_215232_433234_manual:S3_FL_TRAVERSE:ALTERNATE_PROFILE_1:segments-29-51,0.3916666666666444,0.08695652173913043,32,0.2910580337047577,-0.0009554848074913025,0.0752858817577362,-0.09619045275539738,-0.03494051390470654,-0.01073312709268175,FL,3,True,False,recoverable,0,False,RUNNING
25.699999999999182,3084,S3_FL_TRAVERSE,FACE_CLEAR,v009_20260806_215232_433234_manual:S3_FL_TRAVERSE:ALTERNATE_PROFILE_1:segments-29-51,0.4583333333333073,0.08695652173913043,32,0.291102796792984,-0.000955536961555481,0.07529529184103012,-0.09618342212985811,-0.03496299333126652,-0.010732331911257876,FL,3,True,False,recoverable,0,False,RUNNING
25.766666666665845,3092,S3_FL_TRAVERSE,FACE_CLEAR,v009_20260806_215232_433234_manual:S3_FL_TRAVERSE:ALTERNATE_PROFILE_1:segments-29-51,0.5249999999999702,0.13043478260869565,33,0.2911317050457001,-0.0009558424353599548,0.0752975195646286,-0.09617937930373696,-0.03496806897089965,-0.010733066878599784,FL,3,True,False,recoverable,0,False,RUNNING
25.833333333332508,3100,S3_FL_TRAVERSE,FACE_CLEAR,v009_20260806_215232_433234_manual:S3_FL_TRAVERSE:ALTERNATE_PROFILE_1:segments-29-51,0.591666666666633,0.13043478260869565,33,0.2911596894264221,-0.0009555965662002563,0.07529405504465103,-0.09618660513523546,-0.03496915143844277,-0.010734753720040235,FL,3,True,False,recoverable,0,False,RUNNING
25.89999999999917,3108,S3_FL_TRAVERSE,FACE_CLEAR,v009_20260806_215232_433234_manual:S3_FL_TRAVERSE:ALTERNATE_PROFILE_1:segments-29-51,0.6583333333332959,0.17391304347826086,34,0.291193425655365,-0.0009532719850540161,0.07527170330286026,-0.09625144746396382,-0.03492361669476478,-0.010736628526521148,FL,3,True,False,recoverable,0,False,RUNNING
25.966666666665834,3116,S3_FL_TRAVERSE,FACE_CLEAR,v009_20260806_215232_433234_manual:S3_FL_TRAVERSE:ALTERNATE_PROFILE_1:segments-29-51,0.7249999999999588,0.17391304347826086,34,0.2912624478340149,-0.0009532421827316284,0.07525850832462311,-0.09632826831922778,-0.034937333407080155,-0.010728028980554116,FL,3,True,False,recoverable,0,False,RUNNING
26.033333333332497,3124,S3_FL_TRAVERSE,FACE_CLEAR,v009_20260806_215232_433234_manual:S3_FL_TRAVERSE:ALTERNATE_PROFILE_1:segments-29-51,0.7916666666666217,0.21739130434782608,35,0.2913147807121277,-0.0009531751275062561,0.07526925951242447,-0.09632086628114517,-0.03495308028377883,-0.010729030585970621,FL,3,True,False,recoverable,0,False,RUNNING
26.09999999999916,3132,S3_FL_TRAVERSE,TOP_PLACE,v009_20260806_215232_433234_manual:S3_FL_TRAVERSE:ALTERNATE_PROFILE_1:segments-29-51,0.8583333333332845,0.2608695652173913,36,0.2913196384906769,-0.0009529739618301392,0.07525336742401123,-0.09635027059589353,-0.03487102360311244,-0.010737742332310864,FL,3,True,False,recoverable,0,False,RUNNING
26.166666666665822,3140,S3_FL_TRAVERSE,TOP_PLACE,v009_20260806_215232_433234_manual:S3_FL_TRAVERSE:ALTERNATE_PROFILE_1:segments-29-51,0.9249999999999474,0.2608695652173913,36,0.29137444496154785,-0.0009511113166809082,0.07523118704557419,-0.0964215608277988,-0.03484815139869996,-0.01074033632147897,FL,3,True,False,recoverable,0,False,RUNNING
26.233333333332485,3148,S3_FL_TRAVERSE,TOP_PLACE,v009_20260806_215232_433234_manual:S3_FL_TRAVERSE:ALTERNATE_PROFILE_1:segments-29-51,0.9916666666666103,0.2608695652173913,36,0.2914482355117798,-0.0009493157267570496,0.07521840929985046,-0.09648673669928486,-0.034846215599221825,-0.010740992601187467,FL,3,True,False,recoverable,0,False,RUNNING
26.299999999999148,3156,S3_FL_TRAVERSE,TOP_PLACE,v009_20260806_215232_433234_manual:S3_FL_TRAVERSE:ALTERNATE_PROFILE_1:segments-29-51,1.0583333333332732,0.2608695652173913,36,0.29148513078689575,-0.000948980450630188,0.07520291209220886,-0.09651860252132816,-0.03479527484229381,-0.010747050347613116,FL,3,True,False,recoverable,0,False,RUNNING
26.36666666666581,3164,S3_FL_TRAVERSE,TOP_PLACE,v009_20260806_215232_433234_manual:S3_FL_TRAVERSE:ALTERNATE_PROFILE_1:segments-29-51,1.124999999999936,0.30434782608695654,37,0.2915040850639343,-0.0009486600756645203,0.07518113404512405,-0.09655780368392718,-0.03471164399326798,-0.010756029367761415,FL,3,True,False,recoverable,0,False,RUNNING
26.433333333332474,3172,S3_FL_TRAVERSE,TOP_PLACE,v009_20260806_215232_433234_manual:S3_FL_TRAVERSE:ALTERNATE_PROFILE_1:segments-29-51,1.191666666666599,0.30434782608695654,37,0.29153820872306824,-0.0009486749768257141,0.07516980916261673,-0.09657545154764405,-0.03466840166181417,-0.010761938723739489,FL,3,True,False,recoverable,0,False,RUNNING
26.499999999999137,3180,S3_FL_TRAVERSE,TOP_PLACE,v009_20260806_215232_433234_manual:S3_FL_TRAVERSE:ALTERNATE_PROFILE_1:segments-29-51,1.2583333333332618,0.34782608695652173,38,0.29158177971839905,-0.000947311520576477,0.07516022026538849,-0.09661685576452077,-0.03464149383110231,-0.010765797042218162,FL,3,True,False,recoverable,0,False,RUNNING
26.5666666666658,3188,S3_FL_TRAVERSE,TOP_PLACE,v009_20260806_215232_433234_manual:S3_FL_TRAVERSE:ALTERNATE_PROFILE_1:segments-29-51,1.3249999999999247,0.34782608695652173,38,0.29162365198135376,-0.0009460821747779846,0.07513555884361267,-0.09668591979811379,-0.03458067857343487,-0.010769038623003593,FL,3,True,False,recoverable,0,False,RUNNING
26.633333333332462,3196,S3_FL_TRAVERSE,TOP_PLACE,v009_20260806_215232_433234_manual:S3_FL_TRAVERSE:ALTERNATE_PROFILE_1:segments-29-51,1.3916666666665876,0.391304347826087,39,0.2916663885116577,-0.0009435638785362244,0.0750962421298027,-0.09680723015487694,-0.0345165269198259,-0.010772723182794602,FL,3,True,False,recoverable,0,False,RUNNING
26.699999999999125,3204,S3_FL_TRAVERSE,TOP_PLACE,v009_20260806_215232_433234_manual:S3_FL_TRAVERSE:ALTERNATE_PROFILE_1:segments-29-51,1.4583333333332504,0.43478260869565216,40,0.29170000553131104,-0.0009411275386810303,0.0750567838549614,-0.09692047547933251,-0.03443888670450173,-0.010778291695000492,FL,3,True,False,recoverable,0,False,RUNNING
26.766666666665788,3212,S3_FL_TRAVERSE,TOP_PLACE,v009_20260806_215232_433234_manual:S3_FL_TRAVERSE:ALTERNATE_PROFILE_1:segments-29-51,1.5249999999999133,0.43478260869565216,40,0.2917303442955017,-0.0009400248527526855,0.07502665370702744,-0.09699530987801945,-0.034380383973607126,-0.010783120468043509,FL,3,True,False,recoverable,0,False,RUNNING
26.83333333333245,3220,S3_FL_TRAVERSE,TOP_PLACE,v009_20260806_215232_433234_manual:S3_FL_TRAVERSE:ALTERNATE_PROFILE_1:segments-29-51,1.5916666666665762,0.4782608695652174,41,0.2917228639125824,-0.0009359940886497498,0.07495412975549698,-0.09717999086279883,-0.03417587049550254,-0.010799665994879718,FL,3,True,False,recoverable,0,False,RUNNING
26.899999999999114,3228,S3_FL_TRAVERSE,TOP_PLACE,v009_20260806_215232_433234_manual:S3_FL_TRAVERSE:ALTERNATE_PROFILE_1:segments-29-51,1.658333333333239,0.4782608695652174,41,0.29179131984710693,-0.0009363070130348206,0.07496392726898193,-0.0971666646402921,-0.03424054482842559,-0.010795593545060416,FL,3,True,False,recoverable,0,False,RUNNING
26.966666666665777,3236,S3_FL_TRAVERSE,TOP_PLACE,v009_20260806_215232_433234_manual:S3_FL_TRAVERSE:ALTERNATE_PROFILE_1:segments-29-51,1.724999999999902,0.4782608695652174,41,0.2918291687965393,-0.0009364187717437744,0.07495508342981339,-0.09719303594856203,-0.03422637172893971,-0.010796538421485388,FL,3,True,False,recoverable,0,False,RUNNING
27.03333333333244,3244,S3_FL_TRAVERSE,TOP_PLACE,v009_20260806_215232_433234_manual:S3_FL_TRAVERSE:ALTERNATE_PROFILE_1:segments-29-51,1.7916666666665648,0.4782608695652174,41,0.29186034202575684,-0.0009376257658004761,0.07495196163654327,-0.09720088744116503,-0.03421997326818058,-0.01079536899538884,FL,3,True,False,recoverable,0,False,RUNNING
27.099999999999103,3252,S3_FL_TRAVERSE,TOP_PLACE,v009_20260806_215232_433234_manual:S3_FL_TRAVERSE:ALTERNATE_PROFILE_1:segments-29-51,1.8583333333332277,0.4782608695652174,41,0.29186999797821045,-0.0009383708238601685,0.0749363973736763,-0.09721980833319196,-0.0341748500927236,-0.010799553900362708,FL,3,True,False,recoverable,0,False,RUNNING
27.166666666665765,3260,S3_FL_TRAVERSE,TOP_PLACE,v009_20260806_215232_433234_manual:S3_FL_TRAVERSE:ALTERNATE_PROFILE_1:segments-29-51,1.9249999999998906,0.4782608695652174,41,0.29187658429145813,-0.0009373053908348083,0.07490837574005127,-0.09728189038981584,-0.03410580009340433,-0.010805016643038448,FL,3,True,False,recoverable,0,False,RUNNING
27.23333333333243,3268,S3_FL_TRAVERSE,TOP_PLACE,v009_20260806_215232_433234_manual:S3_FL_TRAVERSE:ALTERNATE_PROFILE_1:segments-29-51,1.9916666666665535,0.5217391304347826,42,0.2918991446495056,-0.0009464621543884277,0.0750257596373558,-0.09694229540355263,-0.03435472713702548,-0.010790672476191993,FL,3,True,False,recoverable,0,False,RUNNING
27.29999999999909,3276,S3_FL_TRAVERSE,TOP_PLACE,v009_20260806_215232_433234_manual:S3_FL_TRAVERSE:ALTERNATE_PROFILE_1:segments-29-51,2.0583333333332163,0.5217391304347826,42,0.2919352948665619,-0.0009313225746154785,0.07486877590417862,-0.09747323294552114,-0.03402872737894745,-0.010807654783826611,FL,3,True,False,recoverable,0,False,RUNNING
27.366666666665754,3284,S3_FL_TRAVERSE,TOP_PLACE,v009_20260806_215232_433234_manual:S3_FL_TRAVERSE:ALTERNATE_PROFILE_1:segments-29-51,2.124999999999879,0.5217391304347826,42,0.29197394847869873,-0.0009242519736289978,0.0747939795255661,-0.0977228643782654,-0.03389159711278448,-0.010815932296689182,FL,3,True,False,recoverable,0,False,RUNNING
27.433333333332417,3292,S3_FL_TRAVERSE,TOP_PLACE,v009_20260806_215232_433234_manual:S3_FL_TRAVERSE:ALTERNATE_PROFILE_1:segments-29-51,2.191666666666542,0.5652173913043478,43,0.2920109033584595,-0.0009196847677230835,0.07473037391901016,-0.09791720637172728,-0.0337736118073918,-0.010823343233798828,FL,3,True,False,recoverable,0,False,RUNNING
27.49999999999908,3300,S3_FL_TRAVERSE,TOP_PLACE,v009_20260806_215232_433234_manual:S3_FL_TRAVERSE:ALTERNATE_PROFILE_1:segments-29-51,2.258333333333205,0.6086956521739131,44,0.2920297384262085,-0.0009216293692588806,0.0747261568903923,-0.09789216424939134,-0.03378780312354037,-0.010823347481009164,FL,3,True,False,recoverable,0,False,RUNNING
27.566666666665743,3308,S3_FL_TRAVERSE,TOP_PLACE,v009_20260806_215232_433234_manual:S3_FL_TRAVERSE:ALTERNATE_PROFILE_1:segments-29-51,2.324999999999868,0.6086956521739131,44,0.2920466363430023,-0.000918559730052948,0.07467155158519745,-0.09803569622958835,-0.0336731916666947,-0.010832024652540633,FL,3,True,False,recoverable,0,False,RUNNING
27.633333333332406,3316,S3_FL_TRAVERSE,TOP_PLACE,v009_20260806_215232_433234_manual:S3_FL_TRAVERSE:ALTERNATE_PROFILE_1:segments-29-51,2.3916666666665307,0.6521739130434783,45,0.2920742630958557,-0.0009203627705574036,0.07468649744987488,-0.09797442849509881,-0.03372673874778621,-0.01083048261868161,FL,3,True,False,recoverable,0,False,RUNNING
27.69999999999907,3324,S3_FL_TRAVERSE,TOP_PLACE,v009_20260806_215232_433234_manual:S3_FL_TRAVERSE:ALTERNATE_PROFILE_1:segments-29-51,2.4583333333331936,0.6956521739130435,46,0.2920977473258972,-0.0009237900376319885,0.07472556084394455,-0.09787474431813843,-0.033816425121985356,-0.010822080277678779,FL,3,True,False,recoverable,0,False,RUNNING
27.76666666666573,3332,S3_FL_TRAVERSE,TOP_PLACE,v009_20260806_215232_433234_manual:S3_FL_TRAVERSE:ALTERNATE_PROFILE_1:segments-29-51,2.5249999999998565,0.6956521739130435,46,0.29210928082466125,-0.0009201690554618835,0.07467852532863617,-0.09801946524799236,-0.03371701860479345,-0.010828089437060552,FL,3,True,False,recoverable,0,False,RUNNING
27.833333333332394,3340,S3_FL_TRAVERSE,TOP_PLACE,v009_20260806_215232_433234_manual:S3_FL_TRAVERSE:ALTERNATE_PROFILE_1:segments-29-51,2.5916666666665193,0.7391304347826086,47,0.2921196222305298,-0.0009182244539260864,0.07465465366840363,-0.09807749359528628,-0.03367506498005659,-0.010833770641548356,FL,3,True,False,recoverable,0,False,RUNNING
27.899999999999057,3348,S3_FL_TRAVERSE,TOP_PLACE,v009_20260806_215232_433234_manual:S3_FL_TRAVERSE:ALTERNATE_PROFILE_1:segments-29-51,2.6583333333331822,0.7391304347826086,47,0.29213204979896545,-0.0009191259741783142,0.0746336579322815,-0.09814020826118193,-0.033634761696865016,-0.010831027834046351,FL,3,True,False,recoverable,0,False,RUNNING
27.96666666666572,3356,S3_FL_TRAVERSE,TOP_PLACE,v009_20260806_215232_433234_manual:S3_FL_TRAVERSE:ALTERNATE_PROFILE_1:segments-29-51,2.724999999999845,0.782608695652174,48,0.29214662313461304,-0.0009166821837425232,0.07459305226802826,-0.09823118763637984,-0.03354963414433703,-0.010839239304067555,FL,3,True,False,recoverable,0,False,RUNNING
28.033333333332383,3364,S3_FL_TRAVERSE,TOP_PLACE,v009_20260806_215232_433234_manual:S3_FL_TRAVERSE:ALTERNATE_PROFILE_1:segments-29-51,2.791666666666508,0.8260869565217391,49,0.29218584299087524,-0.0009178146719932556,0.07460010796785355,-0.0982026318047289,-0.03361466313646601,-0.01083491233409337,FL,3,True,False,recoverable,0,False,RUNNING
28.099999999999046,3372,S3_FL_TRAVERSE,TOP_PLACE,v009_20260806_215232_433234_manual:S3_FL_TRAVERSE:ALTERNATE_PROFILE_1:segments-29-51,2.858333333333171,0.8260869565217391,49,0.29219937324523926,-0.0009165406227111816,0.07455681264400482,-0.09830549552179643,-0.0335414452675985,-0.010838188364547002,FL,4,True,False,recoverable,0,False,RUNNING
28.16666666666571,3380,S3_FL_TRAVERSE,TOP_PLACE,v009_20260806_215232_433234_manual:S3_FL_TRAVERSE:ALTERNATE_PROFILE_1:segments-29-51,2.9249999999998337,0.8695652173913043,50,0.2922278344631195,-0.0009158402681350708,0.07453448325395584,-0.0983504605196823,-0.033520518742046916,-0.010841204468490746,FL,4,True,False,recoverable,0,False,RUNNING
28.23333333333237,3388,S3_FL_TRAVERSE,TOP_PLACE,v009_20260806_215232_433234_manual:S3_FL_TRAVERSE:ALTERNATE_PROFILE_1:segments-29-51,2.9916666666664966,0.9130434782608695,51,0.292912095785141,-0.0009597018361091614,0.07571092247962952,-0.09553082412336078,-0.03684980643585091,-0.010278946621251114,FL,4,True,False,recoverable,0,False,RUNNING
28.299999999999034,3396,S3_FL_TRAVERSE,TOP_PLACE,v009_20260806_215232_433234_manual:S3_FL_TRAVERSE:ALTERNATE_PROFILE_1:segments-29-51,3.0583333333331595,0.9130434782608695,51,0.2942127287387848,-0.0011236146092414856,0.07800786942243576,-0.09003551569880391,-0.042549588117981,-0.009160724723595155,FL,4,True,False,recoverable,0,False,RUNNING
28.366666666665697,3404,S3_FL_TRAVERSE,TOP_PLACE,v009_20260806_215232_433234_manual:S3_FL_TRAVERSE:ALTERNATE_PROFILE_1:segments-29-51,3.1249999999998224,0.9565217391304348,52,0.2948450744152069,-0.0012244805693626404,0.0792948454618454,-0.08681517830579126,-0.04549969875812391,-0.008607747793739426,FL,4,True,False,recoverable,0,False,RUNNING
28.43333333333236,3412,S3_FL_TRAVERSE,TOP_PLACE,v009_20260806_215232_433234_manual:S3_FL_TRAVERSE:ALTERNATE_PROFILE_1:segments-29-51,3.1916666666664852,0.9565217391304348,52,0.29520583152770996,-0.0012993142008781433,0.08011722564697266,-0.0847209981854183,-0.0471172533379497,-0.008258408267591826,FL,4,True,False,recoverable,0,False,RUNNING
28.499999999999023,3420,S3_FL_TRAVERSE,TOP_PLACE,v009_20260806_215232_433234_manual:S3_FL_TRAVERSE:ALTERNATE_PROFILE_1:segments-29-51,3.258333333333148,0.9565217391304348,52,0.295381635427475,-0.0013526678085327148,0.08068623393774033,-0.08324134705791394,-0.04803647550110276,-0.008041755239443315,FL,4,True,False,recoverable,0,False,RUNNING
28.566666666665686,3428,S3_FL_TRAVERSE,TOP_PLACE,v009_20260806_215232_433234_manual:S3_FL_TRAVERSE:ALTERNATE_PROFILE_1:segments-29-51,3.324999999999811,0.9565217391304348,52,0.29540619254112244,-0.0013885125517845154,0.0810728445649147,-0.08222105708193825,-0.04858462899093797,-0.007905666613132557,FL,4,True,False,recoverable,0,False,RUNNING
28.63333333333235,3436,S3_FL_TRAVERSE,TOP_PLACE,v009_20260806_215232_433234_manual:S3_FL_TRAVERSE:ALTERNATE_PROFILE_1:segments-29-51,3.391666666666474,0.9565217391304348,52,0.29532814025878906,-0.0014155879616737366,0.081348717212677,-0.08144124964748428,-0.04886960772688859,-0.00781800907528483,FL,4,True,False,recoverable,0,False,RUNNING
28.69999999999901,3444,S3_FL_TRAVERSE,TOP_PLACE,v009_20260806_215232_433234_manual:S3_FL_TRAVERSE:ALTERNATE_PROFILE_1:segments-29-51,3.4583333333331367,0.9565217391304348,52,0.2952091693878174,-0.0014372318983078003,0.08157598972320557,-0.08078835746098648,-0.049051954460314594,-0.007751453873707354,FL,4,True,False,recoverable,0,False,RUNNING
28.766666666665675,3452,S3_FL_TRAVERSE,TOP_PLACE,v009_20260806_215232_433234_manual:S3_FL_TRAVERSE:ALTERNATE_PROFILE_1:segments-29-51,3.5249999999997996,0.9565217391304348,52,0.2950899004936218,-0.0014481768012046814,0.08180846273899078,-0.08032366547311125,-0.049382055330762134,-0.007681509492604402,FL,4,True,False,recoverable,0,False,RUNNING
28.833333333332337,3460,S3_FL_TRAVERSE,TOP_PLACE,v009_20260806_215232_433234_manual:S3_FL_TRAVERSE:ALTERNATE_PROFILE_1:segments-29-51,3.5916666666664625,0.9565217391304348,52,0.2949759066104889,-0.001448512077331543,0.08202380686998367,-0.0799562065575419,-0.04972968029525267,-0.0076219345357678705,FL,4,True,False,recoverable,0,False,RUNNING
28.899999999999,3468,S4_FRONT_PAIR_ADVANCE,ADVANCE,v009_20260806_215232_433234_manual:S4_FRONT_PAIR_ADVANCE:ALTERNATE_PROFILE_1:segments-52-53,0.05833333333333002,0.0,53,0.2957508862018585,-0.0014794468879699707,0.08235248178243637,-0.07954029332674295,-0.0497835271919987,-0.007569216629937098,,4,True,False,recoverable,0,False,RUNNING
28.966666666665663,3476,S4_FRONT_PAIR_ADVANCE,ADVANCE,v009_20260806_215232_433234_manual:S4_FRONT_PAIR_ADVANCE:ALTERNATE_PROFILE_1:segments-52-53,0.1249999999999929,0.0,53,0.29663389921188354,-0.001504950225353241,0.08269871771335602,-0.07916714734801511,-0.050090218708327874,-0.007509661835934893,,4,True,False,recoverable,0,False,RUNNING
29.033333333332326,3484,S4_FRONT_PAIR_ADVANCE,ADVANCE,v009_20260806_215232_433234_manual:S4_FRONT_PAIR_ADVANCE:ALTERNATE_PROFILE_1:segments-52-53,0.19166666666665577,0.0,53,0.2975673973560333,-0.0015099048614501953,0.08308741450309753,-0.07894032441294088,-0.050693720847688445,-0.0074098739137409535,,4,True,False,recoverable,0,False,RUNNING
29.09999999999899,3492,S4_FRONT_PAIR_ADVANCE,ADVANCE,v009_20260806_215232_433234_manual:S4_FRONT_PAIR_ADVANCE:ALTERNATE_PROFILE_1:segments-52-53,0.25833333333331865,0.0,53,0.2985428273677826,-0.0015129223465919495,0.08348970115184784,-0.07874390896911972,-0.0514247844024207,-0.007306599705119942,,4,True,False,recoverable,0,False,RUNNING
29.16666666666565,3500,S4_FRONT_PAIR_ADVANCE,ADVANCE,v009_20260806_215232_433234_manual:S4_FRONT_PAIR_ADVANCE:ALTERNATE_PROFILE_1:segments-52-53,0.3249999999999815,0.0,53,0.2995508909225464,-0.0015095099806785583,0.0838814377784729,-0.0786131112446308,-0.052233743280468474,-0.007210519330186182,,4,True,False,recoverable,0,False,RUNNING
29.233333333332315,3508,S4_FRONT_PAIR_ADVANCE,ADVANCE,v009_20260806_215232_433234_manual:S4_FRONT_PAIR_ADVANCE:ALTERNATE_PROFILE_1:segments-52-53,0.3916666666666444,0.0,53,0.30058813095092773,-0.001502297818660736,0.08427269756793976,-0.07850463139639105,-0.0531278173394446,-0.007143753095735448,,4,True,False,recoverable,0,False,RUNNING
29.299999999998978,3516,S4_FRONT_PAIR_ADVANCE,ADVANCE,v009_20260806_215232_433234_manual:S4_FRONT_PAIR_ADVANCE:ALTERNATE_PROFILE_1:segments-52-53,0.4583333333333073,0.0,53,0.30163705348968506,-0.0014930516481399536,0.08464553207159042,-0.07839612097169409,-0.05401321984886729,-0.007067831293675115,,4,True,False,recoverable,0,False,RUNNING
29.36666666666564,3524,S4_FRONT_PAIR_ADVANCE,ADVANCE,v009_20260806_215232_433234_manual:S4_FRONT_PAIR_ADVANCE:ALTERNATE_PROFILE_1:segments-52-53,0.5249999999999702,0.0,53,0.3027084767818451,-0.0014837831258773804,0.08500292152166367,-0.07831238725097937,-0.05494834407209372,-0.0069848285341146885,,4,True,False,recoverable,0,False,RUNNING
29.433333333332303,3532,S4_FRONT_PAIR_ADVANCE,ADVANCE,v009_20260806_215232_433234_manual:S4_FRONT_PAIR_ADVANCE:ALTERNATE_PROFILE_1:segments-52-53,0.591666666666633,0.0,53,0.3038085401058197,-0.0014799833297729492,0.08535407483577728,-0.07823111529263249,-0.05592363304954765,-0.0069129173284396455,,4,True,False,recoverable,0,False,RUNNING
29.499999999998966,3540,S4_FRONT_PAIR_ADVANCE,ADVANCE,v009_20260806_215232_433234_manual:S4_FRONT_PAIR_ADVANCE:ALTERNATE_PROFILE_1:segments-52-53,0.6583333333332959,0.0,53,0.30496928095817566,-0.0014755278825759888,0.08571280539035797,-0.07808878846944058,-0.056973234404086665,-0.006817164293177599,,4,True,False,recoverable,0,False,RUNNING
29.56666666666563,3548,S4_FRONT_PAIR_ADVANCE,ADVANCE,v009_20260806_215232_433234_manual:S4_FRONT_PAIR_ADVANCE:ALTERNATE_PROFILE_1:segments-52-53,0.7249999999999588,0.0,53,0.30619576573371887,-0.001474432647228241,0.086082324385643,-0.07790797126628231,-0.05815510242833526,-0.006709480536402449,,4,True,False,recoverable,0,False,RUNNING
29.633333333332292,3556,S4_FRONT_PAIR_ADVANCE,ADVANCE,v009_20260806_215232_433234_manual:S4_FRONT_PAIR_ADVANCE:ALTERNATE_PROFILE_1:segments-52-53,0.7916666666666217,0.0,53,0.30746200680732727,-0.001492418348789215,0.08645208925008774,-0.07759787821817504,-0.05932733480533477,-0.006591198029901522,,4,True,False,recoverable,0,False,RUNNING
29.699999999998955,3564,S4_FRONT_PAIR_ADVANCE,ADVANCE,v009_20260806_215232_433234_manual:S4_FRONT_PAIR_ADVANCE:ALTERNATE_PROFILE_1:segments-52-53,0.8583333333332845,0.0,53,0.30879074335098267,-0.00150231271982193,0.08682774752378464,-0.07718150454933556,-0.060534831595551016,-0.0064888870446944075,,4,True,False,recoverable,0,False,RUNNING
29.766666666665618,3572,S4_FRONT_PAIR_ADVANCE,ADVANCE,v009_20260806_215232_433234_manual:S4_FRONT_PAIR_ADVANCE:ALTERNATE_PROFILE_1:segments-52-53,0.9249999999999474,0.0,53,0.31015121936798096,-0.0015318617224693298,0.08719119429588318,-0.07672408092469707,-0.061800107533372894,-0.0063630542271458515,,4,True,False,recoverable,0,False,RUNNING
29.83333333333228,3580,S4_FRONT_PAIR_ADVANCE,ADVANCE,v009_20260806_215232_433234_manual:S4_FRONT_PAIR_ADVANCE:ALTERNATE_PROFILE_1:segments-52-53,0.9916666666666103,0.0,53,0.3115348815917969,-0.001547195017337799,0.08752739429473877,-0.07627208191993477,-0.06309197065620212,-0.006252519605446481,,4,True,False,recoverable,0,False,RUNNING
29.899999999998943,3588,S4_FRONT_PAIR_ADVANCE,ADVANCE,v009_20260806_215232_433234_manual:S4_FRONT_PAIR_ADVANCE:ALTERNATE_PROFILE_1:segments-52-53,1.0583333333332732,0.0,53,0.31295305490493774,-0.0015791505575180054,0.08783853054046631,-0.07576526859925672,-0.06439544195799561,-0.006104802074086689,,4,True,False,recoverable,0,False,RUNNING
29.966666666665606,3596,S4_FRONT_PAIR_ADVANCE,ADVANCE,v009_20260806_215232_433234_manual:S4_FRONT_PAIR_ADVANCE:ALTERNATE_PROFILE_1:segments-52-53,1.124999999999936,0.0,53,0.3141997158527374,-0.0015624985098838806,0.08811140060424805,-0.07566061108889277,-0.06543837195684427,-0.006055560546576912,,4,True,False,recoverable,0,False,RUNNING
30.03333333333227,3604,S4_FRONT_PAIR_ADVANCE,ADVANCE,v009_20260806_215232_433234_manual:S4_FRONT_PAIR_ADVANCE:ALTERNATE_PROFILE_1:segments-52-53,1.191666666666599,0.0,53,0.3151496648788452,-0.001520998775959015,0.08825324475765228,-0.07638798008184536,-0.0660364153330236,-0.006016840106395211,,4,True,False,recoverable,0,False,RUNNING
30.099999999998932,3612,S4_FRONT_PAIR_ADVANCE,ADVANCE,v009_20260806_215232_433234_manual:S4_FRONT_PAIR_ADVANCE:ALTERNATE_PROFILE_1:segments-52-53,1.2583333333332618,0.0,53,0.3161628842353821,-0.00146513432264328,0.08840916305780411,-0.07705738649291387,-0.06677815468366484,-0.005966204141897659,,4,True,False,recoverable,0,False,RUNNING
30.166666666665595,3620,S4_FRONT_PAIR_ADVANCE,ADVANCE,v009_20260806_215232_433234_manual:S4_FRONT_PAIR_ADVANCE:ALTERNATE_PROFILE_1:segments-52-53,1.3249999999999247,0.0,53,0.3172246813774109,-0.0014244914054870605,0.08850888907909393,-0.07782919135289157,-0.06747852628423685,-0.005940317361571757,,4,True,False,recoverable,0,False,RUNNING
30.233333333332258,3628,S4_FRONT_PAIR_ADVANCE,ADVANCE,v009_20260806_215232_433234_manual:S4_FRONT_PAIR_ADVANCE:ALTERNATE_PROFILE_1:segments-52-53,1.3916666666665876,0.0,53,0.3183412551879883,-0.0013713613152503967,0.08859874308109283,-0.0785932482793793,-0.06825795614688585,-0.005909587956472916,,4,True,False,recoverable,0,False,RUNNING
30.29999999999892,3636,S4_FRONT_PAIR_ADVANCE,ADVANCE,v009_20260806_215232_433234_manual:S4_FRONT_PAIR_ADVANCE:ALTERNATE_PROFILE_1:segments-52-53,1.4583333333332504,0.0,53,0.3194883465766907,-0.0013757050037384033,0.08876572549343109,-0.07860602588842978,-0.06854603616015295,-0.005805362088007994,,4,True,False,recoverable,0,False,RUNNING
30.366666666665584,3644,S4_FRONT_PAIR_ADVANCE,ADVANCE,v009_20260806_215232_433234_manual:S4_FRONT_PAIR_ADVANCE:ALTERNATE_PROFILE_1:segments-52-53,1.5249999999999133,0.0,53,0.3207521438598633,-0.001409478485584259,0.08896351605653763,-0.07825560219774266,-0.06867116620284594,-0.005730652639021805,,4,True,False,recoverable,0,False,RUNNING
30.433333333332246,3652,S4_FRONT_PAIR_ADVANCE,ADVANCE,v009_20260806_215232_433234_manual:S4_FRONT_PAIR_ADVANCE:ALTERNATE_PROFILE_1:segments-52-53,1.5916666666665762,0.0,53,0.3216414749622345,-0.001437559723854065,0.08932994306087494,-0.0780005175844699,-0.06932125017841896,-0.005673689353423811,,3,True,False,recoverable,0,False,RUNNING
30.49999999999891,3660,S4_FRONT_PAIR_ADVANCE,ADVANCE,v009_20260806_215232_433234_manual:S4_FRONT_PAIR_ADVANCE:ALTERNATE_PROFILE_1:segments-52-53,1.658333333333239,0.0,53,0.32255446910858154,-0.0014505386352539062,0.08972745388746262,-0.07774669556686617,-0.0701628971309661,-0.005570155971609904,,3,True,False,recoverable,0,False,RUNNING
30.566666666665572,3668,S4_FRONT_PAIR_ADVANCE,ADVANCE,v009_20260806_215232_433234_manual:S4_FRONT_PAIR_ADVANCE:ALTERNATE_PROFILE_1:segments-52-53,1.724999999999902,0.0,53,0.3235487937927246,-0.0014573857188224792,0.09016212075948715,-0.07741989392784134,-0.07124958355650028,-0.005481868239302218,,3,True,False,recoverable,0,False,RUNNING
30.633333333332235,3676,S4_FRONT_PAIR_ADVANCE,ADVANCE,v009_20260806_215232_433234_manual:S4_FRONT_PAIR_ADVANCE:ALTERNATE_PROFILE_1:segments-52-53,1.7916666666665648,0.0,53,0.3246222734451294,-0.0014585480093955994,0.09057988226413727,-0.07711810870102348,-0.07244967071733513,-0.005431785631972187,,3,True,False,recoverable,0,False,RUNNING
30.699999999998898,3684,S4_FRONT_PAIR_ADVANCE,ADVANCE,v009_20260806_215232_433234_manual:S4_FRONT_PAIR_ADVANCE:ALTERNATE_PROFILE_1:segments-52-53,1.8583333333332277,0.0,53,0.3256898522377014,-0.001470811665058136,0.09101126343011856,-0.07672590761754615,-0.07368602375737413,-0.0053799974891513575,,3,True,False,recoverable,0,False,RUNNING
30.76666666666556,3692,S4_FRONT_PAIR_ADVANCE,ADVANCE,v009_20260806_215232_433234_manual:S4_FRONT_PAIR_ADVANCE:ALTERNATE_PROFILE_1:segments-52-53,1.9249999999998906,0.0,53,0.3268406093120575,-0.0014877095818519592,0.09142705053091049,-0.07616909636156691,-0.07483028975523422,-0.005301195278821999,,3,True,False,recoverable,0,False,RUNNING
30.833333333332224,3700,S4_FRONT_PAIR_ADVANCE,ADVANCE,v009_20260806_215232_433234_manual:S4_FRONT_PAIR_ADVANCE:ALTERNATE_PROFILE_1:segments-52-53,1.9916666666665535,0.0,53,0.3280368149280548,-0.001520991325378418,0.09187690913677216,-0.07543044364839839,-0.07606990071357211,-0.005257426852869492,,3,True,False,recoverable,0,False,RUNNING
30.899999999998887,3708,S4_FRONT_PAIR_ADVANCE,ADVANCE,v009_20260806_215232_433234_manual:S4_FRONT_PAIR_ADVANCE:ALTERNATE_PROFILE_1:segments-52-53,2.0583333333332163,0.0,53,0.32932254672050476,-0.0015723034739494324,0.09234854578971863,-0.07463108500980144,-0.07746226376729459,-0.005126919630366181,,3,True,False,recoverable,0,False,RUNNING
30.96666666666555,3716,S4_FRONT_PAIR_ADVANCE,ADVANCE,v009_20260806_215232_433234_manual:S4_FRONT_PAIR_ADVANCE:ALTERNATE_PROFILE_1:segments-52-53,2.124999999999879,0.0,53,0.3306508958339691,-0.001622125506401062,0.09282758831977844,-0.07369929716055827,-0.07885449578263512,-0.005054479014067519,,3,True,False,recoverable,0,False,RUNNING
31.033333333332212,3724,S4_FRONT_PAIR_ADVANCE,ADVANCE,v009_20260806_215232_433234_manual:S4_FRONT_PAIR_ADVANCE:ALTERNATE_PROFILE_1:segments-52-53,2.191666666666542,0.0,53,0.3317384421825409,-0.0016670972108840942,0.09323208779096603,-0.07348824152780578,-0.07995918610626233,-0.004868539588409538,,3,True,False,recoverable,0,False,RUNNING
31.099999999998875,3732,S4_FRONT_PAIR_ADVANCE,ADVANCE,v009_20260806_215232_433234_manual:S4_FRONT_PAIR_ADVANCE:ALTERNATE_PROFILE_1:segments-52-53,2.258333333333205,0.0,53,0.33287131786346436,-0.0016861706972122192,0.09363806247711182,-0.07324968503257145,-0.08113541131650126,-0.0048238539876737,,3,True,False,recoverable,0,False,RUNNING
31.166666666665538,3740,S4_FRONT_PAIR_ADVANCE,ADVANCE,v009_20260806_215232_433234_manual:S4_FRONT_PAIR_ADVANCE:ALTERNATE_PROFILE_1:segments-52-53,2.324999999999868,0.0,53,0.3340187966823578,-0.0017052441835403442,0.09397947043180466,-0.07305080462568542,-0.08228306031343967,-0.004782748093816684,,3,True,False,recoverable,0,False,RUNNING
31.2333333333322,3748,S4_FRONT_PAIR_ADVANCE,ADVANCE,v009_20260806_215232_433234_manual:S4_FRONT_PAIR_ADVANCE:ALTERNATE_PROFILE_1:segments-52-53,2.3916666666665307,0.0,53,0.3351961374282837,-0.0017442256212234497,0.0943436473608017,-0.07269933489008597,-0.08345514776520739,-0.004684909427801463,,3,True,False,recoverable,0,False,RUNNING
31.299999999998864,3756,S4_FRONT_PAIR_ADVANCE,ADVANCE,v009_20260806_215232_433234_manual:S4_FRONT_PAIR_ADVANCE:ALTERNATE_PROFILE_1:segments-52-53,2.4583333333331936,0.0,53,0.33650705218315125,-0.0017609000205993652,0.09468679875135422,-0.07225839276865188,-0.08465778970084228,-0.004586927514769283,,3,True,False,recoverable,0,False,RUNNING
31.366666666665527,3764,S4_FRONT_PAIR_ADVANCE,ADVANCE,v009_20260806_215232_433234_manual:S4_FRONT_PAIR_ADVANCE:ALTERNATE_PROFILE_1:segments-52-53,2.5249999999998565,0.0,53,0.33782267570495605,-0.0017711296677589417,0.09502003341913223,-0.07186599699170888,-0.0860203877183364,-0.0044935728087197755,,3,True,False,recoverable,0,False,RUNNING
31.43333333333219,3772,S4_FRONT_PAIR_ADVANCE,ADVANCE,v009_20260806_215232_433234_manual:S4_FRONT_PAIR_ADVANCE:ALTERNATE_PROFILE_1:segments-52-53,2.5916666666665193,0.0,53,0.3391030430793762,-0.0017866343259811401,0.09530123323202133,-0.07147052774740835,-0.08718325052781954,-0.004368347662419201,,3,True,False,recoverable,0,False,RUNNING
31.499999999998852,3780,S4_FRONT_PAIR_ADVANCE,ADVANCE,v009_20260806_215232_433234_manual:S4_FRONT_PAIR_ADVANCE:ALTERNATE_PROFILE_1:segments-52-53,2.6583333333331822,0.0,53,0.3400145471096039,-0.0017338767647743225,0.09548205882310867,-0.0721187007740883,-0.08777333812650795,-0.004347862248041467,,3,True,False,recoverable,0,False,RUNNING
31.566666666665515,3788,S4_FRONT_PAIR_ADVANCE,ADVANCE,v009_20260806_215232_433234_manual:S4_FRONT_PAIR_ADVANCE:ALTERNATE_PROFILE_1:segments-52-53,2.724999999999845,0.0,53,0.34088999032974243,-0.0016859173774719238,0.09562314301729202,-0.07280720874108347,-0.08821335231972374,-0.004340772354207394,,3,True,False,recoverable,0,False,RUNNING
31.63333333333218,3796,S4_FRONT_PAIR_ADVANCE,ADVANCE,v009_20260806_215232_433234_manual:S4_FRONT_PAIR_ADVANCE:ALTERNATE_PROFILE_1:segments-52-53,2.791666666666508,0.0,53,0.34182217717170715,-0.0016231387853622437,0.09571739286184311,-0.07357639946822346,-0.08858544829538992,-0.004306748715753022,,3,True,False,recoverable,0,False,RUNNING
31.69999999999884,3804,S4_FRONT_PAIR_ADVANCE,ADVANCE,v009_20260806_215232_433234_manual:S4_FRONT_PAIR_ADVANCE:ALTERNATE_PROFILE_1:segments-52-53,2.858333333333171,0.0,53,0.34276556968688965,-0.0015677213668823242,0.09577135741710663,-0.07437131037640582,-0.08893748368050967,-0.004315141590237525,,3,True,False,recoverable,0,False,RUNNING
31.766666666665504,3812,S4_FRONT_PAIR_ADVANCE,ADVANCE,v009_20260806_215232_433234_manual:S4_FRONT_PAIR_ADVANCE:ALTERNATE_PROFILE_1:segments-52-53,2.9249999999998337,0.0,53,0.3437356650829315,-0.0015082508325576782,0.09578976780176163,-0.0752471078724912,-0.08926307862026374,-0.004303092924243836,,3,True,False,recoverable,0,False,RUNNING
31.833333333332167,3820,S4_FRONT_PAIR_ADVANCE,ADVANCE,v009_20260806_215232_433234_manual:S4_FRONT_PAIR_ADVANCE:ALTERNATE_PROFILE_1:segments-52-53,2.9916666666664966,0.0,53,0.34472528100013733,-0.0014562979340553284,0.09578122943639755,-0.07607769865109044,-0.0895620988852661,-0.004311352455185505,,3,True,False,recoverable,0,False,RUNNING
31.89999999999883,3828,S4_FRONT_PAIR_ADVANCE,ADVANCE,v009_20260806_215232_433234_manual:S4_FRONT_PAIR_ADVANCE:ALTERNATE_PROFILE_1:segments-52-53,3.0583333333331595,0.0,53,0.3457302749156952,-0.0013980567455291748,0.09575077146291733,-0.07692377622066472,-0.08986848585121072,-0.004326669449036178,,3,True,False,recoverable,0,False,RUNNING
31.966666666665493,3836,S4_FRONT_PAIR_ADVANCE,ADVANCE,v009_20260806_215232_433234_manual:S4_FRONT_PAIR_ADVANCE:ALTERNATE_PROFILE_1:segments-52-53,3.1249999999998224,0.0,53,0.34647855162620544,-0.0013536065816879272,0.09582529217004776,-0.07764476662950621,-0.0903499307187961,-0.004316257795366372,,3,True,False,recoverable,0,False,RUNNING
32.03333333333216,3844,S4_FRONT_PAIR_ADVANCE,ADVANCE,v009_20260806_215232_433234_manual:S4_FRONT_PAIR_ADVANCE:ALTERNATE_PROFILE_1:segments-52-53,3.191666666666489,0.0,53,0.34727954864501953,-0.001306883990764618,0.09588296711444855,-0.07846442549787898,-0.09094020580751064,-0.004283077769470051,,3,True,False,recoverable,0,False,RUNNING
32.09999999999882,3852,S4_FRONT_PAIR_ADVANCE,ADVANCE,v009_20260806_215232_433234_manual:S4_FRONT_PAIR_ADVANCE:ALTERNATE_PROFILE_1:segments-52-53,3.2583333333331517,0.0,53,0.34812700748443604,-0.0012710392475128174,0.09598145633935928,-0.07896870920317536,-0.09138473524887888,-0.004343193115743492,,3,True,False,recoverable,0,False,RUNNING
32.166666666665485,3860,S4_FRONT_PAIR_ADVANCE,ADVANCE,v009_20260806_215232_433234_manual:S4_FRONT_PAIR_ADVANCE:ALTERNATE_PROFILE_1:segments-52-53,3.3249999999998145,0.0,53,0.3490542471408844,-0.0012820139527320862,0.09613458067178726,-0.07884142759468146,-0.09140560157304882,-0.004373818928885205,,3,True,False,recoverable,0,False,RUNNING
32.23333333333215,3868,S4_FRONT_PAIR_ADVANCE,ADVANCE,v009_20260806_215232_433234_manual:S4_FRONT_PAIR_ADVANCE:ALTERNATE_PROFILE_1:segments-52-53,3.3916666666664774,0.0,53,0.3500184416770935,-0.001289278268814087,0.0962630957365036,-0.0787402698767226,-0.09149327654278706,-0.004396773852713753,,3,True,False,recoverable,0,False,RUNNING
32.29999999999881,3876,S4_FRONT_PAIR_ADVANCE,ADVANCE,v009_20260806_215232_433234_manual:S4_FRONT_PAIR_ADVANCE:ALTERNATE_PROFILE_1:segments-52-53,3.4583333333331403,0.0,53,0.35098394751548767,-0.0013130828738212585,0.09637337923049927,-0.07859157374453615,-0.091548500759548,-0.004419100619575381,,3,True,False,recoverable,0,False,RUNNING
32.36666666666547,3884,S4_FRONT_PAIR_ADVANCE,ADVANCE,v009_20260806_215232_433234_manual:S4_FRONT_PAIR_ADVANCE:ALTERNATE_PROFILE_1:segments-52-53,3.524999999999803,0.0,53,0.3519732654094696,-0.0013273656368255615,0.09646021574735641,-0.07845771103521326,-0.09162524163384285,-0.004446539892253267,,3,True,False,recoverable,0,False,RUNNING
32.433333333332136,3892,S4_FRONT_PAIR_ADVANCE,ADVANCE,v009_20260806_215232_433234_manual:S4_FRONT_PAIR_ADVANCE:ALTERNATE_PROFILE_1:segments-52-53,3.591666666666466,0.0,53,0.3529992699623108,-0.0013534575700759888,0.09652514010667801,-0.07829214644828406,-0.09172581106347419,-0.004478684284744361,,3,True,False,recoverable,0,False,RUNNING
32.4999999999988,3900,S4_FRONT_PAIR_ADVANCE,ADVANCE,v009_20260806_215232_433234_manual:S4_FRONT_PAIR_ADVANCE:ALTERNATE_PROFILE_1:segments-52-53,3.658333333333129,0.0,53,0.3540414869785309,-0.0013717710971832275,0.09656447917222977,-0.07812518301791574,-0.09183000958801961,-0.004504025589146905,,3,True,False,recoverable,0,False,RUNNING
32.56666666666546,3908,S4_FRONT_PAIR_ADVANCE,ADVANCE,v009_20260806_215232_433234_manual:S4_FRONT_PAIR_ADVANCE:ALTERNATE_PROFILE_1:segments-52-53,3.724999999999792,0.0,53,0.3551061749458313,-0.0014053210616111755,0.09658365696668625,-0.0778866916151953,-0.09188956343915841,-0.004510763276085999,,3,True,False,recoverable,0,False,RUNNING
32.633333333332125,3916,S4_FRONT_PAIR_ADVANCE,ADVANCE,v009_20260806_215232_433234_manual:S4_FRONT_PAIR_ADVANCE:ALTERNATE_PROFILE_1:segments-52-53,3.7916666666664547,0.0,53,0.3561829626560211,-0.0014291778206825256,0.09656672179698944,-0.07768122762789395,-0.09196751960998445,-0.0045081614518228475,,3,True,False,recoverable,0,False,RUNNING
32.69999999999879,3924,S4_FRONT_PAIR_ADVANCE,ADVANCE,v009_20260806_215232_433234_manual:S4_FRONT_PAIR_ADVANCE:ALTERNATE_PROFILE_1:segments-52-53,3.8583333333331176,0.0,53,0.3572828769683838,-0.0014626756310462952,0.09652923047542572,-0.07743733715898184,-0.09203921418006394,-0.004528386536557034,,3,True,False,recoverable,0,False,RUNNING
32.76666666666545,3932,S4_FRONT_PAIR_ADVANCE,ADVANCE,v009_20260806_215232_433234_manual:S4_FRONT_PAIR_ADVANCE:ALTERNATE_PROFILE_1:segments-52-53,3.9249999999997804,0.0,53,0.3583834171295166,-0.0015172138810157776,0.09650123864412308,-0.07680755298619434,-0.09182061575538293,-0.004539767613557582,,3,True,False,recoverable,0,False,RUNNING
32.833333333332114,3940,S4_FRONT_PAIR_ADVANCE,ADVANCE,v009_20260806_215232_433234_manual:S4_FRONT_PAIR_ADVANCE:ALTERNATE_PROFILE_1:segments-52-53,3.9916666666664433,0.0,53,0.3595064878463745,-0.001583106815814972,0.09647597372531891,-0.07592900877149235,-0.09147465962151918,-0.004561972310325783,,3,True,False,recoverable,0,False,RUNNING
32.899999999998776,3948,S4_FRONT_PAIR_ADVANCE,ADVANCE,v009_20260806_215232_433234_manual:S4_FRONT_PAIR_ADVANCE:ALTERNATE_PROFILE_1:segments-52-53,4.058333333333106,0.0,53,0.36069637537002563,-0.0016630664467811584,0.09641844779253006,-0.07499241906457654,-0.09111054057128143,-0.004562792694008895,,3,True,False,recoverable,0,False,RUNNING
32.96666666666544,3956,S4_FRONT_PAIR_ADVANCE,ADVANCE,v009_20260806_215232_433234_manual:S4_FRONT_PAIR_ADVANCE:ALTERNATE_PROFILE_1:segments-52-53,4.124999999999769,0.0,53,0.3617740571498871,-0.0017000138759613037,0.09635616093873978,-0.07458553503447603,-0.09066607090202694,-0.004577047792071227,,3,True,False,recoverable,0,False,RUNNING
33.0333333333321,3964,S4_FRONT_PAIR_ADVANCE,ADVANCE,v009_20260806_215232_433234_manual:S4_FRONT_PAIR_ADVANCE:ALTERNATE_PROFILE_1:segments-52-53,4.191666666666432,0.0,53,0.3627268075942993,-0.0017141923308372498,0.09629608690738678,-0.07461233536547311,-0.09005297938530789,-0.0046017626241645114,,3,True,False,recoverable,0,False,RUNNING
33.099999999998765,3972,S4_FRONT_PAIR_ADVANCE,ADVANCE,v009_20260806_215232_433234_manual:S4_FRONT_PAIR_ADVANCE:ALTERNATE_PROFILE_1:segments-52-53,4.258333333333095,0.0,53,0.363690048456192,-0.001716427505016327,0.09622767567634583,-0.07477163244472307,-0.0894522832704338,-0.004630407202551848,,3,True,False,recoverable,0,False,RUNNING
33.16666666666543,3980,S4_FRONT_PAIR_ADVANCE,ADVANCE,v009_20260806_215232_433234_manual:S4_FRONT_PAIR_ADVANCE:ALTERNATE_PROFILE_1:segments-52-53,4.324999999999758,0.0,53,0.36443862318992615,-0.0017221048474311829,0.09629208594560623,-0.07492680681429233,-0.08920717298258751,-0.0046169618656666835,,3,True,False,recoverable,0,False,RUNNING
33.23333333333209,3988,S4_FRONT_PAIR_ADVANCE,ADVANCE,v009_20260806_215232_433234_manual:S4_FRONT_PAIR_ADVANCE:ALTERNATE_PROFILE_1:segments-52-53,4.391666666666421,0.0,53,0.3651134967803955,-0.0017239078879356384,0.09642565250396729,-0.0750057902472179,-0.08913768004477576,-0.004616638939151523,,3,True,False,recoverable,0,False,RUNNING
33.299999999998754,3996,S4_FRONT_PAIR_ADVANCE,ADVANCE,v009_20260806_215232_433234_manual:S4_FRONT_PAIR_ADVANCE:ALTERNATE_PROFILE_1:segments-52-53,4.4583333333330835,0.0,53,0.3658781051635742,-0.001740574836730957,0.09658099710941315,-0.07495768682740732,-0.08912769235235167,-0.004640326014663902,,3,True,False,recoverable,0,False,RUNNING
33.36666666666542,4004,S4_FRONT_PAIR_ADVANCE,ADVANCE,v009_20260806_215232_433234_manual:S4_FRONT_PAIR_ADVANCE:ALTERNATE_PROFILE_1:segments-52-53,4.524999999999746,0.0,53,0.3667285740375519,-0.001744188368320465,0.0967315286397934,-0.07497703404501832,-0.08917855964739396,-0.00465856369094831,,3,True,False,recoverable,0,False,RUNNING
33.43333333333208,4012,S4_FRONT_PAIR_ADVANCE,ADVANCE,v009_20260806_215232_433234_manual:S4_FRONT_PAIR_ADVANCE:ALTERNATE_PROFILE_1:segments-52-53,4.591666666666409,0.0,53,0.36760374903678894,-0.001749381422996521,0.09686882048845291,-0.07503969490908026,-0.0893035949933754,-0.004699033874798434,,3,True,False,recoverable,0,False,RUNNING
33.49999999999874,4020,S4_FRONT_PAIR_ADVANCE,ADVANCE,v009_20260806_215232_433234_manual:S4_FRONT_PAIR_ADVANCE:ALTERNATE_PROFILE_1:segments-52-53,4.658333333333072,0.0,53,0.3685015141963959,-0.0017478764057159424,0.0969875380396843,-0.07508311251468051,-0.0894263791038359,-0.00473112412347877,,3,True,False,recoverable,0,False,RUNNING
33.566666666665405,4028,S4_FRONT_PAIR_ADVANCE,ADVANCE,v009_20260806_215232_433234_manual:S4_FRONT_PAIR_ADVANCE:ALTERNATE_PROFILE_1:segments-52-53,4.724999999999735,0.0,53,0.3693947494029999,-0.0017644986510276794,0.09709445387125015,-0.07512994658682982,-0.0895306487161557,-0.004753831667503854,,3,True,False,recoverable,0,False,RUNNING
33.63333333333207,4036,S4_FRONT_PAIR_ADVANCE,ADVANCE,v009_20260806_215232_433234_manual:S4_FRONT_PAIR_ADVANCE:ALTERNATE_PROFILE_1:segments-52-53,4.791666666666398,0.0,53,0.3703190088272095,-0.0017767027020454407,0.0971873477101326,-0.07519354332405744,-0.08966240877053148,-0.004793942783454618,,3,True,False,recoverable,0,False,RUNNING
33.69999999999873,4044,S4_FRONT_PAIR_ADVANCE,ADVANCE,v009_20260806_215232_433234_manual:S4_FRONT_PAIR_ADVANCE:ALTERNATE_PROFILE_1:segments-52-53,4.858333333333061,0.0,53,0.37128692865371704,-0.0017887726426124573,0.09726262837648392,-0.07527159500263061,-0.08980611800419375,-0.004840020135110534,,3,True,False,recoverable,0,False,RUNNING
33.766666666665394,4052,S4_FRONT_PAIR_ADVANCE,ADVANCE,v009_20260806_215232_433234_manual:S4_FRONT_PAIR_ADVANCE:ALTERNATE_PROFILE_1:segments-52-53,4.924999999999724,0.0,53,0.37226229906082153,-0.0018065646290779114,0.09731410443782806,-0.07534947619545583,-0.08997114795625688,-0.00487144100340883,,3,True,False,recoverable,0,False,RUNNING
33.83333333333206,4060,S4_FRONT_PAIR_ADVANCE,ADVANCE,v009_20260806_215232_433234_manual:S4_FRONT_PAIR_ADVANCE:ALTERNATE_PROFILE_1:segments-52-53,4.9916666666663865,0.0,53,0.3732544183731079,-0.0018187910318374634,0.09735173732042313,-0.07541840998314583,-0.09010636013332345,-0.004900430847529149,,3,True,False,recoverable,0,False,RUNNING
33.89999999999872,4068,S4_FRONT_PAIR_ADVANCE,ADVANCE,v009_20260806_215232_433234_manual:S4_FRONT_PAIR_ADVANCE:ALTERNATE_PROFILE_1:segments-52-53,5.058333333333049,0.0,53,0.3742845952510834,-0.0018261149525642395,0.09735681116580963,-0.07550864830839407,-0.09027719738625617,-0.004903756308477123,,3,True,False,recoverable,0,False,RUNNING
33.96666666666538,4076,S4_FRONT_PAIR_ADVANCE,ADVANCE,v009_20260806_215232_433234_manual:S4_FRONT_PAIR_ADVANCE:ALTERNATE_PROFILE_1:segments-52-53,5.124999999999712,0.0,53,0.3753241002559662,-0.0018407553434371948,0.0973486602306366,-0.0755808661357181,-0.09041645595274597,-0.004933713017440102,,3,True,False,recoverable,0,False,RUNNING
34.033333333332045,4084,S4_FRONT_PAIR_ADVANCE,ADVANCE,v009_20260806_215232_433234_manual:S4_FRONT_PAIR_ADVANCE:ALTERNATE_PROFILE_1:segments-52-53,5.191666666666375,0.0,53,0.37638625502586365,-0.0018479451537132263,0.09730786830186844,-0.07567357735574687,-0.09059066922761988,-0.004954404529129887,,3,True,False,recoverable,0,False,RUNNING
34.09999999999871,4092,S4_FRONT_PAIR_ADVANCE,ADVANCE,v009_20260806_215232_433234_manual:S4_FRONT_PAIR_ADVANCE:ALTERNATE_PROFILE_1:segments-52-53,5.258333333333038,0.0,53,0.3774298429489136,-0.0018615573644638062,0.09725215286016464,-0.07576489880309087,-0.09071305516210462,-0.005004073936704491,,3,True,False,recoverable,0,False,RUNNING
34.16666666666537,4100,S4_FRONT_PAIR_ADVANCE,ADVANCE,v009_20260806_215232_433234_manual:S4_FRONT_PAIR_ADVANCE:ALTERNATE_PROFILE_1:segments-52-53,5.324999999999701,0.0,53,0.3785150945186615,-0.0018641427159309387,0.09717480093240738,-0.0758378425446116,-0.09086637100095453,-0.0050560785188523754,,3,True,False,recoverable,0,False,RUNNING
34.233333333332034,4108,S4_FRONT_PAIR_ADVANCE,ADVANCE,v009_20260806_215232_433234_manual:S4_FRONT_PAIR_ADVANCE:ALTERNATE_PROFILE_1:segments-52-53,5.391666666666364,0.0,53,0.3796294629573822,-0.0018698424100875854,0.09706079959869385,-0.07586949010584342,-0.09098051721137637,-0.005054856077993151,,3,True,False,recoverable,0,False,RUNNING
34.2999999999987,4116,S4_FRONT_PAIR_ADVANCE,ADVANCE,v009_20260806_215232_433234_manual:S4_FRONT_PAIR_ADVANCE:ALTERNATE_PROFILE_1:segments-52-53,5.458333333333027,0.0,53,0.3807673752307892,-0.0018814876675605774,0.09692331403493881,-0.07590023754293647,-0.09110899373620873,-0.005052687214225124,,3,True,False,recoverable,0,False,RUNNING
34.36666666666536,4124,S4_FRONT_PAIR_ADVANCE,ADVANCE,v009_20260806_215232_433234_manual:S4_FRONT_PAIR_ADVANCE:ALTERNATE_PROFILE_1:segments-52-53,5.5249999999996895,0.0,53,0.38194146752357483,-0.0018871352076530457,0.09675238281488419,-0.0759229948892,-0.09124437299185266,-0.005042874783733467,,3,True,False,recoverable,0,False,RUNNING
34.43333333333202,4132,S4_FRONT_PAIR_ADVANCE,ADVANCE,v009_20260806_215232_433234_manual:S4_FRONT_PAIR_ADVANCE:ALTERNATE_PROFILE_1:segments-52-53,5.591666666666352,0.0,53,0.38313841819763184,-0.0019071847200393677,0.09655646234750748,-0.07592812644966353,-0.09136434236121622,-0.005027949133303308,,3,True,False,recoverable,0,False,RUNNING
34.499999999998685,4140,S4_FRONT_PAIR_ADVANCE,ADVANCE,v009_20260806_215232_433234_manual:S4_FRONT_PAIR_ADVANCE:ALTERNATE_PROFILE_1:segments-52-53,5.658333333333015,0.0,53,0.3839629292488098,-0.0019379034638404846,0.09656213968992233,-0.07558897904005644,-0.09085747251711428,-0.0050572207233818365,,3,True,False,recoverable,0,False,RUNNING
34.56666666666535,4148,S4_FRONT_PAIR_ADVANCE,ADVANCE,v009_20260806_215232_433234_manual:S4_FRONT_PAIR_ADVANCE:ALTERNATE_PROFILE_1:segments-52-53,5.724999999999678,0.0,53,0.38460177183151245,-0.0019551143050193787,0.09669246524572372,-0.07549142058072046,-0.09051558349611426,-0.005110073382107425,,3,True,False,recoverable,0,False,RUNNING
34.63333333333201,4156,S4_FRONT_PAIR_ADVANCE,ADVANCE,v009_20260806_215232_433234_manual:S4_FRONT_PAIR_ADVANCE:ALTERNATE_PROFILE_1:segments-52-53,5.791666666666341,0.0,53,0.3853643536567688,-0.0019703730940818787,0.09682594239711761,-0.07544233565258135,-0.09034250884896586,-0.0051051946978192975,,3,True,False,recoverable,0,False,RUNNING
34.699999999998674,4164,S4_FRONT_PAIR_ADVANCE,ADVANCE,v009_20260806_215232_433234_manual:S4_FRONT_PAIR_ADVANCE:ALTERNATE_PROFILE_1:segments-52-53,5.858333333333004,0.0,53,0.38620173931121826,-0.001992069184780121,0.09695303440093994,-0.07541032826330932,-0.09028420391261763,-0.005115568367105495,,3,True,False,recoverable,0,False,RUNNING
34.76666666666534,4172,S4_FRONT_PAIR_ADVANCE,ADVANCE,v009_20260806_215232_433234_manual:S4_FRONT_PAIR_ADVANCE:ALTERNATE_PROFILE_1:segments-52-53,5.924999999999667,0.0,53,0.38708773255348206,-0.0020060166716575623,0.0970696285367012,-0.07538879800171765,-0.09025709871497814,-0.005107428178971502,,3,True,False,recoverable,0,False,RUNNING
34.833333333332,4180,S4_FRONT_PAIR_ADVANCE,ADVANCE,v009_20260806_215232_433234_manual:S4_FRONT_PAIR_ADVANCE:ALTERNATE_PROFILE_1:segments-52-53,5.99166666666633,0.0,53,0.38797256350517273,-0.0020215585827827454,0.09716537594795227,-0.07540553921356384,-0.09024053588263212,-0.005083296192834671,,3,True,False,recoverable,0,False,RUNNING
34.89999999999866,4188,S4_FRONT_PAIR_ADVANCE,ADVANCE,v009_20260806_215232_433234_manual:S4_FRONT_PAIR_ADVANCE:ALTERNATE_PROFILE_1:segments-52-53,6.0583333333329925,0.0,53,0.38889279961586,-0.0020380541682243347,0.09725314378738403,-0.07540254761336658,-0.09025517292861518,-0.00510383146497097,,3,True,False,recoverable,0,False,RUNNING
34.966666666665326,4196,S4_FRONT_PAIR_ADVANCE,ADVANCE,v009_20260806_215232_433234_manual:S4_FRONT_PAIR_ADVANCE:ALTERNATE_PROFILE_1:segments-52-53,6.124999999999655,0.0,53,0.389818400144577,-0.002057470381259918,0.09732087701559067,-0.07540174695194711,-0.0902516765887645,-0.005122980597009345,,3,True,False,recoverable,0,False,RUNNING
35.03333333333199,4204,S4_FRONT_PAIR_ADVANCE,ADVANCE,v009_20260806_215232_433234_manual:S4_FRONT_PAIR_ADVANCE:ALTERNATE_PROFILE_1:segments-52-53,6.191666666666318,0.0,53,0.39076581597328186,-0.0020738542079925537,0.09737184643745422,-0.07544687479566965,-0.09026349773425386,-0.005130296362735849,,3,True,False,recoverable,0,False,RUNNING
35.09999999999865,4212,S4_FRONT_PAIR_ADVANCE,ADVANCE,v009_20260806_215232_433234_manual:S4_FRONT_PAIR_ADVANCE:ALTERNATE_PROFILE_1:segments-52-53,6.258333333332981,0.0,53,0.3917320668697357,-0.002099856734275818,0.09740089625120163,-0.0755470092838833,-0.09030150649647783,-0.005102822967572665,,3,True,False,recoverable,0,False,RUNNING
35.166666666665314,4220,S4_FRONT_PAIR_ADVANCE,ADVANCE,v009_20260806_215232_433234_manual:S4_FRONT_PAIR_ADVANCE:ALTERNATE_PROFILE_1:segments-52-53,6.324999999999644,0.0,53,0.39271026849746704,-0.00212077796459198,0.09741610288619995,-0.07557205643857541,-0.0903071848210949,-0.005143265218463525,,3,True,False,recoverable,0,False,RUNNING
35.23333333333198,4228,S4_FRONT_PAIR_ADVANCE,ADVANCE,v009_20260806_215232_433234_manual:S4_FRONT_PAIR_ADVANCE:ALTERNATE_PROFILE_1:segments-52-53,6.391666666666307,0.0,53,0.39372721314430237,-0.0021470561623573303,0.09741111844778061,-0.07562524232025025,-0.09034864783068487,-0.005132411134508787,,3,True,False,recoverable,0,False,RUNNING
35.29999999999864,4236,S4_FRONT_PAIR_ADVANCE,ADVANCE,v009_20260806_215232_433234_manual:S4_FRONT_PAIR_ADVANCE:ALTERNATE_PROFILE_1:segments-52-53,6.45833333333297,0.0,53,0.39473411440849304,-0.002170741558074951,0.09738585352897644,-0.07562893860330726,-0.09034401078232736,-0.005172287540313788,,3,True,False,recoverable,0,False,RUNNING
35.3666666666653,4244,S4_FRONT_PAIR_ADVANCE,ADVANCE,v009_20260806_215232_433234_manual:S4_FRONT_PAIR_ADVANCE:ALTERNATE_PROFILE_1:segments-52-53,6.524999999999633,0.0,53,0.39577192068099976,-0.002189949154853821,0.09733185172080994,-0.07566366658653777,-0.09032676379738057,-0.005183456861862959,,3,True,False,recoverable,0,False,RUNNING
35.433333333331966,4252,S4_FRONT_PAIR_ADVANCE,ADVANCE,v009_20260806_215232_433234_manual:S4_FRONT_PAIR_ADVANCE:ALTERNATE_PROFILE_1:segments-52-53,6.5916666666662955,0.0,53,0.39688289165496826,-0.0022008568048477173,0.0972556546330452,-0.07574734948341205,-0.09033288245615782,-0.005174084893983854,,3,True,False,recoverable,0,False,RUNNING
35.49999999999863,4260,S4_FRONT_PAIR_ADVANCE,ADVANCE,v009_20260806_215232_433234_manual:S4_FRONT_PAIR_ADVANCE:ALTERNATE_PROFILE_1:segments-52-53,6.658333333332958,0.0,53,0.39801350235939026,-0.0022099316120147705,0.09714764356613159,-0.07584410857648016,-0.09034977429501505,-0.005189643646810604,,3,True,False,recoverable,0,False,RUNNING
35.56666666666529,4268,S4_FRONT_PAIR_ADVANCE,ADVANCE,v009_20260806_215232_433234_manual:S4_FRONT_PAIR_ADVANCE:ALTERNATE_PROFILE_1:segments-52-53,6.724999999999621,0.0,53,0.3991556465625763,-0.0022216439247131348,0.09700696170330048,-0.07589205193739323,-0.09032129338134302,-0.005184706236367882,,3,True,False,recoverable,0,False,RUNNING
35.633333333331954,4276,S4_FRONT_PAIR_ADVANCE,ADVANCE,v009_20260806_215232_433234_manual:S4_FRONT_PAIR_ADVANCE:ALTERNATE_PROFILE_1:segments-52-53,6.791666666666284,0.0,53,0.400325208902359,-0.002239994704723358,0.09683983772993088,-0.07592705474645577,-0.09029254571467343,-0.005199128276197368,,3,True,False,recoverable,0,False,RUNNING
35.69999999999862,4284,S4_FRONT_PAIR_ADVANCE,ADVANCE,v009_20260806_215232_433234_manual:S4_FRONT_PAIR_ADVANCE:ALTERNATE_PROFILE_1:segments-52-53,6.858333333332947,0.0,53,0.40155136585235596,-0.0023045241832733154,0.09672052413225174,-0.07526859444842109,-0.08977698837761576,-0.005206177913587417,,3,True,False,recoverable,0,False,RUNNING
35.76666666666528,4292,S4_FRONT_PAIR_ADVANCE,ADVANCE,v009_20260806_215232_433234_manual:S4_FRONT_PAIR_ADVANCE:ALTERNATE_PROFILE_1:segments-52-53,6.92499999999961,0.0,53,0.4028136432170868,-0.0023785457015037537,0.09656920284032822,-0.07456485503437989,-0.0892505869322529,-0.0052257822486103675,,3,True,False,recoverable,0,False,RUNNING
35.83333333333194,4300,S4_FRONT_PAIR_ADVANCE,ADVANCE,v009_20260806_215232_433234_manual:S4_FRONT_PAIR_ADVANCE:ALTERNATE_PROFILE_1:segments-52-53,6.991666666666273,0.0,53,0.40401196479797363,-0.0024422109127044678,0.09645655006170273,-0.0739630364444339,-0.0889352563936308,-0.0052503449051716595,,3,True,False,recoverable,0,False,RUNNING
35.899999999998606,4308,S4_FRONT_PAIR_ADVANCE,ADVANCE,v009_20260806_215232_433234_manual:S4_FRONT_PAIR_ADVANCE:ALTERNATE_PROFILE_1:segments-52-53,7.058333333332936,0.0,53,0.4050661623477936,-0.0024959295988082886,0.09638845175504684,-0.07348636790034715,-0.0887920827357647,-0.005301087725287591,,3,True,False,recoverable,0,False,RUNNING
35.96666666666527,4316,S4_FRONT_PAIR_ADVANCE,ADVANCE,v009_20260806_215232_433234_manual:S4_FRONT_PAIR_ADVANCE:ALTERNATE_PROFILE_1:segments-52-53,7.1249999999995985,0.0,53,0.40618276596069336,-0.0025572702288627625,0.0963064581155777,-0.07285002833118143,-0.08868958171361813,-0.005337101138989851,,3,True,False,recoverable,0,False,RUNNING
36.03333333333193,4324,S4_FRONT_PAIR_ADVANCE,ADVANCE,v009_20260806_215232_433234_manual:S4_FRONT_PAIR_ADVANCE:ALTERNATE_PROFILE_1:segments-52-53,7.191666666666261,0.0,53,0.40698546171188354,-0.002599939703941345,0.09630849957466125,-0.07257544581380883,-0.08835931811902333,-0.005396765879062082,,3,True,False,recoverable,0,False,RUNNING
36.099999999998595,4332,S4_FRONT_PAIR_ADVANCE,ADVANCE,v009_20260806_215232_433234_manual:S4_FRONT_PAIR_ADVANCE:ALTERNATE_PROFILE_1:segments-52-53,7.258333333332924,0.0,53,0.4078162908554077,-0.0026119202375411987,0.09633959829807281,-0.07265572826058525,-0.08816327569426256,-0.005397064587702303,,3,True,False,recoverable,0,False,RUNNING
36.16666666666526,4340,S4_FRONT_PAIR_ADVANCE,ADVANCE,v009_20260806_215232_433234_manual:S4_FRONT_PAIR_ADVANCE:ALTERNATE_PROFILE_1:segments-52-53,7.324999999999587,0.0,53,0.40871796011924744,-0.0026173293590545654,0.09633273631334305,-0.07285666836317889,-0.08798813697604188,-0.0054378539662299575,,3,True,False,recoverable,0,False,RUNNING
36.23333333333192,4348,S4_FRONT_PAIR_ADVANCE,ADVANCE,v009_20260806_215232_433234_manual:S4_FRONT_PAIR_ADVANCE:ALTERNATE_PROFILE_1:segments-52-53,7.39166666666625,0.0,53,0.40971341729164124,-0.0026201680302619934,0.09630264341831207,-0.07311224122655831,-0.0879172115938708,-0.005438343075455164,,3,True,False,recoverable,0,False,RUNNING
36.29999999999858,4356,S4_FRONT_PAIR_ADVANCE,ADVANCE,v009_20260806_215232_433234_manual:S4_FRONT_PAIR_ADVANCE:ALTERNATE_PROFILE_1:segments-52-53,7.458333333332913,0.0,53,0.41061651706695557,-0.0026125535368919373,0.09631568193435669,-0.07337696428567377,-0.0879799914572047,-0.005459370474789376,,3,True,False,recoverable,0,False,RUNNING
36.366666666665246,4364,S4_FRONT_PAIR_ADVANCE,ADVANCE,v009_20260806_215232_433234_manual:S4_FRONT_PAIR_ADVANCE:ALTERNATE_PROFILE_1:segments-52-53,7.524999999999576,0.0,53,0.41134113073349,-0.0026043206453323364,0.09641998261213303,-0.07366793414191243,-0.08827574620967592,-0.005491316395481988,,3,True,False,recoverable,0,False,RUNNING
36.43333333333191,4372,S4_FRONT_PAIR_ADVANCE,ADVANCE,v009_20260806_215232_433234_manual:S4_FRONT_PAIR_ADVANCE:ALTERNATE_PROFILE_1:segments-52-53,7.591666666666239,0.0,53,0.4121203124523163,-0.0025945454835891724,0.096516452729702,-0.0740042795024381,-0.08866639547212911,-0.00547658264071503,,3,True,False,recoverable,0,False,RUNNING
36.49999999999857,4380,S4_FRONT_PAIR_ADVANCE,ADVANCE,v009_20260806_215232_433234_manual:S4_FRONT_PAIR_ADVANCE:ALTERNATE_PROFILE_1:segments-52-53,7.658333333332902,0.0,53,0.4129544496536255,-0.0025846362113952637,0.0966123640537262,-0.07429326132800898,-0.0891253391149894,-0.005509371992490961,,3,True,False,recoverable,0,False,RUNNING
36.566666666665235,4388,S4_FRONT_PAIR_ADVANCE,ADVANCE,v009_20260806_215232_433234_manual:S4_FRONT_PAIR_ADVANCE:ALTERNATE_PROFILE_1:segments-52-53,7.724999999999564,0.0,53,0.41377222537994385,-0.002562977373600006,0.09670078754425049,-0.07477005071154957,-0.08956773106020746,-0.005505625315710643,,3,True,False,recoverable,0,False,RUNNING
36.6333333333319,4396,S4_FRONT_PAIR_ADVANCE,ADVANCE,v009_20260806_215232_433234_manual:S4_FRONT_PAIR_ADVANCE:ALTERNATE_PROFILE_1:segments-52-53,7.791666666666227,0.0,53,0.41456201672554016,-0.0025372132658958435,0.09677791595458984,-0.07537161305022361,-0.09002610325702064,-0.005521556812488598,,3,True,False,recoverable,0,False,RUNNING
36.69999999999856,4404,S4_FRONT_PAIR_ADVANCE,ADVANCE,v009_20260806_215232_433234_manual:S4_FRONT_PAIR_ADVANCE:ALTERNATE_PROFILE_1:segments-52-53,7.85833333333289,0.0,53,0.41537460684776306,-0.002510257065296173,0.09684313088655472,-0.07593234227907332,-0.09047087738252038,-0.0055305857610862845,,3,True,False,recoverable,0,False,RUNNING
36.76666666666522,4412,S4_FRONT_PAIR_ADVANCE,ADVANCE,v009_20260806_215232_433234_manual:S4_FRONT_PAIR_ADVANCE:ALTERNATE_PROFILE_1:segments-52-53,7.924999999999553,0.0,53,0.41622498631477356,-0.002482958137989044,0.09689465165138245,-0.07653628496017498,-0.0909710558086884,-0.00555765944270909,,3,True,False,recoverable,0,False,RUNNING
36.833333333331886,4420,S4_FRONT_PAIR_ADVANCE,ADVANCE,v009_20260806_215232_433234_manual:S4_FRONT_PAIR_ADVANCE:ALTERNATE_PROFILE_1:segments-52-53,7.991666666666216,0.0,53,0.4171041250228882,-0.0024646371603012085,0.09694378077983856,-0.07705943523087755,-0.09142168731590546,-0.005592209541734554,,3,True,False,recoverable,0,False,RUNNING
36.89999999999855,4428,S4_FRONT_PAIR_ADVANCE,ADVANCE,v009_20260806_215232_433234_manual:S4_FRONT_PAIR_ADVANCE:ALTERNATE_PROFILE_1:segments-52-53,8.058333333332879,0.0,53,0.41795384883880615,-0.0024930760264396667,0.09704998880624771,-0.07674186251048923,-0.09119627574050074,-0.005570393081869376,,3,True,False,recoverable,0,False,RUNNING
36.96666666666521,4436,S4_FRONT_PAIR_ADVANCE,ADVANCE,v009_20260806_215232_433234_manual:S4_FRONT_PAIR_ADVANCE:ALTERNATE_PROFILE_1:segments-52-53,8.124999999999542,0.0,53,0.41892340779304504,-0.0025332048535346985,0.09715767204761505,-0.07650438260754897,-0.091173912521916,-0.005576399614371529,,3,True,False,recoverable,0,False,RUNNING
37.033333333331875,4444,S4_FRONT_PAIR_ADVANCE,ADVANCE,v009_20260806_215232_433234_manual:S4_FRONT_PAIR_ADVANCE:ALTERNATE_PROFILE_1:segments-52-53,8.191666666666205,0.0,53,0.4199095070362091,-0.002559959888458252,0.09726934134960175,-0.07632283427911885,-0.09117791864982056,-0.005618260416297269,,3,True,False,recoverable,0,False,RUNNING
37.09999999999854,4452,S4_FRONT_PAIR_ADVANCE,ADVANCE,v009_20260806_215232_433234_manual:S4_FRONT_PAIR_ADVANCE:ALTERNATE_PROFILE_1:segments-52-53,8.258333333332867,0.0,53,0.4208593964576721,-0.0026144832372665405,0.09734503924846649,-0.07603174424860269,-0.09108036437792728,-0.005638770445475477,,3,True,False,recoverable,0,False,RUNNING
37.1666666666652,4460,S4_FRONT_PAIR_ADVANCE,ADVANCE,v009_20260806_215232_433234_manual:S4_FRONT_PAIR_ADVANCE:ALTERNATE_PROFILE_1:segments-52-53,8.32499999999953,0.0,53,0.42185255885124207,-0.0026616305112838745,0.09740792214870453,-0.07572826665828716,-0.09101551605716807,-0.0056780581088321375,,3,True,False,recoverable,0,False,RUNNING
37.23333333333186,4468,S4_FRONT_PAIR_ADVANCE,ADVANCE,v009_20260806_215232_433234_manual:S4_FRONT_PAIR_ADVANCE:ALTERNATE_PROFILE_1:segments-52-53,8.391666666666193,0.0,53,0.4228595793247223,-0.002698548138141632,0.09744670987129211,-0.07543261937144671,-0.09094737307592514,-0.005764764880654146,,3,True,False,recoverable,0,False,RUNNING
37.299999999998526,4476,S4_FRONT_PAIR_ADVANCE,ADVANCE,v009_20260806_215232_433234_manual:S4_FRONT_PAIR_ADVANCE:ALTERNATE_PROFILE_1:segments-52-53,8.458333333332856,0.0,53,0.42378124594688416,-0.0027201175689697266,0.09743987023830414,-0.07521312065973922,-0.09073965137242693,-0.005829758126178477,,3,True,False,recoverable,0,False,RUNNING
37.36666666666519,4484,S4_FRONT_PAIR_ADVANCE,ADVANCE,v009_20260806_215232_433234_manual:S4_FRONT_PAIR_ADVANCE:ALTERNATE_PROFILE_1:segments-52-53,8.524999999999519,0.0,53,0.424835741519928,-0.002736806869506836,0.09743178635835648,-0.07496964409575024,-0.09070602445629125,-0.00583727973353453,,3,True,False,recoverable,0,False,RUNNING
37.43333333333185,4492,S4_FRONT_PAIR_ADVANCE,ADVANCE,v009_20260806_215232_433234_manual:S4_FRONT_PAIR_ADVANCE:ALTERNATE_PROFILE_1:segments-52-53,8.591666666666182,0.0,53,0.425922155380249,-0.0027538537979125977,0.09740258008241653,-0.07467184421345607,-0.09063392982334857,-0.005831250523742232,,3,True,False,recoverable,0,False,RUNNING
37.499999999998515,4500,S4_FRONT_PAIR_ADVANCE,ADVANCE,v009_20260806_215232_433234_manual:S4_FRONT_PAIR_ADVANCE:ALTERNATE_PROFILE_1:segments-52-53,8.658333333332845,0.0,53,0.42702290415763855,-0.0027800574898719788,0.0973442792892456,-0.07434379109836835,-0.09050649526694322,-0.00584355466606855,,3,True,False,recoverable,0,False,RUNNING
37.56666666666518,4508,S4_FRONT_PAIR_ADVANCE,ADVANCE,v009_20260806_215232_433234_manual:S4_FRONT_PAIR_ADVANCE:ALTERNATE_PROFILE_1:segments-52-53,8.724999999999508,0.0,53,0.4281715154647827,-0.0027984008193016052,0.09725680947303772,-0.07403341246280784,-0.09040695212217739,-0.005843299357073952,,3,True,False,recoverable,0,False,RUNNING
37.63333333333184,4516,S4_FRONT_PAIR_ADVANCE,ADVANCE,v009_20260806_215232_433234_manual:S4_FRONT_PAIR_ADVANCE:ALTERNATE_PROFILE_1:segments-52-53,8.79166666666617,0.0,53,0.4293181598186493,-0.0028251782059669495,0.09712311625480652,-0.07373407539135711,-0.09025485412268373,-0.005849559989908324,,3,True,False,recoverable,0,False,RUNNING
37.699999999998504,4524,S4_FRONT_PAIR_ADVANCE,ADVANCE,v009_20260806_215232_433234_manual:S4_FRONT_PAIR_ADVANCE:ALTERNATE_PROFILE_1:segments-52-53,8.858333333332833,0.0,53,0.430494487285614,-0.0028481781482696533,0.09696922451257706,-0.07342638068651493,-0.09010298574022806,-0.005850146293850564,,3,True,False,recoverable,0,False,RUNNING
37.76666666666517,4532,S4_FRONT_PAIR_ADVANCE,ADVANCE,v009_20260806_215232_433234_manual:S4_FRONT_PAIR_ADVANCE:ALTERNATE_PROFILE_1:segments-52-53,8.924999999999496,0.0,53,0.4315160810947418,-0.0028444305062294006,0.09682405740022659,-0.0735788838226932,-0.08973594957808527,-0.005861876437802515,,3,True,False,recoverable,0,False,RUNNING
37.83333333333183,4540,S4_FRONT_PAIR_ADVANCE,ADVANCE,v009_20260806_215232_433234_manual:S4_FRONT_PAIR_ADVANCE:ALTERNATE_PROFILE_1:segments-52-53,8.991666666666159,0.0,53,0.4324721693992615,-0.0028127729892730713,0.09667521715164185,-0.07411944371602286,-0.08933417752049103,-0.005905241979090017,,3,True,False,recoverable,0,False,RUNNING
37.89999999999849,4548,S4_FRONT_PAIR_ADVANCE,ADVANCE,v009_20260806_215232_433234_manual:S4_FRONT_PAIR_ADVANCE:ALTERNATE_PROFILE_1:segments-52-53,9.058333333332822,0.0,53,0.4331241548061371,-0.0027830228209495544,0.09671303629875183,-0.0746101367214009,-0.08938105298926975,-0.005919008438145115,,3,True,False,recoverable,0,False,RUNNING
37.966666666665155,4556,S4_FRONT_PAIR_ADVANCE,ADVANCE,v009_20260806_215232_433234_manual:S4_FRONT_PAIR_ADVANCE:ALTERNATE_PROFILE_1:segments-52-53,9.124999999999485,0.0,53,0.4338255524635315,-0.0027550384402275085,0.09678526222705841,-0.07511727457960232,-0.08961429490973892,-0.00593091857301219,,3,True,False,recoverable,0,False,RUNNING
38.03333333333182,4564,S4_FRONT_PAIR_ADVANCE,ADVANCE,v009_20260806_215232_433234_manual:S4_FRONT_PAIR_ADVANCE:ALTERNATE_PROFILE_1:segments-52-53,9.191666666666148,0.0,53,0.4346032738685608,-0.002722606062889099,0.09685070812702179,-0.07564844304392072,-0.08996858955707765,-0.005943690587507721,,3,True,False,recoverable,0,False,RUNNING
38.09999999999848,4572,S4_FRONT_PAIR_ADVANCE,ADVANCE,v009_20260806_215232_433234_manual:S4_FRONT_PAIR_ADVANCE:ALTERNATE_PROFILE_1:segments-52-53,9.25833333333281,0.0,53,0.4354429841041565,-0.0026972219347953796,0.09691747277975082,-0.07618616070781535,-0.09039341542645699,-0.005970157378313208,,3,True,False,recoverable,0,False,RUNNING
38.166666666665144,4580,S4_FRONT_PAIR_ADVANCE,ADVANCE,v009_20260806_215232_433234_manual:S4_FRONT_PAIR_ADVANCE:ALTERNATE_PROFILE_1:segments-52-53,9.324999999999473,0.0,53,0.43629178404808044,-0.002676643431186676,0.09698926657438278,-0.07659149174520231,-0.09072627366769874,-0.005996678371735322,,3,True,False,recoverable,0,False,RUNNING
38.23333333333181,4588,S4_FRONT_PAIR_ADVANCE,ADVANCE,v009_20260806_215232_433234_manual:S4_FRONT_PAIR_ADVANCE:ALTERNATE_PROFILE_1:segments-52-53,9.391666666666136,0.0,53,0.4372001588344574,-0.0026995912194252014,0.09711377322673798,-0.07640885424932102,-0.09064933472999454,-0.0060316957352142065,,3,True,False,recoverable,0,False,RUNNING
38.29999999999847,4596,S4_FRONT_PAIR_ADVANCE,ADVANCE,v009_20260806_215232_433234_manual:S4_FRONT_PAIR_ADVANCE:ALTERNATE_PROFILE_1:segments-52-53,9.4583333333328,0.0,53,0.4381169080734253,-0.002720184624195099,0.09722764790058136,-0.07628418196466893,-0.09061176137058857,-0.006042706970708646,,3,True,False,recoverable,0,False,RUNNING
38.36666666666513,4604,S4_FRONT_PAIR_ADVANCE,ADVANCE,v009_20260806_215232_433234_manual:S4_FRONT_PAIR_ADVANCE:ALTERNATE_PROFILE_1:segments-52-53,9.524999999999462,0.0,53,0.4390571415424347,-0.002747759222984314,0.09732665121555328,-0.07610880816597083,-0.09059147786189786,-0.006067517539833919,,3,True,False,recoverable,0,False,RUNNING
38.433333333331795,4612,S4_FRONT_PAIR_ADVANCE,ADVANCE,v009_20260806_215232_433234_manual:S4_FRONT_PAIR_ADVANCE:ALTERNATE_PROFILE_1:segments-52-53,9.591666666666125,0.0,53,0.44003137946128845,-0.0027751997113227844,0.09741135686635971,-0.07597062895530712,-0.09061535821644723,-0.006106206586635477,,3,True,False,recoverable,0,False,RUNNING
38.49999999999846,4620,S4_FRONT_PAIR_ADVANCE,ADVANCE,v009_20260806_215232_433234_manual:S4_FRONT_PAIR_ADVANCE:ALTERNATE_PROFILE_1:segments-52-53,9.658333333332788,0.0,53,0.4410104751586914,-0.002803616225719452,0.09747932106256485,-0.07583014697273271,-0.0906160145714508,-0.006133151605728894,,3,True,False,recoverable,0,False,RUNNING
38.56666666666512,4628,S4_FRONT_PAIR_ADVANCE,ADVANCE,v009_20260806_215232_433234_manual:S4_FRONT_PAIR_ADVANCE:ALTERNATE_PROFILE_1:segments-52-53,9.72499999999945,0.0,53,0.44198474287986755,-0.002835489809513092,0.0975261926651001,-0.07571727325415697,-0.0906025570497455,-0.006171159688107574,,3,True,False,recoverable,0,False,RUNNING
38.633333333331784,4636,S4_FRONT_PAIR_ADVANCE,ADVANCE,v009_20260806_215232_433234_manual:S4_FRONT_PAIR_ADVANCE:ALTERNATE_PROFILE_1:segments-52-53,9.791666666666114,0.0,53,0.4429911971092224,-0.002870030701160431,0.09754841029644012,-0.07556811454292275,-0.0905801621560777,-0.006200432541206026,,3,True,False,recoverable,0,False,RUNNING
38.69999999999845,4644,S4_FRONT_PAIR_ADVANCE,ADVANCE,v009_20260806_215232_433234_manual:S4_FRONT_PAIR_ADVANCE:ALTERNATE_PROFILE_1:segments-52-53,9.858333333332777,0.0,53,0.44401225447654724,-0.002885296940803528,0.09754504263401031,-0.07542991402080317,-0.09056968854625307,-0.006174844284892501,,3,True,False,recoverable,0,False,RUNNING
38.76666666666511,4652,S4_FRONT_PAIR_ADVANCE,ADVANCE,v009_20260806_215232_433234_manual:S4_FRONT_PAIR_ADVANCE:ALTERNATE_PROFILE_1:segments-52-53,9.92499999999944,0.0,53,0.44501468539237976,-0.002897322177886963,0.09749896079301834,-0.07534364921809907,-0.09050147845463433,-0.00619842054629819,,3,True,False,recoverable,0,False,RUNNING
38.83333333333177,4660,S4_FRONT_PAIR_ADVANCE,ADVANCE,v009_20260806_215232_433234_manual:S4_FRONT_PAIR_ADVANCE:ALTERNATE_PROFILE_1:segments-52-53,9.991666666666102,0.0,53,0.44610920548439026,-0.00291626900434494,0.09743895381689072,-0.0752541155440026,-0.09048105571054874,-0.006241086674339057,,3,True,False,recoverable,0,False,RUNNING
38.899999999998435,4668,S4_FRONT_PAIR_ADVANCE,ADVANCE,v009_20260806_215232_433234_manual:S4_FRONT_PAIR_ADVANCE:ALTERNATE_PROFILE_1:segments-52-53,10.058333333332765,0.0,53,0.44720691442489624,-0.0029245615005493164,0.09734418988227844,-0.0751436633502007,-0.09043971753313121,-0.006324510439710252,,3,True,False,recoverable,0,False,RUNNING
38.9666666666651,4676,S4_FRONT_PAIR_ADVANCE,ADVANCE,v009_20260806_215232_433234_manual:S4_FRONT_PAIR_ADVANCE:ALTERNATE_PROFILE_1:segments-52-53,10.124999999999428,0.0,53,0.44833213090896606,-0.00293876975774765,0.09725139290094376,-0.07498884559484825,-0.09043856184909056,-0.006332584250568907,,3,True,False,recoverable,0,False,RUNNING
39.03333333333176,4684,S4_FRONT_PAIR_ADVANCE,ADVANCE,v009_20260806_215232_433234_manual:S4_FRONT_PAIR_ADVANCE:ALTERNATE_PROFILE_1:segments-52-53,10.191666666666091,0.0,53,0.4494932293891907,-0.0029645413160324097,0.0971088856458664,-0.07484844296659632,-0.09035117218409733,-0.006346985815615539,,3,True,False,recoverable,0,False,RUNNING
39.099999999998424,4692,S4_FRONT_PAIR_ADVANCE,ADVANCE,v009_20260806_215232_433234_manual:S4_FRONT_PAIR_ADVANCE:ALTERNATE_PROFILE_1:segments-52-53,10.258333333332754,0.0,53,0.45066067576408386,-0.0029723644256591797,0.09695202112197876,-0.07468094958729792,-0.09030040528515326,-0.006366678122727799,,3,True,False,recoverable,0,False,RUNNING
39.16666666666509,4700,S4_FRONT_PAIR_ADVANCE,ADVANCE,v009_20260806_215232_433234_manual:S4_FRONT_PAIR_ADVANCE:ALTERNATE_PROFILE_1:segments-52-53,10.324999999999417,0.0,53,0.4518531262874603,-0.0029890015721321106,0.09676312655210495,-0.07451617323519392,-0.09021746682911172,-0.006374029567043366,,3,True,False,recoverable,0,False,RUNNING
39.23333333333175,4708,S4_FRONT_PAIR_ADVANCE,ADVANCE,v009_20260806_215232_433234_manual:S4_FRONT_PAIR_ADVANCE:ALTERNATE_PROFILE_1:segments-52-53,10.39166666666608,0.0,53,0.4530768394470215,-0.003017902374267578,0.09656722843647003,-0.07423611632358416,-0.0901399561248464,-0.006427980257237047,,3,True,False,recoverable,0,False,RUNNING
39.29999999999841,4716,S4_FRONT_PAIR_ADVANCE,ADVANCE,v009_20260806_215232_433234_manual:S4_FRONT_PAIR_ADVANCE:ALTERNATE_PROFILE_1:segments-52-53,10.458333333332742,0.0,53,0.4539126455783844,-0.0030597299337387085,0.09657756984233856,-0.07409290205317334,-0.09056350737151374,-0.006409559506419878,,3,True,False,recoverable,0,False,RUNNING
39.366666666665076,4724,S4_FRONT_PAIR_ADVANCE,ADVANCE,v009_20260806_215232_433234_manual:S4_FRONT_PAIR_ADVANCE:ALTERNATE_PROFILE_1:segments-52-53,10.524999999999405,0.0,53,0.45459049940109253,-0.003034621477127075,0.09662140905857086,-0.07447672245073339,-0.09078704390774002,-0.006455359223289131,,3,True,False,recoverable,0,False,RUNNING
39.43333333333174,4732,S4_FRONT_PAIR_ADVANCE,ADVANCE,v009_20260806_215232_433234_manual:S4_FRONT_PAIR_ADVANCE:ALTERNATE_PROFILE_1:segments-52-53,10.591666666666068,0.0,53,0.4553143084049225,-0.003009311854839325,0.096666119992733,-0.07505269864898284,-0.09112623237085996,-0.006491539507431781,,3,True,False,recoverable,0,False,RUNNING
39.4999999999984,4740,S4_FRONT_PAIR_ADVANCE,ADVANCE,v009_20260806_215232_433234_manual:S4_FRONT_PAIR_ADVANCE:ALTERNATE_PROFILE_1:segments-52-53,10.658333333332731,0.0,53,0.4561071991920471,-0.0029777586460113525,0.0966988280415535,-0.07568173692151108,-0.09155666112373445,-0.006491210884195565,,3,True,False,recoverable,0,False,RUNNING
39.566666666665064,4748,S4_FRONT_PAIR_ADVANCE,ADVANCE,v009_20260806_215232_433234_manual:S4_FRONT_PAIR_ADVANCE:ALTERNATE_PROFILE_1:segments-52-53,10.724999999999394,0.0,53,0.45694074034690857,-0.0029531344771385193,0.09673511981964111,-0.07621123210396731,-0.09194810756372727,-0.006504260766170978,,3,True,False,recoverable,0,False,RUNNING
39.63333333333173,4756,S4_FRONT_PAIR_ADVANCE,ADVANCE,v009_20260806_215232_433234_manual:S4_FRONT_PAIR_ADVANCE:ALTERNATE_PROFILE_1:segments-52-53,10.791666666666057,0.0,53,0.45783764123916626,-0.002956502139568329,0.09680250287055969,-0.07646645170528561,-0.09217624961371634,-0.006531645169174282,,3,True,False,recoverable,0,False,RUNNING
39.69999999999839,4764,S4_FRONT_PAIR_ADVANCE,ADVANCE,v009_20260806_215232_433234_manual:S4_FRONT_PAIR_ADVANCE:ALTERNATE_PROFILE_1:segments-52-53,10.85833333333272,0.0,53,0.4587568938732147,-0.002963833510875702,0.09685321152210236,-0.07668477575462182,-0.09242321911291644,-0.0065107662268361986,,3,True,False,recoverable,0,False,RUNNING
39.76666666666505,4772,S4_FRONT_PAIR_ADVANCE,ADVANCE,v009_20260806_215232_433234_manual:S4_FRONT_PAIR_ADVANCE:ALTERNATE_PROFILE_1:segments-52-53,10.924999999999383,0.0,53,0.4596997797489166,-0.0029902011156082153,0.09690997004508972,-0.07673952372821,-0.09256190012341285,-0.0065125946912926586,,3,True,False,recoverable,0,False,RUNNING
39.833333333331716,4780,S4_FRONT_PAIR_ADVANCE,ADVANCE,v009_20260806_215232_433234_manual:S4_FRONT_PAIR_ADVANCE:ALTERNATE_PROFILE_1:segments-52-53,10.991666666666045,0.0,53,0.4606632590293884,-0.0030157938599586487,0.09694832563400269,-0.07677965287046372,-0.09268866390571637,-0.006529364644515755,,3,True,False,recoverable,0,False,RUNNING
39.89999999999838,4788,S4_FRONT_PAIR_ADVANCE,ADVANCE,v009_20260806_215232_433234_manual:S4_FRONT_PAIR_ADVANCE:ALTERNATE_PROFILE_1:segments-52-53,11.058333333332708,0.0,53,0.46157631278038025,-0.003028668463230133,0.09695693105459213,-0.07686253279842084,-0.09276980914307185,-0.006536104000078453,,3,True,False,recoverable,0,False,RUNNING
39.96666666666504,4796,S4_FRONT_PAIR_ADVANCE,ADVANCE,v009_20260806_215232_433234_manual:S4_FRONT_PAIR_ADVANCE:ALTERNATE_PROFILE_1:segments-52-53,11.124999999999371,0.0,53,0.4625665545463562,-0.0030530020594596863,0.09696684032678604,-0.07697288927015694,-0.0929253620917904,-0.006542484552525613,,3,True,False,recoverable,0,False,RUNNING
40.033333333331704,4804,S4_FRONT_PAIR_ADVANCE,ADVANCE,v009_20260806_215232_433234_manual:S4_FRONT_PAIR_ADVANCE:ALTERNATE_PROFILE_1:segments-52-53,11.191666666666034,0.0,53,0.4635794460773468,-0.0030792877078056335,0.09695187956094742,-0.07707450336886774,-0.09309140760487866,-0.006557338565090685,,3,True,False,recoverable,0,False,RUNNING
40.09999999999837,4812,S4_FRONT_PAIR_ADVANCE,ADVANCE,v009_20260806_215232_433234_manual:S4_FRONT_PAIR_ADVANCE:ALTERNATE_PROFILE_1:segments-52-53,11.258333333332697,0.0,53,0.4646167755126953,-0.003138795495033264,0.09697718918323517,-0.07655279705178517,-0.09284223027872601,-0.006612170869575009,,3,True,False,recoverable,0,False,RUNNING
40.16666666666503,4820,S4_FRONT_PAIR_ADVANCE,ADVANCE,v009_20260806_215232_433234_manual:S4_FRONT_PAIR_ADVANCE:ALTERNATE_PROFILE_1:segments-52-53,11.32499999999936,0.0,53,0.4656306803226471,-0.0031929686665534973,0.0969914048910141,-0.07590678360493389,-0.09243499926048687,-0.0066551772072028295,,3,True,False,recoverable,0,False,RUNNING
40.23333333333169,4828,S4_FRONT_PAIR_ADVANCE,ADVANCE,v009_20260806_215232_433234_manual:S4_FRONT_PAIR_ADVANCE:ALTERNATE_PROFILE_1:segments-52-53,11.391666666666023,0.0,53,0.4666907787322998,-0.0032446905970573425,0.09697532653808594,-0.07521279850462897,-0.09200230216514008,-0.00669124659966077,,3,True,False,recoverable,0,False,RUNNING
40.299999999998356,4836,S4_FRONT_PAIR_ADVANCE,ADVANCE,v009_20260806_215232_433234_manual:S4_FRONT_PAIR_ADVANCE:ALTERNATE_PROFILE_1:segments-52-53,11.458333333332686,0.0,53,0.46781909465789795,-0.0032922551035881042,0.09694556891918182,-0.07451145164238243,-0.09160601681679706,-0.006716322672409244,,3,True,False,recoverable,0,False,RUNNING
40.36666666666502,4844,S4_FRONT_PAIR_ADVANCE,ADVANCE,v009_20260806_215232_433234_manual:S4_FRONT_PAIR_ADVANCE:ALTERNATE_PROFILE_1:segments-52-53,11.524999999999348,0.0,53,0.46893659234046936,-0.0033400654792785645,0.09688634425401688,-0.07386992172600165,-0.09117818345275465,-0.006757616604086388,,3,True,False,recoverable,0,False,RUNNING
40.43333333333168,4852,S4_FRONT_PAIR_ADVANCE,ADVANCE,v009_20260806_215232_433234_manual:S4_FRONT_PAIR_ADVANCE:ALTERNATE_PROFILE_1:segments-52-53,11.591666666666011,0.0,53,0.4700522720813751,-0.003364168107509613,0.0968090295791626,-0.07355674538709572,-0.09074916349021254,-0.0067912548065844885,,3,True,False,recoverable,0,False,RUNNING
40.499999999998344,4860,S4_FRONT_PAIR_ADVANCE,ADVANCE,v009_20260806_215232_433234_manual:S4_FRONT_PAIR_ADVANCE:ALTERNATE_PROFILE_1:segments-52-53,11.658333333332674,0.0,53,0.47118619084358215,-0.0033963993191719055,0.09670262783765793,-0.07314976211235458,-0.09027054390142965,-0.00682948448094273,,3,True,False,recoverable,0,False,RUNNING
40.56666666666501,4868,S4_FRONT_PAIR_ADVANCE,ADVANCE,v009_20260806_215232_433234_manual:S4_FRONT_PAIR_ADVANCE:ALTERNATE_PROFILE_1:segments-52-53,11.724999999999337,0.0,53,0.4723610281944275,-0.0034343600273132324,0.09656843543052673,-0.07269552288091946,-0.08978387389958452,-0.006866479867089124,,3,True,False,recoverable,0,False,RUNNING
40.63333333333167,4876,S4_FRONT_PAIR_ADVANCE,ADVANCE,v009_20260806_215232_433234_manual:S4_FRONT_PAIR_ADVANCE:ALTERNATE_PROFILE_1:segments-52-53,11.791666666666,0.0,53,0.47343748807907104,-0.0034643709659576416,0.09642719477415085,-0.07245471481968381,-0.0891245036731554,-0.006911829594156166,,3,True,False,recoverable,0,False,RUNNING
40.69999999999833,4884,S4_FRONT_PAIR_ADVANCE,ADVANCE,v009_20260806_215232_433234_manual:S4_FRONT_PAIR_ADVANCE:ALTERNATE_PROFILE_1:segments-52-53,11.858333333332663,0.0,53,0.4743758738040924,-0.0034712031483650208,0.09630691260099411,-0.07260982232142604,-0.08837455977822994,-0.006957843276169461,,3,True,False,recoverable,0,False,RUNNING
40.766666666664996,4892,S4_FRONT_PAIR_ADVANCE,ADVANCE,v009_20260806_215232_433234_manual:S4_FRONT_PAIR_ADVANCE:ALTERNATE_PROFILE_1:segments-52-53,11.924999999999326,0.0,53,0.4751008450984955,-0.0034695789217948914,0.09634406119585037,-0.07279864649204368,-0.08809185376418475,-0.006995772454979732,,3,True,False,recoverable,0,False,RUNNING
40.83333333333166,4900,S4_FRONT_PAIR_ADVANCE,ADVANCE,v009_20260806_215232_433234_manual:S4_FRONT_PAIR_ADVANCE:ALTERNATE_PROFILE_1:segments-52-53,11.991666666665989,0.0,53,0.47593194246292114,-0.0034651681780815125,0.09637969732284546,-0.07308419330385503,-0.08795927807178111,-0.007047524332644565,,3,True,False,recoverable,0,False,RUNNING
40.89999999999832,4908,S4_FRONT_PAIR_ADVANCE,ADVANCE,v009_20260806_215232_433234_manual:S4_FRONT_PAIR_ADVANCE:ALTERNATE_PROFILE_1:segments-52-53,12.058333333332651,0.0,53,0.47681331634521484,-0.0034527406096458435,0.09640133380889893,-0.0734073059877356,-0.08788866440216184,-0.007079388676825858,,3,True,False,recoverable,0,False,RUNNING
40.966666666664985,4916,S4_FRONT_PAIR_ADVANCE,ADVANCE,v009_20260806_215232_433234_manual:S4_FRONT_PAIR_ADVANCE:ALTERNATE_PROFILE_1:segments-52-53,12.124999999999314,0.0,53,0.4777233302593231,-0.0034443363547325134,0.09641078114509583,-0.07376575436065536,-0.08785778762678967,-0.007123065481431876,,3,True,False,recoverable,0,False,RUNNING
41.03333333333165,4924,S4_FRONT_PAIR_ADVANCE,ADVANCE,v009_20260806_215232_433234_manual:S4_FRONT_PAIR_ADVANCE:ALTERNATE_PROFILE_1:segments-52-53,12.191666666665977,0.0,53,0.4786784052848816,-0.0034307092428207397,0.09641402959823608,-0.07413969130839658,-0.08781487016629749,-0.007143476844227672,,3,True,False,recoverable,0,False,RUNNING
41.09999999999831,4932,S4_FRONT_PAIR_ADVANCE,ADVANCE,v009_20260806_215232_433234_manual:S4_FRONT_PAIR_ADVANCE:ALTERNATE_PROFILE_1:segments-52-53,12.25833333333264,0.0,53,0.4796602725982666,-0.0034109726548194885,0.09639288485050201,-0.07457261811462768,-0.08783190416790089,-0.007189152486247097,,3,True,False,recoverable,0,False,RUNNING
41.16666666666497,4940,S4_FRONT_PAIR_ADVANCE,ADVANCE,v009_20260806_215232_433234_manual:S4_FRONT_PAIR_ADVANCE:ALTERNATE_PROFILE_1:segments-52-53,12.324999999999303,0.0,53,0.48053833842277527,-0.0033868104219436646,0.09640487283468246,-0.07500212404179603,-0.08792288081181941,-0.007188083718174712,,3,True,False,recoverable,0,False,RUNNING
41.233333333331636,4948,S4_FRONT_PAIR_ADVANCE,ADVANCE,v009_20260806_215232_433234_manual:S4_FRONT_PAIR_ADVANCE:ALTERNATE_PROFILE_1:segments-52-53,12.391666666665966,0.0,53,0.4812362790107727,-0.003361612558364868,0.09650769829750061,-0.07541276239265234,-0.08824308394930341,-0.00719017107102203,,3,True,False,recoverable,0,False,RUNNING
41.2999999999983,4956,S4_FRONT_PAIR_ADVANCE,ADVANCE,v009_20260806_215232_433234_manual:S4_FRONT_PAIR_ADVANCE:ALTERNATE_PROFILE_1:segments-52-53,12.458333333332629,0.0,53,0.48199716210365295,-0.0033428743481636047,0.09660632908344269,-0.07585062443916545,-0.08866538697551189,-0.007210407048214189,,3,True,False,recoverable,0,False,RUNNING
41.36666666666496,4964,S4_FRONT_PAIR_ADVANCE,ADVANCE,v009_20260806_215232_433234_manual:S4_FRONT_PAIR_ADVANCE:ALTERNATE_PROFILE_1:segments-52-53,12.524999999999292,0.0,53,0.4828068017959595,-0.003313988447189331,0.09669674187898636,-0.07630427716176777,-0.08914183215699541,-0.0072145972860757236,,3,True,False,recoverable,0,False,RUNNING
41.433333333331625,4972,S4_FRONT_PAIR_ADVANCE,ADVANCE,v009_20260806_215232_433234_manual:S4_FRONT_PAIR_ADVANCE:ALTERNATE_PROFILE_1:segments-52-53,12.591666666665954,0.0,53,0.4836410582065582,-0.0032993778586387634,0.09678521752357483,-0.0766996905876431,-0.08962941384101315,-0.007227099533697754,,3,True,False,recoverable,0,False,RUNNING
41.49999999999829,4980,S4_FRONT_PAIR_ADVANCE,ADVANCE,v009_20260806_215232_433234_manual:S4_FRONT_PAIR_ADVANCE:ALTERNATE_PROFILE_1:segments-52-53,12.658333333332617,0.0,53,0.4845210909843445,-0.003269478678703308,0.09685640037059784,-0.07716168534749934,-0.09016726340359299,-0.007241920551159455,,3,True,False,recoverable,0,False,RUNNING
41.56666666666495,4988,S4_FRONT_PAIR_ADVANCE,ADVANCE,v009_20260806_215232_433234_manual:S4_FRONT_PAIR_ADVANCE:ALTERNATE_PROFILE_1:segments-52-53,12.72499999999928,0.0,53,0.4853883385658264,-0.0032405629754066467,0.096913181245327,-0.07764347809883931,-0.0907025375962951,-0.007238688931105404,,3,True,False,recoverable,0,False,RUNNING
41.63333333333161,4996,S4_FRONT_PAIR_ADVANCE,ADVANCE,v009_20260806_215232_433234_manual:S4_FRONT_PAIR_ADVANCE:ALTERNATE_PROFILE_1:segments-52-53,12.791666666665943,0.0,53,0.4862954318523407,-0.003217935562133789,0.09695195406675339,-0.07809269168903403,-0.09124630352605119,-0.007252046648443138,,3,True,False,recoverable,0,False,RUNNING
41.699999999998276,5004,S4_FRONT_PAIR_ADVANCE,ADVANCE,v009_20260806_215232_433234_manual:S4_FRONT_PAIR_ADVANCE:ALTERNATE_PROFILE_1:segments-52-53,12.858333333332606,0.0,53,0.48723363876342773,-0.0032651573419570923,0.09708227217197418,-0.07765838159850352,-0.09118162344536625,-0.0072850307382777155,,3,True,False,recoverable,0,False,RUNNING
41.76666666666494,5012,S4_FRONT_PAIR_ADVANCE,ADVANCE,v009_20260806_215232_433234_manual:S4_FRONT_PAIR_ADVANCE:ALTERNATE_PROFILE_1:segments-52-53,12.924999999999269,0.0,53,0.4882252812385559,-0.0033090487122535706,0.09718877077102661,-0.07724289713916808,-0.09115927489676662,-0.007298189741059102,,3,True,False,recoverable,0,False,RUNNING
41.8333333333316,5020,S4_FRONT_PAIR_ADVANCE,ADVANCE,v009_20260806_215232_433234_manual:S4_FRONT_PAIR_ADVANCE:ALTERNATE_PROFILE_1:segments-52-53,12.991666666665932,0.0,53,0.4892151355743408,-0.0033575445413589478,0.09728047996759415,-0.07678525630902677,-0.0911115340509791,-0.00733608041781874,,3,True,False,recoverable,0,False,RUNNING
41.899999999998265,5028,S4_FRONT_PAIR_ADVANCE,ADVANCE,v009_20260806_215232_433234_manual:S4_FRONT_PAIR_ADVANCE:ALTERNATE_PROFILE_1:segments-52-53,13.058333333332595,0.0,53,0.4902392625808716,-0.0034141167998313904,0.09735572338104248,-0.07629646171120519,-0.09106257689801217,-0.007365742459948671,,3,True,False,recoverable,0,False,RUNNING
41.96666666666493,5036,S4_FRONT_PAIR_ADVANCE,ADVANCE,v009_20260806_215232_433234_manual:S4_FRONT_PAIR_ADVANCE:ALTERNATE_PROFILE_1:segments-52-53,13.124999999999257,0.0,53,0.4912880063056946,-0.003467857837677002,0.09740222990512848,-0.07585494903607502,-0.09104375039876138,-0.0074069178521492,,3,True,False,recoverable,0,False,RUNNING
42.03333333333159,5044,S4_FRONT_PAIR_ADVANCE,ADVANCE,v009_20260806_215232_433234_manual:S4_FRONT_PAIR_ADVANCE:ALTERNATE_PROFILE_1:segments-52-53,13.19166666666592,0.0,53,0.49231407046318054,-0.0035139694809913635,0.09742078930139542,-0.07536523668935924,-0.0909744490056336,-0.007457782058242542,,3,True,False,recoverable,0,False,RUNNING
42.09999999999825,5052,S4_FRONT_PAIR_ADVANCE,ADVANCE,v009_20260806_215232_433234_manual:S4_FRONT_PAIR_ADVANCE:ALTERNATE_PROFILE_1:segments-52-53,13.258333333332583,0.0,53,0.49333328008651733,-0.0035463720560073853,0.09744247049093246,-0.07485788455982918,-0.09098760362832108,-0.007461672086361075,,3,True,False,recoverable,0,False,RUNNING
42.166666666664916,5060,S4_FRONT_PAIR_ADVANCE,ADVANCE,v009_20260806_215232_433234_manual:S4_FRONT_PAIR_ADVANCE:ALTERNATE_PROFILE_1:segments-52-53,13.324999999999246,0.0,53,0.49442917108535767,-0.003575056791305542,0.0974399670958519,-0.07428315658298619,-0.09100277379942966,-0.00747500854286965,,3,True,False,recoverable,0,False,RUNNING
42.23333333333158,5068,S4_FRONT_PAIR_ADVANCE,ADVANCE,v009_20260806_215232_433234_manual:S4_FRONT_PAIR_ADVANCE:ALTERNATE_PROFILE_1:segments-52-53,13.391666666665909,0.0,53,0.4954947233200073,-0.003605581820011139,0.09740007668733597,-0.07370480307967309,-0.0909414634727517,-0.007490978841870301,,3,True,False,recoverable,0,False,RUNNING
42.29999999999824,5076,S4_FRONT_PAIR_ADVANCE,ADVANCE,v009_20260806_215232_433234_manual:S4_FRONT_PAIR_ADVANCE:ALTERNATE_PROFILE_1:segments-52-53,13.458333333332572,0.0,53,0.49659842252731323,-0.0036430656909942627,0.09733818471431732,-0.07311573879567006,-0.09089040792828317,-0.00747902041052455,,3,True,False,recoverable,0,False,RUNNING
42.366666666664905,5084,S4_FRONT_PAIR_ADVANCE,ADVANCE,v009_20260806_215232_433234_manual:S4_FRONT_PAIR_ADVANCE:ALTERNATE_PROFILE_1:segments-52-53,13.524999999999235,0.0,53,0.4974805414676666,-0.0036577656865119934,0.09725533425807953,-0.07292129241625078,-0.09063731356756745,-0.007441802254857638,,3,True,False,recoverable,0,False,RUNNING
42.43333333333157,5092,S4_FRONT_PAIR_ADVANCE,ADVANCE,v009_20260806_215232_433234_manual:S4_FRONT_PAIR_ADVANCE:ALTERNATE_PROFILE_1:segments-52-53,13.591666666665898,0.0,53,0.4983782470226288,-0.0036435574293136597,0.09718267619609833,-0.07303236358280571,-0.09038268108747907,-0.007445697742638191,,3,True,False,recoverable,0,False,RUNNING
42.49999999999823,5100,S4_FRONT_PAIR_ADVANCE,ADVANCE,v009_20260806_215232_433234_manual:S4_FRONT_PAIR_ADVANCE:ALTERNATE_PROFILE_1:segments-52-53,13.65833333333256,0.0,53,0.49949562549591064,-0.003657311201095581,0.0970679521560669,-0.07312984240524362,-0.09027393651785562,-0.007478266539445031,,3,True,False,recoverable,0,False,RUNNING
42.566666666664894,5108,S4_FRONT_PAIR_ADVANCE,ADVANCE,v009_20260806_215232_433234_manual:S4_FRONT_PAIR_ADVANCE:ALTERNATE_PROFILE_1:segments-52-53,13.724999999999223,0.0,53,0.5005558133125305,-0.003682650625705719,0.09693005681037903,-0.07341724780086596,-0.09006400721575067,-0.007514301883546467,,3,True,False,recoverable,0,False,RUNNING
42.63333333333156,5116,S4_FRONT_PAIR_ADVANCE,ADVANCE,v009_20260806_215232_433234_manual:S4_FRONT_PAIR_ADVANCE:ALTERNATE_PROFILE_1:segments-52-53,13.791666666665886,0.0,53,0.5014752149581909,-0.003648996353149414,0.09681612998247147,-0.0735722986461445,-0.08972292841271567,-0.00751145297063978,,3,True,False,recoverable,0,False,RUNNING
42.69999999999822,5124,S4_FRONT_PAIR_ADVANCE,ADVANCE,v009_20260806_215232_433234_manual:S4_FRONT_PAIR_ADVANCE:ALTERNATE_PROFILE_1:segments-52-53,13.85833333333255,0.0,53,0.5025085806846619,-0.0036344751715660095,0.09667366743087769,-0.0739743715020518,-0.08949387582273116,-0.007480892412498463,,3,True,False,recoverable,0,False,RUNNING
42.76666666666488,5132,S4_FRONT_PAIR_ADVANCE,ADVANCE,v009_20260806_215232_433234_manual:S4_FRONT_PAIR_ADVANCE:ALTERNATE_PROFILE_1:segments-52-53,13.924999999999212,0.0,53,0.503299355506897,-0.0036217644810676575,0.09668883681297302,-0.07433587014584286,-0.08965154089554568,-0.007526764036865275,,3,True,False,recoverable,0,False,RUNNING
42.833333333331545,5140,S4_FRONT_PAIR_ADVANCE,ADVANCE,v009_20260806_215232_433234_manual:S4_FRONT_PAIR_ADVANCE:ALTERNATE_PROFILE_1:segments-52-53,13.991666666665875,0.0,53,0.5040900707244873,-0.0036038383841514587,0.09674772620201111,-0.07471516280218485,-0.09000931204302447,-0.007526436114505621,,3,True,False,recoverable,0,False,RUNNING
42.89999999999821,5148,S4_FRONT_PAIR_ADVANCE,ADVANCE,v009_20260806_215232_433234_manual:S4_FRONT_PAIR_ADVANCE:ALTERNATE_PROFILE_1:segments-52-53,14.058333333332538,0.0,53,0.5049421787261963,-0.003589943051338196,0.09680948406457901,-0.07509206700956489,-0.09044385688727472,-0.0075496551657997756,,3,True,False,recoverable,0,False,RUNNING
42.96666666666487,5156,S4_FRONT_PAIR_ADVANCE,ADVANCE,v009_20260806_215232_433234_manual:S4_FRONT_PAIR_ADVANCE:ALTERNATE_PROFILE_1:segments-52-53,14.1249999999992,0.0,53,0.5058117508888245,-0.0035754069685935974,0.09685088694095612,-0.07551242589312405,-0.09090494220296808,-0.007533512850121376,,3,True,False,recoverable,0,False,RUNNING
43.033333333331534,5164,S4_FRONT_PAIR_ADVANCE,ADVANCE,v009_20260806_215232_433234_manual:S4_FRONT_PAIR_ADVANCE:ALTERNATE_PROFILE_1:segments-52-53,14.191666666665864,0.0,53,0.5067212581634521,-0.0035578757524490356,0.09688007831573486,-0.07596073873484167,-0.0914295339702227,-0.007553597350086177,,3,True,False,recoverable,0,False,RUNNING
43.0999999999982,5172,S4_FRONT_PAIR_ADVANCE,ADVANCE,v009_20260806_215232_433234_manual:S4_FRONT_PAIR_ADVANCE:ALTERNATE_PROFILE_1:segments-52-53,14.258333333332526,0.0,53,0.5076389908790588,-0.0035761967301368713,0.09694723784923553,-0.07593469142145305,-0.0916036022033422,-0.007563336407757469,,3,True,False,recoverable,0,False,RUNNING
43.16666666666486,5180,S4_FRONT_PAIR_ADVANCE,ADVANCE,v009_20260806_215232_433234_manual:S4_FRONT_PAIR_ADVANCE:ALTERNATE_PROFILE_1:segments-52-53,14.32499999999919,0.0,53,0.5086221694946289,-0.00363042950630188,0.09705661237239838,-0.0754311708588922,-0.09149736537666069,-0.00756887568386763,,3,True,False,recoverable,0,False,RUNNING
43.23333333333152,5188,S4_FRONT_PAIR_ADVANCE,ADVANCE,v009_20260806_215232_433234_manual:S4_FRONT_PAIR_ADVANCE:ALTERNATE_PROFILE_1:segments-52-53,14.391666666665852,0.0,53,0.5096306800842285,-0.0036794841289520264,0.09714419394731522,-0.07492867577398872,-0.09141018543337592,-0.007597710459388683,,3,True,False,recoverable,0,False,RUNNING
43.299999999998185,5196,S4_FRONT_PAIR_ADVANCE,ADVANCE,v009_20260806_215232_433234_manual:S4_FRONT_PAIR_ADVANCE:ALTERNATE_PROFILE_1:segments-52-53,14.458333333332515,0.0,53,0.5106538534164429,-0.0037222877144813538,0.09720823168754578,-0.07444254267203307,-0.09132232917182735,-0.00764018592923478,,3,True,False,recoverable,0,False,RUNNING
43.36666666666485,5204,S4_FRONT_PAIR_ADVANCE,ADVANCE,v009_20260806_215232_433234_manual:S4_FRONT_PAIR_ADVANCE:ALTERNATE_PROFILE_1:segments-52-53,14.524999999999178,0.0,53,0.5117014646530151,-0.003772146999835968,0.09725219756364822,-0.07396891117710613,-0.0912445562086651,-0.007652259703611207,,3,True,False,recoverable,0,False,RUNNING
43.43333333333151,5212,S4_FRONT_PAIR_ADVANCE,ADVANCE,v009_20260806_215232_433234_manual:S4_FRONT_PAIR_ADVANCE:ALTERNATE_PROFILE_1:segments-52-53,14.59166666666584,0.0,53,0.5127755999565125,-0.0038242563605308533,0.0972708910703659,-0.07350327111449777,-0.09117992485533671,-0.007697479346681406,,3,True,False,recoverable,0,False,RUNNING
43.499999999998174,5220,S4_FRONT_PAIR_ADVANCE,ADVANCE,v009_20260806_215232_433234_manual:S4_FRONT_PAIR_ADVANCE:ALTERNATE_PROFILE_1:segments-52-53,14.658333333332504,0.0,53,0.5136890411376953,-0.0038513541221618652,0.09729325771331787,-0.07336167034124878,-0.09090923974789951,-0.007744648931464057,,3,True,False,recoverable,0,False,RUNNING
43.56666666666484,5228,S4_FRONT_PAIR_ADVANCE,ADVANCE,v009_20260806_215232_433234_manual:S4_FRONT_PAIR_ADVANCE:ALTERNATE_PROFILE_1:segments-52-53,14.724999999999167,0.0,53,0.5145749449729919,-0.003861367702484131,0.09731180220842361,-0.07352584807071642,-0.0906096541008596,-0.007781415971708215,,3,True,False,recoverable,0,False,RUNNING
43.6333333333315,5236,S4_FRONT_PAIR_ADVANCE,ADVANCE,v009_20260806_215232_433234_manual:S4_FRONT_PAIR_ADVANCE:ALTERNATE_PROFILE_1:segments-52-53,14.79166666666583,0.0,53,0.5155293941497803,-0.0038611218333244324,0.09730816632509232,-0.07377062293575268,-0.09038612555581085,-0.007807036007562317,,3,True,False,recoverable,0,False,RUNNING
43.69999999999816,5244,S4_FRONT_PAIR_ADVANCE,ADVANCE,v009_20260806_215232_433234_manual:S4_FRONT_PAIR_ADVANCE:ALTERNATE_PROFILE_1:segments-52-53,14.858333333332492,0.0,53,0.5164951086044312,-0.0038619711995124817,0.0972847193479538,-0.07403960749178151,-0.09015858086966608,-0.007826582587869842,,3,True,False,recoverable,0,False,RUNNING
43.766666666664825,5252,S4_FRONT_PAIR_ADVANCE,ADVANCE,v009_20260806_215232_433234_manual:S4_FRONT_PAIR_ADVANCE:ALTERNATE_PROFILE_1:segments-52-53,14.924999999999155,0.0,53,0.5175151228904724,-0.0038575083017349243,0.09723976254463196,-0.0743196468124017,-0.08997332699796433,-0.00783285098340822,,3,True,False,recoverable,0,False,RUNNING
43.83333333333149,5260,S4_FRONT_PAIR_ADVANCE,ADVANCE,v009_20260806_215232_433234_manual:S4_FRONT_PAIR_ADVANCE:ALTERNATE_PROFILE_1:segments-52-53,14.991666666665818,0.0,53,0.5185675621032715,-0.003857851028442383,0.09717872738838196,-0.07463810254509366,-0.08979760501243998,-0.007844042137297239,,3,True,False,recoverable,0,False,RUNNING
43.89999999999815,5268,S4_FRONT_PAIR_ADVANCE,ADVANCE,v009_20260806_215232_433234_manual:S4_FRONT_PAIR_ADVANCE:ALTERNATE_PROFILE_1:segments-52-53,15.058333333332481,0.0,53,0.5195877552032471,-0.0038553401827812195,0.0971049815416336,-0.07497550631007226,-0.08964003751761165,-0.007868690746122415,,3,True,False,recoverable,0,False,RUNNING
43.966666666664814,5276,S4_FRONT_PAIR_ADVANCE,ADVANCE,v009_20260806_215232_433234_manual:S4_FRONT_PAIR_ADVANCE:ALTERNATE_PROFILE_1:segments-52-53,15.124999999999144,0.0,53,0.5204010605812073,-0.0038515999913215637,0.0971677377820015,-0.07526661919792013,-0.08977428728542762,-0.007873644484018543,,3,True,False,recoverable,0,False,RUNNING
44.03333333333148,5284,S4_FRONT_PAIR_ADVANCE,ADVANCE,v009_20260806_215232_433234_manual:S4_FRONT_PAIR_ADVANCE:ALTERNATE_PROFILE_1:segments-52-53,15.191666666665807,0.0,53,0.5212738513946533,-0.003837957978248596,0.09721989929676056,-0.07557087162973618,-0.09000229186097283,-0.00789871595447734,,3,True,False,recoverable,0,False,RUNNING
44.09999999999814,5292,S4_FRONT_PAIR_ADVANCE,ADVANCE,v009_20260806_215232_433234_manual:S4_FRONT_PAIR_ADVANCE:ALTERNATE_PROFILE_1:segments-52-53,15.25833333333247,0.0,53,0.5221831202507019,-0.0038422495126724243,0.09726481139659882,-0.0758738463895018,-0.09026371963205279,-0.00791019029579713,,3,True,False,recoverable,0,False,RUNNING
44.1666666666648,5300,S4_FRONT_PAIR_ADVANCE,ADVANCE,v009_20260806_215232_433234_manual:S4_FRONT_PAIR_ADVANCE:ALTERNATE_PROFILE_1:segments-52-53,15.324999999999132,0.0,53,0.523140549659729,-0.0038322508335113525,0.09729349613189697,-0.07623445867946756,-0.09058671998140139,-0.007912717777474222,,3,True,False,recoverable,0,False,RUNNING
44.233333333331466,5308,S4_FRONT_PAIR_ADVANCE,ADVANCE,v009_20260806_215232_433234_manual:S4_FRONT_PAIR_ADVANCE:ALTERNATE_PROFILE_1:segments-52-53,15.391666666665795,0.0,53,0.5240911841392517,-0.003826044499874115,0.09730264544487,-0.0765985391509333,-0.09090509882193037,-0.007948333887475125,,3,True,False,recoverable,0,False,RUNNING
44.29999999999813,5316,S4_FRONT_PAIR_ADVANCE,ADVANCE,v009_20260806_215232_433234_manual:S4_FRONT_PAIR_ADVANCE:ALTERNATE_PROFILE_1:segments-52-53,15.458333333332458,0.0,53,0.5250675082206726,-0.0038250982761383057,0.09729288518428802,-0.07692411591482445,-0.09121588801895704,-0.007944180294241977,,3,True,False,recoverable,0,False,RUNNING
44.36666666666479,5324,S4_FRONT_PAIR_ADVANCE,ADVANCE,v009_20260806_215232_433234_manual:S4_FRONT_PAIR_ADVANCE:ALTERNATE_PROFILE_1:segments-52-53,15.524999999999121,0.0,53,0.526053786277771,-0.0038318857550621033,0.09727035462856293,-0.0772012951455305,-0.09152961513415002,-0.00796382284613388,,3,True,False,recoverable,0,False,RUNNING
44.433333333331454,5332,S4_FRONT_PAIR_ADVANCE,ADVANCE,v009_20260806_215232_433234_manual:S4_FRONT_PAIR_ADVANCE:ALTERNATE_PROFILE_1:segments-52-53,15.591666666665784,0.0,53,0.5270627737045288,-0.0038283616304397583,0.0972210243344307,-0.0775485769427417,-0.09187221888813056,-0.007979577345795599,,3,True,False,recoverable,0,False,RUNNING
44.49999999999812,5340,S4_FRONT_PAIR_ADVANCE,ADVANCE,v009_20260806_215232_433234_manual:S4_FRONT_PAIR_ADVANCE:ALTERNATE_PROFILE_1:segments-52-53,15.658333333332447,0.0,53,0.5281057953834534,-0.003829844295978546,0.097140371799469,-0.0778780285835602,-0.09219389005927425,-0.00797477388462409,,3,True,False,recoverable,0,False,RUNNING
44.56666666666478,5348,S4_FRONT_PAIR_ADVANCE,ADVANCE,v009_20260806_215232_433234_manual:S4_FRONT_PAIR_ADVANCE:ALTERNATE_PROFILE_1:segments-52-53,15.72499999999911,0.0,53,0.5291459560394287,-0.0038256123661994934,0.09704219549894333,-0.07821566230075987,-0.09251073212245031,-0.007979186195919917,,3,True,False,recoverable,0,False,RUNNING
44.63333333333144,5356,S4_FRONT_PAIR_ADVANCE,ADVANCE,v009_20260806_215232_433234_manual:S4_FRONT_PAIR_ADVANCE:ALTERNATE_PROFILE_1:segments-52-53,15.791666666665773,0.0,53,0.530227541923523,-0.003820545971393585,0.09692896157503128,-0.07844225647674465,-0.09272145611941301,-0.007972793209583651,,3,True,False,recoverable,0,False,RUNNING
44.699999999998106,5364,S4_FRONT_PAIR_ADVANCE,ADVANCE,v009_20260806_215232_433234_manual:S4_FRONT_PAIR_ADVANCE:ALTERNATE_PROFILE_1:segments-52-53,15.858333333332435,0.0,53,0.53135746717453,-0.003862254321575165,0.09684967994689941,-0.07808159382035447,-0.09255960787262948,-0.007993854921217314,,3,True,False,recoverable,0,False,RUNNING
44.76666666666477,5372,S4_FRONT_PAIR_ADVANCE,ADVANCE,v009_20260806_215232_433234_manual:S4_FRONT_PAIR_ADVANCE:ALTERNATE_PROFILE_1:segments-52-53,15.924999999999098,0.0,53,0.5325174331665039,-0.0039049237966537476,0.09674207121133804,-0.07770075877347878,-0.09239005381656132,-0.007992363905026357,,3,True,False,recoverable,0,False,RUNNING
44.83333333333143,5380,S4_FRONT_PAIR_ADVANCE,ADVANCE,v009_20260806_215232_433234_manual:S4_FRONT_PAIR_ADVANCE:ALTERNATE_PROFILE_1:segments-52-53,15.991666666665761,0.0,53,0.533711850643158,-0.003956779837608337,0.09660843759775162,-0.07730537451514827,-0.09221803683752074,-0.008007243942429305,,3,True,False,recoverable,0,False,RUNNING
44.899999999998094,5388,S4_FRONT_PAIR_ADVANCE,ADVANCE,v009_20260806_215232_433234_manual:S4_FRONT_PAIR_ADVANCE:ALTERNATE_PROFILE_1:segments-52-53,16.058333333332424,0.0,53,0.5349392890930176,-0.0040103718638420105,0.09644335508346558,-0.07686143088427538,-0.09202822969427503,-0.00800358122064377,,3,True,False,recoverable,0,False,RUNNING
44.96666666666476,5396,S4_FRONT_PAIR_ADVANCE,ADVANCE,v009_20260806_215232_433234_manual:S4_FRONT_PAIR_ADVANCE:ALTERNATE_PROFILE_1:segments-52-53,16.124999999999087,0.0,53,0.5356435775756836,-0.004014879465103149,0.0964624285697937,-0.07707943305108758,-0.09188051529641497,-0.008057127444083458,,3,True,False,recoverable,0,False,RUNNING
45.03333333333142,5404,S4_FRONT_PAIR_ADVANCE,ADVANCE,v009_20260806_215232_433234_manual:S4_FRONT_PAIR_ADVANCE:ALTERNATE_PROFILE_1:segments-52-53,16.19166666666575,0.0,53,0.5362958312034607,-0.003998361527919769,0.0965207889676094,-0.07749254186188476,-0.09190563687233837,-0.008086004012032591,,3,True,False,recoverable,0,False,RUNNING
45.09999999999808,5412,S4_FRONT_PAIR_ADVANCE,ADVANCE,v009_20260806_215232_433234_manual:S4_FRONT_PAIR_ADVANCE:ALTERNATE_PROFILE_1:segments-52-53,16.258333333332413,0.0,53,0.5370500087738037,-0.004021570086479187,0.09664147347211838,-0.0774973761579634,-0.0917403146771503,-0.008122608266162734,,3,True,False,recoverable,0,False,RUNNING
45.166666666664746,5420,S4_FRONT_PAIR_ADVANCE,ADVANCE,v009_20260806_215232_433234_manual:S4_FRONT_PAIR_ADVANCE:ALTERNATE_PROFILE_1:segments-52-53,16.324999999999076,0.0,53,0.5379032492637634,-0.004058621823787689,0.09678246825933456,-0.07725003089064801,-0.09151536831762119,-0.008132761725548554,,3,True,False,recoverable,0,False,RUNNING
45.23333333333141,5428,S4_FRONT_PAIR_ADVANCE,ADVANCE,v009_20260806_215232_433234_manual:S4_FRONT_PAIR_ADVANCE:ALTERNATE_PROFILE_1:segments-52-53,16.39166666666574,0.0,53,0.5387560725212097,-0.004103563725948334,0.09692324697971344,-0.07700802562450543,-0.09133564421472372,-0.008135540155653966,,3,True,False,recoverable,0,False,RUNNING
45.29999999999807,5436,S4_FRONT_PAIR_ADVANCE,ADVANCE,v009_20260806_215232_433234_manual:S4_FRONT_PAIR_ADVANCE:ALTERNATE_PROFILE_1:segments-52-53,16.4583333333324,0.0,53,0.539708137512207,-0.0041438862681388855,0.09703604131937027,-0.07683673728129366,-0.09120938046073453,-0.008138529943856207,,3,True,False,recoverable,0,False,RUNNING
45.366666666664734,5444,S4_FRONT_PAIR_ADVANCE,ADVANCE,v009_20260806_215232_433234_manual:S4_FRONT_PAIR_ADVANCE:ALTERNATE_PROFILE_1:segments-52-53,16.524999999999064,0.0,53,0.5406525135040283,-0.004190586507320404,0.09713553637266159,-0.07664476006377512,-0.09108244503982216,-0.008160133214095233,,3,True,False,recoverable,0,False,RUNNING
45.4333333333314,5452,S4_FRONT_PAIR_ADVANCE,ADVANCE,v009_20260806_215232_433234_manual:S4_FRONT_PAIR_ADVANCE:ALTERNATE_PROFILE_1:segments-52-53,16.591666666665727,0.0,53,0.5416165590286255,-0.0042218491435050964,0.09721986204385757,-0.0765092084794009,-0.09095309936495088,-0.008229640188220255,,3,True,False,recoverable,0,False,RUNNING
45.49999999999806,5460,S4_FRONT_PAIR_ADVANCE,ADVANCE,v009_20260806_215232_433234_manual:S4_FRONT_PAIR_ADVANCE:ALTERNATE_PROFILE_1:segments-52-53,16.65833333333239,0.0,53,0.5426044464111328,-0.004255242645740509,0.0972883552312851,-0.07637137620508173,-0.0908423766760512,-0.008281905817435287,,3,True,False,recoverable,0,False,RUNNING
45.56666666666472,5468,S4_FRONT_PAIR_ADVANCE,ADVANCE,v009_20260806_215232_433234_manual:S4_FRONT_PAIR_ADVANCE:ALTERNATE_PROFILE_1:segments-52-53,16.724999999999053,0.0,53,0.5436134338378906,-0.004295907914638519,0.09734030812978745,-0.07621401174170307,-0.09072445952115063,-0.008332907727907771,,3,True,False,recoverable,0,False,RUNNING
45.633333333331386,5476,S4_FRONT_PAIR_ADVANCE,ADVANCE,v009_20260806_215232_433234_manual:S4_FRONT_PAIR_ADVANCE:ALTERNATE_PROFILE_1:segments-52-53,16.791666666665716,0.0,53,0.5446476936340332,-0.004338398575782776,0.09737255424261093,-0.07608547335477847,-0.09062541670790461,-0.008382248067997752,,3,True,False,recoverable,0,False,RUNNING
45.69999999999805,5484,S4_FRONT_PAIR_ADVANCE,ADVANCE,v009_20260806_215232_433234_manual:S4_FRONT_PAIR_ADVANCE:ALTERNATE_PROFILE_1:segments-52-53,16.85833333333238,0.0,53,0.5456669330596924,-0.0043659210205078125,0.09739561378955841,-0.07595072706270176,-0.09054783451535581,-0.008389507052013613,,3,True,False,recoverable,0,False,RUNNING
45.76666666666471,5492,S4_FRONT_PAIR_ADVANCE,ADVANCE,v009_20260806_215232_433234_manual:S4_FRONT_PAIR_ADVANCE:ALTERNATE_PROFILE_1:segments-52-53,16.92499999999904,0.0,53,0.5467360019683838,-0.004397749900817871,0.09737801551818848,-0.07584866129199354,-0.09043774773738204,-0.008417632091511565,,3,True,False,recoverable,0,False,RUNNING
45.833333333331375,5500,S4_FRONT_PAIR_ADVANCE,ADVANCE,v009_20260806_215232_433234_manual:S4_FRONT_PAIR_ADVANCE:ALTERNATE_PROFILE_1:segments-52-53,16.991666666665704,0.0,53,0.5478258728981018,-0.004428654909133911,0.09732895344495773,-0.0757415508320909,-0.09032012541406864,-0.00842623036539463,,3,True,False,recoverable,0,False,RUNNING
45.89999999999804,5508,S4_FRONT_PAIR_ADVANCE,ADVANCE,v009_20260806_215232_433234_manual:S4_FRONT_PAIR_ADVANCE:ALTERNATE_PROFILE_1:segments-52-53,17.058333333332367,0.0,53,0.5489103198051453,-0.004457511007785797,0.0972668007016182,-0.07559980340238096,-0.09016817831181015,-0.00843320466451439,,3,True,False,recoverable,0,False,RUNNING
45.9666666666647,5516,S4_FRONT_PAIR_ADVANCE,ADVANCE,v009_20260806_215232_433234_manual:S4_FRONT_PAIR_ADVANCE:ALTERNATE_PROFILE_1:segments-52-53,17.12499999999903,0.0,53,0.5500351786613464,-0.004493542015552521,0.09718102216720581,-0.0754358584903673,-0.09001281228168465,-0.008440633751291572,,3,True,False,recoverable,0,False,RUNNING
46.03333333333136,5524,S4_FRONT_PAIR_ADVANCE,ADVANCE,v009_20260806_215232_433234_manual:S4_FRONT_PAIR_ADVANCE:ALTERNATE_PROFILE_1:segments-52-53,17.191666666665693,0.0,53,0.5511736273765564,-0.0045220330357551575,0.0970635637640953,-0.07524489029069634,-0.08982864723949653,-0.008462399642929344,,3,True,False,recoverable,0,False,RUNNING
46.099999999998026,5532,S4_FRONT_PAIR_ADVANCE,ADVANCE,v009_20260806_215232_433234_manual:S4_FRONT_PAIR_ADVANCE:ALTERNATE_PROFILE_1:segments-52-53,17.258333333332356,0.0,53,0.5523350238800049,-0.004550732672214508,0.09691593050956726,-0.07504903497224046,-0.08963779342297457,-0.008490396054224292,,3,True,False,recoverable,0,False,RUNNING
46.16666666666469,5540,S4_FRONT_PAIR_ADVANCE,ADVANCE,v009_20260806_215232_433234_manual:S4_FRONT_PAIR_ADVANCE:ALTERNATE_PROFILE_1:segments-52-53,17.32499999999902,0.0,53,0.5535351037979126,-0.004582911729812622,0.09673722088336945,-0.0748171462752593,-0.0894376966322723,-0.008494586668454096,,3,True,False,recoverable,0,False,RUNNING
46.23333333333135,5548,S4_FRONT_PAIR_ADVANCE,ADVANCE,v009_20260806_215232_433234_manual:S4_FRONT_PAIR_ADVANCE:ALTERNATE_PROFILE_1:segments-52-53,17.39166666666568,0.0,53,0.5545309782028198,-0.004620648920536041,0.0966857448220253,-0.07457895424617494,-0.08955648237625281,-0.008523021953074875,,3,True,False,recoverable,0,False,RUNNING
46.299999999998015,5556,S4_FRONT_PAIR_ADVANCE,ADVANCE,v009_20260806_215232_433234_manual:S4_FRONT_PAIR_ADVANCE:ALTERNATE_PROFILE_1:segments-52-53,17.458333333332344,0.0,53,0.5553793907165527,-0.004647664725780487,0.09672202169895172,-0.07437018788455681,-0.08992802117862742,-0.008533949627804297,,3,True,False,recoverable,0,False,RUNNING
46.36666666666468,5564,S4_FRONT_PAIR_ADVANCE,ADVANCE,v009_20260806_215232_433234_manual:S4_FRONT_PAIR_ADVANCE:ALTERNATE_PROFILE_1:segments-52-53,17.524999999999007,0.0,53,0.5563101768493652,-0.0046848878264427185,0.09675431251525879,-0.07411369491802183,-0.09040552375658331,-0.008556614069799821,,3,True,False,recoverable,0,False,RUNNING
46.43333333333134,5572,S4_FRONT_PAIR_ADVANCE,ADVANCE,v009_20260806_215232_433234_manual:S4_FRONT_PAIR_ADVANCE:ALTERNATE_PROFILE_1:segments-52-53,17.59166666666567,0.0,53,0.5571785569190979,-0.004707954823970795,0.09677699953317642,-0.07403400362103693,-0.09078544119342309,-0.00857743631021905,,3,True,False,recoverable,0,False,RUNNING
46.499999999998,5580,S4_FRONT_PAIR_ADVANCE,ADVANCE,v009_20260806_215232_433234_manual:S4_FRONT_PAIR_ADVANCE:ALTERNATE_PROFILE_1:segments-52-53,17.658333333332333,0.0,53,0.5578325986862183,-0.00468241423368454,0.09681980311870575,-0.07462817176969634,-0.09094872970761456,-0.008640500558348037,,3,True,False,recoverable,0,False,RUNNING
46.566666666664666,5588,S4_FRONT_PAIR_ADVANCE,ADVANCE,v009_20260806_215232_433234_manual:S4_FRONT_PAIR_ADVANCE:ALTERNATE_PROFILE_1:segments-52-53,17.724999999998996,0.0,53,0.5585728287696838,-0.004656761884689331,0.09684734046459198,-0.07534352138397071,-0.09124311527302782,-0.008623135217514816,,3,True,False,recoverable,0,False,RUNNING
46.63333333333133,5596,S4_FRONT_PAIR_ADVANCE,ADVANCE,v009_20260806_215232_433234_manual:S4_FRONT_PAIR_ADVANCE:ALTERNATE_PROFILE_1:segments-52-53,17.79166666666566,0.0,53,0.5593897104263306,-0.004619978368282318,0.09687786549329758,-0.07605393361256887,-0.09161905501344071,-0.008651073923196717,,3,True,False,recoverable,0,False,RUNNING
46.69999999999799,5604,S4_FRONT_PAIR_ADVANCE,ADVANCE,v009_20260806_215232_433234_manual:S4_FRONT_PAIR_ADVANCE:ALTERNATE_PROFILE_1:segments-52-53,17.85833333333232,0.0,53,0.5602604150772095,-0.004641607403755188,0.09699564427137375,-0.07593656841410508,-0.09140366550840898,-0.008650850458534714,,3,True,False,recoverable,0,False,RUNNING
46.766666666664655,5612,S4_FRONT_PAIR_ADVANCE,ADVANCE,v009_20260806_215232_433234_manual:S4_FRONT_PAIR_ADVANCE:ALTERNATE_PROFILE_1:segments-52-53,17.924999999998985,0.0,53,0.5611750483512878,-0.004673019051551819,0.09710174053907394,-0.07581965027125444,-0.09122277337171526,-0.008663205610386443,,3,True,False,recoverable,0,False,RUNNING
46.83333333333132,5620,S4_FRONT_PAIR_ADVANCE,ADVANCE,v009_20260806_215232_433234_manual:S4_FRONT_PAIR_ADVANCE:ALTERNATE_PROFILE_1:segments-52-53,17.991666666665648,0.0,53,0.5621143579483032,-0.004702329635620117,0.09718801826238632,-0.07574982507043594,-0.09106416972031439,-0.008632539861625538,,3,True,False,recoverable,0,False,RUNNING
46.89999999999798,5628,S4_FRONT_PAIR_ADVANCE,ADVANCE,v009_20260806_215232_433234_manual:S4_FRONT_PAIR_ADVANCE:ALTERNATE_PROFILE_1:segments-52-53,18.05833333333231,0.0,53,0.5630741715431213,-0.004731908440589905,0.09726298600435257,-0.07565073353537556,-0.09090871271819564,-0.008657869592345727,,3,True,False,recoverable,0,False,RUNNING
46.96666666666464,5636,S4_FRONT_PAIR_ADVANCE,ADVANCE,v009_20260806_215232_433234_manual:S4_FRONT_PAIR_ADVANCE:ALTERNATE_PROFILE_1:segments-52-53,18.124999999998973,0.0,53,0.5640390515327454,-0.00476006418466568,0.0973137691617012,-0.07560697934488966,-0.09075732796839922,-0.008654718978919356,,3,True,False,recoverable,0,False,RUNNING
47.033333333331306,5644,S4_FRONT_PAIR_ADVANCE,ADVANCE,v009_20260806_215232_433234_manual:S4_FRONT_PAIR_ADVANCE:ALTERNATE_PROFILE_1:segments-52-53,18.191666666665636,0.0,53,0.5650228261947632,-0.004788041114807129,0.09733903408050537,-0.0756422420589539,-0.09064011328380113,-0.00864251400806769,,3,True,False,recoverable,0,False,RUNNING
47.09999999999797,5652,S4_FRONT_PAIR_ADVANCE,ADVANCE,v009_20260806_215232_433234_manual:S4_FRONT_PAIR_ADVANCE:ALTERNATE_PROFILE_1:segments-52-53,18.2583333333323,0.0,53,0.5660153031349182,-0.004820272326469421,0.09734957665205002,-0.07569459498336845,-0.09050955687801188,-0.008626493771031444,,3,True,False,recoverable,0,False,RUNNING
47.16666666666463,5660,S4_FRONT_PAIR_ADVANCE,ADVANCE,v009_20260806_215232_433234_manual:S4_FRONT_PAIR_ADVANCE:ALTERNATE_PROFILE_1:segments-52-53,18.324999999998962,0.0,53,0.5670401453971863,-0.004829838871955872,0.09735354036092758,-0.07568680011002384,-0.09035935244611586,-0.008654958645709582,,3,True,False,recoverable,0,False,RUNNING
47.233333333331295,5668,S4_FRONT_PAIR_ADVANCE,ADVANCE,v009_20260806_215232_433234_manual:S4_FRONT_PAIR_ADVANCE:ALTERNATE_PROFILE_1:segments-52-53,18.391666666665625,0.0,53,0.5680709481239319,-0.004841268062591553,0.0973343774676323,-0.0757090346086192,-0.09022312523910961,-0.008641798052227994,,3,True,False,recoverable,0,False,RUNNING
47.29999999999796,5676,S4_FRONT_PAIR_ADVANCE,ADVANCE,v009_20260806_215232_433234_manual:S4_FRONT_PAIR_ADVANCE:ALTERNATE_PROFILE_1:segments-52-53,18.458333333332288,0.0,53,0.5691190958023071,-0.0048540085554122925,0.09728757292032242,-0.07571137938406694,-0.09003290796460818,-0.008650709348388734,,3,True,False,recoverable,0,False,RUNNING
47.36666666666462,5684,S4_FRONT_PAIR_ADVANCE,ADVANCE,v009_20260806_215232_433234_manual:S4_FRONT_PAIR_ADVANCE:ALTERNATE_PROFILE_1:segments-52-53,18.52499999999895,0.0,53,0.5702100396156311,-0.0048690065741539,0.09722620248794556,-0.0756764282135131,-0.08984533241358765,-0.008631578271983525,,3,True,False,recoverable,0,False,RUNNING
47.433333333331284,5692,S4_FRONT_PAIR_ADVANCE,ADVANCE,v009_20260806_215232_433234_manual:S4_FRONT_PAIR_ADVANCE:ALTERNATE_PROFILE_1:segments-52-53,18.591666666665613,0.0,53,0.571332573890686,-0.00488688051700592,0.0971323773264885,-0.07567090162195197,-0.08965953990504576,-0.008637479932350933,,3,True,False,recoverable,0,False,RUNNING
47.49999999999795,5700,S4_FRONT_PAIR_ADVANCE,ADVANCE,v009_20260806_215232_433234_manual:S4_FRONT_PAIR_ADVANCE:ALTERNATE_PROFILE_1:segments-52-53,18.658333333332276,0.0,53,0.5724921226501465,-0.004905253648757935,0.09701207280158997,-0.07565090675281086,-0.08946283961461757,-0.00861550556614963,,3,True,False,recoverable,0,False,RUNNING
47.56666666666461,5708,S4_FRONT_PAIR_ADVANCE,ADVANCE,v009_20260806_215232_433234_manual:S4_FRONT_PAIR_ADVANCE:ALTERNATE_PROFILE_1:segments-52-53,18.72499999999894,0.0,53,0.5736801028251648,-0.004924863576889038,0.09685324877500534,-0.07565011035912497,-0.08924853617241625,-0.008609676666130044,,3,True,False,recoverable,0,False,RUNNING
47.63333333333127,5716,S4_FRONT_PAIR_ADVANCE,ADVANCE,v009_20260806_215232_433234_manual:S4_FRONT_PAIR_ADVANCE:ALTERNATE_PROFILE_1:segments-52-53,18.791666666665602,0.0,53,0.5749001502990723,-0.004948869347572327,0.09666953235864639,-0.07562465246266772,-0.08902607998901643,-0.008589115492579442,,3,True,False,recoverable,0,False,RUNNING
47.699999999997935,5724,S4_FRONT_PAIR_ADVANCE,ADVANCE,v009_20260806_215232_433234_manual:S4_FRONT_PAIR_ADVANCE:ALTERNATE_PROFILE_1:segments-52-53,18.858333333332265,0.0,53,0.5757248401641846,-0.004962831735610962,0.09670968353748322,-0.07561201471020813,-0.089323463543859,-0.008590236544098075,,3,True,False,recoverable,0,False,RUNNING
47.7666666666646,5732,S4_FRONT_PAIR_ADVANCE,ADVANCE,v009_20260806_215232_433234_manual:S4_FRONT_PAIR_ADVANCE:ALTERNATE_PROFILE_1:segments-52-53,18.924999999998928,0.0,53,0.5765974521636963,-0.0049791112542152405,0.09674546867609024,-0.07559598891178823,-0.08970696046407861,-0.008576089111677492,,3,True,False,recoverable,0,False,RUNNING
47.83333333333126,5740,S4_FRONT_PAIR_ADVANCE,ADVANCE,v009_20260806_215232_433234_manual:S4_FRONT_PAIR_ADVANCE:ALTERNATE_PROFILE_1:segments-52-53,18.99166666666559,0.0,53,0.5775330066680908,-0.005020350217819214,0.09680525958538055,-0.0753186739613987,-0.0899909152583465,-0.008572391644866824,,3,True,False,recoverable,0,False,RUNNING
47.899999999997924,5748,S4_FRONT_PAIR_ADVANCE,ADVANCE,v009_20260806_215232_433234_manual:S4_FRONT_PAIR_ADVANCE:ALTERNATE_PROFILE_1:segments-52-53,19.058333333332254,0.0,53,0.5785254836082458,-0.005077816545963287,0.09688391536474228,-0.0745867543183527,-0.09007735513431944,-0.008595681514918555,,3,True,False,recoverable,0,False,RUNNING
47.96666666666459,5756,S4_FRONT_PAIR_ADVANCE,ADVANCE,v009_20260806_215232_433234_manual:S4_FRONT_PAIR_ADVANCE:ALTERNATE_PROFILE_1:segments-52-53,19.124999999998916,0.0,53,0.5795229077339172,-0.005125477910041809,0.09694872051477432,-0.07404465125122517,-0.09018901340308653,-0.008648825430233001,,3,True,False,recoverable,0,False,RUNNING
48.03333333333125,5764,S4_FRONT_PAIR_ADVANCE,ADVANCE,v009_20260806_215232_433234_manual:S4_FRONT_PAIR_ADVANCE:ALTERNATE_PROFILE_1:segments-52-53,19.19166666666558,0.0,53,0.5804896354675293,-0.005161173641681671,0.0970110222697258,-0.07368229332068815,-0.09023765817575427,-0.008678025198420987,,3,True,False,recoverable,0,False,RUNNING
48.09999999999791,5772,S4_FRONT_PAIR_ADVANCE,ADVANCE,v009_20260806_215232_433234_manual:S4_FRONT_PAIR_ADVANCE:ALTERNATE_PROFILE_1:segments-52-53,19.258333333332242,0.0,53,0.5815032124519348,-0.005206979811191559,0.09705287218093872,-0.07325766023962518,-0.09032665248479209,-0.00871982485713877,,3,True,False,recoverable,0,False,RUNNING
48.166666666664575,5780,S4_FRONT_PAIR_ADVANCE,ADVANCE,v009_20260806_215232_433234_manual:S4_FRONT_PAIR_ADVANCE:ALTERNATE_PROFILE_1:segments-52-53,19.324999999998905,0.0,53,0.5824646949768066,-0.0052563101053237915,0.09709854423999786,-0.07275104070535701,-0.09040010559171767,-0.008754356912885834,,3,True,False,recoverable,0,False,RUNNING
48.23333333333124,5788,S4_FRONT_PAIR_ADVANCE,ADVANCE,v009_20260806_215232_433234_manual:S4_FRONT_PAIR_ADVANCE:ALTERNATE_PROFILE_1:segments-52-53,19.391666666665568,0.0,53,0.5832522511482239,-0.0052709877490997314,0.0971597209572792,-0.07275453152850837,-0.09029451199895791,-0.008785129605139629,,3,True,False,recoverable,0,False,RUNNING
48.2999999999979,5796,S4_FRONT_PAIR_ADVANCE,ADVANCE,v009_20260806_215232_433234_manual:S4_FRONT_PAIR_ADVANCE:ALTERNATE_PROFILE_1:segments-52-53,19.45833333333223,0.0,53,0.5841153264045715,-0.0052778273820877075,0.09720955789089203,-0.07284975516659546,-0.09028919766957454,-0.008782202655100298,,3,True,False,recoverable,0,False,RUNNING
48.366666666664564,5804,S4_FRONT_PAIR_ADVANCE,ADVANCE,v009_20260806_215232_433234_manual:S4_FRONT_PAIR_ADVANCE:ALTERNATE_PROFILE_1:segments-52-53,19.524999999998894,0.0,53,0.5850369930267334,-0.005279563367366791,0.09724932909011841,-0.07301868626333993,-0.09035604182129185,-0.008821543563017169,,3,True,False,recoverable,0,False,RUNNING
48.43333333333123,5812,S4_FRONT_PAIR_ADVANCE,ADVANCE,v009_20260806_215232_433234_manual:S4_FRONT_PAIR_ADVANCE:ALTERNATE_PROFILE_1:segments-52-53,19.591666666665557,0.0,53,0.5859927535057068,-0.005281411111354828,0.09727337956428528,-0.07321914997682318,-0.09044971041076452,-0.00881639380025621,,3,True,False,recoverable,0,False,RUNNING
48.49999999999789,5820,S4_FRONT_PAIR_ADVANCE,ADVANCE,v009_20260806_215232_433234_manual:S4_FRONT_PAIR_ADVANCE:ALTERNATE_PROFILE_1:segments-52-53,19.65833333333222,0.0,53,0.5869803428649902,-0.005279913544654846,0.09728284180164337,-0.07345250916841492,-0.09058163358626405,-0.00885845004317108,,3,True,False,recoverable,0,False,RUNNING
48.56666666666455,5828,S4_FRONT_PAIR_ADVANCE,ADVANCE,v009_20260806_215232_433234_manual:S4_FRONT_PAIR_ADVANCE:ALTERNATE_PROFILE_1:segments-52-53,19.724999999998882,0.0,53,0.5879884958267212,-0.005279310047626495,0.09727195650339127,-0.07372902681295464,-0.09071002354509242,-0.00885162164042823,,3,True,False,recoverable,0,False,RUNNING
48.633333333331215,5836,S4_FRONT_PAIR_ADVANCE,ADVANCE,v009_20260806_215232_433234_manual:S4_FRONT_PAIR_ADVANCE:ALTERNATE_PROFILE_1:segments-52-53,19.791666666665545,0.0,53,0.5890173316001892,-0.005273684859275818,0.09724077582359314,-0.07399767721074946,-0.09084086165992977,-0.008874379627920774,,3,True,False,recoverable,0,False,RUNNING
48.69999999999788,5844,S4_FRONT_PAIR_ADVANCE,ADVANCE,v009_20260806_215232_433234_manual:S4_FRONT_PAIR_ADVANCE:ALTERNATE_PROFILE_1:segments-52-53,19.858333333332208,0.0,53,0.5900663733482361,-0.0052771419286727905,0.09719058871269226,-0.07429627452598209,-0.09098230343268249,-0.008897535085185303,,3,True,False,recoverable,0,False,RUNNING
48.76666666666454,5852,S4_FRONT_PAIR_ADVANCE,ADVANCE,v009_20260806_215232_433234_manual:S4_FRONT_PAIR_ADVANCE:ALTERNATE_PROFILE_1:segments-52-53,19.92499999999887,0.0,53,0.5911307334899902,-0.005277454853057861,0.09711474925279617,-0.07459353673981249,-0.0911154198509371,-0.008907472767631253,,3,True,False,recoverable,0,False,RUNNING
48.833333333331204,5860,S4_FRONT_PAIR_ADVANCE,ADVANCE,v009_20260806_215232_433234_manual:S4_FRONT_PAIR_ADVANCE:ALTERNATE_PROFILE_1:segments-52-53,19.991666666665534,0.0,53,0.5922179818153381,-0.005281373858451843,0.09701743721961975,-0.07491299095625355,-0.0912587198852272,-0.008935895130900146,,3,True,False,recoverable,0,False,RUNNING
48.89999999999787,5868,S4_FRONT_PAIR_ADVANCE,ADVANCE,v009_20260806_215232_433234_manual:S4_FRONT_PAIR_ADVANCE:ALTERNATE_PROFILE_1:segments-52-53,20.058333333332197,0.0,53,0.593310534954071,-0.00528968870639801,0.09691111743450165,-0.07509957234456557,-0.0912740076474803,-0.008957379156795979,,3,True,False,recoverable,0,False,RUNNING
48.96666666666453,5876,S4_FRONT_PAIR_ADVANCE,ADVANCE,v009_20260806_215232_433234_manual:S4_FRONT_PAIR_ADVANCE:ALTERNATE_PROFILE_1:segments-52-53,20.12499999999886,0.0,53,0.5944398641586304,-0.00534261018037796,0.09686104953289032,-0.07456728949784329,-0.09081203673652055,-0.008990747776554705,,3,True,False,recoverable,0,False,RUNNING
49.03333333333119,5884,S4_FRONT_PAIR_ADVANCE,ADVANCE,v009_20260806_215232_433234_manual:S4_FRONT_PAIR_ADVANCE:ALTERNATE_PROFILE_1:segments-52-53,20.191666666665522,0.0,53,0.5955981612205505,-0.005396567285060883,0.09678375720977783,-0.07402280876775096,-0.09034237294405571,-0.008997746752609337,,3,True,False,recoverable,0,False,RUNNING
49.099999999997856,5892,S4_FRONT_PAIR_ADVANCE,ADVANCE,v009_20260806_215232_433234_manual:S4_FRONT_PAIR_ADVANCE:ALTERNATE_PROFILE_1:segments-52-53,20.258333333332185,0.0,53,0.5967939496040344,-0.00545886904001236,0.09667675197124481,-0.07349222100096629,-0.0898849206355777,-0.009012378947401025,,3,True,False,recoverable,0,False,RUNNING
49.16666666666452,5900,S4_FRONT_PAIR_ADVANCE,ADVANCE,v009_20260806_215232_433234_manual:S4_FRONT_PAIR_ADVANCE:ALTERNATE_PROFILE_1:segments-52-53,20.324999999998848,0.0,53,0.5980085134506226,-0.005521304905414581,0.09653620421886444,-0.07292712273094532,-0.08938373189823309,-0.009012680590175478,,3,True,False,recoverable,0,False,RUNNING
49.23333333333118,5908,S4_FRONT_PAIR_ADVANCE,ADVANCE,v009_20260806_215232_433234_manual:S4_FRONT_PAIR_ADVANCE:ALTERNATE_PROFILE_1:segments-52-53,20.39166666666551,0.0,53,0.5991334319114685,-0.00556095689535141,0.0963994711637497,-0.07267841840242983,-0.08873960446563532,-0.009018646990759284,,3,True,False,recoverable,0,False,RUNNING
49.299999999997844,5916,S4_FRONT_PAIR_ADVANCE,ADVANCE,v009_20260806_215232_433234_manual:S4_FRONT_PAIR_ADVANCE:ALTERNATE_PROFILE_1:segments-52-53,20.458333333332174,0.0,53,0.6000900864601135,-0.005564168095588684,0.09625765681266785,-0.07298298704452989,-0.08796862028566768,-0.009048662207074745,,3,True,False,recoverable,0,False,RUNNING
49.36666666666451,5924,S4_FRONT_PAIR_ADVANCE,ADVANCE,v009_20260806_215232_433234_manual:S4_FRONT_PAIR_ADVANCE:ALTERNATE_PROFILE_1:segments-52-53,20.524999999998837,0.0,53,0.601148784160614,-0.005569480359554291,0.09609662741422653,-0.07335060789459129,-0.08727682939417265,-0.009080749504160329,,3,True,False,recoverable,0,False,RUNNING
49.43333333333117,5932,S4_FRONT_PAIR_ADVANCE,ADVANCE,v009_20260806_215232_433234_manual:S4_FRONT_PAIR_ADVANCE:ALTERNATE_PROFILE_1:segments-52-53,20.5916666666655,0.0,53,0.6019017696380615,-0.005560964345932007,0.09614136815071106,-0.07366225272517499,-0.08715871819225066,-0.009115103116008902,,3,True,False,recoverable,0,False,RUNNING
49.49999999999783,5940,S4_FRONT_PAIR_ADVANCE,ADVANCE,v009_20260806_215232_433234_manual:S4_FRONT_PAIR_ADVANCE:ALTERNATE_PROFILE_1:segments-52-53,20.658333333332163,0.0,53,0.6026172637939453,-0.005562454462051392,0.0962168425321579,-0.07396568050588757,-0.08716928176741202,-0.009151294011818106,,3,True,False,recoverable,0,False,RUNNING
49.566666666664496,5948,S4_FRONT_PAIR_ADVANCE,ADVANCE,v009_20260806_215232_433234_manual:S4_FRONT_PAIR_ADVANCE:ALTERNATE_PROFILE_1:segments-52-53,20.724999999998825,0.0,53,0.6034133434295654,-0.005570925772190094,0.09628892689943314,-0.07429427289784046,-0.08727556319490963,-0.00916224885672628,,3,True,False,recoverable,0,False,RUNNING
49.63333333333116,5956,S4_FRONT_PAIR_ADVANCE,ADVANCE,v009_20260806_215232_433234_manual:S4_FRONT_PAIR_ADVANCE:ALTERNATE_PROFILE_1:segments-52-53,20.79166666666549,0.0,53,0.604276180267334,-0.0055640339851379395,0.09635922312736511,-0.07463225557405163,-0.0874715032956397,-0.00922166235194468,,3,True,False,recoverable,0,False,RUNNING
49.69999999999782,5964,S4_FRONT_PAIR_ADVANCE,ADVANCE,v009_20260806_215232_433234_manual:S4_FRONT_PAIR_ADVANCE:ALTERNATE_PROFILE_1:segments-52-53,20.85833333333215,0.0,53,0.6051338315010071,-0.005558207631111145,0.09642249345779419,-0.07501535831413181,-0.08770456071946993,-0.009247489733772813,,3,True,False,recoverable,0,False,RUNNING
49.766666666664484,5972,S4_FRONT_PAIR_ADVANCE,ADVANCE,v009_20260806_215232_433234_manual:S4_FRONT_PAIR_ADVANCE:ALTERNATE_PROFILE_1:segments-52-53,20.924999999998814,0.0,53,0.6060798168182373,-0.005556561052799225,0.09647213667631149,-0.07537758616739518,-0.08794223282621658,-0.00930263205565837,,3,True,False,recoverable,0,False,RUNNING
49.83333333333115,5980,S4_FRONT_PAIR_ADVANCE,ADVANCE,v009_20260806_215232_433234_manual:S4_FRONT_PAIR_ADVANCE:ALTERNATE_PROFILE_1:segments-52-53,20.991666666665477,0.0,53,0.6070477366447449,-0.005539104342460632,0.09649823606014252,-0.07577479070602763,-0.08819781441934024,-0.00931609161450924,,3,True,False,recoverable,0,False,RUNNING
49.89999999999781,5988,S4_FRONT_PAIR_ADVANCE,ADVANCE,v009_20260806_215232_433234_manual:S4_FRONT_PAIR_ADVANCE:ALTERNATE_PROFILE_1:segments-52-53,21.05833333333214,0.0,53,0.608025074005127,-0.005524560809135437,0.09650814533233643,-0.07617329987251566,-0.08844935474336267,-0.00932349033433405,,3,True,False,recoverable,0,False,RUNNING
49.96666666666447,5996,S4_FRONT_PAIR_ADVANCE,ADVANCE,v009_20260806_215232_433234_manual:S4_FRONT_PAIR_ADVANCE:ALTERNATE_PROFILE_1:segments-52-53,21.124999999998803,0.0,53,0.6090225577354431,-0.005518510937690735,0.09649921953678131,-0.0766021587985545,-0.08871885067268914,-0.009343061490611619,,3,True,False,recoverable,0,False,RUNNING
50.033333333331136,6004,S4_FRONT_PAIR_ADVANCE,ADVANCE,v009_20260806_215232_433234_manual:S4_FRONT_PAIR_ADVANCE:ALTERNATE_PROFILE_1:segments-52-53,21.191666666665466,0.0,53,0.6100363731384277,-0.005500979721546173,0.09646466374397278,-0.07704814116444449,-0.08900678781204498,-0.009361791293399702,,3,True,False,recoverable,0,False,RUNNING
50.0999999999978,6012,S4_FRONT_PAIR_ADVANCE,ADVANCE,v009_20260806_215232_433234_manual:S4_FRONT_PAIR_ADVANCE:ALTERNATE_PROFILE_1:segments-52-53,21.25833333333213,0.0,53,0.6110313534736633,-0.005486629903316498,0.09644318372011185,-0.07749907300220633,-0.08937131228147788,-0.009380948254017285,,3,True,False,recoverable,0,False,RUNNING
50.16666666666446,6020,S4_FRONT_PAIR_ADVANCE,ADVANCE,v009_20260806_215232_433234_manual:S4_FRONT_PAIR_ADVANCE:ALTERNATE_PROFILE_1:segments-52-53,21.32499999999879,0.0,53,0.6118548512458801,-0.005470938980579376,0.09648562967777252,-0.078002344373372,-0.08987204010214495,-0.009417800917933853,,3,True,False,recoverable,0,False,RUNNING
50.233333333331124,6028,S4_FRONT_PAIR_ADVANCE,ADVANCE,v009_20260806_215232_433234_manual:S4_FRONT_PAIR_ADVANCE:ALTERNATE_PROFILE_1:segments-52-53,21.391666666665454,0.0,53,0.6127278804779053,-0.0054914578795433044,0.09657376259565353,-0.07805246086961429,-0.09013077319376446,-0.009440910532988653,,3,True,False,recoverable,0,False,RUNNING
50.29999999999779,6036,S4_FRONT_PAIR_ADVANCE,ADVANCE,v009_20260806_215232_433234_manual:S4_FRONT_PAIR_ADVANCE:ALTERNATE_PROFILE_1:segments-52-53,21.458333333332117,0.0,53,0.6136677861213684,-0.005537830293178558,0.09670280665159225,-0.07756330525053426,-0.09010227570433138,-0.0094331345286822,,3,True,False,recoverable,0,False,RUNNING
50.36666666666445,6044,S4_FRONT_PAIR_ADVANCE,ADVANCE,v009_20260806_215232_433234_manual:S4_FRONT_PAIR_ADVANCE:ALTERNATE_PROFILE_1:segments-52-53,21.52499999999878,0.0,53,0.6146368980407715,-0.005589932203292847,0.09681916236877441,-0.07703703896046095,-0.09009495216657137,-0.009420887430755458,,3,True,False,recoverable,0,False,RUNNING
50.43333333333111,6052,S4_FRONT_PAIR_ADVANCE,ADVANCE,v009_20260806_215232_433234_manual:S4_FRONT_PAIR_ADVANCE:ALTERNATE_PROFILE_1:segments-52-53,21.591666666665443,0.0,53,0.6156304478645325,-0.00565183162689209,0.09692330658435822,-0.07646877808152658,-0.09010509488649925,-0.009420696559106483,,3,True,False,recoverable,0,False,RUNNING
50.499999999997776,6060,S4_FRONT_PAIR_ADVANCE,ADVANCE,v009_20260806_215232_433234_manual:S4_FRONT_PAIR_ADVANCE:ALTERNATE_PROFILE_1:segments-52-53,21.658333333332106,0.0,53,0.6166498064994812,-0.005701817572116852,0.09699247777462006,-0.07595510893447019,-0.09014393621750964,-0.009418569828871756,,3,True,False,recoverable,0,False,RUNNING
50.56666666666444,6068,S4_FRONT_PAIR_ADVANCE,ADVANCE,v009_20260806_215232_433234_manual:S4_FRONT_PAIR_ADVANCE:ALTERNATE_PROFILE_1:segments-52-53,21.72499999999877,0.0,53,0.6176968812942505,-0.005760557949542999,0.09704811871051788,-0.0753910126880535,-0.09017687287486453,-0.009434785968243667,,3,True,False,recoverable,0,False,RUNNING
50.6333333333311,6076,S4_FRONT_PAIR_ADVANCE,ADVANCE,v009_20260806_215232_433234_manual:S4_FRONT_PAIR_ADVANCE:ALTERNATE_PROFILE_1:segments-52-53,21.79166666666543,0.0,53,0.6186733245849609,-0.005822800099849701,0.09711949527263641,-0.07471985631176138,-0.09024075053794427,-0.009437114889247767,,3,True,False,recoverable,0,False,RUNNING
50.699999999997765,6084,S4_FRONT_PAIR_ADVANCE,ADVANCE,v009_20260806_215232_433234_manual:S4_FRONT_PAIR_ADVANCE:ALTERNATE_PROFILE_1:segments-52-53,21.858333333332094,0.0,53,0.6195278763771057,-0.005865909159183502,0.09720446914434433,-0.074410524096015,-0.09022257744410768,-0.009447687590669482,,3,True,False,recoverable,0,False,RUNNING
50.76666666666443,6092,S4_FRONT_PAIR_ADVANCE,ADVANCE,v009_20260806_215232_433234_manual:S4_FRONT_PAIR_ADVANCE:ALTERNATE_PROFILE_1:segments-52-53,21.924999999998757,0.0,53,0.6203052401542664,-0.005865365266799927,0.09728162735700607,-0.07452620034122039,-0.09014687510485994,-0.0094498267918376,,3,True,False,recoverable,0,False,RUNNING
50.83333333333109,6100,S4_FRONT_PAIR_ADVANCE,ADVANCE,v009_20260806_215232_433234_manual:S4_FRONT_PAIR_ADVANCE:ALTERNATE_PROFILE_1:segments-52-53,21.99166666666542,0.0,53,0.6211652755737305,-0.0058666616678237915,0.09734967350959778,-0.07469679374862498,-0.09015732604122319,-0.009435376727371396,,3,True,False,recoverable,0,False,RUNNING
50.89999999999775,6108,S4_FRONT_PAIR_ADVANCE,ADVANCE,v009_20260806_215232_433234_manual:S4_FRONT_PAIR_ADVANCE:ALTERNATE_PROFILE_1:segments-52-53,22.058333333332083,0.0,53,0.6220549941062927,-0.005880497395992279,0.0974043533205986,-0.0748511208487803,-0.09018516482546073,-0.009429672247273304,,3,True,False,recoverable,0,False,RUNNING
50.966666666664416,6116,S4_FRONT_PAIR_ADVANCE,ADVANCE,v009_20260806_215232_433234_manual:S4_FRONT_PAIR_ADVANCE:ALTERNATE_PROFILE_1:segments-52-53,22.124999999998746,0.0,53,0.6229968667030334,-0.00588352233171463,0.0974435955286026,-0.07504288071323001,-0.09026434489944492,-0.009411605961867959,,3,True,False,recoverable,0,False,RUNNING
51.03333333333108,6124,S4_FRONT_PAIR_ADVANCE,ADVANCE,v009_20260806_215232_433234_manual:S4_FRONT_PAIR_ADVANCE:ALTERNATE_PROFILE_1:segments-52-53,22.19166666666541,0.0,53,0.6239790916442871,-0.005887195467948914,0.09746728837490082,-0.07527324498109121,-0.09039660608245748,-0.009419971801343676,,3,True,False,recoverable,0,False,RUNNING
51.09999999999774,6132,S4_FRONT_PAIR_ADVANCE,ADVANCE,v009_20260806_215232_433234_manual:S4_FRONT_PAIR_ADVANCE:ALTERNATE_PROFILE_1:segments-52-53,22.25833333333207,0.0,53,0.6249496936798096,-0.005890510976314545,0.09746769070625305,-0.07548562005703925,-0.09047121413250565,-0.009403551802535635,,3,True,False,recoverable,0,False,RUNNING
51.166666666664405,6140,S4_FRONT_PAIR_ADVANCE,ADVANCE,v009_20260806_215232_433234_manual:S4_FRONT_PAIR_ADVANCE:ALTERNATE_PROFILE_1:segments-52-53,22.324999999998735,0.0,53,0.6259421110153198,-0.0059072524309158325,0.09744574129581451,-0.07582682790027541,-0.09060135645141272,-0.009357927136544838,,3,True,False,recoverable,0,False,RUNNING
51.23333333333107,6148,S4_FRONT_PAIR_ADVANCE,ADVANCE,v009_20260806_215232_433234_manual:S4_FRONT_PAIR_ADVANCE:ALTERNATE_PROFILE_1:segments-52-53,22.391666666665397,0.0,53,0.6269765496253967,-0.0059174224734306335,0.09740502387285233,-0.0761395855730172,-0.09074256489255451,-0.009311449069616324,,3,True,False,recoverable,0,False,RUNNING
51.29999999999773,6156,S4_FRONT_PAIR_ADVANCE,ADVANCE,v009_20260806_215232_433234_manual:S4_FRONT_PAIR_ADVANCE:ALTERNATE_PROFILE_1:segments-52-53,22.45833333333206,0.0,53,0.6280054450035095,-0.0059199705719947815,0.09734169393777847,-0.07639284087094658,-0.09083635289339236,-0.00931174018472149,,3,True,False,recoverable,0,False,RUNNING
51.36666666666439,6164,S4_FRONT_PAIR_ADVANCE,ADVANCE,v009_20260806_215232_433234_manual:S4_FRONT_PAIR_ADVANCE:ALTERNATE_PROFILE_1:segments-52-53,22.524999999998723,0.0,53,0.6290543079376221,-0.005943715572357178,0.09726175665855408,-0.07669445571389441,-0.09093503259143339,-0.009272714552616395,,3,True,False,recoverable,0,False,RUNNING
51.433333333331056,6172,S4_FRONT_PAIR_ADVANCE,ADVANCE,v009_20260806_215232_433234_manual:S4_FRONT_PAIR_ADVANCE:ALTERNATE_PROFILE_1:segments-52-53,22.591666666665386,0.0,53,0.6301524639129639,-0.0059499964118003845,0.09716127067804337,-0.07700398026119774,-0.09106995823428746,-0.009249559235147585,,3,True,False,recoverable,0,False,RUNNING
51.49999999999772,6180,S4_FRONT_PAIR_ADVANCE,ADVANCE,v009_20260806_215232_433234_manual:S4_FRONT_PAIR_ADVANCE:ALTERNATE_PROFILE_1:segments-52-53,22.65833333333205,0.0,53,0.6312398910522461,-0.005952753126621246,0.09705360233783722,-0.07724098458288488,-0.09117783307849806,-0.00925865323312203,,3,True,False,recoverable,0,False,RUNNING
51.56666666666438,6188,S4_FRONT_PAIR_ADVANCE,ADVANCE,v009_20260806_215232_433234_manual:S4_FRONT_PAIR_ADVANCE:ALTERNATE_PROFILE_1:segments-52-53,22.724999999998712,0.0,53,0.6323422193527222,-0.005938194692134857,0.09691199660301208,-0.07747364779582126,-0.0912834195631411,-0.009289072373470514,,3,True,False,recoverable,0,False,RUNNING
51.633333333331045,6196,S4_FRONT_PAIR_ADVANCE,ADVANCE,v009_20260806_215232_433234_manual:S4_FRONT_PAIR_ADVANCE:ALTERNATE_PROFILE_1:segments-52-53,22.791666666665375,0.0,53,0.6334800720214844,-0.00593867152929306,0.09674552828073502,-0.07773675115251628,-0.09138593270278851,-0.009300684607838247,,3,True,False,recoverable,0,False,RUNNING
51.69999999999771,6204,S4_FRONT_PAIR_ADVANCE,ADVANCE,v009_20260806_215232_433234_manual:S4_FRONT_PAIR_ADVANCE:ALTERNATE_PROFILE_1:segments-52-53,22.858333333332038,0.0,53,0.6346240639686584,-0.005954444408416748,0.09657071530818939,-0.07776098698348842,-0.09124884280329887,-0.009306173510414045,,3,True,False,recoverable,0,False,RUNNING
51.76666666666437,6212,S4_FRONT_PAIR_ADVANCE,ADVANCE,v009_20260806_215232_433234_manual:S4_FRONT_PAIR_ADVANCE:ALTERNATE_PROFILE_1:segments-52-53,22.9249999999987,0.0,53,0.635845959186554,-0.006042696535587311,0.09648886322975159,-0.07690821226110972,-0.0906795813380131,-0.009260706865410329,,3,True,False,recoverable,0,False,RUNNING
51.83333333333103,6220,S4_FRONT_PAIR_ADVANCE,ADVANCE,v009_20260806_215232_433234_manual:S4_FRONT_PAIR_ADVANCE:ALTERNATE_PROFILE_1:segments-52-53,22.991666666665363,0.0,53,0.6366747617721558,-0.006097272038459778,0.09660358726978302,-0.07615486310977955,-0.0906210197325215,-0.009313496416971682,,3,True,False,recoverable,0,False,RUNNING
51.899999999997696,6228,S4_FRONT_PAIR_ADVANCE,ADVANCE,v009_20260806_215232_433234_manual:S4_FRONT_PAIR_ADVANCE:ALTERNATE_PROFILE_1:segments-52-53,23.058333333332026,0.0,53,0.6375722289085388,-0.006160043179988861,0.09671809524297714,-0.0754670501653809,-0.09062533214823433,-0.009315611900558522,,3,True,False,recoverable,0,False,RUNNING
51.96666666666436,6236,S4_FRONT_PAIR_ADVANCE,ADVANCE,v009_20260806_215232_433234_manual:S4_FRONT_PAIR_ADVANCE:ALTERNATE_PROFILE_1:segments-52-53,23.12499999999869,0.0,53,0.6383992433547974,-0.006199844181537628,0.09682991355657578,-0.0752241234128154,-0.09060821342711163,-0.009330742183016945,,3,True,False,recoverable,0,False,RUNNING
52.03333333333102,6244,S4_FRONT_PAIR_ADVANCE,ADVANCE,v009_20260806_215232_433234_manual:S4_FRONT_PAIR_ADVANCE:ALTERNATE_PROFILE_1:segments-52-53,23.191666666665352,0.0,53,0.6392898559570312,-0.006237491965293884,0.09693668782711029,-0.07492319062093519,-0.09063170530715828,-0.009333714269789883,,3,True,False,recoverable,0,False,RUNNING
52.099999999997685,6252,S4_FRONT_PAIR_ADVANCE,ADVANCE,v009_20260806_215232_433234_manual:S4_FRONT_PAIR_ADVANCE:ALTERNATE_PROFILE_1:segments-52-53,23.258333333332015,0.0,53,0.6402381062507629,-0.006275080144405365,0.09702511131763458,-0.07462041932512337,-0.09071790505691076,-0.00933223451820404,,3,True,False,recoverable,0,False,RUNNING
52.16666666666435,6260,S4_FRONT_PAIR_ADVANCE,ADVANCE,v009_20260806_215232_433234_manual:S4_FRONT_PAIR_ADVANCE:ALTERNATE_PROFILE_1:segments-52-53,23.324999999998678,0.0,53,0.6411948800086975,-0.0063192397356033325,0.09710506349802017,-0.07425777057808558,-0.09078044173759048,-0.009333249955956878,,3,True,False,recoverable,0,False,RUNNING
52.23333333333101,6268,S4_FRONT_PAIR_ADVANCE,ADVANCE,v009_20260806_215232_433234_manual:S4_FRONT_PAIR_ADVANCE:ALTERNATE_PROFILE_1:segments-52-53,23.39166666666534,0.0,53,0.6422100067138672,-0.006377071142196655,0.09717441350221634,-0.0737942540789144,-0.09078557836388432,-0.00932652735152651,,3,True,False,recoverable,0,False,RUNNING
52.299999999997674,6276,S4_FRONT_PAIR_ADVANCE,ADVANCE,v009_20260806_215232_433234_manual:S4_FRONT_PAIR_ADVANCE:ALTERNATE_PROFILE_1:segments-52-53,23.458333333332003,0.0,53,0.6432477831840515,-0.00643128901720047,0.09722167253494263,-0.07334330910011563,-0.09085906820576341,-0.009364716693101363,,3,True,False,recoverable,0,False,RUNNING
52.36666666666434,6284,S4_FRONT_PAIR_ADVANCE,ADVANCE,v009_20260806_215232_433234_manual:S4_FRONT_PAIR_ADVANCE:ALTERNATE_PROFILE_1:segments-52-53,23.524999999998666,0.0,53,0.644296407699585,-0.0064835697412490845,0.0972503051161766,-0.07289290780997917,-0.09090951908692461,-0.009418720210895086,,3,True,False,recoverable,0,False,RUNNING
52.433333333331,6292,S4_FRONT_PAIR_ADVANCE,ADVANCE,v009_20260806_215232_433234_manual:S4_FRONT_PAIR_ADVANCE:ALTERNATE_PROFILE_1:segments-52-53,23.59166666666533,0.0,53,0.6453659534454346,-0.006530679762363434,0.09724829345941544,-0.072389962782689,-0.09093629971655315,-0.00941150022659722,,3,True,False,recoverable,0,False,RUNNING
52.49999999999766,6300,S4_FRONT_PAIR_ADVANCE,ADVANCE,v009_20260806_215232_433234_manual:S4_FRONT_PAIR_ADVANCE:ALTERNATE_PROFILE_1:segments-52-53,23.658333333331992,0.0,53,0.6462993025779724,-0.006541021168231964,0.09724659472703934,-0.07239705883783824,-0.09084342933454576,-0.009440040712993819,,3,True,False,recoverable,0,False,RUNNING
52.566666666664325,6308,S4_FRONT_PAIR_ADVANCE,ADVANCE,v009_20260806_215232_433234_manual:S4_FRONT_PAIR_ADVANCE:ALTERNATE_PROFILE_1:segments-52-53,23.724999999998655,0.0,53,0.6471291184425354,-0.0065437182784080505,0.09724728763103485,-0.07258886304964333,-0.09057382232944051,-0.009460125314124062,,3,True,False,recoverable,0,False,RUNNING
52.63333333333099,6316,S4_FRONT_PAIR_ADVANCE,ADVANCE,v009_20260806_215232_433234_manual:S4_FRONT_PAIR_ADVANCE:ALTERNATE_PROFILE_1:segments-52-53,23.791666666665318,0.0,53,0.6480457782745361,-0.006537444889545441,0.09723900258541107,-0.07291100432092165,-0.09039921692958686,-0.009475630026863207,,3,True,False,recoverable,0,False,RUNNING
52.69999999999765,6324,S4_FRONT_PAIR_ADVANCE,ADVANCE,v009_20260806_215232_433234_manual:S4_FRONT_PAIR_ADVANCE:ALTERNATE_PROFILE_1:segments-52-53,23.85833333333198,0.0,53,0.6490060687065125,-0.006532855331897736,0.09721621125936508,-0.07329022243827098,-0.09026929419892271,-0.009478515626700513,,3,True,False,recoverable,0,False,RUNNING
52.766666666664314,6332,S4_FRONT_PAIR_ADVANCE,ADVANCE,v009_20260806_215232_433234_manual:S4_FRONT_PAIR_ADVANCE:ALTERNATE_PROFILE_1:segments-52-53,23.924999999998644,0.0,53,0.6499751806259155,-0.006522580981254578,0.09717421978712082,-0.07369401828801879,-0.09014137553176318,-0.009496894397209545,,3,True,False,recoverable,0,False,RUNNING
52.83333333333098,6340,S4_FRONT_PAIR_ADVANCE,ADVANCE,v009_20260806_215232_433234_manual:S4_FRONT_PAIR_ADVANCE:ALTERNATE_PROFILE_1:segments-52-53,23.991666666665306,0.0,53,0.6509947180747986,-0.006505429744720459,0.09711500257253647,-0.07415067036746016,-0.09006257973659883,-0.0095129172664255,,3,True,False,recoverable,0,False,RUNNING
52.89999999999764,6348,S4_FRONT_PAIR_ADVANCE,ADVANCE,v009_20260806_215232_433234_manual:S4_FRONT_PAIR_ADVANCE:ALTERNATE_PROFILE_1:segments-52-53,24.05833333333197,0.0,53,0.6520509719848633,-0.006490811705589294,0.09703156352043152,-0.0746573802673965,-0.08998657869799817,-0.009513923043703734,,3,True,False,recoverable,0,False,RUNNING
52.9666666666643,6356,S4_FRONT_PAIR_ADVANCE,ADVANCE,v009_20260806_215232_433234_manual:S4_FRONT_PAIR_ADVANCE:ALTERNATE_PROFILE_1:segments-52-53,24.124999999998632,0.0,53,0.6529679894447327,-0.006476320326328278,0.09700524061918259,-0.07514438933736474,-0.09006916681634111,-0.009454363995457637,,3,True,False,recoverable,0,False,RUNNING
53.033333333330965,6364,S4_FRONT_PAIR_ADVANCE,ADVANCE,v009_20260806_215232_433234_manual:S4_FRONT_PAIR_ADVANCE:ALTERNATE_PROFILE_1:segments-52-53,24.191666666665295,0.0,53,0.6537541151046753,-0.006448976695537567,0.09703227132558823,-0.07567504018200852,-0.09031841958484343,-0.009496205926591854,,3,True,False,recoverable,0,False,RUNNING
53.09999999999763,6372,S4_FRONT_PAIR_ADVANCE,ADVANCE,v009_20260806_215232_433234_manual:S4_FRONT_PAIR_ADVANCE:ALTERNATE_PROFILE_1:segments-52-53,24.258333333331958,0.0,53,0.6546178460121155,-0.0064222365617752075,0.09706391394138336,-0.07620866393200655,-0.09065362803965119,-0.009512229290695482,,3,True,False,recoverable,0,False,RUNNING
53.16666666666429,6380,S4_FRONT_PAIR_ADVANCE,ADVANCE,v009_20260806_215232_433234_manual:S4_FRONT_PAIR_ADVANCE:ALTERNATE_PROFILE_1:segments-52-53,24.32499999999862,0.0,53,0.6555091142654419,-0.006410665810108185,0.09708331525325775,-0.07675225670091075,-0.0910223404441899,-0.009515316025914045,,3,True,False,recoverable,0,False,RUNNING
53.233333333330954,6388,S4_FRONT_PAIR_ADVANCE,ADVANCE,v009_20260806_215232_433234_manual:S4_FRONT_PAIR_ADVANCE:ALTERNATE_PROFILE_1:segments-52-53,24.391666666665284,0.0,53,0.6564420461654663,-0.006382644176483154,0.09709649533033371,-0.07729954488266799,-0.09142340812706605,-0.009534747422817768,,3,True,False,recoverable,0,False,RUNNING
53.29999999999762,6396,S4_FRONT_PAIR_ADVANCE,ADVANCE,v009_20260806_215232_433234_manual:S4_FRONT_PAIR_ADVANCE:ALTERNATE_PROFILE_1:segments-52-53,24.458333333331947,0.0,53,0.6573916673660278,-0.006356813013553619,0.09709497541189194,-0.07783452185480645,-0.09182135566381082,-0.009556987765171927,,3,True,False,recoverable,0,False,RUNNING
53.36666666666428,6404,S4_FRONT_PAIR_ADVANCE,ADVANCE,v009_20260806_215232_433234_manual:S4_FRONT_PAIR_ADVANCE:ALTERNATE_PROFILE_1:segments-52-53,24.52499999999861,0.0,53,0.6583725214004517,-0.006337098777294159,0.09706754982471466,-0.07844584897496382,-0.09228144793908895,-0.009584743923840589,,3,True,False,recoverable,0,False,RUNNING
53.43333333333094,6412,S4_FRONT_PAIR_ADVANCE,ADVANCE,v009_20260806_215232_433234_manual:S4_FRONT_PAIR_ADVANCE:ALTERNATE_PROFILE_1:segments-52-53,24.591666666665272,0.0,53,0.6593672633171082,-0.006311669945716858,0.0970236137509346,-0.07903676733077211,-0.09271957470110227,-0.009604085967551131,,3,True,False,recoverable,0,False,RUNNING
53.499999999997605,6420,S4_FRONT_PAIR_ADVANCE,ADVANCE,v009_20260806_215232_433234_manual:S4_FRONT_PAIR_ADVANCE:ALTERNATE_PROFILE_1:segments-52-53,24.658333333331935,0.0,53,0.6603768467903137,-0.006289131939411163,0.09695320576429367,-0.07964227334112438,-0.09317991031958062,-0.009625305376637788,,3,True,False,recoverable,0,False,RUNNING
53.56666666666427,6428,S4_FRONT_PAIR_ADVANCE,ADVANCE,v009_20260806_215232_433234_manual:S4_FRONT_PAIR_ADVANCE:ALTERNATE_PROFILE_1:segments-52-53,24.724999999998598,0.0,53,0.6613863110542297,-0.006277590990066528,0.09688131511211395,-0.08006858908809161,-0.09347143855755422,-0.009613334886378135,,3,True,False,recoverable,0,False,RUNNING
53.63333333333093,6436,S4_FRONT_PAIR_ADVANCE,ADVANCE,v009_20260806_215232_433234_manual:S4_FRONT_PAIR_ADVANCE:ALTERNATE_PROFILE_1:segments-52-53,24.79166666666526,0.0,53,0.6624673008918762,-0.006323754787445068,0.09688085317611694,-0.07966456628318414,-0.09321910125873015,-0.009647163238967547,,3,True,False,recoverable,0,False,RUNNING
53.699999999997594,6444,S4_FRONT_PAIR_ADVANCE,ADVANCE,v009_20260806_215232_433234_manual:S4_FRONT_PAIR_ADVANCE:ALTERNATE_PROFILE_1:segments-52-53,24.858333333331924,0.0,53,0.6635690927505493,-0.0063747018575668335,0.09685298055410385,-0.07925494300369483,-0.0929587139878329,-0.009665919053008553,,3,True,False,recoverable,0,False,RUNNING
53.76666666666426,6452,S4_FRONT_PAIR_ADVANCE,ADVANCE,v009_20260806_215232_433234_manual:S4_FRONT_PAIR_ADVANCE:ALTERNATE_PROFILE_1:segments-52-53,24.924999999998587,0.0,53,0.6646655797958374,-0.006416618824005127,0.09680813550949097,-0.0788529268943762,-0.0927046222354655,-0.009653775725781041,,3,True,False,recoverable,0,False,RUNNING
53.83333333333092,6460,S4_FRONT_PAIR_ADVANCE,ADVANCE,v009_20260806_215232_433234_manual:S4_FRONT_PAIR_ADVANCE:ALTERNATE_PROFILE_1:segments-52-53,24.99166666666525,0.0,53,0.6657965183258057,-0.006458289921283722,0.09672783315181732,-0.07845912935839895,-0.0924600789826646,-0.009638160172124233,,3,True,False,recoverable,0,False,RUNNING
53.89999999999758,6468,S4_FRONT_PAIR_ADVANCE,ADVANCE,v009_20260806_215232_433234_manual:S4_FRONT_PAIR_ADVANCE:ALTERNATE_PROFILE_1:segments-52-53,25.058333333331912,0.0,53,0.6669449806213379,-0.006507955491542816,0.09662335366010666,-0.07799674909152084,-0.09217445701245579,-0.009650808939289799,,3,True,False,recoverable,0,False,RUNNING
53.966666666664246,6476,S4_FRONT_PAIR_ADVANCE,ADVANCE,v009_20260806_215232_433234_manual:S4_FRONT_PAIR_ADVANCE:ALTERNATE_PROFILE_1:segments-52-53,25.124999999998575,0.0,53,0.6681418418884277,-0.00655817985534668,0.0964818149805069,-0.07750642434564974,-0.09186047061271739,-0.00965307936146238,,3,True,False,recoverable,0,False,RUNNING
54.03333333333091,6484,S4_FRONT_PAIR_ADVANCE,ADVANCE,v009_20260806_215232_433234_manual:S4_FRONT_PAIR_ADVANCE:ALTERNATE_PROFILE_1:segments-52-53,25.19166666666524,0.0,53,0.6693705320358276,-0.006614029407501221,0.0963071659207344,-0.07700178597109991,-0.09153728573461099,-0.009654471410185878,,3,True,False,recoverable,0,False,RUNNING
54.09999999999757,6492,S4_FRONT_PAIR_ADVANCE,ADVANCE,v009_20260806_215232_433234_manual:S4_FRONT_PAIR_ADVANCE:ALTERNATE_PROFILE_1:segments-52-53,25.2583333333319,0.0,53,0.6703662872314453,-0.006670348346233368,0.09628661721944809,-0.0764092707249349,-0.09155511332794847,-0.009650268788131248,,3,True,False,recoverable,0,False,RUNNING
54.166666666664234,6500,S4_FRONT_PAIR_ADVANCE,ADVANCE,v009_20260806_215232_433234_manual:S4_FRONT_PAIR_ADVANCE:ALTERNATE_PROFILE_1:segments-52-53,25.324999999998564,0.0,53,0.6711187958717346,-0.00668710470199585,0.09634461253881454,-0.07631828189344458,-0.09172433246245838,-0.009669057979320928,,3,True,False,recoverable,0,False,RUNNING
54.2333333333309,6508,S4_FRONT_PAIR_ADVANCE,ADVANCE,v009_20260806_215232_433234_manual:S4_FRONT_PAIR_ADVANCE:ALTERNATE_PROFILE_1:segments-52-53,25.391666666665227,0.0,53,0.6717902421951294,-0.00670962780714035,0.09646999090909958,-0.07617490742878956,-0.09149373991775198,-0.009690935941209487,,3,True,False,recoverable,0,False,RUNNING
54.29999999999756,6516,S4_FRONT_PAIR_ADVANCE,ADVANCE,v009_20260806_215232_433234_manual:S4_FRONT_PAIR_ADVANCE:ALTERNATE_PROFILE_1:segments-52-53,25.45833333333189,0.0,53,0.672507643699646,-0.006736487150192261,0.09660733491182327,-0.07608287024208621,-0.09126728269042268,-0.009725387204300152,,3,True,False,recoverable,0,False,RUNNING
54.36666666666422,6524,S4_FRONT_PAIR_ADVANCE,ADVANCE,v009_20260806_215232_433234_manual:S4_FRONT_PAIR_ADVANCE:ALTERNATE_PROFILE_1:segments-52-53,25.524999999998553,0.0,53,0.6732983589172363,-0.006757430732250214,0.09673570841550827,-0.07603051018374254,-0.09113043702121561,-0.009733044262737958,,3,True,False,recoverable,0,False,RUNNING
54.433333333330886,6532,S4_FRONT_PAIR_ADVANCE,ADVANCE,v009_20260806_215232_433234_manual:S4_FRONT_PAIR_ADVANCE:ALTERNATE_PROFILE_1:segments-52-53,25.591666666665216,0.0,53,0.6741515398025513,-0.00678437203168869,0.09685897827148438,-0.07604161842139756,-0.09108300613438933,-0.009746784077529583,,3,True,False,recoverable,0,False,RUNNING
54.49999999999755,6540,S4_FRONT_PAIR_ADVANCE,ADVANCE,v009_20260806_215232_433234_manual:S4_FRONT_PAIR_ADVANCE:ALTERNATE_PROFILE_1:segments-52-53,25.65833333333188,0.0,53,0.6750209927558899,-0.0068051815032958984,0.09696093201637268,-0.07603530319008346,-0.09105520833697685,-0.009789451478338512,,3,True,False,recoverable,0,False,RUNNING
54.56666666666421,6548,S4_FRONT_PAIR_ADVANCE,ADVANCE,v009_20260806_215232_433234_manual:S4_FRONT_PAIR_ADVANCE:ALTERNATE_PROFILE_1:segments-52-53,25.72499999999854,0.0,53,0.6759165525436401,-0.006824605166912079,0.09705203026533127,-0.07609322909203813,-0.09103868109241939,-0.00983114708150697,,3,True,False,recoverable,0,False,RUNNING
54.633333333330874,6556,S4_FRONT_PAIR_ADVANCE,ADVANCE,v009_20260806_215232_433234_manual:S4_FRONT_PAIR_ADVANCE:ALTERNATE_PROFILE_1:segments-52-53,25.791666666665204,0.0,53,0.6768427491188049,-0.006844364106655121,0.09713569283485413,-0.07617028700838889,-0.09104408050995166,-0.009873181674983666,,3,True,False,recoverable,0,False,RUNNING
54.69999999999754,6564,S4_FRONT_PAIR_ADVANCE,ADVANCE,v009_20260806_215232_433234_manual:S4_FRONT_PAIR_ADVANCE:ALTERNATE_PROFILE_1:segments-52-53,25.858333333331867,0.0,53,0.6777898669242859,-0.006861381232738495,0.09720080345869064,-0.07627169173179156,-0.09106285774975864,-0.00992665030649855,,3,True,False,recoverable,0,False,RUNNING
54.7666666666642,6572,S4_FRONT_PAIR_ADVANCE,ADVANCE,v009_20260806_215232_433234_manual:S4_FRONT_PAIR_ADVANCE:ALTERNATE_PROFILE_1:segments-52-53,25.92499999999853,0.0,53,0.6787781715393066,-0.006890915334224701,0.09727653115987778,-0.07613823768180145,-0.09091597731737242,-0.00996593798566184,,3,True,False,recoverable,0,False,RUNNING
54.83333333333086,6580,S4_FRONT_PAIR_ADVANCE,ADVANCE,v009_20260806_215232_433234_manual:S4_FRONT_PAIR_ADVANCE:ALTERNATE_PROFILE_1:segments-52-53,25.991666666665193,0.0,53,0.6797916889190674,-0.006917573511600494,0.09732930362224579,-0.07602211535006978,-0.09077254219854407,-0.009983295983927186,,3,True,False,recoverable,0,False,RUNNING
54.899999999997526,6588,S4_FRONT_PAIR_ADVANCE,ADVANCE,v009_20260806_215232_433234_manual:S4_FRONT_PAIR_ADVANCE:ALTERNATE_PROFILE_1:segments-52-53,26.058333333331856,0.0,53,0.6808229684829712,-0.006950810551643372,0.0973605141043663,-0.07593259155710695,-0.09064472962115327,-0.010016098679486463,,3,True,False,recoverable,0,False,RUNNING
54.96666666666419,6596,S4_FRONT_PAIR_ADVANCE,ADVANCE,v009_20260806_215232_433234_manual:S4_FRONT_PAIR_ADVANCE:ALTERNATE_PROFILE_1:segments-52-53,26.12499999999852,0.0,53,0.681873083114624,-0.00697789341211319,0.09737454354763031,-0.07584411141608038,-0.09049699063778477,-0.010043964692965134,,3,True,False,recoverable,0,False,RUNNING
55.03333333333085,6604,S4_FRONT_PAIR_ADVANCE,ADVANCE,v009_20260806_215232_433234_manual:S4_FRONT_PAIR_ADVANCE:ALTERNATE_PROFILE_1:segments-52-53,26.19166666666518,0.0,53,0.682941198348999,-0.007015563547611237,0.09736552834510803,-0.07576726317556379,-0.09035620897689904,-0.010074178249831981,,3,True,False,recoverable,0,False,RUNNING
55.099999999997515,6612,S4_FRONT_PAIR_ADVANCE,ADVANCE,v009_20260806_215232_433234_manual:S4_FRONT_PAIR_ADVANCE:ALTERNATE_PROFILE_1:segments-52-53,26.258333333331844,0.0,53,0.6839905381202698,-0.007038593292236328,0.09733801335096359,-0.07572106419426695,-0.09021144489235287,-0.010094681194904972,,3,True,False,recoverable,0,False,RUNNING
55.16666666666418,6620,S4_FRONT_PAIR_ADVANCE,ADVANCE,v009_20260806_215232_433234_manual:S4_FRONT_PAIR_ADVANCE:ALTERNATE_PROFILE_1:segments-52-53,26.324999999998507,0.0,53,0.6850924491882324,-0.0070695653557777405,0.0972810834646225,-0.07559850599042586,-0.09004155335498588,-0.010082940402496942,,3,True,False,recoverable,0,False,RUNNING
55.23333333333084,6628,S4_FRONT_PAIR_ADVANCE,ADVANCE,v009_20260806_215232_433234_manual:S4_FRONT_PAIR_ADVANCE:ALTERNATE_PROFILE_1:segments-52-53,26.39166666666517,0.0,53,0.6861971616744995,-0.007088474929332733,0.09719476103782654,-0.07555316946101716,-0.08987620276777444,-0.010097251515880801,,3,True,False,recoverable,0,False,RUNNING
55.2999999999975,6636,S4_FRONT_PAIR_ADVANCE,ADVANCE,v009_20260806_215232_433234_manual:S4_FRONT_PAIR_ADVANCE:ALTERNATE_PROFILE_1:segments-52-53,26.458333333331833,0.0,53,0.6873521208763123,-0.007106386125087738,0.09708163887262344,-0.075476144968162,-0.08971889066233903,-0.010096596761056977,,3,True,False,recoverable,0,False,RUNNING
55.366666666664166,6644,S4_FRONT_PAIR_ADVANCE,ADVANCE,v009_20260806_215232_433234_manual:S4_FRONT_PAIR_ADVANCE:ALTERNATE_PROFILE_1:segments-52-53,26.524999999998496,0.0,53,0.6885260939598083,-0.007131434977054596,0.09694425761699677,-0.07534672579511574,-0.08952619954603133,-0.010121148995305704,,3,True,False,recoverable,0,False,RUNNING
55.43333333333083,6652,S4_FRONT_PAIR_ADVANCE,ADVANCE,v009_20260806_215232_433234_manual:S4_FRONT_PAIR_ADVANCE:ALTERNATE_PROFILE_1:segments-52-53,26.59166666666516,0.0,53,0.6894151568412781,-0.007154971361160278,0.09696821123361588,-0.07520041794518728,-0.08967568240718646,-0.010129716467595539,,3,True,False,recoverable,0,False,RUNNING
55.49999999999749,6660,S4_FRONT_PAIR_ADVANCE,ADVANCE,v009_20260806_215232_433234_manual:S4_FRONT_PAIR_ADVANCE:ALTERNATE_PROFILE_1:segments-52-53,26.65833333333182,0.0,53,0.6903000473976135,-0.007179237902164459,0.0970047116279602,-0.07510635173757543,-0.0900166504148681,-0.010145403570201862,,3,True,False,recoverable,0,False,RUNNING
55.566666666664155,6668,S4_FRONT_PAIR_ADVANCE,ADVANCE,v009_20260806_215232_433234_manual:S4_FRONT_PAIR_ADVANCE:ALTERNATE_PROFILE_1:segments-52-53,26.724999999998484,0.0,53,0.6912540793418884,-0.007200956344604492,0.09703899919986725,-0.07495164493432041,-0.09039410951745196,-0.01014882434976653,,3,True,False,recoverable,0,False,RUNNING
55.63333333333082,6676,S4_FRONT_PAIR_ADVANCE,ADVANCE,v009_20260806_215232_433234_manual:S4_FRONT_PAIR_ADVANCE:ALTERNATE_PROFILE_1:segments-52-53,26.791666666665147,0.0,53,0.6922391653060913,-0.007226131856441498,0.09705404937267303,-0.07478186169631616,-0.09081011242604395,-0.010149855660533605,,3,True,False,recoverable,0,False,RUNNING
55.69999999999748,6684,S4_FRONT_PAIR_ADVANCE,ADVANCE,v009_20260806_215232_433234_manual:S4_FRONT_PAIR_ADVANCE:ALTERNATE_PROFILE_1:segments-52-53,26.85833333333181,0.0,53,0.6932570338249207,-0.007260777056217194,0.09705197066068649,-0.07458963091385958,-0.09125948028185032,-0.010160119138293863,,3,True,False,recoverable,0,False,RUNNING
55.76666666666414,6692,S4_FRONT_PAIR_ADVANCE,ADVANCE,v009_20260806_215232_433234_manual:S4_FRONT_PAIR_ADVANCE:ALTERNATE_PROFILE_1:segments-52-53,26.924999999998473,0.0,53,0.6940227746963501,-0.007249973714351654,0.09706875681877136,-0.07509508340250876,-0.09142548514386219,-0.010188873712834834,,3,True,False,recoverable,0,False,RUNNING
55.833333333330806,6700,S4_FRONT_PAIR_ADVANCE,ADVANCE,v009_20260806_215232_433234_manual:S4_FRONT_PAIR_ADVANCE:ALTERNATE_PROFILE_1:segments-52-53,26.991666666665136,0.0,53,0.6948093771934509,-0.007222168147563934,0.09707500040531158,-0.07575474196599019,-0.0916295843659313,-0.010193163286843334,,3,True,False,recoverable,0,False,RUNNING
55.89999999999747,6708,S4_FRONT_PAIR_ADVANCE,ADVANCE,v009_20260806_215232_433234_manual:S4_FRONT_PAIR_ADVANCE:ALTERNATE_PROFILE_1:segments-52-53,27.0583333333318,0.0,53,0.6956658363342285,-0.007197648286819458,0.09706921875476837,-0.07644442286915953,-0.0919199853810078,-0.010224493300808666,,3,True,False,recoverable,0,False,RUNNING
55.96666666666413,6716,S4_FRONT_PAIR_ADVANCE,ADVANCE,v009_20260806_215232_433234_manual:S4_FRONT_PAIR_ADVANCE:ALTERNATE_PROFILE_1:segments-52-53,27.12499999999846,0.0,53,0.6965276002883911,-0.007202483713626862,0.09709950536489487,-0.0767390328958214,-0.09188417288189378,-0.010219141256079912,,3,True,False,recoverable,0,False,RUNNING
56.033333333330795,6724,S4_FRONT_PAIR_ADVANCE,ADVANCE,v009_20260806_215232_433234_manual:S4_FRONT_PAIR_ADVANCE:ALTERNATE_PROFILE_1:segments-52-53,27.191666666665125,0.0,53,0.6974783539772034,-0.007248193025588989,0.09717325866222382,-0.07655431204753055,-0.09159411934257104,-0.010240210891515222,,3,True,False,recoverable,0,False,RUNNING
56.09999999999746,6732,S4_FRONT_PAIR_ADVANCE,ADVANCE,v009_20260806_215232_433234_manual:S4_FRONT_PAIR_ADVANCE:ALTERNATE_PROFILE_1:segments-52-53,27.258333333331787,0.0,53,0.6984536051750183,-0.007291682064533234,0.09722848981618881,-0.07636309576184586,-0.09130513322007167,-0.01026740695128268,,3,True,False,recoverable,0,False,RUNNING
56.16666666666412,6740,S4_FRONT_PAIR_ADVANCE,ADVANCE,v009_20260806_215232_433234_manual:S4_FRONT_PAIR_ADVANCE:ALTERNATE_PROFILE_1:segments-52-53,27.32499999999845,0.0,53,0.6994422078132629,-0.007325515151023865,0.09725802391767502,-0.07624930184031685,-0.09103161854238596,-0.010265033569174088,,3,True,False,recoverable,0,False,RUNNING
56.23333333333078,6748,S4_FRONT_PAIR_ADVANCE,ADVANCE,v009_20260806_215232_433234_manual:S4_FRONT_PAIR_ADVANCE:ALTERNATE_PROFILE_1:segments-52-53,27.391666666665113,0.0,53,0.7004452347755432,-0.007368959486484528,0.0972711518406868,-0.07616539240562481,-0.09079024190686745,-0.010299450461615385,,3,True,False,recoverable,0,False,RUNNING
56.299999999997446,6756,S4_FRONT_PAIR_ADVANCE,ADVANCE,v009_20260806_215232_433234_manual:S4_FRONT_PAIR_ADVANCE:ALTERNATE_PROFILE_1:segments-52-53,27.458333333331776,0.0,53,0.7015030384063721,-0.007403671741485596,0.09726300090551376,-0.07606264436828515,-0.09050590110738319,-0.010291091356411571,,3,True,False,recoverable,0,False,RUNNING
56.36666666666411,6764,S4_FRONT_PAIR_ADVANCE,ADVANCE,v009_20260806_215232_433234_manual:S4_FRONT_PAIR_ADVANCE:ALTERNATE_PROFILE_1:segments-52-53,27.52499999999844,0.0,53,0.7025855779647827,-0.007437892258167267,0.09721385687589645,-0.07593978624640925,-0.09017936079180068,-0.01027220795985756,,3,True,False,recoverable,0,False,RUNNING
56.43333333333077,6772,S4_FRONT_PAIR_ADVANCE,ADVANCE,v009_20260806_215232_433234_manual:S4_FRONT_PAIR_ADVANCE:ALTERNATE_PROFILE_1:segments-52-53,27.591666666665102,0.0,53,0.7036839127540588,-0.0074815526604652405,0.09713925421237946,-0.07587688414489364,-0.08987008949798692,-0.010241592792369216,,3,True,False,recoverable,0,False,RUNNING
56.499999999997435,6780,S4_FRONT_PAIR_ADVANCE,ADVANCE,v009_20260806_215232_433234_manual:S4_FRONT_PAIR_ADVANCE:ALTERNATE_PROFILE_1:segments-52-53,27.658333333331765,0.0,53,0.7048119306564331,-0.007523953914642334,0.09704285860061646,-0.07578343345797296,-0.08953163881825943,-0.010201797128804065,,3,True,False,recoverable,0,False,RUNNING
56.5666666666641,6788,S4_FRONT_PAIR_ADVANCE,ADVANCE,v009_20260806_215232_433234_manual:S4_FRONT_PAIR_ADVANCE:ALTERNATE_PROFILE_1:segments-52-53,27.724999999998428,0.0,53,0.705942690372467,-0.00756748765707016,0.09692048281431198,-0.07567854899411701,-0.08917309974145399,-0.010199756050394693,,3,True,False,recoverable,0,False,RUNNING
56.63333333333076,6796,S4_FRONT_PAIR_ADVANCE,ADVANCE,v009_20260806_215232_433234_manual:S4_FRONT_PAIR_ADVANCE:ALTERNATE_PROFILE_1:segments-52-53,27.79166666666509,0.0,53,0.7071252465248108,-0.007592402398586273,0.09678769111633301,-0.07559091787165015,-0.0888220674519572,-0.010230350461252103,,3,True,False,recoverable,0,False,RUNNING
56.699999999997424,6804,S4_FRONT_PAIR_ADVANCE,ADVANCE,v009_20260806_215232_433234_manual:S4_FRONT_PAIR_ADVANCE:ALTERNATE_PROFILE_1:segments-52-53,27.858333333331753,0.0,53,0.7083412408828735,-0.007629483938217163,0.09662298858165741,-0.0754953393171894,-0.08847675035586365,-0.01026523270072979,,3,True,False,recoverable,0,False,RUNNING
56.76666666666409,6812,S4_FRONT_PAIR_ADVANCE,ADVANCE,v009_20260806_215232_433234_manual:S4_FRONT_PAIR_ADVANCE:ALTERNATE_PROFILE_1:segments-52-53,27.924999999998416,0.0,53,0.7093686461448669,-0.007638506591320038,0.09654175490140915,-0.07562516496700324,-0.08846314378743657,-0.010313372495255008,,3,True,False,recoverable,0,False,RUNNING
56.83333333333075,6820,S4_FRONT_PAIR_ADVANCE,ADVANCE,v009_20260806_215232_433234_manual:S4_FRONT_PAIR_ADVANCE:ALTERNATE_PROFILE_1:segments-52-53,27.99166666666508,0.0,53,0.7103776335716248,-0.0076603516936302185,0.09646597504615784,-0.07563139299640789,-0.08847196485333553,-0.010385749179678523,,3,True,False,recoverable,0,False,RUNNING
56.89999999999741,6828,S4_FRONT_PAIR_ADVANCE,ADVANCE,v009_20260806_215232_433234_manual:S4_FRONT_PAIR_ADVANCE:ALTERNATE_PROFILE_1:segments-52-53,28.058333333331742,0.0,53,0.7114092707633972,-0.007712207734584808,0.0964348092675209,-0.07532348404577552,-0.08856364592035934,-0.010418359889931363,,3,True,False,recoverable,0,False,RUNNING
56.966666666664075,6836,S4_FRONT_PAIR_ADVANCE,ADVANCE,v009_20260806_215232_433234_manual:S4_FRONT_PAIR_ADVANCE:ALTERNATE_PROFILE_1:segments-52-53,28.124999999998405,0.0,53,0.7124488949775696,-0.0077598318457603455,0.09639035165309906,-0.07505887486938856,-0.08872146316155294,-0.010460470531567715,,3,True,False,recoverable,0,False,RUNNING
57.03333333333074,6844,S4_FRONT_PAIR_ADVANCE,ADVANCE,v009_20260806_215232_433234_manual:S4_FRONT_PAIR_ADVANCE:ALTERNATE_PROFILE_1:segments-52-53,28.191666666665068,0.0,53,0.7135547995567322,-0.007802531123161316,0.09632271528244019,-0.07480642162180128,-0.08893996300692163,-0.010493874200899892,,3,True,False,recoverable,0,False,RUNNING
57.0999999999974,6852,S4_FRONT_PAIR_ADVANCE,ADVANCE,v009_20260806_215232_433234_manual:S4_FRONT_PAIR_ADVANCE:ALTERNATE_PROFILE_1:segments-52-53,28.25833333333173,0.0,53,0.7146738767623901,-0.007869802415370941,0.09626089036464691,-0.07427924939765616,-0.08894274678880841,-0.010490735837132663,,3,True,False,recoverable,0,False,RUNNING
57.166666666664064,6860,S4_FRONT_PAIR_ADVANCE,ADVANCE,v009_20260806_215232_433234_manual:S4_FRONT_PAIR_ADVANCE:ALTERNATE_PROFILE_1:segments-52-53,28.324999999998393,0.0,53,0.7158247232437134,-0.007957346737384796,0.0962122455239296,-0.07337214672614362,-0.0887014861590209,-0.010510223047261501,,3,True,False,recoverable,0,False,RUNNING
57.23333333333073,6868,S4_FRONT_PAIR_ADVANCE,ADVANCE,v009_20260806_215232_433234_manual:S4_FRONT_PAIR_ADVANCE:ALTERNATE_PROFILE_1:segments-52-53,28.391666666665056,0.0,53,0.7166181206703186,-0.008022941648960114,0.09632265567779541,-0.07264754681601214,-0.08875534240361779,-0.010562358559638853,,3,True,False,recoverable,0,False,RUNNING
57.29999999999739,6876,S4_FRONT_PAIR_ADVANCE,ADVANCE,v009_20260806_215232_433234_manual:S4_FRONT_PAIR_ADVANCE:ALTERNATE_PROFILE_1:segments-52-53,28.45833333333172,0.0,53,0.7172183394432068,-0.008031189441680908,0.09644953906536102,-0.07268203125194388,-0.08863228078301753,-0.010582790317024544,,3,True,False,recoverable,0,False,RUNNING
57.36666666666405,6884,S4_FRONT_PAIR_ADVANCE,ADVANCE,v009_20260806_215232_433234_manual:S4_FRONT_PAIR_ADVANCE:ALTERNATE_PROFILE_1:segments-52-53,28.524999999998382,0.0,53,0.7179437875747681,-0.008047997951507568,0.09658754616975784,-0.07273687820511791,-0.08868414923464352,-0.01060448517432116,,3,True,False,recoverable,0,False,RUNNING
57.433333333330715,6892,S4_FRONT_PAIR_ADVANCE,ADVANCE,v009_20260806_215232_433234_manual:S4_FRONT_PAIR_ADVANCE:ALTERNATE_PROFILE_1:segments-52-53,28.591666666665045,0.0,53,0.7187469601631165,-0.008055038750171661,0.09671767055988312,-0.07282979120529628,-0.08883715418610579,-0.01061069727114649,,3,True,False,recoverable,0,False,RUNNING
57.49999999999738,6900,S4_FRONT_PAIR_ADVANCE,ADVANCE,v009_20260806_215232_433234_manual:S4_FRONT_PAIR_ADVANCE:ALTERNATE_PROFILE_1:segments-52-53,28.658333333331708,0.5,54,0.7186800837516785,-0.008041761815547943,0.0967235267162323,-0.07275017833059694,-0.08889437979187752,-0.010563779648860124,,3,True,False,recoverable,0,False,RUNNING
57.56666666666404,6908,S5_PRE_RR_COM_SHIFT,PRELOAD,v009_20260806_215232_433234_manual:S5_PRE_RR_COM_SHIFT:ALTERNATE_PROFILE_1:segments-54-73,0.05833333333333002,0.0,55,0.7160928249359131,-0.007850952446460724,0.09314624965190887,-0.0747298706895785,-0.0763697683680715,-0.010731836908231701,RR,3,True,False,recoverable,0,False,RUNNING
57.633333333330704,6916,S5_PRE_RR_COM_SHIFT,PRELOAD,v009_20260806_215232_433234_manual:S5_PRE_RR_COM_SHIFT:ALTERNATE_PROFILE_1:segments-54-73,0.1249999999999929,0.0,55,0.7128269076347351,-0.007116466760635376,0.08719107508659363,-0.07738867025938174,-0.05714972229969922,-0.009122285175708301,RR,4,True,False,recoverable,0,False,RUNNING
57.69999999999737,6924,S5_PRE_RR_COM_SHIFT,PRELOAD,v009_20260806_215232_433234_manual:S5_PRE_RR_COM_SHIFT:ALTERNATE_PROFILE_1:segments-54-73,0.19166666666665577,0.0,55,0.7112782001495361,-0.006564728915691376,0.08282223343849182,-0.08137977151917443,-0.04485427937546331,-0.007990721050987542,RR,4,True,False,recoverable,0,False,RUNNING
57.76666666666403,6932,S5_PRE_RR_COM_SHIFT,PRELOAD,v009_20260806_215232_433234_manual:S5_PRE_RR_COM_SHIFT:ALTERNATE_PROFILE_1:segments-54-73,0.25833333333331865,0.05,56,0.7114983201026917,-0.006445996463298798,0.08138929307460785,-0.08524218782606764,-0.04275376024953844,-0.008118617259259062,RR,4,True,False,recoverable,0,False,RUNNING
57.83333333333069,6940,S5_PRE_RR_COM_SHIFT,PRELOAD,v009_20260806_215232_433234_manual:S5_PRE_RR_COM_SHIFT:ALTERNATE_PROFILE_1:segments-54-73,0.3249999999999815,0.05,56,0.7116819024085999,-0.0063876137137413025,0.08047454804182053,-0.08752593291054869,-0.04147978740153115,-0.008210621303693256,RR,4,True,False,recoverable,0,False,RUNNING
57.899999999997355,6948,S5_PRE_RR_COM_SHIFT,PRELOAD,v009_20260806_215232_433234_manual:S5_PRE_RR_COM_SHIFT:ALTERNATE_PROFILE_1:segments-54-73,0.3916666666666444,0.1,57,0.7117770314216614,-0.0063595250248909,0.07978948205709457,-0.08902000211578767,-0.04047794273721159,-0.008295163465594401,RR,3,True,False,recoverable,0,False,RUNNING
57.96666666666402,6956,S5_PRE_RR_COM_SHIFT,PRELOAD,v009_20260806_215232_433234_manual:S5_PRE_RR_COM_SHIFT:ALTERNATE_PROFILE_1:segments-54-73,0.4583333333333073,0.1,57,0.7119488716125488,-0.006343923509120941,0.07931337505578995,-0.09005943980893574,-0.03990385394433957,-0.008350090041866487,RR,3,True,False,recoverable,0,False,RUNNING
58.03333333333068,6964,S5_PRE_RR_COM_SHIFT,PRELOAD,v009_20260806_215232_433234_manual:S5_PRE_RR_COM_SHIFT:ALTERNATE_PROFILE_1:segments-54-73,0.5249999999999702,0.15,58,0.7120674252510071,-0.006339758634567261,0.07893170416355133,-0.090767023688528,-0.03943286118990009,-0.00840076026732882,RR,3,True,False,recoverable,0,False,RUNNING
58.099999999997344,6972,S5_PRE_RR_COM_SHIFT,PRELOAD,v009_20260806_215232_433234_manual:S5_PRE_RR_COM_SHIFT:ALTERNATE_PROFILE_1:segments-54-73,0.591666666666633,0.2,59,0.7121478319168091,-0.006336770951747894,0.07856488972902298,-0.09143150767274891,-0.038925119835535114,-0.008453708727591207,RR,3,True,False,recoverable,0,False,RUNNING
58.16666666666401,6980,S5_PRE_RR_COM_SHIFT,PRELOAD,v009_20260806_215232_433234_manual:S5_PRE_RR_COM_SHIFT:ALTERNATE_PROFILE_1:segments-54-73,0.6583333333332959,0.25,60,0.7121902108192444,-0.006337076425552368,0.07822459936141968,-0.09198419396641294,-0.03843028822509733,-0.008507479087406782,RR,3,True,False,recoverable,0,False,RUNNING
58.23333333333067,6988,S5_PRE_RR_COM_SHIFT,PRELOAD,v009_20260806_215232_433234_manual:S5_PRE_RR_COM_SHIFT:ALTERNATE_PROFILE_1:segments-54-73,0.7249999999999588,0.25,60,0.7122321724891663,-0.006340049207210541,0.0779467448592186,-0.09239903484984426,-0.03804333504946716,-0.008550969654634798,RR,3,True,False,recoverable,0,False,RUNNING
58.29999999999733,6996,S5_PRE_RR_COM_SHIFT,PRELOAD,v009_20260806_215232_433234_manual:S5_PRE_RR_COM_SHIFT:ALTERNATE_PROFILE_1:segments-54-73,0.7916666666666217,0.3,61,0.7122830748558044,-0.006346121430397034,0.0776991918683052,-0.09277599434728348,-0.037733530875444676,-0.008579066204828815,RR,3,True,False,recoverable,0,False,RUNNING
58.366666666663995,7004,S5_PRE_RR_COM_SHIFT,PRELOAD,v009_20260806_215232_433234_manual:S5_PRE_RR_COM_SHIFT:ALTERNATE_PROFILE_1:segments-54-73,0.8583333333332845,0.35,62,0.712316632270813,-0.006347328424453735,0.07745479792356491,-0.09316178875087068,-0.03738828071656429,-0.008617915343071962,RR,3,True,False,recoverable,0,False,RUNNING
58.43333333333066,7012,S5_PRE_RR_COM_SHIFT,PRELOAD,v009_20260806_215232_433234_manual:S5_PRE_RR_COM_SHIFT:ALTERNATE_PROFILE_1:segments-54-73,0.9249999999999474,0.4,63,0.7123565077781677,-0.006348356604576111,0.07722035050392151,-0.09354713259264603,-0.037077138475967164,-0.008652711492852407,RR,3,True,False,recoverable,0,False,RUNNING
58.49999999999732,7020,S5_PRE_RR_COM_SHIFT,PRELOAD,v009_20260806_215232_433234_manual:S5_PRE_RR_COM_SHIFT:ALTERNATE_PROFILE_1:segments-54-73,0.9916666666666103,0.45,64,0.7123702168464661,-0.006350092589855194,0.07699639350175858,-0.09389084313512226,-0.03675027760932486,-0.008688784426255973,RR,3,True,False,recoverable,0,False,RUNNING
58.566666666663984,7028,S5_PRE_RR_COM_SHIFT,PRELOAD,v009_20260806_215232_433234_manual:S5_PRE_RR_COM_SHIFT:ALTERNATE_PROFILE_1:segments-54-73,1.0583333333332732,0.45,64,0.7124091982841492,-0.0063542574644088745,0.07683870941400528,-0.094097891485346,-0.03659438061742727,-0.008710363438561594,RR,3,True,False,recoverable,0,False,RUNNING
58.63333333333065,7036,S5_PRE_RR_COM_SHIFT,PRELOAD,v009_20260806_215232_433234_manual:S5_PRE_RR_COM_SHIFT:ALTERNATE_PROFILE_1:segments-54-73,1.124999999999936,0.5,65,0.7124481201171875,-0.00635518878698349,0.07666173577308655,-0.09439316290369824,-0.036376023466061294,-0.00873508726213243,RR,3,True,False,recoverable,0,False,RUNNING
58.69999999999731,7044,S5_PRE_RR_COM_SHIFT,PRELOAD,v009_20260806_215232_433234_manual:S5_PRE_RR_COM_SHIFT:ALTERNATE_PROFILE_1:segments-54-73,1.191666666666599,0.55,66,0.7124505043029785,-0.0063550397753715515,0.0764821246266365,-0.09469454528089269,-0.03611241058608671,-0.00876350001688338,RR,3,True,False,recoverable,0,False,RUNNING
58.76666666666397,7052,S5_PRE_RR_COM_SHIFT,PRELOAD,v009_20260806_215232_433234_manual:S5_PRE_RR_COM_SHIFT:ALTERNATE_PROFILE_1:segments-54-73,1.2583333333332618,0.6,67,0.7124919891357422,-0.006354033946990967,0.07631807029247284,-0.09499566135114583,-0.03592600428867453,-0.008784704986679968,RR,3,True,False,recoverable,0,False,RUNNING
58.833333333330636,7060,S5_PRE_RR_COM_SHIFT,PRELOAD,v009_20260806_215232_433234_manual:S5_PRE_RR_COM_SHIFT:ALTERNATE_PROFILE_1:segments-54-73,1.3249999999999247,0.6,67,0.7124881744384766,-0.0063575878739356995,0.076158806681633,-0.09526685619111636,-0.03568552520713738,-0.008799637644001075,RR,3,True,False,recoverable,0,False,RUNNING
58.8999999999973,7068,S5_PRE_RR_COM_SHIFT,PRELOAD,v009_20260806_215232_433234_manual:S5_PRE_RR_COM_SHIFT:ALTERNATE_PROFILE_1:segments-54-73,1.3916666666665876,0.65,68,0.7159643769264221,-0.006748728454113007,0.07799032330513,-0.09151768276080277,-0.0385632040448914,-0.009494773895833263,RR,3,True,False,recoverable,0,False,RUNNING
58.96666666666396,7076,S5_PRE_RR_COM_SHIFT,PRELOAD,v009_20260806_215232_433234_manual:S5_PRE_RR_COM_SHIFT:ALTERNATE_PROFILE_1:segments-54-73,1.4583333333332504,0.65,68,0.7253662347793579,-0.008567027747631073,0.07854024320840836,-0.09198815100253206,-0.041401897152938405,-0.014350563520780546,RR,3,True,False,recoverable,0,False,RUNNING
59.033333333330624,7084,S5_PRE_RR_COM_SHIFT,PRELOAD,v009_20260806_215232_433234_manual:S5_PRE_RR_COM_SHIFT:ALTERNATE_PROFILE_1:segments-54-73,1.5249999999999133,0.65,68,0.7347518801689148,-0.010225124657154083,0.07765772938728333,-0.09629369684385432,-0.04283924017424802,-0.01875476760122712,RR,3,True,False,recoverable,0,False,RUNNING
59.09999999999729,7092,S5_PRE_RR_COM_SHIFT,PRELOAD,v009_20260806_215232_433234_manual:S5_PRE_RR_COM_SHIFT:ALTERNATE_PROFILE_1:segments-54-73,1.5916666666665762,0.7,69,0.7420435547828674,-0.011354848742485046,0.07634195685386658,-0.10135418676366575,-0.04349903775447191,-0.021652770585373276,RR,3,True,False,recoverable,0,False,RUNNING
59.16666666666395,7100,S5_PRE_RR_COM_SHIFT,PRELOAD,v009_20260806_215232_433234_manual:S5_PRE_RR_COM_SHIFT:ALTERNATE_PROFILE_1:segments-54-73,1.658333333333239,0.7,69,0.7490852475166321,-0.012617111206054688,0.074676513671875,-0.10679526672470373,-0.04368861438656736,-0.02476520768129516,RR,3,True,False,recoverable,0,False,RUNNING
59.23333333333061,7108,S5_PRE_RR_COM_SHIFT,PRELOAD,v009_20260806_215232_433234_manual:S5_PRE_RR_COM_SHIFT:ALTERNATE_PROFILE_1:segments-54-73,1.724999999999902,0.75,70,0.753985583782196,-0.013276860117912292,0.07306836545467377,-0.1123555880330208,-0.04340086089900378,-0.026335168311262487,RR,3,True,False,recoverable,0,False,RUNNING
59.299999999997276,7116,S5_PRE_RR_COM_SHIFT,PRELOAD,v009_20260806_215232_433234_manual:S5_PRE_RR_COM_SHIFT:ALTERNATE_PROFILE_1:segments-54-73,1.7916666666665648,0.75,70,0.7594866156578064,-0.014239691197872162,0.07128480821847916,-0.11770119078386124,-0.04318265078866177,-0.028562710089917846,RR,3,True,False,recoverable,0,False,RUNNING
59.36666666666394,7124,S5_PRE_RR_COM_SHIFT,PRELOAD,v009_20260806_215232_433234_manual:S5_PRE_RR_COM_SHIFT:ALTERNATE_PROFILE_1:segments-54-73,1.8583333333332277,0.8,71,0.7636921405792236,-0.01477186381816864,0.06911350041627884,-0.12623260389340138,-0.04089935420264986,-0.030107829449995436,RR,3,True,False,recoverable,0,False,RUNNING
59.4333333333306,7132,S5_PRE_RR_COM_SHIFT,PRELOAD,v009_20260806_215232_433234_manual:S5_PRE_RR_COM_SHIFT:ALTERNATE_PROFILE_1:segments-54-73,1.9249999999998906,0.8,71,0.7690753936767578,-0.01581106334924698,0.06650525331497192,-0.13594817265728928,-0.03881317324206485,-0.03279246601318685,RR,3,True,False,recoverable,0,False,RUNNING
59.499999999997264,7140,S5_PRE_RR_COM_SHIFT,PRELOAD,v009_20260806_215232_433234_manual:S5_PRE_RR_COM_SHIFT:ALTERNATE_PROFILE_1:segments-54-73,1.9916666666665535,0.85,72,0.7744422554969788,-0.01670321822166443,0.06342197209596634,-0.14903861124100887,-0.03548450323751285,-0.035258112421161336,RR,3,True,False,recoverable,0,False,RUNNING
59.56666666666393,7148,S5_PRE_RR_COM_SHIFT,PRELOAD,v009_20260806_215232_433234_manual:S5_PRE_RR_COM_SHIFT:ALTERNATE_PROFILE_1:segments-54-73,2.0583333333332163,0.85,72,0.7806300520896912,-0.01762080192565918,0.059393659234046936,-0.1677834001155666,-0.02993463511337492,-0.03796327526078511,RR,3,True,False,recoverable,0,False,RUNNING
59.63333333333059,7156,S5_PRE_RR_COM_SHIFT,PRELOAD,v009_20260806_215232_433234_manual:S5_PRE_RR_COM_SHIFT:ALTERNATE_PROFILE_1:segments-54-73,2.124999999999879,0.9,73,0.785289466381073,-0.017703115940093994,0.05485738068819046,-0.19256001300003356,-0.02086505163437255,-0.03929623398637485,RR,3,True,False,recoverable,0,False,RUNNING
59.69999999999725,7164,S5_PRE_RR_COM_SHIFT,PRELOAD,v009_20260806_215232_433234_manual:S5_PRE_RR_COM_SHIFT:ALTERNATE_PROFILE_1:segments-54-73,2.191666666666542,0.9,73,0.7878152132034302,-0.017069727182388306,0.04916798323392868,-0.23049475082170498,-0.002967307260051086,-0.04102953510776452,RR,2,True,False,recoverable,0,False,RUNNING
59.766666666663916,7172,S5_PRE_RR_COM_SHIFT,PRELOAD,v009_20260806_215232_433234_manual:S5_PRE_RR_COM_SHIFT:ALTERNATE_PROFILE_1:segments-54-73,2.258333333333205,0.95,74,0.7893579006195068,-0.016725018620491028,0.04536133259534836,-0.25612485450485245,0.008990580869749689,-0.04296369673102831,RR,3,True,False,recoverable,0,False,RUNNING
59.83333333333058,7180,S5_PRE_RR_COM_SHIFT,PRELOAD,v009_20260806_215232_433234_manual:S5_PRE_RR_COM_SHIFT:ALTERNATE_PROFILE_1:segments-54-73,2.324999999999868,0.95,74,0.7896149158477783,-0.016861267387866974,0.045036040246486664,-0.2556182681391025,0.008297844699022186,-0.042762342521134325,RR,3,True,False,recoverable,0,False,RUNNING
59.89999999999724,7188,S5_PRE_RR_COM_SHIFT,PRELOAD,v009_20260806_215232_433234_manual:S5_PRE_RR_COM_SHIFT:ALTERNATE_PROFILE_1:segments-54-73,2.3916666666665307,0.95,74,0.7897696495056152,-0.017013482749462128,0.04469631612300873,-0.2551311349459062,0.0077035862140824776,-0.04262034351055249,RR,3,True,False,recoverable,0,False,RUNNING
59.966666666663905,7196,S5_PRE_RR_COM_SHIFT,PRELOAD,v009_20260806_215232_433234_manual:S5_PRE_RR_COM_SHIFT:ALTERNATE_PROFILE_1:segments-54-73,2.4583333333331936,0.95,74,0.7899208664894104,-0.017160899937152863,0.044346943497657776,-0.2544355219122426,0.006994689804974162,-0.04242611492954163,RR,3,True,False,recoverable,0,False,RUNNING
60.03333333333057,7204,S6_RR_TRAVERSE,FACE_CLEAR,v009_20260806_215232_433234_manual:S6_RR_TRAVERSE:ALTERNATE_PROFILE_1:segments-74-90,0.05833333333333002,0.0,75,0.7900552749633789,-0.017319291830062866,0.043996840715408325,-0.253695708346026,0.006270313174016584,-0.042263159504483,RR,3,True,False,recoverable,0,False,RUNNING
60.09999999999723,7212,S6_RR_TRAVERSE,FACE_CLEAR,v009_20260806_215232_433234_manual:S6_RR_TRAVERSE:ALTERNATE_PROFILE_1:segments-74-90,0.1249999999999929,0.0,75,0.7901424169540405,-0.017451025545597076,0.04369352012872696,-0.2529852110921035,0.0057581297392173434,-0.042134140378730235,RR,3,True,False,recoverable,0,False,RUNNING
60.16666666666389,7220,S6_RR_TRAVERSE,FACE_CLEAR,v009_20260806_215232_433234_manual:S6_RR_TRAVERSE:ALTERNATE_PROFILE_1:segments-74-90,0.19166666666665577,0.0,75,0.7902302145957947,-0.017588555812835693,0.04339686781167984,-0.25236517511710627,0.00524390838732565,-0.04203742589273787,RR,3,True,False,recoverable,0,False,RUNNING
60.233333333330556,7228,S6_RR_TRAVERSE,FACE_CLEAR,v009_20260806_215232_433234_manual:S6_RR_TRAVERSE:ALTERNATE_PROFILE_1:segments-74-90,0.25833333333331865,0.058823529411764705,76,0.7903093099594116,-0.017681479454040527,0.04314135015010834,-0.25170001132574715,0.004756643716260765,-0.041884715778349825,RR,3,True,False,recoverable,0,False,RUNNING
60.29999999999722,7236,S6_RR_TRAVERSE,FACE_CLEAR,v009_20260806_215232_433234_manual:S6_RR_TRAVERSE:ALTERNATE_PROFILE_1:segments-74-90,0.3249999999999815,0.058823529411764705,76,0.7903450727462769,-0.017765134572982788,0.04291246831417084,-0.25113968913399126,0.0043912459677434,-0.0417500053958992,RR,3,True,False,recoverable,0,False,RUNNING
60.36666666666388,7244,S6_RR_TRAVERSE,FACE_CLEAR,v009_20260806_215232_433234_manual:S6_RR_TRAVERSE:ALTERNATE_PROFILE_1:segments-74-90,0.3916666666666444,0.11764705882352941,77,0.7904003858566284,-0.01782224327325821,0.04273006319999695,-0.25075691284519114,0.004148391240718027,-0.041651227533815074,RR,3,True,False,recoverable,0,False,RUNNING
60.433333333330545,7252,S6_RR_TRAVERSE,FACE_CLEAR,v009_20260806_215232_433234_manual:S6_RR_TRAVERSE:ALTERNATE_PROFILE_1:segments-74-90,0.4583333333333073,0.17647058823529413,78,0.7904207110404968,-0.01787615567445755,0.042557813227176666,-0.25033863558117064,0.003955766694080715,-0.04157667196501581,RR,3,True,False,recoverable,0,False,RUNNING
60.49999999999721,7260,S6_RR_TRAVERSE,FACE_CLEAR,v009_20260806_215232_433234_manual:S6_RR_TRAVERSE:ALTERNATE_PROFILE_1:segments-74-90,0.5249999999999702,0.17647058823529413,78,0.7904993891716003,-0.017947465181350708,0.04236006736755371,-0.24985541453324964,0.0034991931811547143,-0.041410909454831446,RR,3,True,False,recoverable,0,False,RUNNING
60.56666666666387,7268,S6_RR_TRAVERSE,FACE_CLEAR,v009_20260806_215232_433234_manual:S6_RR_TRAVERSE:ALTERNATE_PROFILE_1:segments-74-90,0.591666666666633,0.17647058823529413,78,0.790565550327301,-0.01800515502691269,0.042190343141555786,-0.24937635024514712,0.003165640035118531,-0.04131231271668671,RR,3,True,False,recoverable,0,False,RUNNING
60.63333333333053,7276,S6_RR_TRAVERSE,FACE_CLEAR,v009_20260806_215232_433234_manual:S6_RR_TRAVERSE:ALTERNATE_PROFILE_1:segments-74-90,0.6583333333332959,0.23529411764705882,79,0.790640652179718,-0.01805538684129715,0.042034462094306946,-0.2489344056580966,0.0028520831312364783,-0.0412110274853266,RR,3,True,False,recoverable,0,False,RUNNING
60.699999999997196,7284,S6_RR_TRAVERSE,FACE_CLEAR,v009_20260806_215232_433234_manual:S6_RR_TRAVERSE:ALTERNATE_PROFILE_1:segments-74-90,0.7249999999999588,0.29411764705882354,80,0.7906768918037415,-0.018098972737789154,0.041902199387550354,-0.24853684537284026,0.0026667876916672576,-0.041149819471712465,RR,3,True,False,recoverable,0,False,RUNNING
60.76666666666386,7292,S6_RR_TRAVERSE,FACE_CLEAR,v009_20260806_215232_433234_manual:S6_RR_TRAVERSE:ALTERNATE_PROFILE_1:segments-74-90,0.7916666666666217,0.29411764705882354,80,0.7907639145851135,-0.01814045011997223,0.04177320748567581,-0.24815857741251504,0.0024004191941333613,-0.04106778516244591,RR,3,True,False,recoverable,0,False,RUNNING
60.83333333333052,7300,S6_RR_TRAVERSE,FACE_CLEAR,v009_20260806_215232_433234_manual:S6_RR_TRAVERSE:ALTERNATE_PROFILE_1:segments-74-90,0.8583333333332845,0.29411764705882354,80,0.7908596992492676,-0.01817511022090912,0.04165714234113693,-0.24786108228616419,0.0021527121397562,-0.040988653426264066,RR,3,True,False,recoverable,0,False,RUNNING
60.899999999997185,7308,S6_RR_TRAVERSE,FACE_CLEAR,v009_20260806_215232_433234_manual:S6_RR_TRAVERSE:ALTERNATE_PROFILE_1:segments-74-90,0.9249999999999474,0.35294117647058826,81,0.790881872177124,-0.01821969449520111,0.0415404736995697,-0.2475824804021837,0.002015413527821912,-0.040915849189132276,RR,3,True,False,recoverable,0,False,RUNNING
60.96666666666385,7316,S6_RR_TRAVERSE,FACE_CLEAR,v009_20260806_215232_433234_manual:S6_RR_TRAVERSE:ALTERNATE_PROFILE_1:segments-74-90,0.9916666666666103,0.35294117647058826,81,0.7909492254257202,-0.018251977860927582,0.0414305180311203,-0.24726003963039916,0.0018193909672018988,-0.04084553008086959,RR,3,True,False,recoverable,0,False,RUNNING
61.03333333333051,7324,S6_RR_TRAVERSE,FACE_CLEAR,v009_20260806_215232_433234_manual:S6_RR_TRAVERSE:ALTERNATE_PROFILE_1:segments-74-90,1.0583333333332732,0.4117647058823529,82,0.7910013794898987,-0.0182826966047287,0.041330911219120026,-0.24696406180479236,0.0016721475809456914,-0.040795512777601066,RR,3,True,False,recoverable,0,False,RUNNING
61.09999999999717,7332,S6_RR_TRAVERSE,FACE_CLEAR,v009_20260806_215232_433234_manual:S6_RR_TRAVERSE:ALTERNATE_PROFILE_1:segments-74-90,1.124999999999936,0.47058823529411764,83,0.791047990322113,-0.01830940693616867,0.041243575513362885,-0.2467216476010307,0.001545871051853904,-0.040753437609820496,RR,3,True,False,recoverable,0,False,RUNNING
61.166666666663836,7340,S6_RR_TRAVERSE,FACE_CLEAR,v009_20260806_215232_433234_manual:S6_RR_TRAVERSE:ALTERNATE_PROFILE_1:segments-74-90,1.191666666666599,0.47058823529411764,83,0.7911300659179688,-0.01833442598581314,0.04115656018257141,-0.24646587043483031,0.0013779866855781857,-0.04069650946352427,RR,3,True,False,recoverable,0,False,RUNNING
61.2333333333305,7348,S6_RR_TRAVERSE,FACE_CLEAR,v009_20260806_215232_433234_manual:S6_RR_TRAVERSE:ALTERNATE_PROFILE_1:segments-74-90,1.2583333333332618,0.5294117647058824,84,0.7911535501480103,-0.01835918426513672,0.041079796850681305,-0.24620737691738917,0.0013005694366084559,-0.04067187906930952,RR,3,True,False,recoverable,0,False,RUNNING
61.29999999999716,7356,S6_RR_TRAVERSE,FACE_CLEAR,v009_20260806_215232_433234_manual:S6_RR_TRAVERSE:ALTERNATE_PROFILE_1:segments-74-90,1.3249999999999247,0.5294117647058824,84,0.7912189960479736,-0.01837681233882904,0.04101523756980896,-0.24612728304462145,0.0011890344978764274,-0.040637383003435903,RR,3,True,False,recoverable,0,False,RUNNING
61.366666666663825,7364,S6_RR_TRAVERSE,FACE_CLEAR,v009_20260806_215232_433234_manual:S6_RR_TRAVERSE:ALTERNATE_PROFILE_1:segments-74-90,1.3916666666665876,0.5294117647058824,84,0.7912555932998657,-0.018391214311122894,0.040960125625133514,-0.24606784128102002,0.0011318704411692824,-0.04061686501611343,RR,3,True,False,recoverable,0,False,RUNNING
61.43333333333049,7372,S6_RR_TRAVERSE,FACE_CLEAR,v009_20260806_215232_433234_manual:S6_RR_TRAVERSE:ALTERNATE_PROFILE_1:segments-74-90,1.4583333333332504,0.5882352941176471,85,0.7912681698799133,-0.018401362001895905,0.04091888666152954,-0.24600832986929252,0.0011320439204019516,-0.04061098459572408,RR,3,True,False,recoverable,0,False,RUNNING
61.49999999999715,7380,S6_RR_TRAVERSE,TOP_PLACE,v009_20260806_215232_433234_manual:S6_RR_TRAVERSE:ALTERNATE_PROFILE_1:segments-74-90,1.5249999999999133,0.6470588235294118,86,0.7912833094596863,-0.01840389519929886,0.04090449959039688,-0.2459824018194853,0.0012419465233625422,-0.04063381914107366,RR,3,True,False,recoverable,0,False,RUNNING
61.566666666663814,7388,S6_RR_TRAVERSE,TOP_PLACE,v009_20260806_215232_433234_manual:S6_RR_TRAVERSE:ALTERNATE_PROFILE_1:segments-74-90,1.5916666666665762,0.6470588235294118,86,0.791317880153656,-0.018417879939079285,0.04085465520620346,-0.24594627801926605,0.0011034489854085613,-0.040596439839284466,RR,3,True,False,recoverable,0,False,RUNNING
61.63333333333048,7396,S6_RR_TRAVERSE,TOP_PLACE,v009_20260806_215232_433234_manual:S6_RR_TRAVERSE:ALTERNATE_PROFILE_1:segments-74-90,1.658333333333239,0.6470588235294118,86,0.7913563847541809,-0.018432512879371643,0.04080713540315628,-0.24583158501790114,0.0009671562622119018,-0.040559670678105404,RR,3,True,False,recoverable,0,False,RUNNING
61.69999999999714,7404,S6_RR_TRAVERSE,TOP_PLACE,v009_20260806_215232_433234_manual:S6_RR_TRAVERSE:ALTERNATE_PROFILE_1:segments-74-90,1.724999999999902,0.7058823529411765,87,0.7913832068443298,-0.018439002335071564,0.040783122181892395,-0.2458036770327648,0.0009635578719462746,-0.04055648240169425,RR,3,True,False,recoverable,0,False,RUNNING
61.7666666666638,7412,S6_RR_TRAVERSE,TOP_PLACE,v009_20260806_215232_433234_manual:S6_RR_TRAVERSE:ALTERNATE_PROFILE_1:segments-74-90,1.7916666666665648,0.7058823529411765,87,0.7914172410964966,-0.01844797283411026,0.040747806429862976,-0.24572040761774225,0.0008792051291500053,-0.04052872290802117,RR,3,True,False,recoverable,0,False,RUNNING
61.833333333330465,7420,S6_RR_TRAVERSE,TOP_PLACE,v009_20260806_215232_433234_manual:S6_RR_TRAVERSE:ALTERNATE_PROFILE_1:segments-74-90,1.8583333333332277,0.7647058823529411,88,0.7914513349533081,-0.018453828990459442,0.04072655737400055,-0.24568977377806978,0.0008695305357094816,-0.040524517384386685,RR,3,True,False,recoverable,0,False,RUNNING
61.89999999999713,7428,S6_RR_TRAVERSE,TOP_PLACE,v009_20260806_215232_433234_manual:S6_RR_TRAVERSE:ALTERNATE_PROFILE_1:segments-74-90,1.9249999999998906,0.8235294117647058,89,0.7914392352104187,-0.01845070719718933,0.04073353856801987,-0.2456980615440256,0.0010511565092760403,-0.04056978527345916,RR,3,True,False,recoverable,0,False,RUNNING
61.96666666666379,7436,S6_RR_TRAVERSE,TOP_PLACE,v009_20260806_215232_433234_manual:S6_RR_TRAVERSE:ALTERNATE_PROFILE_1:segments-74-90,1.9916666666665535,0.8235294117647058,89,0.7914915680885315,-0.018461398780345917,0.040693774819374084,-0.2455914690337883,0.0008754103206932737,-0.04051886639007252,RR,3,True,False,recoverable,0,False,RUNNING
62.033333333330454,7444,S6_RR_TRAVERSE,TOP_PLACE,v009_20260806_215232_433234_manual:S6_RR_TRAVERSE:ALTERNATE_PROFILE_1:segments-74-90,2.0583333333332163,0.8235294117647058,89,0.7915403246879578,-0.018469341099262238,0.04066692292690277,-0.24555771299936743,0.0007849481546907318,-0.04049572613615296,RR,3,True,False,recoverable,0,False,RUNNING
62.09999999999712,7452,S6_RR_TRAVERSE,TOP_PLACE,v009_20260806_215232_433234_manual:S6_RR_TRAVERSE:ALTERNATE_PROFILE_1:segments-74-90,2.124999999999879,0.8823529411764706,90,0.7915524244308472,-0.01847171038389206,0.040655553340911865,-0.24554441301453775,0.000815285691343077,-0.04050183450982752,RR,3,True,False,recoverable,0,False,RUNNING
62.16666666666378,7460,S6_RR_TRAVERSE,TOP_PLACE,v009_20260806_215232_433234_manual:S6_RR_TRAVERSE:ALTERNATE_PROFILE_1:segments-74-90,2.191666666666542,0.8823529411764706,90,0.7915909886360168,-0.018477551639080048,0.040632523596286774,-0.24547628085396378,0.0007463563383889715,-0.04048053302881153,RR,3,True,False,recoverable,0,False,RUNNING
62.23333333333044,7468,S6_RR_TRAVERSE,TOP_PLACE,v009_20260806_215232_433234_manual:S6_RR_TRAVERSE:ALTERNATE_PROFILE_1:segments-74-90,2.258333333333205,0.9411764705882353,91,0.790286123752594,-0.019026853144168854,0.04193311929702759,-0.2200537073963145,-0.012277880286930474,-0.03878341242475845,RR,3,True,False,recoverable,0,False,RUNNING
62.299999999997105,7476,S6_RR_TRAVERSE,TOP_PLACE,v009_20260806_215232_433234_manual:S6_RR_TRAVERSE:ALTERNATE_PROFILE_1:segments-74-90,2.324999999999868,0.9411764705882353,91,0.7875534892082214,-0.020537354052066803,0.041433319449424744,-0.17864913527839615,-0.052585628525857415,-0.033909490775266275,RR,4,True,False,recoverable,0,False,RUNNING
62.36666666666377,7484,S6_RR_TRAVERSE,TOP_PLACE,v009_20260806_215232_433234_manual:S6_RR_TRAVERSE:ALTERNATE_PROFILE_1:segments-74-90,2.3916666666665307,0.9411764705882353,91,0.7883467078208923,-0.019302144646644592,0.05805034935474396,-0.12715041384380804,-0.0530228820116743,-0.031240536490811845,RR,4,True,False,recoverable,0,False,RUNNING
62.43333333333043,7492,S6_RR_TRAVERSE,TOP_PLACE,v009_20260806_215232_433234_manual:S6_RR_TRAVERSE:ALTERNATE_PROFILE_1:segments-74-90,2.4583333333331936,0.9411764705882353,91,0.7867794632911682,-0.021405600011348724,0.0782192125916481,-0.0633799875671091,-0.05366836710664504,-0.031544510948811125,RR,4,True,False,recoverable,0,False,RUNNING
62.499999999997094,7500,S6_RR_TRAVERSE,TOP_PLACE,v009_20260806_215232_433234_manual:S6_RR_TRAVERSE:ALTERNATE_PROFILE_1:segments-74-90,2.5249999999998565,0.9411764705882353,91,0.7832205295562744,-0.02535126358270645,0.09178399294614792,-0.021963890585435224,-0.05336455158356243,-0.02612488838198982,RR,4,True,False,recoverable,0,False,RUNNING
62.56666666666376,7508,S6_RR_TRAVERSE,TOP_PLACE,v009_20260806_215232_433234_manual:S6_RR_TRAVERSE:ALTERNATE_PROFILE_1:segments-74-90,2.5916666666665193,0.9411764705882353,91,0.7794727087020874,-0.027702949941158295,0.1000375747680664,0.0021347868389096913,-0.05553065581853725,-0.0222848121466074,RR,4,True,False,recoverable,0,False,RUNNING
62.63333333333042,7516,S6_RR_TRAVERSE,TOP_PLACE,v009_20260806_215232_433234_manual:S6_RR_TRAVERSE:ALTERNATE_PROFILE_1:segments-74-90,2.6583333333331822,0.9411764705882353,91,0.7733299732208252,-0.02672698348760605,0.10234284400939941,0.012392672885344595,-0.05598005647805737,-0.017129489915473035,RR,4,True,False,recoverable,0,False,RUNNING
62.69999999999708,7524,S6_RR_TRAVERSE,TOP_PLACE,v009_20260806_215232_433234_manual:S6_RR_TRAVERSE:ALTERNATE_PROFILE_1:segments-74-90,2.724999999999845,0.9411764705882353,91,0.7662048935890198,-0.025032803416252136,0.10177845507860184,0.01083311029327664,-0.05499239991437191,-0.010657234207609752,RR,4,True,False,recoverable,0,False,RUNNING
62.766666666663745,7532,S6_RR_TRAVERSE,TOP_PLACE,v009_20260806_215232_433234_manual:S6_RR_TRAVERSE:ALTERNATE_PROFILE_1:segments-74-90,2.791666666666508,0.9411764705882353,91,0.7593372464179993,-0.02346956729888916,0.10247409343719482,0.00749561759316921,-0.04219296275501171,-0.004904778774953669,RR,4,True,False,recoverable,0,False,RUNNING
62.83333333333041,7540,S6_RR_TRAVERSE,TOP_PLACE,v009_20260806_215232_433234_manual:S6_RR_TRAVERSE:ALTERNATE_PROFILE_1:segments-74-90,2.858333333333171,0.9411764705882353,91,0.7524048686027527,-0.023886963725090027,0.10379025340080261,0.019605957165679568,-0.02630671821343797,-0.00263724867140905,RR,4,True,False,recoverable,0,False,RUNNING
62.89999999999707,7548,S6_RR_TRAVERSE,TOP_PLACE,v009_20260806_215232_433234_manual:S6_RR_TRAVERSE:ALTERNATE_PROFILE_1:segments-74-90,2.9249999999998337,0.9411764705882353,91,0.7515677213668823,-0.024666525423526764,0.10616333782672882,0.029480515980129813,-0.027332560827304467,-0.002248261637832159,RR,4,True,False,recoverable,0,False,RUNNING
62.966666666663734,7556,S6_RR_TRAVERSE,TOP_PLACE,v009_20260806_215232_433234_manual:S6_RR_TRAVERSE:ALTERNATE_PROFILE_1:segments-74-90,2.9916666666664966,0.9411764705882353,91,0.7553038597106934,-0.0256374329328537,0.11088366061449051,0.03944007808245722,-0.04550644266792036,-0.002335887706148663,RR,3,True,False,recoverable,0,False,RUNNING
63.0333333333304,7564,S6_RR_TRAVERSE,TOP_PLACE,v009_20260806_215232_433234_manual:S6_RR_TRAVERSE:ALTERNATE_PROFILE_1:segments-74-90,3.0583333333331595,0.9411764705882353,91,0.7596508264541626,-0.02565300464630127,0.11290138214826584,0.035443202188990275,-0.06118866834612011,-0.002431170162190762,RR,3,True,False,recoverable,0,False,RUNNING
63.09999999999706,7572,S6_RR_TRAVERSE,TOP_PLACE,v009_20260806_215232_433234_manual:S6_RR_TRAVERSE:ALTERNATE_PROFILE_1:segments-74-90,3.1249999999998224,0.9411764705882353,91,0.761693000793457,-0.02496802806854248,0.11089949309825897,0.025572220895277095,-0.06759343482023286,-0.002283625693094407,RR,3,True,False,recoverable,0,False,RUNNING
63.16666666666372,7580,S7_PRE_RL_SUPPORT_SETUP,PRELOAD,v009_20260806_215232_433234_manual:S7_PRE_RL_SUPPORT_SETUP:ALTERNATE_PROFILE_1:segments-91-92,0.05833333333333002,0.0,92,0.7628586888313293,-0.0243065282702446,0.10919006913900375,0.018203701343411354,-0.07038924240261268,-0.0024923928012495528,RL,3,True,False,recoverable,0,False,RUNNING
63.233333333330386,7588,S7_PRE_RL_SUPPORT_SETUP,PRELOAD,v009_20260806_215232_433234_manual:S7_PRE_RL_SUPPORT_SETUP:ALTERNATE_PROFILE_1:segments-91-92,0.1249999999999929,0.0,92,0.7635656595230103,-0.023956894874572754,0.10830652713775635,0.014219044889373934,-0.07197551074527778,-0.002576102013722583,RL,3,True,False,recoverable,0,False,RUNNING
63.29999999999705,7596,S7_PRE_RL_SUPPORT_SETUP,PRELOAD,v009_20260806_215232_433234_manual:S7_PRE_RL_SUPPORT_SETUP:ALTERNATE_PROFILE_1:segments-91-92,0.19166666666665577,0.5,93,0.76473468542099,-0.025034725666046143,0.1100102961063385,0.02220327848019335,-0.06864063817676891,-0.0037387304800930244,RL,3,True,False,recoverable,0,False,RUNNING
63.36666666666371,7604,S7_PRE_RL_SUPPORT_SETUP,PRELOAD,v009_20260806_215232_433234_manual:S7_PRE_RL_SUPPORT_SETUP:ALTERNATE_PROFILE_1:segments-91-92,0.25833333333331865,0.5,93,0.7689827084541321,-0.027859993278980255,0.11156294494867325,0.034298585814964665,-0.05767002165102425,-0.009133869217429267,RL,3,True,False,recoverable,0,False,RUNNING
63.433333333330374,7612,S7_PRE_RL_SUPPORT_SETUP,PRELOAD,v009_20260806_215232_433234_manual:S7_PRE_RL_SUPPORT_SETUP:ALTERNATE_PROFILE_1:segments-91-92,0.3249999999999815,0.5,93,0.7771444916725159,-0.03090963512659073,0.1103791669011116,0.036515041138042194,-0.04872144659196499,-0.01829510727610103,RL,3,True,False,recoverable,0,False,RUNNING
63.49999999999704,7620,S7_PRE_RL_SUPPORT_SETUP,PRELOAD,v009_20260806_215232_433234_manual:S7_PRE_RL_SUPPORT_SETUP:ALTERNATE_PROFILE_1:segments-91-92,0.3916666666666444,0.5,93,0.7886437177658081,-0.03319607675075531,0.10985934734344482,0.03194469925566068,-0.05318349181370604,-0.026725532186065944,RL,3,True,False,recoverable,0,False,RUNNING
63.5666666666637,7628,S7_PRE_RL_SUPPORT_SETUP,PRELOAD,v009_20260806_215232_433234_manual:S7_PRE_RL_SUPPORT_SETUP:ALTERNATE_PROFILE_1:segments-91-92,0.4583333333333073,0.5,93,0.8024617433547974,-0.036535345017910004,0.10949206352233887,0.03111643627504853,-0.05325636066695143,-0.03717792232032709,RL,3,True,False,recoverable,0,False,RUNNING
63.63333333333036,7636,S7_PRE_RL_SUPPORT_SETUP,PRELOAD,v009_20260806_215232_433234_manual:S7_PRE_RL_SUPPORT_SETUP:ALTERNATE_PROFILE_1:segments-91-92,0.5249999999999702,0.5,93,0.8128066062927246,-0.038952089846134186,0.1091880202293396,0.029972511244468338,-0.05329992277376973,-0.043832846718028735,RL,3,True,False,recoverable,0,False,RUNNING
63.699999999997026,7644,S7_PRE_RL_SUPPORT_SETUP,PRELOAD,v009_20260806_215232_433234_manual:S7_PRE_RL_SUPPORT_SETUP:ALTERNATE_PROFILE_1:segments-91-92,0.591666666666633,0.5,93,0.8166723251342773,-0.039173319935798645,0.10757890343666077,0.02453744536368567,-0.05350348553642004,-0.045544081075229594,RL,4,True,False,recoverable,0,False,RUNNING
63.76666666666369,7652,S7_PRE_RL_SUPPORT_SETUP,PRELOAD,v009_20260806_215232_433234_manual:S7_PRE_RL_SUPPORT_SETUP:ALTERNATE_PROFILE_1:segments-91-92,0.6583333333332959,0.5,93,0.8142693638801575,-0.03921335190534592,0.10713788121938705,0.026590964977980747,-0.049696962083213184,-0.045391086559808586,RL,4,True,False,recoverable,0,False,RUNNING
63.83333333333035,7660,S7_PRE_RL_SUPPORT_SETUP,PRELOAD,v009_20260806_215232_433234_manual:S7_PRE_RL_SUPPORT_SETUP:ALTERNATE_PROFILE_1:segments-91-92,0.7249999999999588,0.5,93,0.8115741610527039,-0.03860180079936981,0.10351603478193283,0.02127838603691583,-0.03914556790868241,-0.04533492611368042,RL,4,True,False,recoverable,0,False,RUNNING
63.899999999997014,7668,S7_PRE_RL_SUPPORT_SETUP,PRELOAD,v009_20260806_215232_433234_manual:S7_PRE_RL_SUPPORT_SETUP:ALTERNATE_PROFILE_1:segments-91-92,0.7916666666666217,0.5,93,0.8094449639320374,-0.03829875588417053,0.10147492587566376,0.017808105022211484,-0.03747112704918484,-0.04513580741775378,RL,4,True,False,recoverable,0,False,RUNNING
63.96666666666368,7676,S7_PRE_RL_SUPPORT_SETUP,PRELOAD,v009_20260806_215232_433234_manual:S7_PRE_RL_SUPPORT_SETUP:ALTERNATE_PROFILE_1:segments-91-92,0.8583333333332845,0.5,93,0.8095265626907349,-0.038046933710575104,0.10092859715223312,0.012800350023124815,-0.0423305627561647,-0.04484024970158564,RL,4,True,False,recoverable,0,False,RUNNING
64.03333333333036,7684,S7_PRE_RL_SUPPORT_SETUP,PRELOAD,v009_20260806_215232_433234_manual:S7_PRE_RL_SUPPORT_SETUP:ALTERNATE_PROFILE_1:segments-91-92,0.9249999999999616,0.5,93,0.8095250129699707,-0.038022689521312714,0.10099729150533676,0.01266997958177711,-0.04269758491259736,-0.04489160897240554,RL,4,True,False,recoverable,0,False,RUNNING
64.09999999999708,7692,S7_PRE_RL_SUPPORT_SETUP,PRELOAD,v009_20260806_215232_433234_manual:S7_PRE_RL_SUPPORT_SETUP:ALTERNATE_PROFILE_1:segments-91-92,0.9916666666666814,0.5,93,0.8070868253707886,-0.03838814049959183,0.10170146077871323,0.018809564422000786,-0.03777337886566625,-0.044579674297168255,RL,4,True,False,recoverable,0,False,RUNNING
64.1666666666638,7700,S7_PRE_RL_SUPPORT_SETUP,PRELOAD,v009_20260806_215232_433234_manual:S7_PRE_RL_SUPPORT_SETUP:ALTERNATE_PROFILE_1:segments-91-92,1.058333333333401,0.5,93,0.8074920177459717,-0.038188666105270386,0.10147079080343246,0.014398226167946575,-0.040878917212952046,-0.04435216632474223,RL,4,True,False,recoverable,0,False,RUNNING
64.23333333333052,7708,S7_PRE_RL_SUPPORT_SETUP,PRELOAD,v009_20260806_215232_433234_manual:S7_PRE_RL_SUPPORT_SETUP:ALTERNATE_PROFILE_1:segments-91-92,1.1250000000001208,0.5,93,0.8064282536506653,-0.03825269639492035,0.1013026088476181,0.01603230107155195,-0.03992410946015223,-0.04425808861425305,RL,4,True,False,recoverable,0,False,RUNNING
64.29999999999724,7716,S7_PRE_RL_SUPPORT_SETUP,PRELOAD,v009_20260806_215232_433234_manual:S7_PRE_RL_SUPPORT_SETUP:ALTERNATE_PROFILE_1:segments-91-92,1.1916666666668405,0.5,93,0.8067395091056824,-0.03814231604337692,0.10127667337656021,0.013317541691077158,-0.04215436603152519,-0.044118894013520274,RL,4,True,False,recoverable,0,False,RUNNING
64.36666666666396,7724,S7_PRE_RL_SUPPORT_SETUP,PRELOAD,v009_20260806_215232_433234_manual:S7_PRE_RL_SUPPORT_SETUP:ALTERNATE_PROFILE_1:segments-91-92,1.2583333333335602,0.5,93,0.8063191175460815,-0.0380709171295166,0.1009594202041626,0.012648141890331083,-0.042765557400759886,-0.044133687228561876,RL,4,True,False,recoverable,0,False,RUNNING
64.43333333333068,7732,S7_PRE_RL_SUPPORT_SETUP,PRELOAD,v009_20260806_215232_433234_manual:S7_PRE_RL_SUPPORT_SETUP:ALTERNATE_PROFILE_1:segments-91-92,1.32500000000028,0.5,93,0.8061772584915161,-0.03798186033964157,0.10075342655181885,0.011433937563383212,-0.044390527329778835,-0.04416390222694089,RL,4,True,False,recoverable,0,False,RUNNING
64.4999999999974,7740,S8_RL_COM_SHIFT_AND_TRAVERSE,PRELOAD,v009_20260806_215232_433234_manual:S8_RL_COM_SHIFT_AND_TRAVERSE:ALTERNATE_PROFILE_1:segments-93-130,0.058333333333379755,0.0,94,0.8057717084884644,-0.037969060242176056,0.1008027195930481,0.01153095460089301,-0.04600642299625092,-0.0441835118586604,RL,4,True,False,recoverable,0,False,RUNNING
64.56666666666412,7748,S8_RL_COM_SHIFT_AND_TRAVERSE,PRELOAD,v009_20260806_215232_433234_manual:S8_RL_COM_SHIFT_AND_TRAVERSE:ALTERNATE_PROFILE_1:segments-93-130,0.12500000000009948,0.0,94,0.8054794073104858,-0.03796752542257309,0.10087749361991882,0.011655892009214944,-0.046688515953580846,-0.04418885272700407,RL,4,True,False,recoverable,0,False,RUNNING
64.63333333333084,7756,S8_RL_COM_SHIFT_AND_TRAVERSE,PRELOAD,v009_20260806_215232_433234_manual:S8_RL_COM_SHIFT_AND_TRAVERSE:ALTERNATE_PROFILE_1:segments-93-130,0.1916666666668192,0.02631578947368421,95,0.8035862445831299,-0.038685232400894165,0.10352498292922974,0.021527750848529963,-0.03477111811937267,-0.04360491343675384,RL,4,True,False,recoverable,0,False,RUNNING
64.69999999999756,7764,S8_RL_COM_SHIFT_AND_TRAVERSE,PRELOAD,v009_20260806_215232_433234_manual:S8_RL_COM_SHIFT_AND_TRAVERSE:ALTERNATE_PROFILE_1:segments-93-130,0.2583333333335389,0.02631578947368421,95,0.8046193718910217,-0.040875472128391266,0.11241082847118378,0.0445689339725862,-0.04351761699051118,-0.042754773668799505,RL,3,True,False,recoverable,0,False,RUNNING
64.76666666666428,7772,S8_RL_COM_SHIFT_AND_TRAVERSE,PRELOAD,v009_20260806_215232_433234_manual:S8_RL_COM_SHIFT_AND_TRAVERSE:ALTERNATE_PROFILE_1:segments-93-130,0.32500000000025864,0.02631578947368421,95,0.8123765587806702,-0.04200967401266098,0.1194385513663292,0.050414174554749114,-0.06716710455708505,-0.04361444825322837,RL,3,True,False,recoverable,0,False,RUNNING
64.833333333331,7780,S8_RL_COM_SHIFT_AND_TRAVERSE,PRELOAD,v009_20260806_215232_433234_manual:S8_RL_COM_SHIFT_AND_TRAVERSE:ALTERNATE_PROFILE_1:segments-93-130,0.39166666666697836,0.02631578947368421,95,0.8194022178649902,-0.042635828256607056,0.12075316905975342,0.04676075841800017,-0.0794710108658679,-0.04617780228326135,RL,3,True,False,recoverable,0,False,RUNNING
64.89999999999772,7788,S8_RL_COM_SHIFT_AND_TRAVERSE,PRELOAD,v009_20260806_215232_433234_manual:S8_RL_COM_SHIFT_AND_TRAVERSE:ALTERNATE_PROFILE_1:segments-93-130,0.4583333333336981,0.02631578947368421,95,0.8252775073051453,-0.04268726706504822,0.11529369652271271,0.03206336744038395,-0.0769364394149845,-0.04995650192005174,RL,3,True,False,recoverable,0,False,RUNNING
64.96666666666444,7796,S8_RL_COM_SHIFT_AND_TRAVERSE,PRELOAD,v009_20260806_215232_433234_manual:S8_RL_COM_SHIFT_AND_TRAVERSE:ALTERNATE_PROFILE_1:segments-93-130,0.5250000000004178,0.02631578947368421,95,0.82820063829422,-0.04209417849779129,0.10697735100984573,0.013806924137689221,-0.06741120934257945,-0.05263653964645516,RL,3,True,False,recoverable,0,False,RUNNING
65.03333333333116,7804,S8_RL_COM_SHIFT_AND_TRAVERSE,PRELOAD,v009_20260806_215232_433234_manual:S8_RL_COM_SHIFT_AND_TRAVERSE:ALTERNATE_PROFILE_1:segments-93-130,0.5916666666671375,0.02631578947368421,95,0.828614354133606,-0.04183637350797653,0.10041411966085434,0.001751993318583923,-0.05151019113072819,-0.054590299330809465,RL,4,True,False,recoverable,0,False,RUNNING
65.09999999999788,7812,S8_RL_COM_SHIFT_AND_TRAVERSE,PRELOAD,v009_20260806_215232_433234_manual:S8_RL_COM_SHIFT_AND_TRAVERSE:ALTERNATE_PROFILE_1:segments-93-130,0.6583333333338572,0.02631578947368421,95,0.8274351358413696,-0.04198963940143585,0.1000978872179985,0.004639741587569918,-0.04844694796987035,-0.054514627360987875,RL,4,True,False,recoverable,0,False,RUNNING
65.1666666666646,7820,S8_RL_COM_SHIFT_AND_TRAVERSE,PRELOAD,v009_20260806_215232_433234_manual:S8_RL_COM_SHIFT_AND_TRAVERSE:ALTERNATE_PROFILE_1:segments-93-130,0.725000000000577,0.02631578947368421,95,0.8270137310028076,-0.04197666794061661,0.09979424625635147,0.004746452458744203,-0.04951522448892371,-0.05449891503616523,RL,4,True,False,recoverable,0,False,RUNNING
65.23333333333132,7828,S8_RL_COM_SHIFT_AND_TRAVERSE,PRELOAD,v009_20260806_215232_433234_manual:S8_RL_COM_SHIFT_AND_TRAVERSE:ALTERNATE_PROFILE_1:segments-93-130,0.7916666666672967,0.02631578947368421,95,0.8269689083099365,-0.04185609519481659,0.09956153482198715,0.0026360558651059574,-0.051351837105742835,-0.05444509524074273,RL,4,True,False,recoverable,0,False,RUNNING
65.29999999999804,7836,S8_RL_COM_SHIFT_AND_TRAVERSE,PRELOAD,v009_20260806_215232_433234_manual:S8_RL_COM_SHIFT_AND_TRAVERSE:ALTERNATE_PROFILE_1:segments-93-130,0.8583333333340164,0.02631578947368421,95,0.8268720507621765,-0.04178125411272049,0.09943001717329025,0.001493598518392733,-0.052602126028368924,-0.05441953602641003,RL,4,True,False,recoverable,0,False,RUNNING
65.36666666666476,7844,S8_RL_COM_SHIFT_AND_TRAVERSE,PRELOAD,v009_20260806_215232_433234_manual:S8_RL_COM_SHIFT_AND_TRAVERSE:ALTERNATE_PROFILE_1:segments-93-130,0.9250000000007361,0.02631578947368421,95,0.8266135454177856,-0.04170270264148712,0.09921976178884506,0.0006664681542678151,-0.05310889775130178,-0.054420621355887405,RL,4,True,False,recoverable,0,False,RUNNING
65.43333333333148,7852,S8_RL_COM_SHIFT_AND_TRAVERSE,PRELOAD,v009_20260806_215232_433234_manual:S8_RL_COM_SHIFT_AND_TRAVERSE:ALTERNATE_PROFILE_1:segments-93-130,0.9916666666674558,0.02631578947368421,95,0.8263806700706482,-0.041656628251075745,0.09905692934989929,-9.884975567696144e-05,-0.053179506881369895,-0.05436652909192904,RL,4,True,False,recoverable,0,False,RUNNING
65.4999999999982,7860,S8_RL_COM_SHIFT_AND_TRAVERSE,PRELOAD,v009_20260806_215232_433234_manual:S8_RL_COM_SHIFT_AND_TRAVERSE:ALTERNATE_PROFILE_1:segments-93-130,1.0583333333341756,0.02631578947368421,95,0.8261064887046814,-0.04165482521057129,0.0992482528090477,0.0001369543848103695,-0.053032165364262654,-0.05437730972484612,RL,4,True,False,recoverable,0,False,RUNNING
65.56666666666491,7868,S8_RL_COM_SHIFT_AND_TRAVERSE,PRELOAD,v009_20260806_215232_433234_manual:S8_RL_COM_SHIFT_AND_TRAVERSE:ALTERNATE_PROFILE_1:segments-93-130,1.1250000000008953,0.02631578947368421,95,0.8258147239685059,-0.0416623130440712,0.09919146448373795,0.00043830173605970737,-0.05288142255477247,-0.05437147339885999,RL,4,True,False,recoverable,0,False,RUNNING
65.63333333333163,7876,S8_RL_COM_SHIFT_AND_TRAVERSE,PRELOAD,v009_20260806_215232_433234_manual:S8_RL_COM_SHIFT_AND_TRAVERSE:ALTERNATE_PROFILE_1:segments-93-130,1.191666666667615,0.02631578947368421,95,0.8256573677062988,-0.04162170737981796,0.09915586560964584,-0.00012573832406441516,-0.0531238839540812,-0.05435835191305248,RL,4,True,False,recoverable,0,False,RUNNING
65.69999999999835,7884,S8_RL_COM_SHIFT_AND_TRAVERSE,PRELOAD,v009_20260806_215232_433234_manual:S8_RL_COM_SHIFT_AND_TRAVERSE:ALTERNATE_PROFILE_1:segments-93-130,1.2583333333343347,0.02631578947368421,95,0.8251404762268066,-0.04162949323654175,0.0991363674402237,0.0004499089331059872,-0.052836795391013186,-0.054354440446396944,RL,4,True,False,recoverable,0,False,RUNNING
65.76666666666507,7892,S8_RL_COM_SHIFT_AND_TRAVERSE,PRELOAD,v009_20260806_215232_433234_manual:S8_RL_COM_SHIFT_AND_TRAVERSE:ALTERNATE_PROFILE_1:segments-93-130,1.3250000000010544,0.05263157894736842,96,0.8247750997543335,-0.041685737669467926,0.09997226297855377,0.0015335205102692678,-0.052122216819143856,-0.054335283767712114,RL,4,True,False,recoverable,0,False,RUNNING
65.8333333333318,7900,S8_RL_COM_SHIFT_AND_TRAVERSE,PRELOAD,v009_20260806_215232_433234_manual:S8_RL_COM_SHIFT_AND_TRAVERSE:ALTERNATE_PROFILE_1:segments-93-130,1.3916666666677742,0.07894736842105263,97,0.8223536610603333,-0.04236350953578949,0.1016138568520546,0.014157656157719281,-0.03996313969290387,-0.0543645018682248,RL,4,True,False,recoverable,0,False,RUNNING
65.89999999999851,7908,S8_RL_COM_SHIFT_AND_TRAVERSE,PRELOAD,v009_20260806_215232_433234_manual:S8_RL_COM_SHIFT_AND_TRAVERSE:ALTERNATE_PROFILE_1:segments-93-130,1.4583333333344939,0.07894736842105263,97,0.81889408826828,-0.043573297560214996,0.10420719534158707,0.03336902535980837,-0.022648070527505657,-0.053575990512324236,RL,4,True,False,recoverable,0,False,RUNNING
65.96666666666523,7916,S8_RL_COM_SHIFT_AND_TRAVERSE,PRELOAD,v009_20260806_215232_433234_manual:S8_RL_COM_SHIFT_AND_TRAVERSE:ALTERNATE_PROFILE_1:segments-93-130,1.5250000000012136,0.10526315789473684,98,0.8207197785377502,-0.044646911323070526,0.10689762234687805,0.05126071742422991,-0.00894012704113123,-0.05399284241034761,RL,4,True,False,recoverable,0,False,RUNNING
66.03333333333195,7924,S8_RL_COM_SHIFT_AND_TRAVERSE,PRELOAD,v009_20260806_215232_433234_manual:S8_RL_COM_SHIFT_AND_TRAVERSE:ALTERNATE_PROFILE_1:segments-93-130,1.5916666666679333,0.10526315789473684,98,0.8220314383506775,-0.045174866914749146,0.10827231407165527,0.05916648697063263,-0.003037640858452039,-0.05411241768074874,RL,3,True,False,recoverable,0,False,RUNNING
66.09999999999867,7932,S8_RL_COM_SHIFT_AND_TRAVERSE,PRELOAD,v009_20260806_215232_433234_manual:S8_RL_COM_SHIFT_AND_TRAVERSE:ALTERNATE_PROFILE_1:segments-93-130,1.658333333334653,0.10526315789473684,98,0.8214917778968811,-0.04526470601558685,0.10835430771112442,0.06087822818616692,-0.0011056875542191644,-0.053995693075958515,RL,3,True,False,recoverable,0,False,RUNNING
66.16666666666539,7940,S8_RL_COM_SHIFT_AND_TRAVERSE,PRELOAD,v009_20260806_215232_433234_manual:S8_RL_COM_SHIFT_AND_TRAVERSE:ALTERNATE_PROFILE_1:segments-93-130,1.7250000000013728,0.13157894736842105,99,0.8211928606033325,-0.04530242830514908,0.10843417793512344,0.06164312088761497,-0.0001822016291907068,-0.05393596249565263,RL,3,True,False,recoverable,0,False,RUNNING
66.23333333333211,7948,S8_RL_COM_SHIFT_AND_TRAVERSE,PRELOAD,v009_20260806_215232_433234_manual:S8_RL_COM_SHIFT_AND_TRAVERSE:ALTERNATE_PROFILE_1:segments-93-130,1.7916666666680925,0.15789473684210525,100,0.8209587931632996,-0.04533813148736954,0.10847547650337219,0.06231993230936657,0.0005140122686987816,-0.05388375294315001,RL,3,True,False,recoverable,0,False,RUNNING
66.29999999999883,7956,S8_RL_COM_SHIFT_AND_TRAVERSE,PRELOAD,v009_20260806_215232_433234_manual:S8_RL_COM_SHIFT_AND_TRAVERSE:ALTERNATE_PROFILE_1:segments-93-130,1.8583333333348122,0.15789473684210525,100,0.8208016157150269,-0.04535578191280365,0.10852102190256119,0.06269461699326148,0.0008770186661992652,-0.05386224628770056,RL,3,True,False,recoverable,0,False,RUNNING
66.36666666666555,7964,S8_RL_COM_SHIFT_AND_TRAVERSE,PRELOAD,v009_20260806_215232_433234_manual:S8_RL_COM_SHIFT_AND_TRAVERSE:ALTERNATE_PROFILE_1:segments-93-130,1.925000000001532,0.18421052631578946,101,0.8206908702850342,-0.04535944014787674,0.10855253040790558,0.06286299449845385,0.0010585816816746335,-0.053860858387123435,RL,3,True,False,recoverable,0,False,RUNNING
66.43333333333227,7972,S8_RL_COM_SHIFT_AND_TRAVERSE,PRELOAD,v009_20260806_215232_433234_manual:S8_RL_COM_SHIFT_AND_TRAVERSE:ALTERNATE_PROFILE_1:segments-93-130,1.9916666666682517,0.18421052631578946,101,0.8206075429916382,-0.045359574258327484,0.10858862102031708,0.06291311929985612,0.001121272556856339,-0.05385863317176009,RL,3,True,False,recoverable,0,False,RUNNING
66.49999999999899,7980,S8_RL_COM_SHIFT_AND_TRAVERSE,PRELOAD,v009_20260806_215232_433234_manual:S8_RL_COM_SHIFT_AND_TRAVERSE:ALTERNATE_PROFILE_1:segments-93-130,2.0583333333349714,0.21052631578947367,102,0.8205165266990662,-0.04537012428045273,0.10863759368658066,0.06309324589535333,0.0012165586920439547,-0.05384956163054357,RL,3,True,False,recoverable,0,False,RUNNING
66.56666666666571,7988,S8_RL_COM_SHIFT_AND_TRAVERSE,PRELOAD,v009_20260806_215232_433234_manual:S8_RL_COM_SHIFT_AND_TRAVERSE:ALTERNATE_PROFILE_1:segments-93-130,2.125000000001691,0.21052631578947367,102,0.8204165101051331,-0.04537606239318848,0.10867269337177277,0.06325181035281187,0.0013050689629399016,-0.05384613990501632,RL,3,True,False,recoverable,0,False,RUNNING
66.63333333333243,7996,S8_RL_COM_SHIFT_AND_TRAVERSE,PRELOAD,v009_20260806_215232_433234_manual:S8_RL_COM_SHIFT_AND_TRAVERSE:ALTERNATE_PROFILE_1:segments-93-130,2.191666666668411,0.23684210526315788,103,0.8203387260437012,-0.045373402535915375,0.1086856871843338,0.06326067975822808,0.0013519122244059307,-0.053841465874542416,RL,3,True,False,recoverable,0,False,RUNNING
66.69999999999915,8004,S8_RL_COM_SHIFT_AND_TRAVERSE,PRELOAD,v009_20260806_215232_433234_manual:S8_RL_COM_SHIFT_AND_TRAVERSE:ALTERNATE_PROFILE_1:segments-93-130,2.2583333333351305,0.23684210526315788,103,0.820263683795929,-0.04537830501794815,0.10871582478284836,0.06334351424592524,0.0014082603150611173,-0.05383151069694401,RL,3,True,False,recoverable,0,False,RUNNING
66.76666666666587,8012,S8_RL_COM_SHIFT_AND_TRAVERSE,PRELOAD,v009_20260806_215232_433234_manual:S8_RL_COM_SHIFT_AND_TRAVERSE:ALTERNATE_PROFILE_1:segments-93-130,2.3250000000018503,0.2631578947368421,104,0.8201670050621033,-0.04538910090923309,0.1087699830532074,0.06359392139965843,0.001510156786456731,-0.05383629124456493,RL,3,True,False,recoverable,0,False,RUNNING
66.83333333333259,8020,S8_RL_COM_SHIFT_AND_TRAVERSE,PRELOAD,v009_20260806_215232_433234_manual:S8_RL_COM_SHIFT_AND_TRAVERSE:ALTERNATE_PROFILE_1:segments-93-130,2.39166666666857,0.2894736842105263,105,0.8206084966659546,-0.044712357223033905,0.10819046199321747,0.05477631082523554,0.0010761844391555318,-0.054533507266060356,RL,3,True,False,recoverable,0,False,RUNNING
66.89999999999931,8028,S8_RL_COM_SHIFT_AND_TRAVERSE,PRELOAD,v009_20260806_215232_433234_manual:S8_RL_COM_SHIFT_AND_TRAVERSE:ALTERNATE_PROFILE_1:segments-93-130,2.4583333333352897,0.2894736842105263,105,0.8158741593360901,-0.04184839874505997,0.10632342845201492,0.03756645795684052,-0.0028513500272896474,-0.05996277758128546,RL,3,True,False,recoverable,0,False,RUNNING
66.96666666666603,8036,S8_RL_COM_SHIFT_AND_TRAVERSE,PRELOAD,v009_20260806_215232_433234_manual:S8_RL_COM_SHIFT_AND_TRAVERSE:ALTERNATE_PROFILE_1:segments-93-130,2.5250000000020094,0.2894736842105263,105,0.810579776763916,-0.03877510875463486,0.10354316234588623,0.01870660328063687,-0.00840605134386035,-0.06713301074316759,RL,3,True,False,recoverable,0,False,RUNNING
67.03333333333275,8044,S8_RL_COM_SHIFT_AND_TRAVERSE,PRELOAD,v009_20260806_215232_433234_manual:S8_RL_COM_SHIFT_AND_TRAVERSE:ALTERNATE_PROFILE_1:segments-93-130,2.591666666668729,0.2894736842105263,105,0.8072408437728882,-0.0371912345290184,0.10220785439014435,0.005170294264620543,-0.022375510708293363,-0.07427723814949257,RL,3,True,False,recoverable,0,False,RUNNING
67.09999999999947,8052,S8_RL_COM_SHIFT_AND_TRAVERSE,PRELOAD,v009_20260806_215232_433234_manual:S8_RL_COM_SHIFT_AND_TRAVERSE:ALTERNATE_PROFILE_1:segments-93-130,2.658333333335449,0.2894736842105263,105,0.8054258823394775,-0.037568338215351105,0.10221898555755615,-0.005754209023670597,-0.04205967477792998,-0.08423922636603881,RL,3,True,False,recoverable,0,False,RUNNING
67.16666666666619,8060,S8_RL_COM_SHIFT_AND_TRAVERSE,PRELOAD,v009_20260806_215232_433234_manual:S8_RL_COM_SHIFT_AND_TRAVERSE:ALTERNATE_PROFILE_1:segments-93-130,2.7250000000021686,0.2894736842105263,105,0.8061147928237915,-0.03858647495508194,0.10356245934963226,-0.01019256189536148,-0.062278960704106524,-0.09138755338985863,RL,3,True,False,recoverable,0,False,RUNNING
67.23333333333291,8068,S8_RL_COM_SHIFT_AND_TRAVERSE,PRELOAD,v009_20260806_215232_433234_manual:S8_RL_COM_SHIFT_AND_TRAVERSE:ALTERNATE_PROFILE_1:segments-93-130,2.7916666666688883,0.2894736842105263,105,0.8079640865325928,-0.03887384384870529,0.10414760559797287,-0.007865795398380853,-0.06462570112750306,-0.0915036572872019,RL,3,True,False,recoverable,0,False,RUNNING
67.29999999999963,8076,S8_RL_COM_SHIFT_AND_TRAVERSE,PRELOAD,v009_20260806_215232_433234_manual:S8_RL_COM_SHIFT_AND_TRAVERSE:ALTERNATE_PROFILE_1:segments-93-130,2.858333333335608,0.2894736842105263,105,0.809512197971344,-0.03881856054067612,0.10384370386600494,0.0043566373738831675,-0.05497026665599625,-0.08747961778904366,RL,3,True,False,recoverable,0,False,RUNNING
67.36666666666635,8084,S8_RL_COM_SHIFT_AND_TRAVERSE,PRELOAD,v009_20260806_215232_433234_manual:S8_RL_COM_SHIFT_AND_TRAVERSE:ALTERNATE_PROFILE_1:segments-93-130,2.9250000000023277,0.2894736842105263,105,0.8115984201431274,-0.03825625032186508,0.10099291056394577,0.013107701411982045,-0.0477748563365139,-0.0813887692312789,RL,3,True,False,recoverable,0,False,RUNNING
67.43333333333307,8092,S8_RL_COM_SHIFT_AND_TRAVERSE,PRELOAD,v009_20260806_215232_433234_manual:S8_RL_COM_SHIFT_AND_TRAVERSE:ALTERNATE_PROFILE_1:segments-93-130,2.9916666666690475,0.2894736842105263,105,0.812167227268219,-0.037701234221458435,0.09856801480054855,0.013976776717776904,-0.04400565092052796,-0.07778236875300543,RL,3,True,False,recoverable,0,False,RUNNING
67.49999999999979,8100,S8_RL_COM_SHIFT_AND_TRAVERSE,PRELOAD,v009_20260806_215232_433234_manual:S8_RL_COM_SHIFT_AND_TRAVERSE:ALTERNATE_PROFILE_1:segments-93-130,3.058333333335767,0.2894736842105263,105,0.8128761649131775,-0.03782317042350769,0.0986945629119873,0.015355820258293388,-0.04585583567543876,-0.07782059275899418,RL,3,True,False,recoverable,0,False,RUNNING
67.5666666666665,8108,S8_RL_COM_SHIFT_AND_TRAVERSE,PRELOAD,v009_20260806_215232_433234_manual:S8_RL_COM_SHIFT_AND_TRAVERSE:ALTERNATE_PROFILE_1:segments-93-130,3.125000000002487,0.2894736842105263,105,0.8145186305046082,-0.038115307688713074,0.0991392582654953,0.018423592347875384,-0.04696534093978894,-0.07796381580338863,RL,3,True,False,recoverable,0,False,RUNNING
67.63333333333323,8116,S8_RL_COM_SHIFT_AND_TRAVERSE,PRELOAD,v009_20260806_215232_433234_manual:S8_RL_COM_SHIFT_AND_TRAVERSE:ALTERNATE_PROFILE_1:segments-93-130,3.1916666666692066,0.2894736842105263,105,0.8152206540107727,-0.0381002277135849,0.09818809479475021,0.02263856608911491,-0.045742133348285585,-0.07678697358083603,RL,3,True,False,recoverable,0,False,RUNNING
67.69999999999995,8124,S8_RL_COM_SHIFT_AND_TRAVERSE,PRELOAD,v009_20260806_215232_433234_manual:S8_RL_COM_SHIFT_AND_TRAVERSE:ALTERNATE_PROFILE_1:segments-93-130,3.2583333333359263,0.2894736842105263,105,0.8164665699005127,-0.038365043699741364,0.09824085980653763,0.02707126867966698,-0.04726424139245295,-0.07699251323037277,RL,3,True,False,recoverable,0,False,RUNNING
67.76666666666667,8132,S8_RL_COM_SHIFT_AND_TRAVERSE,PRELOAD,v009_20260806_215232_433234_manual:S8_RL_COM_SHIFT_AND_TRAVERSE:ALTERNATE_PROFILE_1:segments-93-130,3.325000000002646,0.2894736842105263,105,0.8168570399284363,-0.0383371040225029,0.09744124859571457,0.03265963920878887,-0.04591040276540491,-0.07571767621343659,RL,3,True,False,recoverable,0,False,RUNNING
67.83333333333339,8140,S8_RL_COM_SHIFT_AND_TRAVERSE,PRELOAD,v009_20260806_215232_433234_manual:S8_RL_COM_SHIFT_AND_TRAVERSE:ALTERNATE_PROFILE_1:segments-93-130,3.391666666669366,0.2894736842105263,105,0.8181430101394653,-0.03846132755279541,0.09716092050075531,0.036925004991522715,-0.04602553749482367,-0.07523884937899085,RL,3,True,False,recoverable,0,False,RUNNING
67.9000000000001,8148,S8_RL_COM_SHIFT_AND_TRAVERSE,PRELOAD,v009_20260806_215232_433234_manual:S8_RL_COM_SHIFT_AND_TRAVERSE:ALTERNATE_PROFILE_1:segments-93-130,3.4583333333360855,0.2894736842105263,105,0.8191720247268677,-0.03845176845788956,0.09678523242473602,0.04088191737810589,-0.04577177909992391,-0.07382893955565326,RL,3,True,False,recoverable,0,False,RUNNING
67.96666666666682,8156,S8_RL_COM_SHIFT_AND_TRAVERSE,PRELOAD,v009_20260806_215232_433234_manual:S8_RL_COM_SHIFT_AND_TRAVERSE:ALTERNATE_PROFILE_1:segments-93-130,3.5250000000028052,0.2894736842105263,105,0.8204576373100281,-0.03842493146657944,0.09651818126440048,0.04432194876756368,-0.045737693880050535,-0.07230348497121765,RL,3,True,False,recoverable,0,False,RUNNING
68.03333333333354,8164,S8_RL_COM_SHIFT_AND_TRAVERSE,PRELOAD,v009_20260806_215232_433234_manual:S8_RL_COM_SHIFT_AND_TRAVERSE:ALTERNATE_PROFILE_1:segments-93-130,3.591666666669525,0.2894736842105263,106,0.8210540413856506,-0.03834262490272522,0.09713951498270035,0.040516398751192166,-0.04536106732027731,-0.07187991322512477,RL,3,True,False,recoverable,0,False,RUNNING
68.10000000000026,8172,S8_RL_COM_SHIFT_AND_TRAVERSE,PRELOAD,v009_20260806_215232_433234_manual:S8_RL_COM_SHIFT_AND_TRAVERSE:ALTERNATE_PROFILE_1:segments-93-130,3.6583333333362447,0.2894736842105263,106,0.8220611810684204,-0.03813224285840988,0.09777740389108658,0.03340481414686299,-0.046205359124850694,-0.07110548948902866,RL,3,True,False,recoverable,0,False,RUNNING
68.16666666666698,8180,S8_RL_COM_SHIFT_AND_TRAVERSE,PRELOAD,v009_20260806_215232_433234_manual:S8_RL_COM_SHIFT_AND_TRAVERSE:ALTERNATE_PROFILE_1:segments-93-130,3.7250000000029644,0.2894736842105263,106,0.8230182528495789,-0.037841565907001495,0.09823264926671982,0.02692869043918166,-0.04625775962621093,-0.06986335339486384,RL,3,True,False,recoverable,0,False,RUNNING
68.2333333333337,8188,S8_RL_COM_SHIFT_AND_TRAVERSE,PRELOAD,v009_20260806_215232_433234_manual:S8_RL_COM_SHIFT_AND_TRAVERSE:ALTERNATE_PROFILE_1:segments-93-130,3.791666666669684,0.2894736842105263,106,0.8239420056343079,-0.03756190091371536,0.09879680722951889,0.02061696812724265,-0.046930846508862964,-0.06893606923764119,RL,3,True,False,recoverable,0,False,RUNNING
68.30000000000042,8196,S8_RL_COM_SHIFT_AND_TRAVERSE,PRELOAD,v009_20260806_215232_433234_manual:S8_RL_COM_SHIFT_AND_TRAVERSE:ALTERNATE_PROFILE_1:segments-93-130,3.858333333336404,0.2894736842105263,106,0.8246290683746338,-0.037320442497730255,0.09925138205289841,0.01570233037674063,-0.0468938851017145,-0.06805363703837666,RL,3,True,False,recoverable,0,False,RUNNING
68.36666666666714,8204,S8_RL_COM_SHIFT_AND_TRAVERSE,PRELOAD,v009_20260806_215232_433234_manual:S8_RL_COM_SHIFT_AND_TRAVERSE:ALTERNATE_PROFILE_1:segments-93-130,3.9250000000031235,0.2894736842105263,106,0.8253443837165833,-0.03720798343420029,0.0996679961681366,0.01216225850981172,-0.046970420194592195,-0.06784521843306891,RL,3,True,False,recoverable,0,False,RUNNING
68.43333333333386,8212,S8_RL_COM_SHIFT_AND_TRAVERSE,PRELOAD,v009_20260806_215232_433234_manual:S8_RL_COM_SHIFT_AND_TRAVERSE:ALTERNATE_PROFILE_1:segments-93-130,3.9916666666698433,0.2894736842105263,106,0.8261353969573975,-0.037063129246234894,0.10007531940937042,0.007760023610925537,-0.047579420282763414,-0.06756018308085471,RL,3,True,False,recoverable,0,False,RUNNING
68.50000000000058,8220,S8_RL_COM_SHIFT_AND_TRAVERSE,PRELOAD,v009_20260806_215232_433234_manual:S8_RL_COM_SHIFT_AND_TRAVERSE:ALTERNATE_PROFILE_1:segments-93-130,4.058333333336563,0.3157894736842105,106,0.8270859718322754,-0.036740802228450775,0.10025037825107574,-0.0002648340153875656,-0.04796111492690503,-0.0671228188947472,RL,3,True,False,recoverable,0,False,RUNNING
68.5666666666673,8228,S8_RL_COM_SHIFT_AND_TRAVERSE,PRELOAD,v009_20260806_215232_433234_manual:S8_RL_COM_SHIFT_AND_TRAVERSE:ALTERNATE_PROFILE_1:segments-93-130,4.125000000003283,0.34210526315789475,107,0.8331127166748047,-0.036701500415802,0.1033613458275795,-0.008732906968311496,-0.050969867005580545,-0.06680292475480538,RL,3,True,False,recoverable,0,False,RUNNING
68.63333333333402,8236,S8_RL_COM_SHIFT_AND_TRAVERSE,PRELOAD,v009_20260806_215232_433234_manual:S8_RL_COM_SHIFT_AND_TRAVERSE:ALTERNATE_PROFILE_1:segments-93-130,4.191666666670002,0.34210526315789475,107,0.8428816795349121,-0.03637067228555679,0.10453725606203079,-0.02662002951907259,-0.051792677770004195,-0.07034337605268855,RL,3,True,False,recoverable,0,False,RUNNING
68.70000000000074,8244,S8_RL_COM_SHIFT_AND_TRAVERSE,PRELOAD,v009_20260806_215232_433234_manual:S8_RL_COM_SHIFT_AND_TRAVERSE:ALTERNATE_PROFILE_1:segments-93-130,4.258333333336722,0.34210526315789475,107,0.8437021374702454,-0.03618283569812775,0.09952423721551895,-0.03284817473966971,-0.03539125063954736,-0.0703359939338494,RL,3,True,False,recoverable,0,False,RUNNING
68.76666666666746,8252,S8_RL_COM_SHIFT_AND_TRAVERSE,PRELOAD,v009_20260806_215232_433234_manual:S8_RL_COM_SHIFT_AND_TRAVERSE:ALTERNATE_PROFILE_1:segments-93-130,4.325000000003442,0.34210526315789475,107,0.8440732359886169,-0.03679370880126953,0.09246642887592316,-0.035387980700694786,-0.016075405347312634,-0.07362201629553795,RL,3,True,False,recoverable,0,False,RUNNING
68.83333333333418,8260,S8_RL_COM_SHIFT_AND_TRAVERSE,PRELOAD,v009_20260806_215232_433234_manual:S8_RL_COM_SHIFT_AND_TRAVERSE:ALTERNATE_PROFILE_1:segments-93-130,4.391666666670162,0.34210526315789475,107,0.8441044092178345,-0.03820180892944336,0.08769484609365463,-0.03185545104515409,-0.005832674513923097,-0.08063284963045517,RL,3,True,False,recoverable,0,False,RUNNING
68.9000000000009,8268,S8_RL_COM_SHIFT_AND_TRAVERSE,PRELOAD,v009_20260806_215232_433234_manual:S8_RL_COM_SHIFT_AND_TRAVERSE:ALTERNATE_PROFILE_1:segments-93-130,4.458333333336881,0.34210526315789475,107,0.8435742855072021,-0.039901137351989746,0.08535180240869522,-0.02452723186150243,-0.0021334501595485895,-0.0884250796572141,RL,3,True,False,recoverable,0,False,RUNNING
68.96666666666762,8276,S8_RL_COM_SHIFT_AND_TRAVERSE,PRELOAD,v009_20260806_215232_433234_manual:S8_RL_COM_SHIFT_AND_TRAVERSE:ALTERNATE_PROFILE_1:segments-93-130,4.525000000003601,0.34210526315789475,107,0.8436857461929321,-0.03994552791118622,0.08616015315055847,-0.02478771369456928,-0.0050951251227379,-0.08867896131988721,RL,3,True,False,recoverable,0,False,RUNNING
69.03333333333434,8284,S8_RL_COM_SHIFT_AND_TRAVERSE,PRELOAD,v009_20260806_215232_433234_manual:S8_RL_COM_SHIFT_AND_TRAVERSE:ALTERNATE_PROFILE_1:segments-93-130,4.591666666670321,0.34210526315789475,107,0.8441358804702759,-0.039815887808799744,0.08984022587537766,-0.0251573978491515,-0.01579484136000797,-0.08819008262978618,RL,3,True,False,recoverable,0,False,RUNNING
69.10000000000106,8292,S8_RL_COM_SHIFT_AND_TRAVERSE,PRELOAD,v009_20260806_215232_433234_manual:S8_RL_COM_SHIFT_AND_TRAVERSE:ALTERNATE_PROFILE_1:segments-93-130,4.6583333333370405,0.34210526315789475,107,0.8435954451560974,-0.03986510634422302,0.09432632476091385,-0.01936243911316193,-0.02912673442119945,-0.0874623700260544,RL,3,True,False,recoverable,0,False,RUNNING
69.16666666666778,8300,S8_RL_COM_SHIFT_AND_TRAVERSE,PRELOAD,v009_20260806_215232_433234_manual:S8_RL_COM_SHIFT_AND_TRAVERSE:ALTERNATE_PROFILE_1:segments-93-130,4.72500000000376,0.34210526315789475,107,0.8415771722793579,-0.0399298295378685,0.09650583565235138,-0.010889094973051395,-0.03451833184932188,-0.08700805725175365,RL,3,True,False,recoverable,0,False,RUNNING
69.2333333333345,8308,S8_RL_COM_SHIFT_AND_TRAVERSE,PRELOAD,v009_20260806_215232_433234_manual:S8_RL_COM_SHIFT_AND_TRAVERSE:ALTERNATE_PROFILE_1:segments-93-130,4.79166666667048,0.34210526315789475,107,0.842461109161377,-0.03995143622159958,0.09860266745090485,-0.011507182233602762,-0.040549369824667995,-0.08683969525097741,RL,3,True,False,recoverable,0,False,RUNNING
69.30000000000122,8316,S8_RL_COM_SHIFT_AND_TRAVERSE,PRELOAD,v009_20260806_215232_433234_manual:S8_RL_COM_SHIFT_AND_TRAVERSE:ALTERNATE_PROFILE_1:segments-93-130,4.8583333333372,0.34210526315789475,107,0.841651439666748,-0.04012570530176163,0.10059182345867157,-0.006456508314926016,-0.046993516238969635,-0.08693277202315747,RL,3,True,False,recoverable,0,False,RUNNING
69.36666666666794,8324,S8_RL_COM_SHIFT_AND_TRAVERSE,PRELOAD,v009_20260806_215232_433234_manual:S8_RL_COM_SHIFT_AND_TRAVERSE:ALTERNATE_PROFILE_1:segments-93-130,4.925000000003919,0.34210526315789475,107,0.8418068885803223,-0.040159672498703,0.10226965695619583,-0.006008684640516459,-0.05289535946993499,-0.0869545535689327,RL,3,True,False,recoverable,0,False,RUNNING
69.43333333333466,8332,S8_RL_COM_SHIFT_AND_TRAVERSE,PRELOAD,v009_20260806_215232_433234_manual:S8_RL_COM_SHIFT_AND_TRAVERSE:ALTERNATE_PROFILE_1:segments-93-130,4.991666666670639,0.34210526315789475,107,0.841448187828064,-0.04025062918663025,0.10358457267284393,-0.0036089897811022184,-0.05680921285064508,-0.08706190442950766,RL,3,True,False,recoverable,0,False,RUNNING
69.50000000000138,8340,S8_RL_COM_SHIFT_AND_TRAVERSE,PRELOAD,v009_20260806_215232_433234_manual:S8_RL_COM_SHIFT_AND_TRAVERSE:ALTERNATE_PROFILE_1:segments-93-130,5.058333333337359,0.34210526315789475,107,0.8413015604019165,-0.04032962769269943,0.10494043678045273,-0.001699608807408244,-0.060686344462189186,-0.08703443875461672,RL,3,True,False,recoverable,0,False,RUNNING
69.5666666666681,8348,S8_RL_COM_SHIFT_AND_TRAVERSE,PRELOAD,v009_20260806_215232_433234_manual:S8_RL_COM_SHIFT_AND_TRAVERSE:ALTERNATE_PROFILE_1:segments-93-130,5.1250000000040785,0.34210526315789475,107,0.8410168290138245,-0.04037567973136902,0.10656856745481491,0.0006117210252907032,-0.06589548450982011,-0.08687915970033008,RL,3,True,False,recoverable,0,False,RUNNING
69.63333333333482,8356,S8_RL_COM_SHIFT_AND_TRAVERSE,PRELOAD,v009_20260806_215232_433234_manual:S8_RL_COM_SHIFT_AND_TRAVERSE:ALTERNATE_PROFILE_1:segments-93-130,5.191666666670798,0.34210526315789475,107,0.8408703804016113,-0.040383875370025635,0.10769936442375183,0.0020646047311530654,-0.06903573573379146,-0.08665073172680861,RL,3,True,False,recoverable,0,False,RUNNING
69.70000000000154,8364,S8_RL_COM_SHIFT_AND_TRAVERSE,PRELOAD,v009_20260806_215232_433234_manual:S8_RL_COM_SHIFT_AND_TRAVERSE:ALTERNATE_PROFILE_1:segments-93-130,5.258333333337518,0.34210526315789475,107,0.8407984972000122,-0.0404449999332428,0.10868009179830551,0.0035774616615730915,-0.07190022299583013,-0.08662501860263497,RL,3,True,False,recoverable,0,False,RUNNING
69.76666666666826,8372,S8_RL_COM_SHIFT_AND_TRAVERSE,PRELOAD,v009_20260806_215232_433234_manual:S8_RL_COM_SHIFT_AND_TRAVERSE:ALTERNATE_PROFILE_1:segments-93-130,5.325000000004238,0.34210526315789475,107,0.8407034277915955,-0.040468961000442505,0.10969547927379608,0.004753718688263997,-0.07527323570461254,-0.08647732824016575,RL,3,True,False,recoverable,0,False,RUNNING
69.83333333333498,8380,S8_RL_COM_SHIFT_AND_TRAVERSE,PRELOAD,v009_20260806_215232_433234_manual:S8_RL_COM_SHIFT_AND_TRAVERSE:ALTERNATE_PROFILE_1:segments-93-130,5.391666666670957,0.34210526315789475,107,0.840471088886261,-0.04046502709388733,0.11065779626369476,0.0062983799562148345,-0.0778671140128493,-0.086265034575455,RL,3,True,False,recoverable,0,False,RUNNING
69.9000000000017,8388,S8_RL_COM_SHIFT_AND_TRAVERSE,PRELOAD,v009_20260806_215232_433234_manual:S8_RL_COM_SHIFT_AND_TRAVERSE:ALTERNATE_PROFILE_1:segments-93-130,5.458333333337677,0.34210526315789475,107,0.8403493165969849,-0.04047560691833496,0.11138644814491272,0.0078681879187753,-0.07965262478308754,-0.08606263168535461,RL,3,True,False,recoverable,0,False,RUNNING
69.96666666666842,8396,S8_RL_COM_SHIFT_AND_TRAVERSE,PRELOAD,v009_20260806_215232_433234_manual:S8_RL_COM_SHIFT_AND_TRAVERSE:ALTERNATE_PROFILE_1:segments-93-130,5.525000000004397,0.3684210526315789,108,0.8401974439620972,-0.04035871475934982,0.11211499571800232,0.007015519825016088,-0.08278903453704718,-0.08578949421220498,RL,3,True,False,recoverable,0,False,RUNNING
70.03333333333514,8404,S8_RL_COM_SHIFT_AND_TRAVERSE,PRELOAD,v009_20260806_215232_433234_manual:S8_RL_COM_SHIFT_AND_TRAVERSE:ALTERNATE_PROFILE_1:segments-93-130,5.591666666671117,0.39473684210526316,109,0.8402135372161865,-0.04027552902698517,0.11249104142189026,0.0056254302103530005,-0.08417095377435661,-0.08575319445231765,RL,3,True,False,recoverable,0,False,RUNNING
70.10000000000186,8412,S8_RL_COM_SHIFT_AND_TRAVERSE,PRELOAD,v009_20260806_215232_433234_manual:S8_RL_COM_SHIFT_AND_TRAVERSE:ALTERNATE_PROFILE_1:segments-93-130,5.658333333337836,0.39473684210526316,109,0.8401331305503845,-0.040214888751506805,0.11268703639507294,0.004826438790959657,-0.08448426734294458,-0.08570977783242735,RL,3,True,False,recoverable,0,False,RUNNING
70.16666666666858,8420,S8_RL_COM_SHIFT_AND_TRAVERSE,PRELOAD,v009_20260806_215232_433234_manual:S8_RL_COM_SHIFT_AND_TRAVERSE:ALTERNATE_PROFILE_1:segments-93-130,5.725000000004556,0.39473684210526316,109,0.8399877548217773,-0.0401776060461998,0.1128026694059372,0.004433024975209305,-0.08436595308419671,-0.08567224128369585,RL,3,True,False,recoverable,0,False,RUNNING
70.2333333333353,8428,S8_RL_COM_SHIFT_AND_TRAVERSE,PRELOAD,v009_20260806_215232_433234_manual:S8_RL_COM_SHIFT_AND_TRAVERSE:ALTERNATE_PROFILE_1:segments-93-130,5.791666666671276,0.39473684210526316,109,0.8398618698120117,-0.04012776166200638,0.11279753595590591,0.0038264721076035867,-0.08406129803900661,-0.08564699414818228,RL,3,True,False,recoverable,0,False,RUNNING
70.30000000000202,8436,S8_RL_COM_SHIFT_AND_TRAVERSE,PRELOAD,v009_20260806_215232_433234_manual:S8_RL_COM_SHIFT_AND_TRAVERSE:ALTERNATE_PROFILE_1:segments-93-130,5.858333333337995,0.39473684210526316,109,0.8398714065551758,-0.040115684270858765,0.11296036094427109,0.003289315112839455,-0.08453258123300585,-0.0856654550364144,RL,3,True,False,recoverable,0,False,RUNNING
70.36666666666873,8444,S8_RL_COM_SHIFT_AND_TRAVERSE,PRELOAD,v009_20260806_215232_433234_manual:S8_RL_COM_SHIFT_AND_TRAVERSE:ALTERNATE_PROFILE_1:segments-93-130,5.925000000004715,0.39473684210526316,109,0.8398928046226501,-0.0400693342089653,0.11322121322154999,0.002676630691745575,-0.08536437666225252,-0.08561165626517912,RL,3,True,False,recoverable,0,False,RUNNING
70.43333333333545,8452,S8_RL_COM_SHIFT_AND_TRAVERSE,PRELOAD,v009_20260806_215232_433234_manual:S8_RL_COM_SHIFT_AND_TRAVERSE:ALTERNATE_PROFILE_1:segments-93-130,5.991666666671435,0.39473684210526316,109,0.8397625088691711,-0.04006512463092804,0.11351204663515091,0.002735855450439202,-0.08588244680546506,-0.08561787575687195,RL,3,True,False,recoverable,0,False,RUNNING
70.50000000000217,8460,S8_RL_COM_SHIFT_AND_TRAVERSE,PRELOAD,v009_20260806_215232_433234_manual:S8_RL_COM_SHIFT_AND_TRAVERSE:ALTERNATE_PROFILE_1:segments-93-130,6.058333333338155,0.39473684210526316,109,0.8396190404891968,-0.04005724936723709,0.1137496829032898,0.0027829466639288517,-0.08627388762106725,-0.08562483236378111,RL,3,True,False,recoverable,0,False,RUNNING
70.5666666666689,8468,S8_RL_COM_SHIFT_AND_TRAVERSE,PRELOAD,v009_20260806_215232_433234_manual:S8_RL_COM_SHIFT_AND_TRAVERSE:ALTERNATE_PROFILE_1:segments-93-130,6.125000000004874,0.39473684210526316,109,0.8394607901573181,-0.04004743695259094,0.11393637210130692,0.002850097008328235,-0.0865456300813709,-0.08565110378795472,RL,3,True,False,recoverable,0,False,RUNNING
70.63333333333561,8476,S8_RL_COM_SHIFT_AND_TRAVERSE,PRELOAD,v009_20260806_215232_433234_manual:S8_RL_COM_SHIFT_AND_TRAVERSE:ALTERNATE_PROFILE_1:segments-93-130,6.191666666671594,0.39473684210526316,109,0.839302659034729,-0.04002371430397034,0.114080511033535,0.0027650648134112943,-0.08667977488289585,-0.08563205612010753,RL,3,True,False,recoverable,0,False,RUNNING
70.70000000000233,8484,S8_RL_COM_SHIFT_AND_TRAVERSE,PRELOAD,v009_20260806_215232_433234_manual:S8_RL_COM_SHIFT_AND_TRAVERSE:ALTERNATE_PROFILE_1:segments-93-130,6.258333333338314,0.39473684210526316,109,0.8389269709587097,-0.04001358151435852,0.1141062080860138,0.002955161739043838,-0.08597718918728915,-0.0857709256914304,RL,3,True,False,recoverable,0,False,RUNNING
70.76666666666905,8492,S8_RL_COM_SHIFT_AND_TRAVERSE,PRELOAD,v009_20260806_215232_433234_manual:S8_RL_COM_SHIFT_AND_TRAVERSE:ALTERNATE_PROFILE_1:segments-93-130,6.3250000000050335,0.39473684210526316,109,0.8384281396865845,-0.039990171790122986,0.11402183026075363,0.0033146496726728673,-0.084565554153753,-0.08582213793903577,RL,3,True,False,recoverable,0,False,RUNNING
70.83333333333577,8500,S8_RL_COM_SHIFT_AND_TRAVERSE,PRELOAD,v009_20260806_215232_433234_manual:S8_RL_COM_SHIFT_AND_TRAVERSE:ALTERNATE_PROFILE_1:segments-93-130,6.391666666671753,0.39473684210526316,109,0.837761640548706,-0.03997422009706497,0.11386791616678238,0.003912194923414992,-0.08267426064843493,-0.0858766204191402,RL,3,True,False,recoverable,0,False,RUNNING
70.90000000000249,8508,S8_RL_COM_SHIFT_AND_TRAVERSE,PRELOAD,v009_20260806_215232_433234_manual:S8_RL_COM_SHIFT_AND_TRAVERSE:ALTERNATE_PROFILE_1:segments-93-130,6.458333333338473,0.39473684210526316,109,0.8371186852455139,-0.03996173292398453,0.11376422643661499,0.004652545018014993,-0.08089054980612674,-0.08596577449123632,RL,3,True,False,recoverable,0,False,RUNNING
70.96666666666921,8516,S8_RL_COM_SHIFT_AND_TRAVERSE,PRELOAD,v009_20260806_215232_433234_manual:S8_RL_COM_SHIFT_AND_TRAVERSE:ALTERNATE_PROFILE_1:segments-93-130,6.525000000005193,0.39473684210526316,109,0.8363901972770691,-0.0399509072303772,0.1136535108089447,0.0054509800257318,-0.07902029851745397,-0.08601535323013437,RL,3,True,False,recoverable,0,False,RUNNING
71.03333333333593,8524,S8_RL_COM_SHIFT_AND_TRAVERSE,PRELOAD,v009_20260806_215232_433234_manual:S8_RL_COM_SHIFT_AND_TRAVERSE:ALTERNATE_PROFILE_1:segments-93-130,6.591666666671912,0.39473684210526316,109,0.8358180522918701,-0.03992626816034317,0.11348790675401688,0.005925626256361884,-0.07714544457741192,-0.08607933425863262,RL,3,True,False,recoverable,0,False,RUNNING
71.10000000000265,8532,S8_RL_COM_SHIFT_AND_TRAVERSE,PRELOAD,v009_20260806_215232_433234_manual:S8_RL_COM_SHIFT_AND_TRAVERSE:ALTERNATE_PROFILE_1:segments-93-130,6.658333333338632,0.39473684210526316,109,0.8352834582328796,-0.0399051234126091,0.11331763118505478,0.006358967189225737,-0.0752104808267593,-0.08611240281491703,RL,3,True,False,recoverable,0,False,RUNNING
71.16666666666937,8540,S8_RL_COM_SHIFT_AND_TRAVERSE,PRELOAD,v009_20260806_215232_433234_manual:S8_RL_COM_SHIFT_AND_TRAVERSE:ALTERNATE_PROFILE_1:segments-93-130,6.725000000005352,0.39473684210526316,109,0.8344308137893677,-0.039854682981967926,0.11316511034965515,0.006796512292493295,-0.07344356331628625,-0.08616180013779381,RL,3,True,False,recoverable,0,False,RUNNING
71.23333333333609,8548,S8_RL_COM_SHIFT_AND_TRAVERSE,PRELOAD,v009_20260806_215232_433234_manual:S8_RL_COM_SHIFT_AND_TRAVERSE:ALTERNATE_PROFILE_1:segments-93-130,6.7916666666720715,0.39473684210526316,109,0.833565890789032,-0.03981968015432358,0.11303471028804779,0.007447176986273782,-0.07155129219328694,-0.08619566048638286,RL,3,True,False,recoverable,0,False,RUNNING
71.30000000000281,8556,S8_RL_COM_SHIFT_AND_TRAVERSE,PRELOAD,v009_20260806_215232_433234_manual:S8_RL_COM_SHIFT_AND_TRAVERSE:ALTERNATE_PROFILE_1:segments-93-130,6.858333333338791,0.39473684210526316,109,0.8328094482421875,-0.03977741301059723,0.11287876963615417,0.00791080651123486,-0.0696875690260043,-0.08625506232302271,RL,3,True,False,recoverable,0,False,RUNNING
71.36666666666953,8564,S8_RL_COM_SHIFT_AND_TRAVERSE,PRELOAD,v009_20260806_215232_433234_manual:S8_RL_COM_SHIFT_AND_TRAVERSE:ALTERNATE_PROFILE_1:segments-93-130,6.925000000005511,0.39473684210526316,109,0.832050085067749,-0.03973688185214996,0.11271105706691742,0.008340934262729837,-0.06785560133641509,-0.08627750425816766,RL,3,True,False,recoverable,0,False,RUNNING
71.43333333333625,8572,S8_RL_COM_SHIFT_AND_TRAVERSE,PRELOAD,v009_20260806_215232_433234_manual:S8_RL_COM_SHIFT_AND_TRAVERSE:ALTERNATE_PROFILE_1:segments-93-130,6.991666666672231,0.39473684210526316,109,0.8312479853630066,-0.039681561291217804,0.11251862347126007,0.00859237340995502,-0.06629371392046612,-0.08627855355580848,RL,3,True,False,recoverable,0,False,RUNNING
71.50000000000297,8580,S8_RL_COM_SHIFT_AND_TRAVERSE,PRELOAD,v009_20260806_215232_433234_manual:S8_RL_COM_SHIFT_AND_TRAVERSE:ALTERNATE_PROFILE_1:segments-93-130,7.05833333333895,0.39473684210526316,109,0.8303251266479492,-0.03960419446229935,0.11230765283107758,0.008674452906158342,-0.06509163914943822,-0.08627660354236857,RL,3,True,False,recoverable,0,False,RUNNING
71.56666666666969,8588,S8_RL_COM_SHIFT_AND_TRAVERSE,PRELOAD,v009_20260806_215232_433234_manual:S8_RL_COM_SHIFT_AND_TRAVERSE:ALTERNATE_PROFILE_1:segments-93-130,7.12500000000567,0.39473684210526316,109,0.8294973373413086,-0.03952143341302872,0.11215271055698395,0.008539695175695946,-0.06433839877560026,-0.08626863252831206,RL,3,True,False,recoverable,0,False,RUNNING
71.63333333333641,8596,S8_RL_COM_SHIFT_AND_TRAVERSE,PRELOAD,v009_20260806_215232_433234_manual:S8_RL_COM_SHIFT_AND_TRAVERSE:ALTERNATE_PROFILE_1:segments-93-130,7.19166666667239,0.39473684210526316,109,0.8287882208824158,-0.03945748507976532,0.11211687326431274,0.008473543940075007,-0.06378381686258096,-0.08622866488639797,RL,3,True,False,recoverable,0,False,RUNNING
71.70000000000313,8604,S8_RL_COM_SHIFT_AND_TRAVERSE,PRELOAD,v009_20260806_215232_433234_manual:S8_RL_COM_SHIFT_AND_TRAVERSE:ALTERNATE_PROFILE_1:segments-93-130,7.25833333333911,0.39473684210526316,109,0.8280544877052307,-0.039414115250110626,0.1121288537979126,0.008795316271841568,-0.06296212706610586,-0.08623422276023579,RL,3,True,False,recoverable,0,False,RUNNING
71.76666666666985,8612,S8_RL_COM_SHIFT_AND_TRAVERSE,PRELOAD,v009_20260806_215232_433234_manual:S8_RL_COM_SHIFT_AND_TRAVERSE:ALTERNATE_PROFILE_1:segments-93-130,7.325000000005829,0.39473684210526316,109,0.8272151350975037,-0.03937619924545288,0.11215631663799286,0.009327926635060877,-0.06214304280105162,-0.08624199692682845,RL,3,True,False,recoverable,0,False,RUNNING
71.83333333333657,8620,S8_RL_COM_SHIFT_AND_TRAVERSE,PRELOAD,v009_20260806_215232_433234_manual:S8_RL_COM_SHIFT_AND_TRAVERSE:ALTERNATE_PROFILE_1:segments-93-130,7.391666666672549,0.39473684210526316,109,0.8262519836425781,-0.03931479901075363,0.11215988546609879,0.00971305334166735,-0.061776911510484395,-0.08626550135266246,RL,3,True,False,recoverable,0,False,RUNNING
71.90000000000329,8628,S8_RL_COM_SHIFT_AND_TRAVERSE,PRELOAD,v009_20260806_215232_433234_manual:S8_RL_COM_SHIFT_AND_TRAVERSE:ALTERNATE_PROFILE_1:segments-93-130,7.458333333339269,0.39473684210526316,109,0.8251831531524658,-0.03921331465244293,0.11211103945970535,0.009535217467035912,-0.062401515941400656,-0.08622457877518663,RL,3,True,False,recoverable,0,False,RUNNING
71.96666666667001,8636,S8_RL_COM_SHIFT_AND_TRAVERSE,PRELOAD,v009_20260806_215232_433234_manual:S8_RL_COM_SHIFT_AND_TRAVERSE:ALTERNATE_PROFILE_1:segments-93-130,7.5250000000059885,0.39473684210526316,109,0.8241007924079895,-0.03908790647983551,0.11202406883239746,0.009095680470443833,-0.0633871587627574,-0.08629466395002827,RL,3,True,False,recoverable,0,False,RUNNING
72.03333333333673,8644,S8_RL_COM_SHIFT_AND_TRAVERSE,PRELOAD,v009_20260806_215232_433234_manual:S8_RL_COM_SHIFT_AND_TRAVERSE:ALTERNATE_PROFILE_1:segments-93-130,7.591666666672708,0.39473684210526316,109,0.823024570941925,-0.03900638967752457,0.11196307837963104,0.009227775148182758,-0.06350590606873976,-0.08632211012206907,RL,3,True,False,recoverable,0,False,RUNNING
72.10000000000345,8652,S8_RL_COM_SHIFT_AND_TRAVERSE,PRELOAD,v009_20260806_215232_433234_manual:S8_RL_COM_SHIFT_AND_TRAVERSE:ALTERNATE_PROFILE_1:segments-93-130,7.658333333339428,0.39473684210526316,109,0.8219113349914551,-0.0389246940612793,0.1118873879313469,0.00944850443494823,-0.0636098785612235,-0.08633608398045305,RL,3,True,False,recoverable,0,False,RUNNING
72.16666666667017,8660,S8_RL_COM_SHIFT_AND_TRAVERSE,PRELOAD,v009_20260806_215232_433234_manual:S8_RL_COM_SHIFT_AND_TRAVERSE:ALTERNATE_PROFILE_1:segments-93-130,7.725000000006148,0.39473684210526316,109,0.8208149671554565,-0.03883317857980728,0.11178413033485413,0.009570295097632898,-0.06367360632889105,-0.08639617980566872,RL,3,True,False,recoverable,0,False,RUNNING
72.23333333333689,8668,S8_RL_COM_SHIFT_AND_TRAVERSE,PRELOAD,v009_20260806_215232_433234_manual:S8_RL_COM_SHIFT_AND_TRAVERSE:ALTERNATE_PROFILE_1:segments-93-130,7.791666666672867,0.39473684210526316,109,0.8196294903755188,-0.03875520080327988,0.11166879534721375,0.00997025324305548,-0.06372394706815751,-0.08643162246650238,RL,3,True,False,recoverable,0,False,RUNNING
72.3000000000036,8676,S8_RL_COM_SHIFT_AND_TRAVERSE,PRELOAD,v009_20260806_215232_433234_manual:S8_RL_COM_SHIFT_AND_TRAVERSE:ALTERNATE_PROFILE_1:segments-93-130,7.858333333339587,0.39473684210526316,109,0.8186062574386597,-0.038702815771102905,0.11164221167564392,0.01054013799525168,-0.06398010939491452,-0.08647446861514564,RL,3,True,False,recoverable,0,False,RUNNING
72.36666666667033,8684,S8_RL_COM_SHIFT_AND_TRAVERSE,PRELOAD,v009_20260806_215232_433234_manual:S8_RL_COM_SHIFT_AND_TRAVERSE:ALTERNATE_PROFILE_1:segments-93-130,7.925000000006307,0.39473684210526316,109,0.8177044987678528,-0.03868252784013748,0.11176959425210953,0.011423322536762325,-0.06381284821700971,-0.08649451066724183,RL,3,True,False,recoverable,0,False,RUNNING
72.43333333333705,8692,S8_RL_COM_SHIFT_AND_TRAVERSE,PRELOAD,v009_20260806_215232_433234_manual:S8_RL_COM_SHIFT_AND_TRAVERSE:ALTERNATE_PROFILE_1:segments-93-130,7.9916666666730265,0.39473684210526316,109,0.8175557851791382,-0.03886646777391434,0.11205695569515228,0.014707402032003084,-0.057841254989751574,-0.08672455087314188,RL,3,True,False,recoverable,0,False,RUNNING
72.50000000000377,8700,S8_RL_COM_SHIFT_AND_TRAVERSE,PRELOAD,v009_20260806_215232_433234_manual:S8_RL_COM_SHIFT_AND_TRAVERSE:ALTERNATE_PROFILE_1:segments-93-130,8.058333333339746,0.39473684210526316,109,0.817756175994873,-0.03945138305425644,0.11271849274635315,0.023743861567524806,-0.0436160198617876,-0.08712647783821274,RL,3,True,False,recoverable,0,False,RUNNING
72.56666666667049,8708,S8_RL_COM_SHIFT_AND_TRAVERSE,PRELOAD,v009_20260806_215232_433234_manual:S8_RL_COM_SHIFT_AND_TRAVERSE:ALTERNATE_PROFILE_1:segments-93-130,8.125000000006466,0.39473684210526316,109,0.8184592127799988,-0.04046730697154999,0.11375632137060165,0.03891644998766433,-0.02029618589850962,-0.08763742925666439,RL,2,True,False,recoverable,0,False,RUNNING
72.6333333333372,8716,S8_RL_COM_SHIFT_AND_TRAVERSE,PRELOAD,v009_20260806_215232_433234_manual:S8_RL_COM_SHIFT_AND_TRAVERSE:ALTERNATE_PROFILE_1:segments-93-130,8.191666666673186,0.39473684210526316,109,0.8186190724372864,-0.04174591600894928,0.11543304473161697,0.058253168721859164,0.00686330426479821,-0.08770075643295534,RL,2,True,False,recoverable,0,False,RUNNING
72.70000000000393,8724,S8_RL_COM_SHIFT_AND_TRAVERSE,PRELOAD,v009_20260806_215232_433234_manual:S8_RL_COM_SHIFT_AND_TRAVERSE:ALTERNATE_PROFILE_1:segments-93-130,8.258333333339905,0.39473684210526316,109,0.8189138770103455,-0.04302792251110077,0.11703179776668549,0.07710234661139849,0.03372376632247928,-0.08731231891852205,RL,2,True,False,recoverable,0,False,RUNNING
72.76666666667064,8732,S8_RL_COM_SHIFT_AND_TRAVERSE,PRELOAD,v009_20260806_215232_433234_manual:S8_RL_COM_SHIFT_AND_TRAVERSE:ALTERNATE_PROFILE_1:segments-93-130,8.325000000006625,0.39473684210526316,109,0.8194757699966431,-0.04441371560096741,0.11865662038326263,0.09676636004411945,0.06221038898288867,-0.08637585031374218,RL,2,True,False,recoverable,0,False,RUNNING
72.83333333333736,8740,S8_RL_COM_SHIFT_AND_TRAVERSE,PRELOAD,v009_20260806_215232_433234_manual:S8_RL_COM_SHIFT_AND_TRAVERSE:ALTERNATE_PROFILE_1:segments-93-130,8.391666666673345,0.42105263157894735,110,0.8211724162101746,-0.04604135453701019,0.12051434069871902,0.11796071479702956,0.09305097292398859,-0.08476403135886794,RL,2,True,False,recoverable,0,False,RUNNING
72.90000000000408,8748,S8_RL_COM_SHIFT_AND_TRAVERSE,PRELOAD,v009_20260806_215232_433234_manual:S8_RL_COM_SHIFT_AND_TRAVERSE:ALTERNATE_PROFILE_1:segments-93-130,8.458333333340065,0.4473684210526316,111,0.8236628174781799,-0.048008039593696594,0.12251128256320953,0.14251027360999008,0.12955470949080125,-0.0820855418139714,RL,2,True,False,recoverable,0,False,RUNNING
72.9666666666708,8756,S8_RL_COM_SHIFT_AND_TRAVERSE,PRELOAD,v009_20260806_215232_433234_manual:S8_RL_COM_SHIFT_AND_TRAVERSE:ALTERNATE_PROFILE_1:segments-93-130,8.525000000006784,0.4473684210526316,111,0.8266099691390991,-0.05059593915939331,0.12498132884502411,0.17461173688221995,0.17545604886814706,-0.07725595561482283,RL,2,True,False,recoverable,0,False,RUNNING
73.03333333333752,8764,S8_RL_COM_SHIFT_AND_TRAVERSE,PRELOAD,v009_20260806_215232_433234_manual:S8_RL_COM_SHIFT_AND_TRAVERSE:ALTERNATE_PROFILE_1:segments-93-130,8.591666666673504,0.4473684210526316,111,0.8300883769989014,-0.053561821579933167,0.12754103541374207,0.2084847422722127,0.22360058133946858,-0.06970416394210113,RL,3,True,False,recoverable,0,False,RUNNING
73.10000000000424,8772,S8_RL_COM_SHIFT_AND_TRAVERSE,PRELOAD,v009_20260806_215232_433234_manual:S8_RL_COM_SHIFT_AND_TRAVERSE:ALTERNATE_PROFILE_1:segments-93-130,8.658333333340224,0.47368421052631576,112,0.8301796317100525,-0.05354054272174835,0.12748181819915771,0.20819167497554333,0.22355210810369025,-0.06972419290969552,RL,3,True,False,recoverable,0,False,RUNNING
73.16666666667096,8780,S8_RL_COM_SHIFT_AND_TRAVERSE,PRELOAD,v009_20260806_215232_433234_manual:S8_RL_COM_SHIFT_AND_TRAVERSE:ALTERNATE_PROFILE_1:segments-93-130,8.725000000006943,0.47368421052631576,112,0.8301991820335388,-0.05352696776390076,0.12743377685546875,0.20809664911238254,0.22362011077063862,-0.06969801170431968,RL,3,True,False,recoverable,0,False,RUNNING
73.23333333333768,8788,S8_RL_COM_SHIFT_AND_TRAVERSE,PRELOAD,v009_20260806_215232_433234_manual:S8_RL_COM_SHIFT_AND_TRAVERSE:ALTERNATE_PROFILE_1:segments-93-130,8.791666666673663,0.5,113,0.830235481262207,-0.05350908637046814,0.12737399339675903,0.2079347282786609,0.22366311159924648,-0.06967352541174819,RL,3,True,False,recoverable,0,False,RUNNING
73.3000000000044,8796,S8_RL_COM_SHIFT_AND_TRAVERSE,PRELOAD,v009_20260806_215232_433234_manual:S8_RL_COM_SHIFT_AND_TRAVERSE:ALTERNATE_PROFILE_1:segments-93-130,8.858333333340383,0.5,113,0.830228865146637,-0.05350467562675476,0.12735575437545776,0.2079370072246493,0.22382856078312946,-0.06963551679033991,RL,3,True,False,recoverable,0,False,RUNNING
73.36666666667112,8804,S8_RL_COM_SHIFT_AND_TRAVERSE,PRELOAD,v009_20260806_215232_433234_manual:S8_RL_COM_SHIFT_AND_TRAVERSE:ALTERNATE_PROFILE_1:segments-93-130,8.925000000007103,0.5,113,0.8302232623100281,-0.05349650979042053,0.12733504176139832,0.20788666087733124,0.22397997355134247,-0.06959899936275418,RL,3,True,False,recoverable,0,False,RUNNING
73.43333333333784,8812,S8_RL_COM_SHIFT_AND_TRAVERSE,PRELOAD,v009_20260806_215232_433234_manual:S8_RL_COM_SHIFT_AND_TRAVERSE:ALTERNATE_PROFILE_1:segments-93-130,8.991666666673822,0.5263157894736842,114,0.8302190899848938,-0.05349379777908325,0.12732890248298645,0.20787450333179133,0.2241682301297816,-0.06956067783720551,RL,3,True,False,recoverable,0,False,RUNNING
73.50000000000456,8820,S8_RL_COM_SHIFT_AND_TRAVERSE,PRELOAD,v009_20260806_215232_433234_manual:S8_RL_COM_SHIFT_AND_TRAVERSE:ALTERNATE_PROFILE_1:segments-93-130,9.058333333340542,0.5526315789473685,115,0.8301913142204285,-0.05350050330162048,0.12737250328063965,0.20790128578847855,0.2245526315970308,-0.06945316353286629,RL,3,True,False,recoverable,0,False,RUNNING
73.56666666667128,8828,S8_RL_COM_SHIFT_AND_TRAVERSE,PRELOAD,v009_20260806_215232_433234_manual:S8_RL_COM_SHIFT_AND_TRAVERSE:ALTERNATE_PROFILE_1:segments-93-130,9.125000000007262,0.5526315789473685,115,0.8302015662193298,-0.05347782373428345,0.12730002403259277,0.20775024913525084,0.22443476530799752,-0.06949875862520942,RL,3,True,False,recoverable,0,False,RUNNING
73.633333333338,8836,S8_RL_COM_SHIFT_AND_TRAVERSE,PRELOAD,v009_20260806_215232_433234_manual:S8_RL_COM_SHIFT_AND_TRAVERSE:ALTERNATE_PROFILE_1:segments-93-130,9.191666666673981,0.5526315789473685,115,0.8302197456359863,-0.05344989895820618,0.12721826136112213,0.20752813638156778,0.2242618512755035,-0.06950822432299006,RL,3,True,False,recoverable,0,False,RUNNING
73.70000000000472,8844,S8_RL_COM_SHIFT_AND_TRAVERSE,PRELOAD,v009_20260806_215232_433234_manual:S8_RL_COM_SHIFT_AND_TRAVERSE:ALTERNATE_PROFILE_1:segments-93-130,9.258333333340701,0.5526315789473685,115,0.8302181363105774,-0.05343557894229889,0.12718263268470764,0.20740385874185424,0.22426212225241934,-0.06949865854268024,RL,3,True,False,recoverable,0,False,RUNNING
73.76666666667144,8852,S8_RL_COM_SHIFT_AND_TRAVERSE,UNLOAD,v009_20260806_215232_433234_manual:S8_RL_COM_SHIFT_AND_TRAVERSE:ALTERNATE_PROFILE_1:segments-93-130,9.325000000007421,0.5789473684210527,116,0.8302047252655029,-0.05342830717563629,0.12716889381408691,0.20735677138123465,0.2243199341355709,-0.069478340177739,RL,3,True,False,recoverable,0,False,RUNNING
73.83333333333816,8860,S8_RL_COM_SHIFT_AND_TRAVERSE,UNLOAD,v009_20260806_215232_433234_manual:S8_RL_COM_SHIFT_AND_TRAVERSE:ALTERNATE_PROFILE_1:segments-93-130,9.39166666667414,0.5789473684210527,116,0.8301811814308167,-0.053426578640937805,0.12717020511627197,0.20736550677698723,0.2244157340303343,-0.06945533801061093,RL,3,True,False,recoverable,0,False,RUNNING
73.90000000000488,8868,S8_RL_COM_SHIFT_AND_TRAVERSE,FACE_CLEAR,v009_20260806_215232_433234_manual:S8_RL_COM_SHIFT_AND_TRAVERSE:ALTERNATE_PROFILE_1:segments-93-130,9.45833333334086,0.6052631578947368,117,0.8302145004272461,-0.05339871346950531,0.1270974576473236,0.20709580803477412,0.22421363588461385,-0.06945774037171978,RL,3,True,False,recoverable,0,False,RUNNING
73.9666666666716,8876,S8_RL_COM_SHIFT_AND_TRAVERSE,FACE_CLEAR,v009_20260806_215232_433234_manual:S8_RL_COM_SHIFT_AND_TRAVERSE:ALTERNATE_PROFILE_1:segments-93-130,9.52500000000758,0.6052631578947368,117,0.8301769495010376,-0.05339859426021576,0.12711408734321594,0.2071123882875981,0.22436310800658968,-0.06942348861074948,RL,3,True,False,recoverable,0,False,RUNNING
74.03333333333832,8884,S8_RL_COM_SHIFT_AND_TRAVERSE,FACE_CLEAR,v009_20260806_215232_433234_manual:S8_RL_COM_SHIFT_AND_TRAVERSE:ALTERNATE_PROFILE_1:segments-93-130,9.5916666666743,0.631578947368421,118,0.8301540017127991,-0.05339162051677704,0.12710712850093842,0.2070678590741897,0.22440348940320465,-0.06940665940882439,RL,3,True,False,recoverable,0,False,RUNNING
74.10000000000504,8892,S8_RL_COM_SHIFT_AND_TRAVERSE,FACE_CLEAR,v009_20260806_215232_433234_manual:S8_RL_COM_SHIFT_AND_TRAVERSE:ALTERNATE_PROFILE_1:segments-93-130,9.65833333334102,0.631578947368421,118,0.8301240801811218,-0.053389787673950195,0.12711279094219208,0.20707372896823265,0.22449133797622448,-0.06938752396494757,RL,3,True,False,recoverable,0,False,RUNNING
74.16666666667176,8900,S8_RL_COM_SHIFT_AND_TRAVERSE,FACE_CLEAR,v009_20260806_215232_433234_manual:S8_RL_COM_SHIFT_AND_TRAVERSE:ALTERNATE_PROFILE_1:segments-93-130,9.72500000000774,0.6578947368421053,119,0.8300871253013611,-0.05338643491268158,0.12712231278419495,0.2070586723751998,0.2246146461874701,-0.06936697540136608,RL,3,True,False,recoverable,0,False,RUNNING
74.23333333333848,8908,S8_RL_COM_SHIFT_AND_TRAVERSE,FACE_CLEAR,v009_20260806_215232_433234_manual:S8_RL_COM_SHIFT_AND_TRAVERSE:ALTERNATE_PROFILE_1:segments-93-130,9.791666666674459,0.6578947368421053,119,0.8300693035125732,-0.05338306725025177,0.12711520493030548,0.2070548863694391,0.2246354553082844,-0.06936348505028231,RL,3,True,False,recoverable,0,False,RUNNING
74.3000000000052,8916,S8_RL_COM_SHIFT_AND_TRAVERSE,FACE_CLEAR,v009_20260806_215232_433234_manual:S8_RL_COM_SHIFT_AND_TRAVERSE:ALTERNATE_PROFILE_1:segments-93-130,9.858333333341179,0.6842105263157895,120,0.830054759979248,-0.05338001251220703,0.12710633873939514,0.2070598098138787,0.22463846823357508,-0.06936152794396919,RL,3,True,False,recoverable,0,False,RUNNING
74.36666666667192,8924,S8_RL_COM_SHIFT_AND_TRAVERSE,FACE_CLEAR,v009_20260806_215232_433234_manual:S8_RL_COM_SHIFT_AND_TRAVERSE:ALTERNATE_PROFILE_1:segments-93-130,9.925000000007898,0.7105263157894737,121,0.8300012350082397,-0.053377583622932434,0.12711399793624878,0.2070899034988673,0.22471285177403616,-0.06933906898181899,RL,3,True,False,recoverable,0,False,RUNNING
74.43333333333864,8932,S8_RL_COM_SHIFT_AND_TRAVERSE,FACE_CLEAR,v009_20260806_215232_433234_manual:S8_RL_COM_SHIFT_AND_TRAVERSE:ALTERNATE_PROFILE_1:segments-93-130,9.991666666674618,0.7105263157894737,121,0.8300043344497681,-0.053372159600257874,0.1270938515663147,0.20705588726482435,0.2246661205473662,-0.06935712391135233,RL,3,True,False,recoverable,0,False,RUNNING
74.50000000000536,8940,S8_RL_COM_SHIFT_AND_TRAVERSE,FACE_CLEAR,v009_20260806_215232_433234_manual:S8_RL_COM_SHIFT_AND_TRAVERSE:ALTERNATE_PROFILE_1:segments-93-130,10.058333333341338,0.7105263157894737,121,0.829986572265625,-0.053369998931884766,0.1270897537469864,0.20706210339713493,0.22468126350328163,-0.06935212922846835,RL,3,True,False,recoverable,0,False,RUNNING
74.56666666667208,8948,S8_RL_COM_SHIFT_AND_TRAVERSE,FACE_CLEAR,v009_20260806_215232_433234_manual:S8_RL_COM_SHIFT_AND_TRAVERSE:ALTERNATE_PROFILE_1:segments-93-130,10.125000000008058,0.7368421052631579,122,0.8299530148506165,-0.053365543484687805,0.12708699703216553,0.2070584138072746,0.22471015347162507,-0.0693479393325742,RL,3,True,False,recoverable,0,False,RUNNING
74.6333333333388,8956,S8_RL_COM_SHIFT_AND_TRAVERSE,FACE_CLEAR,v009_20260806_215232_433234_manual:S8_RL_COM_SHIFT_AND_TRAVERSE:ALTERNATE_PROFILE_1:segments-93-130,10.191666666674777,0.7368421052631579,122,0.8299326300621033,-0.053363949060440063,0.1270865797996521,0.2070696896713136,0.22473596058679288,-0.06934093972514549,RL,3,True,False,recoverable,0,False,RUNNING
74.70000000000552,8964,S8_RL_COM_SHIFT_AND_TRAVERSE,FACE_CLEAR,v009_20260806_215232_433234_manual:S8_RL_COM_SHIFT_AND_TRAVERSE:ALTERNATE_PROFILE_1:segments-93-130,10.258333333341497,0.7631578947368421,123,0.8299006223678589,-0.05335642397403717,0.12707889080047607,0.20702603568090797,0.22474542195030844,-0.0693363465897403,RL,3,True,False,recoverable,0,False,RUNNING
74.76666666667224,8972,S8_RL_COM_SHIFT_AND_TRAVERSE,FACE_CLEAR,v009_20260806_215232_433234_manual:S8_RL_COM_SHIFT_AND_TRAVERSE:ALTERNATE_PROFILE_1:segments-93-130,10.325000000008217,0.7631578947368421,123,0.8298782110214233,-0.053355053067207336,0.12708044052124023,0.20703745577326163,0.22477549969511407,-0.06932772921036343,RL,3,True,False,recoverable,0,False,RUNNING
74.83333333333896,8980,S8_RL_COM_SHIFT_AND_TRAVERSE,TOP_PLACE,v009_20260806_215232_433234_manual:S8_RL_COM_SHIFT_AND_TRAVERSE:ALTERNATE_PROFILE_1:segments-93-130,10.391666666674936,0.7894736842105263,124,0.8298549652099609,-0.05335375666618347,0.1270826756954193,0.20704764422631186,0.2248119309568547,-0.06931751970191483,RL,3,True,False,recoverable,0,False,RUNNING
74.90000000000568,8988,S8_RL_COM_SHIFT_AND_TRAVERSE,TOP_PLACE,v009_20260806_215232_433234_manual:S8_RL_COM_SHIFT_AND_TRAVERSE:ALTERNATE_PROFILE_1:segments-93-130,10.458333333341656,0.7894736842105263,124,0.8298236131668091,-0.053350940346717834,0.12708328664302826,0.20705454171426144,0.22484250071370518,-0.06930977262066428,RL,3,True,False,recoverable,0,False,RUNNING
74.9666666666724,8996,S8_RL_COM_SHIFT_AND_TRAVERSE,TOP_PLACE,v009_20260806_215232_433234_manual:S8_RL_COM_SHIFT_AND_TRAVERSE:ALTERNATE_PROFILE_1:segments-93-130,10.525000000008376,0.8157894736842105,125,0.829781711101532,-0.05334638059139252,0.12708145380020142,0.20706047027177435,0.22486193849548566,-0.0693054911268821,RL,3,True,False,recoverable,0,False,RUNNING
75.03333333333912,9004,S8_RL_COM_SHIFT_AND_TRAVERSE,TOP_PLACE,v009_20260806_215232_433234_manual:S8_RL_COM_SHIFT_AND_TRAVERSE:ALTERNATE_PROFILE_1:segments-93-130,10.591666666675096,0.8157894736842105,125,0.8297632932662964,-0.05334557592868805,0.12708377838134766,0.20706919394575826,0.2248963307223322,-0.0692961520054118,RL,3,True,False,recoverable,0,False,RUNNING
75.10000000000583,9012,S8_RL_COM_SHIFT_AND_TRAVERSE,TOP_PLACE,v009_20260806_215232_433234_manual:S8_RL_COM_SHIFT_AND_TRAVERSE:ALTERNATE_PROFILE_1:segments-93-130,10.658333333341815,0.8157894736842105,125,0.8297427892684937,-0.05334436893463135,0.12708616256713867,0.20707740455907167,0.22493414833629666,-0.0692862959721619,RL,3,True,False,recoverable,0,False,RUNNING
75.16666666667255,9020,S8_RL_COM_SHIFT_AND_TRAVERSE,TOP_PLACE,v009_20260806_215232_433234_manual:S8_RL_COM_SHIFT_AND_TRAVERSE:ALTERNATE_PROFILE_1:segments-93-130,10.725000000008535,0.8421052631578947,126,0.8297212719917297,-0.053342998027801514,0.1270880103111267,0.20708601311799765,0.22497061519151546,-0.06927664169811983,RL,3,True,False,recoverable,0,False,RUNNING
75.23333333333927,9028,S8_RL_COM_SHIFT_AND_TRAVERSE,TOP_PLACE,v009_20260806_215232_433234_manual:S8_RL_COM_SHIFT_AND_TRAVERSE:ALTERNATE_PROFILE_1:segments-93-130,10.791666666675255,0.868421052631579,127,0.8296920657157898,-0.05333526432514191,0.12707844376564026,0.20704412854268223,0.22496856757681688,-0.06927451805812936,RL,3,True,False,recoverable,0,False,RUNNING
75.300000000006,9036,S8_RL_COM_SHIFT_AND_TRAVERSE,TOP_PLACE,v009_20260806_215232_433234_manual:S8_RL_COM_SHIFT_AND_TRAVERSE:ALTERNATE_PROFILE_1:segments-93-130,10.858333333341974,0.868421052631579,127,0.8296656608581543,-0.05333365499973297,0.1270803064107895,0.20705398224829588,0.22499699412466004,-0.06926567554032735,RL,3,True,False,recoverable,0,False,RUNNING
75.36666666667271,9044,S8_RL_COM_SHIFT_AND_TRAVERSE,TOP_PLACE,v009_20260806_215232_433234_manual:S8_RL_COM_SHIFT_AND_TRAVERSE:ALTERNATE_PROFILE_1:segments-93-130,10.925000000008694,0.8947368421052632,128,0.8296217322349548,-0.05332881212234497,0.1270771324634552,0.20706241682139695,0.22501309246911788,-0.06926104284369845,RL,3,True,False,recoverable,0,False,RUNNING
75.43333333333943,9052,S8_RL_COM_SHIFT_AND_TRAVERSE,TOP_PLACE,v009_20260806_215232_433234_manual:S8_RL_COM_SHIFT_AND_TRAVERSE:ALTERNATE_PROFILE_1:segments-93-130,10.991666666675414,0.9210526315789473,129,0.8305086493492126,-0.053422197699546814,0.127096027135849,0.2070127857368954,0.22500592159929292,-0.06930685797033465,RL,3,True,False,recoverable,0,False,RUNNING
75.50000000000615,9060,S8_RL_COM_SHIFT_AND_TRAVERSE,TOP_PLACE,v009_20260806_215232_433234_manual:S8_RL_COM_SHIFT_AND_TRAVERSE:ALTERNATE_PROFILE_1:segments-93-130,11.058333333342134,0.9210526315789473,129,0.8314955830574036,-0.05351795256137848,0.12709680199623108,0.20691930097518796,0.22508576534427344,-0.06933425432980503,RL,3,True,False,recoverable,0,False,RUNNING
75.56666666667287,9068,S8_RL_COM_SHIFT_AND_TRAVERSE,TOP_PLACE,v009_20260806_215232_433234_manual:S8_RL_COM_SHIFT_AND_TRAVERSE:ALTERNATE_PROFILE_1:segments-93-130,11.125000000008853,0.9210526315789473,129,0.8324640989303589,-0.053623080253601074,0.127097025513649,0.2069430517129548,0.22517009923043244,-0.06934699811112559,RL,3,True,False,recoverable,0,False,RUNNING
75.63333333333959,9076,S8_RL_COM_SHIFT_AND_TRAVERSE,TOP_PLACE,v009_20260806_215232_433234_manual:S8_RL_COM_SHIFT_AND_TRAVERSE:ALTERNATE_PROFILE_1:segments-93-130,11.191666666675573,0.9210526315789473,129,0.83347088098526,-0.05371415615081787,0.12706223130226135,0.2068846468778085,0.22525517398265393,-0.06940095210694971,RL,3,True,False,recoverable,0,False,RUNNING
75.70000000000631,9084,S8_RL_COM_SHIFT_AND_TRAVERSE,TOP_PLACE,v009_20260806_215232_433234_manual:S8_RL_COM_SHIFT_AND_TRAVERSE:ALTERNATE_PROFILE_1:segments-93-130,11.258333333342293,0.9210526315789473,129,0.8344747424125671,-0.053805336356163025,0.12701793015003204,0.20685700428682827,0.2253873099797784,-0.06942740494759847,RL,3,True,False,recoverable,0,False,RUNNING
75.76666666667303,9092,S8_RL_COM_SHIFT_AND_TRAVERSE,TOP_PLACE,v009_20260806_215232_433234_manual:S8_RL_COM_SHIFT_AND_TRAVERSE:ALTERNATE_PROFILE_1:segments-93-130,11.325000000009013,0.9210526315789473,129,0.8354842066764832,-0.053900718688964844,0.12695874273777008,0.20685043898881156,0.22551472984159762,-0.06937520209911356,RL,3,True,False,recoverable,0,False,RUNNING
75.83333333333975,9100,S8_RL_COM_SHIFT_AND_TRAVERSE,TOP_PLACE,v009_20260806_215232_433234_manual:S8_RL_COM_SHIFT_AND_TRAVERSE:ALTERNATE_PROFILE_1:segments-93-130,11.391666666675732,0.9210526315789473,129,0.8365320563316345,-0.05399651825428009,0.12684817612171173,0.20672655433689222,0.22556406253476113,-0.06942291763187648,RL,3,True,False,recoverable,0,False,RUNNING
75.90000000000647,9108,S8_RL_COM_SHIFT_AND_TRAVERSE,TOP_PLACE,v009_20260806_215232_433234_manual:S8_RL_COM_SHIFT_AND_TRAVERSE:ALTERNATE_PROFILE_1:segments-93-130,11.458333333342452,0.9210526315789473,129,0.8376164436340332,-0.05410104990005493,0.12669698894023895,0.20648702207459055,0.22554172594036392,-0.06948466564484429,RL,3,True,False,recoverable,0,False,RUNNING
75.96666666667319,9116,S8_RL_COM_SHIFT_AND_TRAVERSE,TOP_PLACE,v009_20260806_215232_433234_manual:S8_RL_COM_SHIFT_AND_TRAVERSE:ALTERNATE_PROFILE_1:segments-93-130,11.525000000009172,0.9210526315789473,129,0.8386430740356445,-0.05417370796203613,0.1265336573123932,0.20608158272093824,0.22514447024764556,-0.06959151587021664,RL,3,True,False,recoverable,0,False,RUNNING
76.03333333333991,9124,S8_RL_COM_SHIFT_AND_TRAVERSE,TOP_PLACE,v009_20260806_215232_433234_manual:S8_RL_COM_SHIFT_AND_TRAVERSE:ALTERNATE_PROFILE_1:segments-93-130,11.591666666675891,0.9210526315789473,129,0.8396848440170288,-0.05423218011856079,0.1263435184955597,0.20564783312991727,0.22469766873879257,-0.06969386319840264,RL,3,True,False,recoverable,0,False,RUNNING
76.10000000000663,9132,S8_RL_COM_SHIFT_AND_TRAVERSE,TOP_PLACE,v009_20260806_215232_433234_manual:S8_RL_COM_SHIFT_AND_TRAVERSE:ALTERNATE_PROFILE_1:segments-93-130,11.658333333342611,0.9210526315789473,129,0.8405134677886963,-0.05433441698551178,0.1263750195503235,0.20605031002199337,0.2242937243478376,-0.0695660195143072,RL,3,True,False,recoverable,0,False,RUNNING
76.16666666667335,9140,S8_RL_COM_SHIFT_AND_TRAVERSE,TOP_PLACE,v009_20260806_215232_433234_manual:S8_RL_COM_SHIFT_AND_TRAVERSE:ALTERNATE_PROFILE_1:segments-93-130,11.72500000000933,0.9210526315789473,129,0.8413600325584412,-0.054450079798698425,0.12644687294960022,0.2066588288446564,0.22395525572573607,-0.06942245700408257,RL,3,True,False,recoverable,0,False,RUNNING
76.23333333334007,9148,S8_RL_COM_SHIFT_AND_TRAVERSE,TOP_PLACE,v009_20260806_215232_433234_manual:S8_RL_COM_SHIFT_AND_TRAVERSE:ALTERNATE_PROFILE_1:segments-93-130,11.79166666667605,0.9210526315789473,129,0.8422402143478394,-0.0545705109834671,0.12648402154445648,0.20719592017772454,0.2235546957702694,-0.06929486938335652,RL,3,True,False,recoverable,0,False,RUNNING
76.30000000000679,9156,S8_RL_COM_SHIFT_AND_TRAVERSE,TOP_PLACE,v009_20260806_215232_433234_manual:S8_RL_COM_SHIFT_AND_TRAVERSE:ALTERNATE_PROFILE_1:segments-93-130,11.85833333334277,0.9210526315789473,129,0.8431400656700134,-0.05468226969242096,0.12651057541370392,0.20778011708233515,0.22313581749137432,-0.06912741137082451,RL,3,True,False,recoverable,0,False,RUNNING
76.36666666667351,9164,S8_RL_COM_SHIFT_AND_TRAVERSE,TOP_PLACE,v009_20260806_215232_433234_manual:S8_RL_COM_SHIFT_AND_TRAVERSE:ALTERNATE_PROFILE_1:segments-93-130,11.92500000000949,0.9210526315789473,129,0.8440548181533813,-0.054784923791885376,0.12653177976608276,0.2083706089250012,0.22273994796639887,-0.06897254861811797,RL,3,True,False,recoverable,0,False,RUNNING
76.43333333334023,9172,S8_RL_COM_SHIFT_AND_TRAVERSE,TOP_PLACE,v009_20260806_215232_433234_manual:S8_RL_COM_SHIFT_AND_TRAVERSE:ALTERNATE_PROFILE_1:segments-93-130,11.99166666667621,0.9210526315789473,129,0.8448623418807983,-0.054885298013687134,0.12665104866027832,0.20871687132919775,0.22283662626641904,-0.06881039958076401,RL,3,True,False,recoverable,0,False,RUNNING
76.50000000000695,9180,S8_RL_COM_SHIFT_AND_TRAVERSE,TOP_PLACE,v009_20260806_215232_433234_manual:S8_RL_COM_SHIFT_AND_TRAVERSE:ALTERNATE_PROFILE_1:segments-93-130,12.05833333334293,0.9210526315789473,129,0.8456552624702454,-0.055002957582473755,0.126810222864151,0.2092601217210275,0.22304990837682762,-0.06851999568019089,RL,3,True,False,recoverable,0,False,RUNNING
76.56666666667367,9188,S8_RL_COM_SHIFT_AND_TRAVERSE,TOP_PLACE,v009_20260806_215232_433234_manual:S8_RL_COM_SHIFT_AND_TRAVERSE:ALTERNATE_PROFILE_1:segments-93-130,12.12500000000965,0.9210526315789473,129,0.8464803099632263,-0.0551249235868454,0.12695708870887756,0.20979343206228537,0.22323469068288807,-0.06826636810987816,RL,3,True,False,recoverable,0,False,RUNNING
76.63333333334039,9196,S8_RL_COM_SHIFT_AND_TRAVERSE,TOP_PLACE,v009_20260806_215232_433234_manual:S8_RL_COM_SHIFT_AND_TRAVERSE:ALTERNATE_PROFILE_1:segments-93-130,12.191666666676369,0.9210526315789473,129,0.8473341464996338,-0.05524939298629761,0.12709540128707886,0.2103500739187132,0.22345266355524762,-0.0679800822908029,RL,3,True,False,recoverable,0,False,RUNNING
76.70000000000711,9204,S8_RL_COM_SHIFT_AND_TRAVERSE,TOP_PLACE,v009_20260806_215232_433234_manual:S8_RL_COM_SHIFT_AND_TRAVERSE:ALTERNATE_PROFILE_1:segments-93-130,12.258333333343089,0.9210526315789473,129,0.8482298254966736,-0.05537009239196777,0.12721067667007446,0.21085793101115213,0.2236770598504058,-0.06776642518941764,RL,3,True,False,recoverable,0,False,RUNNING
76.76666666667383,9212,S8_RL_COM_SHIFT_AND_TRAVERSE,TOP_PLACE,v009_20260806_215232_433234_manual:S8_RL_COM_SHIFT_AND_TRAVERSE:ALTERNATE_PROFILE_1:segments-93-130,12.325000000009808,0.9210526315789473,129,0.84921795129776,-0.05548758804798126,0.12722814083099365,0.21086724488744876,0.2237138756070203,-0.06770003821740007,RL,3,True,False,recoverable,0,False,RUNNING
76.83333333334055,9220,S8_RL_COM_SHIFT_AND_TRAVERSE,TOP_PLACE,v009_20260806_215232_433234_manual:S8_RL_COM_SHIFT_AND_TRAVERSE:ALTERNATE_PROFILE_1:segments-93-130,12.391666666676528,0.9210526315789473,129,0.8502171039581299,-0.055611491203308105,0.12722709774971008,0.21087125426212608,0.22373957253767557,-0.06762671685004049,RL,3,True,False,recoverable,0,False,RUNNING
76.90000000000727,9228,S8_RL_COM_SHIFT_AND_TRAVERSE,TOP_PLACE,v009_20260806_215232_433234_manual:S8_RL_COM_SHIFT_AND_TRAVERSE:ALTERNATE_PROFILE_1:segments-93-130,12.458333333343248,0.9210526315789473,129,0.8511821627616882,-0.055735304951667786,0.12724700570106506,0.2109712882702558,0.22389485266720582,-0.06758464762023786,RL,3,True,False,recoverable,0,False,RUNNING
76.96666666667399,9236,S8_RL_COM_SHIFT_AND_TRAVERSE,TOP_PLACE,v009_20260806_215232_433234_manual:S8_RL_COM_SHIFT_AND_TRAVERSE:ALTERNATE_PROFILE_1:segments-93-130,12.525000000009967,0.9210526315789473,129,0.852104127407074,-0.05582793056964874,0.1273103952407837,0.21085856432114988,0.2243661553513061,-0.06764854801817222,RL,3,True,False,recoverable,0,False,RUNNING
77.0333333333407,9244,S8_RL_COM_SHIFT_AND_TRAVERSE,TOP_PLACE,v009_20260806_215232_433234_manual:S8_RL_COM_SHIFT_AND_TRAVERSE:ALTERNATE_PROFILE_1:segments-93-130,12.591666666676687,0.9210526315789473,129,0.8530595302581787,-0.05592505633831024,0.1273723840713501,0.2107593131463889,0.2249024145532715,-0.06771006081948311,RL,3,True,False,recoverable,0,False,RUNNING
77.10000000000743,9252,S8_RL_COM_SHIFT_AND_TRAVERSE,TOP_PLACE,v009_20260806_215232_433234_manual:S8_RL_COM_SHIFT_AND_TRAVERSE:ALTERNATE_PROFILE_1:segments-93-130,12.658333333343407,0.9210526315789473,129,0.8540297746658325,-0.05602240562438965,0.12742584943771362,0.21068151626912743,0.22547257744170746,-0.06776208717044097,RL,3,True,False,recoverable,0,False,RUNNING
77.16666666667415,9260,S8_RL_COM_SHIFT_AND_TRAVERSE,TOP_PLACE,v009_20260806_215232_433234_manual:S8_RL_COM_SHIFT_AND_TRAVERSE:ALTERNATE_PROFILE_1:segments-93-130,12.725000000010127,0.9210526315789473,129,0.8549582958221436,-0.05607536435127258,0.12742403149604797,0.21009572361872134,0.2253770079100671,-0.06790966917155797,RL,3,True,False,recoverable,0,False,RUNNING
77.23333333334087,9268,S8_RL_COM_SHIFT_AND_TRAVERSE,TOP_PLACE,v009_20260806_215232_433234_manual:S8_RL_COM_SHIFT_AND_TRAVERSE:ALTERNATE_PROFILE_1:segments-93-130,12.791666666676846,0.9210526315789473,129,0.8559166789054871,-0.0561247318983078,0.12740063667297363,0.20946678016610049,0.2252950705364951,-0.06806019217898937,RL,3,True,False,recoverable,0,False,RUNNING
77.30000000000759,9276,S8_RL_COM_SHIFT_AND_TRAVERSE,TOP_PLACE,v009_20260806_215232_433234_manual:S8_RL_COM_SHIFT_AND_TRAVERSE:ALTERNATE_PROFILE_1:segments-93-130,12.858333333343566,0.9210526315789473,129,0.8568902611732483,-0.056172892451286316,0.12736302614212036,0.2088530738803224,0.22523518507071552,-0.06820439402014652,RL,3,True,False,recoverable,0,False,RUNNING
77.3666666666743,9284,S8_RL_COM_SHIFT_AND_TRAVERSE,TOP_PLACE,v009_20260806_215232_433234_manual:S8_RL_COM_SHIFT_AND_TRAVERSE:ALTERNATE_PROFILE_1:segments-93-130,12.925000000010286,0.9210526315789473,129,0.8578612804412842,-0.05622933804988861,0.12731881439685822,0.20829223297842045,0.225184995889476,-0.06835232612185811,RL,3,True,False,recoverable,0,False,RUNNING
77.43333333334103,9292,S8_RL_COM_SHIFT_AND_TRAVERSE,TOP_PLACE,v009_20260806_215232_433234_manual:S8_RL_COM_SHIFT_AND_TRAVERSE:ALTERNATE_PROFILE_1:segments-93-130,12.991666666677006,0.9210526315789473,129,0.8588677644729614,-0.05628266930580139,0.12724585831165314,0.2076881052593775,0.22518072661475408,-0.06861657728992025,RL,3,True,False,recoverable,0,False,RUNNING
77.50000000000774,9300,S8_RL_COM_SHIFT_AND_TRAVERSE,TOP_PLACE,v009_20260806_215232_433234_manual:S8_RL_COM_SHIFT_AND_TRAVERSE:ALTERNATE_PROFILE_1:segments-93-130,13.058333333343725,0.9210526315789473,129,0.8598859310150146,-0.05633826553821564,0.12714476883411407,0.20711230249666637,0.2251958772194597,-0.06887799314088774,RL,3,True,False,recoverable,0,False,RUNNING
77.56666666667446,9308,S8_RL_COM_SHIFT_AND_TRAVERSE,TOP_PLACE,v009_20260806_215232_433234_manual:S8_RL_COM_SHIFT_AND_TRAVERSE:ALTERNATE_PROFILE_1:segments-93-130,13.125000000010445,0.9210526315789473,129,0.8608517646789551,-0.05639955401420593,0.1270599216222763,0.20682778021293252,0.22518029684702343,-0.06899450143724035,RL,3,True,False,recoverable,0,False,RUNNING
77.63333333334118,9316,S8_RL_COM_SHIFT_AND_TRAVERSE,TOP_PLACE,v009_20260806_215232_433234_manual:S8_RL_COM_SHIFT_AND_TRAVERSE:ALTERNATE_PROFILE_1:segments-93-130,13.191666666677165,0.9210526315789473,129,0.8619210720062256,-0.056439101696014404,0.1269078254699707,0.2060394801108162,0.22513929580036185,-0.069217355088105,RL,3,True,False,recoverable,0,False,RUNNING
77.7000000000079,9324,S8_RL_COM_SHIFT_AND_TRAVERSE,TOP_PLACE,v009_20260806_215232_433234_manual:S8_RL_COM_SHIFT_AND_TRAVERSE:ALTERNATE_PROFILE_1:segments-93-130,13.258333333343884,0.9210526315789473,129,0.8629620671272278,-0.05648663640022278,0.12676578760147095,0.20544229690402124,0.22511791300751444,-0.0692861704789119,RL,3,True,False,recoverable,0,False,RUNNING
77.76666666667462,9332,S8_RL_COM_SHIFT_AND_TRAVERSE,TOP_PLACE,v009_20260806_215232_433234_manual:S8_RL_COM_SHIFT_AND_TRAVERSE:ALTERNATE_PROFILE_1:segments-93-130,13.325000000010604,0.9210526315789473,129,0.8639459609985352,-0.05656459927558899,0.1266598105430603,0.2050824416920315,0.2250287979128245,-0.0693193606818838,RL,3,True,False,recoverable,0,False,RUNNING
77.83333333334134,9340,S8_RL_COM_SHIFT_AND_TRAVERSE,TOP_PLACE,v009_20260806_215232_433234_manual:S8_RL_COM_SHIFT_AND_TRAVERSE:ALTERNATE_PROFILE_1:segments-93-130,13.391666666677324,0.9210526315789473,129,0.8646925091743469,-0.05669580399990082,0.12681251764297485,0.20574772326395444,0.22502025891875904,-0.06898118200852395,RL,3,True,False,recoverable,0,False,RUNNING
77.90000000000806,9348,S8_RL_COM_SHIFT_AND_TRAVERSE,TOP_PLACE,v009_20260806_215232_433234_manual:S8_RL_COM_SHIFT_AND_TRAVERSE:ALTERNATE_PROFILE_1:segments-93-130,13.458333333344044,0.9210526315789473,129,0.8654906749725342,-0.056826815009117126,0.12692582607269287,0.20626728125205085,0.22499711666861782,-0.06866056650716049,RL,3,True,False,recoverable,0,False,RUNNING
77.96666666667478,9356,S8_RL_COM_SHIFT_AND_TRAVERSE,TOP_PLACE,v009_20260806_215232_433234_manual:S8_RL_COM_SHIFT_AND_TRAVERSE:ALTERNATE_PROFILE_1:segments-93-130,13.525000000010763,0.9210526315789473,129,0.8663142323493958,-0.056945353746414185,0.12703344225883484,0.20688358044867744,0.2249546227206406,-0.06830295906539988,RL,3,True,False,recoverable,0,False,RUNNING
78.0333333333415,9364,S8_RL_COM_SHIFT_AND_TRAVERSE,TOP_PLACE,v009_20260806_215232_433234_manual:S8_RL_COM_SHIFT_AND_TRAVERSE:ALTERNATE_PROFILE_1:segments-93-130,13.591666666677483,0.9210526315789473,129,0.8671808242797852,-0.05707983672618866,0.1270780861377716,0.20726651850055908,0.22487316104702015,-0.06805672080548335,RL,3,True,False,recoverable,0,False,RUNNING
78.10000000000822,9372,S8_RL_COM_SHIFT_AND_TRAVERSE,TOP_PLACE,v009_20260806_215232_433234_manual:S8_RL_COM_SHIFT_AND_TRAVERSE:ALTERNATE_PROFILE_1:segments-93-130,13.658333333344203,0.9210526315789473,129,0.8680562973022461,-0.05723115801811218,0.12714287638664246,0.20790079930129549,0.22479214192407876,-0.06783245507841892,RL,3,True,False,recoverable,0,False,RUNNING
78.16666666667494,9380,S8_RL_COM_SHIFT_AND_TRAVERSE,TOP_PLACE,v009_20260806_215232_433234_manual:S8_RL_COM_SHIFT_AND_TRAVERSE:ALTERNATE_PROFILE_1:segments-93-130,13.725000000010922,0.9210526315789473,129,0.8689224720001221,-0.05736856162548065,0.12724125385284424,0.20872238263165377,0.2247954714318971,-0.0674517116367576,RL,3,True,False,recoverable,0,False,RUNNING
78.23333333334166,9388,S8_RL_COM_SHIFT_AND_TRAVERSE,TOP_PLACE,v009_20260806_215232_433234_manual:S8_RL_COM_SHIFT_AND_TRAVERSE:ALTERNATE_PROFILE_1:segments-93-130,13.791666666677642,0.9210526315789473,129,0.8698081970214844,-0.057526618242263794,0.1273123323917389,0.20947199509241676,0.2247810843887573,-0.06708200839597983,RL,3,True,False,recoverable,0,False,RUNNING
78.30000000000838,9396,S8_RL_COM_SHIFT_AND_TRAVERSE,TOP_PLACE,v009_20260806_215232_433234_manual:S8_RL_COM_SHIFT_AND_TRAVERSE:ALTERNATE_PROFILE_1:segments-93-130,13.858333333344362,0.9210526315789473,129,0.8707464933395386,-0.05766281485557556,0.12731651961803436,0.21003497865067394,0.2246648567003598,-0.06678401018548759,RL,3,True,False,recoverable,0,False,RUNNING
78.3666666666751,9404,S8_RL_COM_SHIFT_AND_TRAVERSE,TOP_PLACE,v009_20260806_215232_433234_manual:S8_RL_COM_SHIFT_AND_TRAVERSE:ALTERNATE_PROFILE_1:segments-93-130,13.925000000011082,0.9210526315789473,129,0.8717012405395508,-0.05778706073760986,0.12732329964637756,0.21064798362050324,0.22458054432877295,-0.06645451284218151,RL,3,True,False,recoverable,0,False,RUNNING
78.43333333334182,9412,S8_RL_COM_SHIFT_AND_TRAVERSE,TOP_PLACE,v009_20260806_215232_433234_manual:S8_RL_COM_SHIFT_AND_TRAVERSE:ALTERNATE_PROFILE_1:segments-93-130,13.991666666677801,0.9210526315789473,129,0.8725279569625854,-0.057894229888916016,0.1274295449256897,0.21104023560334242,0.22503290261873737,-0.06627060035479376,RL,3,True,False,recoverable,0,False,RUNNING
78.50000000000854,9420,S8_RL_COM_SHIFT_AND_TRAVERSE,TOP_PLACE,v009_20260806_215232_433234_manual:S8_RL_COM_SHIFT_AND_TRAVERSE:ALTERNATE_PROFILE_1:segments-93-130,14.058333333344521,0.9210526315789473,129,0.8733863830566406,-0.05797605216503143,0.1275278776884079,0.21120758508493667,0.2255852942188698,-0.06611523163110762,RL,3,True,False,recoverable,0,False,RUNNING
78.56666666667526,9428,S8_RL_COM_SHIFT_AND_TRAVERSE,TOP_PLACE,v009_20260806_215232_433234_manual:S8_RL_COM_SHIFT_AND_TRAVERSE:ALTERNATE_PROFILE_1:segments-93-130,14.12500000001124,0.9210526315789473,129,0.8743276596069336,-0.05805779993534088,0.12759703397750854,0.21122201691745954,0.22612481474108428,-0.06610825941793103,RL,3,True,False,recoverable,0,False,RUNNING
78.63333333334198,9436,S8_RL_COM_SHIFT_AND_TRAVERSE,TOP_PLACE,v009_20260806_215232_433234_manual:S8_RL_COM_SHIFT_AND_TRAVERSE:ALTERNATE_PROFILE_1:segments-93-130,14.19166666667796,0.9210526315789473,129,0.8753044605255127,-0.05815960466861725,0.1276332587003708,0.21108150584807475,0.22661755566490996,-0.06608602285774404,RL,3,True,False,recoverable,0,False,RUNNING
78.7000000000087,9444,S8_RL_COM_SHIFT_AND_TRAVERSE,TOP_PLACE,v009_20260806_215232_433234_manual:S8_RL_COM_SHIFT_AND_TRAVERSE:ALTERNATE_PROFILE_1:segments-93-130,14.25833333334468,0.9210526315789473,129,0.8762514591217041,-0.05825129151344299,0.12765896320343018,0.21085191289902572,0.22683894429013465,-0.06609392225976785,RL,3,True,False,recoverable,0,False,RUNNING
78.76666666667542,9452,S8_RL_COM_SHIFT_AND_TRAVERSE,TOP_PLACE,v009_20260806_215232_433234_manual:S8_RL_COM_SHIFT_AND_TRAVERSE:ALTERNATE_PROFILE_1:segments-93-130,14.3250000000114,0.9210526315789473,129,0.8771896362304688,-0.058335140347480774,0.1276695281267166,0.21054410912238788,0.2268823884210081,-0.06620622771871867,RL,3,True,False,recoverable,0,False,RUNNING
78.83333333334214,9460,S8_RL_COM_SHIFT_AND_TRAVERSE,TOP_PLACE,v009_20260806_215232_433234_manual:S8_RL_COM_SHIFT_AND_TRAVERSE:ALTERNATE_PROFILE_1:segments-93-130,14.39166666667812,0.9210526315789473,129,0.8781715035438538,-0.058404341340065,0.12761569023132324,0.21003355441113214,0.2268824280401706,-0.0664406766734743,RL,3,True,False,recoverable,0,False,RUNNING
78.90000000000886,9468,S8_RL_COM_SHIFT_AND_TRAVERSE,TOP_PLACE,v009_20260806_215232_433234_manual:S8_RL_COM_SHIFT_AND_TRAVERSE:ALTERNATE_PROFILE_1:segments-93-130,14.45833333334484,0.9210526315789473,129,0.8791594505310059,-0.05848078429698944,0.12760603427886963,0.20978439694179368,0.22695691813061442,-0.06660349515171544,RL,3,True,False,recoverable,0,False,RUNNING
78.96666666667558,9476,S8_RL_COM_SHIFT_AND_TRAVERSE,TOP_PLACE,v009_20260806_215232_433234_manual:S8_RL_COM_SHIFT_AND_TRAVERSE:ALTERNATE_PROFILE_1:segments-93-130,14.525000000011559,0.9210526315789473,129,0.880157470703125,-0.05855780839920044,0.12755247950553894,0.20943019249353734,0.22698016781625346,-0.06673661623107918,RL,3,True,False,recoverable,0,False,RUNNING
79.0333333333423,9484,S8_RL_COM_SHIFT_AND_TRAVERSE,TOP_PLACE,v009_20260806_215232_433234_manual:S8_RL_COM_SHIFT_AND_TRAVERSE:ALTERNATE_PROFILE_1:segments-93-130,14.591666666678279,0.9210526315789473,129,0.8811704516410828,-0.05863314867019653,0.12748433649539948,0.20905402299040532,0.22706034190066804,-0.0669133853427391,RL,3,True,False,recoverable,0,False,RUNNING
79.10000000000902,9492,S8_RL_COM_SHIFT_AND_TRAVERSE,TOP_PLACE,v009_20260806_215232_433234_manual:S8_RL_COM_SHIFT_AND_TRAVERSE:ALTERNATE_PROFILE_1:segments-93-130,14.658333333344999,0.9210526315789473,129,0.8822028040885925,-0.058713480830192566,0.12740860879421234,0.2087578579313602,0.22716336547912214,-0.06708863192662194,RL,3,True,False,recoverable,0,False,RUNNING
79.16666666667574,9500,S8_RL_COM_SHIFT_AND_TRAVERSE,TOP_PLACE,v009_20260806_215232_433234_manual:S8_RL_COM_SHIFT_AND_TRAVERSE:ALTERNATE_PROFILE_1:segments-93-130,14.725000000011718,0.9210526315789473,129,0.8832383751869202,-0.058779776096343994,0.12731143832206726,0.20843890260736195,0.22725503463434324,-0.06722965972422697,RL,3,True,False,recoverable,0,False,RUNNING
79.23333333334246,9508,S8_RL_COM_SHIFT_AND_TRAVERSE,TOP_PLACE,v009_20260806_215232_433234_manual:S8_RL_COM_SHIFT_AND_TRAVERSE:ALTERNATE_PROFILE_1:segments-93-130,14.791666666678438,0.9210526315789473,129,0.8842304348945618,-0.058821216225624084,0.12717054784297943,0.20788178802492258,0.22681104237463123,-0.06746339726460987,RL,3,True,False,recoverable,0,False,RUNNING
79.30000000000918,9516,S8_RL_COM_SHIFT_AND_TRAVERSE,TOP_PLACE,v009_20260806_215232_433234_manual:S8_RL_COM_SHIFT_AND_TRAVERSE:ALTERNATE_PROFILE_1:segments-93-130,14.858333333345158,0.9210526315789473,129,0.8852315545082092,-0.05888122320175171,0.1270161271095276,0.2072797259730886,0.22638890994761063,-0.0676114861854791,RL,3,True,False,recoverable,0,False,RUNNING
79.3666666666759,9524,S8_RL_COM_SHIFT_AND_TRAVERSE,TOP_PLACE,v009_20260806_215232_433234_manual:S8_RL_COM_SHIFT_AND_TRAVERSE:ALTERNATE_PROFILE_1:segments-93-130,14.925000000011877,0.9210526315789473,129,0.8862535357475281,-0.05894021689891815,0.12682436406612396,0.20662846216003242,0.22593670969788135,-0.0677932485530642,RL,3,True,False,recoverable,0,False,RUNNING
79.43333333334262,9532,S8_RL_COM_SHIFT_AND_TRAVERSE,TOP_PLACE,v009_20260806_215232_433234_manual:S8_RL_COM_SHIFT_AND_TRAVERSE:ALTERNATE_PROFILE_1:segments-93-130,14.991666666678597,0.9210526315789473,129,0.8870081305503845,-0.059066176414489746,0.12693625688552856,0.20713043519781074,0.22564351900766483,-0.06752383555548515,RL,3,True,False,recoverable,0,False,RUNNING
79.50000000000934,9540,S8_RL_COM_SHIFT_AND_TRAVERSE,TOP_PLACE,v009_20260806_215232_433234_manual:S8_RL_COM_SHIFT_AND_TRAVERSE:ALTERNATE_PROFILE_1:segments-93-130,15.058333333345317,0.9210526315789473,129,0.8878524303436279,-0.05917343497276306,0.12698392570018768,0.20747725513138338,0.2252440723323425,-0.06740238798012704,RL,3,True,False,recoverable,0,False,RUNNING
79.56666666667606,9548,S8_RL_COM_SHIFT_AND_TRAVERSE,TOP_PLACE,v009_20260806_215232_433234_manual:S8_RL_COM_SHIFT_AND_TRAVERSE:ALTERNATE_PROFILE_1:segments-93-130,15.125000000012037,0.9210526315789473,129,0.8887381553649902,-0.05927281081676483,0.12701012194156647,0.20776326437585146,0.22481361550816534,-0.06731392064282561,RL,3,True,False,recoverable,0,False,RUNNING
79.63333333334278,9556,S8_RL_COM_SHIFT_AND_TRAVERSE,TOP_PLACE,v009_20260806_215232_433234_manual:S8_RL_COM_SHIFT_AND_TRAVERSE:ALTERNATE_PROFILE_1:segments-93-130,15.191666666678756,0.9210526315789473,129,0.8895660042762756,-0.05941091477870941,0.12710192799568176,0.20836860907372595,0.22448929424689343,-0.06701941150071263,RL,3,True,False,recoverable,0,False,RUNNING
79.7000000000095,9564,S8_RL_COM_SHIFT_AND_TRAVERSE,TOP_PLACE,v009_20260806_215232_433234_manual:S8_RL_COM_SHIFT_AND_TRAVERSE:ALTERNATE_PROFILE_1:segments-93-130,15.258333333345476,0.9210526315789473,129,0.8904662132263184,-0.05952936410903931,0.1271122545003891,0.2087172686470732,0.2240347275706474,-0.0668198458990491,RL,3,True,False,recoverable,0,False,RUNNING
79.76666666667622,9572,S8_RL_COM_SHIFT_AND_TRAVERSE,TOP_PLACE,v009_20260806_215232_433234_manual:S8_RL_COM_SHIFT_AND_TRAVERSE:ALTERNATE_PROFILE_1:segments-93-130,15.325000000012196,0.9210526315789473,129,0.8913999795913696,-0.059638649225234985,0.12710674107074738,0.2090256869928965,0.22352273064459457,-0.0666336348378172,RL,3,True,False,recoverable,0,False,RUNNING
79.83333333334294,9580,S8_RL_COM_SHIFT_AND_TRAVERSE,TOP_PLACE,v009_20260806_215232_433234_manual:S8_RL_COM_SHIFT_AND_TRAVERSE:ALTERNATE_PROFILE_1:segments-93-130,15.391666666678915,0.9210526315789473,129,0.8922345638275146,-0.05972170829772949,0.1271829754114151,0.20933411979536112,0.22341790687274324,-0.06651427471083457,RL,3,True,False,recoverable,0,False,RUNNING
79.90000000000965,9588,S8_RL_COM_SHIFT_AND_TRAVERSE,TOP_PLACE,v009_20260806_215232_433234_manual:S8_RL_COM_SHIFT_AND_TRAVERSE:ALTERNATE_PROFILE_1:segments-93-130,15.458333333345635,0.9210526315789473,129,0.8930476903915405,-0.05978837609291077,0.12731266021728516,0.2095081899466566,0.22365896386547762,-0.06640228619843933,RL,3,True,False,recoverable,0,False,RUNNING
79.96666666667637,9596,S8_RL_COM_SHIFT_AND_TRAVERSE,TOP_PLACE,v009_20260806_215232_433234_manual:S8_RL_COM_SHIFT_AND_TRAVERSE:ALTERNATE_PROFILE_1:segments-93-130,15.525000000012355,0.9210526315789473,129,0.8938977718353271,-0.05984978377819061,0.12743201851844788,0.20963209431730445,0.2239131886612845,-0.06628726896553598,RL,3,True,False,recoverable,0,False,RUNNING
80.0333333333431,9604,S8_RL_COM_SHIFT_AND_TRAVERSE,TOP_PLACE,v009_20260806_215232_433234_manual:S8_RL_COM_SHIFT_AND_TRAVERSE:ALTERNATE_PROFILE_1:segments-93-130,15.591666666679075,0.9210526315789473,129,0.8947689533233643,-0.059923216700553894,0.12755320966243744,0.20971789581252964,0.2242007364738639,-0.06614242192589946,RL,3,True,False,recoverable,0,False,RUNNING
80.10000000000981,9612,S8_RL_COM_SHIFT_AND_TRAVERSE,TOP_PLACE,v009_20260806_215232_433234_manual:S8_RL_COM_SHIFT_AND_TRAVERSE:ALTERNATE_PROFILE_1:segments-93-130,15.658333333345794,0.9210526315789473,129,0.8957142233848572,-0.059956446290016174,0.12760266661643982,0.2095665134872189,0.2244111313479323,-0.06614184466260034,RL,3,True,False,recoverable,0,False,RUNNING
80.16666666667653,9620,S8_RL_COM_SHIFT_AND_TRAVERSE,TOP_PLACE,v009_20260806_215232_433234_manual:S8_RL_COM_SHIFT_AND_TRAVERSE:ALTERNATE_PROFILE_1:segments-93-130,15.725000000012514,0.9210526315789473,129,0.896653413772583,-0.06003798544406891,0.1276489496231079,0.20947027137294635,0.22470084584727218,-0.06615733112247699,RL,3,True,False,recoverable,0,False,RUNNING
80.23333333334325,9628,S8_RL_COM_SHIFT_AND_TRAVERSE,TOP_PLACE,v009_20260806_215232_433234_manual:S8_RL_COM_SHIFT_AND_TRAVERSE:ALTERNATE_PROFILE_1:segments-93-130,15.791666666679234,0.9210526315789473,129,0.8976295590400696,-0.060089752078056335,0.12767265737056732,0.2093849891299954,0.22496235195208428,-0.06626578174815559,RL,3,True,False,recoverable,0,False,RUNNING
80.30000000000997,9636,S8_RL_COM_SHIFT_AND_TRAVERSE,TOP_PLACE,v009_20260806_215232_433234_manual:S8_RL_COM_SHIFT_AND_TRAVERSE:ALTERNATE_PROFILE_1:segments-93-130,15.858333333345954,0.9210526315789473,129,0.8986009359359741,-0.06017036736011505,0.12771187722682953,0.20947437335264463,0.22529351198516448,-0.06631535362746509,RL,3,True,False,recoverable,0,False,RUNNING
80.3666666666767,9644,S8_RL_COM_SHIFT_AND_TRAVERSE,TOP_PLACE,v009_20260806_215232_433234_manual:S8_RL_COM_SHIFT_AND_TRAVERSE:ALTERNATE_PROFILE_1:segments-93-130,15.925000000012673,0.9210526315789473,129,0.8996093273162842,-0.06023417413234711,0.12771804630756378,0.2094746935312721,0.22561629039708067,-0.06640844700460777,RL,3,True,False,recoverable,0,False,RUNNING
80.43333333334341,9652,S8_RL_COM_SHIFT_AND_TRAVERSE,TOP_PLACE,v009_20260806_215232_433234_manual:S8_RL_COM_SHIFT_AND_TRAVERSE:ALTERNATE_PROFILE_1:segments-93-130,15.991666666679393,0.9210526315789473,129,0.9006837010383606,-0.06028413772583008,0.1276228427886963,0.20900177624457664,0.22581549510986032,-0.06661694892057113,RL,3,True,False,recoverable,0,False,RUNNING
80.50000000001013,9660,S8_RL_COM_SHIFT_AND_TRAVERSE,TOP_PLACE,v009_20260806_215232_433234_manual:S8_RL_COM_SHIFT_AND_TRAVERSE:ALTERNATE_PROFILE_1:segments-93-130,16.058333333346113,0.9210526315789473,129,0.9017964005470276,-0.060349464416503906,0.12748271226882935,0.2084539305202771,0.22596658904043068,-0.06689504577407801,RL,3,True,False,recoverable,0,False,RUNNING
80.56666666667685,9668,S8_RL_COM_SHIFT_AND_TRAVERSE,TOP_PLACE,v009_20260806_215232_433234_manual:S8_RL_COM_SHIFT_AND_TRAVERSE:ALTERNATE_PROFILE_1:segments-93-130,16.125000000012832,0.9210526315789473,129,0.902881383895874,-0.06044371426105499,0.12737762928009033,0.2081423502889368,0.22623676573351,-0.06704161822835777,RL,3,True,False,recoverable,0,False,RUNNING
80.63333333334357,9676,S8_RL_COM_SHIFT_AND_TRAVERSE,TOP_PLACE,v009_20260806_215232_433234_manual:S8_RL_COM_SHIFT_AND_TRAVERSE:ALTERNATE_PROFILE_1:segments-93-130,16.191666666679552,0.9210526315789473,129,0.9038933515548706,-0.0605798065662384,0.12735968828201294,0.20833754802078383,0.22662628010688177,-0.06690943796995724,RL,3,True,False,recoverable,0,False,RUNNING
80.70000000001029,9684,S8_RL_COM_SHIFT_AND_TRAVERSE,TOP_PLACE,v009_20260806_215232_433234_manual:S8_RL_COM_SHIFT_AND_TRAVERSE:ALTERNATE_PROFILE_1:segments-93-130,16.258333333346272,0.9210526315789473,129,0.9049227237701416,-0.06069883704185486,0.12729012966156006,0.20843797983679108,0.22694593749777495,-0.06681309590146196,RL,3,True,False,recoverable,0,False,RUNNING
80.76666666667701,9692,S8_RL_COM_SHIFT_AND_TRAVERSE,TOP_PLACE,v009_20260806_215232_433234_manual:S8_RL_COM_SHIFT_AND_TRAVERSE:ALTERNATE_PROFILE_1:segments-93-130,16.32500000001299,0.9210526315789473,129,0.905905544757843,-0.06076745688915253,0.12714312970638275,0.20792918600380206,0.22645395171566884,-0.06691608570784695,RL,3,True,False,recoverable,0,False,RUNNING
80.83333333334373,9700,S8_RL_COM_SHIFT_AND_TRAVERSE,TOP_PLACE,v009_20260806_215232_433234_manual:S8_RL_COM_SHIFT_AND_TRAVERSE:ALTERNATE_PROFILE_1:segments-93-130,16.39166666667971,0.9210526315789473,129,0.9068913459777832,-0.060856252908706665,0.12698780000209808,0.20742533564200358,0.22598987267233236,-0.06696652195227598,RL,3,True,False,recoverable,0,False,RUNNING
80.90000000001045,9708,S8_RL_COM_SHIFT_AND_TRAVERSE,TOP_PLACE,v009_20260806_215232_433234_manual:S8_RL_COM_SHIFT_AND_TRAVERSE:ALTERNATE_PROFILE_1:segments-93-130,16.45833333334643,0.9210526315789473,129,0.9078049063682556,-0.060946494340896606,0.1269388496875763,0.20740791764012945,0.2255491676954891,-0.06688770649412208,RL,3,True,False,recoverable,0,False,RUNNING
80.96666666667717,9716,S8_RL_COM_SHIFT_AND_TRAVERSE,TOP_PLACE,v009_20260806_215232_433234_manual:S8_RL_COM_SHIFT_AND_TRAVERSE:ALTERNATE_PROFILE_1:segments-93-130,16.52500000001315,0.9210526315789473,129,0.9086320400238037,-0.06107604503631592,0.1269809752702713,0.2077429815271524,0.2251285356400109,-0.06667090040531604,RL,3,True,False,recoverable,0,False,RUNNING
81.03333333334389,9724,S8_RL_COM_SHIFT_AND_TRAVERSE,TOP_PLACE,v009_20260806_215232_433234_manual:S8_RL_COM_SHIFT_AND_TRAVERSE:ALTERNATE_PROFILE_1:segments-93-130,16.59166666667987,0.9210526315789473,129,0.9095026850700378,-0.061197757720947266,0.12699218094348907,0.20805234719493612,0.22470343954694932,-0.06648808552772574,RL,3,True,False,recoverable,0,False,RUNNING
81.10000000001061,9732,S8_RL_COM_SHIFT_AND_TRAVERSE,TOP_PLACE,v009_20260806_215232_433234_manual:S8_RL_COM_SHIFT_AND_TRAVERSE:ALTERNATE_PROFILE_1:segments-93-130,16.65833333334659,0.9210526315789473,129,0.91038978099823,-0.061319500207901,0.1269792914390564,0.208308306970839,0.22421233921906225,-0.06624847687962615,RL,3,True,False,recoverable,0,False,RUNNING
81.16666666667733,9740,S8_RL_COM_SHIFT_AND_TRAVERSE,TOP_PLACE,v009_20260806_215232_433234_manual:S8_RL_COM_SHIFT_AND_TRAVERSE:ALTERNATE_PROFILE_1:segments-93-130,16.72500000001331,0.9210526315789473,129,0.9113085865974426,-0.06143781542778015,0.12694565951824188,0.2085787220750263,0.22373134388380872,-0.06603816169029383,RL,3,True,False,recoverable,0,False,RUNNING
81.23333333334405,9748,S8_RL_COM_SHIFT_AND_TRAVERSE,TOP_PLACE,v009_20260806_215232_433234_manual:S8_RL_COM_SHIFT_AND_TRAVERSE:ALTERNATE_PROFILE_1:segments-93-130,16.79166666668003,0.9210526315789473,129,0.9122579097747803,-0.061546072363853455,0.1268700808286667,0.20871996647469238,0.22315428470654938,-0.06579649685156669,RL,3,True,False,recoverable,0,False,RUNNING
81.30000000001077,9756,S8_RL_COM_SHIFT_AND_TRAVERSE,TOP_PLACE,v009_20260806_215232_433234_manual:S8_RL_COM_SHIFT_AND_TRAVERSE:ALTERNATE_PROFILE_1:segments-93-130,16.85833333334675,0.9210526315789473,129,0.9132251143455505,-0.06165128946304321,0.12677589058876038,0.208874716586722,0.22258704412232191,-0.0655576307617906,RL,3,True,False,recoverable,0,False,RUNNING
81.36666666667749,9764,S8_RL_COM_SHIFT_AND_TRAVERSE,TOP_PLACE,v009_20260806_215232_433234_manual:S8_RL_COM_SHIFT_AND_TRAVERSE:ALTERNATE_PROFILE_1:segments-93-130,16.92500000001347,0.9210526315789473,129,0.9141016006469727,-0.06171940267086029,0.12678813934326172,0.20880265100452614,0.22263751358260953,-0.06548638014045391,RL,3,True,False,recoverable,0,False,RUNNING
81.43333333334421,9772,S8_RL_COM_SHIFT_AND_TRAVERSE,TOP_PLACE,v009_20260806_215232_433234_manual:S8_RL_COM_SHIFT_AND_TRAVERSE:ALTERNATE_PROFILE_1:segments-93-130,16.99166666668019,0.9210526315789473,129,0.9149940013885498,-0.061799392104148865,0.12680716812610626,0.20878524639549603,0.2227189810277848,-0.06538703658751782,RL,3,True,False,recoverable,0,False,RUNNING
81.50000000001093,9780,S8_RL_COM_SHIFT_AND_TRAVERSE,TOP_PLACE,v009_20260806_215232_433234_manual:S8_RL_COM_SHIFT_AND_TRAVERSE:ALTERNATE_PROFILE_1:segments-93-130,17.05833333334691,0.9210526315789473,129,0.9159683585166931,-0.06188303232192993,0.12676016986370087,0.20845021674069664,0.22272441128143394,-0.0653362408657866,RL,3,True,False,recoverable,0,False,RUNNING
81.56666666667765,9788,S8_RL_COM_SHIFT_AND_TRAVERSE,TOP_PLACE,v009_20260806_215232_433234_manual:S8_RL_COM_SHIFT_AND_TRAVERSE:ALTERNATE_PROFILE_1:segments-93-130,17.125000000013628,0.9210526315789473,129,0.9169213771820068,-0.061997190117836,0.12674947082996368,0.20846578015292885,0.2228355621490541,-0.06534033753993895,RL,3,True,False,recoverable,0,False,RUNNING
81.63333333334437,9796,S8_RL_COM_SHIFT_AND_TRAVERSE,TOP_PLACE,v009_20260806_215232_433234_manual:S8_RL_COM_SHIFT_AND_TRAVERSE:ALTERNATE_PROFILE_1:segments-93-130,17.191666666680348,0.9210526315789473,129,0.9179051518440247,-0.062105968594551086,0.12671737372875214,0.20845993104175778,0.22297562089863648,-0.06532836027762255,RL,3,True,False,recoverable,0,False,RUNNING
81.70000000001109,9804,S8_RL_COM_SHIFT_AND_TRAVERSE,TOP_PLACE,v009_20260806_215232_433234_manual:S8_RL_COM_SHIFT_AND_TRAVERSE:ALTERNATE_PROFILE_1:segments-93-130,17.258333333347068,0.9210526315789473,129,0.9189288020133972,-0.062207192182540894,0.12664860486984253,0.208344127808232,0.22309269091615488,-0.06531412471965015,RL,3,True,False,recoverable,0,False,RUNNING
81.7666666666778,9812,S8_RL_COM_SHIFT_AND_TRAVERSE,TOP_PLACE,v009_20260806_215232_433234_manual:S8_RL_COM_SHIFT_AND_TRAVERSE:ALTERNATE_PROFILE_1:segments-93-130,17.325000000013787,0.9210526315789473,129,0.9199817180633545,-0.062312424182891846,0.1265561580657959,0.2082158003123359,0.22318407517544608,-0.06528068585054284,RL,3,True,False,recoverable,0,False,RUNNING
81.83333333334453,9820,S8_RL_COM_SHIFT_AND_TRAVERSE,TOP_PLACE,v009_20260806_215232_433234_manual:S8_RL_COM_SHIFT_AND_TRAVERSE:ALTERNATE_PROFILE_1:segments-93-130,17.391666666680507,0.9210526315789473,129,0.9209656715393066,-0.062394529581069946,0.12649716436862946,0.20798579148499274,0.22355407259524898,-0.06529881393232596,RL,3,True,False,recoverable,0,False,RUNNING
81.90000000001125,9828,S8_RL_COM_SHIFT_AND_TRAVERSE,TOP_PLACE,v009_20260806_215232_433234_manual:S8_RL_COM_SHIFT_AND_TRAVERSE:ALTERNATE_PROFILE_1:segments-93-130,17.458333333347227,0.9210526315789473,129,0.921943724155426,-0.062467217445373535,0.1264711618423462,0.20766723987941108,0.22415282847864068,-0.06538500626207557,RL,3,True,False,recoverable,0,False,RUNNING
81.96666666667797,9836,S8_RL_COM_SHIFT_AND_TRAVERSE,TOP_PLACE,v009_20260806_215232_433234_manual:S8_RL_COM_SHIFT_AND_TRAVERSE:ALTERNATE_PROFILE_1:segments-93-130,17.525000000013947,0.9210526315789473,129,0.9229300022125244,-0.06253710389137268,0.12643590569496155,0.20730031676230967,0.22476179646352387,-0.06542202780614713,RL,3,True,False,recoverable,0,False,RUNNING
82.03333333334469,9844,S8_RL_COM_SHIFT_AND_TRAVERSE,TOP_PLACE,v009_20260806_215232_433234_manual:S8_RL_COM_SHIFT_AND_TRAVERSE:ALTERNATE_PROFILE_1:segments-93-130,17.591666666680666,0.9210526315789473,129,0.9236711263656616,-0.06266485154628754,0.12667027115821838,0.20797463164763882,0.2253917543482072,-0.0652273554119419,RL,3,True,False,recoverable,0,False,RUNNING
82.1000000000114,9852,S8_RL_COM_SHIFT_AND_TRAVERSE,TOP_PLACE,v009_20260806_215232_433234_manual:S8_RL_COM_SHIFT_AND_TRAVERSE:ALTERNATE_PROFILE_1:segments-93-130,17.658333333347386,0.9210526315789473,129,0.9244646430015564,-0.06277577579021454,0.12684832513332367,0.20845781400113692,0.22591322346800716,-0.06506918806061807,RL,3,True,False,recoverable,0,False,RUNNING
82.16666666667813,9860,S8_RL_COM_SHIFT_AND_TRAVERSE,TOP_PLACE,v009_20260806_215232_433234_manual:S8_RL_COM_SHIFT_AND_TRAVERSE:ALTERNATE_PROFILE_1:segments-93-130,17.725000000014106,0.9210526315789473,129,0.9252254962921143,-0.06284825503826141,0.12698400020599365,0.20849071098907462,0.22586509378788622,-0.06493920554762957,RL,3,True,False,recoverable,0,False,RUNNING
82.23333333334485,9868,S8_RL_COM_SHIFT_AND_TRAVERSE,TOP_PLACE,v009_20260806_215232_433234_manual:S8_RL_COM_SHIFT_AND_TRAVERSE:ALTERNATE_PROFILE_1:segments-93-130,17.791666666680825,0.9210526315789473,129,0.9260128736495972,-0.06291612982749939,0.12710541486740112,0.20851830620112288,0.22582497655404818,-0.06481689863748309,RL,3,True,False,recoverable,0,False,RUNNING
82.30000000001156,9876,S8_RL_COM_SHIFT_AND_TRAVERSE,TOP_PLACE,v009_20260806_215232_433234_manual:S8_RL_COM_SHIFT_AND_TRAVERSE:ALTERNATE_PROFILE_1:segments-93-130,17.858333333347545,0.9210526315789473,129,0.9268175959587097,-0.06297986209392548,0.12721994519233704,0.20856152047719562,0.22579965959253967,-0.06469752925432698,RL,3,True,False,recoverable,0,False,RUNNING
82.36666666667828,9884,S8_RL_COM_SHIFT_AND_TRAVERSE,TOP_PLACE,v009_20260806_215232_433234_manual:S8_RL_COM_SHIFT_AND_TRAVERSE:ALTERNATE_PROFILE_1:segments-93-130,17.925000000014265,0.9210526315789473,129,0.9276357889175415,-0.06303639709949493,0.12732329964637756,0.20864791661080984,0.22573785606890584,-0.064593118252658,RL,3,True,False,recoverable,0,False,RUNNING
82.433333333345,9892,S8_RL_COM_SHIFT_AND_TRAVERSE,TOP_PLACE,v009_20260806_215232_433234_manual:S8_RL_COM_SHIFT_AND_TRAVERSE:ALTERNATE_PROFILE_1:segments-93-130,17.991666666680985,0.9210526315789473,129,0.9284725785255432,-0.06309527158737183,0.127405047416687,0.20863717754667527,0.2256585513558583,-0.06446904515500622,RL,3,True,False,recoverable,0,False,RUNNING
82.50000000001172,9900,S8_RL_COM_SHIFT_AND_TRAVERSE,TOP_PLACE,v009_20260806_215232_433234_manual:S8_RL_COM_SHIFT_AND_TRAVERSE:ALTERNATE_PROFILE_1:segments-93-130,18.058333333347704,0.9210526315789473,129,0.9293243885040283,-0.06315526366233826,0.12746764719486237,0.2085860709865672,0.22552598976935762,-0.0643515454291601,RL,3,True,False,recoverable,0,False,RUNNING
82.56666666667844,9908,S8_RL_COM_SHIFT_AND_TRAVERSE,TOP_PLACE,v009_20260806_215232_433234_manual:S8_RL_COM_SHIFT_AND_TRAVERSE:ALTERNATE_PROFILE_1:segments-93-130,18.125000000014424,0.9210526315789473,129,0.9301943182945251,-0.06322118639945984,0.12753446400165558,0.20867879847975035,0.22544329949251007,-0.06426271743285607,RL,3,True,False,recoverable,0,False,RUNNING
82.63333333334516,9916,S8_RL_COM_SHIFT_AND_TRAVERSE,TOP_PLACE,v009_20260806_215232_433234_manual:S8_RL_COM_SHIFT_AND_TRAVERSE:ALTERNATE_PROFILE_1:segments-93-130,18.191666666681144,0.9210526315789473,129,0.9310712218284607,-0.06326894462108612,0.12757572531700134,0.20866752632809532,0.225344429133961,-0.06415977475308647,RL,3,True,False,recoverable,0,False,RUNNING
82.70000000001188,9924,S8_RL_COM_SHIFT_AND_TRAVERSE,TOP_PLACE,v009_20260806_215232_433234_manual:S8_RL_COM_SHIFT_AND_TRAVERSE:ALTERNATE_PROFILE_1:segments-93-130,18.258333333347863,0.9210526315789473,129,0.9319624304771423,-0.06331750750541687,0.127603679895401,0.20869800814915543,0.2252512162120473,-0.06405176062898733,RL,3,True,False,recoverable,0,False,RUNNING
82.7666666666786,9932,S8_RL_COM_SHIFT_AND_TRAVERSE,TOP_PLACE,v009_20260806_215232_433234_manual:S8_RL_COM_SHIFT_AND_TRAVERSE:ALTERNATE_PROFILE_1:segments-93-130,18.325000000014583,0.9210526315789473,129,0.9328081607818604,-0.06339144706726074,0.12764763832092285,0.20888191514715562,0.22515078520426265,-0.0637958541271733,RL,3,True,False,recoverable,0,False,RUNNING
82.83333333334532,9940,S8_RL_COM_SHIFT_AND_TRAVERSE,TOP_PLACE,v009_20260806_215232_433234_manual:S8_RL_COM_SHIFT_AND_TRAVERSE:ALTERNATE_PROFILE_1:segments-93-130,18.391666666681303,0.9210526315789473,129,0.9336686134338379,-0.06347590684890747,0.12769201397895813,0.20911998911680213,0.22506888278161813,-0.06350389605995166,RL,3,True,False,recoverable,0,False,RUNNING
82.90000000001204,9948,S8_RL_COM_SHIFT_AND_TRAVERSE,TOP_PLACE,v009_20260806_215232_433234_manual:S8_RL_COM_SHIFT_AND_TRAVERSE:ALTERNATE_PROFILE_1:segments-93-130,18.458333333348023,0.9210526315789473,129,0.9345603585243225,-0.06358131766319275,0.1277543008327484,0.20961636979871973,0.22516318016557246,-0.06323643264481041,RL,3,True,False,recoverable,0,False,RUNNING
82.96666666667876,9956,S8_RL_COM_SHIFT_AND_TRAVERSE,TOP_PLACE,v009_20260806_215232_433234_manual:S8_RL_COM_SHIFT_AND_TRAVERSE:ALTERNATE_PROFILE_1:segments-93-130,18.525000000014742,0.9210526315789473,129,0.9354944825172424,-0.0636790543794632,0.12777768075466156,0.20998434764563073,0.22517508313458903,-0.06302346505837343,RL,3,True,False,recoverable,0,False,RUNNING
83.03333333334548,9964,S8_RL_COM_SHIFT_AND_TRAVERSE,TOP_PLACE,v009_20260806_215232_433234_manual:S8_RL_COM_SHIFT_AND_TRAVERSE:ALTERNATE_PROFILE_1:segments-93-130,18.591666666681462,0.9210526315789473,129,0.9365121126174927,-0.06376954913139343,0.127693772315979,0.20987596490063679,0.22499673694123679,-0.06298164985789878,RL,3,True,False,recoverable,0,False,RUNNING
83.1000000000122,9972,S8_RL_COM_SHIFT_AND_TRAVERSE,TOP_PLACE,v009_20260806_215232_433234_manual:S8_RL_COM_SHIFT_AND_TRAVERSE:ALTERNATE_PROFILE_1:segments-93-130,18.658333333348182,0.9210526315789473,129,0.9375341534614563,-0.06387217342853546,0.1275935024023056,0.20978359250726286,0.2248015215693195,-0.06297441825125226,RL,3,True,False,recoverable,0,False,RUNNING
83.16666666667892,9980,S8_RL_COM_SHIFT_AND_TRAVERSE,TOP_PLACE,v009_20260806_215232_433234_manual:S8_RL_COM_SHIFT_AND_TRAVERSE:ALTERNATE_PROFILE_1:segments-93-130,18.7250000000149,0.9210526315789473,129,0.938579797744751,-0.06397531926631927,0.1274721771478653,0.20973082094698392,0.22461784860522807,-0.06297191309841155,RL,3,True,False,recoverable,0,False,RUNNING
83.23333333334564,9988,S8_RL_COM_SHIFT_AND_TRAVERSE,TOP_PLACE,v009_20260806_215232_433234_manual:S8_RL_COM_SHIFT_AND_TRAVERSE:ALTERNATE_PROFILE_1:segments-93-130,18.79166666668162,0.9210526315789473,129,0.9396633505821228,-0.06408104300498962,0.12732833623886108,0.20967737619921956,0.22443236122312984,-0.06296391363085656,RL,3,True,False,recoverable,0,False,RUNNING
83.30000000001236,9996,S8_RL_COM_SHIFT_AND_TRAVERSE,TOP_PLACE,v009_20260806_215232_433234_manual:S8_RL_COM_SHIFT_AND_TRAVERSE:ALTERNATE_PROFILE_1:segments-93-130,18.85833333334834,0.9210526315789473,129,0.9406143426895142,-0.06415541470050812,0.12731333076953888,0.20949091035011805,0.22484000928224845,-0.06300435925797288,RL,3,True,False,recoverable,0,False,RUNNING
83.36666666667908,10004,S8_RL_COM_SHIFT_AND_TRAVERSE,TOP_PLACE,v009_20260806_215232_433234_manual:S8_RL_COM_SHIFT_AND_TRAVERSE:ALTERNATE_PROFILE_1:segments-93-130,18.92500000001506,0.9210526315789473,129,0.9415989518165588,-0.06424127519130707,0.1273035705089569,0.2093436882269605,0.2253715060859963,-0.06307326655910211,RL,3,True,False,recoverable,0,False,RUNNING
83.4333333333458,10012,S8_RL_COM_SHIFT_AND_TRAVERSE,TOP_PLACE,v009_20260806_215232_433234_manual:S8_RL_COM_SHIFT_AND_TRAVERSE:ALTERNATE_PROFILE_1:segments-93-130,18.99166666668178,0.9210526315789473,129,0.9426240921020508,-0.06432053446769714,0.12726494669914246,0.20909416607268635,0.22588785553332114,-0.06313062283302022,RL,3,True,False,recoverable,0,False,RUNNING
83.50000000001252,10020,S8_RL_COM_SHIFT_AND_TRAVERSE,TOP_PLACE,v009_20260806_215232_433234_manual:S8_RL_COM_SHIFT_AND_TRAVERSE:ALTERNATE_PROFILE_1:segments-93-130,19.0583333333485,0.9210526315789473,129,0.9436866044998169,-0.06438124179840088,0.1271926909685135,0.20878852329005618,0.2264613762839419,-0.06323427718594407,RL,3,True,False,recoverable,0,False,RUNNING
83.56666666667924,10028,S8_RL_COM_SHIFT_AND_TRAVERSE,TOP_PLACE,v009_20260806_215232_433234_manual:S8_RL_COM_SHIFT_AND_TRAVERSE:ALTERNATE_PROFILE_1:segments-93-130,19.12500000001522,0.9210526315789473,129,0.9447826743125916,-0.06444692611694336,0.12709075212478638,0.20844256119900037,0.22703432647519,-0.06341372163962553,RL,3,True,False,recoverable,0,False,RUNNING
83.63333333334596,10036,S8_RL_COM_SHIFT_AND_TRAVERSE,TOP_PLACE,v009_20260806_215232_433234_manual:S8_RL_COM_SHIFT_AND_TRAVERSE:ALTERNATE_PROFILE_1:segments-93-130,19.19166666668194,0.9210526315789473,129,0.9459148645401001,-0.06450976431369781,0.12693504989147186,0.2079230286386048,0.2275304583793117,-0.06360568401625416,RL,3,True,False,recoverable,0,False,RUNNING
83.70000000001268,10044,S8_RL_COM_SHIFT_AND_TRAVERSE,TOP_PLACE,v009_20260806_215232_433234_manual:S8_RL_COM_SHIFT_AND_TRAVERSE:ALTERNATE_PROFILE_1:segments-93-130,19.25833333334866,0.9210526315789473,129,0.9469606876373291,-0.06450960040092468,0.12676051259040833,0.20715073668822914,0.2275041902857223,-0.06386519531448905,RL,3,True,False,recoverable,0,False,RUNNING
83.7666666666794,10052,S8_RL_COM_SHIFT_AND_TRAVERSE,TOP_PLACE,v009_20260806_215232_433234_manual:S8_RL_COM_SHIFT_AND_TRAVERSE:ALTERNATE_PROFILE_1:segments-93-130,19.32500000001538,0.9210526315789473,129,0.9480547308921814,-0.06452253460884094,0.12653756141662598,0.20621839639751421,0.22740734094859993,-0.06417558150617461,RL,3,True,False,recoverable,0,False,RUNNING
83.83333333334612,10060,S8_RL_COM_SHIFT_AND_TRAVERSE,TOP_PLACE,v009_20260806_215232_433234_manual:S8_RL_COM_SHIFT_AND_TRAVERSE:ALTERNATE_PROFILE_1:segments-93-130,19.3916666666821,0.9210526315789473,129,0.948936939239502,-0.06461018323898315,0.12652084231376648,0.20620811585334944,0.22743038214543876,-0.06409691703889026,RL,3,True,False,recoverable,0,False,RUNNING
83.90000000001284,10068,S8_RL_COM_SHIFT_AND_TRAVERSE,TOP_PLACE,v009_20260806_215232_433234_manual:S8_RL_COM_SHIFT_AND_TRAVERSE:ALTERNATE_PROFILE_1:segments-93-130,19.45833333334882,0.9210526315789473,129,0.9496898055076599,-0.06473688781261444,0.12668810784816742,0.20688721644225283,0.22754230182075041,-0.06384401619077198,RL,3,True,False,recoverable,0,False,RUNNING
83.96666666667956,10076,S8_RL_COM_SHIFT_AND_TRAVERSE,TOP_PLACE,v009_20260806_215232_433234_manual:S8_RL_COM_SHIFT_AND_TRAVERSE:ALTERNATE_PROFILE_1:segments-93-130,19.525000000015538,0.9210526315789473,129,0.9504952430725098,-0.0648718774318695,0.12683510780334473,0.20765367856009934,0.22761390855403132,-0.06363568997853851,RL,3,True,False,recoverable,0,False,RUNNING
84.03333333334628,10084,S8_RL_COM_SHIFT_AND_TRAVERSE,TOP_PLACE,v009_20260806_215232_433234_manual:S8_RL_COM_SHIFT_AND_TRAVERSE:ALTERNATE_PROFILE_1:segments-93-130,19.591666666682258,0.9210526315789473,129,0.9513319134712219,-0.06499722599983215,0.126953125,0.20830325617829337,0.22768493080792002,-0.06337764063524381,RL,3,True,False,recoverable,0,False,RUNNING
84.100000000013,10092,S8_RL_COM_SHIFT_AND_TRAVERSE,TOP_PLACE,v009_20260806_215232_433234_manual:S8_RL_COM_SHIFT_AND_TRAVERSE:ALTERNATE_PROFILE_1:segments-93-130,19.658333333348978,0.9210526315789473,129,0.9522172808647156,-0.06510637700557709,0.12703847885131836,0.20884484678981238,0.2277066602471572,-0.06317093288309485,RL,3,True,False,recoverable,0,False,RUNNING
84.16666666667972,10100,S8_RL_COM_SHIFT_AND_TRAVERSE,TOP_PLACE,v009_20260806_215232_433234_manual:S8_RL_COM_SHIFT_AND_TRAVERSE:ALTERNATE_PROFILE_1:segments-93-130,19.725000000015697,0.9210526315789473,129,0.9531248211860657,-0.0652003288269043,0.12709134817123413,0.20924605953151298,0.22756912297513116,-0.06301324043928444,RL,3,True,False,recoverable,0,False,RUNNING
84.23333333334644,10108,S8_RL_COM_SHIFT_AND_TRAVERSE,TOP_PLACE,v009_20260806_215232_433234_manual:S8_RL_COM_SHIFT_AND_TRAVERSE:ALTERNATE_PROFILE_1:segments-93-130,19.791666666682417,0.9210526315789473,129,0.9540239572525024,-0.06526805460453033,0.12709543108940125,0.20932542440048368,0.2270124280118776,-0.06297890025907284,RL,3,True,False,recoverable,0,False,RUNNING
84.30000000001316,10116,S8_RL_COM_SHIFT_AND_TRAVERSE,TOP_PLACE,v009_20260806_215232_433234_manual:S8_RL_COM_SHIFT_AND_TRAVERSE:ALTERNATE_PROFILE_1:segments-93-130,19.858333333349137,0.9210526315789473,129,0.9549516439437866,-0.0653349906206131,0.1270863115787506,0.209381206129491,0.22642264967998627,-0.06294465791970871,RL,3,True,False,recoverable,0,False,RUNNING
84.36666666667988,10124,S8_RL_COM_SHIFT_AND_TRAVERSE,TOP_PLACE,v009_20260806_215232_433234_manual:S8_RL_COM_SHIFT_AND_TRAVERSE:ALTERNATE_PROFILE_1:segments-93-130,19.925000000015856,0.9210526315789473,129,0.9558985233306885,-0.06540016829967499,0.12706227600574493,0.2094439339196374,0.2258180089412838,-0.0629118143605163,RL,3,True,False,recoverable,0,False,RUNNING
84.4333333333466,10132,S8_RL_COM_SHIFT_AND_TRAVERSE,TOP_PLACE,v009_20260806_215232_433234_manual:S8_RL_COM_SHIFT_AND_TRAVERSE:ALTERNATE_PROFILE_1:segments-93-130,19.991666666682576,0.9210526315789473,129,0.9568619132041931,-0.06546290218830109,0.1270228624343872,0.20951865370167433,0.22519881699600006,-0.06287901363316442,RL,3,True,False,recoverable,0,False,RUNNING
84.50000000001332,10140,S8_RL_COM_SHIFT_AND_TRAVERSE,TOP_PLACE,v009_20260806_215232_433234_manual:S8_RL_COM_SHIFT_AND_TRAVERSE:ALTERNATE_PROFILE_1:segments-93-130,20.058333333349296,0.9210526315789473,129,0.9578409194946289,-0.06552644073963165,0.1269545555114746,0.2095567962008398,0.22455761415091308,-0.06285758013009317,RL,3,True,False,recoverable,0,False,RUNNING
84.56666666668004,10148,S8_RL_COM_SHIFT_AND_TRAVERSE,TOP_PLACE,v009_20260806_215232_433234_manual:S8_RL_COM_SHIFT_AND_TRAVERSE:ALTERNATE_PROFILE_1:segments-93-130,20.125000000016016,0.9210526315789473,129,0.958710253238678,-0.06556285917758942,0.12698359787464142,0.20947643539515848,0.22441277172361954,-0.06288011655012633,RL,3,True,False,recoverable,0,False,RUNNING
84.63333333334676,10156,S8_RL_COM_SHIFT_AND_TRAVERSE,TOP_PLACE,v009_20260806_215232_433234_manual:S8_RL_COM_SHIFT_AND_TRAVERSE:ALTERNATE_PROFILE_1:segments-93-130,20.191666666682735,0.9210526315789473,129,0.9595851302146912,-0.06559659540653229,0.1270560324192047,0.20931915684851507,0.2245271013473323,-0.06291231012727175,RL,3,True,False,recoverable,0,False,RUNNING
84.70000000001347,10164,S8_RL_COM_SHIFT_AND_TRAVERSE,TOP_PLACE,v009_20260806_215232_433234_manual:S8_RL_COM_SHIFT_AND_TRAVERSE:ALTERNATE_PROFILE_1:segments-93-130,20.258333333349455,0.9210526315789473,129,0.9604957699775696,-0.06562559306621552,0.12711727619171143,0.2091098207395034,0.22466484038659915,-0.06294789259319639,RL,3,True,False,recoverable,0,False,RUNNING
84.7666666666802,10172,S8_RL_COM_SHIFT_AND_TRAVERSE,TOP_PLACE,v009_20260806_215232_433234_manual:S8_RL_COM_SHIFT_AND_TRAVERSE:ALTERNATE_PROFILE_1:segments-93-130,20.325000000016175,0.9210526315789473,129,0.9614332318305969,-0.06564205884933472,0.12715139985084534,0.20878807585382703,0.22478411886800923,-0.06298711574623847,RL,3,True,False,recoverable,0,False,RUNNING
84.83333333334691,10180,S8_RL_COM_SHIFT_AND_TRAVERSE,TOP_PLACE,v009_20260806_215232_433234_manual:S8_RL_COM_SHIFT_AND_TRAVERSE:ALTERNATE_PROFILE_1:segments-93-130,20.391666666682895,0.9210526315789473,129,0.9624049067497253,-0.06565512716770172,0.1271466314792633,0.20833506236555852,0.22488339624844828,-0.06308314575543518,RL,3,True,False,recoverable,0,False,RUNNING
84.90000000001363,10188,S8_RL_COM_SHIFT_AND_TRAVERSE,TOP_PLACE,v009_20260806_215232_433234_manual:S8_RL_COM_SHIFT_AND_TRAVERSE:ALTERNATE_PROFILE_1:segments-93-130,20.458333333349614,0.9210526315789473,129,0.9634244441986084,-0.06567418575286865,0.12706464529037476,0.20757424801524862,0.22495071280588277,-0.06328831032186348,RL,3,True,False,recoverable,0,False,RUNNING
84.96666666668035,10196,S8_RL_COM_SHIFT_AND_TRAVERSE,TOP_PLACE,v009_20260806_215232_433234_manual:S8_RL_COM_SHIFT_AND_TRAVERSE:ALTERNATE_PROFILE_1:segments-93-130,20.525000000016334,0.9210526315789473,129,0.9644668698310852,-0.06569626927375793,0.12696601450443268,0.20682355961723817,0.22499289973053296,-0.06351741125399958,RL,3,True,False,recoverable,0,False,RUNNING
85.03333333334707,10204,S8_RL_COM_SHIFT_AND_TRAVERSE,TOP_PLACE,v009_20260806_215232_433234_manual:S8_RL_COM_SHIFT_AND_TRAVERSE:ALTERNATE_PROFILE_1:segments-93-130,20.591666666683054,0.9210526315789473,129,0.9654839634895325,-0.06573031842708588,0.1268688440322876,0.20622912940134172,0.22504270742957652,-0.06372761722608257,RL,3,True,False,recoverable,0,False,RUNNING
85.1000000000138,10212,S8_RL_COM_SHIFT_AND_TRAVERSE,TOP_PLACE,v009_20260806_215232_433234_manual:S8_RL_COM_SHIFT_AND_TRAVERSE:ALTERNATE_PROFILE_1:segments-93-130,20.658333333349773,0.9210526315789473,129,0.9665112495422363,-0.06577089428901672,0.12676630914211273,0.20569633041378804,0.2251392842046953,-0.06394389341489323,RL,3,True,False,recoverable,0,False,RUNNING
85.16666666668051,10220,S8_RL_COM_SHIFT_AND_TRAVERSE,TOP_PLACE,v009_20260806_215232_433234_manual:S8_RL_COM_SHIFT_AND_TRAVERSE:ALTERNATE_PROFILE_1:segments-93-130,20.725000000016493,0.9210526315789473,129,0.9675561785697937,-0.06582295894622803,0.12665589153766632,0.20525887170177778,0.2252771589602429,-0.06417444165609097,RL,3,True,False,recoverable,0,False,RUNNING
85.23333333334723,10228,S8_RL_COM_SHIFT_AND_TRAVERSE,TOP_PLACE,v009_20260806_215232_433234_manual:S8_RL_COM_SHIFT_AND_TRAVERSE:ALTERNATE_PROFILE_1:segments-93-130,20.791666666683213,0.9210526315789473,129,0.9684725403785706,-0.0659051239490509,0.12665262818336487,0.2053344281754251,0.22545514186149135,-0.06417531593313364,RL,3,True,False,recoverable,0,False,RUNNING
85.30000000001395,10236,S8_RL_COM_SHIFT_AND_TRAVERSE,TOP_PLACE,v009_20260806_215232_433234_manual:S8_RL_COM_SHIFT_AND_TRAVERSE:ALTERNATE_PROFILE_1:segments-93-130,20.858333333349933,0.9210526315789473,129,0.9692458510398865,-0.06606073677539825,0.12684310972690582,0.20622357297770139,0.22572083802898155,-0.06388006735935067,RL,3,True,False,recoverable,0,False,RUNNING
85.36666666668067,10244,S8_RL_COM_SHIFT_AND_TRAVERSE,TOP_PLACE,v009_20260806_215232_433234_manual:S8_RL_COM_SHIFT_AND_TRAVERSE:ALTERNATE_PROFILE_1:segments-93-130,20.925000000016652,0.9210526315789473,129,0.9700576663017273,-0.06621095538139343,0.12700611352920532,0.2070470202804575,0.22595136697147192,-0.06355861389034441,RL,3,True,False,recoverable,0,False,RUNNING
85.43333333334739,10252,S8_RL_COM_SHIFT_AND_TRAVERSE,TOP_PLACE,v009_20260806_215232_433234_manual:S8_RL_COM_SHIFT_AND_TRAVERSE:ALTERNATE_PROFILE_1:segments-93-130,20.991666666683372,0.9210526315789473,129,0.9709075093269348,-0.06634694337844849,0.12714102864265442,0.20780899619846588,0.22617992046385765,-0.06328895214491471,RL,3,True,False,recoverable,0,False,RUNNING
85.50000000001411,10260,S8_RL_COM_SHIFT_AND_TRAVERSE,TOP_PLACE,v009_20260806_215232_433234_manual:S8_RL_COM_SHIFT_AND_TRAVERSE:ALTERNATE_PROFILE_1:segments-93-130,21.05833333335009,0.9210526315789473,129,0.9717825055122375,-0.066488116979599,0.12726083397865295,0.20857175831343971,0.2263611824648333,-0.06297634162798878,RL,3,True,False,recoverable,0,False,RUNNING
85.56666666668083,10268,S8_RL_COM_SHIFT_AND_TRAVERSE,TOP_PLACE,v009_20260806_215232_433234_manual:S8_RL_COM_SHIFT_AND_TRAVERSE:ALTERNATE_PROFILE_1:segments-93-130,21.12500000001681,0.9210526315789473,129,0.9727003574371338,-0.06661629676818848,0.127340167760849,0.2092034358352309,0.2264923207855386,-0.06268951684483694,RL,3,True,False,recoverable,0,False,RUNNING
85.63333333334755,10276,S8_RL_COM_SHIFT_AND_TRAVERSE,TOP_PLACE,v009_20260806_215232_433234_manual:S8_RL_COM_SHIFT_AND_TRAVERSE:ALTERNATE_PROFILE_1:segments-93-130,21.19166666668353,0.9210526315789473,129,0.9735772013664246,-0.06671330332756042,0.12738224864006042,0.20951567887931533,0.22619142938192124,-0.06248914639191177,RL,3,True,False,recoverable,0,False,RUNNING
85.70000000001427,10284,S8_RL_COM_SHIFT_AND_TRAVERSE,TOP_PLACE,v009_20260806_215232_433234_manual:S8_RL_COM_SHIFT_AND_TRAVERSE:ALTERNATE_PROFILE_1:segments-93-130,21.25833333335025,0.9210526315789473,129,0.974452793598175,-0.06679043173789978,0.1274021416902542,0.20973501713750936,0.22572061947186914,-0.062306933099005896,RL,3,True,False,recoverable,0,False,RUNNING
85.76666666668099,10292,S8_RL_COM_SHIFT_AND_TRAVERSE,TOP_PLACE,v009_20260806_215232_433234_manual:S8_RL_COM_SHIFT_AND_TRAVERSE:ALTERNATE_PROFILE_1:segments-93-130,21.32500000001697,0.9210526315789473,129,0.9752790331840515,-0.06685850024223328,0.1274748593568802,0.20975813225517995,0.22557537204125278,-0.06219904866078817,RL,3,True,False,recoverable,0,False,RUNNING
85.83333333334771,10300,S8_RL_COM_SHIFT_AND_TRAVERSE,TOP_PLACE,v009_20260806_215232_433234_manual:S8_RL_COM_SHIFT_AND_TRAVERSE:ALTERNATE_PROFILE_1:segments-93-130,21.39166666668369,0.9210526315789473,129,0.976104199886322,-0.06692427396774292,0.12755678594112396,0.2097772773205785,0.22556310200987978,-0.06209739687622487,RL,3,True,False,recoverable,0,False,RUNNING
85.90000000001443,10308,S8_RL_COM_SHIFT_AND_TRAVERSE,TOP_PLACE,v009_20260806_215232_433234_manual:S8_RL_COM_SHIFT_AND_TRAVERSE:ALTERNATE_PROFILE_1:segments-93-130,21.45833333335041,0.9210526315789473,129,0.9769636392593384,-0.06698359549045563,0.1276354193687439,0.20978779299917824,0.22555088071494855,-0.06198861173313407,RL,3,True,False,recoverable,0,False,RUNNING
85.96666666668115,10316,S8_RL_COM_SHIFT_AND_TRAVERSE,TOP_PLACE,v009_20260806_215232_433234_manual:S8_RL_COM_SHIFT_AND_TRAVERSE:ALTERNATE_PROFILE_1:segments-93-130,21.52500000001713,0.9210526315789473,129,0.9778231382369995,-0.06703685224056244,0.1277013123035431,0.20976000317722873,0.22558506967583888,-0.06187864150152275,RL,3,True,False,recoverable,0,False,RUNNING
86.03333333334787,10324,S8_RL_COM_SHIFT_AND_TRAVERSE,TOP_PLACE,v009_20260806_215232_433234_manual:S8_RL_COM_SHIFT_AND_TRAVERSE:ALTERNATE_PROFILE_1:segments-93-130,21.59166666668385,0.9210526315789473,129,0.9787316918373108,-0.06709878146648407,0.1277308315038681,0.20964419287491304,0.22554643356935977,-0.061821768813186566,RL,3,True,False,recoverable,0,False,RUNNING
86.10000000001459,10332,S8_RL_COM_SHIFT_AND_TRAVERSE,TOP_PLACE,v009_20260806_215232_433234_manual:S8_RL_COM_SHIFT_AND_TRAVERSE:ALTERNATE_PROFILE_1:segments-93-130,21.65833333335057,0.9210526315789473,129,0.9796907305717468,-0.06715570390224457,0.12770462036132812,0.20927550513711596,0.22541373459218242,-0.06187123273523218,RL,3,True,False,recoverable,0,False,RUNNING
86.16666666668131,10340,S8_RL_COM_SHIFT_AND_TRAVERSE,TOP_PLACE,v009_20260806_215232_433234_manual:S8_RL_COM_SHIFT_AND_TRAVERSE:ALTERNATE_PROFILE_1:segments-93-130,21.72500000001729,0.9210526315789473,129,0.9806833863258362,-0.06721583008766174,0.1276482492685318,0.20884041174375467,0.22525607713037624,-0.06197048466127041,RL,3,True,False,recoverable,0,False,RUNNING
86.23333333334803,10348,S8_RL_COM_SHIFT_AND_TRAVERSE,TOP_PLACE,v009_20260806_215232_433234_manual:S8_RL_COM_SHIFT_AND_TRAVERSE:ALTERNATE_PROFILE_1:segments-93-130,21.79166666668401,0.9210526315789473,129,0.9816663861274719,-0.0672907680273056,0.12760525941848755,0.208620172596682,0.22514706483957594,-0.06213828643700413,RL,3,True,False,recoverable,0,False,RUNNING
86.30000000001475,10356,S8_RL_COM_SHIFT_AND_TRAVERSE,TOP_PLACE,v009_20260806_215232_433234_manual:S8_RL_COM_SHIFT_AND_TRAVERSE:ALTERNATE_PROFILE_1:segments-93-130,21.85833333335073,0.9210526315789473,129,0.9826710820198059,-0.06736810505390167,0.127550408244133,0.20842223043295008,0.2250704729300931,-0.06230255130772709,RL,3,True,False,recoverable,0,False,RUNNING
86.36666666668147,10364,S8_RL_COM_SHIFT_AND_TRAVERSE,TOP_PLACE,v009_20260806_215232_433234_manual:S8_RL_COM_SHIFT_AND_TRAVERSE:ALTERNATE_PROFILE_1:segments-93-130,21.925000000017448,0.9210526315789473,129,0.9836838841438293,-0.06745384633541107,0.1274794638156891,0.2082668699092377,0.22498982665425654,-0.06240945747104275,RL,3,True,False,recoverable,0,False,RUNNING
86.43333333334819,10372,S8_RL_COM_SHIFT_AND_TRAVERSE,TOP_PLACE,v009_20260806_215232_433234_manual:S8_RL_COM_SHIFT_AND_TRAVERSE:ALTERNATE_PROFILE_1:segments-93-130,21.991666666684168,0.9210526315789473,129,0.9846949577331543,-0.0675659030675888,0.1274121105670929,0.20812691085284968,0.2249732625678416,-0.06239584948652066,RL,3,True,False,recoverable,0,False,RUNNING
86.50000000001491,10380,S8_RL_COM_SHIFT_AND_TRAVERSE,TOP_PLACE,v009_20260806_215232_433234_manual:S8_RL_COM_SHIFT_AND_TRAVERSE:ALTERNATE_PROFILE_1:segments-93-130,22.058333333350888,0.9210526315789473,129,0.9857147932052612,-0.06766845285892487,0.12732498347759247,0.20804661446179773,0.2249414919554412,-0.06234475568375399,RL,3,True,False,recoverable,0,False,RUNNING
86.56666666668163,10388,S8_RL_COM_SHIFT_AND_TRAVERSE,TOP_PLACE,v009_20260806_215232_433234_manual:S8_RL_COM_SHIFT_AND_TRAVERSE:ALTERNATE_PROFILE_1:segments-93-130,22.125000000017607,0.9210526315789473,129,0.9867632389068604,-0.06776687502861023,0.12720462679862976,0.20791990879322733,0.2249304979696751,-0.062323712100149226,RL,3,True,False,recoverable,0,False,RUNNING
86.63333333334835,10396,S8_RL_COM_SHIFT_AND_TRAVERSE,TOP_PLACE,v009_20260806_215232_433234_manual:S8_RL_COM_SHIFT_AND_TRAVERSE:ALTERNATE_PROFILE_1:segments-93-130,22.191666666684327,0.9210526315789473,129,0.9878332614898682,-0.06785562634468079,0.12705542147159576,0.20779805120260722,0.22490918291019973,-0.06233710988283691,RL,3,True,False,recoverable,0,False,RUNNING
86.70000000001507,10404,S8_RL_COM_SHIFT_AND_TRAVERSE,TOP_PLACE,v009_20260806_215232_433234_manual:S8_RL_COM_SHIFT_AND_TRAVERSE:ALTERNATE_PROFILE_1:segments-93-130,22.258333333351047,0.9210526315789473,129,0.9889182448387146,-0.06794799864292145,0.1268760710954666,0.20766647863762708,0.2248752601729649,-0.062296711050079674,RL,3,True,False,recoverable,0,False,RUNNING
86.76666666668179,10412,S8_RL_COM_SHIFT_AND_TRAVERSE,TOP_PLACE,v009_20260806_215232_433234_manual:S8_RL_COM_SHIFT_AND_TRAVERSE:ALTERNATE_PROFILE_1:segments-93-130,22.325000000017766,0.9210526315789473,129,0.9900357723236084,-0.06803715229034424,0.12666094303131104,0.20752140374919906,0.2248324335391618,-0.06233119432663361,RL,3,True,False,recoverable,0,False,RUNNING
86.8333333333485,10420,S8_RL_COM_SHIFT_AND_TRAVERSE,TOP_PLACE,v009_20260806_215232_433234_manual:S8_RL_COM_SHIFT_AND_TRAVERSE:ALTERNATE_PROFILE_1:segments-93-130,22.391666666684486,0.9210526315789473,129,0.9911629557609558,-0.06811448931694031,0.12643569707870483,0.20750441258590938,0.22486093981847655,-0.062368828131455244,RL,3,True,False,recoverable,0,False,RUNNING
86.90000000001523,10428,S8_RL_COM_SHIFT_AND_TRAVERSE,TOP_PLACE,v009_20260806_215232_433234_manual:S8_RL_COM_SHIFT_AND_TRAVERSE:ALTERNATE_PROFILE_1:segments-93-130,22.458333333351206,0.9210526315789473,129,0.9920465350151062,-0.06815534830093384,0.1263536959886551,0.20721409643940653,0.2250068589983849,-0.062474925782766304,RL,3,True,False,recoverable,0,False,RUNNING
86.96666666668195,10436,S8_RL_COM_SHIFT_AND_TRAVERSE,TOP_PLACE,v009_20260806_215232_433234_manual:S8_RL_COM_SHIFT_AND_TRAVERSE:ALTERNATE_PROFILE_1:segments-93-130,22.525000000017926,0.9210526315789473,129,0.9927051067352295,-0.06824126839637756,0.12654778361320496,0.20761288649432427,0.22509624130537834,-0.062403940065345866,RL,3,True,False,recoverable,0,False,RUNNING
87.03333333334866,10444,S8_RL_COM_SHIFT_AND_TRAVERSE,TOP_PLACE,v009_20260806_215232_433234_manual:S8_RL_COM_SHIFT_AND_TRAVERSE:ALTERNATE_PROFILE_1:segments-93-130,22.591666666684645,0.9210526315789473,129,0.9934458136558533,-0.06830739974975586,0.12670716643333435,0.20783351255364096,0.22519921117735317,-0.06234105654660348,RL,3,True,False,recoverable,0,False,RUNNING
87.10000000001538,10452,S8_RL_COM_SHIFT_AND_TRAVERSE,TOP_PLACE,v009_20260806_215232_433234_manual:S8_RL_COM_SHIFT_AND_TRAVERSE:ALTERNATE_PROFILE_1:segments-93-130,22.658333333351365,0.9210526315789473,129,0.9942591786384583,-0.06836414337158203,0.126825749874115,0.20785389605318932,0.2252965138634394,-0.06233543368804752,RL,3,True,False,recoverable,0,False,RUNNING
87.1666666666821,10460,S8_RL_COM_SHIFT_AND_TRAVERSE,TOP_PLACE,v009_20260806_215232_433234_manual:S8_RL_COM_SHIFT_AND_TRAVERSE:ALTERNATE_PROFILE_1:segments-93-130,22.725000000018085,0.9210526315789473,129,0.9950804710388184,-0.0684289038181305,0.1269354373216629,0.2079107844138777,0.2253384213737879,-0.062301309736391704,RL,3,True,False,recoverable,0,False,RUNNING
87.23333333334882,10468,S8_RL_COM_SHIFT_AND_TRAVERSE,TOP_PLACE,v009_20260806_215232_433234_manual:S8_RL_COM_SHIFT_AND_TRAVERSE:ALTERNATE_PROFILE_1:segments-93-130,22.791666666684804,0.9210526315789473,129,0.9959083795547485,-0.0684921145439148,0.12703798711299896,0.20797566631089964,0.22544857314988673,-0.06225630817493656,RL,3,True,False,recoverable,0,False,RUNNING
87.30000000001554,10476,S8_RL_COM_SHIFT_AND_TRAVERSE,TOP_PLACE,v009_20260806_215232_433234_manual:S8_RL_COM_SHIFT_AND_TRAVERSE:ALTERNATE_PROFILE_1:segments-93-130,22.858333333351524,0.9210526315789473,129,0.996789276599884,-0.0685381293296814,0.12710243463516235,0.20791340475337564,0.22548521396830748,-0.06229765146615521,RL,3,True,False,recoverable,0,False,RUNNING
87.36666666668226,10484,S8_RL_COM_SHIFT_AND_TRAVERSE,TOP_PLACE,v009_20260806_215232_433234_manual:S8_RL_COM_SHIFT_AND_TRAVERSE:ALTERNATE_PROFILE_1:segments-93-130,22.925000000018244,0.9210526315789473,129,0.9976659417152405,-0.06858465075492859,0.12716065347194672,0.2078539457956963,0.2255096853951962,-0.062223821756485484,RL,3,True,False,recoverable,0,False,RUNNING
87.43333333334898,10492,S8_RL_COM_SHIFT_AND_TRAVERSE,TOP_PLACE,v009_20260806_215232_433234_manual:S8_RL_COM_SHIFT_AND_TRAVERSE:ALTERNATE_PROFILE_1:segments-93-130,22.991666666684964,0.9210526315789473,129,0.9985237121582031,-0.06866298615932465,0.1272389441728592,0.2079728327135329,0.22556734844530651,-0.06199291072394817,RL,3,True,False,recoverable,0,False,RUNNING
87.5000000000157,10500,S8_RL_COM_SHIFT_AND_TRAVERSE,TOP_PLACE,v009_20260806_215232_433234_manual:S8_RL_COM_SHIFT_AND_TRAVERSE:ALTERNATE_PROFILE_1:segments-93-130,23.058333333351683,0.9210526315789473,129,0.9994184970855713,-0.06873820722103119,0.12729759514331818,0.20806012846526417,0.22556255036205572,-0.061748947846919595,RL,3,True,False,recoverable,0,False,RUNNING
87.56666666668242,10508,S8_RL_COM_SHIFT_AND_TRAVERSE,TOP_PLACE,v009_20260806_215232_433234_manual:S8_RL_COM_SHIFT_AND_TRAVERSE:ALTERNATE_PROFILE_1:segments-93-130,23.125000000018403,0.9210526315789473,129,1.000337839126587,-0.06879179179668427,0.12731435894966125,0.20803614081969002,0.2255367409059151,-0.06155494976152095,RL,3,True,False,recoverable,0,False,RUNNING
87.63333333334914,10516,S8_RL_COM_SHIFT_AND_TRAVERSE,TOP_PLACE,v009_20260806_215232_433234_manual:S8_RL_COM_SHIFT_AND_TRAVERSE:ALTERNATE_PROFILE_1:segments-93-130,23.191666666685123,0.9210526315789473,129,1.00127375125885,-0.06887447834014893,0.1273016631603241,0.20800184785162076,0.2255744405935132,-0.061440453832280105,RL,3,True,False,recoverable,0,False,RUNNING
87.70000000001586,10524,S8_RL_COM_SHIFT_AND_TRAVERSE,TOP_PLACE,v009_20260806_215232_433234_manual:S8_RL_COM_SHIFT_AND_TRAVERSE:ALTERNATE_PROFILE_1:segments-93-130,23.258333333351842,0.9210526315789473,129,1.0022633075714111,-0.06895473599433899,0.12726496160030365,0.20793561904124117,0.22560294295822364,-0.06139677166581685,RL,3,True,False,recoverable,0,False,RUNNING
87.76666666668258,10532,S8_RL_COM_SHIFT_AND_TRAVERSE,TOP_PLACE,v009_20260806_215232_433234_manual:S8_RL_COM_SHIFT_AND_TRAVERSE:ALTERNATE_PROFILE_1:segments-93-130,23.325000000018562,0.9210526315789473,129,1.0032762289047241,-0.06903821229934692,0.12719252705574036,0.2077590962037212,0.22555317574285808,-0.061364307370234066,RL,3,True,False,recoverable,0,False,RUNNING
87.8333333333493,10540,S8_RL_COM_SHIFT_AND_TRAVERSE,TOP_PLACE,v009_20260806_215232_433234_manual:S8_RL_COM_SHIFT_AND_TRAVERSE:ALTERNATE_PROFILE_1:segments-93-130,23.391666666685282,0.9210526315789473,129,1.0042718648910522,-0.06913921236991882,0.12715525925159454,0.2076704935802037,0.22545840671627854,-0.06135683043525024,RL,3,True,False,recoverable,0,False,RUNNING
87.90000000001602,10548,S8_RL_COM_SHIFT_AND_TRAVERSE,TOP_PLACE,v009_20260806_215232_433234_manual:S8_RL_COM_SHIFT_AND_TRAVERSE:ALTERNATE_PROFILE_1:segments-93-130,23.458333333352,0.9210526315789473,129,1.0052388906478882,-0.06926634907722473,0.12712843716144562,0.2077044967329648,0.22541410270416545,-0.06127501429631402,RL,3,True,False,recoverable,0,False,RUNNING
87.96666666668274,10556,S8_RL_COM_SHIFT_AND_TRAVERSE,TOP_PLACE,v009_20260806_215232_433234_manual:S8_RL_COM_SHIFT_AND_TRAVERSE:ALTERNATE_PROFILE_1:segments-93-130,23.52500000001872,0.9210526315789473,129,1.0062257051467896,-0.0693967342376709,0.12707796692848206,0.20778205624098323,0.225335822509838,-0.06119009380149329,RL,3,True,False,recoverable,0,False,RUNNING
88.03333333334946,10564,S8_RL_COM_SHIFT_AND_TRAVERSE,TOP_PLACE,v009_20260806_215232_433234_manual:S8_RL_COM_SHIFT_AND_TRAVERSE:ALTERNATE_PROFILE_1:segments-93-130,23.59166666668544,0.9210526315789473,129,1.0072202682495117,-0.06953415274620056,0.12702897191047668,0.20792705510642193,0.22528479027876838,-0.06107549193963018,RL,3,True,False,recoverable,0,False,RUNNING
88.10000000001618,10572,S8_RL_COM_SHIFT_AND_TRAVERSE,TOP_PLACE,v009_20260806_215232_433234_manual:S8_RL_COM_SHIFT_AND_TRAVERSE:ALTERNATE_PROFILE_1:segments-93-130,23.65833333335216,0.9210526315789473,129,1.0082396268844604,-0.0696549117565155,0.12693718075752258,0.20797981346461286,0.22512059162772263,-0.061028963326576084,RL,3,True,False,recoverable,0,False,RUNNING
88.1666666666829,10580,S8_RL_COM_SHIFT_AND_TRAVERSE,TOP_PLACE,v009_20260806_215232_433234_manual:S8_RL_COM_SHIFT_AND_TRAVERSE:ALTERNATE_PROFILE_1:segments-93-130,23.72500000001888,0.9210526315789473,129,1.0092040300369263,-0.06975086033344269,0.12684078514575958,0.20787353727495128,0.22455204214855068,-0.060980263843897216,RL,3,True,False,recoverable,0,False,RUNNING
88.23333333334962,10588,S8_RL_COM_SHIFT_AND_TRAVERSE,TOP_PLACE,v009_20260806_215232_433234_manual:S8_RL_COM_SHIFT_AND_TRAVERSE:ALTERNATE_PROFILE_1:segments-93-130,23.7916666666856,0.9210526315789473,129,1.0101802349090576,-0.06986138224601746,0.12674283981323242,0.20789731102437034,0.22400917102142537,-0.060901273562907664,RL,3,True,False,recoverable,0,False,RUNNING
88.30000000001634,10596,S8_RL_COM_SHIFT_AND_TRAVERSE,TOP_PLACE,v009_20260806_215232_433234_manual:S8_RL_COM_SHIFT_AND_TRAVERSE:ALTERNATE_PROFILE_1:segments-93-130,23.85833333335232,0.9210526315789473,129,1.0111908912658691,-0.06994900107383728,0.12660478055477142,0.20780641323749466,0.22344124248841582,-0.06087620079072645,RL,3,True,False,recoverable,0,False,RUNNING
88.36666666668306,10604,S8_RL_COM_SHIFT_AND_TRAVERSE,TOP_PLACE,v009_20260806_215232_433234_manual:S8_RL_COM_SHIFT_AND_TRAVERSE:ALTERNATE_PROFILE_1:segments-93-130,23.92500000001904,0.9210526315789473,129,1.0122336149215698,-0.07003256678581238,0.12639398872852325,0.20746651005218028,0.22275840391512103,-0.06089398282612738,RL,3,True,False,recoverable,0,False,RUNNING
88.43333333334978,10612,S8_RL_COM_SHIFT_AND_TRAVERSE,TOP_PLACE,v009_20260806_215232_433234_manual:S8_RL_COM_SHIFT_AND_TRAVERSE:ALTERNATE_PROFILE_1:segments-93-130,23.99166666668576,0.9210526315789473,129,1.013203501701355,-0.07008937001228333,0.12627552449703217,0.2069476770615229,0.22264220478572996,-0.06102277379549139,RL,3,True,False,recoverable,0,False,RUNNING
88.5000000000165,10620,S8_RL_COM_SHIFT_AND_TRAVERSE,TOP_PLACE,v009_20260806_215232_433234_manual:S8_RL_COM_SHIFT_AND_TRAVERSE:ALTERNATE_PROFILE_1:segments-93-130,24.05833333335248,0.9210526315789473,129,1.0141886472702026,-0.07015691697597504,0.12617042660713196,0.2064205033801757,0.22262930986500679,-0.06115167352602001,RL,3,True,False,recoverable,0,False,RUNNING
88.56666666668322,10628,S8_RL_COM_SHIFT_AND_TRAVERSE,TOP_PLACE,v009_20260806_215232_433234_manual:S8_RL_COM_SHIFT_AND_TRAVERSE:ALTERNATE_PROFILE_1:segments-93-130,24.1250000000192,0.9210526315789473,129,1.0152276754379272,-0.07022064924240112,0.1260228306055069,0.20575905601413738,0.2226042456731035,-0.061352784635117855,RL,3,True,False,recoverable,0,False,RUNNING
88.63333333334994,10636,S8_RL_COM_SHIFT_AND_TRAVERSE,TOP_PLACE,v009_20260806_215232_433234_manual:S8_RL_COM_SHIFT_AND_TRAVERSE:ALTERNATE_PROFILE_1:segments-93-130,24.19166666668592,0.9210526315789473,129,1.0161763429641724,-0.07031315565109253,0.12600310146808624,0.20567381870838874,0.22266800936176803,-0.06146000331744333,RL,3,True,False,recoverable,0,False,RUNNING
88.70000000001666,10644,S8_RL_COM_SHIFT_AND_TRAVERSE,TOP_PLACE,v009_20260806_215232_433234_manual:S8_RL_COM_SHIFT_AND_TRAVERSE:ALTERNATE_PROFILE_1:segments-93-130,24.25833333335264,0.9210526315789473,129,1.016935110092163,-0.07042884826660156,0.12617117166519165,0.2063897897992736,0.22279214269981618,-0.06133413485912042,RL,3,True,False,recoverable,0,False,RUNNING
88.76666666668338,10652,S8_RL_COM_SHIFT_AND_TRAVERSE,TOP_PLACE,v009_20260806_215232_433234_manual:S8_RL_COM_SHIFT_AND_TRAVERSE:ALTERNATE_PROFILE_1:segments-93-130,24.325000000019358,0.9210526315789473,129,1.017759919166565,-0.07054212689399719,0.1263066828250885,0.20700059944959998,0.2229197318693375,-0.06124480639089103,RL,3,True,False,recoverable,0,False,RUNNING
88.8333333333501,10660,S8_RL_COM_SHIFT_AND_TRAVERSE,TOP_PLACE,v009_20260806_215232_433234_manual:S8_RL_COM_SHIFT_AND_TRAVERSE:ALTERNATE_PROFILE_1:segments-93-130,24.391666666686078,0.9210526315789473,129,1.0186209678649902,-0.07065331935882568,0.12641926109790802,0.20756251254539096,0.2230380748598006,-0.06118296985045298,RL,3,True,False,recoverable,0,False,RUNNING
88.90000000001682,10668,S8_RL_COM_SHIFT_AND_TRAVERSE,TOP_PLACE,v009_20260806_215232_433234_manual:S8_RL_COM_SHIFT_AND_TRAVERSE:ALTERNATE_PROFILE_1:segments-93-130,24.458333333352797,0.9210526315789473,129,1.0194963216781616,-0.0707622766494751,0.12652210891246796,0.2081411810494711,0.2231550512485615,-0.061087893821093975,RL,3,True,False,recoverable,0,False,RUNNING
88.96666666668354,10676,S8_RL_COM_SHIFT_AND_TRAVERSE,TOP_PLACE,v009_20260806_215232_433234_manual:S8_RL_COM_SHIFT_AND_TRAVERSE:ALTERNATE_PROFILE_1:segments-93-130,24.525000000019517,0.9210526315789473,129,1.0204020738601685,-0.07087525725364685,0.12661254405975342,0.20874420255939,0.22325757772114124,-0.060969661283506095,RL,3,True,False,recoverable,0,False,RUNNING
89.03333333335026,10684,S8_RL_COM_SHIFT_AND_TRAVERSE,TOP_PLACE,v009_20260806_215232_433234_manual:S8_RL_COM_SHIFT_AND_TRAVERSE:ALTERNATE_PROFILE_1:segments-93-130,24.591666666686237,0.9473684210526315,130,1.020408034324646,-0.07087816298007965,0.12659846246242523,0.20870908819372685,0.22333174715272672,-0.06090145133479143,RL,3,True,False,recoverable,0,False,RUNNING
89.10000000001698,10692,S8_RL_COM_SHIFT_AND_TRAVERSE,TOP_PLACE,v009_20260806_215232_433234_manual:S8_RL_COM_SHIFT_AND_TRAVERSE:ALTERNATE_PROFILE_1:segments-93-130,24.658333333352957,0.9736842105263158,131,1.0202250480651855,-0.07099597156047821,0.12826770544052124,0.1875817476926212,0.19714181668036765,-0.05285712447508882,RL,3,True,False,recoverable,0,False,RUNNING
89.1666666666837,10700,S8_RL_COM_SHIFT_AND_TRAVERSE,TOP_PLACE,v009_20260806_215232_433234_manual:S8_RL_COM_SHIFT_AND_TRAVERSE:ALTERNATE_PROFILE_1:segments-93-130,24.725000000019676,0.9736842105263158,131,1.0143123865127563,-0.07173199951648712,0.12648862600326538,0.12387299975209809,0.14367084536056401,-0.007621811908806896,RL,3,True,False,recoverable,0,False,RUNNING
89.23333333335042,10708,S8_RL_COM_SHIFT_AND_TRAVERSE,TOP_PLACE,v009_20260806_215232_433234_manual:S8_RL_COM_SHIFT_AND_TRAVERSE:ALTERNATE_PROFILE_1:segments-93-130,24.791666666686396,0.9736842105263158,131,1.0047743320465088,-0.07292014360427856,0.12110689282417297,0.03434679712026414,0.07653755159495465,0.05459688517785153,RL,4,True,False,recoverable,0,False,RUNNING
89.30000000001714,10716,S8_RL_COM_SHIFT_AND_TRAVERSE,TOP_PLACE,v009_20260806_215232_433234_manual:S8_RL_COM_SHIFT_AND_TRAVERSE:ALTERNATE_PROFILE_1:segments-93-130,24.858333333353116,0.9736842105263158,131,1.0087130069732666,-0.06328137218952179,0.13228583335876465,0.014638886290853019,0.02321562569478566,0.08974471116071188,RL,4,True,False,recoverable,0,False,RUNNING
89.36666666668386,10724,S8_RL_COM_SHIFT_AND_TRAVERSE,TOP_PLACE,v009_20260806_215232_433234_manual:S8_RL_COM_SHIFT_AND_TRAVERSE:ALTERNATE_PROFILE_1:segments-93-130,24.925000000019836,0.9736842105263158,131,1.008758783340454,-0.048526354134082794,0.14074167609214783,-0.002531895580847728,-0.00024377251997604663,0.1473816477261109,RL,4,True,False,recoverable,0,False,RUNNING
89.43333333335057,10732,S8_RL_COM_SHIFT_AND_TRAVERSE,TOP_PLACE,v009_20260806_215232_433234_manual:S8_RL_COM_SHIFT_AND_TRAVERSE:ALTERNATE_PROFILE_1:segments-93-130,24.991666666686555,0.9736842105263158,131,1.0075634717941284,-0.03652365505695343,0.14547199010849,-0.011679195074170671,-0.005596731308598004,0.1864923077335449,RL,4,True,False,recoverable,0,False,RUNNING
89.5000000000173,10740,S8_RL_COM_SHIFT_AND_TRAVERSE,TOP_PLACE,v009_20260806_215232_433234_manual:S8_RL_COM_SHIFT_AND_TRAVERSE:ALTERNATE_PROFILE_1:segments-93-130,25.058333333353275,0.9736842105263158,131,1.0062026977539062,-0.029341362416744232,0.14821895956993103,-0.009506248829501608,-0.006202266268918486,0.21422380376421427,RL,4,True,False,recoverable,0,False,RUNNING
89.56666666668401,10748,S8_RL_COM_SHIFT_AND_TRAVERSE,TOP_PLACE,v009_20260806_215232_433234_manual:S8_RL_COM_SHIFT_AND_TRAVERSE:ALTERNATE_PROFILE_1:segments-93-130,25.125000000019995,0.9736842105263158,131,1.0087672472000122,-0.026661604642868042,0.14956942200660706,-0.009535966344533653,-0.01381820432179239,0.2215131580480369,RL,4,True,False,recoverable,0,False,RUNNING
89.63333333335073,10756,S8_RL_COM_SHIFT_AND_TRAVERSE,TOP_PLACE,v009_20260806_215232_433234_manual:S8_RL_COM_SHIFT_AND_TRAVERSE:ALTERNATE_PROFILE_1:segments-93-130,25.191666666686714,0.9736842105263158,131,1.008159875869751,-0.02679852396249771,0.14942654967308044,-0.009660027100879084,-0.012627747859926776,0.22143402612294694,RL,4,True,False,recoverable,0,False,RUNNING
89.70000000001745,10764,S8_RL_COM_SHIFT_AND_TRAVERSE,TOP_PLACE,v009_20260806_215232_433234_manual:S8_RL_COM_SHIFT_AND_TRAVERSE:ALTERNATE_PROFILE_1:segments-93-130,25.258333333353434,0.9736842105263158,131,1.007107138633728,-0.02731890231370926,0.14753589034080505,-0.007043368391975974,-0.0060528137876291336,0.22129188097420982,RL,4,True,False,recoverable,0,False,RUNNING
89.76666666668417,10772,S8_RL_COM_SHIFT_AND_TRAVERSE,TOP_PLACE,v009_20260806_215232_433234_manual:S8_RL_COM_SHIFT_AND_TRAVERSE:ALTERNATE_PROFILE_1:segments-93-130,25.325000000020154,0.9736842105263158,131,1.005513072013855,-0.027337774634361267,0.145931214094162,-0.009602564252404907,-0.0018834352414351372,0.22053323780308234,RL,4,True,False,recoverable,0,False,RUNNING
89.8333333333509,10780,S8_RL_COM_SHIFT_AND_TRAVERSE,TOP_PLACE,v009_20260806_215232_433234_manual:S8_RL_COM_SHIFT_AND_TRAVERSE:ALTERNATE_PROFILE_1:segments-93-130,25.391666666686874,0.9736842105263158,131,1.0039697885513306,-0.02819816768169403,0.14530518651008606,-0.01367801233987033,0.0014573487978088006,0.2168557802809625,RL,4,True,False,recoverable,0,False,RUNNING
89.90000000001761,10788,S8_RL_COM_SHIFT_AND_TRAVERSE,TOP_PLACE,v009_20260806_215232_433234_manual:S8_RL_COM_SHIFT_AND_TRAVERSE:ALTERNATE_PROFILE_1:segments-93-130,25.458333333353593,0.9736842105263158,131,1.0047029256820679,-0.0287439227104187,0.14558354020118713,-0.011130298265866985,0.0005341738966001804,0.21535224513328552,RL,4,True,False,recoverable,0,False,RUNNING
89.96666666668433,10796,S8_RL_COM_SHIFT_AND_TRAVERSE,TOP_PLACE,v009_20260806_215232_433234_manual:S8_RL_COM_SHIFT_AND_TRAVERSE:ALTERNATE_PROFILE_1:segments-93-130,25.525000000020313,0.9736842105263158,131,1.0066920518875122,-0.028829775750637054,0.1463121473789215,-0.00574873707577413,-0.0021066907577585348,0.2154139550264888,RL,4,True,False,recoverable,0,False,RUNNING
90.03333333335105,10804,S8_RL_COM_SHIFT_AND_TRAVERSE,TOP_PLACE,v009_20260806_215232_433234_manual:S8_RL_COM_SHIFT_AND_TRAVERSE:ALTERNATE_PROFILE_1:segments-93-130,25.591666666687033,0.9736842105263158,131,1.0057644844055176,-0.028877660632133484,0.14597269892692566,-0.009136674132206396,-0.0011729812116637105,0.21389726652911673,RL,4,True,False,recoverable,0,False,RUNNING
90.10000000001777,10812,S8_RL_COM_SHIFT_AND_TRAVERSE,TOP_PLACE,v009_20260806_215232_433234_manual:S8_RL_COM_SHIFT_AND_TRAVERSE:ALTERNATE_PROFILE_1:segments-93-130,25.658333333353752,0.9736842105263158,131,1.005375623703003,-0.029758036136627197,0.145807683467865,-0.009641155777094025,-0.002099519681668304,0.21110812255608588,RL,4,True,False,recoverable,0,False,RUNNING
90.16666666668449,10820,S8_RL_COM_SHIFT_AND_TRAVERSE,TOP_PLACE,v009_20260806_215232_433234_manual:S8_RL_COM_SHIFT_AND_TRAVERSE:ALTERNATE_PROFILE_1:segments-93-130,25.725000000020472,0.9736842105263158,131,1.005196452140808,-0.030243895947933197,0.14595551788806915,-0.008809855077198704,-0.0028187278087096826,0.20994637971116042,RL,4,True,False,recoverable,0,False,RUNNING
90.23333333335121,10828,S8_RL_COM_SHIFT_AND_TRAVERSE,TOP_PLACE,v009_20260806_215232_433234_manual:S8_RL_COM_SHIFT_AND_TRAVERSE:ALTERNATE_PROFILE_1:segments-93-130,25.791666666687192,0.9736842105263158,131,1.0036554336547852,-0.030867360532283783,0.14623717963695526,-0.008250114707260324,-0.0035711359965787414,0.20911172709069323,RL,4,True,False,recoverable,0,False,RUNNING
90.30000000001793,10836,S8_RL_COM_SHIFT_AND_TRAVERSE,TOP_PLACE,v009_20260806_215232_433234_manual:S8_RL_COM_SHIFT_AND_TRAVERSE:ALTERNATE_PROFILE_1:segments-93-130,25.85833333335391,0.9736842105263158,132,1.005062222480774,-0.0305832177400589,0.1467883288860321,-0.008079672145194394,-0.006471304723949929,0.20913855073359255,RL,4,True,False,recoverable,0,False,RUNNING
90.36666666668465,10844,S8_RL_COM_SHIFT_AND_TRAVERSE,TOP_PLACE,v009_20260806_215232_433234_manual:S8_RL_COM_SHIFT_AND_TRAVERSE:ALTERNATE_PROFILE_1:segments-93-130,25.92500000002063,0.9736842105263158,132,1.004769206047058,-0.030652835965156555,0.14681488275527954,-0.0080520755493506,-0.006355201782122176,0.20915956585153933,RL,4,True,False,recoverable,0,False,RUNNING
90.43333333335137,10852,S8_RL_COM_SHIFT_AND_TRAVERSE,TOP_PLACE,v009_20260806_215232_433234_manual:S8_RL_COM_SHIFT_AND_TRAVERSE:ALTERNATE_PROFILE_1:segments-93-130,25.99166666668735,0.9736842105263158,132,1.005079746246338,-0.030574187636375427,0.14705929160118103,-0.008089805922952073,-0.0074582754364512765,0.20913538022443628,RL,4,True,False,recoverable,0,False,RUNNING
90.50000000001809,10860,S8_RL_COM_SHIFT_AND_TRAVERSE,TOP_PLACE,v009_20260806_215232_433234_manual:S8_RL_COM_SHIFT_AND_TRAVERSE:ALTERNATE_PROFILE_1:segments-93-130,26.05833333335407,0.9736842105263158,132,1.005462646484375,-0.03047783672809601,0.14737720787525177,-0.008258025106039648,-0.008285207362790559,0.2091623559423695,RL,4,True,False,recoverable,0,False,RUNNING
90.56666666668481,10868,S8_RL_COM_SHIFT_AND_TRAVERSE,TOP_PLACE,v009_20260806_215232_433234_manual:S8_RL_COM_SHIFT_AND_TRAVERSE:ALTERNATE_PROFILE_1:segments-93-130,26.12500000002079,0.9736842105263158,132,1.005515217781067,-0.030414581298828125,0.1476312279701233,-0.008747115932257214,-0.009139121327792134,0.2091559481350122,RL,4,True,False,recoverable,0,False,RUNNING
90.63333333335153,10876,S10_POSTURE_RECOVERY,RECOVERY,v009_20260806_215232_433234_manual:S10_POSTURE_RECOVERY:RECOVERY_PROFILE_1:segments-131-131,0.05000000000003979,0.0,132,1.0070898532867432,-0.030026644468307495,0.1479015350341797,-0.009270185601843619,-0.011106626969488723,0.20918166169829921,,4,True,False,recoverable,0,False,RUNNING
90.70000000001825,10884,S10_POSTURE_RECOVERY,RECOVERY,v009_20260806_215232_433234_manual:S10_POSTURE_RECOVERY:RECOVERY_PROFILE_1:segments-131-131,0.11666666666675951,0.0,132,1.0079469680786133,-0.02979932725429535,0.14814099669456482,-0.009696769279821233,-0.012500613539075427,0.2091964492001312,,4,True,False,recoverable,0,False,RUNNING
90.76666666668497,10892,SUCCESS,COMPLETE,,0.12500000000009948,1.0,132,1.008405327796936,-0.029668234288692474,0.14836126565933228,-0.010010073737690337,-0.01350074703742748,0.20920820475032903,,4,True,False,recoverable,0,True,TASK_SUCCESS_POSTURE_INCOMPLETE
90.83333333335169,10900,SUCCESS,COMPLETE,,0.12500000000009948,1.0,132,1.0086748600006104,-0.029581092298030853,0.14857321977615356,-0.010289102397137082,-0.014354124093423171,0.20922099115235157,,4,True,False,recoverable,0,True,TASK_SUCCESS_POSTURE_INCOMPLETE
90.90000000001841,10908,SUCCESS,COMPLETE,,0.12500000000009948,1.0,132,1.0088529586791992,-0.02951589971780777,0.14878422021865845,-0.010542393768289696,-0.01515146560473066,0.20923286012196474,,4,True,False,recoverable,0,True,TASK_SUCCESS_POSTURE_INCOMPLETE
90.96666666668513,10916,SUCCESS,COMPLETE,,0.12500000000009948,1.0,132,1.0090640783309937,-0.029453657567501068,0.14898747205734253,-0.010706669786651106,-0.015900611965031817,0.20924693976578285,,4,True,False,recoverable,0,True,TASK_SUCCESS_POSTURE_INCOMPLETE
91.03333333335185,10924,SUCCESS,COMPLETE,,0.12500000000009948,1.0,132,1.009379506111145,-0.029377803206443787,0.14921115338802338,-0.010798726761223837,-0.01668455875308214,0.20926533365964145,,4,True,False,recoverable,0,True,TASK_SUCCESS_POSTURE_INCOMPLETE
91.10000000001857,10932,SUCCESS,COMPLETE,,0.12500000000009948,1.0,132,1.0096774101257324,-0.029306717216968536,0.1494399607181549,-0.010859186283474861,-0.01744591726153933,0.20927658318577289,,4,True,False,recoverable,0,True,TASK_SUCCESS_POSTURE_INCOMPLETE
91.16666666668529,10940,SUCCESS,COMPLETE,,0.12500000000009948,1.0,132,1.0099599361419678,-0.02923872321844101,0.14966991543769836,-0.0109204185522012,-0.018197893752245002,0.2092876964899972,,4,True,False,recoverable,0,True,TASK_SUCCESS_POSTURE_INCOMPLETE
91.23333333335201,10948,SUCCESS,COMPLETE,,0.12500000000009948,1.0,132,1.0102343559265137,-0.02917250245809555,0.1499001830816269,-0.0109807277139938,-0.018946015165909602,0.209298119940272,,4,True,False,recoverable,0,True,TASK_SUCCESS_POSTURE_INCOMPLETE
91.23333333335201,10948,SUCCESS,COMPLETE,,0.12500000000009948,1.0,132,1.0102343559265137,-0.02917250245809555,0.1499001830816269,-0.0109807277139938,-0.018946015165909602,0.209298119940272,,4,True,False,recoverable,0,True,TASK_SUCCESS_POSTURE_INCOMPLETE
