sim_time_s,sim_step,macro_state,subphase,profile_id,phase_elapsed_s,profile_fraction,command_epoch,base_x_m,base_y_m,base_z_m,base_roll_rad,base_pitch_rad,base_yaw_rad,active_leg,geometry_support_candidate_count,robot_state_finite,joint_limit_violation,stability_state,retry_count,controller_terminal,controller_terminal_outcome
1.5666666666666635,188,,,fsm50-gate-c-successful-recording-profiles-v1,,,,-0.003989968448877335,-0.000993184745311737,0.09901051968336105,-3.8795075004099296e-05,-0.012018071330770567,0.0030498701370338887,,4,True,False,stable,0,False,
1.63333333333333,196,S1_APPROACH_AND_PRE_FR_SHIFT,PRELOAD,v008_20260806_211408_578700_manual:S1_APPROACH_AND_PRE_FR_SHIFT:ALTERNATE_PROFILE_2:segments-0-4,0.04166666666666652,0.0,0,-0.004020538181066513,-0.0009933039546012878,0.09900183975696564,-3.801701551617001e-05,-0.012015386625265804,0.003050028860425154,FR,4,True,False,stable,0,False,RUNNING
1.6999999999999964,204,S1_APPROACH_AND_PRE_FR_SHIFT,PRELOAD,v008_20260806_211408_578700_manual:S1_APPROACH_AND_PRE_FR_SHIFT:ALTERNATE_PROFILE_2:segments-0-4,0.10833333333333295,0.0,1,-0.003976758569478989,-0.0007010474801063538,0.09827817231416702,-0.0030215828633134855,-0.015451471282076584,0.0030997571651110774,FR,4,True,False,recoverable,0,False,RUNNING
1.7666666666666628,212,S1_APPROACH_AND_PRE_FR_SHIFT,PRELOAD,v008_20260806_211408_578700_manual:S1_APPROACH_AND_PRE_FR_SHIFT:ALTERNATE_PROFILE_2:segments-0-4,0.17499999999999938,0.0,1,-0.0044844988733530045,-0.00022939592599868774,0.09754779934883118,-0.007883179099402537,-0.019461972893164273,0.0031914849580530723,FR,4,True,False,recoverable,0,False,RUNNING
1.8333333333333293,220,S1_APPROACH_AND_PRE_FR_SHIFT,PRELOAD,v008_20260806_211408_578700_manual:S1_APPROACH_AND_PRE_FR_SHIFT:ALTERNATE_PROFILE_2:segments-0-4,0.2416666666666658,0.0,1,-0.0050901565700769424,0.00031335651874542236,0.09683556854724884,-0.0135195634950234,-0.023824176409049443,0.0033207986604472496,FR,3,True,False,recoverable,0,False,RUNNING
1.8999999999999957,228,S1_APPROACH_AND_PRE_FR_SHIFT,PRELOAD,v008_20260806_211408_578700_manual:S1_APPROACH_AND_PRE_FR_SHIFT:ALTERNATE_PROFILE_2:segments-0-4,0.30833333333333224,0.2,2,-0.0056535471230745316,0.0012420639395713806,0.09576340019702911,-0.023235187641057017,-0.03149092827477751,0.003608765544324357,FR,3,True,False,recoverable,0,False,RUNNING
1.9666666666666621,236,S1_APPROACH_AND_PRE_FR_SHIFT,PRELOAD,v008_20260806_211408_578700_manual:S1_APPROACH_AND_PRE_FR_SHIFT:ALTERNATE_PROFILE_2:segments-0-4,0.37499999999999867,0.2,2,-0.006638143211603165,0.002287857234477997,0.09463898092508316,-0.03432062036553039,-0.03939388174851703,0.004003410866553506,FR,2,True,False,recoverable,0,False,RUNNING
2.0333333333333288,244,S1_APPROACH_AND_PRE_FR_SHIFT,PRELOAD,v008_20260806_211408_578700_manual:S1_APPROACH_AND_PRE_FR_SHIFT:ALTERNATE_PROFILE_2:segments-0-4,0.4416666666666653,0.2,2,-0.007533872500061989,0.0032477304339408875,0.09358107298612595,-0.04461785318239278,-0.046742891795015076,0.004454229473915735,FR,2,True,False,recoverable,0,False,RUNNING
2.099999999999995,252,S1_APPROACH_AND_PRE_FR_SHIFT,PRELOAD,v008_20260806_211408_578700_manual:S1_APPROACH_AND_PRE_FR_SHIFT:ALTERNATE_PROFILE_2:segments-0-4,0.5083333333333317,0.2,2,-0.008435113355517387,0.0042335838079452515,0.09248712658882141,-0.0553112866125939,-0.05439692032536977,0.0050131563519663904,FR,2,True,False,recoverable,0,False,RUNNING
2.1666666666666616,260,S1_APPROACH_AND_PRE_FR_SHIFT,PRELOAD,v008_20260806_211408_578700_manual:S1_APPROACH_AND_PRE_FR_SHIFT:ALTERNATE_PROFILE_2:segments-0-4,0.5749999999999982,0.2,2,-0.008839093148708344,0.005071498453617096,0.09156067669391632,-0.06456880292145353,-0.06144307919149182,0.005581204493870176,FR,2,True,False,recoverable,0,False,RUNNING
2.233333333333328,268,S1_APPROACH_AND_PRE_FR_SHIFT,PRELOAD,v008_20260806_211408_578700_manual:S1_APPROACH_AND_PRE_FR_SHIFT:ALTERNATE_PROFILE_2:segments-0-4,0.6416666666666646,0.2,2,-0.009244803339242935,0.005876511335372925,0.09064427018165588,-0.07355321772197644,-0.06825209768152506,0.00618169807631526,FR,2,True,False,recoverable,0,False,RUNNING
2.2999999999999945,276,S1_APPROACH_AND_PRE_FR_SHIFT,PRELOAD,v008_20260806_211408_578700_manual:S1_APPROACH_AND_PRE_FR_SHIFT:ALTERNATE_PROFILE_2:segments-0-4,0.708333333333331,0.4,3,-0.009943561628460884,0.007128402590751648,0.0891876071691513,-0.08772516320192353,-0.07901995364966719,0.007251719443351152,FR,2,True,False,recoverable,0,False,RUNNING
2.366666666666661,284,S1_APPROACH_AND_PRE_FR_SHIFT,PRELOAD,v008_20260806_211408_578700_manual:S1_APPROACH_AND_PRE_FR_SHIFT:ALTERNATE_PROFILE_2:segments-0-4,0.7749999999999975,0.6,4,-0.011226223781704903,0.008944623172283173,0.08701565116643906,-0.10882031691426935,-0.09472167165241735,0.009110229398394287,FR,2,True,False,recoverable,0,False,RUNNING
2.4333333333333274,292,S1_APPROACH_AND_PRE_FR_SHIFT,PRELOAD,v008_20260806_211408_578700_manual:S1_APPROACH_AND_PRE_FR_SHIFT:ALTERNATE_PROFILE_2:segments-0-4,0.8416666666666639,0.6,4,-0.01307259127497673,0.011313065886497498,0.08401910960674286,-0.13735842463209916,-0.11567413605171097,0.012117118473273887,FR,2,True,False,recoverable,0,False,RUNNING
2.499999999999994,300,S1_APPROACH_AND_PRE_FR_SHIFT,ADVANCE,v008_20260806_211408_578700_manual:S1_APPROACH_AND_PRE_FR_SHIFT:ALTERNATE_PROFILE_2:segments-0-4,0.9083333333333303,0.8,5,-0.014657966792583466,0.014405019581317902,0.0797242596745491,-0.1768280857036709,-0.1442671227677503,0.017133637176153318,FR,3,True,False,recoverable,0,False,RUNNING
2.56666666666666,308,S1_APPROACH_AND_PRE_FR_SHIFT,ADVANCE,v008_20260806_211408_578700_manual:S1_APPROACH_AND_PRE_FR_SHIFT:ALTERNATE_PROFILE_2:segments-0-4,0.9749999999999968,0.8,5,-0.014256644994020462,0.015001021325588226,0.07879897952079773,-0.18594190857153403,-0.15038036898726093,0.01860530139154031,FR,3,True,False,recoverable,0,False,RUNNING
2.6333333333333266,316,S1_APPROACH_AND_PRE_FR_SHIFT,ADVANCE,v008_20260806_211408_578700_manual:S1_APPROACH_AND_PRE_FR_SHIFT:ALTERNATE_PROFILE_2:segments-0-4,1.0416666666666632,0.8,5,-0.013159915804862976,0.015178985893726349,0.07844167947769165,-0.1885448597867435,-0.15231029934114584,0.018973801401179616,FR,3,True,False,recoverable,0,False,RUNNING
2.699999999999993,324,S1_APPROACH_AND_PRE_FR_SHIFT,ADVANCE,v008_20260806_211408_578700_manual:S1_APPROACH_AND_PRE_FR_SHIFT:ALTERNATE_PROFILE_2:segments-0-4,1.1083333333333296,0.8,5,-0.012139566242694855,0.015288487076759338,0.07816629111766815,-0.19009901110446195,-0.1533888396603915,0.019126263723072193,FR,3,True,False,recoverable,0,False,RUNNING
2.7666666666666595,332,S1_APPROACH_AND_PRE_FR_SHIFT,ADVANCE,v008_20260806_211408_578700_manual:S1_APPROACH_AND_PRE_FR_SHIFT:ALTERNATE_PROFILE_2:segments-0-4,1.174999999999996,0.8,5,-0.011363673955202103,0.015350110828876495,0.07813819497823715,-0.19089061326340107,-0.1543316506559237,0.019203931957192298,FR,3,True,False,recoverable,0,False,RUNNING
2.833333333333326,340,S1_APPROACH_AND_PRE_FR_SHIFT,ADVANCE,v008_20260806_211408_578700_manual:S1_APPROACH_AND_PRE_FR_SHIFT:ALTERNATE_PROFILE_2:segments-0-4,1.2416666666666625,0.8,5,-0.010549694299697876,0.015386268496513367,0.07813499122858047,-0.19141983829472292,-0.15513972801437934,0.01922858216512259,FR,3,True,False,recoverable,0,False,RUNNING
2.8999999999999924,348,S1_APPROACH_AND_PRE_FR_SHIFT,ADVANCE,v008_20260806_211408_578700_manual:S1_APPROACH_AND_PRE_FR_SHIFT:ALTERNATE_PROFILE_2:segments-0-4,1.308333333333329,0.8,5,-0.009696289896965027,0.015397198498249054,0.07814658433198929,-0.19178234141699677,-0.1558490679845543,0.01921567192590222,FR,3,True,False,recoverable,0,False,RUNNING
2.966666666666659,356,S1_APPROACH_AND_PRE_FR_SHIFT,ADVANCE,v008_20260806_211408_578700_manual:S1_APPROACH_AND_PRE_FR_SHIFT:ALTERNATE_PROFILE_2:segments-0-4,1.3749999999999953,0.8,5,-0.008796144276857376,0.015405640006065369,0.07815061509609222,-0.19207756356423536,-0.15655882508167596,0.01925641099969534,FR,3,True,False,recoverable,0,False,RUNNING
3.033333333333325,364,S1_APPROACH_AND_PRE_FR_SHIFT,ADVANCE,v008_20260806_211408_578700_manual:S1_APPROACH_AND_PRE_FR_SHIFT:ALTERNATE_PROFILE_2:segments-0-4,1.4416666666666618,0.8,5,-0.00786537304520607,0.015419229865074158,0.07815129309892654,-0.1922771159014669,-0.15721611749991596,0.019329480084371346,FR,3,True,False,recoverable,0,False,RUNNING
3.0999999999999917,372,S1_APPROACH_AND_PRE_FR_SHIFT,ADVANCE,v008_20260806_211408_578700_manual:S1_APPROACH_AND_PRE_FR_SHIFT:ALTERNATE_PROFILE_2:segments-0-4,1.5083333333333282,0.8,5,-0.007057696580886841,0.015440814197063446,0.07815875858068466,-0.19280490420390772,-0.15774213675785484,0.019340309060961583,FR,3,True,False,recoverable,0,False,RUNNING
3.166666666666658,380,S1_APPROACH_AND_PRE_FR_SHIFT,ADVANCE,v008_20260806_211408_578700_manual:S1_APPROACH_AND_PRE_FR_SHIFT:ALTERNATE_PROFILE_2:segments-0-4,1.5749999999999946,0.8,5,-0.006212867796421051,0.01541970670223236,0.07821136713027954,-0.19280367733644277,-0.15787562269664646,0.01928388494174799,FR,3,True,False,recoverable,0,False,RUNNING
3.2333333333333245,388,S1_APPROACH_AND_PRE_FR_SHIFT,ADVANCE,v008_20260806_211408_578700_manual:S1_APPROACH_AND_PRE_FR_SHIFT:ALTERNATE_PROFILE_2:segments-0-4,1.641666666666661,0.8,5,-0.005307547748088837,0.015361092984676361,0.07829081267118454,-0.19240797731496553,-0.1577449779653163,0.01916109406162154,FR,3,True,False,recoverable,0,False,RUNNING
3.299999999999991,396,S1_APPROACH_AND_PRE_FR_SHIFT,ADVANCE,v008_20260806_211408_578700_manual:S1_APPROACH_AND_PRE_FR_SHIFT:ALTERNATE_PROFILE_2:segments-0-4,1.7083333333333275,0.8,5,-0.004365723580121994,0.015294402837753296,0.07835965603590012,-0.192035581402827,-0.1576419922712009,0.019052968622532033,FR,3,True,False,recoverable,0,False,RUNNING
3.3666666666666574,404,S1_APPROACH_AND_PRE_FR_SHIFT,ADVANCE,v008_20260806_211408_578700_manual:S1_APPROACH_AND_PRE_FR_SHIFT:ALTERNATE_PROFILE_2:segments-0-4,1.774999999999994,0.8,5,-0.003390364348888397,0.01524931937456131,0.07841138541698456,-0.19154370255702205,-0.15757674879428824,0.018916168965467873,FR,3,True,False,recoverable,0,False,RUNNING
3.433333333333324,412,S1_APPROACH_AND_PRE_FR_SHIFT,ADVANCE,v008_20260806_211408_578700_manual:S1_APPROACH_AND_PRE_FR_SHIFT:ALTERNATE_PROFILE_2:segments-0-4,1.8416666666666603,0.8,5,-0.002395905554294586,0.015223443508148193,0.07842352986335754,-0.1910756907031869,-0.15744081562013942,0.018750452527706053,FR,3,True,False,recoverable,0,False,RUNNING
3.4999999999999902,420,S1_APPROACH_AND_PRE_FR_SHIFT,ADVANCE,v008_20260806_211408_578700_manual:S1_APPROACH_AND_PRE_FR_SHIFT:ALTERNATE_PROFILE_2:segments-0-4,1.9083333333333268,0.8,5,-0.0013633035123348236,0.015174321830272675,0.07842875272035599,-0.1906906734825783,-0.1573648007374645,0.018579999506048165,FR,3,True,False,recoverable,0,False,RUNNING
3.5666666666666567,428,S1_APPROACH_AND_PRE_FR_SHIFT,ADVANCE,v008_20260806_211408_578700_manual:S1_APPROACH_AND_PRE_FR_SHIFT:ALTERNATE_PROFILE_2:segments-0-4,1.9749999999999932,0.8,5,-0.00031204521656036377,0.015112645924091339,0.07842157781124115,-0.19028429757771942,-0.15728254470157355,0.018366348096671436,FR,3,True,False,recoverable,0,False,RUNNING
3.633333333333323,436,S1_APPROACH_AND_PRE_FR_SHIFT,ADVANCE,v008_20260806_211408_578700_manual:S1_APPROACH_AND_PRE_FR_SHIFT:ALTERNATE_PROFILE_2:segments-0-4,2.04166666666666,0.8,5,0.000720638781785965,0.015088587999343872,0.0783996731042862,-0.1897343225549225,-0.1571169632110553,0.018288844550232018,FR,3,True,False,recoverable,0,False,RUNNING
3.6999999999999895,444,S1_APPROACH_AND_PRE_FR_SHIFT,ADVANCE,v008_20260806_211408_578700_manual:S1_APPROACH_AND_PRE_FR_SHIFT:ALTERNATE_PROFILE_2:segments-0-4,2.1083333333333263,0.8,5,0.0017826482653617859,0.015078648924827576,0.07835210859775543,-0.18922692940034713,-0.15696819838385329,0.018311892484868718,FR,3,True,False,recoverable,0,False,RUNNING
3.766666666666656,452,S1_APPROACH_AND_PRE_FR_SHIFT,ADVANCE,v008_20260806_211408_578700_manual:S1_APPROACH_AND_PRE_FR_SHIFT:ALTERNATE_PROFILE_2:segments-0-4,2.1749999999999927,0.8,5,0.0027001574635505676,0.015076421201229095,0.07830382138490677,-0.18913214661790784,-0.1566617239852323,0.01837461332739173,FR,3,True,False,recoverable,0,False,RUNNING
3.8333333333333224,460,S1_APPROACH_AND_PRE_FR_SHIFT,ADVANCE,v008_20260806_211408_578700_manual:S1_APPROACH_AND_PRE_FR_SHIFT:ALTERNATE_PROFILE_2:segments-0-4,2.241666666666659,0.8,5,0.003548700362443924,0.015101082623004913,0.07826709002256393,-0.18935086023914155,-0.1562537031978983,0.01843427324291255,FR,3,True,False,recoverable,0,False,RUNNING
3.899999999999989,468,S1_APPROACH_AND_PRE_FR_SHIFT,ADVANCE,v008_20260806_211408_578700_manual:S1_APPROACH_AND_PRE_FR_SHIFT:ALTERNATE_PROFILE_2:segments-0-4,2.3083333333333256,0.8,5,0.004498634487390518,0.015131592750549316,0.07821785658597946,-0.1896476124755458,-0.15589077485378233,0.01850776704019871,FR,3,True,False,recoverable,0,False,RUNNING
3.9666666666666552,476,S1_APPROACH_AND_PRE_FR_SHIFT,ADVANCE,v008_20260806_211408_578700_manual:S1_APPROACH_AND_PRE_FR_SHIFT:ALTERNATE_PROFILE_2:segments-0-4,2.374999999999992,0.8,5,0.0054784007370471954,0.015159741044044495,0.07814151793718338,-0.19000183581926258,-0.15556153892717292,0.018583056358663433,FR,3,True,False,recoverable,0,False,RUNNING
4.0333333333333234,484,S1_APPROACH_AND_PRE_FR_SHIFT,ADVANCE,v008_20260806_211408_578700_manual:S1_APPROACH_AND_PRE_FR_SHIFT:ALTERNATE_PROFILE_2:segments-0-4,2.4416666666666593,0.8,5,0.006505133584141731,0.015181176364421844,0.07803717255592346,-0.19039030426120335,-0.15524513206570806,0.01866174359605449,FR,3,True,False,recoverable,0,False,RUNNING
4.099999999999993,492,S1_APPROACH_AND_PRE_FR_SHIFT,ADVANCE,v008_20260806_211408_578700_manual:S1_APPROACH_AND_PRE_FR_SHIFT:ALTERNATE_PROFILE_2:segments-0-4,2.5083333333333293,0.8,5,0.007546141743659973,0.015212513506412506,0.07791958004236221,-0.19079481018675018,-0.15491282803051623,0.01875521869094224,FR,3,True,False,recoverable,0,False,RUNNING
4.166666666666663,500,S1_APPROACH_AND_PRE_FR_SHIFT,ADVANCE,v008_20260806_211408_578700_manual:S1_APPROACH_AND_PRE_FR_SHIFT:ALTERNATE_PROFILE_2:segments-0-4,2.5749999999999993,0.8,5,0.008616464212536812,0.015230342745780945,0.07777895033359528,-0.19123584913834074,-0.1546199358360423,0.01883310694899706,FR,3,True,False,recoverable,0,False,RUNNING
4.233333333333333,508,S1_APPROACH_AND_PRE_FR_SHIFT,ADVANCE,v008_20260806_211408_578700_manual:S1_APPROACH_AND_PRE_FR_SHIFT:ALTERNATE_PROFILE_2:segments-0-4,2.6416666666666693,0.8,5,0.009326288476586342,0.015242598950862885,0.07788662612438202,-0.19146733143315195,-0.15481133151052867,0.018873668989557432,FR,3,True,False,recoverable,0,False,RUNNING
4.300000000000003,516,S1_APPROACH_AND_PRE_FR_SHIFT,ADVANCE,v008_20260806_211408_578700_manual:S1_APPROACH_AND_PRE_FR_SHIFT:ALTERNATE_PROFILE_2:segments-0-4,2.7083333333333393,0.8,5,0.01011461578309536,0.015253178775310516,0.07798030972480774,-0.1917792113234789,-0.1550903961548727,0.018929822995084684,FR,3,True,False,recoverable,0,False,RUNNING
4.366666666666673,524,S1_APPROACH_AND_PRE_FR_SHIFT,ADVANCE,v008_20260806_211408_578700_manual:S1_APPROACH_AND_PRE_FR_SHIFT:ALTERNATE_PROFILE_2:segments-0-4,2.7750000000000092,0.8,5,0.010935192927718163,0.015258163213729858,0.07806351035833359,-0.19208708402272318,-0.15539810290364434,0.018992869802168726,FR,3,True,False,recoverable,0,False,RUNNING
4.433333333333343,532,S1_APPROACH_AND_PRE_FR_SHIFT,ADVANCE,v008_20260806_211408_578700_manual:S1_APPROACH_AND_PRE_FR_SHIFT:ALTERNATE_PROFILE_2:segments-0-4,2.841666666666679,0.8,5,0.011782798916101456,0.015278249979019165,0.07813681662082672,-0.19246377794467473,-0.15573277326588084,0.01904281153054255,FR,3,True,False,recoverable,0,False,RUNNING
4.500000000000013,540,S1_APPROACH_AND_PRE_FR_SHIFT,ADVANCE,v008_20260806_211408_578700_manual:S1_APPROACH_AND_PRE_FR_SHIFT:ALTERNATE_PROFILE_2:segments-0-4,2.908333333333349,0.8,5,0.012673001736402512,0.015288405120372772,0.07819285243749619,-0.19284754885905647,-0.1561414683875717,0.0191119292109651,FR,3,True,False,recoverable,0,False,RUNNING
4.566666666666683,548,S1_APPROACH_AND_PRE_FR_SHIFT,ADVANCE,v008_20260806_211408_578700_manual:S1_APPROACH_AND_PRE_FR_SHIFT:ALTERNATE_PROFILE_2:segments-0-4,2.975000000000019,0.8,5,0.013573171570897102,0.015294142067432404,0.07823202013969421,-0.1932321256177482,-0.15655520397132236,0.01918717463650127,FR,3,True,False,recoverable,0,False,RUNNING
4.633333333333353,556,S1_APPROACH_AND_PRE_FR_SHIFT,ADVANCE,v008_20260806_211408_578700_manual:S1_APPROACH_AND_PRE_FR_SHIFT:ALTERNATE_PROFILE_2:segments-0-4,3.041666666666689,0.8,5,0.014490097761154175,0.01530783623456955,0.0782468244433403,-0.19365278479199077,-0.15699033031695822,0.019214805997366143,FR,3,True,False,recoverable,0,False,RUNNING
4.700000000000023,564,S1_APPROACH_AND_PRE_FR_SHIFT,ADVANCE,v008_20260806_211408_578700_manual:S1_APPROACH_AND_PRE_FR_SHIFT:ALTERNATE_PROFILE_2:segments-0-4,3.108333333333359,0.8,5,0.015436233952641487,0.01532820612192154,0.0782473161816597,-0.19409351387123794,-0.1574483538852878,0.019210466817027667,FR,3,True,False,recoverable,0,False,RUNNING
4.766666666666693,572,S1_APPROACH_AND_PRE_FR_SHIFT,ADVANCE,v008_20260806_211408_578700_manual:S1_APPROACH_AND_PRE_FR_SHIFT:ALTERNATE_PROFILE_2:segments-0-4,3.175000000000029,0.8,5,0.01640390045940876,0.015343889594078064,0.07823192328214645,-0.19452946814199354,-0.15790532807801122,0.01921029442545123,FR,3,True,False,recoverable,0,False,RUNNING
4.833333333333363,580,S1_APPROACH_AND_PRE_FR_SHIFT,ADVANCE,v008_20260806_211408_578700_manual:S1_APPROACH_AND_PRE_FR_SHIFT:ALTERNATE_PROFILE_2:segments-0-4,3.241666666666699,0.8,5,0.01738576404750347,0.015356063842773438,0.07819412648677826,-0.19498546604963454,-0.15838189533858957,0.019228172683035564,FR,3,True,False,recoverable,0,False,RUNNING
4.900000000000033,588,S1_APPROACH_AND_PRE_FR_SHIFT,ADVANCE,v008_20260806_211408_578700_manual:S1_APPROACH_AND_PRE_FR_SHIFT:ALTERNATE_PROFILE_2:segments-0-4,3.308333333333369,0.8,5,0.01836521551012993,0.01538114994764328,0.07812575250864029,-0.19541206068162945,-0.15881421296320047,0.019301827899558564,FR,3,True,False,recoverable,0,False,RUNNING
4.966666666666703,596,S1_APPROACH_AND_PRE_FR_SHIFT,ADVANCE,v008_20260806_211408_578700_manual:S1_APPROACH_AND_PRE_FR_SHIFT:ALTERNATE_PROFILE_2:segments-0-4,3.375000000000039,0.8,5,0.01934708282351494,0.015417009592056274,0.07804533839225769,-0.19580468588209016,-0.15923649598299647,0.019400938675030968,FR,3,True,False,recoverable,0,False,RUNNING
5.033333333333373,604,S1_APPROACH_AND_PRE_FR_SHIFT,ADVANCE,v008_20260806_211408_578700_manual:S1_APPROACH_AND_PRE_FR_SHIFT:ALTERNATE_PROFILE_2:segments-0-4,3.441666666666709,0.8,5,0.020304851233959198,0.015384912490844727,0.07803234457969666,-0.19536884239336627,-0.15896458198109856,0.019310864461580743,FR,3,True,False,recoverable,0,False,RUNNING
5.100000000000043,612,S1_APPROACH_AND_PRE_FR_SHIFT,ADVANCE,v008_20260806_211408_578700_manual:S1_APPROACH_AND_PRE_FR_SHIFT:ALTERNATE_PROFILE_2:segments-0-4,3.508333333333379,0.8,5,0.021364709362387657,0.015345484018325806,0.07799528539180756,-0.19489101512924895,-0.1587644521626212,0.019258331666683635,FR,3,True,False,recoverable,0,False,RUNNING
5.166666666666713,620,S1_APPROACH_AND_PRE_FR_SHIFT,ADVANCE,v008_20260806_211408_578700_manual:S1_APPROACH_AND_PRE_FR_SHIFT:ALTERNATE_PROFILE_2:segments-0-4,3.575000000000049,0.8,5,0.022463422268629074,0.01529991626739502,0.07793943583965302,-0.19435376736474305,-0.15856470954279842,0.019192765144417066,FR,3,True,False,recoverable,0,False,RUNNING
5.233333333333383,628,S1_APPROACH_AND_PRE_FR_SHIFT,ADVANCE,v008_20260806_211408_578700_manual:S1_APPROACH_AND_PRE_FR_SHIFT:ALTERNATE_PROFILE_2:segments-0-4,3.641666666666719,0.8,5,0.0235656276345253,0.015267692506313324,0.07786451280117035,-0.19380016037418046,-0.15836072516027858,0.019169608954077114,FR,3,True,False,recoverable,0,False,RUNNING
5.300000000000053,636,S1_APPROACH_AND_PRE_FR_SHIFT,ADVANCE,v008_20260806_211408_578700_manual:S1_APPROACH_AND_PRE_FR_SHIFT:ALTERNATE_PROFILE_2:segments-0-4,3.708333333333389,0.8,5,0.024688810110092163,0.015227295458316803,0.07775716483592987,-0.19337644565087628,-0.15813611243213826,0.019189587887654985,FR,3,True,False,recoverable,0,False,RUNNING
5.366666666666723,644,S1_APPROACH_AND_PRE_FR_SHIFT,ADVANCE,v008_20260806_211408_578700_manual:S1_APPROACH_AND_PRE_FR_SHIFT:ALTERNATE_PROFILE_2:segments-0-4,3.775000000000059,0.8,5,0.025829017162322998,0.015192829072475433,0.07763020694255829,-0.1929054438539072,-0.15789302563961494,0.01916910137221207,FR,3,True,False,recoverable,0,False,RUNNING
5.433333333333393,652,S1_APPROACH_AND_PRE_FR_SHIFT,ADVANCE,v008_20260806_211408_578700_manual:S1_APPROACH_AND_PRE_FR_SHIFT:ALTERNATE_PROFILE_2:segments-0-4,3.841666666666729,0.8,5,0.027000535279512405,0.015153855085372925,0.07746975123882294,-0.1923401108679579,-0.1576507327944557,0.019107608032695463,FR,3,True,False,recoverable,0,False,RUNNING
5.500000000000063,660,S1_APPROACH_AND_PRE_FR_SHIFT,ADVANCE,v008_20260806_211408_578700_manual:S1_APPROACH_AND_PRE_FR_SHIFT:ALTERNATE_PROFILE_2:segments-0-4,3.908333333333399,0.8,5,0.02789175510406494,0.015147961676120758,0.07735744118690491,-0.19261390132700001,-0.15709408899738503,0.019101432947619075,FR,3,True,False,recoverable,0,False,RUNNING
5.566666666666733,668,S1_APPROACH_AND_PRE_FR_SHIFT,ADVANCE,v008_20260806_211408_578700_manual:S1_APPROACH_AND_PRE_FR_SHIFT:ALTERNATE_PROFILE_2:segments-0-4,3.975000000000069,0.8,5,0.02881808951497078,0.015158139169216156,0.07724444568157196,-0.19298334672947504,-0.1565912308723343,0.0191078867521783,FR,3,True,False,recoverable,0,False,RUNNING
5.633333333333403,676,S1_APPROACH_AND_PRE_FR_SHIFT,ADVANCE,v008_20260806_211408_578700_manual:S1_APPROACH_AND_PRE_FR_SHIFT:ALTERNATE_PROFILE_2:segments-0-4,4.041666666666739,0.8,5,0.029452601447701454,0.015162743628025055,0.07736366242170334,-0.19322082067901983,-0.15664066818474376,0.019088581987682613,FR,3,True,False,recoverable,0,False,RUNNING
5.700000000000073,684,S1_APPROACH_AND_PRE_FR_SHIFT,ADVANCE,v008_20260806_211408_578700_manual:S1_APPROACH_AND_PRE_FR_SHIFT:ALTERNATE_PROFILE_2:segments-0-4,4.108333333333409,0.8,5,0.030192000791430473,0.015166282653808594,0.07746929675340652,-0.1934950666499865,-0.15680743360509553,0.019094573974744615,FR,3,True,False,recoverable,0,False,RUNNING
5.766666666666743,692,S1_APPROACH_AND_PRE_FR_SHIFT,ADVANCE,v008_20260806_211408_578700_manual:S1_APPROACH_AND_PRE_FR_SHIFT:ALTERNATE_PROFILE_2:segments-0-4,4.175000000000079,0.8,5,0.030978135764598846,0.015174001455307007,0.07756917178630829,-0.19387316198840673,-0.15704091732694556,0.019128413600692236,FR,3,True,False,recoverable,0,False,RUNNING
5.833333333333413,700,S1_APPROACH_AND_PRE_FR_SHIFT,ADVANCE,v008_20260806_211408_578700_manual:S1_APPROACH_AND_PRE_FR_SHIFT:ALTERNATE_PROFILE_2:segments-0-4,4.241666666666749,0.8,5,0.03179303556680679,0.015174463391304016,0.07766906917095184,-0.1940901069427767,-0.15723153542030344,0.019127543296460384,FR,3,True,False,recoverable,0,False,RUNNING
5.900000000000083,708,S1_APPROACH_AND_PRE_FR_SHIFT,ADVANCE,v008_20260806_211408_578700_manual:S1_APPROACH_AND_PRE_FR_SHIFT:ALTERNATE_PROFILE_2:segments-0-4,4.308333333333419,0.8,5,0.03263485059142113,0.0151304230093956,0.07780962437391281,-0.1938406255708091,-0.15706116328668074,0.01907300980984361,FR,3,True,False,recoverable,0,False,RUNNING
5.966666666666753,716,S1_APPROACH_AND_PRE_FR_SHIFT,ADVANCE,v008_20260806_211408_578700_manual:S1_APPROACH_AND_PRE_FR_SHIFT:ALTERNATE_PROFILE_2:segments-0-4,4.375000000000089,0.8,5,0.03350532799959183,0.015082016587257385,0.07793615013360977,-0.19359884983819314,-0.15691354376536507,0.019001295999753625,FR,3,True,False,recoverable,0,False,RUNNING
6.033333333333423,724,S1_APPROACH_AND_PRE_FR_SHIFT,ADVANCE,v008_20260806_211408_578700_manual:S1_APPROACH_AND_PRE_FR_SHIFT:ALTERNATE_PROFILE_2:segments-0-4,4.441666666666759,0.8,5,0.034407779574394226,0.015043608844280243,0.07804577797651291,-0.19341241670344614,-0.15680825010762273,0.01897267001192593,FR,3,True,False,recoverable,0,False,RUNNING
6.100000000000093,732,S1_APPROACH_AND_PRE_FR_SHIFT,ADVANCE,v008_20260806_211408_578700_manual:S1_APPROACH_AND_PRE_FR_SHIFT:ALTERNATE_PROFILE_2:segments-0-4,4.508333333333429,0.8,5,0.03531917929649353,0.014992237091064453,0.07814168184995651,-0.193223149568844,-0.15671188809364456,0.018935174898835304,FR,3,True,False,recoverable,0,False,RUNNING
6.166666666666763,740,S1_APPROACH_AND_PRE_FR_SHIFT,ADVANCE,v008_20260806_211408_578700_manual:S1_APPROACH_AND_PRE_FR_SHIFT:ALTERNATE_PROFILE_2:segments-0-4,4.575000000000099,0.8,5,0.0362408347427845,0.014941990375518799,0.07822439074516296,-0.19305492890342607,-0.15661135862190237,0.01888745172399527,FR,3,True,False,recoverable,0,False,RUNNING
6.233333333333433,748,S1_APPROACH_AND_PRE_FR_SHIFT,ADVANCE,v008_20260806_211408_578700_manual:S1_APPROACH_AND_PRE_FR_SHIFT:ALTERNATE_PROFILE_2:segments-0-4,4.641666666666769,0.8,5,0.0372147299349308,0.014901094138622284,0.078286312520504,-0.19291375970243807,-0.15657280409926222,0.018822912028465668,FR,3,True,False,recoverable,0,False,RUNNING
6.300000000000103,756,S1_APPROACH_AND_PRE_FR_SHIFT,ADVANCE,v008_20260806_211408_578700_manual:S1_APPROACH_AND_PRE_FR_SHIFT:ALTERNATE_PROFILE_2:segments-0-4,4.708333333333439,0.8,5,0.03820536285638809,0.014852717518806458,0.07833419740200043,-0.1928004292957473,-0.15653939068816466,0.018734533074063284,FR,3,True,False,recoverable,0,False,RUNNING
6.366666666666773,764,S1_APPROACH_AND_PRE_FR_SHIFT,ADVANCE,v008_20260806_211408_578700_manual:S1_APPROACH_AND_PRE_FR_SHIFT:ALTERNATE_PROFILE_2:segments-0-4,4.775000000000109,0.8,5,0.03919629752635956,0.014819525182247162,0.07836218178272247,-0.19262248676687552,-0.15643798251369512,0.018703498097401315,FR,3,True,False,recoverable,0,False,RUNNING
6.433333333333443,772,S1_APPROACH_AND_PRE_FR_SHIFT,ADVANCE,v008_20260806_211408_578700_manual:S1_APPROACH_AND_PRE_FR_SHIFT:ALTERNATE_PROFILE_2:segments-0-4,4.841666666666779,0.8,5,0.040189750492572784,0.014768987894058228,0.07838062942028046,-0.19246696678015196,-0.15634668574554178,0.01860581638229271,FR,3,True,False,recoverable,0,False,RUNNING
6.500000000000113,780,S1_APPROACH_AND_PRE_FR_SHIFT,ADVANCE,v008_20260806_211408_578700_manual:S1_APPROACH_AND_PRE_FR_SHIFT:ALTERNATE_PROFILE_2:segments-0-4,4.908333333333449,0.8,5,0.041204940527677536,0.014741845428943634,0.07836978882551193,-0.1923140939165186,-0.15625384627871683,0.01858641339164903,FR,3,True,False,recoverable,0,False,RUNNING
6.566666666666783,788,S1_APPROACH_AND_PRE_FR_SHIFT,ADVANCE,v008_20260806_211408_578700_manual:S1_APPROACH_AND_PRE_FR_SHIFT:ALTERNATE_PROFILE_2:segments-0-4,4.975000000000119,0.8,5,0.0422489158809185,0.014738760888576508,0.07833452522754669,-0.19217766070125228,-0.1561682970413183,0.018595547743090215,FR,3,True,False,recoverable,0,False,RUNNING
6.633333333333453,796,S1_APPROACH_AND_PRE_FR_SHIFT,ADVANCE,v008_20260806_211408_578700_manual:S1_APPROACH_AND_PRE_FR_SHIFT:ALTERNATE_PROFILE_2:segments-0-4,5.041666666666789,0.8,5,0.04331221058964729,0.014729447662830353,0.07827416062355042,-0.19199659910052772,-0.1560683653314269,0.0186007991743938,FR,3,True,False,recoverable,0,False,RUNNING
6.700000000000123,804,S1_APPROACH_AND_PRE_FR_SHIFT,ADVANCE,v008_20260806_211408_578700_manual:S1_APPROACH_AND_PRE_FR_SHIFT:ALTERNATE_PROFILE_2:segments-0-4,5.108333333333459,0.8,5,0.044399458914995193,0.014716953039169312,0.07818862795829773,-0.1918126675210682,-0.1559584743268941,0.018605618061812074,FR,3,True,False,recoverable,0,False,RUNNING
6.766666666666793,812,S1_APPROACH_AND_PRE_FR_SHIFT,ADVANCE,v008_20260806_211408_578700_manual:S1_APPROACH_AND_PRE_FR_SHIFT:ALTERNATE_PROFILE_2:segments-0-4,5.175000000000129,0.8,5,0.04550265520811081,0.014700978994369507,0.07807784527540207,-0.19165047103056174,-0.15583256758358138,0.018613224788063258,FR,3,True,False,recoverable,0,False,RUNNING
6.833333333333463,820,S1_APPROACH_AND_PRE_FR_SHIFT,ADVANCE,v008_20260806_211408_578700_manual:S1_APPROACH_AND_PRE_FR_SHIFT:ALTERNATE_PROFILE_2:segments-0-4,5.241666666666799,0.8,5,0.04662271589040756,0.014681220054626465,0.07793761789798737,-0.1914970713409685,-0.15569707041418598,0.01861981431720523,FR,3,True,False,recoverable,0,False,RUNNING
6.900000000000133,828,S1_APPROACH_AND_PRE_FR_SHIFT,ADVANCE,v008_20260806_211408_578700_manual:S1_APPROACH_AND_PRE_FR_SHIFT:ALTERNATE_PROFILE_2:segments-0-4,5.308333333333469,0.8,5,0.04776168242096901,0.014660701155662537,0.07776538282632828,-0.19129131810733413,-0.15553718886964293,0.01865142176540789,FR,3,True,False,recoverable,0,False,RUNNING
6.966666666666803,836,S1_APPROACH_AND_PRE_FR_SHIFT,ADVANCE,v008_20260806_211408_578700_manual:S1_APPROACH_AND_PRE_FR_SHIFT:ALTERNATE_PROFILE_2:segments-0-4,5.3750000000001386,0.8,5,0.04892289638519287,0.014636799693107605,0.07756870985031128,-0.19112162683905284,-0.15535903168404577,0.018670187468860386,FR,3,True,False,recoverable,0,False,RUNNING
7.033333333333473,844,S1_APPROACH_AND_PRE_FR_SHIFT,ADVANCE,v008_20260806_211408_578700_manual:S1_APPROACH_AND_PRE_FR_SHIFT:ALTERNATE_PROFILE_2:segments-0-4,5.4416666666668085,0.8,5,0.050069455057382584,0.014620520174503326,0.07736825197935104,-0.19112835954829147,-0.15508142390381893,0.018664318040141122,FR,3,True,False,recoverable,0,False,RUNNING
7.100000000000143,852,S1_APPROACH_AND_PRE_FR_SHIFT,ADVANCE,v008_20260806_211408_578700_manual:S1_APPROACH_AND_PRE_FR_SHIFT:ALTERNATE_PROFILE_2:segments-0-4,5.5083333333334785,0.8,5,0.05084902420639992,0.01465461403131485,0.0773322656750679,-0.1916063590274349,-0.154882537262225,0.01868949807203178,FR,3,True,False,recoverable,0,False,RUNNING
7.166666666666813,860,S1_APPROACH_AND_PRE_FR_SHIFT,ADVANCE,v008_20260806_211408_578700_manual:S1_APPROACH_AND_PRE_FR_SHIFT:ALTERNATE_PROFILE_2:segments-0-4,5.5750000000001485,0.8,5,0.051625095307826996,0.014678433537483215,0.07734677195549011,-0.19216887555547502,-0.15494889595129008,0.018743197572276812,FR,3,True,False,recoverable,0,False,RUNNING
7.233333333333483,868,S1_APPROACH_AND_PRE_FR_SHIFT,ADVANCE,v008_20260806_211408_578700_manual:S1_APPROACH_AND_PRE_FR_SHIFT:ALTERNATE_PROFILE_2:segments-0-4,5.6416666666668185,0.8,5,0.052490487694740295,0.014700770378112793,0.07735303044319153,-0.19276003126031155,-0.1551090786632242,0.018779878216183668,FR,3,True,False,recoverable,0,False,RUNNING
7.300000000000153,876,S1_APPROACH_AND_PRE_FR_SHIFT,ADVANCE,v008_20260806_211408_578700_manual:S1_APPROACH_AND_PRE_FR_SHIFT:ALTERNATE_PROFILE_2:segments-0-4,5.7083333333334885,0.8,5,0.05340273305773735,0.014711529016494751,0.07733534276485443,-0.1933931793623186,-0.15534220186309836,0.018872078049834224,FR,3,True,False,recoverable,0,False,RUNNING
7.366666666666823,884,S1_APPROACH_AND_PRE_FR_SHIFT,ADVANCE,v008_20260806_211408_578700_manual:S1_APPROACH_AND_PRE_FR_SHIFT:ALTERNATE_PROFILE_2:segments-0-4,5.7750000000001585,0.8,5,0.054337043315172195,0.014722071588039398,0.07730314135551453,-0.19395214218765713,-0.15556028692880722,0.018938436510107116,FR,3,True,False,recoverable,0,False,RUNNING
7.4333333333334926,892,S1_APPROACH_AND_PRE_FR_SHIFT,ADVANCE,v008_20260806_211408_578700_manual:S1_APPROACH_AND_PRE_FR_SHIFT:ALTERNATE_PROFILE_2:segments-0-4,5.841666666666828,0.8,5,0.055282220244407654,0.014681711792945862,0.07733074575662613,-0.19385462587134242,-0.15522149128075713,0.018857813479785223,FR,3,True,False,recoverable,0,False,RUNNING
7.5000000000001625,900,S1_APPROACH_AND_PRE_FR_SHIFT,ADVANCE,v008_20260806_211408_578700_manual:S1_APPROACH_AND_PRE_FR_SHIFT:ALTERNATE_PROFILE_2:segments-0-4,5.908333333333498,0.8,5,0.05626411736011505,0.014635913074016571,0.07734762877225876,-0.19364297361922772,-0.15483196364187757,0.01879193098959081,FR,3,True,False,recoverable,0,False,RUNNING
7.5666666666668325,908,S1_APPROACH_AND_PRE_FR_SHIFT,ADVANCE,v008_20260806_211408_578700_manual:S1_APPROACH_AND_PRE_FR_SHIFT:ALTERNATE_PROFILE_2:segments-0-4,5.975000000000168,0.8,5,0.057230837643146515,0.014579534530639648,0.07737456262111664,-0.19348267966532073,-0.1545383247656117,0.018715790583317682,FR,3,True,False,recoverable,0,False,RUNNING
7.6333333333335025,916,S1_APPROACH_AND_PRE_FR_SHIFT,ADVANCE,v008_20260806_211408_578700_manual:S1_APPROACH_AND_PRE_FR_SHIFT:ALTERNATE_PROFILE_2:segments-0-4,6.041666666666838,0.8,5,0.057959072291851044,0.014542639255523682,0.07753875851631165,-0.19327201920947074,-0.154533701567274,0.018645196745099863,FR,3,True,False,recoverable,0,False,RUNNING
7.7000000000001725,924,S1_APPROACH_AND_PRE_FR_SHIFT,ADVANCE,v008_20260806_211408_578700_manual:S1_APPROACH_AND_PRE_FR_SHIFT:ALTERNATE_PROFILE_2:segments-0-4,6.108333333333508,0.8,5,0.05877598375082016,0.014519989490509033,0.0776907280087471,-0.19311983141365702,-0.1546452264840923,0.018646534952772194,FR,3,True,False,recoverable,0,False,RUNNING
7.7666666666668425,932,S1_APPROACH_AND_PRE_FR_SHIFT,ADVANCE,v008_20260806_211408_578700_manual:S1_APPROACH_AND_PRE_FR_SHIFT:ALTERNATE_PROFILE_2:segments-0-4,6.175000000000178,0.8,5,0.059619009494781494,0.01448822021484375,0.07783098518848419,-0.19291534008909714,-0.15477110174727596,0.018663927440392598,FR,3,True,False,recoverable,0,False,RUNNING
7.8333333333335124,940,S1_APPROACH_AND_PRE_FR_SHIFT,ADVANCE,v008_20260806_211408_578700_manual:S1_APPROACH_AND_PRE_FR_SHIFT:ALTERNATE_PROFILE_2:segments-0-4,6.241666666666848,0.8,5,0.0604909211397171,0.014457158744335175,0.07795247435569763,-0.19273392426137265,-0.15493271760437177,0.01870894383780066,FR,3,True,False,recoverable,0,False,RUNNING
7.900000000000182,948,S1_APPROACH_AND_PRE_FR_SHIFT,ADVANCE,v008_20260806_211408_578700_manual:S1_APPROACH_AND_PRE_FR_SHIFT:ALTERNATE_PROFILE_2:segments-0-4,6.308333333333518,0.8,5,0.06138697266578674,0.014417283236980438,0.07806238532066345,-0.19256045738864586,-0.15511344777453143,0.018753092839484148,FR,3,True,False,recoverable,0,False,RUNNING
7.966666666666852,956,S1_APPROACH_AND_PRE_FR_SHIFT,ADVANCE,v008_20260806_211408_578700_manual:S1_APPROACH_AND_PRE_FR_SHIFT:ALTERNATE_PROFILE_2:segments-0-4,6.375000000000188,0.8,5,0.062314003705978394,0.014393039047718048,0.07815547287464142,-0.19236887977235664,-0.15534460422308885,0.01873771193861699,FR,3,True,False,recoverable,0,False,RUNNING
8.033333333333518,964,S1_APPROACH_AND_PRE_FR_SHIFT,ADVANCE,v008_20260806_211408_578700_manual:S1_APPROACH_AND_PRE_FR_SHIFT:ALTERNATE_PROFILE_2:segments-0-4,6.441666666666855,0.8,5,0.06325912475585938,0.014381900429725647,0.078236885368824,-0.19222490900626363,-0.15558147366067718,0.018671380504757234,FR,3,True,False,recoverable,0,False,RUNNING
8.10000000000018,972,S1_APPROACH_AND_PRE_FR_SHIFT,ADVANCE,v008_20260806_211408_578700_manual:S1_APPROACH_AND_PRE_FR_SHIFT:ALTERNATE_PROFILE_2:segments-0-4,6.508333333333518,0.8,5,0.06422743946313858,0.01436460018157959,0.07830670475959778,-0.19206088225838525,-0.15579803980706045,0.01862525942805512,FR,3,True,False,recoverable,0,False,RUNNING
8.166666666666844,980,S1_APPROACH_AND_PRE_FR_SHIFT,ADVANCE,v008_20260806_211408_578700_manual:S1_APPROACH_AND_PRE_FR_SHIFT:ALTERNATE_PROFILE_2:segments-0-4,6.5750000000001805,0.8,5,0.06519071757793427,0.014348745346069336,0.0783483013510704,-0.1918348895942589,-0.1560147835161381,0.018516453971330633,FR,3,True,False,recoverable,0,False,RUNNING
8.233333333333507,988,S1_APPROACH_AND_PRE_FR_SHIFT,ADVANCE,v008_20260806_211408_578700_manual:S1_APPROACH_AND_PRE_FR_SHIFT:ALTERNATE_PROFILE_2:segments-0-4,6.641666666666843,0.8,5,0.06619451195001602,0.014329351484775543,0.07837565988302231,-0.19161756300845742,-0.1562647232678764,0.018431442865097895,FR,3,True,False,recoverable,0,False,RUNNING
8.30000000000017,996,S1_APPROACH_AND_PRE_FR_SHIFT,ADVANCE,v008_20260806_211408_578700_manual:S1_APPROACH_AND_PRE_FR_SHIFT:ALTERNATE_PROFILE_2:segments-0-4,6.708333333333506,0.8,5,0.06720173358917236,0.014301583170890808,0.07838264852762222,-0.19142059588529758,-0.15649470056365106,0.018343156345108833,FR,3,True,False,recoverable,0,False,RUNNING
8.366666666666832,1004,S1_APPROACH_AND_PRE_FR_SHIFT,ADVANCE,v008_20260806_211408_578700_manual:S1_APPROACH_AND_PRE_FR_SHIFT:ALTERNATE_PROFILE_2:segments-0-4,6.775000000000169,0.8,5,0.06823329627513885,0.014261975884437561,0.07835735380649567,-0.19117825774804703,-0.15673627618858896,0.01820318783141573,FR,3,True,False,recoverable,0,False,RUNNING
8.433333333333495,1012,S1_APPROACH_AND_PRE_FR_SHIFT,ADVANCE,v008_20260806_211408_578700_manual:S1_APPROACH_AND_PRE_FR_SHIFT:ALTERNATE_PROFILE_2:segments-0-4,6.841666666666832,0.8,5,0.06927277147769928,0.0142454132437706,0.07831772416830063,-0.1909036781814749,-0.1569502145570696,0.018177029403977217,FR,3,True,False,recoverable,0,False,RUNNING
8.500000000000158,1020,S1_APPROACH_AND_PRE_FR_SHIFT,ADVANCE,v008_20260806_211408_578700_manual:S1_APPROACH_AND_PRE_FR_SHIFT:ALTERNATE_PROFILE_2:segments-0-4,6.908333333333495,0.8,5,0.07032682001590729,0.014247536659240723,0.0782649964094162,-0.19060624233100412,-0.15718281496834413,0.01821998866337773,FR,3,True,False,recoverable,0,False,RUNNING
8.566666666666821,1028,S1_APPROACH_AND_PRE_FR_SHIFT,ADVANCE,v008_20260806_211408_578700_manual:S1_APPROACH_AND_PRE_FR_SHIFT:ALTERNATE_PROFILE_2:segments-0-4,6.975000000000158,0.8,5,0.07136853039264679,0.014249399304389954,0.07818982005119324,-0.19030510006643597,-0.15739024778262778,0.018265841588276203,FR,3,True,False,recoverable,0,False,RUNNING
8.633333333333484,1036,S1_APPROACH_AND_PRE_FR_SHIFT,ADVANCE,v008_20260806_211408_578700_manual:S1_APPROACH_AND_PRE_FR_SHIFT:ALTERNATE_PROFILE_2:segments-0-4,7.041666666666821,0.8,5,0.07227775454521179,0.014242753386497498,0.07815320044755936,-0.18995353867779613,-0.1571307411741418,0.0182807822170639,FR,3,True,False,recoverable,0,False,RUNNING
8.700000000000147,1044,S1_APPROACH_AND_PRE_FR_SHIFT,ADVANCE,v008_20260806_211408_578700_manual:S1_APPROACH_AND_PRE_FR_SHIFT:ALTERNATE_PROFILE_2:segments-0-4,7.1083333333334835,0.8,5,0.07313121855258942,0.014254257082939148,0.07815264165401459,-0.18991670584305473,-0.15666033852175626,0.018313901474643554,FR,3,True,False,recoverable,0,False,RUNNING
8.76666666666681,1052,S1_APPROACH_AND_PRE_FR_SHIFT,ADVANCE,v008_20260806_211408_578700_manual:S1_APPROACH_AND_PRE_FR_SHIFT:ALTERNATE_PROFILE_2:segments-0-4,7.175000000000146,0.8,5,0.0740504264831543,0.014258228242397308,0.07812482863664627,-0.18994675514968484,-0.15625923751966012,0.01835725294939746,FR,3,True,False,recoverable,0,False,RUNNING
8.833333333333472,1060,S1_APPROACH_AND_PRE_FR_SHIFT,ADVANCE,v008_20260806_211408_578700_manual:S1_APPROACH_AND_PRE_FR_SHIFT:ALTERNATE_PROFILE_2:segments-0-4,7.241666666666809,0.8,5,0.07504281401634216,0.014257669448852539,0.07807309180498123,-0.19002563743450343,-0.1558983413915198,0.018386963556647113,FR,3,True,False,recoverable,0,False,RUNNING
8.900000000000135,1068,S1_APPROACH_AND_PRE_FR_SHIFT,ADVANCE,v008_20260806_211408_578700_manual:S1_APPROACH_AND_PRE_FR_SHIFT:ALTERNATE_PROFILE_2:segments-0-4,7.308333333333472,0.8,5,0.07605691999197006,0.01426628977060318,0.07799377292394638,-0.19014637911542862,-0.15553869722968547,0.01846099969822206,FR,3,True,False,recoverable,0,False,RUNNING
8.966666666666798,1076,S1_APPROACH_AND_PRE_FR_SHIFT,ADVANCE,v008_20260806_211408_578700_manual:S1_APPROACH_AND_PRE_FR_SHIFT:ALTERNATE_PROFILE_2:segments-0-4,7.375000000000135,0.8,5,0.07711105793714523,0.014268264174461365,0.07789161056280136,-0.1902775690208333,-0.15519024032568346,0.01853844111937446,FR,3,True,False,recoverable,0,False,RUNNING
9.033333333333461,1084,S1_APPROACH_AND_PRE_FR_SHIFT,ADVANCE,v008_20260806_211408_578700_manual:S1_APPROACH_AND_PRE_FR_SHIFT:ALTERNATE_PROFILE_2:segments-0-4,7.441666666666798,0.8,5,0.07818916440010071,0.014267250895500183,0.0777643471956253,-0.19043898237240636,-0.15484813651670082,0.01859506672855116,FR,3,True,False,recoverable,0,False,RUNNING
9.100000000000124,1092,S1_APPROACH_AND_PRE_FR_SHIFT,ADVANCE,v008_20260806_211408_578700_manual:S1_APPROACH_AND_PRE_FR_SHIFT:ALTERNATE_PROFILE_2:segments-0-4,7.508333333333461,0.8,5,0.07924281805753708,0.014272235333919525,0.0776624009013176,-0.19061285050914753,-0.15461890986086702,0.01859521971648889,FR,3,True,False,recoverable,0,False,RUNNING
9.166666666666787,1100,S1_APPROACH_AND_PRE_FR_SHIFT,ADVANCE,v008_20260806_211408_578700_manual:S1_APPROACH_AND_PRE_FR_SHIFT:ALTERNATE_PROFILE_2:segments-0-4,7.575000000000124,0.8,5,0.07997338473796844,0.014266625046730042,0.07777862995862961,-0.19066406623328983,-0.15476261765410287,0.018587632893926023,FR,3,True,False,recoverable,0,False,RUNNING
9.23333333333345,1108,S1_APPROACH_AND_PRE_FR_SHIFT,ADVANCE,v008_20260806_211408_578700_manual:S1_APPROACH_AND_PRE_FR_SHIFT:ALTERNATE_PROFILE_2:segments-0-4,7.6416666666667865,0.8,5,0.0807868093252182,0.014264717698097229,0.07788267731666565,-0.19080358464989122,-0.15500904917147623,0.01858922011465485,FR,3,True,False,recoverable,0,False,RUNNING
9.300000000000113,1116,S1_APPROACH_AND_PRE_FR_SHIFT,ADVANCE,v008_20260806_211408_578700_manual:S1_APPROACH_AND_PRE_FR_SHIFT:ALTERNATE_PROFILE_2:segments-0-4,7.708333333333449,0.8,5,0.08166050165891647,0.014261290431022644,0.07797075062990189,-0.19089693544811595,-0.15534447248313954,0.018589797474217667,FR,3,True,False,recoverable,0,False,RUNNING
9.366666666666775,1124,S1_APPROACH_AND_PRE_FR_SHIFT,ADVANCE,v008_20260806_211408_578700_manual:S1_APPROACH_AND_PRE_FR_SHIFT:ALTERNATE_PROFILE_2:segments-0-4,7.775000000000112,0.8,5,0.08255364000797272,0.014248467981815338,0.07804472744464874,-0.19099414223713843,-0.15566606992409993,0.01862122218491763,FR,3,True,False,recoverable,0,False,RUNNING
9.433333333333438,1132,S1_APPROACH_AND_PRE_FR_SHIFT,ADVANCE,v008_20260806_211408_578700_manual:S1_APPROACH_AND_PRE_FR_SHIFT:ALTERNATE_PROFILE_2:segments-0-4,7.841666666666775,0.8,5,0.08347845822572708,0.014231719076633453,0.07809685170650482,-0.19106688213519898,-0.15602054702758117,0.018636306758695185,FR,3,True,False,recoverable,0,False,RUNNING
9.500000000000101,1140,S1_APPROACH_AND_PRE_FR_SHIFT,ADVANCE,v008_20260806_211408_578700_manual:S1_APPROACH_AND_PRE_FR_SHIFT:ALTERNATE_PROFILE_2:segments-0-4,7.908333333333438,0.8,5,0.08439277112483978,0.014221616089344025,0.0781441405415535,-0.19130370918804024,-0.15636009661990133,0.018672706087462083,FR,3,True,False,recoverable,0,False,RUNNING
9.566666666666764,1148,S1_APPROACH_AND_PRE_FR_SHIFT,ADVANCE,v008_20260806_211408_578700_manual:S1_APPROACH_AND_PRE_FR_SHIFT:ALTERNATE_PROFILE_2:segments-0-4,7.975000000000101,0.8,5,0.08527031540870667,0.014214076101779938,0.07817776501178741,-0.19166082196190445,-0.15665451085498247,0.018722141143208117,FR,3,True,False,recoverable,0,False,RUNNING
9.633333333333427,1156,S1_APPROACH_AND_PRE_FR_SHIFT,ADVANCE,v008_20260806_211408_578700_manual:S1_APPROACH_AND_PRE_FR_SHIFT:ALTERNATE_PROFILE_2:segments-0-4,8.041666666666764,0.8,5,0.08619101345539093,0.014200620353221893,0.07819454371929169,-0.19198013974843658,-0.15696880572547967,0.01875869383642906,FR,3,True,False,recoverable,0,False,RUNNING
9.70000000000009,1164,S1_APPROACH_AND_PRE_FR_SHIFT,ADVANCE,v008_20260806_211408_578700_manual:S1_APPROACH_AND_PRE_FR_SHIFT:ALTERNATE_PROFILE_2:segments-0-4,8.108333333333427,0.8,5,0.08712545037269592,0.014238342642784119,0.07816987484693527,-0.19231228960754562,-0.15736319090425246,0.018718283854408137,FR,3,True,False,recoverable,0,False,RUNNING
9.766666666666753,1172,S1_APPROACH_AND_PRE_FR_SHIFT,ADVANCE,v008_20260806_211408_578700_manual:S1_APPROACH_AND_PRE_FR_SHIFT:ALTERNATE_PROFILE_2:segments-0-4,8.17500000000009,0.8,5,0.08807296305894852,0.01426706463098526,0.07814078032970428,-0.19260954972875535,-0.15775682078750722,0.01862858181840428,FR,3,True,False,recoverable,0,False,RUNNING
9.833333333333416,1180,S1_APPROACH_AND_PRE_FR_SHIFT,ADVANCE,v008_20260806_211408_578700_manual:S1_APPROACH_AND_PRE_FR_SHIFT:ALTERNATE_PROFILE_2:segments-0-4,8.241666666666752,0.8,5,0.08901801705360413,0.014285162091255188,0.07811707258224487,-0.19270457969114343,-0.15782442724519366,0.01857246691747816,FR,3,True,False,recoverable,0,False,RUNNING
9.900000000000079,1188,S1_APPROACH_AND_PRE_FR_SHIFT,ADVANCE,v008_20260806_211408_578700_manual:S1_APPROACH_AND_PRE_FR_SHIFT:ALTERNATE_PROFILE_2:segments-0-4,8.308333333333415,0.8,5,0.09001621603965759,0.014257602393627167,0.07814143598079681,-0.1922592618948867,-0.15756350083560858,0.018429028622808312,FR,3,True,False,recoverable,0,False,RUNNING
9.966666666666741,1196,S1_APPROACH_AND_PRE_FR_SHIFT,ADVANCE,v008_20260806_211408_578700_manual:S1_APPROACH_AND_PRE_FR_SHIFT:ALTERNATE_PROFILE_2:segments-0-4,8.375000000000078,0.8,5,0.09105461090803146,0.014239385724067688,0.07813433557748795,-0.19181562220315712,-0.15731474369189474,0.018302762804322845,FR,3,True,False,recoverable,0,False,RUNNING
10.033333333333404,1204,S1_APPROACH_AND_PRE_FR_SHIFT,ADVANCE,v008_20260806_211408_578700_manual:S1_APPROACH_AND_PRE_FR_SHIFT:ALTERNATE_PROFILE_2:segments-0-4,8.441666666666741,0.8,5,0.09210196137428284,0.014205388724803925,0.07811497151851654,-0.19142914853570872,-0.1570509295657333,0.018221870022780837,FR,3,True,False,recoverable,0,False,RUNNING
10.100000000000067,1212,S1_APPROACH_AND_PRE_FR_SHIFT,ADVANCE,v008_20260806_211408_578700_manual:S1_APPROACH_AND_PRE_FR_SHIFT:ALTERNATE_PROFILE_2:segments-0-4,8.508333333333404,0.8,5,0.09320862591266632,0.014172621071338654,0.0780688226222992,-0.19106122676192638,-0.15684491236936104,0.018127625367082074,FR,3,True,False,recoverable,0,False,RUNNING
10.16666666666673,1220,S1_APPROACH_AND_PRE_FR_SHIFT,ADVANCE,v008_20260806_211408_578700_manual:S1_APPROACH_AND_PRE_FR_SHIFT:ALTERNATE_PROFILE_2:segments-0-4,8.575000000000067,0.8,5,0.0943484902381897,0.014130137860774994,0.07800126075744629,-0.1905615662367047,-0.1565882499685697,0.0180185739155684,FR,3,True,False,recoverable,0,False,RUNNING
10.233333333333393,1228,S1_APPROACH_AND_PRE_FR_SHIFT,ADVANCE,v008_20260806_211408_578700_manual:S1_APPROACH_AND_PRE_FR_SHIFT:ALTERNATE_PROFILE_2:segments-0-4,8.64166666666673,0.8,5,0.09547317028045654,0.014077968895435333,0.07790958136320114,-0.19009570075609497,-0.15629791685682975,0.017867340711878826,FR,3,True,False,recoverable,0,False,RUNNING
10.300000000000056,1236,S1_APPROACH_AND_PRE_FR_SHIFT,ADVANCE,v008_20260806_211408_578700_manual:S1_APPROACH_AND_PRE_FR_SHIFT:ALTERNATE_PROFILE_2:segments-0-4,8.708333333333393,0.8,5,0.0964924693107605,0.014037497341632843,0.07787595689296722,-0.1896510683793138,-0.15607191055962355,0.017766074552043855,FR,3,True,False,recoverable,0,False,RUNNING
10.366666666666719,1244,S1_APPROACH_AND_PRE_FR_SHIFT,ADVANCE,v008_20260806_211408_578700_manual:S1_APPROACH_AND_PRE_FR_SHIFT:ALTERNATE_PROFILE_2:segments-0-4,8.775000000000055,0.8,5,0.09714607894420624,0.014038048684597015,0.07797475159168243,-0.18971109358923344,-0.15584691344332044,0.017674955449445813,FR,3,True,False,recoverable,0,False,RUNNING
10.433333333333382,1252,S1_APPROACH_AND_PRE_FR_SHIFT,ADVANCE,v008_20260806_211408_578700_manual:S1_APPROACH_AND_PRE_FR_SHIFT:ALTERNATE_PROFILE_2:segments-0-4,8.841666666666718,0.8,5,0.09791908413171768,0.014036446809768677,0.07806644588708878,-0.18985534689143302,-0.15578185506026518,0.01761468919133334,FR,3,True,False,recoverable,0,False,RUNNING
10.500000000000044,1260,S1_APPROACH_AND_PRE_FR_SHIFT,ADVANCE,v008_20260806_211408_578700_manual:S1_APPROACH_AND_PRE_FR_SHIFT:ALTERNATE_PROFILE_2:segments-0-4,8.908333333333381,0.8,5,0.09876132011413574,0.01403798907995224,0.07814402133226395,-0.1900594316052089,-0.15579118959585217,0.017564907001896272,FR,3,True,False,recoverable,0,False,RUNNING
10.566666666666707,1268,S1_APPROACH_AND_PRE_FR_SHIFT,ADVANCE,v008_20260806_211408_578700_manual:S1_APPROACH_AND_PRE_FR_SHIFT:ALTERNATE_PROFILE_2:segments-0-4,8.975000000000044,0.8,5,0.09964826703071594,0.014038026332855225,0.07820731401443481,-0.19033218804159474,-0.15585903870238116,0.01753819235413322,FR,3,True,False,recoverable,0,False,RUNNING
10.63333333333337,1276,S1_APPROACH_AND_PRE_FR_SHIFT,ADVANCE,v008_20260806_211408_578700_manual:S1_APPROACH_AND_PRE_FR_SHIFT:ALTERNATE_PROFILE_2:segments-0-4,9.041666666666707,0.8,5,0.10056360065937042,0.01405344158411026,0.07825930416584015,-0.1906972785995261,-0.15594793451127242,0.0175221673981079,FR,3,True,False,recoverable,0,False,RUNNING
10.700000000000033,1284,S1_APPROACH_AND_PRE_FR_SHIFT,ADVANCE,v008_20260806_211408_578700_manual:S1_APPROACH_AND_PRE_FR_SHIFT:ALTERNATE_PROFILE_2:segments-0-4,9.10833333333337,0.8,5,0.10149064660072327,0.014066465198993683,0.07829822599887848,-0.19108543222928126,-0.1560474550767291,0.01747446510470581,FR,3,True,False,recoverable,0,False,RUNNING
10.766666666666696,1292,S1_APPROACH_AND_PRE_FR_SHIFT,ADVANCE,v008_20260806_211408_578700_manual:S1_APPROACH_AND_PRE_FR_SHIFT:ALTERNATE_PROFILE_2:segments-0-4,9.175000000000033,0.8,5,0.10243872553110123,0.014071188867092133,0.07831642031669617,-0.19143091074867624,-0.15615220703213423,0.017424848434374356,FR,3,True,False,recoverable,0,False,RUNNING
10.833333333333359,1300,S1_APPROACH_AND_PRE_FR_SHIFT,ADVANCE,v008_20260806_211408_578700_manual:S1_APPROACH_AND_PRE_FR_SHIFT:ALTERNATE_PROFILE_2:segments-0-4,9.241666666666696,0.8,5,0.10340791940689087,0.014081135392189026,0.07831265777349472,-0.1918374465419659,-0.1562748853259663,0.01740206598238251,FR,3,True,False,recoverable,0,False,RUNNING
10.900000000000022,1308,S1_APPROACH_AND_PRE_FR_SHIFT,ADVANCE,v008_20260806_211408_578700_manual:S1_APPROACH_AND_PRE_FR_SHIFT:ALTERNATE_PROFILE_2:segments-0-4,9.308333333333358,0.8,5,0.10439608991146088,0.014112785458564758,0.0782897099852562,-0.19226562739735145,-0.15639625758394549,0.017448895541014406,FR,3,True,False,recoverable,0,False,RUNNING
10.966666666666685,1316,S1_APPROACH_AND_PRE_FR_SHIFT,ADVANCE,v008_20260806_211408_578700_manual:S1_APPROACH_AND_PRE_FR_SHIFT:ALTERNATE_PROFILE_2:segments-0-4,9.375000000000021,0.8,5,0.10541506111621857,0.014144882559776306,0.0782419964671135,-0.19273307687286395,-0.15653517531581881,0.017515754937998198,FR,3,True,False,recoverable,0,False,RUNNING
11.033333333333347,1324,S1_APPROACH_AND_PRE_FR_SHIFT,ADVANCE,v008_20260806_211408_578700_manual:S1_APPROACH_AND_PRE_FR_SHIFT:ALTERNATE_PROFILE_2:segments-0-4,9.441666666666684,0.8,5,0.10644838213920593,0.01417086273431778,0.07817655056715012,-0.19317686733266407,-0.15665612903204781,0.01758828297726476,FR,3,True,False,recoverable,0,False,RUNNING
11.10000000000001,1332,S1_APPROACH_AND_PRE_FR_SHIFT,ADVANCE,v008_20260806_211408_578700_manual:S1_APPROACH_AND_PRE_FR_SHIFT:ALTERNATE_PROFILE_2:segments-0-4,9.508333333333347,0.8,5,0.10749778896570206,0.014195822179317474,0.07808387279510498,-0.19363144092241352,-0.15677624697324682,0.017658002711649252,FR,3,True,False,recoverable,0,False,RUNNING
11.166666666666673,1340,S1_APPROACH_AND_PRE_FR_SHIFT,ADVANCE,v008_20260806_211408_578700_manual:S1_APPROACH_AND_PRE_FR_SHIFT:ALTERNATE_PROFILE_2:segments-0-4,9.57500000000001,0.8,5,0.10854201763868332,0.01419241726398468,0.07799665629863739,-0.19383410533533763,-0.15664273541829832,0.01767759066092983,FR,3,True,False,recoverable,0,False,RUNNING
11.233333333333336,1348,S1_APPROACH_AND_PRE_FR_SHIFT,ADVANCE,v008_20260806_211408_578700_manual:S1_APPROACH_AND_PRE_FR_SHIFT:ALTERNATE_PROFILE_2:segments-0-4,9.641666666666673,0.8,5,0.10963406413793564,0.01415669173002243,0.07793332636356354,-0.19357207789695474,-0.15618754569047638,0.017627533152674027,FR,3,True,False,recoverable,0,False,RUNNING
11.299999999999999,1356,S1_APPROACH_AND_PRE_FR_SHIFT,ADVANCE,v008_20260806_211408_578700_manual:S1_APPROACH_AND_PRE_FR_SHIFT:ALTERNATE_PROFILE_2:segments-0-4,9.708333333333336,0.8,5,0.11074940115213394,0.014122582972049713,0.07784163951873779,-0.19331286159809435,-0.1557398078736412,0.01755969178416989,FR,3,True,False,recoverable,0,False,RUNNING
11.366666666666662,1364,S1_APPROACH_AND_PRE_FR_SHIFT,ADVANCE,v008_20260806_211408_578700_manual:S1_APPROACH_AND_PRE_FR_SHIFT:ALTERNATE_PROFILE_2:segments-0-4,9.774999999999999,0.8,5,0.1117120236158371,0.01409304141998291,0.07784589380025864,-0.1929714687860311,-0.15556360861578938,0.017414905511954962,FR,3,True,False,recoverable,0,False,RUNNING
11.433333333333325,1372,S1_APPROACH_AND_PRE_FR_SHIFT,ADVANCE,v008_20260806_211408_578700_manual:S1_APPROACH_AND_PRE_FR_SHIFT:ALTERNATE_PROFILE_2:segments-0-4,9.841666666666661,0.8,5,0.1125531941652298,0.014067068696022034,0.07794146984815598,-0.19262257557881765,-0.15560691096609888,0.01726173338173556,FR,3,True,False,recoverable,0,False,RUNNING
11.499999999999988,1380,S1_APPROACH_AND_PRE_FR_SHIFT,ADVANCE,v008_20260806_211408_578700_manual:S1_APPROACH_AND_PRE_FR_SHIFT:ALTERNATE_PROFILE_2:segments-0-4,9.908333333333324,0.8,5,0.11346174776554108,0.014034293591976166,0.07803140580654144,-0.19228574034054907,-0.15571392013686902,0.017123476614269308,FR,3,True,False,recoverable,0,False,RUNNING
11.56666666666665,1388,S1_APPROACH_AND_PRE_FR_SHIFT,ADVANCE,v008_20260806_211408_578700_manual:S1_APPROACH_AND_PRE_FR_SHIFT:ALTERNATE_PROFILE_2:segments-0-4,9.974999999999987,0.8,5,0.11442692577838898,0.014003083109855652,0.07810913026332855,-0.19190858387778092,-0.15587942687003326,0.016980852427924666,FR,3,True,False,recoverable,0,False,RUNNING
11.633333333333313,1396,S1_APPROACH_AND_PRE_FR_SHIFT,ADVANCE,v008_20260806_211408_578700_manual:S1_APPROACH_AND_PRE_FR_SHIFT:ALTERNATE_PROFILE_2:segments-0-4,10.04166666666665,0.8,5,0.11540533602237701,0.013957351446151733,0.07816696912050247,-0.1915606947711457,-0.15605595769710362,0.0168712189046519,FR,3,True,False,recoverable,0,False,RUNNING
11.699999999999976,1404,S1_APPROACH_AND_PRE_FR_SHIFT,ADVANCE,v008_20260806_211408_578700_manual:S1_APPROACH_AND_PRE_FR_SHIFT:ALTERNATE_PROFILE_2:segments-0-4,10.108333333333313,0.8,5,0.11639873683452606,0.013915665447711945,0.07820761203765869,-0.19120655732349495,-0.15623638120376437,0.01672538110624834,FR,3,True,False,recoverable,0,False,RUNNING
11.766666666666639,1412,S1_APPROACH_AND_PRE_FR_SHIFT,ADVANCE,v008_20260806_211408_578700_manual:S1_APPROACH_AND_PRE_FR_SHIFT:ALTERNATE_PROFILE_2:segments-0-4,10.174999999999976,0.8,5,0.11741358041763306,0.013870179653167725,0.07823174446821213,-0.19079702366344356,-0.15640805708897576,0.016608633206082996,FR,3,True,False,recoverable,0,False,RUNNING
11.833333333333302,1420,S1_APPROACH_AND_PRE_FR_SHIFT,ADVANCE,v008_20260806_211408_578700_manual:S1_APPROACH_AND_PRE_FR_SHIFT:ALTERNATE_PROFILE_2:segments-0-4,10.241666666666639,0.8,5,0.11846086382865906,0.013827100396156311,0.07823151350021362,-0.19040568319562334,-0.15661106043716752,0.016429403092247226,FR,3,True,False,recoverable,0,False,RUNNING
11.899999999999965,1428,S1_APPROACH_AND_PRE_FR_SHIFT,ADVANCE,v008_20260806_211408_578700_manual:S1_APPROACH_AND_PRE_FR_SHIFT:ALTERNATE_PROFILE_2:segments-0-4,10.308333333333302,0.8,5,0.11953026056289673,0.013768121600151062,0.07820895314216614,-0.19004502136944323,-0.1568233424400016,0.016272581343062913,FR,3,True,False,recoverable,0,False,RUNNING
11.966666666666628,1436,S1_APPROACH_AND_PRE_FR_SHIFT,ADVANCE,v008_20260806_211408_578700_manual:S1_APPROACH_AND_PRE_FR_SHIFT:ALTERNATE_PROFILE_2:segments-0-4,10.374999999999964,0.8,5,0.120558962225914,0.013720527291297913,0.07818061113357544,-0.18979524665184339,-0.15693562267626726,0.016141709843606328,FR,3,True,False,recoverable,0,False,RUNNING
12.03333333333329,1444,S1_APPROACH_AND_PRE_FR_SHIFT,ADVANCE,v008_20260806_211408_578700_manual:S1_APPROACH_AND_PRE_FR_SHIFT:ALTERNATE_PROFILE_2:segments-0-4,10.441666666666627,0.8,5,0.12138648331165314,0.013711981475353241,0.07817855477333069,-0.19012849753182362,-0.15681405861028652,0.016063825744497127,FR,3,True,False,recoverable,0,False,RUNNING
12.099999999999953,1452,S1_APPROACH_AND_PRE_FR_SHIFT,ADVANCE,v008_20260806_211408_578700_manual:S1_APPROACH_AND_PRE_FR_SHIFT:ALTERNATE_PROFILE_2:segments-0-4,10.50833333333329,0.8,5,0.12230272591114044,0.013703443109989166,0.07815321534872055,-0.19053904976145022,-0.15681163385630847,0.015987393645577098,FR,3,True,False,recoverable,0,False,RUNNING
12.166666666666616,1460,S1_APPROACH_AND_PRE_FR_SHIFT,ADVANCE,v008_20260806_211408_578700_manual:S1_APPROACH_AND_PRE_FR_SHIFT:ALTERNATE_PROFILE_2:segments-0-4,10.574999999999953,0.8,5,0.12325826287269592,0.01372082531452179,0.07811180502176285,-0.19098356537140268,-0.15683318730729226,0.016011755843900754,FR,3,True,False,recoverable,0,False,RUNNING
12.23333333333328,1468,S1_APPROACH_AND_PRE_FR_SHIFT,ADVANCE,v008_20260806_211408_578700_manual:S1_APPROACH_AND_PRE_FR_SHIFT:ALTERNATE_PROFILE_2:segments-0-4,10.641666666666616,0.8,5,0.12424606084823608,0.01375928521156311,0.07804512977600098,-0.1914381700666232,-0.15688318927141293,0.01608621871268096,FR,3,True,False,recoverable,0,False,RUNNING
12.299999999999942,1476,S1_APPROACH_AND_PRE_FR_SHIFT,ADVANCE,v008_20260806_211408_578700_manual:S1_APPROACH_AND_PRE_FR_SHIFT:ALTERNATE_PROFILE_2:segments-0-4,10.708333333333279,0.8,5,0.125262051820755,0.013793602585792542,0.07796058058738708,-0.19194764934829348,-0.15692714193432614,0.016171926503343873,FR,3,True,False,recoverable,0,False,RUNNING
12.366666666666605,1484,S1_APPROACH_AND_PRE_FR_SHIFT,ADVANCE,v008_20260806_211408_578700_manual:S1_APPROACH_AND_PRE_FR_SHIFT:ALTERNATE_PROFILE_2:segments-0-4,10.774999999999942,0.8,5,0.12631039321422577,0.013822957873344421,0.07784431427717209,-0.19244244699560842,-0.15698034795893065,0.016238606858365652,FR,3,True,False,recoverable,0,False,RUNNING
12.433333333333268,1492,S1_APPROACH_AND_PRE_FR_SHIFT,ADVANCE,v008_20260806_211408_578700_manual:S1_APPROACH_AND_PRE_FR_SHIFT:ALTERNATE_PROFILE_2:segments-0-4,10.841666666666605,0.8,5,0.1273653209209442,0.013847716152668,0.07770779728889465,-0.19299694914228813,-0.15702725874279047,0.016319724688295286,FR,3,True,False,recoverable,0,False,RUNNING
12.49999999999993,1500,S1_APPROACH_AND_PRE_FR_SHIFT,ADVANCE,v008_20260806_211408_578700_manual:S1_APPROACH_AND_PRE_FR_SHIFT:ALTERNATE_PROFILE_2:segments-0-4,10.908333333333267,0.8,5,0.12844644486904144,0.013865530490875244,0.07753898203372955,-0.19352989686448563,-0.1570714419096435,0.016386198150821134,FR,3,True,False,recoverable,0,False,RUNNING
12.566666666666594,1508,S1_APPROACH_AND_PRE_FR_SHIFT,ADVANCE,v008_20260806_211408_578700_manual:S1_APPROACH_AND_PRE_FR_SHIFT:ALTERNATE_PROFILE_2:segments-0-4,10.97499999999993,0.8,5,0.1295304149389267,0.013860933482646942,0.07738073170185089,-0.19377757519783564,-0.15682967092763372,0.016422543918713867,FR,3,True,False,recoverable,0,False,RUNNING
12.633333333333256,1516,S1_APPROACH_AND_PRE_FR_SHIFT,ADVANCE,v008_20260806_211408_578700_manual:S1_APPROACH_AND_PRE_FR_SHIFT:ALTERNATE_PROFILE_2:segments-0-4,11.041666666666593,0.8,5,0.13041357696056366,0.013818547129631042,0.07738032937049866,-0.19363706764010608,-0.15671431630393573,0.016419649394695927,FR,3,True,False,recoverable,0,False,RUNNING
12.69999999999992,1524,S1_APPROACH_AND_PRE_FR_SHIFT,ADVANCE,v008_20260806_211408_578700_manual:S1_APPROACH_AND_PRE_FR_SHIFT:ALTERNATE_PROFILE_2:segments-0-4,11.108333333333256,0.8,5,0.1311713010072708,0.013797327876091003,0.07746767997741699,-0.19348623891011904,-0.15688407020181344,0.016329115861165554,FR,3,True,False,recoverable,0,False,RUNNING
12.766666666666582,1532,S1_APPROACH_AND_PRE_FR_SHIFT,ADVANCE,v008_20260806_211408_578700_manual:S1_APPROACH_AND_PRE_FR_SHIFT:ALTERNATE_PROFILE_2:segments-0-4,11.174999999999919,0.8,5,0.13202939927577972,0.013779103755950928,0.07755319029092789,-0.1933023176974641,-0.15715329702351588,0.016230947841222632,FR,3,True,False,recoverable,0,False,RUNNING
12.833333333333245,1540,S1_APPROACH_AND_PRE_FR_SHIFT,ADVANCE,v008_20260806_211408_578700_manual:S1_APPROACH_AND_PRE_FR_SHIFT:ALTERNATE_PROFILE_2:segments-0-4,11.241666666666582,0.8,5,0.13291534781455994,0.013765692710876465,0.07762368768453598,-0.1931548007806024,-0.15747159430373123,0.016099684795394927,FR,3,True,False,recoverable,0,False,RUNNING
12.899999999999908,1548,S1_APPROACH_AND_PRE_FR_SHIFT,ADVANCE,v008_20260806_211408_578700_manual:S1_APPROACH_AND_PRE_FR_SHIFT:ALTERNATE_PROFILE_2:segments-0-4,11.308333333333245,0.8,5,0.13382384181022644,0.01376120001077652,0.07767835259437561,-0.19302725179147906,-0.1578096035443152,0.015967768429758708,FR,3,True,False,recoverable,0,False,RUNNING
12.96666666666657,1556,S1_APPROACH_AND_PRE_FR_SHIFT,ADVANCE,v008_20260806_211408_578700_manual:S1_APPROACH_AND_PRE_FR_SHIFT:ALTERNATE_PROFILE_2:segments-0-4,11.374999999999908,0.8,5,0.13474196195602417,0.013760395348072052,0.07772727310657501,-0.19291764670052586,-0.15812641452285955,0.015827725545340725,FR,3,True,False,recoverable,0,False,RUNNING
13.033333333333234,1564,S1_APPROACH_AND_PRE_FR_SHIFT,ADVANCE,v008_20260806_211408_578700_manual:S1_APPROACH_AND_PRE_FR_SHIFT:ALTERNATE_PROFILE_2:segments-0-4,11.44166666666657,0.8,5,0.13569459319114685,0.013761952519416809,0.07775450497865677,-0.19275277663884807,-0.15845013004707076,0.015664291933217216,FR,3,True,False,recoverable,0,False,RUNNING
13.099999999999897,1572,S1_APPROACH_AND_PRE_FR_SHIFT,ADVANCE,v008_20260806_211408_578700_manual:S1_APPROACH_AND_PRE_FR_SHIFT:ALTERNATE_PROFILE_2:segments-0-4,11.508333333333233,0.8,5,0.13665136694908142,0.013703770935535431,0.07782431691884995,-0.1920020195590296,-0.15828328905728617,0.015460963239533962,FR,3,True,False,recoverable,0,False,RUNNING
13.16666666666656,1580,S1_APPROACH_AND_PRE_FR_SHIFT,ADVANCE,v008_20260806_211408_578700_manual:S1_APPROACH_AND_PRE_FR_SHIFT:ALTERNATE_PROFILE_2:segments-0-4,11.574999999999896,0.8,5,0.1376560628414154,0.013635709881782532,0.0778878852725029,-0.19117434935492833,-0.158087636375882,0.015290830474112756,FR,3,True,False,recoverable,0,False,RUNNING
13.233333333333222,1588,S1_APPROACH_AND_PRE_FR_SHIFT,ADVANCE,v008_20260806_211408_578700_manual:S1_APPROACH_AND_PRE_FR_SHIFT:ALTERNATE_PROFILE_2:segments-0-4,11.64166666666656,0.8,5,0.1387150138616562,0.013566851615905762,0.07792115956544876,-0.19036339506115926,-0.1579623313663193,0.015112493601174443,FR,3,True,False,recoverable,0,False,RUNNING
13.299999999999885,1596,S1_APPROACH_AND_PRE_FR_SHIFT,ADVANCE,v008_20260806_211408_578700_manual:S1_APPROACH_AND_PRE_FR_SHIFT:ALTERNATE_PROFILE_2:segments-0-4,11.708333333333222,0.8,5,0.13965551555156708,0.013520605862140656,0.07797108590602875,-0.18975281878154482,-0.15766524791264747,0.014916257657957446,FR,3,True,False,recoverable,0,False,RUNNING
13.366666666666548,1604,S1_APPROACH_AND_PRE_FR_SHIFT,ADVANCE,v008_20260806_211408_578700_manual:S1_APPROACH_AND_PRE_FR_SHIFT:ALTERNATE_PROFILE_2:segments-0-4,11.774999999999885,0.8,5,0.14043806493282318,0.013505309820175171,0.07802481204271317,-0.18977785837148775,-0.1572357119970078,0.014823501592152157,FR,3,True,False,recoverable,0,False,RUNNING
13.433333333333211,1612,S1_APPROACH_AND_PRE_FR_SHIFT,ADVANCE,v008_20260806_211408_578700_manual:S1_APPROACH_AND_PRE_FR_SHIFT:ALTERNATE_PROFILE_2:segments-0-4,11.841666666666548,0.8,5,0.14130914211273193,0.013496890664100647,0.0780661478638649,-0.18985525062576405,-0.15689992135981962,0.014753613011869457,FR,3,True,False,recoverable,0,False,RUNNING
13.499999999999874,1620,S1_APPROACH_AND_PRE_FR_SHIFT,ADVANCE,v008_20260806_211408_578700_manual:S1_APPROACH_AND_PRE_FR_SHIFT:ALTERNATE_PROFILE_2:segments-0-4,11.90833333333321,0.8,5,0.14221562445163727,0.013485141098499298,0.07808871567249298,-0.18999705939025596,-0.15657496434980336,0.014717883857858454,FR,3,True,False,recoverable,0,False,RUNNING
13.566666666666537,1628,S1_APPROACH_AND_PRE_FR_SHIFT,ADVANCE,v008_20260806_211408_578700_manual:S1_APPROACH_AND_PRE_FR_SHIFT:ALTERNATE_PROFILE_2:segments-0-4,11.974999999999874,0.8,5,0.14313626289367676,0.013500779867172241,0.07809668034315109,-0.19012655404503429,-0.1562922006556204,0.01470787227696994,FR,3,True,False,recoverable,0,False,RUNNING
13.6333333333332,1636,S1_APPROACH_AND_PRE_FR_SHIFT,ADVANCE,v008_20260806_211408_578700_manual:S1_APPROACH_AND_PRE_FR_SHIFT:ALTERNATE_PROFILE_2:segments-0-4,12.041666666666536,0.8,5,0.14405936002731323,0.013509705662727356,0.07808646559715271,-0.1903411170957283,-0.15596488118351395,0.014720031395013522,FR,3,True,False,recoverable,0,False,RUNNING
13.699999999999863,1644,S1_APPROACH_AND_PRE_FR_SHIFT,ADVANCE,v008_20260806_211408_578700_manual:S1_APPROACH_AND_PRE_FR_SHIFT:ALTERNATE_PROFILE_2:segments-0-4,12.1083333333332,0.8,5,0.1450595110654831,0.01351231336593628,0.07805433124303818,-0.19052242972738287,-0.1556919433626842,0.014706317000481972,FR,3,True,False,recoverable,0,False,RUNNING
13.766666666666525,1652,S1_APPROACH_AND_PRE_FR_SHIFT,ADVANCE,v008_20260806_211408_578700_manual:S1_APPROACH_AND_PRE_FR_SHIFT:ALTERNATE_PROFILE_2:segments-0-4,12.174999999999862,0.8,5,0.1460742950439453,0.013511240482330322,0.07800403237342834,-0.190815518562157,-0.15543693421697424,0.014716694749442373,FR,3,True,False,recoverable,0,False,RUNNING
13.833333333333188,1660,S1_APPROACH_AND_PRE_FR_SHIFT,ADVANCE,v008_20260806_211408_578700_manual:S1_APPROACH_AND_PRE_FR_SHIFT:ALTERNATE_PROFILE_2:segments-0-4,12.241666666666525,0.8,5,0.14708709716796875,0.013529367744922638,0.07793455570936203,-0.1910904063373289,-0.15514547406892346,0.01475490753272971,FR,3,True,False,recoverable,0,False,RUNNING
13.899999999999851,1668,S1_APPROACH_AND_PRE_FR_SHIFT,ADVANCE,v008_20260806_211408_578700_manual:S1_APPROACH_AND_PRE_FR_SHIFT:ALTERNATE_PROFILE_2:segments-0-4,12.308333333333188,0.8,5,0.14813534915447235,0.013539806008338928,0.07784206420183182,-0.1914186586688085,-0.15487734457938446,0.014813460998655048,FR,3,True,False,recoverable,0,False,RUNNING
13.966666666666514,1676,S1_APPROACH_AND_PRE_FR_SHIFT,ADVANCE,v008_20260806_211408_578700_manual:S1_APPROACH_AND_PRE_FR_SHIFT:ALTERNATE_PROFILE_2:segments-0-4,12.37499999999985,0.8,5,0.14921115338802338,0.013548389077186584,0.07773200422525406,-0.19175271743429131,-0.15456973406488347,0.014802495175231842,FR,3,True,False,recoverable,0,False,RUNNING
14.033333333333177,1684,S1_APPROACH_AND_PRE_FR_SHIFT,ADVANCE,v008_20260806_211408_578700_manual:S1_APPROACH_AND_PRE_FR_SHIFT:ALTERNATE_PROFILE_2:segments-0-4,12.441666666666514,0.8,5,0.150305837392807,0.01356101781129837,0.07759873569011688,-0.19215946049965266,-0.1542890529073199,0.014773152753393278,FR,3,True,False,recoverable,0,False,RUNNING
14.09999999999984,1692,S1_APPROACH_AND_PRE_FR_SHIFT,ADVANCE,v008_20260806_211408_578700_manual:S1_APPROACH_AND_PRE_FR_SHIFT:ALTERNATE_PROFILE_2:segments-0-4,12.508333333333177,0.8,5,0.15141361951828003,0.013563789427280426,0.07743848115205765,-0.19255566195976384,-0.15398237431418432,0.01476682480070154,FR,3,True,False,recoverable,0,False,RUNNING
14.166666666666503,1700,S1_APPROACH_AND_PRE_FR_SHIFT,ADVANCE,v008_20260806_211408_578700_manual:S1_APPROACH_AND_PRE_FR_SHIFT:ALTERNATE_PROFILE_2:segments-0-4,12.57499999999984,0.8,5,0.15217310190200806,0.013567626476287842,0.07750564068555832,-0.19278070615612924,-0.15415740837902273,0.014724215489659869,FR,3,True,False,recoverable,0,False,RUNNING
14.233333333333166,1708,S1_APPROACH_AND_PRE_FR_SHIFT,ADVANCE,v008_20260806_211408_578700_manual:S1_APPROACH_AND_PRE_FR_SHIFT:ALTERNATE_PROFILE_2:segments-0-4,12.641666666666502,0.8,5,0.15292717516422272,0.013575144112110138,0.07760725170373917,-0.19302599265607784,-0.15449890707012007,0.014693398657684539,FR,3,True,False,recoverable,0,False,RUNNING
14.299999999999828,1716,S1_APPROACH_AND_PRE_FR_SHIFT,ADVANCE,v008_20260806_211408_578700_manual:S1_APPROACH_AND_PRE_FR_SHIFT:ALTERNATE_PROFILE_2:segments-0-4,12.708333333333165,0.8,5,0.15375566482543945,0.013580046594142914,0.07771322876214981,-0.19326556273695655,-0.15493888428036812,0.014680502758725279,FR,3,True,False,recoverable,0,False,RUNNING
14.366666666666491,1724,S1_APPROACH_AND_PRE_FR_SHIFT,ADVANCE,v008_20260806_211408_578700_manual:S1_APPROACH_AND_PRE_FR_SHIFT:ALTERNATE_PROFILE_2:segments-0-4,12.774999999999828,0.8,5,0.15461434423923492,0.013583265244960785,0.07780151069164276,-0.19345110959651365,-0.1554029200528501,0.014628821559449617,FR,3,True,False,recoverable,0,False,RUNNING
14.433333333333154,1732,S1_APPROACH_AND_PRE_FR_SHIFT,ADVANCE,v008_20260806_211408_578700_manual:S1_APPROACH_AND_PRE_FR_SHIFT:ALTERNATE_PROFILE_2:segments-0-4,12.841666666666491,0.8,5,0.15548251569271088,0.013592056930065155,0.07786855101585388,-0.19358094855700933,-0.15589952447103145,0.014501811387239034,FR,3,True,False,recoverable,0,False,RUNNING
14.499999999999817,1740,S1_APPROACH_AND_PRE_FR_SHIFT,ADVANCE,v008_20260806_211408_578700_manual:S1_APPROACH_AND_PRE_FR_SHIFT:ALTERNATE_PROFILE_2:segments-0-4,12.908333333333154,0.8,5,0.15638211369514465,0.013605274260044098,0.0779220312833786,-0.19375529367764596,-0.1564260294054912,0.014382724368749258,FR,3,True,False,recoverable,0,False,RUNNING
14.56666666666648,1748,S1_APPROACH_AND_PRE_FR_SHIFT,ADVANCE,v008_20260806_211408_578700_manual:S1_APPROACH_AND_PRE_FR_SHIFT:ALTERNATE_PROFILE_2:segments-0-4,12.974999999999817,0.8,5,0.15728692710399628,0.01361323893070221,0.07796110957860947,-0.1939868893891762,-0.15694765445234998,0.014281004850356261,FR,3,True,False,recoverable,0,False,RUNNING
14.633333333333143,1756,S1_APPROACH_AND_PRE_FR_SHIFT,ADVANCE,v008_20260806_211408_578700_manual:S1_APPROACH_AND_PRE_FR_SHIFT:ALTERNATE_PROFILE_2:segments-0-4,13.04166666666648,0.8,5,0.15822431445121765,0.01361045241355896,0.07801411300897598,-0.19406510245681205,-0.15735344797721523,0.014150199441352545,FR,3,True,False,recoverable,0,False,RUNNING
14.699999999999806,1764,S1_APPROACH_AND_PRE_FR_SHIFT,ADVANCE,v008_20260806_211408_578700_manual:S1_APPROACH_AND_PRE_FR_SHIFT:ALTERNATE_PROFILE_2:segments-0-4,13.108333333333142,0.8,5,0.15917056798934937,0.013561658561229706,0.07810503244400024,-0.19344304093377188,-0.1572761873713248,0.013937333784573236,FR,3,True,False,recoverable,0,False,RUNNING
14.766666666666469,1772,S1_APPROACH_AND_PRE_FR_SHIFT,ADVANCE,v008_20260806_211408_578700_manual:S1_APPROACH_AND_PRE_FR_SHIFT:ALTERNATE_PROFILE_2:segments-0-4,13.174999999999805,0.8,5,0.16014957427978516,0.01349860429763794,0.0781794935464859,-0.19286364401177225,-0.1572351344490994,0.013711487823180811,FR,3,True,False,recoverable,0,False,RUNNING
14.833333333333131,1780,S1_APPROACH_AND_PRE_FR_SHIFT,ADVANCE,v008_20260806_211408_578700_manual:S1_APPROACH_AND_PRE_FR_SHIFT:ALTERNATE_PROFILE_2:segments-0-4,13.241666666666468,0.8,5,0.1611679047346115,0.013428598642349243,0.07824217528104782,-0.19220441694536833,-0.15721923995118506,0.013429561390534297,FR,3,True,False,recoverable,0,False,RUNNING
14.899999999999794,1788,S1_APPROACH_AND_PRE_FR_SHIFT,ADVANCE,v008_20260806_211408_578700_manual:S1_APPROACH_AND_PRE_FR_SHIFT:ALTERNATE_PROFILE_2:segments-0-4,13.308333333333131,0.8,5,0.16218224167823792,0.013376310467720032,0.07827447354793549,-0.19150815681077887,-0.1571471332191825,0.01327830898915298,FR,3,True,False,recoverable,0,False,RUNNING
14.966666666666457,1796,S1_APPROACH_AND_PRE_FR_SHIFT,ADVANCE,v008_20260806_211408_578700_manual:S1_APPROACH_AND_PRE_FR_SHIFT:ALTERNATE_PROFILE_2:segments-0-4,13.374999999999794,0.8,5,0.16328264772891998,0.013327211141586304,0.07826148718595505,-0.19090419940927425,-0.15710539014091213,0.01311247172181844,FR,3,True,False,recoverable,0,False,RUNNING
15.03333333333312,1804,S1_APPROACH_AND_PRE_FR_SHIFT,ADVANCE,v008_20260806_211408_578700_manual:S1_APPROACH_AND_PRE_FR_SHIFT:ALTERNATE_PROFILE_2:segments-0-4,13.441666666666457,0.8,5,0.1643744558095932,0.013266898691654205,0.07824480533599854,-0.19023888754199614,-0.1570439019136659,0.012953671921682413,FR,3,True,False,recoverable,0,False,RUNNING
15.099999999999783,1812,S1_APPROACH_AND_PRE_FR_SHIFT,ADVANCE,v008_20260806_211408_578700_manual:S1_APPROACH_AND_PRE_FR_SHIFT:ALTERNATE_PROFILE_2:segments-0-4,13.50833333333312,0.8,5,0.16550783812999725,0.013198621571063995,0.07820315659046173,-0.1895368020737989,-0.15699427580869718,0.0127876154269695,FR,3,True,False,recoverable,0,False,RUNNING
15.166666666666446,1820,S1_APPROACH_AND_PRE_FR_SHIFT,ADVANCE,v008_20260806_211408_578700_manual:S1_APPROACH_AND_PRE_FR_SHIFT:ALTERNATE_PROFILE_2:segments-0-4,13.574999999999783,0.8,5,0.1664535105228424,0.013166986405849457,0.07818049937486649,-0.18937158723826425,-0.15670708686110643,0.012666551734684143,FR,3,True,False,recoverable,0,False,RUNNING
15.233333333333109,1828,S1_APPROACH_AND_PRE_FR_SHIFT,ADVANCE,v008_20260806_211408_578700_manual:S1_APPROACH_AND_PRE_FR_SHIFT:ALTERNATE_PROFILE_2:segments-0-4,13.641666666666445,0.8,5,0.16737404465675354,0.01315595954656601,0.07815748453140259,-0.18954674267403093,-0.15639247174392662,0.012590184016865008,FR,3,True,False,recoverable,0,False,RUNNING
15.299999999999772,1836,S2_FR_TRAVERSE,FACE_CLEAR,v008_20260806_211408_578700_manual:S2_FR_TRAVERSE:ALTERNATE_PROFILE_2:segments-5-23,0.05833333333333002,0.0,6,0.16742438077926636,0.013148926198482513,0.07814174145460129,-0.18946906353304033,-0.1563347015289116,0.012570921029510016,FR,3,True,False,recoverable,0,False,RUNNING
15.366666666666434,1844,S2_FR_TRAVERSE,FACE_CLEAR,v008_20260806_211408_578700_manual:S2_FR_TRAVERSE:ALTERNATE_PROFILE_2:segments-5-23,0.1249999999999929,0.0,6,0.16737350821495056,0.013139165937900543,0.07812610268592834,-0.1893858800024326,-0.15620333954550641,0.01254206258953239,FR,3,True,False,recoverable,0,False,RUNNING
15.433333333333097,1852,S2_FR_TRAVERSE,FACE_CLEAR,v008_20260806_211408_578700_manual:S2_FR_TRAVERSE:ALTERNATE_PROFILE_2:segments-5-23,0.19166666666665577,0.05263157894736842,7,0.16725389659404755,0.013125777244567871,0.07810299098491669,-0.1892722359870174,-0.1560208931140317,0.012506804678517478,FR,3,True,False,recoverable,0,False,RUNNING
15.49999999999976,1860,S2_FR_TRAVERSE,FACE_CLEAR,v008_20260806_211408_578700_manual:S2_FR_TRAVERSE:ALTERNATE_PROFILE_2:segments-5-23,0.25833333333331865,0.05263157894736842,7,0.16727375984191895,0.013113483786582947,0.07807926833629608,-0.1891914593111259,-0.15598159186902957,0.012496104844502675,FR,3,True,False,recoverable,0,False,RUNNING
15.566666666666423,1868,S2_FR_TRAVERSE,FACE_CLEAR,v008_20260806_211408_578700_manual:S2_FR_TRAVERSE:ALTERNATE_PROFILE_2:segments-5-23,0.3249999999999815,0.05263157894736842,7,0.16730442643165588,0.013102218508720398,0.07805724442005157,-0.189126617475462,-0.15595495533598377,0.01248885240764639,FR,3,True,False,recoverable,0,False,RUNNING
15.633333333333086,1876,S2_FR_TRAVERSE,FACE_CLEAR,v008_20260806_211408_578700_manual:S2_FR_TRAVERSE:ALTERNATE_PROFILE_2:segments-5-23,0.3916666666666444,0.05263157894736842,7,0.16733425855636597,0.013094007968902588,0.07803848385810852,-0.18905889445398097,-0.15592544719847637,0.012471139089786296,FR,3,True,False,recoverable,0,False,RUNNING
15.699999999999749,1884,S2_FR_TRAVERSE,FACE_CLEAR,v008_20260806_211408_578700_manual:S2_FR_TRAVERSE:ALTERNATE_PROFILE_2:segments-5-23,0.4583333333333073,0.05263157894736842,7,0.1673416644334793,0.013081520795822144,0.07801888883113861,-0.1889986667329783,-0.15587721193208248,0.012471062058367321,FR,3,True,False,recoverable,0,False,RUNNING
15.766666666666412,1892,S2_FR_TRAVERSE,FACE_CLEAR,v008_20260806_211408_578700_manual:S2_FR_TRAVERSE:ALTERNATE_PROFILE_2:segments-5-23,0.5249999999999702,0.05263157894736842,7,0.16732870042324066,0.013070084154605865,0.0779981017112732,-0.18891713987869552,-0.1558136625390522,0.01245573177903665,FR,3,True,False,recoverable,0,False,RUNNING
15.833333333333075,1900,S2_FR_TRAVERSE,FACE_CLEAR,v008_20260806_211408_578700_manual:S2_FR_TRAVERSE:ALTERNATE_PROFILE_2:segments-5-23,0.591666666666633,0.10526315789473684,8,0.1672174632549286,0.013051405549049377,0.0779641643166542,-0.18868856542033358,-0.1556430142528542,0.012392776813137421,FR,3,True,False,recoverable,0,False,RUNNING
15.899999999999737,1908,S2_FR_TRAVERSE,FACE_CLEAR,v008_20260806_211408_578700_manual:S2_FR_TRAVERSE:ALTERNATE_PROFILE_2:segments-5-23,0.6583333333332959,0.10526315789473684,8,0.16722622513771057,0.013044178485870361,0.07794719934463501,-0.1886311409098739,-0.15562631398463214,0.01238084350636321,FR,3,True,False,recoverable,0,False,RUNNING
15.9666666666664,1916,S2_FR_TRAVERSE,FACE_CLEAR,v008_20260806_211408_578700_manual:S2_FR_TRAVERSE:ALTERNATE_PROFILE_2:segments-5-23,0.7249999999999588,0.10526315789473684,8,0.16724693775177002,0.013038240373134613,0.07793110609054565,-0.18860266894598152,-0.15563386837888946,0.012379664735387496,FR,3,True,False,recoverable,0,False,RUNNING
16.033333333333065,1924,S2_FR_TRAVERSE,TOP_PLACE,v008_20260806_211408_578700_manual:S2_FR_TRAVERSE:ALTERNATE_PROFILE_2:segments-5-23,0.7916666666666234,0.15789473684210525,9,0.16714371740818024,0.0130176842212677,0.07791320979595184,-0.18841889087389133,-0.15542451451842865,0.012343000032133004,FR,3,True,False,recoverable,0,False,RUNNING
16.099999999999728,1932,S2_FR_TRAVERSE,TOP_PLACE,v008_20260806_211408_578700_manual:S2_FR_TRAVERSE:ALTERNATE_PROFILE_2:segments-5-23,0.8583333333332863,0.15789473684210525,9,0.16711783409118652,0.013004809617996216,0.07789760082960129,-0.1882792311791275,-0.15533046782892432,0.0123130114600224,FR,3,True,False,recoverable,0,False,RUNNING
16.16666666666639,1940,S2_FR_TRAVERSE,TOP_PLACE,v008_20260806_211408_578700_manual:S2_FR_TRAVERSE:ALTERNATE_PROFILE_2:segments-5-23,0.9249999999999492,0.15789473684210525,9,0.16718052327632904,0.013004839420318604,0.07788699865341187,-0.18832418368674111,-0.155419709413514,0.012332936013863354,FR,3,True,False,recoverable,0,False,RUNNING
16.233333333333054,1948,S2_FR_TRAVERSE,TOP_PLACE,v008_20260806_211408_578700_manual:S2_FR_TRAVERSE:ALTERNATE_PROFILE_2:segments-5-23,0.9916666666666121,0.15789473684210525,9,0.1671929508447647,0.013000622391700745,0.07787345349788666,-0.18830098248390403,-0.1554191103804696,0.012328141833072615,FR,3,True,False,recoverable,0,False,RUNNING
16.299999999999716,1956,S2_FR_TRAVERSE,TOP_PLACE,v008_20260806_211408_578700_manual:S2_FR_TRAVERSE:ALTERNATE_PROFILE_2:segments-5-23,1.058333333333275,0.15789473684210525,9,0.16721315681934357,0.013006336987018585,0.07786944508552551,-0.18830241254057664,-0.1554038418300811,0.01229741458737834,FR,3,True,False,recoverable,0,False,RUNNING
16.36666666666638,1964,S2_FR_TRAVERSE,TOP_PLACE,v008_20260806_211408_578700_manual:S2_FR_TRAVERSE:ALTERNATE_PROFILE_2:segments-5-23,1.1249999999999378,0.15789473684210525,9,0.16722439229488373,0.01300249993801117,0.07786194980144501,-0.18828342079521038,-0.15537413660195792,0.012292235932520794,FR,3,True,False,recoverable,0,False,RUNNING
16.433333333333042,1972,S2_FR_TRAVERSE,TOP_PLACE,v008_20260806_211408_578700_manual:S2_FR_TRAVERSE:ALTERNATE_PROFILE_2:segments-5-23,1.1916666666666007,0.15789473684210525,9,0.16722995042800903,0.012996502220630646,0.07785734534263611,-0.1882695662784767,-0.15532632497908347,0.012296903221465401,FR,3,True,False,recoverable,0,False,RUNNING
16.499999999999705,1980,S2_FR_TRAVERSE,TOP_PLACE,v008_20260806_211408_578700_manual:S2_FR_TRAVERSE:ALTERNATE_PROFILE_2:segments-5-23,1.2583333333332636,0.21052631578947367,10,0.16720455884933472,0.012979306280612946,0.07784389704465866,-0.18809084071470134,-0.1551848230173246,0.012261545380847541,FR,3,True,False,recoverable,0,False,RUNNING
16.566666666666368,1988,S2_FR_TRAVERSE,TOP_PLACE,v008_20260806_211408_578700_manual:S2_FR_TRAVERSE:ALTERNATE_PROFILE_2:segments-5-23,1.3249999999999265,0.21052631578947367,10,0.16721582412719727,0.012976467609405518,0.0778312012553215,-0.18808878774119783,-0.15520522638733875,0.012264669646745921,FR,3,True,False,recoverable,0,False,RUNNING
16.63333333333303,1996,S2_FR_TRAVERSE,TOP_PLACE,v008_20260806_211408_578700_manual:S2_FR_TRAVERSE:ALTERNATE_PROFILE_2:segments-5-23,1.3916666666665893,0.2631578947368421,11,0.16722169518470764,0.012971624732017517,0.07782392203807831,-0.18805846887077093,-0.1551731640045748,0.012259818858811944,FR,3,True,False,recoverable,0,False,RUNNING
16.699999999999694,2004,S2_FR_TRAVERSE,TOP_PLACE,v008_20260806_211408_578700_manual:S2_FR_TRAVERSE:ALTERNATE_PROFILE_2:segments-5-23,1.4583333333332522,0.2631578947368421,11,0.16723503172397614,0.012969650328159332,0.07781293988227844,-0.18806348115943633,-0.15520097055611146,0.012264370897208976,FR,3,True,False,recoverable,0,False,RUNNING
16.766666666666357,2012,S2_FR_TRAVERSE,TOP_PLACE,v008_20260806_211408_578700_manual:S2_FR_TRAVERSE:ALTERNATE_PROFILE_2:segments-5-23,1.524999999999915,0.3157894736842105,12,0.1672695279121399,0.01298222690820694,0.07781420648097992,-0.18820281376214448,-0.1553118380030479,0.012286548101608974,FR,3,True,False,recoverable,0,False,RUNNING
16.83333333333302,2020,S2_FR_TRAVERSE,TOP_PLACE,v008_20260806_211408_578700_manual:S2_FR_TRAVERSE:ALTERNATE_PROFILE_2:segments-5-23,1.591666666666578,0.3684210526315789,13,0.16729408502578735,0.012987688183784485,0.07781166583299637,-0.1883459565097546,-0.15540999558796445,0.012337170795173885,FR,3,True,False,recoverable,0,False,RUNNING
16.899999999999682,2028,S2_FR_TRAVERSE,TOP_PLACE,v008_20260806_211408_578700_manual:S2_FR_TRAVERSE:ALTERNATE_PROFILE_2:segments-5-23,1.6583333333332408,0.3684210526315789,13,0.16729140281677246,0.012969516217708588,0.07781394571065903,-0.18813415233074304,-0.15520667291053314,0.012288371328689804,FR,3,True,False,recoverable,0,False,RUNNING
16.966666666666345,2036,S2_FR_TRAVERSE,TOP_PLACE,v008_20260806_211408_578700_manual:S2_FR_TRAVERSE:ALTERNATE_PROFILE_2:segments-5-23,1.7249999999999037,0.42105263157894735,14,0.16728419065475464,0.012953832745552063,0.07780972868204117,-0.18800813524106907,-0.15509470550536247,0.012282782139017557,FR,3,True,False,recoverable,0,False,RUNNING
17.033333333333008,2044,S2_FR_TRAVERSE,TOP_PLACE,v008_20260806_211408_578700_manual:S2_FR_TRAVERSE:ALTERNATE_PROFILE_2:segments-5-23,1.7916666666665666,0.47368421052631576,15,0.1678668111562729,0.012858070433139801,0.07661587744951248,-0.18898818817693594,-0.14564824363160703,0.010481045366088296,FR,3,True,False,recoverable,0,False,RUNNING
17.09999999999967,2052,S2_FR_TRAVERSE,TOP_PLACE,v008_20260806_211408_578700_manual:S2_FR_TRAVERSE:ALTERNATE_PROFILE_2:segments-5-23,1.8583333333332295,0.47368421052631576,15,0.17009134590625763,0.010981611907482147,0.0699130967259407,-0.18149812357157571,-0.11557907121721762,0.0048721180531272395,FR,3,True,False,recoverable,0,False,RUNNING
17.166666666666334,2060,S2_FR_TRAVERSE,TOP_PLACE,v008_20260806_211408_578700_manual:S2_FR_TRAVERSE:ALTERNATE_PROFILE_2:segments-5-23,1.9249999999998924,0.47368421052631576,15,0.17729434370994568,0.009000934660434723,0.06402906775474548,-0.17115458495414512,-0.08473296567736288,-0.00024305888230761444,FR,4,True,False,recoverable,0,False,RUNNING
17.233333333332997,2068,S2_FR_TRAVERSE,TOP_PLACE,v008_20260806_211408_578700_manual:S2_FR_TRAVERSE:ALTERNATE_PROFILE_2:segments-5-23,1.9916666666665552,0.47368421052631576,15,0.18028606474399567,0.008396215736865997,0.06138027459383011,-0.17112557643937634,-0.07531774223768711,-0.0023611412576203202,FR,4,True,False,recoverable,0,False,RUNNING
17.29999999999966,2076,S2_FR_TRAVERSE,TOP_PLACE,v008_20260806_211408_578700_manual:S2_FR_TRAVERSE:ALTERNATE_PROFILE_2:segments-5-23,2.058333333333218,0.47368421052631576,15,0.1824156641960144,0.008315719664096832,0.05871214717626572,-0.17831951871796994,-0.07324360700972173,-0.003992935456514041,FR,4,True,False,recoverable,0,False,RUNNING
17.366666666666323,2084,S2_FR_TRAVERSE,TOP_PLACE,v008_20260806_211408_578700_manual:S2_FR_TRAVERSE:ALTERNATE_PROFILE_2:segments-5-23,2.124999999999881,0.47368421052631576,15,0.18335093557834625,0.008235998451709747,0.059344351291656494,-0.17646058040486864,-0.07428336214141404,-0.003787996389547092,FR,4,True,False,recoverable,0,False,RUNNING
17.433333333332985,2092,S2_FR_TRAVERSE,TOP_PLACE,v008_20260806_211408_578700_manual:S2_FR_TRAVERSE:ALTERNATE_PROFILE_2:segments-5-23,2.191666666666544,0.47368421052631576,15,0.18379122018814087,0.00850079208612442,0.06155078858137131,-0.1745012207458423,-0.0806347618248073,-0.0023900056643470016,FR,4,True,False,recoverable,0,False,RUNNING
17.49999999999965,2100,S2_FR_TRAVERSE,TOP_PLACE,v008_20260806_211408_578700_manual:S2_FR_TRAVERSE:ALTERNATE_PROFILE_2:segments-5-23,2.2583333333332067,0.47368421052631576,15,0.18375733494758606,0.00890149176120758,0.06523337960243225,-0.1718351964340064,-0.09118046224508372,-0.0004820500987100015,FR,4,True,False,recoverable,0,False,RUNNING
17.56666666666631,2108,S2_FR_TRAVERSE,TOP_PLACE,v008_20260806_211408_578700_manual:S2_FR_TRAVERSE:ALTERNATE_PROFILE_2:segments-5-23,2.3249999999998696,0.47368421052631576,15,0.18484050035476685,0.009062960743904114,0.0680479034781456,-0.16934752253531604,-0.10057600674917337,0.000975240909329485,FR,3,True,False,recoverable,0,False,RUNNING
17.633333333332974,2116,S2_FR_TRAVERSE,TOP_PLACE,v008_20260806_211408_578700_manual:S2_FR_TRAVERSE:ALTERNATE_PROFILE_2:segments-5-23,2.3916666666665325,0.47368421052631576,15,0.18667444586753845,0.008765637874603271,0.06960797309875488,-0.16472458638342097,-0.10422933621035801,0.001200255631053767,FR,3,True,False,recoverable,0,False,RUNNING
17.699999999999637,2124,S2_FR_TRAVERSE,TOP_PLACE,v008_20260806_211408_578700_manual:S2_FR_TRAVERSE:ALTERNATE_PROFILE_2:segments-5-23,2.4583333333331954,0.47368421052631576,15,0.1904514580965042,0.008405797183513641,0.0717935860157013,-0.15808306764609312,-0.11187730253137239,0.002335396868300464,FR,3,True,False,recoverable,0,False,RUNNING
17.7666666666663,2132,S2_FR_TRAVERSE,TOP_PLACE,v008_20260806_211408_578700_manual:S2_FR_TRAVERSE:ALTERNATE_PROFILE_2:segments-5-23,2.5249999999998582,0.47368421052631576,15,0.1965571939945221,0.007779821753501892,0.07402574270963669,-0.14880828594057904,-0.12231463685513244,0.003679542273332388,FR,3,True,False,recoverable,0,False,RUNNING
17.833333333332963,2140,S2_FR_TRAVERSE,TOP_PLACE,v008_20260806_211408_578700_manual:S2_FR_TRAVERSE:ALTERNATE_PROFILE_2:segments-5-23,2.591666666666521,0.47368421052631576,15,0.20125047862529755,0.006648622453212738,0.07638814300298691,-0.1319591111474422,-0.12112274911257458,0.0030638751339248037,FR,3,True,False,recoverable,0,False,RUNNING
17.899999999999626,2148,S2_FR_TRAVERSE,TOP_PLACE,v008_20260806_211408_578700_manual:S2_FR_TRAVERSE:ALTERNATE_PROFILE_2:segments-5-23,2.658333333333184,0.47368421052631576,15,0.19957318902015686,0.0049226656556129456,0.07941696047782898,-0.10673199103771122,-0.09591462612224426,-0.00030332298339540755,FR,3,True,False,recoverable,0,False,RUNNING
17.96666666666629,2156,S2_FR_TRAVERSE,TOP_PLACE,v008_20260806_211408_578700_manual:S2_FR_TRAVERSE:ALTERNATE_PROFILE_2:segments-5-23,2.724999999999847,0.47368421052631576,15,0.19521942734718323,0.0048418790102005005,0.08038213849067688,-0.10452575976713761,-0.08126445908588265,-0.001575324764167235,FR,3,True,False,recoverable,0,False,RUNNING
18.03333333333295,2164,S2_FR_TRAVERSE,TOP_PLACE,v008_20260806_211408_578700_manual:S2_FR_TRAVERSE:ALTERNATE_PROFILE_2:segments-5-23,2.7916666666665098,0.47368421052631576,15,0.184067964553833,0.006075553596019745,0.08094039559364319,-0.11603356450791649,-0.06945982981963758,-0.0029714113223277615,FR,3,True,False,recoverable,0,False,RUNNING
18.099999999999614,2172,S2_FR_TRAVERSE,TOP_PLACE,v008_20260806_211408_578700_manual:S2_FR_TRAVERSE:ALTERNATE_PROFILE_2:segments-5-23,2.8583333333331726,0.47368421052631576,15,0.1767743080854416,0.006979696452617645,0.08058710396289825,-0.1265044017091236,-0.06578546100248263,-0.003930837733585639,FR,3,True,False,recoverable,0,False,RUNNING
18.166666666666277,2180,S2_FR_TRAVERSE,TOP_PLACE,v008_20260806_211408_578700_manual:S2_FR_TRAVERSE:ALTERNATE_PROFILE_2:segments-5-23,2.9249999999998355,0.47368421052631576,15,0.1754271388053894,0.0074412524700164795,0.08101531118154526,-0.1314840343499791,-0.07199525876401214,-0.003502941680177282,FR,3,True,False,recoverable,0,False,RUNNING
18.23333333333294,2188,S2_FR_TRAVERSE,TOP_PLACE,v008_20260806_211408_578700_manual:S2_FR_TRAVERSE:ALTERNATE_PROFILE_2:segments-5-23,2.9916666666664984,0.47368421052631576,15,0.1764095276594162,0.00757899135351181,0.08105600625276566,-0.1333527371142232,-0.07968455326721871,-0.0024275727936837748,FR,3,True,False,recoverable,0,False,RUNNING
18.299999999999603,2196,S2_FR_TRAVERSE,TOP_PLACE,v008_20260806_211408_578700_manual:S2_FR_TRAVERSE:ALTERNATE_PROFILE_2:segments-5-23,3.0583333333331613,0.47368421052631576,15,0.17618653178215027,0.006721116602420807,0.07913662493228912,-0.13392069051229416,-0.08160155219243016,0.0020034509954010423,FR,3,True,False,recoverable,0,False,RUNNING
18.366666666666266,2204,S2_FR_TRAVERSE,TOP_PLACE,v008_20260806_211408_578700_manual:S2_FR_TRAVERSE:ALTERNATE_PROFILE_2:segments-5-23,3.124999999999824,0.47368421052631576,15,0.17582979798316956,0.005102775990962982,0.07634522765874863,-0.1300190608620197,-0.08175826298947979,0.008095688708205448,FR,3,True,False,recoverable,0,False,RUNNING
18.43333333333293,2212,S2_FR_TRAVERSE,TOP_PLACE,v008_20260806_211408_578700_manual:S2_FR_TRAVERSE:ALTERNATE_PROFILE_2:segments-5-23,3.191666666666487,0.5263157894736842,16,0.177448570728302,0.0036090314388275146,0.07571041584014893,-0.12138569192295053,-0.07884736819511291,0.011683530334885452,FR,3,True,False,recoverable,0,False,RUNNING
18.49999999999959,2220,S2_FR_TRAVERSE,TOP_PLACE,v008_20260806_211408_578700_manual:S2_FR_TRAVERSE:ALTERNATE_PROFILE_2:segments-5-23,3.25833333333315,0.5789473684210527,17,0.17693695425987244,0.0023955032229423523,0.07613897323608398,-0.11373475632371696,-0.07642955447903796,0.014797333658135039,FR,3,True,False,recoverable,0,False,RUNNING
18.566666666666254,2228,S2_FR_TRAVERSE,TOP_PLACE,v008_20260806_211408_578700_manual:S2_FR_TRAVERSE:ALTERNATE_PROFILE_2:segments-5-23,3.3249999999998128,0.5789473684210527,17,0.17550519108772278,0.0016732066869735718,0.07657741755247116,-0.11020504497894042,-0.07682651048526261,0.01757304021919791,FR,4,True,False,recoverable,0,False,RUNNING
18.633333333332917,2236,S2_FR_TRAVERSE,TOP_PLACE,v008_20260806_211408_578700_manual:S2_FR_TRAVERSE:ALTERNATE_PROFILE_2:segments-5-23,3.3916666666664756,0.5789473684210527,17,0.1724420040845871,0.0009457916021347046,0.07877980917692184,-0.09919012201277978,-0.07260917010682925,0.01766219837785441,FR,4,True,False,recoverable,0,False,RUNNING
18.69999999999958,2244,S2_FR_TRAVERSE,TOP_PLACE,v008_20260806_211408_578700_manual:S2_FR_TRAVERSE:ALTERNATE_PROFILE_2:segments-5-23,3.4583333333331385,0.631578947368421,18,0.16686852276325226,-7.309764623641968e-05,0.08107461035251617,-0.08088987822844355,-0.061710069036251945,0.015945763670967276,FR,4,True,False,recoverable,0,False,RUNNING
18.766666666666243,2252,S2_FR_TRAVERSE,TOP_PLACE,v008_20260806_211408_578700_manual:S2_FR_TRAVERSE:ALTERNATE_PROFILE_2:segments-5-23,3.5249999999998014,0.631578947368421,18,0.16182731091976166,-0.0010178983211517334,0.08254928886890411,-0.06575654681829826,-0.05121322636632791,0.014866084188124531,FR,4,True,False,recoverable,0,False,RUNNING
18.833333333332906,2260,S2_FR_TRAVERSE,TOP_PLACE,v008_20260806_211408_578700_manual:S2_FR_TRAVERSE:ALTERNATE_PROFILE_2:segments-5-23,3.5916666666664643,0.631578947368421,18,0.15898211300373077,-0.0015391111373901367,0.08332064002752304,-0.05756968607464571,-0.04550883833893004,0.01445298695505156,FR,4,True,False,recoverable,0,False,RUNNING
18.89999999999957,2268,S2_FR_TRAVERSE,TOP_PLACE,v008_20260806_211408_578700_manual:S2_FR_TRAVERSE:ALTERNATE_PROFILE_2:segments-5-23,3.658333333333127,0.631578947368421,18,0.1570453941822052,-0.0018918216228485107,0.08379406481981277,-0.05215759029110922,-0.04169210193032348,0.01421747716006256,FR,4,True,False,recoverable,0,False,RUNNING
18.96666666666623,2276,S2_FR_TRAVERSE,TOP_PLACE,v008_20260806_211408_578700_manual:S2_FR_TRAVERSE:ALTERNATE_PROFILE_2:segments-5-23,3.72499999999979,0.631578947368421,18,0.15572448074817657,-0.002146415412425995,0.08409476280212402,-0.04836972813574073,-0.03897483609778711,0.014087479574777855,FR,4,True,False,recoverable,0,False,RUNNING
19.033333333332894,2284,S2_FR_TRAVERSE,TOP_PLACE,v008_20260806_211408_578700_manual:S2_FR_TRAVERSE:ALTERNATE_PROFILE_2:segments-5-23,3.791666666666453,0.631578947368421,18,0.15516634285449982,-0.0022630244493484497,0.08424288034439087,-0.046609741488017706,-0.03776460033079366,0.014032166109942436,FR,4,True,False,recoverable,0,False,RUNNING
19.099999999999557,2292,S2_FR_TRAVERSE,TOP_PLACE,v008_20260806_211408_578700_manual:S2_FR_TRAVERSE:ALTERNATE_PROFILE_2:segments-5-23,3.858333333333116,0.631578947368421,18,0.15463678538799286,-0.0023753494024276733,0.0843840092420578,-0.04491431118996732,-0.036535534651811065,0.013984214458274786,FR,4,True,False,recoverable,0,False,RUNNING
19.16666666666622,2300,S2_FR_TRAVERSE,TOP_PLACE,v008_20260806_211408_578700_manual:S2_FR_TRAVERSE:ALTERNATE_PROFILE_2:segments-5-23,3.9249999999997787,0.631578947368421,18,0.15390227735042572,-0.00252600759267807,0.084567591547966,-0.042680829706422126,-0.034835097406066134,0.013935939245582509,FR,4,True,False,recoverable,0,False,RUNNING
19.233333333332883,2308,S2_FR_TRAVERSE,TOP_PLACE,v008_20260806_211408_578700_manual:S2_FR_TRAVERSE:ALTERNATE_PROFILE_2:segments-5-23,3.9916666666664415,0.631578947368421,18,0.15297074615955353,-0.0027041062712669373,0.08477849513292313,-0.0400048648060922,-0.032683867444705784,0.013861315273122427,FR,4,True,False,recoverable,0,False,RUNNING
19.299999999999546,2316,S2_FR_TRAVERSE,TOP_PLACE,v008_20260806_211408_578700_manual:S2_FR_TRAVERSE:ALTERNATE_PROFILE_2:segments-5-23,4.058333333333104,0.631578947368421,18,0.1519542932510376,-0.0029012486338615417,0.08501170575618744,-0.037079568353058874,-0.030321863906977786,0.013808534279650458,FR,4,True,False,recoverable,0,False,RUNNING
19.36666666666621,2324,S2_FR_TRAVERSE,TOP_PLACE,v008_20260806_211408_578700_manual:S2_FR_TRAVERSE:ALTERNATE_PROFILE_2:segments-5-23,4.124999999999767,0.631578947368421,18,0.1509370058774948,-0.003094032406806946,0.08524248749017715,-0.03419864316474165,-0.027992224448189787,0.01378734515437418,FR,4,True,False,recoverable,0,False,RUNNING
19.43333333333287,2332,S2_FR_TRAVERSE,TOP_PLACE,v008_20260806_211408_578700_manual:S2_FR_TRAVERSE:ALTERNATE_PROFILE_2:segments-5-23,4.19166666666643,0.631578947368421,18,0.14985288679599762,-0.003304809331893921,0.08548787981271744,-0.031122342228786497,-0.02547091570323743,0.013766994275188765,FR,4,True,False,recoverable,0,False,RUNNING
19.499999999999535,2340,S2_FR_TRAVERSE,TOP_PLACE,v008_20260806_211408_578700_manual:S2_FR_TRAVERSE:ALTERNATE_PROFILE_2:segments-5-23,4.258333333333093,0.631578947368421,18,0.1488669514656067,-0.003497175872325897,0.08571254462003708,-0.028296997426758636,-0.023173074085161654,0.013774061028695543,FR,4,True,False,recoverable,0,False,RUNNING
19.566666666666197,2348,S2_FR_TRAVERSE,TOP_PLACE,v008_20260806_211408_578700_manual:S2_FR_TRAVERSE:ALTERNATE_PROFILE_2:segments-5-23,4.324999999999756,0.631578947368421,18,0.14794543385505676,-0.0036787688732147217,0.0859237015247345,-0.02565132099596102,-0.02101476199936368,0.013800015005666475,FR,4,True,False,recoverable,0,False,RUNNING
19.63333333333286,2356,S2_FR_TRAVERSE,TOP_PLACE,v008_20260806_211408_578700_manual:S2_FR_TRAVERSE:ALTERNATE_PROFILE_2:segments-5-23,4.391666666666419,0.6842105263157895,19,0.14703361690044403,-0.0038581937551498413,0.08613932877779007,-0.023055499565119014,-0.018915001589656068,0.013841728951801986,FR,4,True,False,recoverable,0,False,RUNNING
19.699999999999523,2364,S2_FR_TRAVERSE,TOP_PLACE,v008_20260806_211408_578700_manual:S2_FR_TRAVERSE:ALTERNATE_PROFILE_2:segments-5-23,4.458333333333082,0.6842105263157895,19,0.14614970982074738,-0.004032343626022339,0.08636590093374252,-0.02048679036067641,-0.016889544507700836,0.013897878027522122,FR,4,True,False,recoverable,0,False,RUNNING
19.766666666666186,2372,S2_FR_TRAVERSE,TOP_PLACE,v008_20260806_211408_578700_manual:S2_FR_TRAVERSE:ALTERNATE_PROFILE_2:segments-5-23,4.524999999999745,0.6842105263157895,19,0.14533033967018127,-0.004199884831905365,0.08658122271299362,-0.018049417793296333,-0.014998124931996593,0.01396328333035952,FR,4,True,False,recoverable,0,False,RUNNING
19.83333333333285,2380,S2_FR_TRAVERSE,TOP_PLACE,v008_20260806_211408_578700_manual:S2_FR_TRAVERSE:ALTERNATE_PROFILE_2:segments-5-23,4.591666666666407,0.6842105263157895,19,0.14444005489349365,-0.004380136728286743,0.08680351078510284,-0.015424825486478114,-0.012959931442137905,0.014053600930203749,FR,4,True,False,recoverable,0,False,RUNNING
19.899999999999512,2388,S2_FR_TRAVERSE,TOP_PLACE,v008_20260806_211408_578700_manual:S2_FR_TRAVERSE:ALTERNATE_PROFILE_2:segments-5-23,4.65833333333307,0.6842105263157895,19,0.14341235160827637,-0.004581734538078308,0.08705039322376251,-0.012500841682507534,-0.010691729904688774,0.014171122308809021,FR,4,True,False,recoverable,0,False,RUNNING
19.966666666666175,2396,S2_FR_TRAVERSE,TOP_PLACE,v008_20260806_211408_578700_manual:S2_FR_TRAVERSE:ALTERNATE_PROFILE_2:segments-5-23,4.724999999999733,0.6842105263157895,19,0.14253117144107819,-0.004761919379234314,0.08727029711008072,-0.009906193191607262,-0.008691750082895338,0.014289903529655808,FR,4,True,False,recoverable,0,False,RUNNING
20.033333333332838,2404,S2_FR_TRAVERSE,TOP_PLACE,v008_20260806_211408_578700_manual:S2_FR_TRAVERSE:ALTERNATE_PROFILE_2:segments-5-23,4.791666666666396,0.6842105263157895,19,0.1416521817445755,-0.004937417805194855,0.08748649805784225,-0.0073883250920149385,-0.006756732540708981,0.014421654516402491,FR,4,True,False,recoverable,0,False,RUNNING
20.0999999999995,2412,S2_FR_TRAVERSE,TOP_PLACE,v008_20260806_211408_578700_manual:S2_FR_TRAVERSE:ALTERNATE_PROFILE_2:segments-5-23,4.858333333333059,0.6842105263157895,19,0.14069247245788574,-0.005135096609592438,0.08772213757038116,-0.004590471365585807,-0.004580340345721426,0.01459177047542182,FR,4,True,False,recoverable,0,False,RUNNING
20.166666666666163,2420,S2_FR_TRAVERSE,TOP_PLACE,v008_20260806_211408_578700_manual:S2_FR_TRAVERSE:ALTERNATE_PROFILE_2:segments-5-23,4.924999999999722,0.6842105263157895,19,0.13983742892742157,-0.005310148000717163,0.08793357759714127,-0.0020708256293672997,-0.002638130735009288,0.014749387388081002,FR,4,True,False,recoverable,0,False,RUNNING
20.233333333332826,2428,S2_FR_TRAVERSE,TOP_PLACE,v008_20260806_211408_578700_manual:S2_FR_TRAVERSE:ALTERNATE_PROFILE_2:segments-5-23,4.991666666666385,0.6842105263157895,19,0.13889695703983307,-0.005496419966220856,0.08815626055002213,0.0005981535683231602,-0.0005835980273933796,0.014933164130808904,FR,4,True,False,recoverable,0,False,RUNNING
20.29999999999949,2436,S2_FR_TRAVERSE,TOP_PLACE,v008_20260806_211408_578700_manual:S2_FR_TRAVERSE:ALTERNATE_PROFILE_2:segments-5-23,5.058333333333048,0.6842105263157895,19,0.138006329536438,-0.005677223205566406,0.08837538957595825,0.0031991504668236206,0.0013963562394549026,0.015126842575343096,FR,4,True,False,recoverable,0,False,RUNNING
20.366666666666152,2444,S2_FR_TRAVERSE,TOP_PLACE,v008_20260806_211408_578700_manual:S2_FR_TRAVERSE:ALTERNATE_PROFILE_2:segments-5-23,5.1249999999997105,0.6842105263157895,19,0.13709163665771484,-0.005863003432750702,0.0885879173874855,0.005834962506065674,0.003427898360459691,0.01533821779608373,FR,4,True,False,recoverable,0,False,RUNNING
20.433333333332815,2452,S2_FR_TRAVERSE,TOP_PLACE,v008_20260806_211408_578700_manual:S2_FR_TRAVERSE:ALTERNATE_PROFILE_2:segments-5-23,5.191666666666373,0.7368421052631579,20,0.13640958070755005,-0.00601012259721756,0.08874549716711044,0.007809339278485056,0.00488844692675428,0.015509669712563026,FR,4,True,False,recoverable,0,False,RUNNING
20.499999999999478,2460,S2_FR_TRAVERSE,TOP_PLACE,v008_20260806_211408_578700_manual:S2_FR_TRAVERSE:ALTERNATE_PROFILE_2:segments-5-23,5.258333333333036,0.7368421052631579,20,0.13532552123069763,-0.0062299370765686035,0.08900045603513718,0.010955451851721566,0.00731686847465568,0.01579451599907695,FR,4,True,False,recoverable,0,False,RUNNING
20.56666666666614,2468,S2_FR_TRAVERSE,TOP_PLACE,v008_20260806_211408_578700_manual:S2_FR_TRAVERSE:ALTERNATE_PROFILE_2:segments-5-23,5.324999999999699,0.7368421052631579,20,0.13435573875904083,-0.00643002986907959,0.08922531455755234,0.013793557754570186,0.009482010674436579,0.01607065724310178,FR,4,True,False,recoverable,0,False,RUNNING
20.633333333332804,2476,S2_FR_TRAVERSE,TOP_PLACE,v008_20260806_211408_578700_manual:S2_FR_TRAVERSE:ALTERNATE_PROFILE_2:segments-5-23,5.391666666666362,0.7368421052631579,20,0.1334373652935028,-0.006612695753574371,0.08944590389728546,0.016374300339505453,0.011575932907912192,0.016338348296334737,FR,4,True,False,recoverable,0,False,RUNNING
20.699999999999466,2484,S2_FR_TRAVERSE,TOP_PLACE,v008_20260806_211408_578700_manual:S2_FR_TRAVERSE:ALTERNATE_PROFILE_2:segments-5-23,5.458333333333025,0.7368421052631579,20,0.1326165348291397,-0.006779856979846954,0.08965031057596207,0.018730113711526362,0.013438309517891257,0.016599023119530626,FR,4,True,False,recoverable,0,False,RUNNING
20.76666666666613,2492,S2_FR_TRAVERSE,TOP_PLACE,v008_20260806_211408_578700_manual:S2_FR_TRAVERSE:ALTERNATE_PROFILE_2:segments-5-23,5.524999999999688,0.7894736842105263,21,0.1323704570531845,-0.007004059851169586,0.08990506082773209,0.02203043389769433,0.0161253701864606,0.01696694345026688,FR,4,True,False,recoverable,0,False,RUNNING
20.833333333332792,2500,S2_FR_TRAVERSE,TOP_PLACE,v008_20260806_211408_578700_manual:S2_FR_TRAVERSE:ALTERNATE_PROFILE_2:segments-5-23,5.591666666666351,0.7894736842105263,21,0.13236738741397858,-0.007171109318733215,0.09013168513774872,0.02452355974436924,0.01843091417299665,0.017257377044704494,FR,4,True,False,recoverable,0,False,RUNNING
20.899999999999455,2508,S2_FR_TRAVERSE,TOP_PLACE,v008_20260806_211408_578700_manual:S2_FR_TRAVERSE:ALTERNATE_PROFILE_2:segments-5-23,5.6583333333330135,0.7894736842105263,21,0.13231997191905975,-0.0073529258370399475,0.09036096185445786,0.027244978022421387,0.020938859420522375,0.017589809051032315,FR,4,True,False,recoverable,0,False,RUNNING
20.966666666666118,2516,S2_FR_TRAVERSE,TOP_PLACE,v008_20260806_211408_578700_manual:S2_FR_TRAVERSE:ALTERNATE_PROFILE_2:segments-5-23,5.724999999999676,0.7894736842105263,21,0.13230076432228088,-0.007536664605140686,0.09056557714939117,0.029955649294750978,0.0234128882653258,0.017944594227740862,FR,4,True,False,recoverable,0,False,RUNNING
21.03333333333278,2524,S2_FR_TRAVERSE,TOP_PLACE,v008_20260806_211408_578700_manual:S2_FR_TRAVERSE:ALTERNATE_PROFILE_2:segments-5-23,5.791666666666339,0.7894736842105263,21,0.13219818472862244,-0.007740959525108337,0.09076595306396484,0.03293295274252091,0.026113379753176805,0.018353765624406812,FR,4,True,False,recoverable,0,False,RUNNING
21.099999999999444,2532,S2_FR_TRAVERSE,TOP_PLACE,v008_20260806_211408_578700_manual:S2_FR_TRAVERSE:ALTERNATE_PROFILE_2:segments-5-23,5.858333333333002,0.7894736842105263,21,0.13209767639636993,-0.007944680750370026,0.09095753729343414,0.03594983292338252,0.028912003243966995,0.018783172873350382,FR,4,True,False,recoverable,0,False,RUNNING
21.166666666666107,2540,S2_FR_TRAVERSE,TOP_PLACE,v008_20260806_211408_578700_manual:S2_FR_TRAVERSE:ALTERNATE_PROFILE_2:segments-5-23,5.924999999999665,0.7894736842105263,21,0.1320950984954834,-0.00813976675271988,0.09112236648797989,0.038725005784529906,0.03142074454592935,0.01920909002466733,FR,4,True,False,recoverable,0,False,RUNNING
21.23333333333277,2548,S2_FR_TRAVERSE,TOP_PLACE,v008_20260806_211408_578700_manual:S2_FR_TRAVERSE:ALTERNATE_PROFILE_2:segments-5-23,5.991666666666328,0.7894736842105263,21,0.13208892941474915,-0.00835169106721878,0.09130910784006119,0.04162180431579406,0.033895361294082375,0.01967929250302685,FR,4,True,False,recoverable,0,False,RUNNING
21.299999999999432,2556,S2_FR_TRAVERSE,TOP_PLACE,v008_20260806_211408_578700_manual:S2_FR_TRAVERSE:ALTERNATE_PROFILE_2:segments-5-23,6.058333333332991,0.7894736842105263,21,0.13229303061962128,-0.00852254033088684,0.09145542979240417,0.04394017228431924,0.03595519037155329,0.020062295762058382,FR,4,True,False,recoverable,0,False,RUNNING
21.366666666666095,2564,S2_FR_TRAVERSE,TOP_PLACE,v008_20260806_211408_578700_manual:S2_FR_TRAVERSE:ALTERNATE_PROFILE_2:segments-5-23,6.124999999999654,0.7894736842105263,21,0.13270358741283417,-0.008646190166473389,0.0915634036064148,0.04569433440747803,0.03762646293537079,0.020379835044746022,FR,4,True,False,recoverable,0,False,RUNNING
21.433333333332758,2572,S2_FR_TRAVERSE,TOP_PLACE,v008_20260806_211408_578700_manual:S2_FR_TRAVERSE:ALTERNATE_PROFILE_2:segments-5-23,6.1916666666663165,0.7894736842105263,21,0.133223757147789,-0.008750304579734802,0.09162868559360504,0.047194454258969815,0.039088927202480826,0.02063677729549589,FR,4,True,False,recoverable,0,False,RUNNING
21.49999999999942,2580,S2_FR_TRAVERSE,TOP_PLACE,v008_20260806_211408_578700_manual:S2_FR_TRAVERSE:ALTERNATE_PROFILE_2:segments-5-23,6.258333333332979,0.7894736842105263,21,0.13379685580730438,-0.008840933442115784,0.09165357798337936,0.04855909107281479,0.040401878683582255,0.020906323386179593,FR,4,True,False,recoverable,0,False,RUNNING
21.566666666666084,2588,S2_FR_TRAVERSE,TOP_PLACE,v008_20260806_211408_578700_manual:S2_FR_TRAVERSE:ALTERNATE_PROFILE_2:segments-5-23,6.324999999999642,0.7894736842105263,21,0.13450635969638824,-0.008908390998840332,0.09160766005516052,0.04956694193220782,0.041278574342588414,0.021085904055561135,FR,4,True,False,recoverable,0,False,RUNNING
21.633333333332747,2596,S2_FR_TRAVERSE,TOP_PLACE,v008_20260806_211408_578700_manual:S2_FR_TRAVERSE:ALTERNATE_PROFILE_2:segments-5-23,6.391666666666305,0.7894736842105263,21,0.1355183869600296,-0.008934319019317627,0.09165119379758835,0.05011865361366811,0.04109867249880611,0.021137655204275022,FR,4,True,False,recoverable,0,False,RUNNING
21.69999999999941,2604,S2_FR_TRAVERSE,TOP_PLACE,v008_20260806_211408_578700_manual:S2_FR_TRAVERSE:ALTERNATE_PROFILE_2:segments-5-23,6.458333333332968,0.7894736842105263,21,0.1364070475101471,-0.00893913209438324,0.09168393164873123,0.0503168430195977,0.040761553002782676,0.021178202386440588,FR,4,True,False,recoverable,0,False,RUNNING
21.766666666666072,2612,S2_FR_TRAVERSE,TOP_PLACE,v008_20260806_211408_578700_manual:S2_FR_TRAVERSE:ALTERNATE_PROFILE_2:segments-5-23,6.524999999999631,0.7894736842105263,21,0.1369830220937729,-0.008962616324424744,0.0917743369936943,0.05082519445368529,0.04090989759522872,0.021263937986384047,FR,4,True,False,recoverable,0,False,RUNNING
21.833333333332735,2620,S2_FR_TRAVERSE,TOP_PLACE,v008_20260806_211408_578700_manual:S2_FR_TRAVERSE:ALTERNATE_PROFILE_2:segments-5-23,6.591666666666294,0.7894736842105263,21,0.13747240602970123,-0.009012624621391296,0.09191370010375977,0.05182759382505066,0.04143399996363672,0.021431974121281092,FR,4,True,False,recoverable,0,False,RUNNING
21.899999999999398,2628,S2_FR_TRAVERSE,TOP_PLACE,v008_20260806_211408_578700_manual:S2_FR_TRAVERSE:ALTERNATE_PROFILE_2:segments-5-23,6.658333333332957,0.7894736842105263,21,0.1380745768547058,-0.009070172905921936,0.09210967272520065,0.052707040963821575,0.04153215399599558,0.021607394180467716,FR,4,True,False,recoverable,0,False,RUNNING
21.96666666666606,2636,S2_FR_TRAVERSE,TOP_PLACE,v008_20260806_211408_578700_manual:S2_FR_TRAVERSE:ALTERNATE_PROFILE_2:segments-5-23,6.7249999999996195,0.7894736842105263,21,0.13888432085514069,-0.009119302034378052,0.09243277460336685,0.05361500005589827,0.04096666679342377,0.02170199399701954,FR,4,True,False,recoverable,0,False,RUNNING
22.033333333332724,2644,S2_FR_TRAVERSE,TOP_PLACE,v008_20260806_211408_578700_manual:S2_FR_TRAVERSE:ALTERNATE_PROFILE_2:segments-5-23,6.791666666666282,0.7894736842105263,21,0.13972043991088867,-0.009165748953819275,0.09272611886262894,0.05448023246480654,0.04037865399738147,0.021785565219156165,FR,4,True,False,recoverable,0,False,RUNNING
22.099999999999387,2652,S2_FR_TRAVERSE,TOP_PLACE,v008_20260806_211408_578700_manual:S2_FR_TRAVERSE:ALTERNATE_PROFILE_2:segments-5-23,6.858333333332945,0.7894736842105263,21,0.14055754244327545,-0.009209543466567993,0.09299200028181076,0.055294175412202,0.03980058228361439,0.02182548239474425,FR,4,True,False,recoverable,0,False,RUNNING
22.16666666666605,2660,S2_FR_TRAVERSE,TOP_PLACE,v008_20260806_211408_578700_manual:S2_FR_TRAVERSE:ALTERNATE_PROFILE_2:segments-5-23,6.924999999999608,0.7894736842105263,21,0.14146403968334198,-0.009257152676582336,0.0932595282793045,0.056047905335707505,0.039063066101123124,0.02189170991945384,FR,4,True,False,recoverable,0,False,RUNNING
22.233333333332713,2668,S2_FR_TRAVERSE,TOP_PLACE,v008_20260806_211408_578700_manual:S2_FR_TRAVERSE:ALTERNATE_PROFILE_2:segments-5-23,6.991666666666271,0.7894736842105263,21,0.14242687821388245,-0.009281396865844727,0.09351308643817902,0.056611273645675635,0.03832961877457196,0.021911510391972682,FR,4,True,False,recoverable,0,False,RUNNING
22.299999999999375,2676,S2_FR_TRAVERSE,TOP_PLACE,v008_20260806_211408_578700_manual:S2_FR_TRAVERSE:ALTERNATE_PROFILE_2:segments-5-23,7.058333333332934,0.7894736842105263,21,0.14339469373226166,-0.009274393320083618,0.09370105713605881,0.056779607620685395,0.037873521702337105,0.021888208745862635,FR,4,True,False,recoverable,0,False,RUNNING
22.36666666666604,2684,S2_FR_TRAVERSE,TOP_PLACE,v008_20260806_211408_578700_manual:S2_FR_TRAVERSE:ALTERNATE_PROFILE_2:segments-5-23,7.124999999999597,0.7894736842105263,21,0.14438475668430328,-0.009246334433555603,0.09383949637413025,0.05667865276489787,0.03758405836912525,0.021834781410828917,FR,4,True,False,recoverable,0,False,RUNNING
22.4333333333327,2692,S2_FR_TRAVERSE,TOP_PLACE,v008_20260806_211408_578700_manual:S2_FR_TRAVERSE:ALTERNATE_PROFILE_2:segments-5-23,7.19166666666626,0.7894736842105263,21,0.1453023999929428,-0.009210050106048584,0.09394077211618423,0.056290672475548455,0.03727328670299571,0.02178329013799047,FR,4,True,False,recoverable,0,False,RUNNING
22.499999999999364,2700,S2_FR_TRAVERSE,TOP_PLACE,v008_20260806_211408_578700_manual:S2_FR_TRAVERSE:ALTERNATE_PROFILE_2:segments-5-23,7.2583333333329225,0.7894736842105263,21,0.14618733525276184,-0.00917719304561615,0.0940808430314064,0.0558678157534293,0.0367753903029363,0.02172525253761801,FR,4,True,False,recoverable,0,False,RUNNING
22.566666666666027,2708,S2_FR_TRAVERSE,TOP_PLACE,v008_20260806_211408_578700_manual:S2_FR_TRAVERSE:ALTERNATE_PROFILE_2:segments-5-23,7.324999999999585,0.7894736842105263,21,0.1471632570028305,-0.009143173694610596,0.09426593780517578,0.05543220076320352,0.03597677634838872,0.02165460520086898,FR,4,True,False,recoverable,0,False,RUNNING
22.63333333333269,2716,S2_FR_TRAVERSE,TOP_PLACE,v008_20260806_211408_578700_manual:S2_FR_TRAVERSE:ALTERNATE_PROFILE_2:segments-5-23,7.391666666666248,0.7894736842105263,21,0.14815205335617065,-0.009110048413276672,0.09443222731351852,0.05501936341884316,0.035194497264575304,0.02158338152290186,FR,4,True,False,recoverable,0,False,RUNNING
22.699999999999353,2724,S2_FR_TRAVERSE,TOP_PLACE,v008_20260806_211408_578700_manual:S2_FR_TRAVERSE:ALTERNATE_PROFILE_2:segments-5-23,7.458333333332911,0.7894736842105263,21,0.1491733342409134,-0.009077802300453186,0.09461075067520142,0.05462871731688792,0.034286388900126606,0.021512095850495294,FR,4,True,False,recoverable,0,False,RUNNING
22.766666666666016,2732,S2_FR_TRAVERSE,TOP_PLACE,v008_20260806_211408_578700_manual:S2_FR_TRAVERSE:ALTERNATE_PROFILE_2:segments-5-23,7.524999999999574,0.7894736842105263,21,0.15023399889469147,-0.009036704897880554,0.09475676715373993,0.054164499940837295,0.03336299828602785,0.021421892417604182,FR,4,True,False,recoverable,0,False,RUNNING
22.83333333333268,2740,S2_FR_TRAVERSE,TOP_PLACE,v008_20260806_211408_578700_manual:S2_FR_TRAVERSE:ALTERNATE_PROFILE_2:segments-5-23,7.591666666666237,0.7894736842105263,21,0.1513047218322754,-0.008997127413749695,0.09488814324140549,0.05369826687178798,0.0324268159784434,0.021339574678856315,FR,4,True,False,recoverable,0,False,RUNNING
22.89999999999934,2748,S2_FR_TRAVERSE,TOP_PLACE,v008_20260806_211408_578700_manual:S2_FR_TRAVERSE:ALTERNATE_PROFILE_2:segments-5-23,7.6583333333329,0.7894736842105263,21,0.15228846669197083,-0.008972078561782837,0.09503591805696487,0.05348872015105495,0.03179475590359526,0.02129880057741744,FR,4,True,False,recoverable,0,False,RUNNING
22.966666666666004,2756,S2_FR_TRAVERSE,TOP_PLACE,v008_20260806_211408_578700_manual:S2_FR_TRAVERSE:ALTERNATE_PROFILE_2:segments-5-23,7.724999999999563,0.7894736842105263,21,0.15330912172794342,-0.00894579291343689,0.09518060833215714,0.05327943442078804,0.031076488345831026,0.02124757887360958,FR,4,True,False,recoverable,0,False,RUNNING
23.033333333332667,2764,S2_FR_TRAVERSE,TOP_PLACE,v008_20260806_211408_578700_manual:S2_FR_TRAVERSE:ALTERNATE_PROFILE_2:segments-5-23,7.7916666666662255,0.7894736842105263,21,0.15435616672039032,-0.0089205801486969,0.0953206717967987,0.053056687302210366,0.030277980591571694,0.021184712761446813,FR,4,True,False,recoverable,0,False,RUNNING
23.09999999999933,2772,S2_FR_TRAVERSE,TOP_PLACE,v008_20260806_211408_578700_manual:S2_FR_TRAVERSE:ALTERNATE_PROFILE_2:segments-5-23,7.858333333332888,0.7894736842105263,21,0.155419260263443,-0.008898422122001648,0.09546821564435959,0.05282987794419644,0.029366535432850557,0.021100374250597687,FR,4,True,False,recoverable,0,False,RUNNING
23.166666666665993,2780,S2_FR_TRAVERSE,TOP_PLACE,v008_20260806_211408_578700_manual:S2_FR_TRAVERSE:ALTERNATE_PROFILE_2:segments-5-23,7.924999999999551,0.7894736842105263,21,0.15651218593120575,-0.008878827095031738,0.09560418874025345,0.052600771386416716,0.02841631835832196,0.021026333610033004,FR,4,True,False,recoverable,0,False,RUNNING
23.233333333332656,2788,S2_FR_TRAVERSE,TOP_PLACE,v008_20260806_211408_578700_manual:S2_FR_TRAVERSE:ALTERNATE_PROFILE_2:segments-5-23,7.991666666666214,0.7894736842105263,21,0.1574394255876541,-0.00888417661190033,0.09575484693050385,0.052776531953546466,0.027956541630613483,0.021020635797970973,FR,4,True,False,recoverable,0,False,RUNNING
23.29999999999932,2796,S2_FR_TRAVERSE,TOP_PLACE,v008_20260806_211408_578700_manual:S2_FR_TRAVERSE:ALTERNATE_PROFILE_2:segments-5-23,8.058333333332877,0.7894736842105263,21,0.15824490785598755,-0.008919060230255127,0.0959496796131134,0.053375636701711304,0.02786281549977177,0.02107210177783381,FR,4,True,False,recoverable,0,False,RUNNING
23.36666666666598,2804,S2_FR_TRAVERSE,TOP_PLACE,v008_20260806_211408_578700_manual:S2_FR_TRAVERSE:ALTERNATE_PROFILE_2:segments-5-23,8.12499999999954,0.7894736842105263,21,0.15912558138370514,-0.008954852819442749,0.09618102759122849,0.05402243637388477,0.027580104762821106,0.02111894916854356,FR,4,True,False,recoverable,0,False,RUNNING
23.433333333332644,2812,S2_FR_TRAVERSE,TOP_PLACE,v008_20260806_211408_578700_manual:S2_FR_TRAVERSE:ALTERNATE_PROFILE_2:segments-5-23,8.191666666666203,0.7894736842105263,21,0.16005374491214752,-0.00899098813533783,0.09639128297567368,0.054639161877208804,0.027239880366971857,0.0211615057338936,FR,4,True,False,recoverable,0,False,RUNNING
23.499999999999307,2820,S2_FR_TRAVERSE,TOP_PLACE,v008_20260806_211408_578700_manual:S2_FR_TRAVERSE:ALTERNATE_PROFILE_2:segments-5-23,8.258333333332866,0.7894736842105263,21,0.16099944710731506,-0.009003400802612305,0.09656013548374176,0.054944985974832175,0.027122945430930134,0.02117774906824844,FR,4,True,False,recoverable,0,False,RUNNING
23.56666666666597,2828,S2_FR_TRAVERSE,TOP_PLACE,v008_20260806_211408_578700_manual:S2_FR_TRAVERSE:ALTERNATE_PROFILE_2:segments-5-23,8.324999999999529,0.7894736842105263,21,0.16197147965431213,-0.008999168872833252,0.09669093787670135,0.05505042554509313,0.027181076662278376,0.02117327368737943,FR,4,True,False,recoverable,0,False,RUNNING
23.633333333332633,2836,S2_FR_TRAVERSE,TOP_PLACE,v008_20260806_211408_578700_manual:S2_FR_TRAVERSE:ALTERNATE_PROFILE_2:segments-5-23,8.391666666666191,0.7894736842105263,21,0.1629776954650879,-0.008995592594146729,0.09681348502635956,0.05517929496652893,0.02720208775280863,0.02117082353910413,FR,4,True,False,recoverable,0,False,RUNNING
23.699999999999296,2844,S2_FR_TRAVERSE,TOP_PLACE,v008_20260806_211408_578700_manual:S2_FR_TRAVERSE:ALTERNATE_PROFILE_2:segments-5-23,8.458333333332854,0.7894736842105263,21,0.16399826109409332,-0.008989661931991577,0.09691231697797775,0.05531414150165973,0.027247141025762322,0.02116754928543642,FR,4,True,False,recoverable,0,False,RUNNING
23.76666666666596,2852,S2_FR_TRAVERSE,TOP_PLACE,v008_20260806_211408_578700_manual:S2_FR_TRAVERSE:ALTERNATE_PROFILE_2:segments-5-23,8.524999999999517,0.7894736842105263,21,0.16504889726638794,-0.008984237909317017,0.09699746966362,0.05547205517933608,0.027262466485974846,0.021166036453101437,FR,4,True,False,recoverable,0,False,RUNNING
23.83333333333262,2860,S2_FR_TRAVERSE,TOP_PLACE,v008_20260806_211408_578700_manual:S2_FR_TRAVERSE:ALTERNATE_PROFILE_2:segments-5-23,8.59166666666618,0.7894736842105263,21,0.16604961454868317,-0.008976772427558899,0.09708632528781891,0.05560179061997112,0.02722695472727055,0.021164266382854742,FR,4,True,False,recoverable,0,False,RUNNING
23.899999999999284,2868,S2_FR_TRAVERSE,TOP_PLACE,v008_20260806_211408_578700_manual:S2_FR_TRAVERSE:ALTERNATE_PROFILE_2:segments-5-23,8.658333333332843,0.7894736842105263,21,0.1668456494808197,-0.00897224247455597,0.09733172506093979,0.055715404074235995,0.02670653794600603,0.02115939907347811,FR,4,True,False,recoverable,0,False,RUNNING
23.966666666665947,2876,S2_FR_TRAVERSE,TOP_PLACE,v008_20260806_211408_578700_manual:S2_FR_TRAVERSE:ALTERNATE_PROFILE_2:segments-5-23,8.724999999999506,0.7894736842105263,21,0.16774363815784454,-0.008967101573944092,0.09759471565485,0.05579408915555743,0.025968413787784306,0.021130465731438144,FR,4,True,False,recoverable,0,False,RUNNING
24.03333333333261,2884,S2_FR_TRAVERSE,TOP_PLACE,v008_20260806_211408_578700_manual:S2_FR_TRAVERSE:ALTERNATE_PROFILE_2:segments-5-23,8.791666666666169,0.7894736842105263,21,0.16868054866790771,-0.008962064981460571,0.09785968065261841,0.05589105854731515,0.02513492828481387,0.021098756821193047,FR,4,True,False,recoverable,0,False,RUNNING
24.099999999999273,2892,S2_FR_TRAVERSE,TOP_PLACE,v008_20260806_211408_578700_manual:S2_FR_TRAVERSE:ALTERNATE_PROFILE_2:segments-5-23,8.858333333332832,0.7894736842105263,21,0.16964198648929596,-0.00896008312702179,0.09810434281826019,0.0559348635758754,0.0242377815927706,0.021084793489311474,FR,4,True,False,recoverable,0,False,RUNNING
24.166666666665936,2900,S2_FR_TRAVERSE,TOP_PLACE,v008_20260806_211408_578700_manual:S2_FR_TRAVERSE:ALTERNATE_PROFILE_2:segments-5-23,8.924999999999494,0.7894736842105263,21,0.17065395414829254,-0.008962929248809814,0.09834767878055573,0.055934177529209685,0.02320908891561243,0.021076846312078103,FR,4,True,False,recoverable,0,False,RUNNING
24.2333333333326,2908,S2_FR_TRAVERSE,TOP_PLACE,v008_20260806_211408_578700_manual:S2_FR_TRAVERSE:ALTERNATE_PROFILE_2:segments-5-23,8.991666666666157,0.7894736842105263,21,0.17160296440124512,-0.008968979120254517,0.09852675348520279,0.05595580650005503,0.022417305911080487,0.0210928270545259,FR,4,True,False,recoverable,0,False,RUNNING
24.29999999999926,2916,S2_FR_TRAVERSE,TOP_PLACE,v008_20260806_211408_578700_manual:S2_FR_TRAVERSE:ALTERNATE_PROFILE_2:segments-5-23,9.05833333333282,0.7894736842105263,21,0.1726321578025818,-0.008967310190200806,0.09873176366090775,0.05594380150061908,0.021391273336515096,0.021088697521508503,FR,4,True,False,recoverable,0,False,RUNNING
24.366666666665925,2924,S2_FR_TRAVERSE,TOP_PLACE,v008_20260806_211408_578700_manual:S2_FR_TRAVERSE:ALTERNATE_PROFILE_2:segments-5-23,9.124999999999483,0.7894736842105263,21,0.17364349961280823,-0.008971959352493286,0.09889988601207733,0.05600038442281087,0.020459005093876294,0.021099204633493327,FR,4,True,False,recoverable,0,False,RUNNING
24.433333333332588,2932,S2_FR_TRAVERSE,TOP_PLACE,v008_20260806_211408_578700_manual:S2_FR_TRAVERSE:ALTERNATE_PROFILE_2:segments-5-23,9.191666666666146,0.7894736842105263,21,0.1746782809495926,-0.008977070450782776,0.09903678297996521,0.05601811568316398,0.019529505425588484,0.021091541881393977,FR,4,True,False,recoverable,0,False,RUNNING
24.49999999999925,2940,S2_FR_TRAVERSE,TOP_PLACE,v008_20260806_211408_578700_manual:S2_FR_TRAVERSE:ALTERNATE_PROFILE_2:segments-5-23,9.258333333332809,0.7894736842105263,21,0.17575599253177643,-0.008974671363830566,0.09916236251592636,0.056009983431277006,0.01852784567565711,0.02106672609433672,FR,4,True,False,recoverable,0,False,RUNNING
24.566666666665913,2948,S2_FR_TRAVERSE,TOP_PLACE,v008_20260806_211408_578700_manual:S2_FR_TRAVERSE:ALTERNATE_PROFILE_2:segments-5-23,9.324999999999472,0.7894736842105263,21,0.1768491119146347,-0.008977323770523071,0.09926480054855347,0.05605058208191959,0.017519625717889706,0.021053318951945704,FR,4,True,False,recoverable,0,False,RUNNING
24.633333333332576,2956,S2_FR_TRAVERSE,TOP_PLACE,v008_20260806_211408_578700_manual:S2_FR_TRAVERSE:ALTERNATE_PROFILE_2:segments-5-23,9.391666666666135,0.7894736842105263,21,0.1779528260231018,-0.008960619568824768,0.09932894259691238,0.05589566422179872,0.016624024239469612,0.021015248305703508,FR,4,True,False,recoverable,0,False,RUNNING
24.69999999999924,2964,S2_FR_TRAVERSE,TOP_PLACE,v008_20260806_211408_578700_manual:S2_FR_TRAVERSE:ALTERNATE_PROFILE_2:segments-5-23,9.458333333332797,0.7894736842105263,21,0.17897742986679077,-0.00889451801776886,0.09928464144468307,0.055195543576517625,0.016643621323629836,0.02094556737695897,FR,4,True,False,recoverable,0,False,RUNNING
24.766666666665902,2972,S2_FR_TRAVERSE,TOP_PLACE,v008_20260806_211408_578700_manual:S2_FR_TRAVERSE:ALTERNATE_PROFILE_2:segments-5-23,9.52499999999946,0.7894736842105263,21,0.17979967594146729,-0.008880093693733215,0.09935490787029266,0.05520856231741459,0.017099948715690736,0.020961904279870446,FR,4,True,False,recoverable,0,False,RUNNING
24.833333333332565,2980,S2_FR_TRAVERSE,TOP_PLACE,v008_20260806_211408_578700_manual:S2_FR_TRAVERSE:ALTERNATE_PROFILE_2:segments-5-23,9.591666666666123,0.7894736842105263,21,0.1807175725698471,-0.008864238858222961,0.09943750500679016,0.055213324766333186,0.017393448104684663,0.020966375899093174,FR,4,True,False,recoverable,0,False,RUNNING
24.899999999999228,2988,S2_FR_TRAVERSE,TOP_PLACE,v008_20260806_211408_578700_manual:S2_FR_TRAVERSE:ALTERNATE_PROFILE_2:segments-5-23,9.658333333332786,0.7894736842105263,21,0.18167060613632202,-0.00885145366191864,0.09955937415361404,0.055249064179915944,0.017494744245471736,0.02096471011970212,FR,4,True,False,recoverable,0,False,RUNNING
24.96666666666589,2996,S2_FR_TRAVERSE,TOP_PLACE,v008_20260806_211408_578700_manual:S2_FR_TRAVERSE:ALTERNATE_PROFILE_2:segments-5-23,9.724999999999449,0.7894736842105263,21,0.1826714724302292,-0.008835852146148682,0.0996628850698471,0.05526985081668398,0.01756066825071784,0.020961724312516705,FR,4,True,False,recoverable,0,False,RUNNING
25.033333333332553,3004,S2_FR_TRAVERSE,TOP_PLACE,v008_20260806_211408_578700_manual:S2_FR_TRAVERSE:ALTERNATE_PROFILE_2:segments-5-23,9.791666666666112,0.7894736842105263,21,0.1836872398853302,-0.008830785751342773,0.09975504130125046,0.055332639324441144,0.017634560260907924,0.02091966159295327,FR,4,True,False,recoverable,0,False,RUNNING
25.099999999999216,3012,S2_FR_TRAVERSE,TOP_PLACE,v008_20260806_211408_578700_manual:S2_FR_TRAVERSE:ALTERNATE_PROFILE_2:segments-5-23,9.858333333332775,0.7894736842105263,21,0.18472059071063995,-0.008814513683319092,0.0998232290148735,0.055409134438887,0.017697286983203716,0.020911359675389363,FR,3,True,False,recoverable,0,False,RUNNING
25.16666666666588,3020,S2_FR_TRAVERSE,TOP_PLACE,v008_20260806_211408_578700_manual:S2_FR_TRAVERSE:ALTERNATE_PROFILE_2:segments-5-23,9.924999999999438,0.7894736842105263,21,0.18580016493797302,-0.008808672428131104,0.0998845100402832,0.05550565638001019,0.01774945679199324,0.020927678804541845,FR,3,True,False,recoverable,0,False,RUNNING
25.233333333332542,3028,S2_FR_TRAVERSE,TOP_PLACE,v008_20260806_211408_578700_manual:S2_FR_TRAVERSE:ALTERNATE_PROFILE_2:segments-5-23,9.9916666666661,0.7894736842105263,21,0.18685758113861084,-0.008801877498626709,0.09995190799236298,0.055640340676568374,0.017729749538438054,0.02093536373266476,FR,3,True,False,recoverable,0,False,RUNNING
25.299999999999205,3036,S2_FR_TRAVERSE,TOP_PLACE,v008_20260806_211408_578700_manual:S2_FR_TRAVERSE:ALTERNATE_PROFILE_2:segments-5-23,10.058333333332763,0.7894736842105263,21,0.18778584897518158,-0.00880374014377594,0.10014201700687408,0.05586730475368139,0.017321165267741676,0.020940252772692486,FR,3,True,False,recoverable,0,False,RUNNING
25.366666666665868,3044,S2_FR_TRAVERSE,TOP_PLACE,v008_20260806_211408_578700_manual:S2_FR_TRAVERSE:ALTERNATE_PROFILE_2:segments-5-23,10.124999999999426,0.7894736842105263,21,0.1886347234249115,-0.008787065744400024,0.10037335753440857,0.05578776884607758,0.016647975310685428,0.02090356911934627,FR,3,True,False,recoverable,0,False,RUNNING
25.43333333333253,3052,S2_FR_TRAVERSE,TOP_PLACE,v008_20260806_211408_578700_manual:S2_FR_TRAVERSE:ALTERNATE_PROFILE_2:segments-5-23,10.19166666666609,0.7894736842105263,21,0.18954400718212128,-0.008774802088737488,0.10062655061483383,0.05571946109265539,0.01575953810764244,0.020870687671081637,FR,3,True,False,recoverable,0,False,RUNNING
25.499999999999194,3060,S2_FR_TRAVERSE,TOP_PLACE,v008_20260806_211408_578700_manual:S2_FR_TRAVERSE:ALTERNATE_PROFILE_2:segments-5-23,10.258333333332752,0.7894736842105263,21,0.1905081421136856,-0.008758068084716797,0.10088146477937698,0.05561388268954796,0.014731299574360064,0.020825458882928877,FR,3,True,False,recoverable,0,False,RUNNING
25.566666666665856,3068,S2_FR_TRAVERSE,TOP_PLACE,v008_20260806_211408_578700_manual:S2_FR_TRAVERSE:ALTERNATE_PROFILE_2:segments-5-23,10.324999999999415,0.7894736842105263,21,0.19152191281318665,-0.008742868900299072,0.10114257782697678,0.05551823569244977,0.013584772670699049,0.020771014083845272,FR,3,True,False,recoverable,0,False,RUNNING
25.63333333333252,3076,S2_FR_TRAVERSE,TOP_PLACE,v008_20260806_211408_578700_manual:S2_FR_TRAVERSE:ALTERNATE_PROFILE_2:segments-5-23,10.391666666666078,0.7894736842105263,21,0.19254913926124573,-0.008726686239242554,0.10139168798923492,0.05542609684356344,0.012399912957245315,0.02071677144526376,FR,3,True,False,recoverable,0,False,RUNNING
25.699999999999182,3084,S2_FR_TRAVERSE,TOP_PLACE,v008_20260806_211408_578700_manual:S2_FR_TRAVERSE:ALTERNATE_PROFILE_2:segments-5-23,10.45833333333274,0.7894736842105263,21,0.19359464943408966,-0.008710667490959167,0.1016298159956932,0.05534424192939141,0.011164635156461652,0.020660740931513547,FR,3,True,False,recoverable,0,False,RUNNING
25.766666666665845,3092,S2_FR_TRAVERSE,TOP_PLACE,v008_20260806_211408_578700_manual:S2_FR_TRAVERSE:ALTERNATE_PROFILE_2:segments-5-23,10.524999999999403,0.7894736842105263,21,0.1946445256471634,-0.00868147611618042,0.10184451192617416,0.055148637944657686,0.00998818700031982,0.020608050105805145,FR,3,True,False,recoverable,0,False,RUNNING
25.833333333332508,3100,S2_FR_TRAVERSE,TOP_PLACE,v008_20260806_211408_578700_manual:S2_FR_TRAVERSE:ALTERNATE_PROFILE_2:segments-5-23,10.591666666666066,0.7894736842105263,21,0.19571666419506073,-0.008642196655273438,0.10201328992843628,0.05480759456033553,0.008890439696436646,0.020528782671912153,FR,3,True,False,recoverable,0,False,RUNNING
25.89999999999917,3108,S2_FR_TRAVERSE,TOP_PLACE,v008_20260806_211408_578700_manual:S2_FR_TRAVERSE:ALTERNATE_PROFILE_2:segments-5-23,10.65833333333273,0.7894736842105263,21,0.19681276381015778,-0.008601441979408264,0.10215805470943451,0.054495194616121616,0.007807123329675644,0.020462217687194997,FR,3,True,False,recoverable,0,False,RUNNING
25.966666666665834,3116,S2_FR_TRAVERSE,TOP_PLACE,v008_20260806_211408_578700_manual:S2_FR_TRAVERSE:ALTERNATE_PROFILE_2:segments-5-23,10.724999999999392,0.7894736842105263,21,0.1979246288537979,-0.00856761634349823,0.1022796779870987,0.05423717726101541,0.006737058356187004,0.020393915774343768,FR,3,True,False,recoverable,0,False,RUNNING
26.033333333332497,3124,S2_FR_TRAVERSE,TOP_PLACE,v008_20260806_211408_578700_manual:S2_FR_TRAVERSE:ALTERNATE_PROFILE_2:segments-5-23,10.791666666666055,0.7894736842105263,21,0.19891196489334106,-0.008570283651351929,0.10244634002447128,0.0544654584018947,0.005950570287785132,0.02038323938053222,FR,3,True,False,recoverable,0,False,RUNNING
26.09999999999916,3132,S2_FR_TRAVERSE,TOP_PLACE,v008_20260806_211408_578700_manual:S2_FR_TRAVERSE:ALTERNATE_PROFILE_2:segments-5-23,10.858333333332718,0.7894736842105263,21,0.19984307885169983,-0.008591651916503906,0.10261853039264679,0.05487489283695248,0.005360764164799937,0.020412835715190855,FR,3,True,False,recoverable,0,False,RUNNING
26.166666666665822,3140,S2_FR_TRAVERSE,TOP_PLACE,v008_20260806_211408_578700_manual:S2_FR_TRAVERSE:ALTERNATE_PROFILE_2:segments-5-23,10.92499999999938,0.7894736842105263,21,0.20081838965415955,-0.008610472083091736,0.10278986394405365,0.05524643687685486,0.004698028497826944,0.02043374490460258,FR,3,True,False,recoverable,0,False,RUNNING
26.233333333332485,3148,S2_FR_TRAVERSE,TOP_PLACE,v008_20260806_211408_578700_manual:S2_FR_TRAVERSE:ALTERNATE_PROFILE_2:segments-5-23,10.991666666666044,0.7894736842105263,21,0.20182356238365173,-0.00863271951675415,0.10295635461807251,0.05566423390140096,0.0040046568212902455,0.02045560024953392,FR,3,True,False,recoverable,0,False,RUNNING
26.299999999999148,3156,S2_FR_TRAVERSE,TOP_PLACE,v008_20260806_211408_578700_manual:S2_FR_TRAVERSE:ALTERNATE_PROFILE_2:segments-5-23,11.058333333332707,0.7894736842105263,21,0.20273789763450623,-0.008668139576911926,0.10312502831220627,0.0562470577563721,0.003622798108230563,0.020491059700930153,FR,3,True,False,recoverable,0,False,RUNNING
26.36666666666581,3164,S2_FR_TRAVERSE,TOP_PLACE,v008_20260806_211408_578700_manual:S2_FR_TRAVERSE:ALTERNATE_PROFILE_2:segments-5-23,11.12499999999937,0.7894736842105263,21,0.20362155139446259,-0.008682265877723694,0.10325192660093307,0.05658443188036207,0.0036651144316849444,0.02051107234021629,FR,3,True,False,recoverable,0,False,RUNNING
26.433333333332474,3172,S2_FR_TRAVERSE,TOP_PLACE,v008_20260806_211408_578700_manual:S2_FR_TRAVERSE:ALTERNATE_PROFILE_2:segments-5-23,11.191666666666032,0.7894736842105263,21,0.20456889271736145,-0.008693903684616089,0.10338914394378662,0.056892389045945645,0.0036517306613427646,0.02052345971590734,FR,3,True,False,recoverable,0,False,RUNNING
26.499999999999137,3180,S2_FR_TRAVERSE,TOP_PLACE,v008_20260806_211408_578700_manual:S2_FR_TRAVERSE:ALTERNATE_PROFILE_2:segments-5-23,11.258333333332695,0.7894736842105263,21,0.20554696023464203,-0.008700191974639893,0.10350370407104492,0.05717892033030476,0.0035928327646262627,0.020530712651405034,FR,3,True,False,recoverable,0,False,RUNNING
26.5666666666658,3188,S2_FR_TRAVERSE,TOP_PLACE,v008_20260806_211408_578700_manual:S2_FR_TRAVERSE:ALTERNATE_PROFILE_2:segments-5-23,11.324999999999358,0.7894736842105263,21,0.20655348896980286,-0.008709073066711426,0.10360784083604813,0.057515712238442325,0.0035100678228471376,0.020534901762503822,FR,3,True,False,recoverable,0,False,RUNNING
26.633333333332462,3196,S2_FR_TRAVERSE,TOP_PLACE,v008_20260806_211408_578700_manual:S2_FR_TRAVERSE:ALTERNATE_PROFILE_2:segments-5-23,11.391666666666021,0.7894736842105263,21,0.2074764519929886,-0.008712127804756165,0.10374802350997925,0.057785615438307944,0.0032414213987943,0.02053752505476481,FR,3,True,False,recoverable,0,False,RUNNING
26.699999999999125,3204,S2_FR_TRAVERSE,TOP_PLACE,v008_20260806_211408_578700_manual:S2_FR_TRAVERSE:ALTERNATE_PROFILE_2:segments-5-23,11.458333333332684,0.7894736842105263,21,0.20834775269031525,-0.00872279703617096,0.10399036854505539,0.05804036104797852,0.002570320031226411,0.020533355173776784,FR,3,True,False,recoverable,0,False,RUNNING
26.766666666665788,3212,S2_FR_TRAVERSE,TOP_PLACE,v008_20260806_211408_578700_manual:S2_FR_TRAVERSE:ALTERNATE_PROFILE_2:segments-5-23,11.524999999999347,0.7894736842105263,21,0.20928066968917847,-0.008733808994293213,0.10424424707889557,0.058305084452526405,0.001766367196389961,0.02052032181723284,FR,3,True,False,recoverable,0,False,RUNNING
26.83333333333245,3220,S2_FR_TRAVERSE,TOP_PLACE,v008_20260806_211408_578700_manual:S2_FR_TRAVERSE:ALTERNATE_PROFILE_2:segments-5-23,11.59166666666601,0.7894736842105263,21,0.21024204790592194,-0.008745178580284119,0.10449367761611938,0.05858404835248543,0.0009027960314826995,0.020506995030429173,FR,3,True,False,recoverable,0,False,RUNNING
26.899999999999114,3228,S2_FR_TRAVERSE,TOP_PLACE,v008_20260806_211408_578700_manual:S2_FR_TRAVERSE:ALTERNATE_PROFILE_2:segments-5-23,11.658333333332672,0.7894736842105263,21,0.21122440695762634,-0.008749261498451233,0.10474520176649094,0.05879147190383296,1.3062366590151902e-05,0.020487635047573234,FR,3,True,False,recoverable,0,False,RUNNING
26.966666666665777,3236,S2_FR_TRAVERSE,TOP_PLACE,v008_20260806_211408_578700_manual:S2_FR_TRAVERSE:ALTERNATE_PROFILE_2:segments-5-23,11.724999999999335,0.7894736842105263,21,0.21222467720508575,-0.008685261011123657,0.10487202554941177,0.05820344986481285,-0.00021233237185433782,0.02041422157247479,FR,3,True,False,recoverable,0,False,RUNNING
27.03333333333244,3244,S2_FR_TRAVERSE,TOP_PLACE,v008_20260806_211408_578700_manual:S2_FR_TRAVERSE:ALTERNATE_PROFILE_2:segments-5-23,11.791666666665998,0.7894736842105263,21,0.21326091885566711,-0.008618190884590149,0.10500553250312805,0.057603431100142745,-0.000556875492608353,0.020335947936071453,FR,3,True,False,recoverable,0,False,RUNNING
27.099999999999103,3252,S2_FR_TRAVERSE,TOP_PLACE,v008_20260806_211408_578700_manual:S2_FR_TRAVERSE:ALTERNATE_PROFILE_2:segments-5-23,11.858333333332661,0.7894736842105263,21,0.21430912613868713,-0.008546963334083557,0.1051071435213089,0.056977274900083225,-0.0008763151919855932,0.020254476816535177,FR,3,True,False,recoverable,0,False,RUNNING
27.166666666665765,3260,S2_FR_TRAVERSE,TOP_PLACE,v008_20260806_211408_578700_manual:S2_FR_TRAVERSE:ALTERNATE_PROFILE_2:segments-5-23,11.924999999999324,0.7894736842105263,21,0.21540048718452454,-0.008471012115478516,0.10518184304237366,0.056320359489939416,-0.001210327919396824,0.020172558158479542,FR,3,True,False,recoverable,0,False,RUNNING
27.23333333333243,3268,S2_FR_TRAVERSE,TOP_PLACE,v008_20260806_211408_578700_manual:S2_FR_TRAVERSE:ALTERNATE_PROFILE_2:segments-5-23,11.991666666665987,0.7894736842105263,21,0.21649062633514404,-0.008391454815864563,0.1052384078502655,0.05564103306344912,-0.001566861827550253,0.020087340843504015,FR,3,True,False,recoverable,0,False,RUNNING
27.29999999999909,3276,S2_FR_TRAVERSE,TOP_PLACE,v008_20260806_211408_578700_manual:S2_FR_TRAVERSE:ALTERNATE_PROFILE_2:segments-5-23,12.05833333333265,0.7894736842105263,21,0.21759793162345886,-0.00831197202205658,0.10527553409337997,0.05495217367700355,-0.0019433627632157056,0.019995136678050286,FR,3,True,False,recoverable,0,False,RUNNING
27.366666666665754,3284,S2_FR_TRAVERSE,TOP_PLACE,v008_20260806_211408_578700_manual:S2_FR_TRAVERSE:ALTERNATE_PROFILE_2:segments-5-23,12.124999999999313,0.7894736842105263,21,0.2187059223651886,-0.008241459727287292,0.10532419383525848,0.05424378209876094,-0.002466549391510664,0.01987206423246451,FR,3,True,False,recoverable,0,False,RUNNING
27.433333333332417,3292,S2_FR_TRAVERSE,TOP_PLACE,v008_20260806_211408_578700_manual:S2_FR_TRAVERSE:ALTERNATE_PROFILE_2:segments-5-23,12.191666666665975,0.7894736842105263,21,0.21986329555511475,-0.008160308003425598,0.10528769344091415,0.053463109837969806,-0.0028197936915197296,0.019786439890568462,FR,3,True,False,recoverable,0,False,RUNNING
27.49999999999908,3300,S2_FR_TRAVERSE,TOP_PLACE,v008_20260806_211408_578700_manual:S2_FR_TRAVERSE:ALTERNATE_PROFILE_2:segments-5-23,12.258333333332638,0.7894736842105263,21,0.2210276573896408,-0.008094221353530884,0.10523334890604019,0.05256335335710862,-0.003266464458633504,0.019622632451300272,FR,3,True,False,recoverable,0,False,RUNNING
27.566666666665743,3308,S2_FR_TRAVERSE,TOP_PLACE,v008_20260806_211408_578700_manual:S2_FR_TRAVERSE:ALTERNATE_PROFILE_2:segments-5-23,12.324999999999301,0.7894736842105263,21,0.22213588654994965,-0.008055716753005981,0.10528352111577988,0.052338414683553214,-0.0035827601537882915,0.01958110605451653,FR,3,True,False,recoverable,0,False,RUNNING
27.633333333332406,3316,S2_FR_TRAVERSE,TOP_PLACE,v008_20260806_211408_578700_manual:S2_FR_TRAVERSE:ALTERNATE_PROFILE_2:segments-5-23,12.391666666665964,0.7894736842105263,21,0.22325974702835083,-0.00803324580192566,0.10531904548406601,0.05214824700754046,-0.003840397079083854,0.01951524569682454,FR,3,True,False,recoverable,0,False,RUNNING
27.69999999999907,3324,S2_FR_TRAVERSE,TOP_PLACE,v008_20260806_211408_578700_manual:S2_FR_TRAVERSE:ALTERNATE_PROFILE_2:segments-5-23,12.458333333332627,0.7894736842105263,21,0.2244059145450592,-0.00800161063671112,0.10530286282300949,0.05185027313438404,-0.0040661584532123455,0.019434160913520356,FR,3,True,False,recoverable,0,False,RUNNING
27.76666666666573,3332,S2_FR_TRAVERSE,TOP_PLACE,v008_20260806_211408_578700_manual:S2_FR_TRAVERSE:ALTERNATE_PROFILE_2:segments-5-23,12.52499999999929,0.7894736842105263,21,0.22558936476707458,-0.007958635687828064,0.10527084767818451,0.05157245337679042,-0.004305711847141103,0.019393041829601988,FR,3,True,False,recoverable,0,False,RUNNING
27.833333333332394,3340,S2_FR_TRAVERSE,TOP_PLACE,v008_20260806_211408_578700_manual:S2_FR_TRAVERSE:ALTERNATE_PROFILE_2:segments-5-23,12.591666666665953,0.7894736842105263,21,0.22656293213367462,-0.007937178015708923,0.10523854196071625,0.051579451517971366,-0.003917472822405452,0.019379736257153,FR,3,True,False,recoverable,0,False,RUNNING
27.899999999999057,3348,S2_FR_TRAVERSE,TOP_PLACE,v008_20260806_211408_578700_manual:S2_FR_TRAVERSE:ALTERNATE_PROFILE_2:segments-5-23,12.658333333332616,0.8421052631578947,22,0.2266223132610321,-0.007912442088127136,0.10522178560495377,0.051363845338366104,-0.003923684880438141,0.019382843086852182,FR,3,True,False,recoverable,0,False,RUNNING
27.96666666666572,3356,S2_FR_TRAVERSE,TOP_PLACE,v008_20260806_211408_578700_manual:S2_FR_TRAVERSE:ALTERNATE_PROFILE_2:segments-5-23,12.724999999999278,0.8947368421052632,23,0.22668364644050598,-0.007905319333076477,0.1052604615688324,0.05126373995942644,-0.0041092468350722,0.01936299404061494,FR,3,True,False,recoverable,0,False,RUNNING
28.033333333332383,3364,S2_FR_TRAVERSE,TOP_PLACE,v008_20260806_211408_578700_manual:S2_FR_TRAVERSE:ALTERNATE_PROFILE_2:segments-5-23,12.791666666665941,0.9473684210526315,24,0.22637736797332764,-0.00786539912223816,0.10487702488899231,0.05092195075958017,-0.0025537814683431162,0.019408705617947167,FR,3,True,False,recoverable,0,False,RUNNING
28.099999999999046,3372,S2_FR_TRAVERSE,TOP_PLACE,v008_20260806_211408_578700_manual:S2_FR_TRAVERSE:ALTERNATE_PROFILE_2:segments-5-23,12.858333333332604,0.9473684210526315,24,0.22633148729801178,-0.007850676774978638,0.10475177317857742,0.05080117783144331,-0.002101026334478165,0.019419489414300675,FR,3,True,False,recoverable,0,False,RUNNING
28.16666666666571,3380,S2_FR_TRAVERSE,TOP_PLACE,v008_20260806_211408_578700_manual:S2_FR_TRAVERSE:ALTERNATE_PROFILE_2:segments-5-23,12.924999999999267,0.9473684210526315,24,0.22661271691322327,-0.007867410778999329,0.10501589626073837,0.050920248954358885,-0.0032345327864725156,0.019373181907776777,FR,4,True,False,recoverable,0,False,RUNNING
28.23333333333237,3388,S2_FR_TRAVERSE,TOP_PLACE,v008_20260806_211408_578700_manual:S2_FR_TRAVERSE:ALTERNATE_PROFILE_2:segments-5-23,12.99166666666593,0.9473684210526315,24,0.22671262919902802,-0.007867321372032166,0.10509534180164337,0.050893970433849196,-0.0035759771996837037,0.019353356933675583,FR,4,True,False,recoverable,0,False,RUNNING
28.299999999999034,3396,S2_FR_TRAVERSE,TOP_PLACE,v008_20260806_211408_578700_manual:S2_FR_TRAVERSE:ALTERNATE_PROFILE_2:segments-5-23,13.058333333332593,0.9473684210526315,24,0.22681689262390137,-0.00787043571472168,0.10519739985466003,0.050895746432598636,-0.003986306098973225,0.01933283554673582,FR,4,True,False,recoverable,0,False,RUNNING
28.366666666665697,3404,S2_FR_TRAVERSE,TOP_PLACE,v008_20260806_211408_578700_manual:S2_FR_TRAVERSE:ALTERNATE_PROFILE_2:segments-5-23,13.124999999999256,0.9473684210526315,24,0.22687560319900513,-0.007868975400924683,0.10525406152009964,0.05085413141555051,-0.00420033144872137,0.019317953185532918,FR,4,True,False,recoverable,0,False,RUNNING
28.43333333333236,3412,S2_FR_TRAVERSE,TOP_PLACE,v008_20260806_211408_578700_manual:S2_FR_TRAVERSE:ALTERNATE_PROFILE_2:segments-5-23,13.191666666665919,0.9473684210526315,24,0.2268650382757187,-0.007863134145736694,0.1052340716123581,0.050786622738196625,-0.004072096186195501,0.01931844938380268,FR,4,True,False,recoverable,0,False,RUNNING
28.499999999999023,3420,S3_FL_TRAVERSE,FACE_CLEAR,v008_20260806_211408_578700_manual:S3_FL_TRAVERSE:ALTERNATE_PROFILE_2:segments-24-38,0.05833333333333002,0.0,24,0.22678962349891663,-0.007847636938095093,0.10510694980621338,0.050654906445624426,-0.0035682834456507322,0.019331591193013076,FL,4,True,False,recoverable,0,False,RUNNING
28.566666666665686,3428,S3_FL_TRAVERSE,FACE_CLEAR,v008_20260806_211408_578700_manual:S3_FL_TRAVERSE:ALTERNATE_PROFILE_2:segments-24-38,0.1249999999999929,0.0,25,0.22660832107067108,-0.007819220423698425,0.10484112054109573,0.05041690163234882,-0.0025345152153572487,0.01936030523561254,FL,4,True,False,recoverable,0,False,RUNNING
28.63333333333235,3436,S3_FL_TRAVERSE,FACE_CLEAR,v008_20260806_211408_578700_manual:S3_FL_TRAVERSE:ALTERNATE_PROFILE_2:segments-24-38,0.19166666666665577,0.0,25,0.22670337557792664,-0.007825329899787903,0.10494344681501389,0.05045535422101644,-0.002965792320468008,0.019341856358187904,FL,3,True,False,recoverable,0,False,RUNNING
28.69999999999901,3444,S3_FL_TRAVERSE,FACE_CLEAR,v008_20260806_211408_578700_manual:S3_FL_TRAVERSE:ALTERNATE_PROFILE_2:segments-24-38,0.25833333333331865,0.06666666666666667,26,0.22674988210201263,-0.007825657725334167,0.10499048978090286,0.05044121830508104,-0.0031595816809057396,0.019330952186860723,FL,3,True,False,recoverable,0,False,RUNNING
28.766666666665675,3452,S3_FL_TRAVERSE,FACE_CLEAR,v008_20260806_211408_578700_manual:S3_FL_TRAVERSE:ALTERNATE_PROFILE_2:segments-24-38,0.3249999999999815,0.06666666666666667,26,0.22679415345191956,-0.007826060056686401,0.10503561794757843,0.050429162099258275,-0.0033371800596816857,0.01932080099143482,FL,3,True,False,recoverable,0,False,RUNNING
28.833333333332337,3460,S3_FL_TRAVERSE,FACE_CLEAR,v008_20260806_211408_578700_manual:S3_FL_TRAVERSE:ALTERNATE_PROFILE_2:segments-24-38,0.3916666666666444,0.13333333333333333,27,0.22687482833862305,-0.00782853364944458,0.10512113571166992,0.050424894518185236,-0.0036865936455838634,0.019302475685512747,FL,3,True,False,recoverable,0,False,RUNNING
28.899999999999,3468,S3_FL_TRAVERSE,FACE_CLEAR,v008_20260806_211408_578700_manual:S3_FL_TRAVERSE:ALTERNATE_PROFILE_2:segments-24-38,0.4583333333333073,0.2,28,0.22686630487442017,-0.007824108004570007,0.1051051989197731,0.05037580179810717,-0.003591578246024684,0.019302763654100365,FL,3,True,False,recoverable,0,False,RUNNING
28.966666666665663,3476,S3_FL_TRAVERSE,FACE_CLEAR,v008_20260806_211408_578700_manual:S3_FL_TRAVERSE:ALTERNATE_PROFILE_2:segments-24-38,0.5249999999999702,0.26666666666666666,29,0.2268533855676651,-0.007816329598426819,0.10507091879844666,0.050297665068964624,-0.003477494410812498,0.019300293459438785,FL,3,True,False,recoverable,0,False,RUNNING
29.033333333332326,3484,S3_FL_TRAVERSE,FACE_CLEAR,v008_20260806_211408_578700_manual:S3_FL_TRAVERSE:ALTERNATE_PROFILE_2:segments-24-38,0.591666666666633,0.26666666666666666,29,0.22693587839603424,-0.007820948958396912,0.10516444593667984,0.05031946452065499,-0.003857841043133779,0.019282878995383508,FL,3,True,False,recoverable,0,False,RUNNING
29.09999999999899,3492,S3_FL_TRAVERSE,FACE_CLEAR,v008_20260806_211408_578700_manual:S3_FL_TRAVERSE:ALTERNATE_PROFILE_2:segments-24-38,0.6583333333332959,0.3333333333333333,30,0.2269158810377121,-0.007814571261405945,0.10513054579496384,0.05025409141668423,-0.0037043797622770837,0.01928443147100086,FL,3,True,False,recoverable,0,False,RUNNING
29.16666666666565,3500,S3_FL_TRAVERSE,FACE_CLEAR,v008_20260806_211408_578700_manual:S3_FL_TRAVERSE:ALTERNATE_PROFILE_2:segments-24-38,0.7249999999999588,0.4,31,0.2269182652235031,-0.0078097134828567505,0.10512244701385498,0.05020040864521026,-0.0036675823028235618,0.01928043721487796,FL,3,True,False,recoverable,0,False,RUNNING
29.233333333332315,3508,S3_FL_TRAVERSE,FACE_CLEAR,v008_20260806_211408_578700_manual:S3_FL_TRAVERSE:ALTERNATE_PROFILE_2:segments-24-38,0.7916666666666217,0.4666666666666667,32,0.22701074182987213,-0.007811412215232849,0.10521366447210312,0.05018960993628708,-0.004064870300204043,0.019259079735464067,FL,3,True,False,recoverable,0,False,RUNNING
29.299999999998978,3516,S3_FL_TRAVERSE,FACE_CLEAR,v008_20260806_211408_578700_manual:S3_FL_TRAVERSE:ALTERNATE_PROFILE_2:segments-24-38,0.8583333333332845,0.4666666666666667,32,0.2270168662071228,-0.0078095197677612305,0.10521986335515976,0.05016418239455221,-0.004076219837800575,0.01925598731174735,FL,3,True,False,recoverable,0,False,RUNNING
29.36666666666564,3524,S3_FL_TRAVERSE,FACE_CLEAR,v008_20260806_211408_578700_manual:S3_FL_TRAVERSE:ALTERNATE_PROFILE_2:segments-24-38,0.9249999999999474,0.5333333333333333,33,0.22692006826400757,-0.007806822657585144,0.10515227168798447,0.050144524549039615,-0.00374654697786136,0.01927057067913472,FL,3,True,False,recoverable,0,False,RUNNING
29.433333333332303,3532,S3_FL_TRAVERSE,FACE_CLEAR,v008_20260806_211408_578700_manual:S3_FL_TRAVERSE:ALTERNATE_PROFILE_2:segments-24-38,0.9916666666666103,0.5333333333333333,33,0.22699014842510223,-0.007803052663803101,0.10517879575490952,0.05010151747382782,-0.0038936938976133454,0.01925790325971224,FL,3,True,False,recoverable,0,False,RUNNING
29.499999999998966,3540,S3_FL_TRAVERSE,FACE_CLEAR,v008_20260806_211408_578700_manual:S3_FL_TRAVERSE:ALTERNATE_PROFILE_2:segments-24-38,1.0583333333332732,0.5333333333333333,33,0.2270166277885437,-0.007801055908203125,0.1051982045173645,0.05007156995677254,-0.003968240363260719,0.019251071652437172,FL,3,True,False,recoverable,0,False,RUNNING
29.56666666666563,3548,S3_FL_TRAVERSE,TOP_PLACE,v008_20260806_211408_578700_manual:S3_FL_TRAVERSE:ALTERNATE_PROFILE_2:segments-24-38,1.124999999999936,0.6,34,0.22694145143032074,-0.0077963173389434814,0.10513212531805038,0.05003161495752349,-0.0036482601438069,0.01926329776228842,FL,3,True,False,recoverable,0,False,RUNNING
29.633333333332292,3556,S3_FL_TRAVERSE,TOP_PLACE,v008_20260806_211408_578700_manual:S3_FL_TRAVERSE:ALTERNATE_PROFILE_2:segments-24-38,1.191666666666599,0.6,34,0.22696718573570251,-0.007791176438331604,0.10512513667345047,0.04998086224148692,-0.0036438394344729024,0.01925770571979585,FL,3,True,False,recoverable,0,False,RUNNING
29.699999999998955,3564,S3_FL_TRAVERSE,TOP_PLACE,v008_20260806_211408_578700_manual:S3_FL_TRAVERSE:ALTERNATE_PROFILE_2:segments-24-38,1.2583333333332618,0.6,34,0.22701217234134674,-0.007792547345161438,0.10517523437738419,0.04997841949822727,-0.0038310516889385453,0.019248096318612913,FL,3,True,False,recoverable,0,False,RUNNING
29.766666666665618,3572,S3_FL_TRAVERSE,TOP_PLACE,v008_20260806_211408_578700_manual:S3_FL_TRAVERSE:ALTERNATE_PROFILE_2:segments-24-38,1.3249999999999247,0.6,34,0.22706106305122375,-0.007794991135597229,0.10523119568824768,0.04998743628349857,-0.00403541134356279,0.019238920657579657,FL,3,True,False,recoverable,0,False,RUNNING
29.83333333333228,3580,S3_FL_TRAVERSE,TOP_PLACE,v008_20260806_211408_578700_manual:S3_FL_TRAVERSE:ALTERNATE_PROFILE_2:segments-24-38,1.3916666666665876,0.6,34,0.22709031403064728,-0.007795780897140503,0.10526719689369202,0.04998223684602382,-0.00415526618648942,0.019232290192949253,FL,3,True,False,recoverable,0,False,RUNNING
29.899999999998943,3588,S3_FL_TRAVERSE,TOP_PLACE,v008_20260806_211408_578700_manual:S3_FL_TRAVERSE:ALTERNATE_PROFILE_2:segments-24-38,1.4583333333332504,0.6,34,0.2270852029323578,-0.007794409990310669,0.10526365041732788,0.049966574218139166,-0.004108454408265937,0.0192329911545349,FL,3,True,False,recoverable,0,False,RUNNING
29.966666666665606,3596,S3_FL_TRAVERSE,TOP_PLACE,v008_20260806_211408_578700_manual:S3_FL_TRAVERSE:ALTERNATE_PROFILE_2:segments-24-38,1.5249999999999133,0.6666666666666666,35,0.22697611153125763,-0.007783323526382446,0.10513516515493393,0.049878600127045945,-0.003570690217705742,0.01925096520569653,FL,3,True,False,recoverable,0,False,RUNNING
30.03333333333227,3604,S3_FL_TRAVERSE,TOP_PLACE,v008_20260806_211408_578700_manual:S3_FL_TRAVERSE:ALTERNATE_PROFILE_2:segments-24-38,1.5916666666665762,0.6666666666666666,35,0.22702434659004211,-0.007784485816955566,0.10518115758895874,0.04987780504029787,-0.003768017422877845,0.019240829267696914,FL,3,True,False,recoverable,0,False,RUNNING
30.099999999998932,3612,S3_FL_TRAVERSE,TOP_PLACE,v008_20260806_211408_578700_manual:S3_FL_TRAVERSE:ALTERNATE_PROFILE_2:segments-24-38,1.658333333333239,0.7333333333333333,36,0.22702449560165405,-0.007782682776451111,0.10518117994070053,0.04985628801150754,-0.0037603248208363366,0.01923911004129261,FL,3,True,False,recoverable,0,False,RUNNING
30.166666666665595,3620,S3_FL_TRAVERSE,TOP_PLACE,v008_20260806_211408_578700_manual:S3_FL_TRAVERSE:ALTERNATE_PROFILE_2:segments-24-38,1.724999999999902,0.8,37,0.22702881693840027,-0.007781356573104858,0.10518482327461243,0.049837403906383415,-0.0037608033752755386,0.01923726402752573,FL,3,True,False,recoverable,0,False,RUNNING
30.233333333332258,3628,S3_FL_TRAVERSE,TOP_PLACE,v008_20260806_211408_578700_manual:S3_FL_TRAVERSE:ALTERNATE_PROFILE_2:segments-24-38,1.7916666666665648,0.8666666666666667,38,0.22723525762557983,-0.007797151803970337,0.10541898757219315,0.04994203191264319,-0.004747865748454701,0.019196108682919707,FL,3,True,False,recoverable,0,False,RUNNING
30.29999999999892,3636,S3_FL_TRAVERSE,TOP_PLACE,v008_20260806_211408_578700_manual:S3_FL_TRAVERSE:ALTERNATE_PROFILE_2:segments-24-38,1.8583333333332277,0.8666666666666667,38,0.22716760635375977,-0.007787272334098816,0.10533119738101959,0.04985665731565728,-0.004353188332399956,0.019208076714888635,FL,3,True,False,recoverable,0,False,RUNNING
30.366666666665584,3644,S3_FL_TRAVERSE,TOP_PLACE,v008_20260806_211408_578700_manual:S3_FL_TRAVERSE:ALTERNATE_PROFILE_2:segments-24-38,1.9249999999998906,0.9333333333333333,39,0.2273898720741272,-0.007810875773429871,0.1056114137172699,0.05003912365351511,-0.005484377170359414,0.019167488829295632,FL,3,True,False,recoverable,0,False,RUNNING
30.433333333332246,3652,S3_FL_TRAVERSE,TOP_PLACE,v008_20260806_211408_578700_manual:S3_FL_TRAVERSE:ALTERNATE_PROFILE_2:segments-24-38,1.9916666666665535,0.9333333333333333,39,0.22745800018310547,-0.007810354232788086,0.10567130148410797,0.05001274050178266,-0.0057140919674159895,0.019153531650083332,FL,3,True,False,recoverable,0,False,RUNNING
30.49999999999891,3660,S3_FL_TRAVERSE,TOP_PLACE,v008_20260806_211408_578700_manual:S3_FL_TRAVERSE:ALTERNATE_PROFILE_2:segments-24-38,2.0583333333332163,0.9333333333333333,39,0.22717170417308807,-0.007778286933898926,0.10531877726316452,0.04975604681447345,-0.004201026033224819,0.019203757225264663,FL,4,True,False,recoverable,0,False,RUNNING
30.566666666665572,3668,S3_FL_TRAVERSE,TOP_PLACE,v008_20260806_211408_578700_manual:S3_FL_TRAVERSE:ALTERNATE_PROFILE_2:segments-24-38,2.124999999999879,0.9333333333333333,39,0.23090702295303345,-0.008362874388694763,0.110588937997818,0.05177863931551859,-0.02499928826599893,0.018171090949569816,FL,4,True,False,recoverable,0,False,RUNNING
30.633333333332235,3676,S3_FL_TRAVERSE,TOP_PLACE,v008_20260806_211408_578700_manual:S3_FL_TRAVERSE:ALTERNATE_PROFILE_2:segments-24-38,2.191666666666542,0.9333333333333333,39,0.23240694403648376,-0.008673638105392456,0.1151914894580841,0.05200966261851245,-0.04176208156100317,0.017746600038791208,FL,4,True,False,recoverable,0,False,RUNNING
30.699999999998898,3684,S4_FRONT_PAIR_ADVANCE,ADVANCE,v008_20260806_211408_578700_manual:S4_FRONT_PAIR_ADVANCE:ALTERNATE_PROFILE_2:segments-39-40,0.05833333333333002,0.0,39,0.23225373029708862,-0.008613929152488708,0.11759690195322037,0.05148715997613461,-0.050337418962799745,0.017732687507352303,,4,True,False,recoverable,0,False,RUNNING
30.76666666666556,3692,S4_FRONT_PAIR_ADVANCE,ADVANCE,v008_20260806_211408_578700_manual:S4_FRONT_PAIR_ADVANCE:ALTERNATE_PROFILE_2:segments-39-40,0.1249999999999929,0.0,40,0.23304535448551178,-0.00861366093158722,0.11887660622596741,0.05151709401785333,-0.0544373459571884,0.017631359790282054,,4,True,False,recoverable,0,False,RUNNING
30.833333333332224,3700,S4_FRONT_PAIR_ADVANCE,ADVANCE,v008_20260806_211408_578700_manual:S4_FRONT_PAIR_ADVANCE:ALTERNATE_PROFILE_2:segments-39-40,0.19166666666665577,0.0,40,0.23418806493282318,-0.008626744151115417,0.11962360888719559,0.05173478218149012,-0.056730457847275914,0.017538722587346883,,4,True,False,recoverable,0,False,RUNNING
30.899999999998887,3708,S4_FRONT_PAIR_ADVANCE,ADVANCE,v008_20260806_211408_578700_manual:S4_FRONT_PAIR_ADVANCE:ALTERNATE_PROFILE_2:segments-39-40,0.25833333333331865,0.0,40,0.23517057299613953,-0.008615583181381226,0.120127834379673,0.05163984408724782,-0.05825130598648857,0.017461722040915426,,4,True,False,recoverable,0,False,RUNNING
30.96666666666555,3716,S4_FRONT_PAIR_ADVANCE,ADVANCE,v008_20260806_211408_578700_manual:S4_FRONT_PAIR_ADVANCE:ALTERNATE_PROFILE_2:segments-39-40,0.3249999999999815,0.0,40,0.23605811595916748,-0.008594974875450134,0.12049242854118347,0.05145269431913866,-0.05935369911993208,0.01740939446350571,,4,True,False,recoverable,0,False,RUNNING
31.033333333332212,3724,S4_FRONT_PAIR_ADVANCE,ADVANCE,v008_20260806_211408_578700_manual:S4_FRONT_PAIR_ADVANCE:ALTERNATE_PROFILE_2:segments-39-40,0.3916666666666444,0.0,40,0.23675760626792908,-0.00860247015953064,0.12081673741340637,0.05158844113092479,-0.05983261448439573,0.017389906593623886,,4,True,False,recoverable,0,False,RUNNING
31.099999999998875,3732,S4_FRONT_PAIR_ADVANCE,ADVANCE,v008_20260806_211408_578700_manual:S4_FRONT_PAIR_ADVANCE:ALTERNATE_PROFILE_2:segments-39-40,0.4583333333333073,0.0,40,0.2374451905488968,-0.008610934019088745,0.12110196053981781,0.05174256505492147,-0.06022911978865805,0.017378820204407296,,4,True,False,recoverable,0,False,RUNNING
31.166666666665538,3740,S4_FRONT_PAIR_ADVANCE,ADVANCE,v008_20260806_211408_578700_manual:S4_FRONT_PAIR_ADVANCE:ALTERNATE_PROFILE_2:segments-39-40,0.5249999999999702,0.0,40,0.23812757432460785,-0.008623749017715454,0.12136330455541611,0.05197325331719531,-0.060584487599652584,0.017368624107548053,,4,True,False,recoverable,0,False,RUNNING
31.2333333333322,3748,S4_FRONT_PAIR_ADVANCE,ADVANCE,v008_20260806_211408_578700_manual:S4_FRONT_PAIR_ADVANCE:ALTERNATE_PROFILE_2:segments-39-40,0.591666666666633,0.0,40,0.23881128430366516,-0.00863693654537201,0.12158350646495819,0.05221150237134035,-0.06088821250721209,0.017367296517516107,,4,True,False,recoverable,0,False,RUNNING
31.299999999998864,3756,S4_FRONT_PAIR_ADVANCE,ADVANCE,v008_20260806_211408_578700_manual:S4_FRONT_PAIR_ADVANCE:ALTERNATE_PROFILE_2:segments-39-40,0.6583333333332959,0.0,40,0.23957112431526184,-0.008615240454673767,0.12180566787719727,0.052087610920884056,-0.06117045318327442,0.01735016615362571,,4,True,False,recoverable,0,False,RUNNING
31.366666666665527,3764,S4_FRONT_PAIR_ADVANCE,ADVANCE,v008_20260806_211408_578700_manual:S4_FRONT_PAIR_ADVANCE:ALTERNATE_PROFILE_2:segments-39-40,0.7249999999999588,0.0,40,0.24041402339935303,-0.008547201752662659,0.12201244384050369,0.05155888418496546,-0.06137423763283391,0.01731322544912699,,4,True,False,recoverable,0,False,RUNNING
31.43333333333219,3772,S4_FRONT_PAIR_ADVANCE,ADVANCE,v008_20260806_211408_578700_manual:S4_FRONT_PAIR_ADVANCE:ALTERNATE_PROFILE_2:segments-39-40,0.7916666666666217,0.0,40,0.2413066029548645,-0.008488073945045471,0.12222778052091599,0.05107314023996349,-0.06171562051323833,0.01728368437813843,,4,True,False,recoverable,0,False,RUNNING
31.499999999998852,3780,S4_FRONT_PAIR_ADVANCE,ADVANCE,v008_20260806_211408_578700_manual:S4_FRONT_PAIR_ADVANCE:ALTERNATE_PROFILE_2:segments-39-40,0.8583333333332845,0.0,40,0.2422482669353485,-0.008427634835243225,0.12241774052381516,0.050591465373213865,-0.06208466958357666,0.017233275058675307,,4,True,False,recoverable,0,False,RUNNING
31.566666666665515,3788,S4_FRONT_PAIR_ADVANCE,ADVANCE,v008_20260806_211408_578700_manual:S4_FRONT_PAIR_ADVANCE:ALTERNATE_PROFILE_2:segments-39-40,0.9249999999999474,0.0,40,0.2432209998369217,-0.008372455835342407,0.1225816011428833,0.050080891770739655,-0.0624656810695749,0.01720445425942175,,4,True,False,recoverable,0,False,RUNNING
31.63333333333218,3796,S4_FRONT_PAIR_ADVANCE,ADVANCE,v008_20260806_211408_578700_manual:S4_FRONT_PAIR_ADVANCE:ALTERNATE_PROFILE_2:segments-39-40,0.9916666666666103,0.0,40,0.2441805899143219,-0.008317992091178894,0.12271380424499512,0.04964129835020733,-0.06279814364022766,0.01717498498685535,,4,True,False,recoverable,0,False,RUNNING
31.69999999999884,3804,S4_FRONT_PAIR_ADVANCE,ADVANCE,v008_20260806_211408_578700_manual:S4_FRONT_PAIR_ADVANCE:ALTERNATE_PROFILE_2:segments-39-40,1.0583333333332732,0.0,40,0.24518539011478424,-0.008265465497970581,0.12282227724790573,0.04907580824735395,-0.06318246147983085,0.017175168877365195,,4,True,False,recoverable,0,False,RUNNING
31.766666666665504,3812,S4_FRONT_PAIR_ADVANCE,ADVANCE,v008_20260806_211408_578700_manual:S4_FRONT_PAIR_ADVANCE:ALTERNATE_PROFILE_2:segments-39-40,1.124999999999936,0.0,40,0.24620068073272705,-0.008205831050872803,0.12289778143167496,0.048572063755481655,-0.06355531908525441,0.017156190091619984,,4,True,False,recoverable,0,False,RUNNING
31.833333333332167,3820,S4_FRONT_PAIR_ADVANCE,ADVANCE,v008_20260806_211408_578700_manual:S4_FRONT_PAIR_ADVANCE:ALTERNATE_PROFILE_2:segments-39-40,1.191666666666599,0.0,40,0.24723529815673828,-0.008148208260536194,0.12294204533100128,0.04801718748223867,-0.063973436842031,0.017153813504358805,,4,True,False,recoverable,0,False,RUNNING
31.89999999999883,3828,S4_FRONT_PAIR_ADVANCE,ADVANCE,v008_20260806_211408_578700_manual:S4_FRONT_PAIR_ADVANCE:ALTERNATE_PROFILE_2:segments-39-40,1.2583333333332618,0.0,40,0.2482895404100418,-0.008089959621429443,0.12296045571565628,0.04745986847447849,-0.06439511710840425,0.017138732420456076,,4,True,False,recoverable,0,False,RUNNING
31.966666666665493,3836,S4_FRONT_PAIR_ADVANCE,ADVANCE,v008_20260806_211408_578700_manual:S4_FRONT_PAIR_ADVANCE:ALTERNATE_PROFILE_2:segments-39-40,1.3249999999999247,0.0,40,0.24933791160583496,-0.008024126291275024,0.12294665724039078,0.04696607214559573,-0.06479527378232047,0.017130504954477738,,4,True,False,recoverable,0,False,RUNNING
32.03333333333216,3844,S4_FRONT_PAIR_ADVANCE,ADVANCE,v008_20260806_211408_578700_manual:S4_FRONT_PAIR_ADVANCE:ALTERNATE_PROFILE_2:segments-39-40,1.3916666666665911,0.0,40,0.250388503074646,-0.007970228791236877,0.12293531000614166,0.0465952761962877,-0.06508528838980006,0.01709127048748616,,4,True,False,recoverable,0,False,RUNNING
32.09999999999882,3852,S4_FRONT_PAIR_ADVANCE,ADVANCE,v008_20260806_211408_578700_manual:S4_FRONT_PAIR_ADVANCE:ALTERNATE_PROFILE_2:segments-39-40,1.458333333333254,0.0,40,0.2512131929397583,-0.007985219359397888,0.12298035621643066,0.04679874114179031,-0.06475544694582396,0.01711382053558448,,4,True,False,recoverable,0,False,RUNNING
32.166666666665485,3860,S4_FRONT_PAIR_ADVANCE,ADVANCE,v008_20260806_211408_578700_manual:S4_FRONT_PAIR_ADVANCE:ALTERNATE_PROFILE_2:segments-39-40,1.5249999999999169,0.0,40,0.252061665058136,-0.007990509271621704,0.12301163375377655,0.04706211877677984,-0.06447728259303682,0.01713523988040461,,4,True,False,recoverable,0,False,RUNNING
32.23333333333215,3868,S4_FRONT_PAIR_ADVANCE,ADVANCE,v008_20260806_211408_578700_manual:S4_FRONT_PAIR_ADVANCE:ALTERNATE_PROFILE_2:segments-39-40,1.5916666666665797,0.0,40,0.25290510058403015,-0.008003473281860352,0.12305491417646408,0.04737046653975555,-0.06420114071592595,0.017162851610120683,,4,True,False,recoverable,0,False,RUNNING
32.29999999999881,3876,S4_FRONT_PAIR_ADVANCE,ADVANCE,v008_20260806_211408_578700_manual:S4_FRONT_PAIR_ADVANCE:ALTERNATE_PROFILE_2:segments-39-40,1.6583333333332426,0.0,40,0.2537139058113098,-0.008019521832466125,0.12309730052947998,0.04774212383670213,-0.06394890284603261,0.01719733197660184,,4,True,False,recoverable,0,False,RUNNING
32.36666666666547,3884,S4_FRONT_PAIR_ADVANCE,ADVANCE,v008_20260806_211408_578700_manual:S4_FRONT_PAIR_ADVANCE:ALTERNATE_PROFILE_2:segments-39-40,1.7249999999999055,0.0,40,0.25462469458580017,-0.008031338453292847,0.12316124141216278,0.048143734278843504,-0.06396435701677469,0.017229097581831,,4,True,False,recoverable,0,False,RUNNING
32.433333333332136,3892,S4_FRONT_PAIR_ADVANCE,ADVANCE,v008_20260806_211408_578700_manual:S4_FRONT_PAIR_ADVANCE:ALTERNATE_PROFILE_2:segments-39-40,1.7916666666665684,0.0,40,0.2555968165397644,-0.00805489718914032,0.12326028943061829,0.048579122816036185,-0.06421182690615844,0.01724427633040034,,4,True,False,recoverable,0,False,RUNNING
32.4999999999988,3900,S4_FRONT_PAIR_ADVANCE,ADVANCE,v008_20260806_211408_578700_manual:S4_FRONT_PAIR_ADVANCE:ALTERNATE_PROFILE_2:segments-39-40,1.8583333333332313,0.0,40,0.25663691759109497,-0.00808897614479065,0.12338412553071976,0.04909293778986316,-0.06462527284711517,0.01725804467793949,,4,True,False,recoverable,0,False,RUNNING
32.56666666666546,3908,S4_FRONT_PAIR_ADVANCE,ADVANCE,v008_20260806_211408_578700_manual:S4_FRONT_PAIR_ADVANCE:ALTERNATE_PROFILE_2:segments-39-40,1.9249999999998941,0.0,40,0.257694810628891,-0.008123517036437988,0.1234954446554184,0.049606098774337117,-0.06508997725264531,0.017267596813575262,,4,True,False,recoverable,0,False,RUNNING
32.633333333332125,3916,S4_FRONT_PAIR_ADVANCE,ADVANCE,v008_20260806_211408_578700_manual:S4_FRONT_PAIR_ADVANCE:ALTERNATE_PROFILE_2:segments-39-40,1.991666666666557,0.0,40,0.2587698698043823,-0.008142545819282532,0.12355848401784897,0.0499123389234397,-0.06539825379900749,0.017229617307933466,,4,True,False,recoverable,0,False,RUNNING
32.69999999999879,3924,S4_FRONT_PAIR_ADVANCE,ADVANCE,v008_20260806_211408_578700_manual:S4_FRONT_PAIR_ADVANCE:ALTERNATE_PROFILE_2:segments-39-40,2.05833333333322,0.0,40,0.25989705324172974,-0.008071690797805786,0.12350824475288391,0.04943613519170505,-0.0651428326861749,0.017231557706070422,,4,True,False,recoverable,0,False,RUNNING
32.76666666666545,3932,S4_FRONT_PAIR_ADVANCE,ADVANCE,v008_20260806_211408_578700_manual:S4_FRONT_PAIR_ADVANCE:ALTERNATE_PROFILE_2:segments-39-40,2.1249999999998828,0.0,40,0.26104873418807983,-0.007999524474143982,0.12342678010463715,0.04894682720728637,-0.06487629232825164,0.017218332845304992,,4,True,False,recoverable,0,False,RUNNING
32.833333333332114,3940,S4_FRONT_PAIR_ADVANCE,ADVANCE,v008_20260806_211408_578700_manual:S4_FRONT_PAIR_ADVANCE:ALTERNATE_PROFILE_2:segments-39-40,2.1916666666665456,0.0,40,0.2622328996658325,-0.00792647898197174,0.12331733107566833,0.04843953953442704,-0.06461452939935854,0.01720828123966502,,4,True,False,recoverable,0,False,RUNNING
32.899999999998776,3948,S4_FRONT_PAIR_ADVANCE,ADVANCE,v008_20260806_211408_578700_manual:S4_FRONT_PAIR_ADVANCE:ALTERNATE_PROFILE_2:segments-39-40,2.2583333333332085,0.0,40,0.2633337378501892,-0.007843554019927979,0.12323455512523651,0.04779494637912572,-0.06455918863422362,0.017171515201432265,,4,True,False,recoverable,0,False,RUNNING
32.96666666666544,3956,S4_FRONT_PAIR_ADVANCE,ADVANCE,v008_20260806_211408_578700_manual:S4_FRONT_PAIR_ADVANCE:ALTERNATE_PROFILE_2:segments-39-40,2.3249999999998714,0.0,40,0.26438242197036743,-0.007760003209114075,0.12320336699485779,0.04713785083954267,-0.0647187389088649,0.017164701090597315,,4,True,False,recoverable,0,False,RUNNING
33.0333333333321,3964,S4_FRONT_PAIR_ADVANCE,ADVANCE,v008_20260806_211408_578700_manual:S4_FRONT_PAIR_ADVANCE:ALTERNATE_PROFILE_2:segments-39-40,2.3916666666665343,0.0,40,0.265461802482605,-0.007681563496589661,0.12314903736114502,0.04657738161944294,-0.06483433064452788,0.01712829764411882,,4,True,False,recoverable,0,False,RUNNING
33.099999999998765,3972,S4_FRONT_PAIR_ADVANCE,ADVANCE,v008_20260806_211408_578700_manual:S4_FRONT_PAIR_ADVANCE:ALTERNATE_PROFILE_2:segments-39-40,2.458333333333197,0.0,40,0.2665521502494812,-0.007617577910423279,0.12306482344865799,0.04601472608600514,-0.06493783977798832,0.017110517414748463,,4,True,False,recoverable,0,False,RUNNING
33.16666666666543,3980,S4_FRONT_PAIR_ADVANCE,ADVANCE,v008_20260806_211408_578700_manual:S4_FRONT_PAIR_ADVANCE:ALTERNATE_PROFILE_2:segments-39-40,2.52499999999986,0.0,40,0.26763716340065,-0.007581979036331177,0.12307050079107285,0.045806979635180226,-0.06530509618640391,0.017108919334289423,,4,True,False,recoverable,0,False,RUNNING
33.23333333333209,3988,S4_FRONT_PAIR_ADVANCE,ADVANCE,v008_20260806_211408_578700_manual:S4_FRONT_PAIR_ADVANCE:ALTERNATE_PROFILE_2:segments-39-40,2.591666666666523,0.0,40,0.2687450051307678,-0.0075529515743255615,0.12305191904306412,0.04559119391061001,-0.06574543686993072,0.017115387972447486,,4,True,False,recoverable,0,False,RUNNING
33.299999999998754,3996,S4_FRONT_PAIR_ADVANCE,ADVANCE,v008_20260806_211408_578700_manual:S4_FRONT_PAIR_ADVANCE:ALTERNATE_PROFILE_2:segments-39-40,2.6583333333331858,0.0,40,0.2698464095592499,-0.00751727819442749,0.1230088323354721,0.04539876817997024,-0.06617018253284869,0.017111006038870252,,4,True,False,recoverable,0,False,RUNNING
33.36666666666542,4004,S4_FRONT_PAIR_ADVANCE,ADVANCE,v008_20260806_211408_578700_manual:S4_FRONT_PAIR_ADVANCE:ALTERNATE_PROFILE_2:segments-39-40,2.7249999999998487,0.0,40,0.2707446217536926,-0.007530093193054199,0.12303996831178665,0.0456072171188164,-0.06594503390069464,0.01713858383122911,,4,True,False,recoverable,0,False,RUNNING
33.43333333333208,4012,S4_FRONT_PAIR_ADVANCE,ADVANCE,v008_20260806_211408_578700_manual:S4_FRONT_PAIR_ADVANCE:ALTERNATE_PROFILE_2:segments-39-40,2.7916666666665115,0.0,40,0.27164947986602783,-0.007538929581642151,0.1230769231915474,0.04587259746474062,-0.06569644165853948,0.01714389260536406,,4,True,False,recoverable,0,False,RUNNING
33.49999999999874,4020,S4_FRONT_PAIR_ADVANCE,ADVANCE,v008_20260806_211408_578700_manual:S4_FRONT_PAIR_ADVANCE:ALTERNATE_PROFILE_2:segments-39-40,2.8583333333331744,0.0,40,0.272466242313385,-0.00752238929271698,0.12310563027858734,0.045883913415511755,-0.06559442631820069,0.017187917909853183,,4,True,False,recoverable,0,False,RUNNING
33.566666666665405,4028,S4_FRONT_PAIR_ADVANCE,ADVANCE,v008_20260806_211408_578700_manual:S4_FRONT_PAIR_ADVANCE:ALTERNATE_PROFILE_2:segments-39-40,2.9249999999998373,0.0,40,0.2731161117553711,-0.007492184638977051,0.1231604665517807,0.04570907000462309,-0.06557442939955908,0.01719155871012313,,4,True,False,recoverable,0,False,RUNNING
33.63333333333207,4036,S4_FRONT_PAIR_ADVANCE,ADVANCE,v008_20260806_211408_578700_manual:S4_FRONT_PAIR_ADVANCE:ALTERNATE_PROFILE_2:segments-39-40,2.9916666666665,0.0,40,0.273845911026001,-0.007469773292541504,0.12324599921703339,0.045725424199558724,-0.06577350956519269,0.017217015768781173,,4,True,False,recoverable,0,False,RUNNING
33.69999999999873,4044,S4_FRONT_PAIR_ADVANCE,ADVANCE,v008_20260806_211408_578700_manual:S4_FRONT_PAIR_ADVANCE:ALTERNATE_PROFILE_2:segments-39-40,3.058333333333163,0.0,40,0.27464768290519714,-0.007460296154022217,0.12335821986198425,0.04585548885309701,-0.06614400471413255,0.017228172648829095,,4,True,False,recoverable,0,False,RUNNING
33.766666666665394,4052,S4_FRONT_PAIR_ADVANCE,ADVANCE,v008_20260806_211408_578700_manual:S4_FRONT_PAIR_ADVANCE:ALTERNATE_PROFILE_2:segments-39-40,3.124999999999826,0.0,40,0.2754663825035095,-0.007451996207237244,0.12346593290567398,0.045996992633045734,-0.06656990408003752,0.017261401341278463,,4,True,False,recoverable,0,False,RUNNING
33.83333333333206,4060,S4_FRONT_PAIR_ADVANCE,ADVANCE,v008_20260806_211408_578700_manual:S4_FRONT_PAIR_ADVANCE:ALTERNATE_PROFILE_2:segments-39-40,3.191666666666489,0.0,40,0.27632206678390503,-0.007458880543708801,0.1235947385430336,0.04625993305511196,-0.06707134484001813,0.01727995611595269,,4,True,False,recoverable,0,False,RUNNING
33.89999999999872,4068,S4_FRONT_PAIR_ADVANCE,ADVANCE,v008_20260806_211408_578700_manual:S4_FRONT_PAIR_ADVANCE:ALTERNATE_PROFILE_2:segments-39-40,3.2583333333331517,0.0,40,0.27720415592193604,-0.007454857230186462,0.12369181960821152,0.04638978395947271,-0.06748560321217818,0.01728631602229485,,4,True,False,recoverable,0,False,RUNNING
33.96666666666538,4076,S4_FRONT_PAIR_ADVANCE,ADVANCE,v008_20260806_211408_578700_manual:S4_FRONT_PAIR_ADVANCE:ALTERNATE_PROFILE_2:segments-39-40,3.3249999999998145,0.0,40,0.2781374156475067,-0.007386550307273865,0.12372458726167679,0.0459254501497713,-0.0675378215932802,0.017301171809049682,,4,True,False,recoverable,0,False,RUNNING
34.033333333332045,4084,S4_FRONT_PAIR_ADVANCE,ADVANCE,v008_20260806_211408_578700_manual:S4_FRONT_PAIR_ADVANCE:ALTERNATE_PROFILE_2:segments-39-40,3.3916666666664774,0.0,40,0.27910855412483215,-0.007319703698158264,0.12376627326011658,0.04552497484600543,-0.06768188580910836,0.017318386298342026,,4,True,False,recoverable,0,False,RUNNING
34.09999999999871,4092,S4_FRONT_PAIR_ADVANCE,ADVANCE,v008_20260806_211408_578700_manual:S4_FRONT_PAIR_ADVANCE:ALTERNATE_PROFILE_2:segments-39-40,3.4583333333331403,0.0,40,0.28007036447525024,-0.007262095808982849,0.12379461526870728,0.04512866749296016,-0.06782794542218902,0.017334961471954236,,4,True,False,recoverable,0,False,RUNNING
34.16666666666537,4100,S4_FRONT_PAIR_ADVANCE,ADVANCE,v008_20260806_211408_578700_manual:S4_FRONT_PAIR_ADVANCE:ALTERNATE_PROFILE_2:segments-39-40,3.524999999999803,0.0,40,0.28106555342674255,-0.007191359996795654,0.12376462668180466,0.0446755656566885,-0.06790270854116684,0.017337601728607474,,4,True,False,recoverable,0,False,RUNNING
34.233333333332034,4108,S4_FRONT_PAIR_ADVANCE,ADVANCE,v008_20260806_211408_578700_manual:S4_FRONT_PAIR_ADVANCE:ALTERNATE_PROFILE_2:segments-39-40,3.591666666666466,0.0,40,0.28207409381866455,-0.007118239998817444,0.12373265624046326,0.044215616681524246,-0.06804625291202829,0.017338503472648845,,4,True,False,recoverable,0,False,RUNNING
34.2999999999987,4116,S4_FRONT_PAIR_ADVANCE,ADVANCE,v008_20260806_211408_578700_manual:S4_FRONT_PAIR_ADVANCE:ALTERNATE_PROFILE_2:segments-39-40,3.658333333333129,0.0,40,0.2830909192562103,-0.007060833275318146,0.1236790269613266,0.043807421904790464,-0.06813795731705533,0.01732354388314984,,4,True,False,recoverable,0,False,RUNNING
34.36666666666536,4124,S4_FRONT_PAIR_ADVANCE,ADVANCE,v008_20260806_211408_578700_manual:S4_FRONT_PAIR_ADVANCE:ALTERNATE_PROFILE_2:segments-39-40,3.724999999999792,0.0,40,0.28394588828086853,-0.007071547210216522,0.12376610934734344,0.04409704023161603,-0.06799680102872359,0.017320068166480913,,4,True,False,recoverable,0,False,RUNNING
34.43333333333202,4132,S4_FRONT_PAIR_ADVANCE,ADVANCE,v008_20260806_211408_578700_manual:S4_FRONT_PAIR_ADVANCE:ALTERNATE_PROFILE_2:segments-39-40,3.7916666666664547,0.0,40,0.284862220287323,-0.007079526782035828,0.12385278195142746,0.04434277386116039,-0.06793100295286661,0.01732670760416837,,4,True,False,recoverable,0,False,RUNNING
34.499999999998685,4140,S4_FRONT_PAIR_ADVANCE,ADVANCE,v008_20260806_211408_578700_manual:S4_FRONT_PAIR_ADVANCE:ALTERNATE_PROFILE_2:segments-39-40,3.8583333333331176,0.0,40,0.28580009937286377,-0.00708809494972229,0.12395376712083817,0.04469920503702517,-0.06789045203691638,0.01732324481945515,,4,True,False,recoverable,0,False,RUNNING
34.56666666666535,4148,S4_FRONT_PAIR_ADVANCE,ADVANCE,v008_20260806_211408_578700_manual:S4_FRONT_PAIR_ADVANCE:ALTERNATE_PROFILE_2:segments-39-40,3.9249999999997804,0.0,40,0.28676316142082214,-0.00710645318031311,0.12404240667819977,0.04504493050664443,-0.0678671768746625,0.017332991392992,,4,True,False,recoverable,0,False,RUNNING
34.63333333333201,4156,S4_FRONT_PAIR_ADVANCE,ADVANCE,v008_20260806_211408_578700_manual:S4_FRONT_PAIR_ADVANCE:ALTERNATE_PROFILE_2:segments-39-40,3.9916666666664433,0.0,40,0.2877475917339325,-0.007110044360160828,0.12409744411706924,0.045340007160258496,-0.06784835746996544,0.017336800323900354,,4,True,False,recoverable,0,False,RUNNING
34.699999999998674,4164,S4_FRONT_PAIR_ADVANCE,ADVANCE,v008_20260806_211408_578700_manual:S4_FRONT_PAIR_ADVANCE:ALTERNATE_PROFILE_2:segments-39-40,4.058333333333106,0.0,40,0.28876161575317383,-0.007122203707695007,0.12415127456188202,0.04569459264318142,-0.06784129780925595,0.01733258437803146,,4,True,False,recoverable,0,False,RUNNING
34.76666666666534,4172,S4_FRONT_PAIR_ADVANCE,ADVANCE,v008_20260806_211408_578700_manual:S4_FRONT_PAIR_ADVANCE:ALTERNATE_PROFILE_2:segments-39-40,4.124999999999769,0.0,40,0.2897830009460449,-0.007134154438972473,0.12418818473815918,0.046064140662455066,-0.06783665272334755,0.017343548741331483,,4,True,False,recoverable,0,False,RUNNING
34.833333333332,4180,S4_FRONT_PAIR_ADVANCE,ADVANCE,v008_20260806_211408_578700_manual:S4_FRONT_PAIR_ADVANCE:ALTERNATE_PROFILE_2:segments-39-40,4.191666666666432,0.0,40,0.290831595659256,-0.007148087024688721,0.12421311438083649,0.04642884886381879,-0.06787570960712405,0.017355242033687577,,4,True,False,recoverable,0,False,RUNNING
34.89999999999866,4188,S4_FRONT_PAIR_ADVANCE,ADVANCE,v008_20260806_211408_578700_manual:S4_FRONT_PAIR_ADVANCE:ALTERNATE_PROFILE_2:segments-39-40,4.258333333333095,0.0,40,0.29176878929138184,-0.007165238261222839,0.12425612658262253,0.04684496710564316,-0.06782513999288486,0.017379021679644332,,4,True,False,recoverable,0,False,RUNNING
34.966666666665326,4196,S4_FRONT_PAIR_ADVANCE,ADVANCE,v008_20260806_211408_578700_manual:S4_FRONT_PAIR_ADVANCE:ALTERNATE_PROFILE_2:segments-39-40,4.324999999999758,0.0,40,0.29273471236228943,-0.0071859657764434814,0.12429787218570709,0.04724739763437533,-0.06776030633455038,0.017402467266358076,,4,True,False,recoverable,0,False,RUNNING
35.03333333333199,4204,S4_FRONT_PAIR_ADVANCE,ADVANCE,v008_20260806_211408_578700_manual:S4_FRONT_PAIR_ADVANCE:ALTERNATE_PROFILE_2:segments-39-40,4.391666666666421,0.0,40,0.2937583923339844,-0.007155433297157288,0.1242806687951088,0.047165571837620116,-0.06739167197050289,0.017419470585439325,,4,True,False,recoverable,0,False,RUNNING
35.09999999999865,4212,S4_FRONT_PAIR_ADVANCE,ADVANCE,v008_20260806_211408_578700_manual:S4_FRONT_PAIR_ADVANCE:ALTERNATE_PROFILE_2:segments-39-40,4.4583333333330835,0.0,40,0.2948179543018341,-0.007124379277229309,0.12425284087657928,0.04708958963608659,-0.06706855824080464,0.017456263796587813,,4,True,False,recoverable,0,False,RUNNING
35.166666666665314,4220,S4_FRONT_PAIR_ADVANCE,ADVANCE,v008_20260806_211408_578700_manual:S4_FRONT_PAIR_ADVANCE:ALTERNATE_PROFILE_2:segments-39-40,4.524999999999746,0.0,40,0.29590484499931335,-0.007099047303199768,0.12422098219394684,0.04707836980187575,-0.0667566533023374,0.01747175518593934,,4,True,False,recoverable,0,False,RUNNING
35.23333333333198,4228,S4_FRONT_PAIR_ADVANCE,ADVANCE,v008_20260806_211408_578700_manual:S4_FRONT_PAIR_ADVANCE:ALTERNATE_PROFILE_2:segments-39-40,4.591666666666409,0.0,40,0.2970094084739685,-0.007073208689689636,0.12417013198137283,0.04706996127924161,-0.06645557775271585,0.017507797342386222,,4,True,False,recoverable,0,False,RUNNING
35.29999999999864,4236,S4_FRONT_PAIR_ADVANCE,ADVANCE,v008_20260806_211408_578700_manual:S4_FRONT_PAIR_ADVANCE:ALTERNATE_PROFILE_2:segments-39-40,4.658333333333072,0.0,40,0.29814156889915466,-0.00704684853553772,0.12409941107034683,0.04707553273772702,-0.06614926233499897,0.017523447769137553,,4,True,False,recoverable,0,False,RUNNING
35.3666666666653,4244,S4_FRONT_PAIR_ADVANCE,ADVANCE,v008_20260806_211408_578700_manual:S4_FRONT_PAIR_ADVANCE:ALTERNATE_PROFILE_2:segments-39-40,4.724999999999735,0.0,40,0.2992633879184723,-0.007015660405158997,0.12403304874897003,0.04705156260021102,-0.06593565673941469,0.01755938010015952,,4,True,False,recoverable,0,False,RUNNING
35.433333333331966,4252,S4_FRONT_PAIR_ADVANCE,ADVANCE,v008_20260806_211408_578700_manual:S4_FRONT_PAIR_ADVANCE:ALTERNATE_PROFILE_2:segments-39-40,4.791666666666398,0.0,40,0.3000316619873047,-0.006986185908317566,0.12409904599189758,0.0469330724013439,-0.06610823583086056,0.01756573380436258,,4,True,False,recoverable,0,False,RUNNING
35.49999999999863,4260,S4_FRONT_PAIR_ADVANCE,ADVANCE,v008_20260806_211408_578700_manual:S4_FRONT_PAIR_ADVANCE:ALTERNATE_PROFILE_2:segments-39-40,4.858333333333061,0.0,40,0.30089643597602844,-0.006955996155738831,0.1241590678691864,0.04678822281205085,-0.06641123201906612,0.017578432525548554,,4,True,False,recoverable,0,False,RUNNING
35.56666666666529,4268,S4_FRONT_PAIR_ADVANCE,ADVANCE,v008_20260806_211408_578700_manual:S4_FRONT_PAIR_ADVANCE:ALTERNATE_PROFILE_2:segments-39-40,4.924999999999724,0.0,40,0.3018070161342621,-0.006927788257598877,0.12422418594360352,0.04670919525272763,-0.06678081370488353,0.017569912370402,,4,True,False,recoverable,0,False,RUNNING
35.633333333331954,4276,S4_FRONT_PAIR_ADVANCE,ADVANCE,v008_20260806_211408_578700_manual:S4_FRONT_PAIR_ADVANCE:ALTERNATE_PROFILE_2:segments-39-40,4.9916666666663865,0.0,40,0.30275875329971313,-0.0068979412317276,0.12426992505788803,0.04662996368444141,-0.06720465829269587,0.017570198256721042,,4,True,False,recoverable,0,False,RUNNING
35.69999999999862,4284,S4_FRONT_PAIR_ADVANCE,ADVANCE,v008_20260806_211408_578700_manual:S4_FRONT_PAIR_ADVANCE:ALTERNATE_PROFILE_2:segments-39-40,5.058333333333049,0.0,40,0.3037119209766388,-0.006876274943351746,0.12428087741136551,0.04651785792079305,-0.06761560738084121,0.017598052496923516,,4,True,False,recoverable,0,False,RUNNING
35.76666666666528,4292,S4_FRONT_PAIR_ADVANCE,ADVANCE,v008_20260806_211408_578700_manual:S4_FRONT_PAIR_ADVANCE:ALTERNATE_PROFILE_2:segments-39-40,5.124999999999712,0.0,40,0.30469104647636414,-0.006850719451904297,0.12427569925785065,0.0464148567342804,-0.06803032456766452,0.017611280869495628,,4,True,False,recoverable,0,False,RUNNING
35.83333333333194,4300,S4_FRONT_PAIR_ADVANCE,ADVANCE,v008_20260806_211408_578700_manual:S4_FRONT_PAIR_ADVANCE:ALTERNATE_PROFILE_2:segments-39-40,5.191666666666375,0.0,40,0.3057040274143219,-0.006824180483818054,0.12423845380544662,0.046290963489521414,-0.06845053999411077,0.0176323261916757,,4,True,False,recoverable,0,False,RUNNING
35.899999999998606,4308,S4_FRONT_PAIR_ADVANCE,ADVANCE,v008_20260806_211408_578700_manual:S4_FRONT_PAIR_ADVANCE:ALTERNATE_PROFILE_2:segments-39-40,5.258333333333038,0.0,40,0.3067304790019989,-0.006790295243263245,0.12417716532945633,0.04615033101384888,-0.06889138971787205,0.017648153485408213,,4,True,False,recoverable,0,False,RUNNING
35.96666666666527,4316,S4_FRONT_PAIR_ADVANCE,ADVANCE,v008_20260806_211408_578700_manual:S4_FRONT_PAIR_ADVANCE:ALTERNATE_PROFILE_2:segments-39-40,5.324999999999701,0.0,40,0.30775392055511475,-0.006759360432624817,0.12409558892250061,0.0460094315748444,-0.06934581534200818,0.017676249665969323,,4,True,False,recoverable,0,False,RUNNING
36.03333333333193,4324,S4_FRONT_PAIR_ADVANCE,ADVANCE,v008_20260806_211408_578700_manual:S4_FRONT_PAIR_ADVANCE:ALTERNATE_PROFILE_2:segments-39-40,5.391666666666364,0.0,40,0.30876654386520386,-0.006726592779159546,0.12397190183401108,0.045895756739548946,-0.06969799530543871,0.01771187931168443,,4,True,False,recoverable,0,False,RUNNING
36.099999999998595,4332,S4_FRONT_PAIR_ADVANCE,ADVANCE,v008_20260806_211408_578700_manual:S4_FRONT_PAIR_ADVANCE:ALTERNATE_PROFILE_2:segments-39-40,5.458333333333027,0.0,40,0.3096665143966675,-0.00674380362033844,0.12394139915704727,0.0461953491605173,-0.06980841987694225,0.017740443542874795,,4,True,False,recoverable,0,False,RUNNING
36.16666666666526,4340,S4_FRONT_PAIR_ADVANCE,ADVANCE,v008_20260806_211408_578700_manual:S4_FRONT_PAIR_ADVANCE:ALTERNATE_PROFILE_2:segments-39-40,5.5249999999996895,0.0,40,0.3104877471923828,-0.006722867488861084,0.12395516782999039,0.046124566698918464,-0.06925144417326917,0.01776377038938701,,4,True,False,recoverable,0,False,RUNNING
36.23333333333192,4348,S4_FRONT_PAIR_ADVANCE,ADVANCE,v008_20260806_211408_578700_manual:S4_FRONT_PAIR_ADVANCE:ALTERNATE_PROFILE_2:segments-39-40,5.591666666666352,0.0,40,0.31139203906059265,-0.006703898310661316,0.12401092797517776,0.046150227455037586,-0.06883684697839165,0.01777548909546521,,4,True,False,recoverable,0,False,RUNNING
36.29999999999858,4356,S4_FRONT_PAIR_ADVANCE,ADVANCE,v008_20260806_211408_578700_manual:S4_FRONT_PAIR_ADVANCE:ALTERNATE_PROFILE_2:segments-39-40,5.658333333333015,0.0,40,0.3123335838317871,-0.0066850632429122925,0.12405189126729965,0.04614669584084828,-0.06844950163661821,0.01780125848567771,,4,True,False,recoverable,0,False,RUNNING
36.366666666665246,4364,S4_FRONT_PAIR_ADVANCE,ADVANCE,v008_20260806_211408_578700_manual:S4_FRONT_PAIR_ADVANCE:ALTERNATE_PROFILE_2:segments-39-40,5.724999999999678,0.0,40,0.3133096992969513,-0.006668120622634888,0.1240854263305664,0.0461564126125432,-0.06808450999511785,0.01782487054470604,,4,True,False,recoverable,0,False,RUNNING
36.43333333333191,4372,S4_FRONT_PAIR_ADVANCE,ADVANCE,v008_20260806_211408_578700_manual:S4_FRONT_PAIR_ADVANCE:ALTERNATE_PROFILE_2:segments-39-40,5.791666666666341,0.0,40,0.3143250048160553,-0.006659016013145447,0.12412258237600327,0.04623356016595057,-0.0677639000469275,0.017838250890188683,,4,True,False,recoverable,0,False,RUNNING
36.49999999999857,4380,S4_FRONT_PAIR_ADVANCE,ADVANCE,v008_20260806_211408_578700_manual:S4_FRONT_PAIR_ADVANCE:ALTERNATE_PROFILE_2:segments-39-40,5.858333333333004,0.0,40,0.3153439164161682,-0.006643608212471008,0.1241317167878151,0.046294508026019233,-0.06740611389982608,0.017863146433086317,,4,True,False,recoverable,0,False,RUNNING
36.566666666665235,4388,S4_FRONT_PAIR_ADVANCE,ADVANCE,v008_20260806_211408_578700_manual:S4_FRONT_PAIR_ADVANCE:ALTERNATE_PROFILE_2:segments-39-40,5.924999999999667,0.0,40,0.31640177965164185,-0.006633758544921875,0.12414385378360748,0.046407016027183834,-0.06708986322966061,0.017887584244424454,,4,True,False,recoverable,0,False,RUNNING
36.6333333333319,4396,S4_FRONT_PAIR_ADVANCE,ADVANCE,v008_20260806_211408_578700_manual:S4_FRONT_PAIR_ADVANCE:ALTERNATE_PROFILE_2:segments-39-40,5.99166666666633,0.0,40,0.3174750804901123,-0.00661662220954895,0.12413058429956436,0.04654103497544798,-0.06675199495424468,0.017879579432720862,,4,True,False,recoverable,0,False,RUNNING
36.69999999999856,4404,S4_FRONT_PAIR_ADVANCE,ADVANCE,v008_20260806_211408_578700_manual:S4_FRONT_PAIR_ADVANCE:ALTERNATE_PROFILE_2:segments-39-40,6.0583333333329925,0.0,40,0.31856569647789,-0.006605684757232666,0.12409136444330215,0.04665291789706846,-0.06640771756113589,0.017893783550694837,,4,True,False,recoverable,0,False,RUNNING
36.76666666666522,4412,S4_FRONT_PAIR_ADVANCE,ADVANCE,v008_20260806_211408_578700_manual:S4_FRONT_PAIR_ADVANCE:ALTERNATE_PROFILE_2:segments-39-40,6.124999999999655,0.0,40,0.3196672797203064,-0.006599649786949158,0.12402577698230743,0.046771370509582265,-0.06605680092538092,0.017922105951353132,,4,True,False,recoverable,0,False,RUNNING
36.833333333331886,4420,S4_FRONT_PAIR_ADVANCE,ADVANCE,v008_20260806_211408_578700_manual:S4_FRONT_PAIR_ADVANCE:ALTERNATE_PROFILE_2:segments-39-40,6.191666666666318,0.0,40,0.3205375373363495,-0.006589099764823914,0.12407638877630234,0.04682502614453482,-0.06606965220522348,0.01793276254617883,,4,True,False,recoverable,0,False,RUNNING
36.89999999999855,4428,S4_FRONT_PAIR_ADVANCE,ADVANCE,v008_20260806_211408_578700_manual:S4_FRONT_PAIR_ADVANCE:ALTERNATE_PROFILE_2:segments-39-40,6.258333333332981,0.0,40,0.32134008407592773,-0.00658397376537323,0.12417678534984589,0.04686906702344183,-0.06630063296929613,0.017952428836160262,,4,True,False,recoverable,0,False,RUNNING
36.96666666666521,4436,S4_FRONT_PAIR_ADVANCE,ADVANCE,v008_20260806_211408_578700_manual:S4_FRONT_PAIR_ADVANCE:ALTERNATE_PROFILE_2:segments-39-40,6.324999999999644,0.0,40,0.3222041726112366,-0.00657595694065094,0.12428797781467438,0.046958802126948446,-0.06664427933062865,0.017958000002564204,,4,True,False,recoverable,0,False,RUNNING
37.033333333331875,4444,S4_FRONT_PAIR_ADVANCE,ADVANCE,v008_20260806_211408_578700_manual:S4_FRONT_PAIR_ADVANCE:ALTERNATE_PROFILE_2:segments-39-40,6.391666666666307,0.0,40,0.32310721278190613,-0.0065744370222091675,0.12438589334487915,0.04704762500630791,-0.06703431468387076,0.017976944341912143,,4,True,False,recoverable,0,False,RUNNING
37.09999999999854,4452,S4_FRONT_PAIR_ADVANCE,ADVANCE,v008_20260806_211408_578700_manual:S4_FRONT_PAIR_ADVANCE:ALTERNATE_PROFILE_2:segments-39-40,6.45833333333297,0.0,40,0.3240312337875366,-0.006563261151313782,0.12447112053632736,0.04715315320098169,-0.06745568900951149,0.01798715301139151,,4,True,False,recoverable,0,False,RUNNING
37.1666666666652,4460,S4_FRONT_PAIR_ADVANCE,ADVANCE,v008_20260806_211408_578700_manual:S4_FRONT_PAIR_ADVANCE:ALTERNATE_PROFILE_2:segments-39-40,6.524999999999633,0.0,40,0.32496902346611023,-0.006557181477546692,0.12453281879425049,0.04727484044091932,-0.0678676017457661,0.01798977628132282,,4,True,False,recoverable,0,False,RUNNING
37.23333333333186,4468,S4_FRONT_PAIR_ADVANCE,ADVANCE,v008_20260806_211408_578700_manual:S4_FRONT_PAIR_ADVANCE:ALTERNATE_PROFILE_2:segments-39-40,6.5916666666662955,0.0,40,0.3259411156177521,-0.006549403071403503,0.1245824322104454,0.04740511272595023,-0.06832884206885546,0.018011782485915128,,4,True,False,recoverable,0,False,RUNNING
37.299999999998526,4476,S4_FRONT_PAIR_ADVANCE,ADVANCE,v008_20260806_211408_578700_manual:S4_FRONT_PAIR_ADVANCE:ALTERNATE_PROFILE_2:segments-39-40,6.658333333332958,0.0,40,0.32693028450012207,-0.006538599729537964,0.12460066378116608,0.047543132963003956,-0.06876412666005005,0.01802143579223022,,4,True,False,recoverable,0,False,RUNNING
37.36666666666519,4484,S4_FRONT_PAIR_ADVANCE,ADVANCE,v008_20260806_211408_578700_manual:S4_FRONT_PAIR_ADVANCE:ALTERNATE_PROFILE_2:segments-39-40,6.724999999999621,0.0,40,0.3279302418231964,-0.006527304649353027,0.12458712607622147,0.04765147290734836,-0.06917191152980066,0.01803571188806054,,4,True,False,recoverable,0,False,RUNNING
37.43333333333185,4492,S4_FRONT_PAIR_ADVANCE,ADVANCE,v008_20260806_211408_578700_manual:S4_FRONT_PAIR_ADVANCE:ALTERNATE_PROFILE_2:segments-39-40,6.791666666666284,0.0,40,0.32894450426101685,-0.006510898470878601,0.1245461106300354,0.04774242880737774,-0.0695828811131433,0.018079567851493658,,4,True,False,recoverable,0,False,RUNNING
37.499999999998515,4500,S4_FRONT_PAIR_ADVANCE,ADVANCE,v008_20260806_211408_578700_manual:S4_FRONT_PAIR_ADVANCE:ALTERNATE_PROFILE_2:segments-39-40,6.858333333332947,0.0,40,0.329983115196228,-0.006489112973213196,0.12446711957454681,0.04777964179282118,-0.06998953507628629,0.018096546797657303,,4,True,False,recoverable,0,False,RUNNING
37.56666666666518,4508,S4_FRONT_PAIR_ADVANCE,ADVANCE,v008_20260806_211408_578700_manual:S4_FRONT_PAIR_ADVANCE:ALTERNATE_PROFILE_2:segments-39-40,6.92499999999961,0.0,40,0.33095288276672363,-0.006515994668006897,0.12446078658103943,0.04822443648715243,-0.07034794367874588,0.018140021439813196,,4,True,False,recoverable,0,False,RUNNING
37.63333333333184,4516,S4_FRONT_PAIR_ADVANCE,ADVANCE,v008_20260806_211408_578700_manual:S4_FRONT_PAIR_ADVANCE:ALTERNATE_PROFILE_2:segments-39-40,6.991666666666273,0.0,40,0.3319130837917328,-0.006563961505889893,0.12449316680431366,0.04884903309364074,-0.07065358919915136,0.01815486698741953,,4,True,False,recoverable,0,False,RUNNING
37.699999999998504,4524,S4_FRONT_PAIR_ADVANCE,ADVANCE,v008_20260806_211408_578700_manual:S4_FRONT_PAIR_ADVANCE:ALTERNATE_PROFILE_2:segments-39-40,7.058333333332936,0.0,40,0.33289670944213867,-0.006539821624755859,0.12445385009050369,0.04882508449279911,-0.07042860970069953,0.018177442717659108,,4,True,False,recoverable,0,False,RUNNING
37.76666666666517,4532,S4_FRONT_PAIR_ADVANCE,ADVANCE,v008_20260806_211408_578700_manual:S4_FRONT_PAIR_ADVANCE:ALTERNATE_PROFILE_2:segments-39-40,7.1249999999995985,0.0,40,0.33379676938056946,-0.006529614329338074,0.12445068359375,0.048842799914800686,-0.0700499314008512,0.018170727168909762,,4,True,False,recoverable,0,False,RUNNING
37.83333333333183,4540,S4_FRONT_PAIR_ADVANCE,ADVANCE,v008_20260806_211408_578700_manual:S4_FRONT_PAIR_ADVANCE:ALTERNATE_PROFILE_2:segments-39-40,7.191666666666261,0.0,40,0.33473363518714905,-0.006527528166770935,0.12444817274808884,0.049008169420959286,-0.06966349662170318,0.018192721373707164,,4,True,False,recoverable,0,False,RUNNING
37.89999999999849,4548,S4_FRONT_PAIR_ADVANCE,ADVANCE,v008_20260806_211408_578700_manual:S4_FRONT_PAIR_ADVANCE:ALTERNATE_PROFILE_2:segments-39-40,7.258333333332924,0.0,40,0.33571839332580566,-0.006532192230224609,0.12445024400949478,0.049221410649868604,-0.06935320789909173,0.018216355754758284,,4,True,False,recoverable,0,False,RUNNING
37.966666666665155,4556,S4_FRONT_PAIR_ADVANCE,ADVANCE,v008_20260806_211408_578700_manual:S4_FRONT_PAIR_ADVANCE:ALTERNATE_PROFILE_2:segments-39-40,7.324999999999587,0.0,40,0.3367455303668976,-0.006542801856994629,0.1244591698050499,0.04952403677508221,-0.06909697984252756,0.018230897911317812,,4,True,False,recoverable,0,False,RUNNING
38.03333333333182,4564,S4_FRONT_PAIR_ADVANCE,ADVANCE,v008_20260806_211408_578700_manual:S4_FRONT_PAIR_ADVANCE:ALTERNATE_PROFILE_2:segments-39-40,7.39166666666625,0.0,40,0.33781641721725464,-0.006548941135406494,0.12444546073675156,0.04980744853190136,-0.0688720253633768,0.018247847299249106,,4,True,False,recoverable,0,False,RUNNING
38.09999999999848,4572,S4_FRONT_PAIR_ADVANCE,ADVANCE,v008_20260806_211408_578700_manual:S4_FRONT_PAIR_ADVANCE:ALTERNATE_PROFILE_2:segments-39-40,7.458333333332913,0.0,40,0.33886006474494934,-0.006520569324493408,0.12439761310815811,0.04972814266559921,-0.06840035080288732,0.018263216443954303,,4,True,False,recoverable,0,False,RUNNING
38.166666666665144,4580,S4_FRONT_PAIR_ADVANCE,ADVANCE,v008_20260806_211408_578700_manual:S4_FRONT_PAIR_ADVANCE:ALTERNATE_PROFILE_2:segments-39-40,7.524999999999576,0.0,40,0.33966752886772156,-0.006471708416938782,0.12445084005594254,0.049347278389789556,-0.0682171374515582,0.018278009850428927,,4,True,False,recoverable,0,False,RUNNING
38.23333333333181,4588,S4_FRONT_PAIR_ADVANCE,ADVANCE,v008_20260806_211408_578700_manual:S4_FRONT_PAIR_ADVANCE:ALTERNATE_PROFILE_2:segments-39-40,7.591666666666239,0.0,40,0.34054452180862427,-0.006425097584724426,0.12451171875,0.048999805587824706,-0.06813856860260101,0.018310332136821095,,4,True,False,recoverable,0,False,RUNNING
38.29999999999847,4596,S4_FRONT_PAIR_ADVANCE,ADVANCE,v008_20260806_211408_578700_manual:S4_FRONT_PAIR_ADVANCE:ALTERNATE_PROFILE_2:segments-39-40,7.658333333332902,0.0,40,0.3414734899997711,-0.0063760727643966675,0.12456845492124557,0.048640359371430276,-0.06811021529553933,0.018318451029661974,,4,True,False,recoverable,0,False,RUNNING
38.36666666666513,4604,S4_FRONT_PAIR_ADVANCE,ADVANCE,v008_20260806_211408_578700_manual:S4_FRONT_PAIR_ADVANCE:ALTERNATE_PROFILE_2:segments-39-40,7.724999999999564,0.0,40,0.3424284756183624,-0.006321698427200317,0.12460844963788986,0.04828241698634263,-0.0681019964813737,0.01833966526991758,,4,True,False,recoverable,0,False,RUNNING
38.433333333331795,4612,S4_FRONT_PAIR_ADVANCE,ADVANCE,v008_20260806_211408_578700_manual:S4_FRONT_PAIR_ADVANCE:ALTERNATE_PROFILE_2:segments-39-40,7.791666666666227,0.0,40,0.34341126680374146,-0.006272226572036743,0.124634750187397,0.04794323819872193,-0.06810762856105804,0.018344552575144148,,4,True,False,recoverable,0,False,RUNNING
38.49999999999846,4620,S4_FRONT_PAIR_ADVANCE,ADVANCE,v008_20260806_211408_578700_manual:S4_FRONT_PAIR_ADVANCE:ALTERNATE_PROFILE_2:segments-39-40,7.85833333333289,0.0,40,0.34440821409225464,-0.006211698055267334,0.12463068217039108,0.04754905571987708,-0.06811281881926053,0.018369546335590292,,4,True,False,recoverable,0,False,RUNNING
38.56666666666512,4628,S4_FRONT_PAIR_ADVANCE,ADVANCE,v008_20260806_211408_578700_manual:S4_FRONT_PAIR_ADVANCE:ALTERNATE_PROFILE_2:segments-39-40,7.924999999999553,0.0,40,0.3454304337501526,-0.006157085299491882,0.12461268901824951,0.047182767713252124,-0.06812579354003083,0.018379232804226424,,4,True,False,recoverable,0,False,RUNNING
38.633333333331784,4636,S4_FRONT_PAIR_ADVANCE,ADVANCE,v008_20260806_211408_578700_manual:S4_FRONT_PAIR_ADVANCE:ALTERNATE_PROFILE_2:segments-39-40,7.991666666666216,0.0,40,0.34645983576774597,-0.006102249026298523,0.12457352876663208,0.04682208508043846,-0.0681334889082836,0.018389030594109554,,4,True,False,recoverable,0,False,RUNNING
38.69999999999845,4644,S4_FRONT_PAIR_ADVANCE,ADVANCE,v008_20260806_211408_578700_manual:S4_FRONT_PAIR_ADVANCE:ALTERNATE_PROFILE_2:segments-39-40,8.058333333332879,0.0,40,0.34750664234161377,-0.006043151021003723,0.12450400739908218,0.04643604777328129,-0.06813160346823974,0.01841127695429182,,4,True,False,recoverable,0,False,RUNNING
38.76666666666511,4652,S4_FRONT_PAIR_ADVANCE,ADVANCE,v008_20260806_211408_578700_manual:S4_FRONT_PAIR_ADVANCE:ALTERNATE_PROFILE_2:segments-39-40,8.124999999999542,0.0,40,0.3485790193080902,-0.005983069539070129,0.12442541122436523,0.046080633089964414,-0.06815958128794662,0.018418161252087117,,4,True,False,recoverable,0,False,RUNNING
38.83333333333177,4660,S4_FRONT_PAIR_ADVANCE,ADVANCE,v008_20260806_211408_578700_manual:S4_FRONT_PAIR_ADVANCE:ALTERNATE_PROFILE_2:segments-39-40,8.191666666666205,0.0,40,0.3496750295162201,-0.005927726626396179,0.12432737648487091,0.04574948599332675,-0.06820972283432172,0.018429925900011985,,4,True,False,recoverable,0,False,RUNNING
38.899999999998435,4668,S4_FRONT_PAIR_ADVANCE,ADVANCE,v008_20260806_211408_578700_manual:S4_FRONT_PAIR_ADVANCE:ALTERNATE_PROFILE_2:segments-39-40,8.258333333332867,0.0,40,0.3508128225803375,-0.005864426493644714,0.1241922527551651,0.045356758708926276,-0.06824924421933325,0.018419484256063587,,4,True,False,recoverable,0,False,RUNNING
38.9666666666651,4676,S4_FRONT_PAIR_ADVANCE,ADVANCE,v008_20260806_211408_578700_manual:S4_FRONT_PAIR_ADVANCE:ALTERNATE_PROFILE_2:segments-39-40,8.32499999999953,0.0,40,0.3518543541431427,-0.005859822034835815,0.12414804846048355,0.045474630929661725,-0.06817946188629823,0.01842264044448041,,4,True,False,recoverable,0,False,RUNNING
39.03333333333176,4684,S4_FRONT_PAIR_ADVANCE,ADVANCE,v008_20260806_211408_578700_manual:S4_FRONT_PAIR_ADVANCE:ALTERNATE_PROFILE_2:segments-39-40,8.391666666666193,0.0,40,0.3529101014137268,-0.0058625489473342896,0.12412659078836441,0.04573777546999264,-0.0681112978568378,0.01842946795366212,,4,True,False,recoverable,0,False,RUNNING
39.099999999998424,4692,S4_FRONT_PAIR_ADVANCE,ADVANCE,v008_20260806_211408_578700_manual:S4_FRONT_PAIR_ADVANCE:ALTERNATE_PROFILE_2:segments-39-40,8.458333333332856,0.0,40,0.35397952795028687,-0.005864381790161133,0.12407077103853226,0.04595310183535091,-0.0680105931718491,0.018435279979394828,,4,True,False,recoverable,0,False,RUNNING
39.16666666666509,4700,S4_FRONT_PAIR_ADVANCE,ADVANCE,v008_20260806_211408_578700_manual:S4_FRONT_PAIR_ADVANCE:ALTERNATE_PROFILE_2:segments-39-40,8.524999999999519,0.0,40,0.354977011680603,-0.005854219198226929,0.12404043227434158,0.04605719040720515,-0.0680638277148576,0.018439327680713744,,4,True,False,recoverable,0,False,RUNNING
39.23333333333175,4708,S4_FRONT_PAIR_ADVANCE,ADVANCE,v008_20260806_211408_578700_manual:S4_FRONT_PAIR_ADVANCE:ALTERNATE_PROFILE_2:segments-39-40,8.591666666666182,0.0,40,0.3558742105960846,-0.005844861268997192,0.12408088892698288,0.046188781318208263,-0.06834028034901757,0.01844131823393754,,4,True,False,recoverable,0,False,RUNNING
39.29999999999841,4716,S4_FRONT_PAIR_ADVANCE,ADVANCE,v008_20260806_211408_578700_manual:S4_FRONT_PAIR_ADVANCE:ALTERNATE_PROFILE_2:segments-39-40,8.658333333332845,0.0,40,0.3568214774131775,-0.0058367252349853516,0.1241333931684494,0.04636627826080288,-0.06866302500924273,0.018414216533121495,,4,True,False,recoverable,0,False,RUNNING
39.366666666665076,4724,S4_FRONT_PAIR_ADVANCE,ADVANCE,v008_20260806_211408_578700_manual:S4_FRONT_PAIR_ADVANCE:ALTERNATE_PROFILE_2:segments-39-40,8.724999999999508,0.0,40,0.35771799087524414,-0.005820810794830322,0.12414402514696121,0.04644471213638929,-0.06880816083782229,0.018424146594907983,,4,True,False,recoverable,0,False,RUNNING
39.43333333333174,4732,S4_FRONT_PAIR_ADVANCE,ADVANCE,v008_20260806_211408_578700_manual:S4_FRONT_PAIR_ADVANCE:ALTERNATE_PROFILE_2:segments-39-40,8.79166666666617,0.0,40,0.3586501181125641,-0.0058200061321258545,0.12418318539857864,0.04667546830903505,-0.0690351273557976,0.018408322550816113,,4,True,False,recoverable,0,False,RUNNING
39.4999999999984,4740,S4_FRONT_PAIR_ADVANCE,ADVANCE,v008_20260806_211408_578700_manual:S4_FRONT_PAIR_ADVANCE:ALTERNATE_PROFILE_2:segments-39-40,8.858333333332833,0.0,40,0.3596211075782776,-0.005831480026245117,0.12421543896198273,0.04698076166786619,-0.06933785336987136,0.018434615567080405,,4,True,False,recoverable,0,False,RUNNING
39.566666666665064,4748,S4_FRONT_PAIR_ADVANCE,ADVANCE,v008_20260806_211408_578700_manual:S4_FRONT_PAIR_ADVANCE:ALTERNATE_PROFILE_2:segments-39-40,8.924999999999496,0.0,40,0.36061349511146545,-0.005844876170158386,0.12424328923225403,0.04732920703094485,-0.06967091710799848,0.01844387328586441,,4,True,False,recoverable,0,False,RUNNING
39.63333333333173,4756,S4_FRONT_PAIR_ADVANCE,ADVANCE,v008_20260806_211408_578700_manual:S4_FRONT_PAIR_ADVANCE:ALTERNATE_PROFILE_2:segments-39-40,8.991666666666159,0.0,40,0.3616388738155365,-0.005762696266174316,0.12415561079978943,0.046785784938354565,-0.06940537383425774,0.01847364246657791,,4,True,False,recoverable,0,False,RUNNING
39.69999999999839,4764,S4_FRONT_PAIR_ADVANCE,ADVANCE,v008_20260806_211408_578700_manual:S4_FRONT_PAIR_ADVANCE:ALTERNATE_PROFILE_2:segments-39-40,9.058333333332822,0.0,40,0.3627116084098816,-0.005674347281455994,0.12405475229024887,0.04620893847640151,-0.0691329106534595,0.01849065779305569,,4,True,False,recoverable,0,False,RUNNING
39.76666666666505,4772,S4_FRONT_PAIR_ADVANCE,ADVANCE,v008_20260806_211408_578700_manual:S4_FRONT_PAIR_ADVANCE:ALTERNATE_PROFILE_2:segments-39-40,9.124999999999485,0.0,40,0.36379265785217285,-0.005589231848716736,0.12393456697463989,0.04565615026375434,-0.06887768509059698,0.018516703662598537,,4,True,False,recoverable,0,False,RUNNING
39.833333333331716,4780,S4_FRONT_PAIR_ADVANCE,ADVANCE,v008_20260806_211408_578700_manual:S4_FRONT_PAIR_ADVANCE:ALTERNATE_PROFILE_2:segments-39-40,9.191666666666148,0.0,40,0.36471104621887207,-0.005572199821472168,0.12394688278436661,0.04575585102371425,-0.06848483784144567,0.018541038825664144,,4,True,False,recoverable,0,False,RUNNING
39.89999999999838,4788,S4_FRONT_PAIR_ADVANCE,ADVANCE,v008_20260806_211408_578700_manual:S4_FRONT_PAIR_ADVANCE:ALTERNATE_PROFILE_2:segments-39-40,9.25833333333281,0.0,40,0.3657015264034271,-0.005544155836105347,0.12394621968269348,0.04578720601398552,-0.06814662917238055,0.01856658989380189,,4,True,False,recoverable,0,False,RUNNING
39.96666666666504,4796,S4_FRONT_PAIR_ADVANCE,ADVANCE,v008_20260806_211408_578700_manual:S4_FRONT_PAIR_ADVANCE:ALTERNATE_PROFILE_2:segments-39-40,9.324999999999473,0.0,40,0.3667263090610504,-0.005515262484550476,0.12392932176589966,0.04579297723611223,-0.06781745546903646,0.018597288057734765,,4,True,False,recoverable,0,False,RUNNING
40.033333333331704,4804,S4_FRONT_PAIR_ADVANCE,ADVANCE,v008_20260806_211408_578700_manual:S4_FRONT_PAIR_ADVANCE:ALTERNATE_PROFILE_2:segments-39-40,9.391666666666136,0.0,40,0.36781489849090576,-0.0054830461740493774,0.12389042228460312,0.04576653747803544,-0.06752036114987761,0.01861019670840231,,4,True,False,recoverable,0,False,RUNNING
40.09999999999837,4812,S4_FRONT_PAIR_ADVANCE,ADVANCE,v008_20260806_211408_578700_manual:S4_FRONT_PAIR_ADVANCE:ALTERNATE_PROFILE_2:segments-39-40,9.4583333333328,0.0,40,0.36892062425613403,-0.005444884300231934,0.12382976710796356,0.04573554308421735,-0.06721489752707033,0.01862953605887232,,4,True,False,recoverable,0,False,RUNNING
40.16666666666503,4820,S4_FRONT_PAIR_ADVANCE,ADVANCE,v008_20260806_211408_578700_manual:S4_FRONT_PAIR_ADVANCE:ALTERNATE_PROFILE_2:segments-39-40,9.524999999999462,0.0,40,0.37003740668296814,-0.005407616496086121,0.12375079095363617,0.04571675233335965,-0.06690126306461296,0.018646517735854903,,4,True,False,recoverable,0,False,RUNNING
40.23333333333169,4828,S4_FRONT_PAIR_ADVANCE,ADVANCE,v008_20260806_211408_578700_manual:S4_FRONT_PAIR_ADVANCE:ALTERNATE_PROFILE_2:segments-39-40,9.591666666666125,0.0,40,0.3711688220500946,-0.005371183156967163,0.12364108860492706,0.04568788717603006,-0.06656541666260003,0.018661842128408105,,4,True,False,recoverable,0,False,RUNNING
40.299999999998356,4836,S4_FRONT_PAIR_ADVANCE,ADVANCE,v008_20260806_211408_578700_manual:S4_FRONT_PAIR_ADVANCE:ALTERNATE_PROFILE_2:segments-39-40,9.658333333332788,0.0,40,0.37203121185302734,-0.005340710282325745,0.12365394085645676,0.04570040676656279,-0.06645007501015075,0.01869752251179919,,4,True,False,recoverable,0,False,RUNNING
40.36666666666502,4844,S4_FRONT_PAIR_ADVANCE,ADVANCE,v008_20260806_211408_578700_manual:S4_FRONT_PAIR_ADVANCE:ALTERNATE_PROFILE_2:segments-39-40,9.72499999999945,0.0,40,0.3727150857448578,-0.0053374022245407104,0.12376794964075089,0.045912657220201665,-0.06642213844447077,0.018724993768146247,,4,True,False,recoverable,0,False,RUNNING
40.43333333333168,4852,S4_FRONT_PAIR_ADVANCE,ADVANCE,v008_20260806_211408_578700_manual:S4_FRONT_PAIR_ADVANCE:ALTERNATE_PROFILE_2:segments-39-40,9.791666666666114,0.0,40,0.37348201870918274,-0.005325824022293091,0.12389618158340454,0.046130001164769806,-0.06653786689105265,0.018750491911240875,,4,True,False,recoverable,0,False,RUNNING
40.499999999998344,4860,S4_FRONT_PAIR_ADVANCE,ADVANCE,v008_20260806_211408_578700_manual:S4_FRONT_PAIR_ADVANCE:ALTERNATE_PROFILE_2:segments-39-40,9.858333333332777,0.0,40,0.3743087351322174,-0.005332648754119873,0.1240513026714325,0.04647089273296877,-0.06677366863128166,0.01877098970968709,,4,True,False,recoverable,0,False,RUNNING
40.56666666666501,4868,S4_FRONT_PAIR_ADVANCE,ADVANCE,v008_20260806_211408_578700_manual:S4_FRONT_PAIR_ADVANCE:ALTERNATE_PROFILE_2:segments-39-40,9.92499999999944,0.0,40,0.3751601576805115,-0.005336090922355652,0.12419197708368301,0.04679810684062724,-0.06703365565689526,0.018787431939440654,,4,True,False,recoverable,0,False,RUNNING
40.63333333333167,4876,S4_FRONT_PAIR_ADVANCE,ADVANCE,v008_20260806_211408_578700_manual:S4_FRONT_PAIR_ADVANCE:ALTERNATE_PROFILE_2:segments-39-40,9.991666666666102,0.0,40,0.3760536015033722,-0.005342245101928711,0.12433377653360367,0.04716539281281833,-0.06735619428405554,0.018803491069670445,,4,True,False,recoverable,0,False,RUNNING
40.69999999999833,4884,S4_FRONT_PAIR_ADVANCE,ADVANCE,v008_20260806_211408_578700_manual:S4_FRONT_PAIR_ADVANCE:ALTERNATE_PROFILE_2:segments-39-40,10.058333333332765,0.0,40,0.3769441843032837,-0.005343347787857056,0.12445539236068726,0.047525738017374114,-0.06766041093357053,0.018827086883441743,,4,True,False,recoverable,0,False,RUNNING
40.766666666664996,4892,S4_FRONT_PAIR_ADVANCE,ADVANCE,v008_20260806_211408_578700_manual:S4_FRONT_PAIR_ADVANCE:ALTERNATE_PROFILE_2:segments-39-40,10.124999999999428,0.0,40,0.3778689205646515,-0.0053535401821136475,0.12456056475639343,0.0478973189575828,-0.06800714255029179,0.018858738908840822,,4,True,False,recoverable,0,False,RUNNING
40.83333333333166,4900,S4_FRONT_PAIR_ADVANCE,ADVANCE,v008_20260806_211408_578700_manual:S4_FRONT_PAIR_ADVANCE:ALTERNATE_PROFILE_2:segments-39-40,10.191666666666091,0.0,40,0.3788377642631531,-0.005362451076507568,0.12465772777795792,0.04827398006099155,-0.06840620371837243,0.018885657241598207,,4,True,False,recoverable,0,False,RUNNING
40.89999999999832,4908,S4_FRONT_PAIR_ADVANCE,ADVANCE,v008_20260806_211408_578700_manual:S4_FRONT_PAIR_ADVANCE:ALTERNATE_PROFILE_2:segments-39-40,10.258333333332754,0.0,40,0.3797970712184906,-0.0053757429122924805,0.12473490834236145,0.04867753738614276,-0.06878505620932032,0.018936914642093506,,4,True,False,recoverable,0,False,RUNNING
40.966666666664985,4916,S4_FRONT_PAIR_ADVANCE,ADVANCE,v008_20260806_211408_578700_manual:S4_FRONT_PAIR_ADVANCE:ALTERNATE_PROFILE_2:segments-39-40,10.324999999999417,0.0,40,0.3807747960090637,-0.005388602614402771,0.12480428069829941,0.04912652500202599,-0.06918171943618477,0.01897720412669677,,4,True,False,recoverable,0,False,RUNNING
41.03333333333165,4924,S4_FRONT_PAIR_ADVANCE,ADVANCE,v008_20260806_211408_578700_manual:S4_FRONT_PAIR_ADVANCE:ALTERNATE_PROFILE_2:segments-39-40,10.39166666666608,0.0,40,0.38171151280403137,-0.005326583981513977,0.12479674816131592,0.04877770418915885,-0.06904697815830477,0.019005828472807976,,4,True,False,recoverable,0,False,RUNNING
41.09999999999831,4932,S4_FRONT_PAIR_ADVANCE,ADVANCE,v008_20260806_211408_578700_manual:S4_FRONT_PAIR_ADVANCE:ALTERNATE_PROFILE_2:segments-39-40,10.458333333332742,0.0,40,0.38270100951194763,-0.005246028304100037,0.124754898250103,0.04831013404514952,-0.0688713161208647,0.019044705960351228,,4,True,False,recoverable,0,False,RUNNING
41.16666666666497,4940,S4_FRONT_PAIR_ADVANCE,ADVANCE,v008_20260806_211408_578700_manual:S4_FRONT_PAIR_ADVANCE:ALTERNATE_PROFILE_2:segments-39-40,10.524999999999405,0.0,40,0.38372570276260376,-0.005172252655029297,0.12470322847366333,0.047878989208283054,-0.06872105357932931,0.019078853609555246,,4,True,False,recoverable,0,False,RUNNING
41.233333333331636,4948,S4_FRONT_PAIR_ADVANCE,ADVANCE,v008_20260806_211408_578700_manual:S4_FRONT_PAIR_ADVANCE:ALTERNATE_PROFILE_2:segments-39-40,10.591666666666068,0.0,40,0.3847963809967041,-0.0050808340311050415,0.12459901720285416,0.04746467062526578,-0.06848496166512166,0.019126105866905014,,4,True,False,recoverable,0,False,RUNNING
41.2999999999983,4956,S4_FRONT_PAIR_ADVANCE,ADVANCE,v008_20260806_211408_578700_manual:S4_FRONT_PAIR_ADVANCE:ALTERNATE_PROFILE_2:segments-39-40,10.658333333332731,0.0,40,0.3858874440193176,-0.004985347390174866,0.12443404644727707,0.04688671934528815,-0.06820760116070648,0.019177952111883636,,4,True,False,recoverable,0,False,RUNNING
41.36666666666496,4964,S4_FRONT_PAIR_ADVANCE,ADVANCE,v008_20260806_211408_578700_manual:S4_FRONT_PAIR_ADVANCE:ALTERNATE_PROFILE_2:segments-39-40,10.724999999999394,0.0,40,0.3869970738887787,-0.004899173974990845,0.12427094578742981,0.046348446837681495,-0.06798496982033533,0.019216313490023507,,4,True,False,recoverable,0,False,RUNNING
41.433333333331625,4972,S4_FRONT_PAIR_ADVANCE,ADVANCE,v008_20260806_211408_578700_manual:S4_FRONT_PAIR_ADVANCE:ALTERNATE_PROFILE_2:segments-39-40,10.791666666666057,0.0,40,0.38816407322883606,-0.004813730716705322,0.12406955659389496,0.04582643712326941,-0.06774752551305581,0.019249169732104193,,4,True,False,recoverable,0,False,RUNNING
41.49999999999829,4980,S4_FRONT_PAIR_ADVANCE,ADVANCE,v008_20260806_211408_578700_manual:S4_FRONT_PAIR_ADVANCE:ALTERNATE_PROFILE_2:segments-39-40,10.85833333333272,0.0,40,0.3893837332725525,-0.004731729626655579,0.12384623289108276,0.04527789806242159,-0.06753263346839193,0.019259594949414052,,4,True,False,recoverable,0,False,RUNNING
41.56666666666495,4988,S4_FRONT_PAIR_ADVANCE,ADVANCE,v008_20260806_211408_578700_manual:S4_FRONT_PAIR_ADVANCE:ALTERNATE_PROFILE_2:segments-39-40,10.924999999999383,0.0,40,0.39061158895492554,-0.004642665386199951,0.12358446419239044,0.04469639278118838,-0.06728238801133475,0.01927342059595232,,4,True,False,recoverable,0,False,RUNNING
41.63333333333161,4996,S4_FRONT_PAIR_ADVANCE,ADVANCE,v008_20260806_211408_578700_manual:S4_FRONT_PAIR_ADVANCE:ALTERNATE_PROFILE_2:segments-39-40,10.991666666666045,0.0,40,0.39185500144958496,-0.004551932215690613,0.12328141927719116,0.04409862861570558,-0.06701536304841889,0.019281692849780884,,4,True,False,recoverable,0,False,RUNNING
41.699999999998276,5004,S4_FRONT_PAIR_ADVANCE,ADVANCE,v008_20260806_211408_578700_manual:S4_FRONT_PAIR_ADVANCE:ALTERNATE_PROFILE_2:segments-39-40,11.058333333332708,0.0,40,0.39290985465049744,-0.0045360177755355835,0.12314051389694214,0.04425893684581538,-0.06655959066889361,0.019316206943672667,,4,True,False,recoverable,0,False,RUNNING
41.76666666666494,5012,S4_FRONT_PAIR_ADVANCE,ADVANCE,v008_20260806_211408_578700_manual:S4_FRONT_PAIR_ADVANCE:ALTERNATE_PROFILE_2:segments-39-40,11.124999999999371,0.0,40,0.3939304053783417,-0.004558295011520386,0.12310463190078735,0.044813086018572076,-0.06605773359690781,0.019345949545014236,,4,True,False,recoverable,0,False,RUNNING
41.8333333333316,5020,S4_FRONT_PAIR_ADVANCE,ADVANCE,v008_20260806_211408_578700_manual:S4_FRONT_PAIR_ADVANCE:ALTERNATE_PROFILE_2:segments-39-40,11.191666666666034,0.0,40,0.3948037028312683,-0.004574999213218689,0.12315879017114639,0.04522474116037389,-0.06589221481257493,0.01936783997071562,,4,True,False,recoverable,0,False,RUNNING
41.899999999998265,5028,S4_FRONT_PAIR_ADVANCE,ADVANCE,v008_20260806_211408_578700_manual:S4_FRONT_PAIR_ADVANCE:ALTERNATE_PROFILE_2:segments-39-40,11.258333333332697,0.0,40,0.39563900232315063,-0.0045899897813797,0.12326136976480484,0.04561030207570253,-0.06598023964429924,0.019384535348064943,,4,True,False,recoverable,0,False,RUNNING
41.96666666666493,5036,S4_FRONT_PAIR_ADVANCE,ADVANCE,v008_20260806_211408_578700_manual:S4_FRONT_PAIR_ADVANCE:ALTERNATE_PROFILE_2:segments-39-40,11.32499999999936,0.0,40,0.3965056240558624,-0.004599288105964661,0.12334965169429779,0.045961242681824055,-0.06609749780173049,0.01940256313189646,,4,True,False,recoverable,0,False,RUNNING
42.03333333333159,5044,S4_FRONT_PAIR_ADVANCE,ADVANCE,v008_20260806_211408_578700_manual:S4_FRONT_PAIR_ADVANCE:ALTERNATE_PROFILE_2:segments-39-40,11.391666666666023,0.0,40,0.3974181115627289,-0.004608467221260071,0.12344416975975037,0.04634730007734629,-0.06627754724441579,0.01940735219298478,,4,True,False,recoverable,0,False,RUNNING
42.09999999999825,5052,S4_FRONT_PAIR_ADVANCE,ADVANCE,v008_20260806_211408_578700_manual:S4_FRONT_PAIR_ADVANCE:ALTERNATE_PROFILE_2:segments-39-40,11.458333333332686,0.0,40,0.3983745574951172,-0.00462031364440918,0.12351347506046295,0.04675021125633161,-0.06646629348002504,0.019394746029163846,,4,True,False,recoverable,0,False,RUNNING
42.166666666664916,5060,S4_FRONT_PAIR_ADVANCE,ADVANCE,v008_20260806_211408_578700_manual:S4_FRONT_PAIR_ADVANCE:ALTERNATE_PROFILE_2:segments-39-40,11.524999999999348,0.0,40,0.3993496298789978,-0.004631489515304565,0.12356405705213547,0.04715018843425516,-0.06666163774506217,0.019377722051061457,,4,True,False,recoverable,0,False,RUNNING
42.23333333333158,5068,S4_FRONT_PAIR_ADVANCE,ADVANCE,v008_20260806_211408_578700_manual:S4_FRONT_PAIR_ADVANCE:ALTERNATE_PROFILE_2:segments-39-40,11.591666666666011,0.0,40,0.4003351628780365,-0.004647418856620789,0.12362489849328995,0.0475928291801142,-0.0669714666327083,0.019376352820964147,,4,True,False,recoverable,0,False,RUNNING
42.29999999999824,5076,S4_FRONT_PAIR_ADVANCE,ADVANCE,v008_20260806_211408_578700_manual:S4_FRONT_PAIR_ADVANCE:ALTERNATE_PROFILE_2:segments-39-40,11.658333333332674,0.0,40,0.4010891318321228,-0.004656121134757996,0.12372932583093643,0.047892052524447885,-0.06738134407104124,0.01935237125865111,,4,True,False,recoverable,0,False,RUNNING
42.366666666664905,5084,S4_FRONT_PAIR_ADVANCE,ADVANCE,v008_20260806_211408_578700_manual:S4_FRONT_PAIR_ADVANCE:ALTERNATE_PROFILE_2:segments-39-40,11.724999999999337,0.0,40,0.4019000232219696,-0.004656121134757996,0.12383571267127991,0.04817146996193867,-0.06792810623328699,0.019328779122266337,,4,True,False,recoverable,0,False,RUNNING
42.43333333333157,5092,S4_FRONT_PAIR_ADVANCE,ADVANCE,v008_20260806_211408_578700_manual:S4_FRONT_PAIR_ADVANCE:ALTERNATE_PROFILE_2:segments-39-40,11.791666666666,0.0,40,0.40273216366767883,-0.004654437303543091,0.12392008304595947,0.048422065330903395,-0.06848456250007184,0.01930353007288297,,4,True,False,recoverable,0,False,RUNNING
42.49999999999823,5100,S4_FRONT_PAIR_ADVANCE,ADVANCE,v008_20260806_211408_578700_manual:S4_FRONT_PAIR_ADVANCE:ALTERNATE_PROFILE_2:segments-39-40,11.858333333332663,0.0,40,0.40360650420188904,-0.004650667309761047,0.12400005012750626,0.04849144207842019,-0.0689471591703069,0.019328616394289427,,4,True,False,recoverable,0,False,RUNNING
42.566666666664894,5108,S4_FRONT_PAIR_ADVANCE,ADVANCE,v008_20260806_211408_578700_manual:S4_FRONT_PAIR_ADVANCE:ALTERNATE_PROFILE_2:segments-39-40,11.924999999999326,0.0,40,0.40448513627052307,-0.004573807120323181,0.12398378551006317,0.04787976517094693,-0.06885260254306654,0.019351048776073188,,4,True,False,recoverable,0,False,RUNNING
42.63333333333156,5116,S4_FRONT_PAIR_ADVANCE,ADVANCE,v008_20260806_211408_578700_manual:S4_FRONT_PAIR_ADVANCE:ALTERNATE_PROFILE_2:segments-39-40,11.991666666665989,0.0,40,0.4054052531719208,-0.004507511854171753,0.1240033209323883,0.04737661637830469,-0.06892149504130292,0.019367395132942982,,4,True,False,recoverable,0,False,RUNNING
42.69999999999822,5124,S4_FRONT_PAIR_ADVANCE,ADVANCE,v008_20260806_211408_578700_manual:S4_FRONT_PAIR_ADVANCE:ALTERNATE_PROFILE_2:segments-39-40,12.058333333332651,0.0,40,0.4063546657562256,-0.0044432878494262695,0.12400532513856888,0.046925415236926,-0.06898243911283272,0.019377246581128087,,4,True,False,recoverable,0,False,RUNNING
42.76666666666488,5132,S4_FRONT_PAIR_ADVANCE,ADVANCE,v008_20260806_211408_578700_manual:S4_FRONT_PAIR_ADVANCE:ALTERNATE_PROFILE_2:segments-39-40,12.124999999999314,0.0,40,0.4073120355606079,-0.004380807280540466,0.12401808798313141,0.04659428851982859,-0.0690917283655234,0.019377377976180138,,4,True,False,recoverable,0,False,RUNNING
42.833333333331545,5140,S4_FRONT_PAIR_ADVANCE,ADVANCE,v008_20260806_211408_578700_manual:S4_FRONT_PAIR_ADVANCE:ALTERNATE_PROFILE_2:segments-39-40,12.191666666665977,0.0,40,0.4082757234573364,-0.004326760768890381,0.12399585545063019,0.046206596056546,-0.069162694612498,0.019408779622624796,,4,True,False,recoverable,0,False,RUNNING
42.89999999999821,5148,S4_FRONT_PAIR_ADVANCE,ADVANCE,v008_20260806_211408_578700_manual:S4_FRONT_PAIR_ADVANCE:ALTERNATE_PROFILE_2:segments-39-40,12.25833333333264,0.0,40,0.4092758595943451,-0.0042611658573150635,0.12395413964986801,0.04579813005760459,-0.0693013545006022,0.019428382171193005,,4,True,False,recoverable,0,False,RUNNING
42.96666666666487,5156,S4_FRONT_PAIR_ADVANCE,ADVANCE,v008_20260806_211408_578700_manual:S4_FRONT_PAIR_ADVANCE:ALTERNATE_PROFILE_2:segments-39-40,12.324999999999303,0.0,40,0.4103206992149353,-0.004199162125587463,0.1238909512758255,0.04535603185307189,-0.06944374617683893,0.019450602247468498,,4,True,False,recoverable,0,False,RUNNING
43.033333333331534,5164,S4_FRONT_PAIR_ADVANCE,ADVANCE,v008_20260806_211408_578700_manual:S4_FRONT_PAIR_ADVANCE:ALTERNATE_PROFILE_2:segments-39-40,12.391666666665966,0.0,40,0.4113779067993164,-0.0041352808475494385,0.12380097061395645,0.0449147561389625,-0.06959270978885937,0.01944593785013451,,4,True,False,recoverable,0,False,RUNNING
43.0999999999982,5172,S4_FRONT_PAIR_ADVANCE,ADVANCE,v008_20260806_211408_578700_manual:S4_FRONT_PAIR_ADVANCE:ALTERNATE_PROFILE_2:segments-39-40,12.458333333332629,0.0,40,0.41213008761405945,-0.004172205924987793,0.1239064410328865,0.045426311270306156,-0.0693539771743293,0.019449391090107612,,4,True,False,recoverable,0,False,RUNNING
43.16666666666486,5180,S4_FRONT_PAIR_ADVANCE,ADVANCE,v008_20260806_211408_578700_manual:S4_FRONT_PAIR_ADVANCE:ALTERNATE_PROFILE_2:segments-39-40,12.524999999999292,0.0,40,0.4129786193370819,-0.004193469882011414,0.12400627881288528,0.045837187962432475,-0.06919920223408037,0.019459645450458096,,4,True,False,recoverable,0,False,RUNNING
43.23333333333152,5188,S4_FRONT_PAIR_ADVANCE,ADVANCE,v008_20260806_211408_578700_manual:S4_FRONT_PAIR_ADVANCE:ALTERNATE_PROFILE_2:segments-39-40,12.591666666665954,0.0,40,0.4138911962509155,-0.004177063703536987,0.12407047301530838,0.04588000307104682,-0.06879089534853608,0.01944858425469021,,4,True,False,recoverable,0,False,RUNNING
43.299999999998185,5196,S4_FRONT_PAIR_ADVANCE,ADVANCE,v008_20260806_211408_578700_manual:S4_FRONT_PAIR_ADVANCE:ALTERNATE_PROFILE_2:segments-39-40,12.658333333332617,0.0,40,0.41483569145202637,-0.004162818193435669,0.12411884218454361,0.045937674242057254,-0.06841197141223566,0.01944581454879334,,4,True,False,recoverable,0,False,RUNNING
43.36666666666485,5204,S4_FRONT_PAIR_ADVANCE,ADVANCE,v008_20260806_211408_578700_manual:S4_FRONT_PAIR_ADVANCE:ALTERNATE_PROFILE_2:segments-39-40,12.72499999999928,0.0,40,0.4158335328102112,-0.0041500478982925415,0.12416303157806396,0.04600295231416069,-0.06809131597756922,0.01942967408910382,,4,True,False,recoverable,0,False,RUNNING
43.43333333333151,5212,S4_FRONT_PAIR_ADVANCE,ADVANCE,v008_20260806_211408_578700_manual:S4_FRONT_PAIR_ADVANCE:ALTERNATE_PROFILE_2:segments-39-40,12.791666666665943,0.0,40,0.4168497920036316,-0.004134058952331543,0.12418476492166519,0.046073916790335116,-0.06775875356458556,0.01943113237626965,,4,True,False,recoverable,0,False,RUNNING
43.499999999998174,5220,S4_FRONT_PAIR_ADVANCE,ADVANCE,v008_20260806_211408_578700_manual:S4_FRONT_PAIR_ADVANCE:ALTERNATE_PROFILE_2:segments-39-40,12.858333333332606,0.0,40,0.4178721010684967,-0.004118606448173523,0.12418605387210846,0.04616104054370522,-0.06737822532769844,0.01940424601573707,,4,True,False,recoverable,0,False,RUNNING
43.56666666666484,5228,S4_FRONT_PAIR_ADVANCE,ADVANCE,v008_20260806_211408_578700_manual:S4_FRONT_PAIR_ADVANCE:ALTERNATE_PROFILE_2:segments-39-40,12.924999999999269,0.0,40,0.4189322888851166,-0.004107967019081116,0.12418647855520248,0.04630474844896485,-0.06704644515211393,0.019410882195855305,,4,True,False,recoverable,0,False,RUNNING
43.6333333333315,5236,S4_FRONT_PAIR_ADVANCE,ADVANCE,v008_20260806_211408_578700_manual:S4_FRONT_PAIR_ADVANCE:ALTERNATE_PROFILE_2:segments-39-40,12.991666666665932,0.0,40,0.42000845074653625,-0.004096090793609619,0.12415803968906403,0.04645730463142916,-0.06669600763630919,0.019395474696796672,,4,True,False,recoverable,0,False,RUNNING
43.69999999999816,5244,S4_FRONT_PAIR_ADVANCE,ADVANCE,v008_20260806_211408_578700_manual:S4_FRONT_PAIR_ADVANCE:ALTERNATE_PROFILE_2:segments-39-40,13.058333333332595,0.0,40,0.421099990606308,-0.00408075749874115,0.12410734593868256,0.04660755405237044,-0.06633073180850296,0.019400699836100144,,4,True,False,recoverable,0,False,RUNNING
43.766666666664825,5252,S4_FRONT_PAIR_ADVANCE,ADVANCE,v008_20260806_211408_578700_manual:S4_FRONT_PAIR_ADVANCE:ALTERNATE_PROFILE_2:segments-39-40,13.124999999999257,0.0,40,0.42220866680145264,-0.004068836569786072,0.12404705584049225,0.04678675657292871,-0.0659760551155814,0.019388122199554773,,4,True,False,recoverable,0,False,RUNNING
43.83333333333149,5260,S4_FRONT_PAIR_ADVANCE,ADVANCE,v008_20260806_211408_578700_manual:S4_FRONT_PAIR_ADVANCE:ALTERNATE_PROFILE_2:segments-39-40,13.19166666666592,0.0,40,0.42295020818710327,-0.004064396023750305,0.1241273581981659,0.04679467668704953,-0.06611157687762607,0.019383786308046123,,4,True,False,recoverable,0,False,RUNNING
43.89999999999815,5268,S4_FRONT_PAIR_ADVANCE,ADVANCE,v008_20260806_211408_578700_manual:S4_FRONT_PAIR_ADVANCE:ALTERNATE_PROFILE_2:segments-39-40,13.258333333332583,0.0,40,0.4237523078918457,-0.0040505677461624146,0.12420576065778732,0.04679978748648792,-0.06633994469835792,0.019413377525954963,,4,True,False,recoverable,0,False,RUNNING
43.966666666664814,5276,S4_FRONT_PAIR_ADVANCE,ADVANCE,v008_20260806_211408_578700_manual:S4_FRONT_PAIR_ADVANCE:ALTERNATE_PROFILE_2:segments-39-40,13.324999999999246,0.0,40,0.4246143698692322,-0.004039108753204346,0.12428352236747742,0.04682012841163809,-0.06663981121728588,0.019409420773531288,,4,True,False,recoverable,0,False,RUNNING
44.03333333333148,5284,S4_FRONT_PAIR_ADVANCE,ADVANCE,v008_20260806_211408_578700_manual:S4_FRONT_PAIR_ADVANCE:ALTERNATE_PROFILE_2:segments-39-40,13.391666666665909,0.0,40,0.4255237579345703,-0.004030078649520874,0.12436529248952866,0.046879727493268596,-0.06701968857423482,0.019425810543076048,,4,True,False,recoverable,0,False,RUNNING
44.09999999999814,5292,S4_FRONT_PAIR_ADVANCE,ADVANCE,v008_20260806_211408_578700_manual:S4_FRONT_PAIR_ADVANCE:ALTERNATE_PROFILE_2:segments-39-40,13.458333333332572,0.0,40,0.4264538884162903,-0.004015490412712097,0.12443326413631439,0.04695890607367631,-0.0674215560354069,0.019448431572029544,,4,True,False,recoverable,0,False,RUNNING
44.1666666666648,5300,S4_FRONT_PAIR_ADVANCE,ADVANCE,v008_20260806_211408_578700_manual:S4_FRONT_PAIR_ADVANCE:ALTERNATE_PROFILE_2:segments-39-40,13.524999999999235,0.0,40,0.4274115264415741,-0.004003509879112244,0.12447603791952133,0.04702354094672389,-0.06781737589289981,0.01946798852343133,,4,True,False,recoverable,0,False,RUNNING
44.233333333331466,5308,S4_FRONT_PAIR_ADVANCE,ADVANCE,v008_20260806_211408_578700_manual:S4_FRONT_PAIR_ADVANCE:ALTERNATE_PROFILE_2:segments-39-40,13.591666666665898,0.0,40,0.42838799953460693,-0.003988802433013916,0.12451081722974777,0.04713162839367507,-0.06824230731091104,0.019507360022087566,,4,True,False,recoverable,0,False,RUNNING
44.29999999999813,5316,S4_FRONT_PAIR_ADVANCE,ADVANCE,v008_20260806_211408_578700_manual:S4_FRONT_PAIR_ADVANCE:ALTERNATE_PROFILE_2:segments-39-40,13.65833333333256,0.0,40,0.4293796122074127,-0.003971204161643982,0.12452396750450134,0.04725722458962762,-0.06867069363690027,0.01954164824119643,,4,True,False,recoverable,0,False,RUNNING
44.36666666666479,5324,S4_FRONT_PAIR_ADVANCE,ADVANCE,v008_20260806_211408_578700_manual:S4_FRONT_PAIR_ADVANCE:ALTERNATE_PROFILE_2:segments-39-40,13.724999999999223,0.0,40,0.43039149045944214,-0.003948211669921875,0.12449729442596436,0.047307958125594976,-0.06909521866540716,0.01957427513144816,,4,True,False,recoverable,0,False,RUNNING
44.433333333331454,5332,S4_FRONT_PAIR_ADVANCE,ADVANCE,v008_20260806_211408_578700_manual:S4_FRONT_PAIR_ADVANCE:ALTERNATE_PROFILE_2:segments-39-40,13.791666666665886,0.0,40,0.43143564462661743,-0.003861561417579651,0.12439476698637009,0.04677638201169024,-0.06906061207672522,0.019589994747870577,,4,True,False,recoverable,0,False,RUNNING
44.49999999999812,5340,S4_FRONT_PAIR_ADVANCE,ADVANCE,v008_20260806_211408_578700_manual:S4_FRONT_PAIR_ADVANCE:ALTERNATE_PROFILE_2:segments-39-40,13.85833333333255,0.0,40,0.43251505494117737,-0.0037479251623153687,0.12425125390291214,0.046077351396802496,-0.06895617323531113,0.01961483210998496,,4,True,False,recoverable,0,False,RUNNING
44.56666666666478,5348,S4_FRONT_PAIR_ADVANCE,ADVANCE,v008_20260806_211408_578700_manual:S4_FRONT_PAIR_ADVANCE:ALTERNATE_PROFILE_2:segments-39-40,13.924999999999212,0.0,40,0.4336116313934326,-0.0036405175924301147,0.12407659739255905,0.04534080480946148,-0.06884393877633188,0.01963905784952037,,4,True,False,recoverable,0,False,RUNNING
44.63333333333144,5356,S4_FRONT_PAIR_ADVANCE,ADVANCE,v008_20260806_211408_578700_manual:S4_FRONT_PAIR_ADVANCE:ALTERNATE_PROFILE_2:segments-39-40,13.991666666665875,0.0,40,0.43454059958457947,-0.0035946816205978394,0.12401825934648514,0.04512719699350242,-0.06854977506041304,0.019630570426533715,,4,True,False,recoverable,0,False,RUNNING
44.699999999998106,5364,S4_FRONT_PAIR_ADVANCE,ADVANCE,v008_20260806_211408_578700_manual:S4_FRONT_PAIR_ADVANCE:ALTERNATE_PROFILE_2:segments-39-40,14.058333333332538,0.0,40,0.43542248010635376,-0.0035894066095352173,0.12404859066009521,0.04527941763393336,-0.0681710141372551,0.01961336035509032,,4,True,False,recoverable,0,False,RUNNING
44.76666666666477,5372,S4_FRONT_PAIR_ADVANCE,ADVANCE,v008_20260806_211408_578700_manual:S4_FRONT_PAIR_ADVANCE:ALTERNATE_PROFILE_2:segments-39-40,14.1249999999992,0.0,40,0.43636783957481384,-0.0035868287086486816,0.12409598380327225,0.04548488591463722,-0.06789350667354369,0.019619654150055205,,4,True,False,recoverable,0,False,RUNNING
44.83333333333143,5380,S4_FRONT_PAIR_ADVANCE,ADVANCE,v008_20260806_211408_578700_manual:S4_FRONT_PAIR_ADVANCE:ALTERNATE_PROFILE_2:segments-39-40,14.191666666665864,0.0,40,0.4373428523540497,-0.00358031690120697,0.12412837147712708,0.04569158162440293,-0.06761752504525333,0.019617856978276404,,4,True,False,recoverable,0,False,RUNNING
44.899999999998094,5388,S4_FRONT_PAIR_ADVANCE,ADVANCE,v008_20260806_211408_578700_manual:S4_FRONT_PAIR_ADVANCE:ALTERNATE_PROFILE_2:segments-39-40,14.258333333332526,0.0,40,0.43837210536003113,-0.00357876718044281,0.12415781617164612,0.04592133990594659,-0.06739188853104082,0.01960883876074012,,4,True,False,recoverable,0,False,RUNNING
44.96666666666476,5396,S4_FRONT_PAIR_ADVANCE,ADVANCE,v008_20260806_211408_578700_manual:S4_FRONT_PAIR_ADVANCE:ALTERNATE_PROFILE_2:segments-39-40,14.32499999999919,0.0,40,0.43941226601600647,-0.0035735368728637695,0.12414620816707611,0.046094677855518906,-0.06711283028413483,0.019593132814896976,,4,True,False,recoverable,0,False,RUNNING
45.03333333333142,5404,S4_FRONT_PAIR_ADVANCE,ADVANCE,v008_20260806_211408_578700_manual:S4_FRONT_PAIR_ADVANCE:ALTERNATE_PROFILE_2:segments-39-40,14.391666666665852,0.0,40,0.440500408411026,-0.0035770833492279053,0.1241459995508194,0.04642760464545242,-0.0668877089875325,0.019614292378976234,,4,True,False,recoverable,0,False,RUNNING
45.09999999999808,5412,S4_FRONT_PAIR_ADVANCE,ADVANCE,v008_20260806_211408_578700_manual:S4_FRONT_PAIR_ADVANCE:ALTERNATE_PROFILE_2:segments-39-40,14.458333333332515,0.0,40,0.4416118860244751,-0.003569766879081726,0.12411011010408401,0.04670941885673248,-0.06662703739705814,0.01961437236984237,,4,True,False,recoverable,0,False,RUNNING
45.166666666664746,5420,S4_FRONT_PAIR_ADVANCE,ADVANCE,v008_20260806_211408_578700_manual:S4_FRONT_PAIR_ADVANCE:ALTERNATE_PROFILE_2:segments-39-40,14.524999999999178,0.0,40,0.44266825914382935,-0.0035562217235565186,0.12404350936412811,0.04690221250471829,-0.06636189061088797,0.0196157063793455,,4,True,False,recoverable,0,False,RUNNING
45.23333333333141,5428,S4_FRONT_PAIR_ADVANCE,ADVANCE,v008_20260806_211408_578700_manual:S4_FRONT_PAIR_ADVANCE:ALTERNATE_PROFILE_2:segments-39-40,14.59166666666584,0.0,40,0.44339966773986816,-0.0035480260848999023,0.12413039058446884,0.046988790828497086,-0.06654697611987727,0.019569331786648894,,4,True,False,recoverable,0,False,RUNNING
45.29999999999807,5436,S4_FRONT_PAIR_ADVANCE,ADVANCE,v008_20260806_211408_578700_manual:S4_FRONT_PAIR_ADVANCE:ALTERNATE_PROFILE_2:segments-39-40,14.658333333332504,0.0,40,0.44421884417533875,-0.0035317540168762207,0.12422432750463486,0.047110791943428765,-0.06687156218469262,0.01956335522934939,,4,True,False,recoverable,0,False,RUNNING
45.366666666664734,5444,S4_FRONT_PAIR_ADVANCE,ADVANCE,v008_20260806_211408_578700_manual:S4_FRONT_PAIR_ADVANCE:ALTERNATE_PROFILE_2:segments-39-40,14.724999999999167,0.0,40,0.4450896084308624,-0.003526851534843445,0.12432517111301422,0.04728893955702882,-0.06730174721177044,0.019579058426266387,,4,True,False,recoverable,0,False,RUNNING
45.4333333333314,5452,S4_FRONT_PAIR_ADVANCE,ADVANCE,v008_20260806_211408_578700_manual:S4_FRONT_PAIR_ADVANCE:ALTERNATE_PROFILE_2:segments-39-40,14.79166666666583,0.0,40,0.44597652554512024,-0.0035182535648345947,0.1243884414434433,0.04739298507648486,-0.06772656058393992,0.019590061055302956,,4,True,False,recoverable,0,False,RUNNING
45.49999999999806,5460,S4_FRONT_PAIR_ADVANCE,ADVANCE,v008_20260806_211408_578700_manual:S4_FRONT_PAIR_ADVANCE:ALTERNATE_PROFILE_2:segments-39-40,14.858333333332492,0.0,40,0.4468960165977478,-0.003518924117088318,0.12446295469999313,0.04756682165067936,-0.06822374969390646,0.019619793852734907,,4,True,False,recoverable,0,False,RUNNING
45.56666666666472,5468,S4_FRONT_PAIR_ADVANCE,ADVANCE,v008_20260806_211408_578700_manual:S4_FRONT_PAIR_ADVANCE:ALTERNATE_PROFILE_2:segments-39-40,14.924999999999155,0.0,40,0.4478248655796051,-0.0035184621810913086,0.12451013177633286,0.04776565651137569,-0.06869807535714319,0.019637364341376792,,4,True,False,recoverable,0,False,RUNNING
45.633333333331386,5476,S4_FRONT_PAIR_ADVANCE,ADVANCE,v008_20260806_211408_578700_manual:S4_FRONT_PAIR_ADVANCE:ALTERNATE_PROFILE_2:segments-39-40,14.991666666665818,0.0,40,0.4487746059894562,-0.0034860968589782715,0.12450507283210754,0.04770128256405156,-0.06897015194288977,0.019665143949063206,,4,True,False,recoverable,0,False,RUNNING
45.69999999999805,5484,S4_FRONT_PAIR_ADVANCE,ADVANCE,v008_20260806_211408_578700_manual:S4_FRONT_PAIR_ADVANCE:ALTERNATE_PROFILE_2:segments-39-40,15.058333333332481,0.0,40,0.4497779607772827,-0.003436550498008728,0.12448333203792572,0.04746429147588645,-0.06922451411773595,0.019698045577336964,,4,True,False,recoverable,0,False,RUNNING
45.76666666666471,5492,S4_FRONT_PAIR_ADVANCE,ADVANCE,v008_20260806_211408_578700_manual:S4_FRONT_PAIR_ADVANCE:ALTERNATE_PROFILE_2:segments-39-40,15.124999999999144,0.0,40,0.4507685899734497,-0.003377377986907959,0.12441673874855042,0.0471354926514553,-0.06937725567098169,0.019715723560497195,,4,True,False,recoverable,0,False,RUNNING
45.833333333331375,5500,S4_FRONT_PAIR_ADVANCE,ADVANCE,v008_20260806_211408_578700_manual:S4_FRONT_PAIR_ADVANCE:ALTERNATE_PROFILE_2:segments-39-40,15.191666666665807,0.0,40,0.4518032968044281,-0.0032808035612106323,0.12429134547710419,0.046378880686511414,-0.06925741152235508,0.019718865863099993,,4,True,False,recoverable,0,False,RUNNING
45.89999999999804,5508,S4_FRONT_PAIR_ADVANCE,ADVANCE,v008_20260806_211408_578700_manual:S4_FRONT_PAIR_ADVANCE:ALTERNATE_PROFILE_2:segments-39-40,15.25833333333247,0.0,40,0.45282357931137085,-0.00318242609500885,0.12415409833192825,0.045650915382368186,-0.06910107799351672,0.01972371202000582,,4,True,False,recoverable,0,False,RUNNING
45.9666666666647,5516,S4_FRONT_PAIR_ADVANCE,ADVANCE,v008_20260806_211408_578700_manual:S4_FRONT_PAIR_ADVANCE:ALTERNATE_PROFILE_2:segments-39-40,15.324999999999132,0.0,40,0.4538113474845886,-0.003112614154815674,0.1240694597363472,0.04521624363024861,-0.06888147880177427,0.019733343693447942,,4,True,False,recoverable,0,False,RUNNING
46.03333333333136,5524,S4_FRONT_PAIR_ADVANCE,ADVANCE,v008_20260806_211408_578700_manual:S4_FRONT_PAIR_ADVANCE:ALTERNATE_PROFILE_2:segments-39-40,15.391666666665795,0.0,40,0.45485326647758484,-0.0030389726161956787,0.12394775450229645,0.044704771509120465,-0.06867047904892562,0.019738506961555772,,4,True,False,recoverable,0,False,RUNNING
46.099999999998026,5532,S4_FRONT_PAIR_ADVANCE,ADVANCE,v008_20260806_211408_578700_manual:S4_FRONT_PAIR_ADVANCE:ALTERNATE_PROFILE_2:segments-39-40,15.458333333332458,0.0,40,0.4559377431869507,-0.0029762685298919678,0.12383656948804855,0.0442707258515212,-0.06855672980238425,0.019725380332448923,,4,True,False,recoverable,0,False,RUNNING
46.16666666666469,5540,S4_FRONT_PAIR_ADVANCE,ADVANCE,v008_20260806_211408_578700_manual:S4_FRONT_PAIR_ADVANCE:ALTERNATE_PROFILE_2:segments-39-40,15.524999999999121,0.0,40,0.45704928040504456,-0.0029003024101257324,0.12367761880159378,0.04377203579084043,-0.06838372763761504,0.019711276883275324,,4,True,False,recoverable,0,False,RUNNING
46.23333333333135,5548,S4_FRONT_PAIR_ADVANCE,ADVANCE,v008_20260806_211408_578700_manual:S4_FRONT_PAIR_ADVANCE:ALTERNATE_PROFILE_2:segments-39-40,15.591666666665784,0.0,40,0.45819351077079773,-0.002831786870956421,0.12348446995019913,0.04324770869516596,-0.06821059573386608,0.019704528015480283,,4,True,False,recoverable,0,False,RUNNING
46.299999999998015,5556,S4_FRONT_PAIR_ADVANCE,ADVANCE,v008_20260806_211408_578700_manual:S4_FRONT_PAIR_ADVANCE:ALTERNATE_PROFILE_2:segments-39-40,15.658333333332447,0.0,40,0.45910269021987915,-0.0028373301029205322,0.12345805764198303,0.04351897029069788,-0.06769255926004306,0.019716603918637055,,4,True,False,recoverable,0,False,RUNNING
46.36666666666468,5564,S4_FRONT_PAIR_ADVANCE,ADVANCE,v008_20260806_211408_578700_manual:S4_FRONT_PAIR_ADVANCE:ALTERNATE_PROFILE_2:segments-39-40,15.72499999999911,0.0,40,0.4600309729576111,-0.002860739827156067,0.12346988916397095,0.04394111906698559,-0.06722384529959839,0.019725031251293042,,4,True,False,recoverable,0,False,RUNNING
46.43333333333134,5572,S4_FRONT_PAIR_ADVANCE,ADVANCE,v008_20260806_211408_578700_manual:S4_FRONT_PAIR_ADVANCE:ALTERNATE_PROFILE_2:segments-39-40,15.791666666665773,0.0,40,0.46101921796798706,-0.0028806179761886597,0.12348572909832001,0.04440015728894002,-0.06680875404497341,0.01973301959462548,,4,True,False,recoverable,0,False,RUNNING
46.499999999998,5580,S4_FRONT_PAIR_ADVANCE,ADVANCE,v008_20260806_211408_578700_manual:S4_FRONT_PAIR_ADVANCE:ALTERNATE_PROFILE_2:segments-39-40,15.858333333332435,0.0,40,0.46205198764801025,-0.0029071271419525146,0.12349040061235428,0.044858299903080386,-0.06642981725856933,0.019760022552845247,,4,True,False,recoverable,0,False,RUNNING
46.566666666664666,5588,S4_FRONT_PAIR_ADVANCE,ADVANCE,v008_20260806_211408_578700_manual:S4_FRONT_PAIR_ADVANCE:ALTERNATE_PROFILE_2:segments-39-40,15.924999999999098,0.0,40,0.4631117582321167,-0.0029366761445999146,0.12348029017448425,0.04533272033412568,-0.06605762391793765,0.01978143414084454,,4,True,False,recoverable,0,False,RUNNING
46.63333333333133,5596,S4_FRONT_PAIR_ADVANCE,ADVANCE,v008_20260806_211408_578700_manual:S4_FRONT_PAIR_ADVANCE:ALTERNATE_PROFILE_2:segments-39-40,15.991666666665761,0.0,40,0.46418628096580505,-0.002966940402984619,0.12346125394105911,0.045858529382407386,-0.06568350374653495,0.019816166341096418,,4,True,False,recoverable,0,False,RUNNING
46.69999999999799,5604,S4_FRONT_PAIR_ADVANCE,ADVANCE,v008_20260806_211408_578700_manual:S4_FRONT_PAIR_ADVANCE:ALTERNATE_PROFILE_2:segments-39-40,16.058333333332424,0.0,40,0.46497851610183716,-0.003008931875228882,0.1235973909497261,0.04639839196907669,-0.06578314660935126,0.019827102164123596,,4,True,False,recoverable,0,False,RUNNING
46.766666666664655,5612,S4_FRONT_PAIR_ADVANCE,ADVANCE,v008_20260806_211408_578700_manual:S4_FRONT_PAIR_ADVANCE:ALTERNATE_PROFILE_2:segments-39-40,16.124999999999087,0.0,40,0.4657641351222992,-0.0030448436737060547,0.12376252561807632,0.046910012630751466,-0.06604122541296406,0.01984435296598204,,4,True,False,recoverable,0,False,RUNNING
46.83333333333132,5620,S4_FRONT_PAIR_ADVANCE,ADVANCE,v008_20260806_211408_578700_manual:S4_FRONT_PAIR_ADVANCE:ALTERNATE_PROFILE_2:segments-39-40,16.19166666666575,0.0,40,0.4666060507297516,-0.003075540065765381,0.12392311543226242,0.04738883703589315,-0.06635583540723725,0.019871685657132276,,4,True,False,recoverable,0,False,RUNNING
46.89999999999798,5628,S4_FRONT_PAIR_ADVANCE,ADVANCE,v008_20260806_211408_578700_manual:S4_FRONT_PAIR_ADVANCE:ALTERNATE_PROFILE_2:segments-39-40,16.258333333332413,0.0,40,0.46747887134552,-0.003056153655052185,0.12402097135782242,0.04734617934751625,-0.06632094889401569,0.019874306365166666,,4,True,False,recoverable,0,False,RUNNING
46.96666666666464,5636,S4_FRONT_PAIR_ADVANCE,ADVANCE,v008_20260806_211408_578700_manual:S4_FRONT_PAIR_ADVANCE:ALTERNATE_PROFILE_2:segments-39-40,16.324999999999076,0.0,40,0.46837642788887024,-0.003030061721801758,0.12410520762205124,0.04727181113220211,-0.06631511292961942,0.01989024794777855,,4,True,False,recoverable,0,False,RUNNING
47.033333333331306,5644,S4_FRONT_PAIR_ADVANCE,ADVANCE,v008_20260806_211408_578700_manual:S4_FRONT_PAIR_ADVANCE:ALTERNATE_PROFILE_2:segments-39-40,16.39166666666574,0.0,40,0.46933019161224365,-0.0030083656311035156,0.1241823136806488,0.04723475088403819,-0.06636123871003731,0.019894996657392378,,4,True,False,recoverable,0,False,RUNNING
47.09999999999797,5652,S4_FRONT_PAIR_ADVANCE,ADVANCE,v008_20260806_211408_578700_manual:S4_FRONT_PAIR_ADVANCE:ALTERNATE_PROFILE_2:segments-39-40,16.4583333333324,0.0,40,0.4702727198600769,-0.0029818862676620483,0.1242189109325409,0.04715165126165989,-0.0663382357760686,0.019909031983437655,,4,True,False,recoverable,0,False,RUNNING
47.16666666666463,5660,S4_FRONT_PAIR_ADVANCE,ADVANCE,v008_20260806_211408_578700_manual:S4_FRONT_PAIR_ADVANCE:ALTERNATE_PROFILE_2:segments-39-40,16.524999999999064,0.0,40,0.4712675213813782,-0.0029643774032592773,0.12428227812051773,0.04712325438828615,-0.06646361165026644,0.019914297281031584,,4,True,False,recoverable,0,False,RUNNING
47.233333333331295,5668,S4_FRONT_PAIR_ADVANCE,ADVANCE,v008_20260806_211408_578700_manual:S4_FRONT_PAIR_ADVANCE:ALTERNATE_PROFILE_2:segments-39-40,16.591666666665727,0.0,40,0.4722452163696289,-0.0029419660568237305,0.12428506463766098,0.04706147733863403,-0.06645877906838647,0.0199385561863002,,4,True,False,recoverable,0,False,RUNNING
47.29999999999796,5676,S4_FRONT_PAIR_ADVANCE,ADVANCE,v008_20260806_211408_578700_manual:S4_FRONT_PAIR_ADVANCE:ALTERNATE_PROFILE_2:segments-39-40,16.65833333333239,0.0,40,0.47327345609664917,-0.0029183030128479004,0.1242649033665657,0.04699362278010937,-0.0664862912912358,0.019965622801077772,,4,True,False,recoverable,0,False,RUNNING
47.36666666666462,5684,S4_FRONT_PAIR_ADVANCE,ADVANCE,v008_20260806_211408_578700_manual:S4_FRONT_PAIR_ADVANCE:ALTERNATE_PROFILE_2:segments-39-40,16.724999999999053,0.0,40,0.4742770791053772,-0.002888992428779602,0.12425416707992554,0.04682926409146325,-0.06662030519036738,0.01999066434307076,,4,True,False,recoverable,0,False,RUNNING
47.433333333331284,5692,S4_FRONT_PAIR_ADVANCE,ADVANCE,v008_20260806_211408_578700_manual:S4_FRONT_PAIR_ADVANCE:ALTERNATE_PROFILE_2:segments-39-40,16.791666666665716,0.0,40,0.47515228390693665,-0.0028463155031204224,0.12425921112298965,0.04656862958432248,-0.06683273909491537,0.02000081970248848,,4,True,False,recoverable,0,False,RUNNING
47.49999999999795,5700,S4_FRONT_PAIR_ADVANCE,ADVANCE,v008_20260806_211408_578700_manual:S4_FRONT_PAIR_ADVANCE:ALTERNATE_PROFILE_2:segments-39-40,16.85833333333238,0.0,40,0.4760883152484894,-0.0028160959482192993,0.12427812814712524,0.046410818859306806,-0.06719502219717366,0.02003026878606193,,4,True,False,recoverable,0,False,RUNNING
47.56666666666461,5708,S4_FRONT_PAIR_ADVANCE,ADVANCE,v008_20260806_211408_578700_manual:S4_FRONT_PAIR_ADVANCE:ALTERNATE_PROFILE_2:segments-39-40,16.92499999999904,0.0,40,0.477046400308609,-0.002785295248031616,0.1242946982383728,0.04637339757562991,-0.0675685240915746,0.019999274701066008,,4,True,False,recoverable,0,False,RUNNING
47.63333333333127,5716,S4_FRONT_PAIR_ADVANCE,ADVANCE,v008_20260806_211408_578700_manual:S4_FRONT_PAIR_ADVANCE:ALTERNATE_PROFILE_2:segments-39-40,16.991666666665704,0.0,40,0.47804397344589233,-0.0027575939893722534,0.12428663671016693,0.04624473755873611,-0.06799570746384603,0.02002181075642002,,4,True,False,recoverable,0,False,RUNNING
47.699999999997935,5724,S4_FRONT_PAIR_ADVANCE,ADVANCE,v008_20260806_211408_578700_manual:S4_FRONT_PAIR_ADVANCE:ALTERNATE_PROFILE_2:segments-39-40,17.058333333332367,0.0,40,0.4790511429309845,-0.0027292966842651367,0.12424781173467636,0.046115882602229645,-0.0684024307332039,0.0200490913036718,,4,True,False,recoverable,0,False,RUNNING
47.7666666666646,5732,S4_FRONT_PAIR_ADVANCE,ADVANCE,v008_20260806_211408_578700_manual:S4_FRONT_PAIR_ADVANCE:ALTERNATE_PROFILE_2:segments-39-40,17.12499999999903,0.0,40,0.4800795912742615,-0.0026941001415252686,0.1242014616727829,0.0460547577332432,-0.06882952179406374,0.020042534689924785,,4,True,False,recoverable,0,False,RUNNING
47.83333333333126,5740,S4_FRONT_PAIR_ADVANCE,ADVANCE,v008_20260806_211408_578700_manual:S4_FRONT_PAIR_ADVANCE:ALTERNATE_PROFILE_2:segments-39-40,17.191666666665693,0.0,40,0.48113006353378296,-0.0026573091745376587,0.12410623580217361,0.04589309091105793,-0.06925714141070338,0.02005859256887474,,4,True,False,recoverable,0,False,RUNNING
47.899999999997924,5748,S4_FRONT_PAIR_ADVANCE,ADVANCE,v008_20260806_211408_578700_manual:S4_FRONT_PAIR_ADVANCE:ALTERNATE_PROFILE_2:segments-39-40,17.258333333332356,0.0,40,0.4819050431251526,-0.0027001500129699707,0.12417203933000565,0.04644870495940196,-0.0692749961025614,0.02007720913535152,,4,True,False,recoverable,0,False,RUNNING
47.96666666666459,5756,S4_FRONT_PAIR_ADVANCE,ADVANCE,v008_20260806_211408_578700_manual:S4_FRONT_PAIR_ADVANCE:ALTERNATE_PROFILE_2:segments-39-40,17.32499999999902,0.0,40,0.4827255308628082,-0.002757161855697632,0.12428425997495651,0.047131425786011955,-0.06938068639890095,0.020090850386078718,,4,True,False,recoverable,0,False,RUNNING
48.03333333333125,5764,S4_FRONT_PAIR_ADVANCE,ADVANCE,v008_20260806_211408_578700_manual:S4_FRONT_PAIR_ADVANCE:ALTERNATE_PROFILE_2:segments-39-40,17.39166666666568,0.0,40,0.48359906673431396,-0.002774849534034729,0.1243753433227539,0.047508836154339644,-0.06930179073252977,0.020110163331806572,,4,True,False,recoverable,0,False,RUNNING
48.09999999999791,5772,S4_FRONT_PAIR_ADVANCE,ADVANCE,v008_20260806_211408_578700_manual:S4_FRONT_PAIR_ADVANCE:ALTERNATE_PROFILE_2:segments-39-40,17.458333333332344,0.0,40,0.4845377206802368,-0.0027452707290649414,0.12440945208072662,0.047407203264681876,-0.0689241665715654,0.02013063337722397,,4,True,False,recoverable,0,False,RUNNING
48.166666666664575,5780,S4_FRONT_PAIR_ADVANCE,ADVANCE,v008_20260806_211408_578700_manual:S4_FRONT_PAIR_ADVANCE:ALTERNATE_PROFILE_2:segments-39-40,17.524999999999007,0.0,40,0.48550719022750854,-0.0027156174182891846,0.12442975491285324,0.04730247678039572,-0.06856299370752557,0.02014304071709648,,4,True,False,recoverable,0,False,RUNNING
48.23333333333124,5788,S4_FRONT_PAIR_ADVANCE,ADVANCE,v008_20260806_211408_578700_manual:S4_FRONT_PAIR_ADVANCE:ALTERNATE_PROFILE_2:segments-39-40,17.59166666666567,0.0,40,0.486507773399353,-0.0026880204677581787,0.12443969398736954,0.04722490637796064,-0.06822077536918686,0.02014884456996156,,4,True,False,recoverable,0,False,RUNNING
48.2999999999979,5796,S4_FRONT_PAIR_ADVANCE,ADVANCE,v008_20260806_211408_578700_manual:S4_FRONT_PAIR_ADVANCE:ALTERNATE_PROFILE_2:segments-39-40,17.658333333332333,0.0,40,0.4875476360321045,-0.002653345465660095,0.12443844228982925,0.04716801236921716,-0.06789578355424959,0.020143340706452986,,4,True,False,recoverable,0,False,RUNNING
48.366666666664564,5804,S4_FRONT_PAIR_ADVANCE,ADVANCE,v008_20260806_211408_578700_manual:S4_FRONT_PAIR_ADVANCE:ALTERNATE_PROFILE_2:segments-39-40,17.724999999998996,0.0,40,0.488597571849823,-0.002625197172164917,0.12441204488277435,0.04709892748007922,-0.06754771830025956,0.02015402889639792,,4,True,False,recoverable,0,False,RUNNING
48.43333333333123,5812,S4_FRONT_PAIR_ADVANCE,ADVANCE,v008_20260806_211408_578700_manual:S4_FRONT_PAIR_ADVANCE:ALTERNATE_PROFILE_2:segments-39-40,17.79166666666566,0.0,40,0.48966819047927856,-0.0025950968265533447,0.12436493486166,0.04703333327800662,-0.0671939429885912,0.020175082551554473,,4,True,False,recoverable,0,False,RUNNING
48.49999999999789,5820,S4_FRONT_PAIR_ADVANCE,ADVANCE,v008_20260806_211408_578700_manual:S4_FRONT_PAIR_ADVANCE:ALTERNATE_PROFILE_2:segments-39-40,17.85833333333232,0.0,40,0.4907788932323456,-0.0025740861892700195,0.12431646883487701,0.047033897716756284,-0.06688946010622099,0.020202570356305297,,4,True,False,recoverable,0,False,RUNNING
48.56666666666455,5828,S4_FRONT_PAIR_ADVANCE,ADVANCE,v008_20260806_211408_578700_manual:S4_FRONT_PAIR_ADVANCE:ALTERNATE_PROFILE_2:segments-39-40,17.924999999998985,0.0,40,0.49182504415512085,-0.002544716000556946,0.12428097426891327,0.0469364710786432,-0.0667155824337239,0.020203828861595934,,4,True,False,recoverable,0,False,RUNNING
48.633333333331215,5836,S4_FRONT_PAIR_ADVANCE,ADVANCE,v008_20260806_211408_578700_manual:S4_FRONT_PAIR_ADVANCE:ALTERNATE_PROFILE_2:segments-39-40,17.991666666665648,0.0,40,0.49266141653060913,-0.002513393759727478,0.1243354007601738,0.046786323924984136,-0.06682752345692244,0.020219538480270798,,4,True,False,recoverable,0,False,RUNNING
48.69999999999788,5844,S4_FRONT_PAIR_ADVANCE,ADVANCE,v008_20260806_211408_578700_manual:S4_FRONT_PAIR_ADVANCE:ALTERNATE_PROFILE_2:segments-39-40,18.05833333333231,0.0,40,0.4935677647590637,-0.0024864524602890015,0.12439193576574326,0.04666452643934334,-0.06704248213310599,0.020234782874768518,,4,True,False,recoverable,0,False,RUNNING
48.76666666666454,5852,S4_FRONT_PAIR_ADVANCE,ADVANCE,v008_20260806_211408_578700_manual:S4_FRONT_PAIR_ADVANCE:ALTERNATE_PROFILE_2:segments-39-40,18.124999999998973,0.0,40,0.49451079964637756,-0.002454429864883423,0.1244431734085083,0.04657253010179611,-0.06730112173097501,0.020245206445822724,,4,True,False,recoverable,0,False,RUNNING
48.833333333331204,5860,S4_FRONT_PAIR_ADVANCE,ADVANCE,v008_20260806_211408_578700_manual:S4_FRONT_PAIR_ADVANCE:ALTERNATE_PROFILE_2:segments-39-40,18.191666666665636,0.0,40,0.49547746777534485,-0.002426847815513611,0.12447919696569443,0.04651209420507195,-0.06758912863952422,0.02025689196317989,,4,True,False,recoverable,0,False,RUNNING
48.89999999999787,5868,S4_FRONT_PAIR_ADVANCE,ADVANCE,v008_20260806_211408_578700_manual:S4_FRONT_PAIR_ADVANCE:ALTERNATE_PROFILE_2:segments-39-40,18.2583333333323,0.0,40,0.49646568298339844,-0.002391636371612549,0.12447820603847504,0.04638718302075647,-0.06786251901781966,0.020261038191774987,,4,True,False,recoverable,0,False,RUNNING
48.96666666666453,5876,S4_FRONT_PAIR_ADVANCE,ADVANCE,v008_20260806_211408_578700_manual:S4_FRONT_PAIR_ADVANCE:ALTERNATE_PROFILE_2:segments-39-40,18.324999999998962,0.0,40,0.4974789023399353,-0.0023534148931503296,0.12446130812168121,0.04626302949569436,-0.06816515341492227,0.020293678884586053,,4,True,False,recoverable,0,False,RUNNING
49.03333333333119,5884,S4_FRONT_PAIR_ADVANCE,ADVANCE,v008_20260806_211408_578700_manual:S4_FRONT_PAIR_ADVANCE:ALTERNATE_PROFILE_2:segments-39-40,18.391666666665625,0.0,40,0.49851182103157043,-0.0023165494203567505,0.12442632764577866,0.04617271536667336,-0.06846153769040832,0.02028746360231975,,4,True,False,recoverable,0,False,RUNNING
49.099999999997856,5892,S4_FRONT_PAIR_ADVANCE,ADVANCE,v008_20260806_211408_578700_manual:S4_FRONT_PAIR_ADVANCE:ALTERNATE_PROFILE_2:segments-39-40,18.458333333332288,0.0,40,0.49957823753356934,-0.00228312611579895,0.12437234818935394,0.046115412802540785,-0.06876031103446313,0.020275942196100953,,4,True,False,recoverable,0,False,RUNNING
49.16666666666452,5900,S4_FRONT_PAIR_ADVANCE,ADVANCE,v008_20260806_211408_578700_manual:S4_FRONT_PAIR_ADVANCE:ALTERNATE_PROFILE_2:segments-39-40,18.52499999999895,0.0,40,0.5006741881370544,-0.002222195267677307,0.12424451857805252,0.04576296491118623,-0.06888862298149522,0.020275941614853524,,4,True,False,recoverable,0,False,RUNNING
49.23333333333118,5908,S4_FRONT_PAIR_ADVANCE,ADVANCE,v008_20260806_211408_578700_manual:S4_FRONT_PAIR_ADVANCE:ALTERNATE_PROFILE_2:segments-39-40,18.591666666665613,0.0,40,0.5016881227493286,-0.0021929889917373657,0.12418052554130554,0.0458047208714183,-0.06891901855638057,0.020267567937153546,,4,True,False,recoverable,0,False,RUNNING
49.299999999997844,5916,S4_FRONT_PAIR_ADVANCE,ADVANCE,v008_20260806_211408_578700_manual:S4_FRONT_PAIR_ADVANCE:ALTERNATE_PROFILE_2:segments-39-40,18.658333333332276,0.0,40,0.5026509165763855,-0.0022120773792266846,0.12420256435871124,0.046181591026580524,-0.06890259029800283,0.020304937771643536,,4,True,False,recoverable,0,False,RUNNING
49.36666666666451,5924,S4_FRONT_PAIR_ADVANCE,ADVANCE,v008_20260806_211408_578700_manual:S4_FRONT_PAIR_ADVANCE:ALTERNATE_PROFILE_2:segments-39-40,18.72499999999894,0.0,40,0.5036647319793701,-0.0022292137145996094,0.12420844286680222,0.046534508984118796,-0.06890912245892966,0.020322029804789428,,4,True,False,recoverable,0,False,RUNNING
49.43333333333117,5932,S4_FRONT_PAIR_ADVANCE,ADVANCE,v008_20260806_211408_578700_manual:S4_FRONT_PAIR_ADVANCE:ALTERNATE_PROFILE_2:segments-39-40,18.791666666665602,0.0,40,0.5047004222869873,-0.0022430419921875,0.12419700622558594,0.046885644934244984,-0.06893374440614261,0.02035074766184445,,4,True,False,recoverable,0,False,RUNNING
49.49999999999783,5940,S4_FRONT_PAIR_ADVANCE,ADVANCE,v008_20260806_211408_578700_manual:S4_FRONT_PAIR_ADVANCE:ALTERNATE_PROFILE_2:segments-39-40,18.858333333332265,0.0,40,0.5057341456413269,-0.0022569894790649414,0.12416472285985947,0.04721738903138766,-0.06893612031875354,0.020378330795776417,,4,True,False,recoverable,0,False,RUNNING
49.566666666664496,5948,S4_FRONT_PAIR_ADVANCE,ADVANCE,v008_20260806_211408_578700_manual:S4_FRONT_PAIR_ADVANCE:ALTERNATE_PROFILE_2:segments-39-40,18.924999999998928,0.0,40,0.506778359413147,-0.002281278371810913,0.12414953112602234,0.04761249678529403,-0.06897071030520018,0.020379899659378142,,4,True,False,recoverable,0,False,RUNNING
49.63333333333116,5956,S4_FRONT_PAIR_ADVANCE,ADVANCE,v008_20260806_211408_578700_manual:S4_FRONT_PAIR_ADVANCE:ALTERNATE_PROFILE_2:segments-39-40,18.99166666666559,0.0,40,0.5076984763145447,-0.00232851505279541,0.12417267262935638,0.04821868994136013,-0.06878097436853309,0.02039019313441828,,4,True,False,recoverable,0,False,RUNNING
49.69999999999782,5964,S4_FRONT_PAIR_ADVANCE,ADVANCE,v008_20260806_211408_578700_manual:S4_FRONT_PAIR_ADVANCE:ALTERNATE_PROFILE_2:segments-39-40,19.058333333332254,0.0,40,0.5086714029312134,-0.00237978994846344,0.1241937205195427,0.04893896192139472,-0.06863240920619598,0.020420502247043164,,4,True,False,recoverable,0,False,RUNNING
49.766666666664484,5972,S4_FRONT_PAIR_ADVANCE,ADVANCE,v008_20260806_211408_578700_manual:S4_FRONT_PAIR_ADVANCE:ALTERNATE_PROFILE_2:segments-39-40,19.124999999998916,0.0,40,0.5096470713615417,-0.002423688769340515,0.12427563220262527,0.049660712336804864,-0.06860292465375496,0.02043734261639552,,4,True,False,recoverable,0,False,RUNNING
49.83333333333115,5980,S4_FRONT_PAIR_ADVANCE,ADVANCE,v008_20260806_211408_578700_manual:S4_FRONT_PAIR_ADVANCE:ALTERNATE_PROFILE_2:segments-39-40,19.19166666666558,0.0,40,0.510530948638916,-0.002422705292701721,0.12431416660547256,0.04987348677275334,-0.0684552019261081,0.02045942514693495,,4,True,False,recoverable,0,False,RUNNING
49.89999999999781,5988,S4_FRONT_PAIR_ADVANCE,ADVANCE,v008_20260806_211408_578700_manual:S4_FRONT_PAIR_ADVANCE:ALTERNATE_PROFILE_2:segments-39-40,19.258333333332242,0.0,40,0.5114267468452454,-0.0024164170026779175,0.12438493221998215,0.0500444210589515,-0.06847313968193007,0.020477734990232505,,4,True,False,recoverable,0,False,RUNNING
49.96666666666447,5996,S4_FRONT_PAIR_ADVANCE,ADVANCE,v008_20260806_211408_578700_manual:S4_FRONT_PAIR_ADVANCE:ALTERNATE_PROFILE_2:segments-39-40,19.324999999998905,0.0,40,0.5122324824333191,-0.002408236265182495,0.12451334297657013,0.05017083006308222,-0.06868714202892488,0.02049278601792437,,4,True,False,recoverable,0,False,RUNNING
50.033333333331136,6004,S4_FRONT_PAIR_ADVANCE,ADVANCE,v008_20260806_211408_578700_manual:S4_FRONT_PAIR_ADVANCE:ALTERNATE_PROFILE_2:segments-39-40,19.391666666665568,0.0,40,0.5130846500396729,-0.00240132212638855,0.12463129311800003,0.050298435804240156,-0.06898137480210777,0.020511427162220666,,4,True,False,recoverable,0,False,RUNNING
50.0999999999978,6012,S4_FRONT_PAIR_ADVANCE,ADVANCE,v008_20260806_211408_578700_manual:S4_FRONT_PAIR_ADVANCE:ALTERNATE_PROFILE_2:segments-39-40,19.45833333333223,0.0,40,0.513962984085083,-0.0023991763591766357,0.12475839257240295,0.05050705474470733,-0.06932111156503738,0.020523146157251104,,4,True,False,recoverable,0,False,RUNNING
50.16666666666446,6020,S4_FRONT_PAIR_ADVANCE,ADVANCE,v008_20260806_211408_578700_manual:S4_FRONT_PAIR_ADVANCE:ALTERNATE_PROFILE_2:segments-39-40,19.524999999998894,0.0,40,0.5148687958717346,-0.002391904592514038,0.1248619332909584,0.05067357100454832,-0.06969538447035813,0.02054903360769539,,4,True,False,recoverable,0,False,RUNNING
50.233333333331124,6028,S4_FRONT_PAIR_ADVANCE,ADVANCE,v008_20260806_211408_578700_manual:S4_FRONT_PAIR_ADVANCE:ALTERNATE_PROFILE_2:segments-39-40,19.591666666665557,0.0,40,0.5157947540283203,-0.002401188015937805,0.1249791756272316,0.05099319202905672,-0.07011673040433063,0.020555076327347755,,4,True,False,recoverable,0,False,RUNNING
50.29999999999779,6036,S4_FRONT_PAIR_ADVANCE,ADVANCE,v008_20260806_211408_578700_manual:S4_FRONT_PAIR_ADVANCE:ALTERNATE_PROFILE_2:segments-39-40,19.65833333333222,0.0,40,0.5167459845542908,-0.00240170955657959,0.12504994869232178,0.051246052854320726,-0.07050544970184773,0.020579273439960747,,4,True,False,recoverable,0,False,RUNNING
50.36666666666445,6044,S4_FRONT_PAIR_ADVANCE,ADVANCE,v008_20260806_211408_578700_manual:S4_FRONT_PAIR_ADVANCE:ALTERNATE_PROFILE_2:segments-39-40,19.724999999998882,0.0,40,0.5177115201950073,-0.0023488849401474,0.12507104873657227,0.05100754670727929,-0.07057019212471706,0.02061976365207555,,4,True,False,recoverable,0,False,RUNNING
50.43333333333111,6052,S4_FRONT_PAIR_ADVANCE,ADVANCE,v008_20260806_211408_578700_manual:S4_FRONT_PAIR_ADVANCE:ALTERNATE_PROFILE_2:segments-39-40,19.791666666665545,0.0,40,0.5187335014343262,-0.0022540390491485596,0.12500502169132233,0.050351425303388916,-0.07029931524128477,0.02060555823289903,,4,True,False,recoverable,0,False,RUNNING
50.499999999997776,6060,S4_FRONT_PAIR_ADVANCE,ADVANCE,v008_20260806_211408_578700_manual:S4_FRONT_PAIR_ADVANCE:ALTERNATE_PROFILE_2:segments-39-40,19.858333333332208,0.0,40,0.5197670459747314,-0.0021543800830841064,0.12490526586771011,0.04964201805766964,-0.07002275338192102,0.020616418527835207,,4,True,False,recoverable,0,False,RUNNING
50.56666666666444,6068,S4_FRONT_PAIR_ADVANCE,ADVANCE,v008_20260806_211408_578700_manual:S4_FRONT_PAIR_ADVANCE:ALTERNATE_PROFILE_2:segments-39-40,19.92499999999887,0.0,40,0.5208245515823364,-0.0020652860403060913,0.12479007244110107,0.04891547860450549,-0.06976714756127,0.020589890190897155,,4,True,False,recoverable,0,False,RUNNING
50.6333333333311,6076,S4_FRONT_PAIR_ADVANCE,ADVANCE,v008_20260806_211408_578700_manual:S4_FRONT_PAIR_ADVANCE:ALTERNATE_PROFILE_2:segments-39-40,19.991666666665534,0.0,40,0.5219203233718872,-0.001961052417755127,0.12463242560625076,0.048120615547815326,-0.06950484746338047,0.020594615517870632,,4,True,False,recoverable,0,False,RUNNING
50.699999999997765,6084,S4_FRONT_PAIR_ADVANCE,ADVANCE,v008_20260806_211408_578700_manual:S4_FRONT_PAIR_ADVANCE:ALTERNATE_PROFILE_2:segments-39-40,20.058333333332197,0.0,40,0.5230453610420227,-0.0018588006496429443,0.12446483224630356,0.047342357062510845,-0.06927247337014095,0.02061740089369582,,4,True,False,recoverable,0,False,RUNNING
50.76666666666443,6092,S4_FRONT_PAIR_ADVANCE,ADVANCE,v008_20260806_211408_578700_manual:S4_FRONT_PAIR_ADVANCE:ALTERNATE_PROFILE_2:segments-39-40,20.12499999999886,0.0,40,0.5242040753364563,-0.0017622411251068115,0.12427006661891937,0.04658510265567935,-0.06902045011039984,0.02061832023163175,,4,True,False,recoverable,0,False,RUNNING
50.83333333333109,6100,S4_FRONT_PAIR_ADVANCE,ADVANCE,v008_20260806_211408_578700_manual:S4_FRONT_PAIR_ADVANCE:ALTERNATE_PROFILE_2:segments-39-40,20.191666666665522,0.0,40,0.5253089070320129,-0.0016995519399642944,0.12414167076349258,0.04621022028129277,-0.06871534273591245,0.02063602559932198,,4,True,False,recoverable,0,False,RUNNING
50.89999999999775,6108,S4_FRONT_PAIR_ADVANCE,ADVANCE,v008_20260806_211408_578700_manual:S4_FRONT_PAIR_ADVANCE:ALTERNATE_PROFILE_2:segments-39-40,20.258333333332185,0.0,40,0.5264295935630798,-0.001646965742111206,0.12403149157762527,0.04597469149670124,-0.06841103207961013,0.020628896760925417,,4,True,False,recoverable,0,False,RUNNING
50.966666666664416,6116,S4_FRONT_PAIR_ADVANCE,ADVANCE,v008_20260806_211408_578700_manual:S4_FRONT_PAIR_ADVANCE:ALTERNATE_PROFILE_2:segments-39-40,20.324999999998848,0.0,40,0.5275698900222778,-0.001581430435180664,0.12388351559638977,0.04561496563914434,-0.06809806492420502,0.020644823494798806,,4,True,False,recoverable,0,False,RUNNING
51.03333333333108,6124,S4_FRONT_PAIR_ADVANCE,ADVANCE,v008_20260806_211408_578700_manual:S4_FRONT_PAIR_ADVANCE:ALTERNATE_PROFILE_2:segments-39-40,20.39166666666551,0.0,40,0.5284889340400696,-0.00151805579662323,0.12383938580751419,0.045193728649113134,-0.06813005372085498,0.020652210365079658,,4,True,False,recoverable,0,False,RUNNING
51.09999999999774,6132,S4_FRONT_PAIR_ADVANCE,ADVANCE,v008_20260806_211408_578700_manual:S4_FRONT_PAIR_ADVANCE:ALTERNATE_PROFILE_2:segments-39-40,20.458333333332174,0.0,40,0.5294749736785889,-0.001454472541809082,0.12379664927721024,0.04480442146545023,-0.06823321783354044,0.020649074759598398,,4,True,False,recoverable,0,False,RUNNING
51.166666666664405,6140,S4_FRONT_PAIR_ADVANCE,ADVANCE,v008_20260806_211408_578700_manual:S4_FRONT_PAIR_ADVANCE:ALTERNATE_PROFILE_2:segments-39-40,20.524999999998837,0.0,40,0.5304185152053833,-0.0014049261808395386,0.12378368526697159,0.04453723438190859,-0.06823271960583849,0.020658921962549863,,4,True,False,recoverable,0,False,RUNNING
51.23333333333107,6148,S4_FRONT_PAIR_ADVANCE,ADVANCE,v008_20260806_211408_578700_manual:S4_FRONT_PAIR_ADVANCE:ALTERNATE_PROFILE_2:segments-39-40,20.5916666666655,0.0,40,0.5312713980674744,-0.0013855695724487305,0.12382986396551132,0.04458652232381429,-0.06805055236547562,0.02066360100877796,,4,True,False,recoverable,0,False,RUNNING
51.29999999999773,6156,S4_FRONT_PAIR_ADVANCE,ADVANCE,v008_20260806_211408_578700_manual:S4_FRONT_PAIR_ADVANCE:ALTERNATE_PROFILE_2:segments-39-40,20.658333333332163,0.0,40,0.5321992039680481,-0.001364588737487793,0.12388932704925537,0.04468578782623831,-0.06801855021941329,0.020679497993981492,,4,True,False,recoverable,0,False,RUNNING
51.36666666666439,6164,S4_FRONT_PAIR_ADVANCE,ADVANCE,v008_20260806_211408_578700_manual:S4_FRONT_PAIR_ADVANCE:ALTERNATE_PROFILE_2:segments-39-40,20.724999999998825,0.0,40,0.5331495404243469,-0.00134982168674469,0.12393607944250107,0.04479369768834381,-0.06803460916689155,0.020708268459601532,,4,True,False,recoverable,0,False,RUNNING
51.433333333331056,6172,S4_FRONT_PAIR_ADVANCE,ADVANCE,v008_20260806_211408_578700_manual:S4_FRONT_PAIR_ADVANCE:ALTERNATE_PROFILE_2:segments-39-40,20.79166666666549,0.0,40,0.5341395139694214,-0.0013314485549926758,0.12397020310163498,0.04491797819598075,-0.06807967579390027,0.02073116319033454,,4,True,False,recoverable,0,False,RUNNING
51.49999999999772,6180,S4_FRONT_PAIR_ADVANCE,ADVANCE,v008_20260806_211408_578700_manual:S4_FRONT_PAIR_ADVANCE:ALTERNATE_PROFILE_2:segments-39-40,20.85833333333215,0.0,40,0.5351284146308899,-0.0013125836849212646,0.12398111820220947,0.0450154109313628,-0.06811934335245164,0.02076080044347708,,4,True,False,recoverable,0,False,RUNNING
51.56666666666438,6188,S4_FRONT_PAIR_ADVANCE,ADVANCE,v008_20260806_211408_578700_manual:S4_FRONT_PAIR_ADVANCE:ALTERNATE_PROFILE_2:segments-39-40,20.924999999998814,0.0,40,0.5361543893814087,-0.001298263669013977,0.12398180365562439,0.045176291329426535,-0.06818870789491593,0.020797313672069932,,4,True,False,recoverable,0,False,RUNNING
51.633333333331045,6196,S4_FRONT_PAIR_ADVANCE,ADVANCE,v008_20260806_211408_578700_manual:S4_FRONT_PAIR_ADVANCE:ALTERNATE_PROFILE_2:segments-39-40,20.991666666665477,0.0,40,0.5371479988098145,-0.0012810379266738892,0.12396881729364395,0.045298926667481344,-0.06812287553000566,0.020821057487330447,,4,True,False,recoverable,0,False,RUNNING
51.69999999999771,6204,S4_FRONT_PAIR_ADVANCE,ADVANCE,v008_20260806_211408_578700_manual:S4_FRONT_PAIR_ADVANCE:ALTERNATE_PROFILE_2:segments-39-40,21.05833333333214,0.0,40,0.538083553314209,-0.0013041198253631592,0.12403395026922226,0.04574091494694574,-0.06800402248461801,0.02083055799770971,,4,True,False,recoverable,0,False,RUNNING
51.76666666666437,6212,S4_FRONT_PAIR_ADVANCE,ADVANCE,v008_20260806_211408_578700_manual:S4_FRONT_PAIR_ADVANCE:ALTERNATE_PROFILE_2:segments-39-40,21.124999999998803,0.0,40,0.5390337109565735,-0.001330062747001648,0.12409014999866486,0.04621315055137639,-0.06785877813258773,0.020858051214795663,,4,True,False,recoverable,0,False,RUNNING
51.83333333333103,6220,S4_FRONT_PAIR_ADVANCE,ADVANCE,v008_20260806_211408_578700_manual:S4_FRONT_PAIR_ADVANCE:ALTERNATE_PROFILE_2:segments-39-40,21.191666666665466,0.0,40,0.5400431752204895,-0.001364976167678833,0.12417099624872208,0.04679348882851239,-0.06784994797749878,0.02085230906955886,,4,True,False,recoverable,0,False,RUNNING
51.899999999997696,6228,S4_FRONT_PAIR_ADVANCE,ADVANCE,v008_20260806_211408_578700_manual:S4_FRONT_PAIR_ADVANCE:ALTERNATE_PROFILE_2:segments-39-40,21.25833333333213,0.0,40,0.5410795211791992,-0.001409783959388733,0.12423689663410187,0.04746475066262936,-0.06782160766449641,0.020886201141944893,,4,True,False,recoverable,0,False,RUNNING
51.96666666666436,6236,S4_FRONT_PAIR_ADVANCE,ADVANCE,v008_20260806_211408_578700_manual:S4_FRONT_PAIR_ADVANCE:ALTERNATE_PROFILE_2:segments-39-40,21.32499999999879,0.0,40,0.5421227216720581,-0.0014418363571166992,0.12426713109016418,0.048085943419129584,-0.06774999651992623,0.02089803630759324,,4,True,False,recoverable,0,False,RUNNING
52.03333333333102,6244,S4_FRONT_PAIR_ADVANCE,ADVANCE,v008_20260806_211408_578700_manual:S4_FRONT_PAIR_ADVANCE:ALTERNATE_PROFILE_2:segments-39-40,21.391666666665454,0.0,40,0.5431761741638184,-0.0014745742082595825,0.12427455931901932,0.04871881520221488,-0.06766062339850505,0.020911486088914456,,4,True,False,recoverable,0,False,RUNNING
52.099999999997685,6252,S4_FRONT_PAIR_ADVANCE,ADVANCE,v008_20260806_211408_578700_manual:S4_FRONT_PAIR_ADVANCE:ALTERNATE_PROFILE_2:segments-39-40,21.458333333332117,0.0,40,0.5442468523979187,-0.0015099197626113892,0.12428221106529236,0.04933375920659791,-0.06767979848198691,0.02092146705687036,,4,True,False,recoverable,0,False,RUNNING
52.16666666666435,6260,S4_FRONT_PAIR_ADVANCE,ADVANCE,v008_20260806_211408_578700_manual:S4_FRONT_PAIR_ADVANCE:ALTERNATE_PROFILE_2:segments-39-40,21.52499999999878,0.0,40,0.5449679493904114,-0.0015015900135040283,0.12437014281749725,0.04939600638307429,-0.06778157055710027,0.020890907165361947,,4,True,False,recoverable,0,False,RUNNING
52.23333333333101,6268,S4_FRONT_PAIR_ADVANCE,ADVANCE,v008_20260806_211408_578700_manual:S4_FRONT_PAIR_ADVANCE:ALTERNATE_PROFILE_2:segments-39-40,21.591666666665443,0.0,40,0.5457944869995117,-0.0014330893754959106,0.12442300468683243,0.04897958110691801,-0.06769491278815075,0.0208903415360217,,4,True,False,recoverable,0,False,RUNNING
52.299999999997674,6276,S4_FRONT_PAIR_ADVANCE,ADVANCE,v008_20260806_211408_578700_manual:S4_FRONT_PAIR_ADVANCE:ALTERNATE_PROFILE_2:segments-39-40,21.658333333332106,0.0,40,0.5466729402542114,-0.0013626515865325928,0.12445750087499619,0.0484914240209905,-0.06767355002605036,0.020902934997252702,,4,True,False,recoverable,0,False,RUNNING
52.36666666666434,6284,S4_FRONT_PAIR_ADVANCE,ADVANCE,v008_20260806_211408_578700_manual:S4_FRONT_PAIR_ADVANCE:ALTERNATE_PROFILE_2:segments-39-40,21.72499999999877,0.0,40,0.547571063041687,-0.001306682825088501,0.12449689954519272,0.048108848480644735,-0.06769764826932914,0.020921913467709264,,4,True,False,recoverable,0,False,RUNNING
52.433333333331,6292,S4_FRONT_PAIR_ADVANCE,ADVANCE,v008_20260806_211408_578700_manual:S4_FRONT_PAIR_ADVANCE:ALTERNATE_PROFILE_2:segments-39-40,21.79166666666543,0.0,40,0.5485134124755859,-0.0012473762035369873,0.12452566623687744,0.04768322538829169,-0.06777724117444868,0.020949456034386544,,4,True,False,recoverable,0,False,RUNNING
52.49999999999766,6300,S4_FRONT_PAIR_ADVANCE,ADVANCE,v008_20260806_211408_578700_manual:S4_FRONT_PAIR_ADVANCE:ALTERNATE_PROFILE_2:segments-39-40,21.858333333332094,0.0,40,0.5494742393493652,-0.0011960119009017944,0.12453338503837585,0.04726051422164359,-0.06783198463257069,0.020950848419838134,,4,True,False,recoverable,0,False,RUNNING
52.566666666664325,6308,S4_FRONT_PAIR_ADVANCE,ADVANCE,v008_20260806_211408_578700_manual:S4_FRONT_PAIR_ADVANCE:ALTERNATE_PROFILE_2:segments-39-40,21.924999999998757,0.0,40,0.550443708896637,-0.0011332333087921143,0.12452658265829086,0.04686524587176297,-0.06792128951873337,0.020976106570034316,,4,True,False,recoverable,0,False,RUNNING
52.63333333333099,6316,S4_FRONT_PAIR_ADVANCE,ADVANCE,v008_20260806_211408_578700_manual:S4_FRONT_PAIR_ADVANCE:ALTERNATE_PROFILE_2:segments-39-40,21.99166666666542,0.0,40,0.5514757633209229,-0.0010722726583480835,0.12450861185789108,0.04646246262019853,-0.0680833064472281,0.02100487593003743,,4,True,False,recoverable,0,False,RUNNING
52.69999999999765,6324,S4_FRONT_PAIR_ADVANCE,ADVANCE,v008_20260806_211408_578700_manual:S4_FRONT_PAIR_ADVANCE:ALTERNATE_PROFILE_2:segments-39-40,22.058333333332083,0.0,40,0.5525232553482056,-0.0010131895542144775,0.12444697320461273,0.04608414017166764,-0.0681433032197331,0.020997638815251234,,4,True,False,recoverable,0,False,RUNNING
52.766666666664314,6332,S4_FRONT_PAIR_ADVANCE,ADVANCE,v008_20260806_211408_578700_manual:S4_FRONT_PAIR_ADVANCE:ALTERNATE_PROFILE_2:segments-39-40,22.124999999998746,0.0,40,0.5535982847213745,-0.0009488016366958618,0.12435439229011536,0.04565012977555672,-0.0682219490374891,0.02102173860940522,,4,True,False,recoverable,0,False,RUNNING
52.83333333333098,6340,S4_FRONT_PAIR_ADVANCE,ADVANCE,v008_20260806_211408_578700_manual:S4_FRONT_PAIR_ADVANCE:ALTERNATE_PROFILE_2:segments-39-40,22.19166666666541,0.0,40,0.5546917915344238,-0.0008870810270309448,0.12423507124185562,0.0452118135505705,-0.06828803101366585,0.021040370228469194,,4,True,False,recoverable,0,False,RUNNING
52.89999999999764,6348,S4_FRONT_PAIR_ADVANCE,ADVANCE,v008_20260806_211408_578700_manual:S4_FRONT_PAIR_ADVANCE:ALTERNATE_PROFILE_2:segments-39-40,22.25833333333207,0.0,40,0.5556349158287048,-0.0008699297904968262,0.12421199679374695,0.04527065825646407,-0.06811296300568336,0.02104991422306845,,4,True,False,recoverable,0,False,RUNNING
52.9666666666643,6356,S4_FRONT_PAIR_ADVANCE,ADVANCE,v008_20260806_211408_578700_manual:S4_FRONT_PAIR_ADVANCE:ALTERNATE_PROFILE_2:segments-39-40,22.324999999998735,0.0,40,0.5565531253814697,-0.0008790642023086548,0.12425390630960464,0.04556846839853862,-0.06791522453855854,0.021086265517500386,,4,True,False,recoverable,0,False,RUNNING
53.033333333330965,6364,S4_FRONT_PAIR_ADVANCE,ADVANCE,v008_20260806_211408_578700_manual:S4_FRONT_PAIR_ADVANCE:ALTERNATE_PROFILE_2:segments-39-40,22.391666666665397,0.0,40,0.5575210452079773,-0.0008935034275054932,0.12430089712142944,0.04590838171009243,-0.0677879016934171,0.021100894711822107,,4,True,False,recoverable,0,False,RUNNING
53.09999999999763,6372,S4_FRONT_PAIR_ADVANCE,ADVANCE,v008_20260806_211408_578700_manual:S4_FRONT_PAIR_ADVANCE:ALTERNATE_PROFILE_2:segments-39-40,22.45833333333206,0.0,40,0.5585294961929321,-0.0009028613567352295,0.1243453323841095,0.046295503072712886,-0.06770860353396294,0.02113118443532616,,4,True,False,recoverable,0,False,RUNNING
53.16666666666429,6380,S4_FRONT_PAIR_ADVANCE,ADVANCE,v008_20260806_211408_578700_manual:S4_FRONT_PAIR_ADVANCE:ALTERNATE_PROFILE_2:segments-39-40,22.524999999998723,0.0,40,0.5595502257347107,-0.0009190142154693604,0.12437111139297485,0.046677569031294476,-0.06762001723749572,0.021156004699555215,,4,True,False,recoverable,0,False,RUNNING
53.233333333330954,6388,S4_FRONT_PAIR_ADVANCE,ADVANCE,v008_20260806_211408_578700_manual:S4_FRONT_PAIR_ADVANCE:ALTERNATE_PROFILE_2:segments-39-40,22.591666666665386,0.0,40,0.5605769157409668,-0.0009375065565109253,0.12440625578165054,0.047091795466944024,-0.06761924780694632,0.02117403086732178,,4,True,False,recoverable,0,False,RUNNING
53.29999999999762,6396,S4_FRONT_PAIR_ADVANCE,ADVANCE,v008_20260806_211408_578700_manual:S4_FRONT_PAIR_ADVANCE:ALTERNATE_PROFILE_2:segments-39-40,22.65833333333205,0.0,40,0.5615405440330505,-0.0009548962116241455,0.12445319443941116,0.047507765495392255,-0.06770774662608174,0.021212842298716013,,4,True,False,recoverable,0,False,RUNNING
53.36666666666428,6404,S4_FRONT_PAIR_ADVANCE,ADVANCE,v008_20260806_211408_578700_manual:S4_FRONT_PAIR_ADVANCE:ALTERNATE_PROFILE_2:segments-39-40,22.724999999998712,0.0,40,0.5625407695770264,-0.0009779930114746094,0.12449522316455841,0.04796744476926333,-0.06783496311858817,0.02124918942093622,,4,True,False,recoverable,0,False,RUNNING
53.43333333333094,6412,S4_FRONT_PAIR_ADVANCE,ADVANCE,v008_20260806_211408_578700_manual:S4_FRONT_PAIR_ADVANCE:ALTERNATE_PROFILE_2:segments-39-40,22.791666666665375,0.0,40,0.5635844469070435,-0.001004546880722046,0.12454262375831604,0.0484958119976178,-0.06802363400039318,0.021274787706309705,,4,True,False,recoverable,0,False,RUNNING
53.499999999997605,6420,S4_FRONT_PAIR_ADVANCE,ADVANCE,v008_20260806_211408_578700_manual:S4_FRONT_PAIR_ADVANCE:ALTERNATE_PROFILE_2:segments-39-40,22.858333333332038,0.0,40,0.564638078212738,-0.0010320544242858887,0.12456931918859482,0.04903177581833176,-0.06821008787001213,0.021315044423674344,,4,True,False,recoverable,0,False,RUNNING
53.56666666666427,6428,S4_FRONT_PAIR_ADVANCE,ADVANCE,v008_20260806_211408_578700_manual:S4_FRONT_PAIR_ADVANCE:ALTERNATE_PROFILE_2:segments-39-40,22.9249999999987,0.0,40,0.5657038688659668,-0.0010614097118377686,0.12457092851400375,0.04956292174646335,-0.0683829250844535,0.021318117995662227,,4,True,False,recoverable,0,False,RUNNING
53.63333333333093,6436,S4_FRONT_PAIR_ADVANCE,ADVANCE,v008_20260806_211408_578700_manual:S4_FRONT_PAIR_ADVANCE:ALTERNATE_PROFILE_2:segments-39-40,22.991666666665363,0.0,40,0.566797137260437,-0.000995919108390808,0.124444380402565,0.04920291697970368,-0.06795166482300315,0.021337544776540027,,4,True,False,recoverable,0,False,RUNNING
53.699999999997594,6444,S4_FRONT_PAIR_ADVANCE,ADVANCE,v008_20260806_211408_578700_manual:S4_FRONT_PAIR_ADVANCE:ALTERNATE_PROFILE_2:segments-39-40,23.058333333332026,0.0,40,0.567947268486023,-0.0009183287620544434,0.12429367005825043,0.04874857228559257,-0.06745713672267856,0.021333002114005267,,4,True,False,recoverable,0,False,RUNNING
53.76666666666426,6452,S4_FRONT_PAIR_ADVANCE,ADVANCE,v008_20260806_211408_578700_manual:S4_FRONT_PAIR_ADVANCE:ALTERNATE_PROFILE_2:segments-39-40,23.12499999999869,0.0,40,0.5691275596618652,-0.0008392781019210815,0.12411020696163177,0.0482467228730596,-0.06696485386081562,0.021346417067066758,,4,True,False,recoverable,0,False,RUNNING
53.83333333333092,6460,S4_FRONT_PAIR_ADVANCE,ADVANCE,v008_20260806_211408_578700_manual:S4_FRONT_PAIR_ADVANCE:ALTERNATE_PROFILE_2:segments-39-40,23.191666666665352,0.0,40,0.5702866315841675,-0.0007487237453460693,0.12391360104084015,0.04765074260144145,-0.06653930198469646,0.02132514262711664,,4,True,False,recoverable,0,False,RUNNING
53.89999999999758,6468,S4_FRONT_PAIR_ADVANCE,ADVANCE,v008_20260806_211408_578700_manual:S4_FRONT_PAIR_ADVANCE:ALTERNATE_PROFILE_2:segments-39-40,23.258333333332015,0.0,40,0.5713078379631042,-0.0006501525640487671,0.12376176565885544,0.04694588477314077,-0.06635316778034817,0.021322959534742728,,4,True,False,recoverable,0,False,RUNNING
53.966666666664246,6476,S4_FRONT_PAIR_ADVANCE,ADVANCE,v008_20260806_211408_578700_manual:S4_FRONT_PAIR_ADVANCE:ALTERNATE_PROFILE_2:segments-39-40,23.324999999998678,0.0,40,0.5723761916160583,-0.000561937689781189,0.12362311035394669,0.046351448863077765,-0.06622808261379237,0.02130847948159095,,4,True,False,recoverable,0,False,RUNNING
54.03333333333091,6484,S4_FRONT_PAIR_ADVANCE,ADVANCE,v008_20260806_211408_578700_manual:S4_FRONT_PAIR_ADVANCE:ALTERNATE_PROFILE_2:segments-39-40,23.39166666666534,0.0,40,0.5734867453575134,-0.0004694312810897827,0.12345179170370102,0.04570699433190621,-0.06614235545056171,0.021312992817858825,,4,True,False,recoverable,0,False,RUNNING
54.09999999999757,6492,S4_FRONT_PAIR_ADVANCE,ADVANCE,v008_20260806_211408_578700_manual:S4_FRONT_PAIR_ADVANCE:ALTERNATE_PROFILE_2:segments-39-40,23.458333333332003,0.0,40,0.5746230483055115,-0.0003697127103805542,0.12322579324245453,0.044970325373817226,-0.06602450735990777,0.0213098337666615,,4,True,False,recoverable,0,False,RUNNING
54.166666666664234,6500,S4_FRONT_PAIR_ADVANCE,ADVANCE,v008_20260806_211408_578700_manual:S4_FRONT_PAIR_ADVANCE:ALTERNATE_PROFILE_2:segments-39-40,23.524999999998666,0.0,40,0.575780987739563,-0.0003023892641067505,0.12305490672588348,0.04444684592880234,-0.06606632376289157,0.02131709903313294,,4,True,False,recoverable,0,False,RUNNING
54.2333333333309,6508,S4_FRONT_PAIR_ADVANCE,ADVANCE,v008_20260806_211408_578700_manual:S4_FRONT_PAIR_ADVANCE:ALTERNATE_PROFILE_2:segments-39-40,23.59166666666533,0.0,40,0.5768024921417236,-0.00030015408992767334,0.12306102365255356,0.04461033937175578,-0.06612058262564141,0.021322301572995472,,4,True,False,recoverable,0,False,RUNNING
54.29999999999756,6516,S4_FRONT_PAIR_ADVANCE,ADVANCE,v008_20260806_211408_578700_manual:S4_FRONT_PAIR_ADVANCE:ALTERNATE_PROFILE_2:segments-39-40,23.658333333331992,0.0,40,0.5777373313903809,-0.00032167136669158936,0.12310577183961868,0.04496785482302425,-0.06588741253377797,0.02134994903323024,,4,True,False,recoverable,0,False,RUNNING
54.36666666666422,6524,S4_FRONT_PAIR_ADVANCE,ADVANCE,v008_20260806_211408_578700_manual:S4_FRONT_PAIR_ADVANCE:ALTERNATE_PROFILE_2:segments-39-40,23.724999999998655,0.0,40,0.5786473751068115,-0.00033795833587646484,0.12315551936626434,0.045365243725399566,-0.06567872547355687,0.021375054557919985,,4,True,False,recoverable,0,False,RUNNING
54.433333333330886,6532,S4_FRONT_PAIR_ADVANCE,ADVANCE,v008_20260806_211408_578700_manual:S4_FRONT_PAIR_ADVANCE:ALTERNATE_PROFILE_2:segments-39-40,23.791666666665318,0.0,40,0.5793189406394958,-0.0003113001585006714,0.12322206795215607,0.04527931213909351,-0.06565242947860706,0.02135854828035046,,4,True,False,recoverable,0,False,RUNNING
54.49999999999755,6540,S4_FRONT_PAIR_ADVANCE,ADVANCE,v008_20260806_211408_578700_manual:S4_FRONT_PAIR_ADVANCE:ALTERNATE_PROFILE_2:segments-39-40,23.85833333333198,0.0,40,0.5800496935844421,-0.00028955936431884766,0.1233130693435669,0.045249366887010575,-0.06585064594857847,0.021369159110231514,,4,True,False,recoverable,0,False,RUNNING
54.56666666666421,6548,S4_FRONT_PAIR_ADVANCE,ADVANCE,v008_20260806_211408_578700_manual:S4_FRONT_PAIR_ADVANCE:ALTERNATE_PROFILE_2:segments-39-40,23.924999999998644,0.0,40,0.5808495283126831,-0.0002754628658294678,0.12341777980327606,0.04530258087183526,-0.06619589172832002,0.02137636698722674,,4,True,False,recoverable,0,False,RUNNING
54.633333333330874,6556,S4_FRONT_PAIR_ADVANCE,ADVANCE,v008_20260806_211408_578700_manual:S4_FRONT_PAIR_ADVANCE:ALTERNATE_PROFILE_2:segments-39-40,23.991666666665306,0.0,40,0.581696629524231,-0.0002746284008026123,0.12355878949165344,0.045502979761678386,-0.06664549765755919,0.021373494471991838,,4,True,False,recoverable,0,False,RUNNING
54.69999999999754,6564,S4_FRONT_PAIR_ADVANCE,ADVANCE,v008_20260806_211408_578700_manual:S4_FRONT_PAIR_ADVANCE:ALTERNATE_PROFILE_2:segments-39-40,24.05833333333197,0.0,40,0.5825634002685547,-0.0002844482660293579,0.12369179725646973,0.04571102287736839,-0.0671165881368697,0.021348246355777825,,4,True,False,recoverable,0,False,RUNNING
54.7666666666642,6572,S4_FRONT_PAIR_ADVANCE,ADVANCE,v008_20260806_211408_578700_manual:S4_FRONT_PAIR_ADVANCE:ALTERNATE_PROFILE_2:segments-39-40,24.124999999998632,0.0,40,0.5834558010101318,-0.0002926290035247803,0.12382064759731293,0.045968829365435435,-0.06763470346958582,0.02135238188350855,,4,True,False,recoverable,0,False,RUNNING
54.83333333333086,6580,S4_FRONT_PAIR_ADVANCE,ADVANCE,v008_20260806_211408_578700_manual:S4_FRONT_PAIR_ADVANCE:ALTERNATE_PROFILE_2:segments-39-40,24.191666666665295,0.0,40,0.5843628644943237,-0.00029861927032470703,0.12393118441104889,0.04621920271432231,-0.06816613535850218,0.021367258915750503,,4,True,False,recoverable,0,False,RUNNING
54.899999999997526,6588,S4_FRONT_PAIR_ADVANCE,ADVANCE,v008_20260806_211408_578700_manual:S4_FRONT_PAIR_ADVANCE:ALTERNATE_PROFILE_2:segments-39-40,24.258333333331958,0.0,40,0.5852934122085571,-0.0002507716417312622,0.12397096306085587,0.04599436992168098,-0.0683578691653562,0.021370007294380697,,4,True,False,recoverable,0,False,RUNNING
54.96666666666419,6596,S4_FRONT_PAIR_ADVANCE,ADVANCE,v008_20260806_211408_578700_manual:S4_FRONT_PAIR_ADVANCE:ALTERNATE_PROFILE_2:segments-39-40,24.32499999999862,0.0,40,0.5862364172935486,-0.00018711388111114502,0.12398631870746613,0.045601502971692694,-0.06840095385393101,0.02139897199407468,,4,True,False,recoverable,0,False,RUNNING
55.03333333333085,6604,S4_FRONT_PAIR_ADVANCE,ADVANCE,v008_20260806_211408_578700_manual:S4_FRONT_PAIR_ADVANCE:ALTERNATE_PROFILE_2:segments-39-40,24.391666666665284,0.0,40,0.5872288346290588,-0.00011393427848815918,0.12398023158311844,0.04515888760725171,-0.06847530342090026,0.02140285290951475,,4,True,False,recoverable,0,False,RUNNING
55.099999999997515,6612,S4_FRONT_PAIR_ADVANCE,ADVANCE,v008_20260806_211408_578700_manual:S4_FRONT_PAIR_ADVANCE:ALTERNATE_PROFILE_2:segments-39-40,24.458333333331947,0.0,40,0.5882230997085571,-5.0440430641174316e-05,0.12395860999822617,0.044755762897953424,-0.06851227191014904,0.021383152861531366,,4,True,False,recoverable,0,False,RUNNING
55.16666666666418,6620,S4_FRONT_PAIR_ADVANCE,ADVANCE,v008_20260806_211408_578700_manual:S4_FRONT_PAIR_ADVANCE:ALTERNATE_PROFILE_2:segments-39-40,24.52499999999861,0.0,40,0.5892524719238281,2.759695053100586e-05,0.12386438250541687,0.04427381230312728,-0.06846056953648579,0.0214016187748674,,4,True,False,recoverable,0,False,RUNNING
55.23333333333084,6628,S4_FRONT_PAIR_ADVANCE,ADVANCE,v008_20260806_211408_578700_manual:S4_FRONT_PAIR_ADVANCE:ALTERNATE_PROFILE_2:segments-39-40,24.591666666665272,0.0,40,0.5902701616287231,8.404254913330078e-05,0.12381332367658615,0.04397223058646658,-0.06845429788481255,0.021383016308960466,,4,True,False,recoverable,0,False,RUNNING
55.2999999999975,6636,S4_FRONT_PAIR_ADVANCE,ADVANCE,v008_20260806_211408_578700_manual:S4_FRONT_PAIR_ADVANCE:ALTERNATE_PROFILE_2:segments-39-40,24.658333333331935,0.0,40,0.5911473035812378,8.29845666885376e-05,0.12388135492801666,0.044206342289117795,-0.06827574941233888,0.021402724317714675,,4,True,False,recoverable,0,False,RUNNING
55.366666666664166,6644,S4_FRONT_PAIR_ADVANCE,ADVANCE,v008_20260806_211408_578700_manual:S4_FRONT_PAIR_ADVANCE:ALTERNATE_PROFILE_2:segments-39-40,24.724999999998598,0.0,40,0.592067301273346,8.149445056915283e-05,0.12394899129867554,0.0444499915425992,-0.06812089530128933,0.02140403559332653,,4,True,False,recoverable,0,False,RUNNING
55.43333333333083,6652,S4_FRONT_PAIR_ADVANCE,ADVANCE,v008_20260806_211408_578700_manual:S4_FRONT_PAIR_ADVANCE:ALTERNATE_PROFILE_2:segments-39-40,24.79166666666526,0.0,40,0.5930395126342773,7.706880569458008e-05,0.12403327226638794,0.044762382500860086,-0.06804156511087527,0.021401841215027455,,4,True,False,recoverable,0,False,RUNNING
55.49999999999749,6660,S4_FRONT_PAIR_ADVANCE,ADVANCE,v008_20260806_211408_578700_manual:S4_FRONT_PAIR_ADVANCE:ALTERNATE_PROFILE_2:segments-39-40,24.858333333331924,0.0,40,0.5940300226211548,7.286667823791504e-05,0.12409844994544983,0.04506320624303652,-0.06796659461618348,0.021413248174489488,,4,True,False,recoverable,0,False,RUNNING
55.566666666664155,6668,S4_FRONT_PAIR_ADVANCE,ADVANCE,v008_20260806_211408_578700_manual:S4_FRONT_PAIR_ADVANCE:ALTERNATE_PROFILE_2:segments-39-40,24.924999999998587,0.0,40,0.5950297117233276,6.781518459320068e-05,0.12413831800222397,0.04534789736779426,-0.06788494965630125,0.021429240860162815,,4,True,False,recoverable,0,False,RUNNING
55.63333333333082,6676,S4_FRONT_PAIR_ADVANCE,ADVANCE,v008_20260806_211408_578700_manual:S4_FRONT_PAIR_ADVANCE:ALTERNATE_PROFILE_2:segments-39-40,24.99166666666525,0.0,40,0.5960530042648315,6.392598152160645e-05,0.12416715919971466,0.04566866094130641,-0.06781297855781315,0.02144716292795541,,4,True,False,recoverable,0,False,RUNNING
55.69999999999748,6684,S4_FRONT_PAIR_ADVANCE,ADVANCE,v008_20260806_211408_578700_manual:S4_FRONT_PAIR_ADVANCE:ALTERNATE_PROFILE_2:segments-39-40,25.058333333331912,0.0,40,0.5971102118492126,5.3375959396362305e-05,0.12420402467250824,0.04604482076961962,-0.06781271713061394,0.021445978950564538,,4,True,False,recoverable,0,False,RUNNING
55.76666666666414,6692,S4_FRONT_PAIR_ADVANCE,ADVANCE,v008_20260806_211408_578700_manual:S4_FRONT_PAIR_ADVANCE:ALTERNATE_PROFILE_2:segments-39-40,25.124999999998575,0.0,40,0.5980829000473022,5.7220458984375e-05,0.12421371042728424,0.046330196187249886,-0.06777685226534311,0.021451509044272492,,4,True,False,recoverable,0,False,RUNNING
55.833333333330806,6700,S4_FRONT_PAIR_ADVANCE,ADVANCE,v008_20260806_211408_578700_manual:S4_FRONT_PAIR_ADVANCE:ALTERNATE_PROFILE_2:segments-39-40,25.19166666666524,0.0,40,0.5990529656410217,3.215670585632324e-05,0.12425344437360764,0.04676388498437797,-0.06770794713715328,0.021481134673651536,,4,True,False,recoverable,0,False,RUNNING
55.89999999999747,6708,S4_FRONT_PAIR_ADVANCE,ADVANCE,v008_20260806_211408_578700_manual:S4_FRONT_PAIR_ADVANCE:ALTERNATE_PROFILE_2:segments-39-40,25.2583333333319,0.0,40,0.600055456161499,1.1324882507324219e-05,0.1242961511015892,0.047236651651511974,-0.06769128470064788,0.021511168036762226,,4,True,False,recoverable,0,False,RUNNING
55.96666666666413,6716,S4_FRONT_PAIR_ADVANCE,ADVANCE,v008_20260806_211408_578700_manual:S4_FRONT_PAIR_ADVANCE:ALTERNATE_PROFILE_2:segments-39-40,25.324999999998564,0.0,40,0.6010618209838867,2.5704503059387207e-05,0.1242842972278595,0.04733585447552621,-0.06739795075528596,0.02154587584708448,,4,True,False,recoverable,0,False,RUNNING
56.033333333330795,6724,S4_FRONT_PAIR_ADVANCE,ADVANCE,v008_20260806_211408_578700_manual:S4_FRONT_PAIR_ADVANCE:ALTERNATE_PROFILE_2:segments-39-40,25.391666666665227,0.0,40,0.6021268367767334,5.505979061126709e-05,0.12425284087657928,0.0472984218886262,-0.06700775408035925,0.021557046941451094,,4,True,False,recoverable,0,False,RUNNING
56.09999999999746,6732,S4_FRONT_PAIR_ADVANCE,ADVANCE,v008_20260806_211408_578700_manual:S4_FRONT_PAIR_ADVANCE:ALTERNATE_PROFILE_2:segments-39-40,25.45833333333189,0.0,40,0.6032347679138184,8.589029312133789e-05,0.12420099228620529,0.04724597383966893,-0.06664714746126348,0.021578905838929185,,4,True,False,recoverable,0,False,RUNNING
56.16666666666412,6740,S4_FRONT_PAIR_ADVANCE,ADVANCE,v008_20260806_211408_578700_manual:S4_FRONT_PAIR_ADVANCE:ALTERNATE_PROFILE_2:segments-39-40,25.524999999998553,0.0,40,0.6043634414672852,0.00011703372001647949,0.12413906306028366,0.04723890946418941,-0.06629487902306345,0.021592734668417234,,4,True,False,recoverable,0,False,RUNNING
56.23333333333078,6748,S4_FRONT_PAIR_ADVANCE,ADVANCE,v008_20260806_211408_578700_manual:S4_FRONT_PAIR_ADVANCE:ALTERNATE_PROFILE_2:segments-39-40,25.591666666665216,0.0,40,0.6054487228393555,0.00014929473400115967,0.12407159060239792,0.047162190854017,-0.06599839724934307,0.02160213005205094,,4,True,False,recoverable,0,False,RUNNING
56.299999999997446,6756,S4_FRONT_PAIR_ADVANCE,ADVANCE,v008_20260806_211408_578700_manual:S4_FRONT_PAIR_ADVANCE:ALTERNATE_PROFILE_2:segments-39-40,25.65833333333188,0.0,40,0.6062297224998474,0.00018246471881866455,0.12414849549531937,0.0470459441582171,-0.06613793642853348,0.021613747815631665,,4,True,False,recoverable,0,False,RUNNING
56.36666666666411,6764,S4_FRONT_PAIR_ADVANCE,ADVANCE,v008_20260806_211408_578700_manual:S4_FRONT_PAIR_ADVANCE:ALTERNATE_PROFILE_2:segments-39-40,25.72499999999854,0.0,40,0.6070868372917175,0.0002232193946838379,0.12421514838933945,0.04687925466015322,-0.06638643460647901,0.021617976466356784,,4,True,False,recoverable,0,False,RUNNING
56.43333333333077,6772,S4_FRONT_PAIR_ADVANCE,ADVANCE,v008_20260806_211408_578700_manual:S4_FRONT_PAIR_ADVANCE:ALTERNATE_PROFILE_2:segments-39-40,25.791666666665204,0.0,40,0.6079872846603394,0.00025756657123565674,0.12428143620491028,0.046750340625304115,-0.06669877500574278,0.02162443894721195,,4,True,False,recoverable,0,False,RUNNING
56.499999999997435,6780,S4_FRONT_PAIR_ADVANCE,ADVANCE,v008_20260806_211408_578700_manual:S4_FRONT_PAIR_ADVANCE:ALTERNATE_PROFILE_2:segments-39-40,25.858333333331867,0.0,40,0.6089291572570801,0.000299111008644104,0.1243310198187828,0.04660565263944698,-0.06705911118898884,0.021624051486550975,,4,True,False,recoverable,0,False,RUNNING
56.5666666666641,6788,S4_FRONT_PAIR_ADVANCE,ADVANCE,v008_20260806_211408_578700_manual:S4_FRONT_PAIR_ADVANCE:ALTERNATE_PROFILE_2:segments-39-40,25.92499999999853,0.0,40,0.6098982095718384,0.0003352910280227661,0.1243724375963211,0.046493701009423995,-0.06745822473659839,0.0216315301110954,,4,True,False,recoverable,0,False,RUNNING
56.63333333333076,6796,S4_FRONT_PAIR_ADVANCE,ADVANCE,v008_20260806_211408_578700_manual:S4_FRONT_PAIR_ADVANCE:ALTERNATE_PROFILE_2:segments-39-40,25.991666666665193,0.0,40,0.6108732223510742,0.00037031620740890503,0.12438385933637619,0.04644231372989108,-0.06781139103817287,0.021637224876624256,,4,True,False,recoverable,0,False,RUNNING
56.699999999997424,6804,S4_FRONT_PAIR_ADVANCE,ADVANCE,v008_20260806_211408_578700_manual:S4_FRONT_PAIR_ADVANCE:ALTERNATE_PROFILE_2:segments-39-40,26.058333333331856,0.0,40,0.6118642687797546,0.0004120767116546631,0.12437179684638977,0.04632351615371041,-0.06821500488493158,0.02166174655094459,,4,True,False,recoverable,0,False,RUNNING
56.76666666666409,6812,S4_FRONT_PAIR_ADVANCE,ADVANCE,v008_20260806_211408_578700_manual:S4_FRONT_PAIR_ADVANCE:ALTERNATE_PROFILE_2:segments-39-40,26.12499999999852,0.0,40,0.6128377914428711,0.0004453212022781372,0.12431184947490692,0.04618585134740485,-0.06853429596639078,0.021709531107735443,,4,True,False,recoverable,0,False,RUNNING
56.83333333333075,6820,S4_FRONT_PAIR_ADVANCE,ADVANCE,v008_20260806_211408_578700_manual:S4_FRONT_PAIR_ADVANCE:ALTERNATE_PROFILE_2:segments-39-40,26.19166666666518,0.0,40,0.6138660907745361,0.0004896968603134155,0.12425187975168228,0.0460138626793078,-0.06898313183602786,0.021724116903064486,,4,True,False,recoverable,0,False,RUNNING
56.89999999999741,6828,S4_FRONT_PAIR_ADVANCE,ADVANCE,v008_20260806_211408_578700_manual:S4_FRONT_PAIR_ADVANCE:ALTERNATE_PROFILE_2:segments-39-40,26.258333333331844,0.0,40,0.6149111390113831,0.0005372017621994019,0.12413866817951202,0.045809021506156636,-0.06933331358965932,0.021766434984595733,,4,True,False,recoverable,0,False,RUNNING
56.966666666664075,6836,S4_FRONT_PAIR_ADVANCE,ADVANCE,v008_20260806_211408_578700_manual:S4_FRONT_PAIR_ADVANCE:ALTERNATE_PROFILE_2:segments-39-40,26.324999999998507,0.0,40,0.6159873008728027,0.0005683451890945435,0.12402985244989395,0.04569513051045789,-0.06976881169075734,0.021775790911228842,,4,True,False,recoverable,0,False,RUNNING
57.03333333333074,6844,S4_FRONT_PAIR_ADVANCE,ADVANCE,v008_20260806_211408_578700_manual:S4_FRONT_PAIR_ADVANCE:ALTERNATE_PROFILE_2:segments-39-40,26.39166666666517,0.0,40,0.6169018149375916,0.0005617737770080566,0.12401393800973892,0.04609481921043278,-0.06989340234695475,0.021768925740664472,,4,True,False,recoverable,0,False,RUNNING
57.0999999999974,6852,S4_FRONT_PAIR_ADVANCE,ADVANCE,v008_20260806_211408_578700_manual:S4_FRONT_PAIR_ADVANCE:ALTERNATE_PROFILE_2:segments-39-40,26.458333333331833,0.0,40,0.6177159547805786,0.0005383267998695374,0.12406150251626968,0.04648903138797044,-0.06959735885313494,0.02179143011567179,,4,True,False,recoverable,0,False,RUNNING
57.166666666664064,6860,S4_FRONT_PAIR_ADVANCE,ADVANCE,v008_20260806_211408_578700_manual:S4_FRONT_PAIR_ADVANCE:ALTERNATE_PROFILE_2:segments-39-40,26.524999999998496,0.0,40,0.6186131834983826,0.0005703717470169067,0.12406355887651443,0.04640039553701378,-0.06904530076889667,0.021814927933178595,,4,True,False,recoverable,0,False,RUNNING
57.23333333333073,6868,S4_FRONT_PAIR_ADVANCE,ADVANCE,v008_20260806_211408_578700_manual:S4_FRONT_PAIR_ADVANCE:ALTERNATE_PROFILE_2:segments-39-40,26.59166666666516,0.0,40,0.619560718536377,0.0005964487791061401,0.12407882511615753,0.04636398790250091,-0.06856789491984286,0.021838486695667902,,4,True,False,recoverable,0,False,RUNNING
57.29999999999739,6876,S4_FRONT_PAIR_ADVANCE,ADVANCE,v008_20260806_211408_578700_manual:S4_FRONT_PAIR_ADVANCE:ALTERNATE_PROFILE_2:segments-39-40,26.65833333333182,0.0,40,0.6205753684043884,0.0006191954016685486,0.12412029504776001,0.04644405903909242,-0.06817612071383188,0.02185313363073664,,4,True,False,recoverable,0,False,RUNNING
57.36666666666405,6884,S4_FRONT_PAIR_ADVANCE,ADVANCE,v008_20260806_211408_578700_manual:S4_FRONT_PAIR_ADVANCE:ALTERNATE_PROFILE_2:segments-39-40,26.724999999998484,0.0,40,0.621599555015564,0.0006540045142173767,0.12412702292203903,0.04650773588814926,-0.06775626374979454,0.021835447688713778,,4,True,False,recoverable,0,False,RUNNING
57.433333333330715,6892,S4_FRONT_PAIR_ADVANCE,ADVANCE,v008_20260806_211408_578700_manual:S4_FRONT_PAIR_ADVANCE:ALTERNATE_PROFILE_2:segments-39-40,26.791666666665147,0.0,40,0.6226271986961365,0.0006750971078872681,0.1241031140089035,0.04649006695479581,-0.06730794222963414,0.021856119770623038,,4,True,False,recoverable,0,False,RUNNING
57.49999999999738,6900,S4_FRONT_PAIR_ADVANCE,ADVANCE,v008_20260806_211408_578700_manual:S4_FRONT_PAIR_ADVANCE:ALTERNATE_PROFILE_2:segments-39-40,26.85833333333181,0.0,40,0.623692512512207,0.0006944835186004639,0.12408215552568436,0.046549670919392855,-0.06689997003883856,0.02188441037584841,,4,True,False,recoverable,0,False,RUNNING
57.56666666666404,6908,S4_FRONT_PAIR_ADVANCE,ADVANCE,v008_20260806_211408_578700_manual:S4_FRONT_PAIR_ADVANCE:ALTERNATE_PROFILE_2:segments-39-40,26.924999999998473,0.0,40,0.62477707862854,0.0007103458046913147,0.12404315918684006,0.04661055954906145,-0.06646598778650938,0.021894419811126328,,4,True,False,recoverable,0,False,RUNNING
57.633333333330704,6916,S4_FRONT_PAIR_ADVANCE,ADVANCE,v008_20260806_211408_578700_manual:S4_FRONT_PAIR_ADVANCE:ALTERNATE_PROFILE_2:segments-39-40,26.991666666665136,0.0,40,0.6258804798126221,0.0007310733199119568,0.12398408353328705,0.0467010615288354,-0.06605298332433246,0.021908391266854548,,4,True,False,recoverable,0,False,RUNNING
57.69999999999737,6924,S4_FRONT_PAIR_ADVANCE,ADVANCE,v008_20260806_211408_578700_manual:S4_FRONT_PAIR_ADVANCE:ALTERNATE_PROFILE_2:segments-39-40,27.0583333333318,0.0,40,0.6267107129096985,0.000743381679058075,0.12404923886060715,0.04670265091312809,-0.06605556188972882,0.021927497633047882,,4,True,False,recoverable,0,False,RUNNING
57.76666666666403,6932,S4_FRONT_PAIR_ADVANCE,ADVANCE,v008_20260806_211408_578700_manual:S4_FRONT_PAIR_ADVANCE:ALTERNATE_PROFILE_2:segments-39-40,27.12499999999846,0.0,40,0.6275191903114319,0.0007608532905578613,0.12415539473295212,0.04671722540029171,-0.06626239029721444,0.021936670141108266,,4,True,False,recoverable,0,False,RUNNING
57.83333333333069,6940,S4_FRONT_PAIR_ADVANCE,ADVANCE,v008_20260806_211408_578700_manual:S4_FRONT_PAIR_ADVANCE:ALTERNATE_PROFILE_2:segments-39-40,27.191666666665125,0.0,40,0.6283832788467407,0.0007716938853263855,0.12426500022411346,0.04675365489064635,-0.06653567387270119,0.021952602139138556,,4,True,False,recoverable,0,False,RUNNING
57.899999999997355,6948,S4_FRONT_PAIR_ADVANCE,ADVANCE,v008_20260806_211408_578700_manual:S4_FRONT_PAIR_ADVANCE:ALTERNATE_PROFILE_2:segments-39-40,27.258333333331787,0.0,40,0.6292819380760193,0.0007890090346336365,0.12437135726213455,0.0468120750212071,-0.06687134149383925,0.021967861260322116,,4,True,False,recoverable,0,False,RUNNING
57.96666666666402,6956,S4_FRONT_PAIR_ADVANCE,ADVANCE,v008_20260806_211408_578700_manual:S4_FRONT_PAIR_ADVANCE:ALTERNATE_PROFILE_2:segments-39-40,27.32499999999845,0.0,40,0.6301937699317932,0.0007922425866127014,0.12446990609169006,0.04694102815676393,-0.06723718764278212,0.02197931446377804,,4,True,False,recoverable,0,False,RUNNING
58.03333333333068,6964,S4_FRONT_PAIR_ADVANCE,ADVANCE,v008_20260806_211408_578700_manual:S4_FRONT_PAIR_ADVANCE:ALTERNATE_PROFILE_2:segments-39-40,27.391666666665113,0.0,40,0.6311438679695129,0.0008069351315498352,0.12454383075237274,0.04702013501244952,-0.06761845079160352,0.021992840574841417,,4,True,False,recoverable,0,False,RUNNING
58.099999999997344,6972,S4_FRONT_PAIR_ADVANCE,ADVANCE,v008_20260806_211408_578700_manual:S4_FRONT_PAIR_ADVANCE:ALTERNATE_PROFILE_2:segments-39-40,27.458333333331776,0.0,40,0.632118284702301,0.0008198991417884827,0.12458633631467819,0.04713615946622304,-0.06796157652725603,0.021987520075940792,,4,True,False,recoverable,0,False,RUNNING
58.16666666666401,6980,S4_FRONT_PAIR_ADVANCE,ADVANCE,v008_20260806_211408_578700_manual:S4_FRONT_PAIR_ADVANCE:ALTERNATE_PROFILE_2:segments-39-40,27.52499999999844,0.0,40,0.6331120729446411,0.0008378997445106506,0.12459331750869751,0.04721913000462782,-0.06828184409165187,0.02201313902278248,,4,True,False,recoverable,0,False,RUNNING
58.23333333333067,6988,S4_FRONT_PAIR_ADVANCE,ADVANCE,v008_20260806_211408_578700_manual:S4_FRONT_PAIR_ADVANCE:ALTERNATE_PROFILE_2:segments-39-40,27.591666666665102,0.0,40,0.6341206431388855,0.0008588656783103943,0.12460068613290787,0.04732947482253532,-0.06868272680607575,0.022031094802168954,,4,True,False,recoverable,0,False,RUNNING
58.29999999999733,6996,S4_FRONT_PAIR_ADVANCE,ADVANCE,v008_20260806_211408_578700_manual:S4_FRONT_PAIR_ADVANCE:ALTERNATE_PROFILE_2:segments-39-40,27.658333333331765,0.0,40,0.6351461410522461,0.0008785724639892578,0.12457539886236191,0.047406443360837235,-0.06907179529384794,0.022045965098839295,,4,True,False,recoverable,0,False,RUNNING
58.366666666663995,7004,S4_FRONT_PAIR_ADVANCE,ADVANCE,v008_20260806_211408_578700_manual:S4_FRONT_PAIR_ADVANCE:ALTERNATE_PROFILE_2:segments-39-40,27.724999999998428,0.0,40,0.6361871957778931,0.0009065195918083191,0.12452193349599838,0.04746820607045476,-0.06944353044592999,0.02206321508593221,,4,True,False,recoverable,0,False,RUNNING
58.43333333333066,7012,S4_FRONT_PAIR_ADVANCE,ADVANCE,v008_20260806_211408_578700_manual:S4_FRONT_PAIR_ADVANCE:ALTERNATE_PROFILE_2:segments-39-40,27.79166666666509,0.0,40,0.6372340321540833,0.0009300485253334045,0.12442895025014877,0.04748793905776471,-0.06980620081466296,0.022103857008479607,,4,True,False,recoverable,0,False,RUNNING
58.49999999999732,7020,S4_FRONT_PAIR_ADVANCE,ADVANCE,v008_20260806_211408_578700_manual:S4_FRONT_PAIR_ADVANCE:ALTERNATE_PROFILE_2:segments-39-40,27.858333333331753,0.0,40,0.638215959072113,0.0009030550718307495,0.12440970540046692,0.047922391621786714,-0.07009181382418143,0.022134000771561503,,4,True,False,recoverable,0,False,RUNNING
58.566666666663984,7028,S4_FRONT_PAIR_ADVANCE,ADVANCE,v008_20260806_211408_578700_manual:S4_FRONT_PAIR_ADVANCE:ALTERNATE_PROFILE_2:segments-39-40,27.924999999998416,0.0,40,0.6391741037368774,0.0008571594953536987,0.12444014847278595,0.04855854283389182,-0.07033934334514035,0.022152770259393058,,4,True,False,recoverable,0,False,RUNNING
58.63333333333065,7036,S4_FRONT_PAIR_ADVANCE,ADVANCE,v008_20260806_211408_578700_manual:S4_FRONT_PAIR_ADVANCE:ALTERNATE_PROFILE_2:segments-39-40,27.99166666666508,0.0,40,0.6401987075805664,0.0008523911237716675,0.12443749606609344,0.04899433964707952,-0.07040503119857856,0.022141080096922356,,4,True,False,recoverable,0,False,RUNNING
58.69999999999731,7044,S4_FRONT_PAIR_ADVANCE,ADVANCE,v008_20260806_211408_578700_manual:S4_FRONT_PAIR_ADVANCE:ALTERNATE_PROFILE_2:segments-39-40,28.058333333331742,0.0,40,0.6411039233207703,0.0008661150932312012,0.12442077696323395,0.04902077054039595,-0.0699323224997216,0.022146820098257983,,4,True,False,recoverable,0,False,RUNNING
58.76666666666397,7052,S4_FRONT_PAIR_ADVANCE,ADVANCE,v008_20260806_211408_578700_manual:S4_FRONT_PAIR_ADVANCE:ALTERNATE_PROFILE_2:segments-39-40,28.124999999998405,0.0,40,0.6420614123344421,0.0008746832609176636,0.12440744787454605,0.04911921819722719,-0.06953339671097966,0.022146834171650687,,4,True,False,recoverable,0,False,RUNNING
58.833333333330636,7060,S4_FRONT_PAIR_ADVANCE,ADVANCE,v008_20260806_211408_578700_manual:S4_FRONT_PAIR_ADVANCE:ALTERNATE_PROFILE_2:segments-39-40,28.191666666665068,0.0,40,0.6430675983428955,0.0008722245693206787,0.12441804260015488,0.04933336371473315,-0.06923272390593273,0.02215146564671908,,4,True,False,recoverable,0,False,RUNNING
58.8999999999973,7068,S4_FRONT_PAIR_ADVANCE,ADVANCE,v008_20260806_211408_578700_manual:S4_FRONT_PAIR_ADVANCE:ALTERNATE_PROFILE_2:segments-39-40,28.25833333333173,0.0,40,0.6441171169281006,0.0008694455027580261,0.12439718097448349,0.04958595672317542,-0.06889601238189225,0.022161899796073352,,4,True,False,recoverable,0,False,RUNNING
58.96666666666396,7076,S4_FRONT_PAIR_ADVANCE,ADVANCE,v008_20260806_211408_578700_manual:S4_FRONT_PAIR_ADVANCE:ALTERNATE_PROFILE_2:segments-39-40,28.324999999998393,0.0,40,0.6451182961463928,0.0008667483925819397,0.1244058758020401,0.04983767513277454,-0.06867630449166723,0.02218321145535323,,4,True,False,recoverable,0,False,RUNNING
59.033333333330624,7084,S4_FRONT_PAIR_ADVANCE,ADVANCE,v008_20260806_211408_578700_manual:S4_FRONT_PAIR_ADVANCE:ALTERNATE_PROFILE_2:segments-39-40,28.391666666665056,0.0,40,0.6459126472473145,0.0008769184350967407,0.12452661991119385,0.05006859362219937,-0.06883610701356618,0.022175946887547895,,4,True,False,recoverable,0,False,RUNNING
59.09999999999729,7092,S4_FRONT_PAIR_ADVANCE,ADVANCE,v008_20260806_211408_578700_manual:S4_FRONT_PAIR_ADVANCE:ALTERNATE_PROFILE_2:segments-39-40,28.45833333333172,0.0,40,0.6467589735984802,0.0009334459900856018,0.12456537038087845,0.04966295381032603,-0.06864533298357925,0.022180947950217102,,4,True,False,recoverable,0,False,RUNNING
59.16666666666395,7100,S4_FRONT_PAIR_ADVANCE,ADVANCE,v008_20260806_211408_578700_manual:S4_FRONT_PAIR_ADVANCE:ALTERNATE_PROFILE_2:segments-39-40,28.524999999998382,0.0,40,0.6476675271987915,0.0009938403964042664,0.12460877746343613,0.049272939849445245,-0.06852198663471168,0.022189503589417965,,4,True,False,recoverable,0,False,RUNNING
59.23333333333061,7108,S4_FRONT_PAIR_ADVANCE,ADVANCE,v008_20260806_211408_578700_manual:S4_FRONT_PAIR_ADVANCE:ALTERNATE_PROFILE_2:segments-39-40,28.591666666665045,0.0,40,0.6486148834228516,0.001055210828781128,0.12465326488018036,0.048880137848685036,-0.06846741293468997,0.022214015935255148,,4,True,False,recoverable,0,False,RUNNING
59.299999999997276,7116,S4_FRONT_PAIR_ADVANCE,ADVANCE,v008_20260806_211408_578700_manual:S4_FRONT_PAIR_ADVANCE:ALTERNATE_PROFILE_2:segments-39-40,28.658333333331708,0.0,40,0.649587869644165,0.001110173761844635,0.1246831864118576,0.048512257591195145,-0.0684126938508329,0.022220969454811886,,4,True,False,recoverable,0,False,RUNNING
59.36666666666394,7124,S4_FRONT_PAIR_ADVANCE,ADVANCE,v008_20260806_211408_578700_manual:S4_FRONT_PAIR_ADVANCE:ALTERNATE_PROFILE_2:segments-39-40,28.72499999999837,0.0,40,0.6505728363990784,0.0011732429265975952,0.12468276917934418,0.04810149996131385,-0.06835352940239449,0.022245349250981865,,4,True,False,recoverable,0,False,RUNNING
59.4333333333306,7132,S4_FRONT_PAIR_ADVANCE,ADVANCE,v008_20260806_211408_578700_manual:S4_FRONT_PAIR_ADVANCE:ALTERNATE_PROFILE_2:segments-39-40,28.791666666665034,0.0,40,0.6515902280807495,0.001234695315361023,0.12466640770435333,0.04768715113287933,-0.06831298403713625,0.022255212099153647,,4,True,False,recoverable,0,False,RUNNING
59.499999999997264,7140,S4_FRONT_PAIR_ADVANCE,ADVANCE,v008_20260806_211408_578700_manual:S4_FRONT_PAIR_ADVANCE:ALTERNATE_PROFILE_2:segments-39-40,28.858333333331696,0.0,40,0.6526222825050354,0.001301407814025879,0.12463079392910004,0.04727720783349533,-0.06826976947882585,0.022269480535354668,,4,True,False,recoverable,0,False,RUNNING
59.56666666666393,7148,S4_FRONT_PAIR_ADVANCE,ADVANCE,v008_20260806_211408_578700_manual:S4_FRONT_PAIR_ADVANCE:ALTERNATE_PROFILE_2:segments-39-40,28.92499999999836,0.0,40,0.6536698341369629,0.001366354525089264,0.12457706779241562,0.04688489879359073,-0.06822363295667958,0.022278029374592615,,4,True,False,recoverable,0,False,RUNNING
59.63333333333059,7156,S4_FRONT_PAIR_ADVANCE,ADVANCE,v008_20260806_211408_578700_manual:S4_FRONT_PAIR_ADVANCE:ALTERNATE_PROFILE_2:segments-39-40,28.991666666665022,0.0,40,0.6547073721885681,0.0014299526810646057,0.1244993507862091,0.04651295344207243,-0.0681659294006432,0.022290134929821154,,4,True,False,recoverable,0,False,RUNNING
59.69999999999725,7164,S4_FRONT_PAIR_ADVANCE,ADVANCE,v008_20260806_211408_578700_manual:S4_FRONT_PAIR_ADVANCE:ALTERNATE_PROFILE_2:segments-39-40,29.058333333331685,0.0,40,0.655798077583313,0.0014950260519981384,0.12439851462841034,0.04609470280408836,-0.0681503697687984,0.022290249144690487,,4,True,False,recoverable,0,False,RUNNING
59.766666666663916,7172,S4_FRONT_PAIR_ADVANCE,ADVANCE,v008_20260806_211408_578700_manual:S4_FRONT_PAIR_ADVANCE:ALTERNATE_PROFILE_2:segments-39-40,29.124999999998348,0.0,40,0.6569168567657471,0.0015625059604644775,0.12427046149969101,0.045684423185798045,-0.06812789175211535,0.022288489194133634,,4,True,False,recoverable,0,False,RUNNING
59.83333333333058,7180,S4_FRONT_PAIR_ADVANCE,ADVANCE,v008_20260806_211408_578700_manual:S4_FRONT_PAIR_ADVANCE:ALTERNATE_PROFILE_2:segments-39-40,29.19166666666501,0.0,40,0.6580707430839539,0.0016286298632621765,0.1241171658039093,0.045280363856933965,-0.0681203170749618,0.022290288435206695,,4,True,False,recoverable,0,False,RUNNING
59.89999999999724,7188,S4_FRONT_PAIR_ADVANCE,ADVANCE,v008_20260806_211408_578700_manual:S4_FRONT_PAIR_ADVANCE:ALTERNATE_PROFILE_2:segments-39-40,29.258333333331674,0.0,40,0.6591127514839172,0.0016309693455696106,0.12408321350812912,0.04547210130832176,-0.06798293245291635,0.022300207784910514,,4,True,False,recoverable,0,False,RUNNING
59.966666666663905,7196,S4_FRONT_PAIR_ADVANCE,ADVANCE,v008_20260806_211408_578700_manual:S4_FRONT_PAIR_ADVANCE:ALTERNATE_PROFILE_2:segments-39-40,29.324999999998337,0.5,41,0.6592563390731812,0.0016288310289382935,0.1240738108754158,0.04553265972120715,-0.06802751956617875,0.022297248605549626,,4,True,False,recoverable,0,False,RUNNING
60.03333333333057,7204,S5_PRE_RR_COM_SHIFT,PRELOAD,v008_20260806_211408_578700_manual:S5_PRE_RR_COM_SHIFT:ALTERNATE_PROFILE_2:segments-41-60,0.05833333333333002,0.0,41,0.6592940092086792,0.0016271844506263733,0.12403716892004013,0.04556494723573322,-0.06792700025137909,0.022303843561636477,RR,4,True,False,recoverable,0,False,RUNNING
60.09999999999723,7212,S5_PRE_RR_COM_SHIFT,PRELOAD,v008_20260806_211408_578700_manual:S5_PRE_RR_COM_SHIFT:ALTERNATE_PROFILE_2:segments-41-60,0.1249999999999929,0.0,42,0.659353494644165,0.001627221703529358,0.12401030957698822,0.045594115668046324,-0.0678634115954487,0.022304795377522533,RR,4,True,False,recoverable,0,False,RUNNING
60.16666666666389,7220,S5_PRE_RR_COM_SHIFT,PRELOAD,v008_20260806_211408_578700_manual:S5_PRE_RR_COM_SHIFT:ALTERNATE_PROFILE_2:segments-41-60,0.19166666666665577,0.05,43,0.6593317985534668,0.0016295164823532104,0.12395615875720978,0.04558468298396039,-0.06762948774290309,0.022314221893161516,RR,4,True,False,recoverable,0,False,RUNNING
60.233333333330556,7228,S5_PRE_RR_COM_SHIFT,PRELOAD,v008_20260806_211408_578700_manual:S5_PRE_RR_COM_SHIFT:ALTERNATE_PROFILE_2:segments-41-60,0.25833333333331865,0.05,43,0.6594149470329285,0.0016311556100845337,0.12393838912248611,0.04559505965721326,-0.06759680113826613,0.022314066749156418,RR,4,True,False,recoverable,0,False,RUNNING
60.29999999999722,7236,S5_PRE_RR_COM_SHIFT,PRELOAD,v008_20260806_211408_578700_manual:S5_PRE_RR_COM_SHIFT:ALTERNATE_PROFILE_2:segments-41-60,0.3249999999999815,0.05,43,0.6595218181610107,0.0016300007700920105,0.12393387407064438,0.0456322752725667,-0.06761379113243954,0.022313365011039206,RR,4,True,False,recoverable,0,False,RUNNING
60.36666666666388,7244,S5_PRE_RR_COM_SHIFT,PRELOAD,v008_20260806_211408_578700_manual:S5_PRE_RR_COM_SHIFT:ALTERNATE_PROFILE_2:segments-41-60,0.3916666666666444,0.05,43,0.6595966815948486,0.0016298294067382812,0.12391627579927444,0.0456531354395055,-0.0675540097522485,0.02231661213159497,RR,3,True,False,recoverable,0,False,RUNNING
60.433333333330545,7252,S5_PRE_RR_COM_SHIFT,PRELOAD,v008_20260806_211408_578700_manual:S5_PRE_RR_COM_SHIFT:ALTERNATE_PROFILE_2:segments-41-60,0.4583333333333073,0.1,44,0.6596437692642212,0.0016302764415740967,0.12388630211353302,0.045672641424681144,-0.06745982859129497,0.02231993012671417,RR,3,True,False,recoverable,0,False,RUNNING
60.49999999999721,7260,S5_PRE_RR_COM_SHIFT,PRELOAD,v008_20260806_211408_578700_manual:S5_PRE_RR_COM_SHIFT:ALTERNATE_PROFILE_2:segments-41-60,0.5249999999999702,0.1,44,0.6597042083740234,0.0016317591071128845,0.12386219203472137,0.045680356889670884,-0.06737187444242165,0.02232297235369013,RR,3,True,False,recoverable,0,False,RUNNING
60.56666666666387,7268,S5_PRE_RR_COM_SHIFT,PRELOAD,v008_20260806_211408_578700_manual:S5_PRE_RR_COM_SHIFT:ALTERNATE_PROFILE_2:segments-41-60,0.591666666666633,0.15,45,0.6596375703811646,0.001669175922870636,0.12367457896471024,0.04536015393399012,-0.06669694938823846,0.022341476884137876,RR,3,True,False,recoverable,0,False,RUNNING
60.63333333333053,7276,S5_PRE_RR_COM_SHIFT,PRELOAD,v008_20260806_211408_578700_manual:S5_PRE_RR_COM_SHIFT:ALTERNATE_PROFILE_2:segments-41-60,0.6583333333332959,0.15,45,0.6598233580589294,0.001642763614654541,0.12377417832612991,0.045636960645579726,-0.06707083579136217,0.022330556434423676,RR,3,True,False,recoverable,0,False,RUNNING
60.699999999997196,7284,S5_PRE_RR_COM_SHIFT,PRELOAD,v008_20260806_211408_578700_manual:S5_PRE_RR_COM_SHIFT:ALTERNATE_PROFILE_2:segments-41-60,0.7249999999999588,0.15,45,0.6599451899528503,0.001633383333683014,0.12380252778530121,0.045737893804561856,-0.0671968429896526,0.02233000481273672,RR,3,True,False,recoverable,0,False,RUNNING
60.76666666666386,7292,S5_PRE_RR_COM_SHIFT,PRELOAD,v008_20260806_211408_578700_manual:S5_PRE_RR_COM_SHIFT:ALTERNATE_PROFILE_2:segments-41-60,0.7916666666666217,0.2,46,0.6600002646446228,0.0016401633620262146,0.12375640869140625,0.04571011228996397,-0.06704693815168222,0.022331707498852826,RR,3,True,False,recoverable,0,False,RUNNING
60.83333333333052,7300,S5_PRE_RR_COM_SHIFT,PRELOAD,v008_20260806_211408_578700_manual:S5_PRE_RR_COM_SHIFT:ALTERNATE_PROFILE_2:segments-41-60,0.8583333333332845,0.2,46,0.6600982546806335,0.0016319304704666138,0.12378056347370148,0.045822223596112654,-0.06712782358753497,0.022340239006861953,RR,3,True,False,recoverable,0,False,RUNNING
60.899999999997185,7308,S5_PRE_RR_COM_SHIFT,PRELOAD,v008_20260806_211408_578700_manual:S5_PRE_RR_COM_SHIFT:ALTERNATE_PROFILE_2:segments-41-60,0.9249999999999474,0.2,46,0.6601868867874146,0.0016271546483039856,0.12378153949975967,0.045872716450739336,-0.06714712206779568,0.022334137415734014,RR,3,True,False,recoverable,0,False,RUNNING
60.96666666666385,7316,S5_PRE_RR_COM_SHIFT,PRELOAD,v008_20260806_211408_578700_manual:S5_PRE_RR_COM_SHIFT:ALTERNATE_PROFILE_2:segments-41-60,0.9916666666666103,0.25,47,0.6603304147720337,0.0015898868441581726,0.12391858547925949,0.04620922426150471,-0.06762729080566529,0.022325243355481098,RR,3,True,False,recoverable,0,False,RUNNING
61.03333333333051,7324,S5_PRE_RR_COM_SHIFT,PRELOAD,v008_20260806_211408_578700_manual:S5_PRE_RR_COM_SHIFT:ALTERNATE_PROFILE_2:segments-41-60,1.0583333333332732,0.25,47,0.6603195071220398,0.001619577407836914,0.12379207462072372,0.0459592129067588,-0.06715631990680414,0.02233680987789805,RR,3,True,False,recoverable,0,False,RUNNING
61.09999999999717,7332,S5_PRE_RR_COM_SHIFT,PRELOAD,v008_20260806_211408_578700_manual:S5_PRE_RR_COM_SHIFT:ALTERNATE_PROFILE_2:segments-41-60,1.124999999999936,0.25,47,0.660320520401001,0.0016442909836769104,0.12367663532495499,0.045767107101385054,-0.06673785122436807,0.0223460613107502,RR,3,True,False,recoverable,0,False,RUNNING
61.166666666663836,7340,S5_PRE_RR_COM_SHIFT,PRELOAD,v008_20260806_211408_578700_manual:S5_PRE_RR_COM_SHIFT:ALTERNATE_PROFILE_2:segments-41-60,1.191666666666599,0.3,48,0.660348653793335,0.001645110547542572,0.12367598712444305,0.04576987009965154,-0.06673812541077478,0.022345781495623218,RR,3,True,False,recoverable,0,False,RUNNING
61.2333333333305,7348,S5_PRE_RR_COM_SHIFT,PRELOAD,v008_20260806_211408_578700_manual:S5_PRE_RR_COM_SHIFT:ALTERNATE_PROFILE_2:segments-41-60,1.2583333333332618,0.35,49,0.6638299822807312,0.0021388083696365356,0.12517723441123962,0.04115579282865523,-0.07197831516593683,0.021959963778300767,RR,3,True,False,recoverable,0,False,RUNNING
61.29999999999716,7356,S5_PRE_RR_COM_SHIFT,PRELOAD,v008_20260806_211408_578700_manual:S5_PRE_RR_COM_SHIFT:ALTERNATE_PROFILE_2:segments-41-60,1.3249999999999247,0.35,49,0.6738868355751038,0.003699585795402527,0.12487653642892838,0.028031143005887313,-0.07479570437650976,0.021518178097394404,RR,3,True,False,recoverable,0,False,RUNNING
61.366666666663825,7364,S5_PRE_RR_COM_SHIFT,PRELOAD,v008_20260806_211408_578700_manual:S5_PRE_RR_COM_SHIFT:ALTERNATE_PROFILE_2:segments-41-60,1.3916666666665876,0.35,49,0.6833235621452332,0.0061340853571891785,0.11852560192346573,0.006235123204896172,-0.06310164302670646,0.02134219012900131,RR,3,True,False,recoverable,0,False,RUNNING
61.43333333333049,7372,S5_PRE_RR_COM_SHIFT,PRELOAD,v008_20260806_211408_578700_manual:S5_PRE_RR_COM_SHIFT:ALTERNATE_PROFILE_2:segments-41-60,1.4583333333332504,0.35,49,0.6925457119941711,0.007868021726608276,0.11092221736907959,-0.010776036841243142,-0.05108574214392843,0.021020296587810558,RR,3,True,False,recoverable,0,False,RUNNING
61.49999999999715,7380,S5_PRE_RR_COM_SHIFT,PRELOAD,v008_20260806_211408_578700_manual:S5_PRE_RR_COM_SHIFT:ALTERNATE_PROFILE_2:segments-41-60,1.5249999999999133,0.35,49,0.6995590329170227,0.008325226604938507,0.10848870873451233,-0.014753986862551152,-0.04857816259185799,0.02091327251050274,RR,3,True,False,recoverable,0,False,RUNNING
61.566666666663814,7388,S5_PRE_RR_COM_SHIFT,PRELOAD,v008_20260806_211408_578700_manual:S5_PRE_RR_COM_SHIFT:ALTERNATE_PROFILE_2:segments-41-60,1.5916666666665762,0.35,49,0.6978103518486023,0.007893770933151245,0.10485468804836273,-0.010500277759422406,-0.03553823403536922,0.020861863036696952,RR,3,True,False,recoverable,0,False,RUNNING
61.63333333333048,7396,S5_PRE_RR_COM_SHIFT,PRELOAD,v008_20260806_211408_578700_manual:S5_PRE_RR_COM_SHIFT:ALTERNATE_PROFILE_2:segments-41-60,1.658333333333239,0.35,49,0.6916558742523193,0.006819494068622589,0.10480000823736191,0.0012360651920462692,-0.024388585262711024,0.021358129430671734,RR,3,True,False,recoverable,0,False,RUNNING
61.69999999999714,7404,S5_PRE_RR_COM_SHIFT,PRELOAD,v008_20260806_211408_578700_manual:S5_PRE_RR_COM_SHIFT:ALTERNATE_PROFILE_2:segments-41-60,1.724999999999902,0.35,49,0.6905539631843567,0.006582401692867279,0.10805028676986694,0.003611017841705132,-0.03508947264642135,0.02148376848274411,RR,3,True,False,recoverable,0,False,RUNNING
61.7666666666638,7412,S5_PRE_RR_COM_SHIFT,PRELOAD,v008_20260806_211408_578700_manual:S5_PRE_RR_COM_SHIFT:ALTERNATE_PROFILE_2:segments-41-60,1.7916666666665648,0.35,49,0.6916637420654297,0.007007502019405365,0.11218918859958649,-0.0010934376432400075,-0.05375726274891871,0.02128558822964787,RR,3,True,False,recoverable,0,False,RUNNING
61.833333333330465,7420,S5_PRE_RR_COM_SHIFT,PRELOAD,v008_20260806_211408_578700_manual:S5_PRE_RR_COM_SHIFT:ALTERNATE_PROFILE_2:segments-41-60,1.8583333333332277,0.35,49,0.6918175220489502,0.007051602005958557,0.11661719530820847,-0.0015513642554864538,-0.06906821870226262,0.021315746334846276,RR,3,True,False,recoverable,0,False,RUNNING
61.89999999999713,7428,S5_PRE_RR_COM_SHIFT,PRELOAD,v008_20260806_211408_578700_manual:S5_PRE_RR_COM_SHIFT:ALTERNATE_PROFILE_2:segments-41-60,1.9249999999998906,0.35,49,0.6902933120727539,0.006907202303409576,0.11780889332294464,-0.00032000893106992384,-0.07185253196422002,0.02133597521915513,RR,3,True,False,recoverable,0,False,RUNNING
61.96666666666379,7436,S5_PRE_RR_COM_SHIFT,PRELOAD,v008_20260806_211408_578700_manual:S5_PRE_RR_COM_SHIFT:ALTERNATE_PROFILE_2:segments-41-60,1.9916666666665535,0.35,49,0.690576434135437,0.007057912647724152,0.11878984421491623,-0.0018257354366531403,-0.07557675528698804,0.021331477963067388,RR,3,True,False,recoverable,0,False,RUNNING
62.033333333330454,7444,S5_PRE_RR_COM_SHIFT,PRELOAD,v008_20260806_211408_578700_manual:S5_PRE_RR_COM_SHIFT:ALTERNATE_PROFILE_2:segments-41-60,2.0583333333332163,0.35,49,0.6898945569992065,0.006923466920852661,0.12178945541381836,-0.0005406054922173314,-0.08638277755041793,0.021347170559878333,RR,3,True,False,recoverable,0,False,RUNNING
62.09999999999712,7452,S5_PRE_RR_COM_SHIFT,PRELOAD,v008_20260806_211408_578700_manual:S5_PRE_RR_COM_SHIFT:ALTERNATE_PROFILE_2:segments-41-60,2.124999999999879,0.35,49,0.6893754005432129,0.006985887885093689,0.12304119765758514,-0.0012632842544313043,-0.09085828381859709,0.02135799330246112,RR,3,True,False,recoverable,0,False,RUNNING
62.16666666666378,7460,S5_PRE_RR_COM_SHIFT,PRELOAD,v008_20260806_211408_578700_manual:S5_PRE_RR_COM_SHIFT:ALTERNATE_PROFILE_2:segments-41-60,2.191666666666542,0.35,49,0.6890087127685547,0.006922125816345215,0.12525054812431335,-0.0006854404993495108,-0.09829595738810903,0.021356713375814903,RR,3,True,False,recoverable,0,False,RUNNING
62.23333333333044,7468,S5_PRE_RR_COM_SHIFT,PRELOAD,v008_20260806_211408_578700_manual:S5_PRE_RR_COM_SHIFT:ALTERNATE_PROFILE_2:segments-41-60,2.258333333333205,0.35,49,0.6884119510650635,0.007005736231803894,0.12705780565738678,-0.0016169189405941175,-0.10466085839910629,0.02138218729693536,RR,3,True,False,recoverable,0,False,RUNNING
62.299999999997105,7476,S5_PRE_RR_COM_SHIFT,PRELOAD,v008_20260806_211408_578700_manual:S5_PRE_RR_COM_SHIFT:ALTERNATE_PROFILE_2:segments-41-60,2.324999999999868,0.35,49,0.6879230737686157,0.0069151371717453,0.12919557094573975,-0.0008157799523414333,-0.11168751803538234,0.021368558642330834,RR,3,True,False,recoverable,0,False,RUNNING
62.36666666666377,7484,S5_PRE_RR_COM_SHIFT,PRELOAD,v008_20260806_211408_578700_manual:S5_PRE_RR_COM_SHIFT:ALTERNATE_PROFILE_2:segments-41-60,2.3916666666665307,0.35,49,0.6873587369918823,0.00696081668138504,0.1309220939874649,-0.0013377833931882046,-0.11800716574677723,0.021395420850072858,RR,3,True,False,recoverable,0,False,RUNNING
62.43333333333043,7492,S5_PRE_RR_COM_SHIFT,PRELOAD,v008_20260806_211408_578700_manual:S5_PRE_RR_COM_SHIFT:ALTERNATE_PROFILE_2:segments-41-60,2.4583333333331936,0.35,50,0.6873077154159546,0.006910569965839386,0.13125847280025482,-0.0008573428061487669,-0.11882160866715233,0.021381337452635926,RR,3,True,False,recoverable,0,False,RUNNING
62.499999999997094,7500,S5_PRE_RR_COM_SHIFT,PRELOAD,v008_20260806_211408_578700_manual:S5_PRE_RR_COM_SHIFT:ALTERNATE_PROFILE_2:segments-41-60,2.5249999999998565,0.35,50,0.6873100996017456,0.006923280656337738,0.131321519613266,-0.0009768187983219653,-0.11893070327600316,0.0213868565295822,RR,3,True,False,recoverable,0,False,RUNNING
62.56666666666376,7508,S5_PRE_RR_COM_SHIFT,PRELOAD,v008_20260806_211408_578700_manual:S5_PRE_RR_COM_SHIFT:ALTERNATE_PROFILE_2:segments-41-60,2.5916666666665193,0.35,50,0.6873342394828796,0.00695868581533432,0.13138161599636078,-0.0013045151394529499,-0.1193148749547567,0.021399301051087744,RR,3,True,False,recoverable,0,False,RUNNING
62.63333333333042,7516,S5_PRE_RR_COM_SHIFT,PRELOAD,v008_20260806_211408_578700_manual:S5_PRE_RR_COM_SHIFT:ALTERNATE_PROFILE_2:segments-41-60,2.6583333333331822,0.35,50,0.6873650550842285,0.006945863366127014,0.13155683875083923,-0.0011684162077618841,-0.12007011617446706,0.021400441714106145,RR,3,True,False,recoverable,0,False,RUNNING
62.69999999999708,7524,S5_PRE_RR_COM_SHIFT,PRELOAD,v008_20260806_211408_578700_manual:S5_PRE_RR_COM_SHIFT:ALTERNATE_PROFILE_2:segments-41-60,2.724999999999845,0.35,50,0.6874257326126099,0.006948135793209076,0.1316753774881363,-0.0011772606220911417,-0.12043418037622437,0.02140230033342607,RR,3,True,False,recoverable,0,False,RUNNING
62.766666666663745,7532,S5_PRE_RR_COM_SHIFT,PRELOAD,v008_20260806_211408_578700_manual:S5_PRE_RR_COM_SHIFT:ALTERNATE_PROFILE_2:segments-41-60,2.791666666666508,0.35,50,0.687487006187439,0.006952688097953796,0.13187339901924133,-0.00120069197483396,-0.12094689401895453,0.021404353706232407,RR,3,True,False,recoverable,0,False,RUNNING
62.83333333333041,7540,S5_PRE_RR_COM_SHIFT,PRELOAD,v008_20260806_211408_578700_manual:S5_PRE_RR_COM_SHIFT:ALTERNATE_PROFILE_2:segments-41-60,2.858333333333171,0.35,50,0.6871692538261414,0.006935961544513702,0.13190767168998718,-0.0011022262215172154,-0.12107680826191904,0.02140278539038778,RR,3,True,False,recoverable,0,False,RUNNING
62.89999999999707,7548,S5_PRE_RR_COM_SHIFT,PRELOAD,v008_20260806_211408_578700_manual:S5_PRE_RR_COM_SHIFT:ALTERNATE_PROFILE_2:segments-41-60,2.9249999999998337,0.35,50,0.6872867345809937,0.006931334733963013,0.13206782937049866,-0.0010291009702972007,-0.12135663353217738,0.02140139164102357,RR,3,True,False,recoverable,0,False,RUNNING
62.966666666663734,7556,S5_PRE_RR_COM_SHIFT,PRELOAD,v008_20260806_211408_578700_manual:S5_PRE_RR_COM_SHIFT:ALTERNATE_PROFILE_2:segments-41-60,2.9916666666664966,0.35,50,0.6874145269393921,0.006957322359085083,0.1322479248046875,-0.0012399308742392342,-0.12234442527751471,0.021411678453095082,RR,3,True,False,recoverable,0,False,RUNNING
63.0333333333304,7564,S5_PRE_RR_COM_SHIFT,PRELOAD,v008_20260806_211408_578700_manual:S5_PRE_RR_COM_SHIFT:ALTERNATE_PROFILE_2:segments-41-60,3.0583333333331595,0.35,50,0.6871945858001709,0.006927140057086945,0.13233721256256104,-0.0009930408033992488,-0.12251125024554313,0.02140464342125501,RR,3,True,False,recoverable,0,False,RUNNING
63.09999999999706,7572,S5_PRE_RR_COM_SHIFT,PRELOAD,v008_20260806_211408_578700_manual:S5_PRE_RR_COM_SHIFT:ALTERNATE_PROFILE_2:segments-41-60,3.1249999999998224,0.35,50,0.6871419548988342,0.006947316229343414,0.13246040046215057,-0.0011925713165598713,-0.12259413181700102,0.021414120545209515,RR,3,True,False,recoverable,0,False,RUNNING
63.16666666666372,7580,S5_PRE_RR_COM_SHIFT,PRELOAD,v008_20260806_211408_578700_manual:S5_PRE_RR_COM_SHIFT:ALTERNATE_PROFILE_2:segments-41-60,3.1916666666664852,0.35,50,0.6873671412467957,0.006939232349395752,0.13268932700157166,-0.0010643213072007377,-0.12377147578786615,0.021411211691108736,RR,3,True,False,recoverable,0,False,RUNNING
63.233333333330386,7588,S5_PRE_RR_COM_SHIFT,PRELOAD,v008_20260806_211408_578700_manual:S5_PRE_RR_COM_SHIFT:ALTERNATE_PROFILE_2:segments-41-60,3.258333333333148,0.4,50,0.6873747706413269,0.006935089826583862,0.13221126794815063,-0.001024894620385466,-0.12427916096841582,0.021410818851422705,RR,3,True,False,recoverable,0,False,RUNNING
63.29999999999705,7596,S5_PRE_RR_COM_SHIFT,PRELOAD,v008_20260806_211408_578700_manual:S5_PRE_RR_COM_SHIFT:ALTERNATE_PROFILE_2:segments-41-60,3.324999999999811,0.45,51,0.6917057633399963,0.006371751427650452,0.1361386477947235,0.005012811587538773,-0.13301445258487327,0.021134796641034494,RR,3,True,False,recoverable,0,False,RUNNING
63.36666666666371,7604,S5_PRE_RR_COM_SHIFT,PRELOAD,v008_20260806_211408_578700_manual:S5_PRE_RR_COM_SHIFT:ALTERNATE_PROFILE_2:segments-41-60,3.391666666666474,0.45,51,0.7012488842010498,0.006042122840881348,0.1425248235464096,0.009588463782323144,-0.15029009407556726,0.020835126138706306,RR,3,True,False,recoverable,0,False,RUNNING
63.433333333330374,7612,S5_PRE_RR_COM_SHIFT,PRELOAD,v008_20260806_211408_578700_manual:S5_PRE_RR_COM_SHIFT:ALTERNATE_PROFILE_2:segments-41-60,3.4583333333331367,0.45,51,0.7096119523048401,0.006029292941093445,0.147197425365448,0.01113931480277349,-0.16426426335968464,0.020680638763144875,RR,3,True,False,recoverable,0,False,RUNNING
63.49999999999704,7620,S5_PRE_RR_COM_SHIFT,PRELOAD,v008_20260806_211408_578700_manual:S5_PRE_RR_COM_SHIFT:ALTERNATE_PROFILE_2:segments-41-60,3.5249999999997996,0.5,52,0.7155361175537109,0.005889199674129486,0.15064671635627747,0.013172972385241635,-0.17377058561710118,0.02041803526946012,RR,3,True,False,recoverable,0,False,RUNNING
63.5666666666637,7628,S5_PRE_RR_COM_SHIFT,PRELOAD,v008_20260806_211408_578700_manual:S5_PRE_RR_COM_SHIFT:ALTERNATE_PROFILE_2:segments-41-60,3.5916666666664625,0.5,52,0.7216847538948059,0.005671769380569458,0.15402954816818237,0.015713407239530786,-0.1825377447419233,0.020095996863843633,RR,3,True,False,recoverable,0,False,RUNNING
63.63333333333036,7636,S5_PRE_RR_COM_SHIFT,PRELOAD,v008_20260806_211408_578700_manual:S5_PRE_RR_COM_SHIFT:ALTERNATE_PROFILE_2:segments-41-60,3.6583333333331254,0.55,53,0.7257581353187561,0.005556270480155945,0.1560015082359314,0.017175084057783122,-0.18751789476872918,0.01987182113844504,RR,3,True,False,recoverable,0,False,RUNNING
63.699999999997026,7644,S5_PRE_RR_COM_SHIFT,PRELOAD,v008_20260806_211408_578700_manual:S5_PRE_RR_COM_SHIFT:ALTERNATE_PROFILE_2:segments-41-60,3.7249999999997883,0.55,53,0.7293869256973267,0.005282856523990631,0.15789595246315002,0.019804559574068778,-0.1911077409614005,0.019554797445934278,RR,3,True,False,recoverable,0,False,RUNNING
63.76666666666369,7652,S5_PRE_RR_COM_SHIFT,PRELOAD,v008_20260806_211408_578700_manual:S5_PRE_RR_COM_SHIFT:ALTERNATE_PROFILE_2:segments-41-60,3.791666666666451,0.6,54,0.7313757538795471,0.005205161869525909,0.15871405601501465,0.020676993141794917,-0.19277789687014743,0.019421385441485264,RR,3,True,False,recoverable,0,False,RUNNING
63.83333333333035,7660,S5_PRE_RR_COM_SHIFT,PRELOAD,v008_20260806_211408_578700_manual:S5_PRE_RR_COM_SHIFT:ALTERNATE_PROFILE_2:segments-41-60,3.858333333333114,0.65,55,0.7345100045204163,0.004855751991271973,0.16031663119792938,0.02377253244142948,-0.19500361446863057,0.01904788136488524,RR,3,True,False,recoverable,0,False,RUNNING
63.899999999997014,7668,S5_PRE_RR_COM_SHIFT,PRELOAD,v008_20260806_211408_578700_manual:S5_PRE_RR_COM_SHIFT:ALTERNATE_PROFILE_2:segments-41-60,3.924999999999777,0.65,55,0.7383908629417419,0.004566200077533722,0.16189834475517273,0.026767666770144884,-0.1971825737342461,0.018556801749773838,RR,3,True,False,recoverable,0,False,RUNNING
63.96666666666368,7676,S5_PRE_RR_COM_SHIFT,PRELOAD,v008_20260806_211408_578700_manual:S5_PRE_RR_COM_SHIFT:ALTERNATE_PROFILE_2:segments-41-60,3.9916666666664398,0.7,56,0.7400831580162048,0.004712954163551331,0.16186510026454926,0.025828000843343205,-0.1969595173944071,0.018680799528503496,RR,3,True,False,recoverable,0,False,RUNNING
64.03333333333036,7684,S5_PRE_RR_COM_SHIFT,PRELOAD,v008_20260806_211408_578700_manual:S5_PRE_RR_COM_SHIFT:ALTERNATE_PROFILE_2:segments-41-60,4.058333333333117,0.7,56,0.7426807284355164,0.004775159060955048,0.16231051087379456,0.025707126137477786,-0.1966337505330349,0.018661165360757584,RR,3,True,False,recoverable,0,False,RUNNING
64.09999999999708,7692,S5_PRE_RR_COM_SHIFT,PRELOAD,v008_20260806_211408_578700_manual:S5_PRE_RR_COM_SHIFT:ALTERNATE_PROFILE_2:segments-41-60,4.124999999999837,0.75,57,0.7438706755638123,0.005428791046142578,0.1613345742225647,0.020841009472141306,-0.19339137155235883,0.01921873353172017,RR,3,True,False,recoverable,0,False,RUNNING
64.1666666666638,7700,S5_PRE_RR_COM_SHIFT,PRELOAD,v008_20260806_211408_578700_manual:S5_PRE_RR_COM_SHIFT:ALTERNATE_PROFILE_2:segments-41-60,4.191666666666556,0.8,58,0.7468903660774231,0.006159298121929169,0.16099348664283752,0.015771842548854578,-0.1895010577742144,0.019697944862022143,RR,3,True,False,recoverable,0,False,RUNNING
64.23333333333052,7708,S5_PRE_RR_COM_SHIFT,PRELOAD,v008_20260806_211408_578700_manual:S5_PRE_RR_COM_SHIFT:ALTERNATE_PROFILE_2:segments-41-60,4.258333333333276,0.8,58,0.7522063255310059,0.006336696445941925,0.1603294461965561,0.00957335745341965,-0.18610843155590276,0.018417087718185576,RR,3,True,False,recoverable,0,False,RUNNING
64.29999999999724,7716,S5_PRE_RR_COM_SHIFT,PRELOAD,v008_20260806_211408_578700_manual:S5_PRE_RR_COM_SHIFT:ALTERNATE_PROFILE_2:segments-41-60,4.324999999999996,0.85,59,0.7573288679122925,0.007056429982185364,0.15866008400917053,-0.0008356941899638961,-0.18054927372034218,0.017577040152567537,RR,3,True,False,recoverable,0,False,RUNNING
64.36666666666396,7724,S5_PRE_RR_COM_SHIFT,PRELOAD,v008_20260806_211408_578700_manual:S5_PRE_RR_COM_SHIFT:ALTERNATE_PROFILE_2:segments-41-60,4.3916666666667155,0.85,59,0.7604709267616272,0.009059540927410126,0.15611609816551208,-0.017373433477789343,-0.16980806331948828,0.018602155750394995,RR,2,True,False,recoverable,0,False,RUNNING
64.43333333333068,7732,S5_PRE_RR_COM_SHIFT,PRELOAD,v008_20260806_211408_578700_manual:S5_PRE_RR_COM_SHIFT:ALTERNATE_PROFILE_2:segments-41-60,4.458333333333435,0.9,60,0.7631958723068237,0.01207619160413742,0.15223275125026703,-0.04159782197337296,-0.15356370249335236,0.020392746514463902,RR,2,True,False,recoverable,0,False,RUNNING
64.4999999999974,7740,S5_PRE_RR_COM_SHIFT,PRELOAD,v008_20260806_211408_578700_manual:S5_PRE_RR_COM_SHIFT:ALTERNATE_PROFILE_2:segments-41-60,4.525000000000155,0.9,60,0.7663489580154419,0.01604364812374115,0.1468183547258377,-0.07466344577248904,-0.1314297301950546,0.02246887720809534,RR,2,True,False,recoverable,0,False,RUNNING
64.56666666666412,7748,S5_PRE_RR_COM_SHIFT,PRELOAD,v008_20260806_211408_578700_manual:S5_PRE_RR_COM_SHIFT:ALTERNATE_PROFILE_2:segments-41-60,4.591666666666875,0.95,61,0.7701066136360168,0.020850516855716705,0.1399351954460144,-0.11692065992232176,-0.1038078380750693,0.02399475799720494,RR,2,True,False,recoverable,0,False,RUNNING
64.63333333333084,7756,S5_PRE_RR_COM_SHIFT,PRELOAD,v008_20260806_211408_578700_manual:S5_PRE_RR_COM_SHIFT:ALTERNATE_PROFILE_2:segments-41-60,4.658333333333594,0.95,61,0.774650514125824,0.02666405588388443,0.13045373558998108,-0.1722668775370526,-0.06718613467684796,0.02419718070486936,RR,2,True,False,recoverable,0,False,RUNNING
64.69999999999756,7764,S6_RR_TRAVERSE,FACE_CLEAR,v008_20260806_211408_578700_manual:S6_RR_TRAVERSE:ALTERNATE_PROFILE_2:segments-61-74,0.058333333333379755,0.0,61,0.7803301811218262,0.03360959142446518,0.11686816066503525,-0.2473469085699215,-0.017431142750667417,0.021292029252341183,RR,2,True,False,recoverable,0,False,RUNNING
64.76666666666428,7772,S6_RR_TRAVERSE,FACE_CLEAR,v008_20260806_211408_578700_manual:S6_RR_TRAVERSE:ALTERNATE_PROFILE_2:segments-61-74,0.12500000000009948,0.0,62,0.7858750820159912,0.040341950953006744,0.10442554205656052,-0.3174341964653435,0.024113540624880705,0.011207167586741383,RR,3,True,False,recoverable,0,False,RUNNING
64.833333333331,7780,S6_RR_TRAVERSE,FACE_CLEAR,v008_20260806_211408_578700_manual:S6_RR_TRAVERSE:ALTERNATE_PROFILE_2:segments-61-74,0.1916666666668192,0.0,62,0.7863323092460632,0.03990223631262779,0.10388495028018951,-0.3127386012171324,0.023143917287107314,0.011944531491561458,RR,3,True,False,recoverable,0,False,RUNNING
64.89999999999772,7788,S6_RR_TRAVERSE,FACE_CLEAR,v008_20260806_211408_578700_manual:S6_RR_TRAVERSE:ALTERNATE_PROFILE_2:segments-61-74,0.2583333333335389,0.0,62,0.7864710688591003,0.03986687213182449,0.10373994708061218,-0.3128587419263306,0.02260852661996025,0.012144514585291082,RR,3,True,False,recoverable,0,False,RUNNING
64.96666666666444,7796,S6_RR_TRAVERSE,FACE_CLEAR,v008_20260806_211408_578700_manual:S6_RR_TRAVERSE:ALTERNATE_PROFILE_2:segments-61-74,0.32500000000025864,0.07142857142857142,63,0.7865309119224548,0.039824046194553375,0.10359314829111099,-0.3129908215083276,0.022365901563102353,0.012240746168247567,RR,3,True,False,recoverable,0,False,RUNNING
65.03333333333116,7804,S6_RR_TRAVERSE,FACE_CLEAR,v008_20260806_211408_578700_manual:S6_RR_TRAVERSE:ALTERNATE_PROFILE_2:segments-61-74,0.39166666666697836,0.07142857142857142,63,0.7866515517234802,0.03978438302874565,0.10346122831106186,-0.313020334269301,0.022097747397154838,0.01234639844161025,RR,3,True,False,recoverable,0,False,RUNNING
65.09999999999788,7812,S6_RR_TRAVERSE,FACE_CLEAR,v008_20260806_211408_578700_manual:S6_RR_TRAVERSE:ALTERNATE_PROFILE_2:segments-61-74,0.4583333333336981,0.07142857142857142,63,0.7867754697799683,0.039744842797517776,0.10333828628063202,-0.3129614526509391,0.02182925261089176,0.01246166078061726,RR,3,True,False,recoverable,0,False,RUNNING
65.1666666666646,7820,S6_RR_TRAVERSE,FACE_CLEAR,v008_20260806_211408_578700_manual:S6_RR_TRAVERSE:ALTERNATE_PROFILE_2:segments-61-74,0.5250000000004178,0.07142857142857142,63,0.7868639826774597,0.03971462696790695,0.1032104417681694,-0.3130372734920766,0.021673975147722166,0.012541171278588477,RR,3,True,False,recoverable,0,False,RUNNING
65.23333333333132,7828,S6_RR_TRAVERSE,FACE_CLEAR,v008_20260806_211408_578700_manual:S6_RR_TRAVERSE:ALTERNATE_PROFILE_2:segments-61-74,0.5916666666671375,0.07142857142857142,63,0.7869454026222229,0.0396803617477417,0.10309648513793945,-0.31310461509881077,0.021521812282061088,0.012600319185823194,RR,3,True,False,recoverable,0,False,RUNNING
65.29999999999804,7836,S6_RR_TRAVERSE,FACE_CLEAR,v008_20260806_211408_578700_manual:S6_RR_TRAVERSE:ALTERNATE_PROFILE_2:segments-61-74,0.6583333333338572,0.07142857142857142,63,0.7870007753372192,0.03965174779295921,0.10298861563205719,-0.31319634482926373,0.021431068752791167,0.01264040575827124,RR,3,True,False,recoverable,0,False,RUNNING
65.36666666666476,7844,S6_RR_TRAVERSE,FACE_CLEAR,v008_20260806_211408_578700_manual:S6_RR_TRAVERSE:ALTERNATE_PROFILE_2:segments-61-74,0.725000000000577,0.14285714285714285,64,0.7870154976844788,0.03961900994181633,0.10288286209106445,-0.3132968015114273,0.02136593015141286,0.01266603309828322,RR,3,True,False,recoverable,0,False,RUNNING
65.43333333333148,7852,S6_RR_TRAVERSE,FACE_CLEAR,v008_20260806_211408_578700_manual:S6_RR_TRAVERSE:ALTERNATE_PROFILE_2:segments-61-74,0.7916666666672967,0.14285714285714285,64,0.7870974540710449,0.039592720568180084,0.10278728604316711,-0.3133450679047206,0.02121024400694888,0.012725640484517936,RR,3,True,False,recoverable,0,False,RUNNING
65.4999999999982,7860,S6_RR_TRAVERSE,FACE_CLEAR,v008_20260806_211408_578700_manual:S6_RR_TRAVERSE:ALTERNATE_PROFILE_2:segments-61-74,0.8583333333340164,0.21428571428571427,65,0.7871837019920349,0.0395696796476841,0.10269779711961746,-0.3134014892223075,0.02106798288534006,0.012782382976006973,RR,3,True,False,recoverable,0,False,RUNNING
65.56666666666491,7868,S6_RR_TRAVERSE,TOP_PLACE,v008_20260806_211408_578700_manual:S6_RR_TRAVERSE:ALTERNATE_PROFILE_2:segments-61-74,0.9250000000007361,0.2857142857142857,66,0.7871792912483215,0.03956369683146477,0.1026090607047081,-0.3136531278057372,0.021159116197548792,0.012776499511707467,RR,3,True,False,recoverable,0,False,RUNNING
65.63333333333163,7876,S6_RR_TRAVERSE,TOP_PLACE,v008_20260806_211408_578700_manual:S6_RR_TRAVERSE:ALTERNATE_PROFILE_2:segments-61-74,0.9916666666674558,0.2857142857142857,66,0.7872727513313293,0.039539895951747894,0.10252229869365692,-0.31370129542056024,0.020965141829894014,0.012846400072033075,RR,3,True,False,recoverable,0,False,RUNNING
65.69999999999835,7884,S6_RR_TRAVERSE,TOP_PLACE,v008_20260806_211408_578700_manual:S6_RR_TRAVERSE:ALTERNATE_PROFILE_2:segments-61-74,1.0583333333341756,0.35714285714285715,67,0.7873006463050842,0.039520516991615295,0.10245299339294434,-0.3137622683405668,0.020959048032009736,0.012853107398835224,RR,3,True,False,recoverable,0,False,RUNNING
65.76666666666507,7892,S6_RR_TRAVERSE,TOP_PLACE,v008_20260806_211408_578700_manual:S6_RR_TRAVERSE:ALTERNATE_PROFILE_2:segments-61-74,1.1250000000008953,0.35714285714285715,67,0.7874202728271484,0.039499543607234955,0.10237396508455276,-0.31378477979801306,0.020724927409502148,0.012935515166519421,RR,3,True,False,recoverable,0,False,RUNNING
65.8333333333318,7900,S6_RR_TRAVERSE,TOP_PLACE,v008_20260806_211408_578700_manual:S6_RR_TRAVERSE:ALTERNATE_PROFILE_2:segments-61-74,1.191666666667615,0.35714285714285715,67,0.7875012755393982,0.039482176303863525,0.10230542719364166,-0.3138238082859563,0.020617583180641566,0.012972717339745877,RR,3,True,False,recoverable,0,False,RUNNING
65.89999999999851,7908,S6_RR_TRAVERSE,TOP_PLACE,v008_20260806_211408_578700_manual:S6_RR_TRAVERSE:ALTERNATE_PROFILE_2:segments-61-74,1.2583333333343347,0.35714285714285715,67,0.7876045107841492,0.039465129375457764,0.10223308950662613,-0.3138206432524001,0.02045428405383568,0.013037870811068357,RR,3,True,False,recoverable,0,False,RUNNING
65.96666666666523,7916,S6_RR_TRAVERSE,TOP_PLACE,v008_20260806_211408_578700_manual:S6_RR_TRAVERSE:ALTERNATE_PROFILE_2:segments-61-74,1.3250000000010544,0.35714285714285715,67,0.7876641154289246,0.03944652900099754,0.10216692835092545,-0.31387460907845055,0.020399966370701607,0.013058788807234554,RR,3,True,False,recoverable,0,False,RUNNING
66.03333333333195,7924,S6_RR_TRAVERSE,TOP_PLACE,v008_20260806_211408_578700_manual:S6_RR_TRAVERSE:ALTERNATE_PROFILE_2:segments-61-74,1.3916666666677742,0.35714285714285715,67,0.7877222895622253,0.03943193703889847,0.10210853070020676,-0.31391410921005125,0.020358641269664565,0.013075417022658842,RR,3,True,False,recoverable,0,False,RUNNING
66.09999999999867,7932,S6_RR_TRAVERSE,TOP_PLACE,v008_20260806_211408_578700_manual:S6_RR_TRAVERSE:ALTERNATE_PROFILE_2:segments-61-74,1.4583333333344939,0.42857142857142855,68,0.7877053022384644,0.039423245936632156,0.10206397622823715,-0.31397800266407544,0.02047121533826185,0.013052621702149674,RR,3,True,False,recoverable,0,False,RUNNING
66.16666666666539,7940,S6_RR_TRAVERSE,TOP_PLACE,v008_20260806_211408_578700_manual:S6_RR_TRAVERSE:ALTERNATE_PROFILE_2:segments-61-74,1.5250000000012136,0.5,69,0.7877725958824158,0.03941276669502258,0.10201258957386017,-0.3140049005098903,0.020389085038619487,0.01308763190774446,RR,3,True,False,recoverable,0,False,RUNNING
66.23333333333211,7948,S6_RR_TRAVERSE,TOP_PLACE,v008_20260806_211408_578700_manual:S6_RR_TRAVERSE:ALTERNATE_PROFILE_2:segments-61-74,1.5916666666679333,0.5,69,0.7878658771514893,0.039401568472385406,0.10196215659379959,-0.3140052524205039,0.020260776128056986,0.013136649590179168,RR,3,True,False,recoverable,0,False,RUNNING
66.29999999999883,7956,S6_RR_TRAVERSE,TOP_PLACE,v008_20260806_211408_578700_manual:S6_RR_TRAVERSE:ALTERNATE_PROFILE_2:segments-61-74,1.658333333334653,0.5,69,0.7879779934883118,0.039391033351421356,0.10191163420677185,-0.3140044037285228,0.02011856316395743,0.013191067973226707,RR,3,True,False,recoverable,0,False,RUNNING
66.36666666666555,7964,S6_RR_TRAVERSE,TOP_PLACE,v008_20260806_211408_578700_manual:S6_RR_TRAVERSE:ALTERNATE_PROFILE_2:segments-61-74,1.7250000000013728,0.5,69,0.7880749106407166,0.03938045725226402,0.10186205804347992,-0.31404474282847417,0.02002553016812954,0.013222406965145561,RR,3,True,False,recoverable,0,False,RUNNING
66.43333333333227,7972,S6_RR_TRAVERSE,TOP_PLACE,v008_20260806_211408_578700_manual:S6_RR_TRAVERSE:ALTERNATE_PROFILE_2:segments-61-74,1.7916666666680925,0.5714285714285714,70,0.7881156802177429,0.03937196731567383,0.10182176530361176,-0.31407210309742273,0.02006081542422254,0.013214623342772227,RR,3,True,False,recoverable,0,False,RUNNING
66.49999999999899,7980,S6_RR_TRAVERSE,TOP_PLACE,v008_20260806_211408_578700_manual:S6_RR_TRAVERSE:ALTERNATE_PROFILE_2:segments-61-74,1.8583333333348122,0.6428571428571429,71,0.7881491780281067,0.039363082498311996,0.10178747773170471,-0.31408114819096616,0.020092606789443256,0.013206134970903867,RR,3,True,False,recoverable,0,False,RUNNING
66.56666666666571,7988,S6_RR_TRAVERSE,TOP_PLACE,v008_20260806_211408_578700_manual:S6_RR_TRAVERSE:ALTERNATE_PROFILE_2:segments-61-74,1.925000000001532,0.6428571428571429,71,0.788244366645813,0.03935506194829941,0.10174452513456345,-0.31411701627586697,0.020005524092316786,0.013235745092687577,RR,3,True,False,recoverable,0,False,RUNNING
66.63333333333243,7996,S6_RR_TRAVERSE,TOP_PLACE,v008_20260806_211408_578700_manual:S6_RR_TRAVERSE:ALTERNATE_PROFILE_2:segments-61-74,1.9916666666682517,0.7142857142857143,72,0.7883574366569519,0.03934831917285919,0.10169969499111176,-0.31414844262253694,0.01990325225187586,0.013269282195367306,RR,3,True,False,recoverable,0,False,RUNNING
66.69999999999915,8004,S6_RR_TRAVERSE,TOP_PLACE,v008_20260806_211408_578700_manual:S6_RR_TRAVERSE:ALTERNATE_PROFILE_2:segments-61-74,2.0583333333349714,0.7857142857142857,73,0.7893500328063965,0.03936957195401192,0.10150179266929626,-0.31443846508984946,0.020004978536652965,0.013229209589565923,RR,3,True,False,recoverable,0,False,RUNNING
66.76666666666587,8012,S6_RR_TRAVERSE,TOP_PLACE,v008_20260806_211408_578700_manual:S6_RR_TRAVERSE:ALTERNATE_PROFILE_2:segments-61-74,2.125000000001691,0.7857142857142857,73,0.7904383540153503,0.03937872499227524,0.10129803419113159,-0.31462650957702964,0.01993128470447598,0.013243043774254793,RR,3,True,False,recoverable,0,False,RUNNING
66.83333333333259,8020,S6_RR_TRAVERSE,TOP_PLACE,v008_20260806_211408_578700_manual:S6_RR_TRAVERSE:ALTERNATE_PROFILE_2:segments-61-74,2.191666666668411,0.7857142857142857,73,0.7914513349533081,0.039354756474494934,0.1011745035648346,-0.3142628646419133,0.019559544133232496,0.013261874890520864,RR,3,True,False,recoverable,0,False,RUNNING
66.89999999999931,8028,S6_RR_TRAVERSE,TOP_PLACE,v008_20260806_211408_578700_manual:S6_RR_TRAVERSE:ALTERNATE_PROFILE_2:segments-61-74,2.2583333333351305,0.7857142857142857,73,0.7924145460128784,0.039305832237005234,0.10107441246509552,-0.31388269649533457,0.01941587436579708,0.013297346760319165,RR,3,True,False,recoverable,0,False,RUNNING
66.96666666666603,8036,S6_RR_TRAVERSE,TOP_PLACE,v008_20260806_211408_578700_manual:S6_RR_TRAVERSE:ALTERNATE_PROFILE_2:segments-61-74,2.3250000000018503,0.7857142857142857,73,0.7933482527732849,0.03925083205103874,0.10099484771490097,-0.31346355379114255,0.019432289182371547,0.013338035496732263,RR,3,True,False,recoverable,0,False,RUNNING
67.03333333333275,8044,S6_RR_TRAVERSE,TOP_PLACE,v008_20260806_211408_578700_manual:S6_RR_TRAVERSE:ALTERNATE_PROFILE_2:segments-61-74,2.39166666666857,0.7857142857142857,73,0.7943359613418579,0.039180584251880646,0.10091154277324677,-0.31296061341911174,0.019380832628885892,0.013405503522233667,RR,3,True,False,recoverable,0,False,RUNNING
67.09999999999947,8052,S6_RR_TRAVERSE,TOP_PLACE,v008_20260806_211408_578700_manual:S6_RR_TRAVERSE:ALTERNATE_PROFILE_2:segments-61-74,2.4583333333352897,0.7857142857142857,73,0.7953476905822754,0.03910956159234047,0.10081381350755692,-0.3124203176034816,0.019336355976528927,0.01349501615475167,RR,3,True,False,recoverable,0,False,RUNNING
67.16666666666619,8060,S6_RR_TRAVERSE,TOP_PLACE,v008_20260806_211408_578700_manual:S6_RR_TRAVERSE:ALTERNATE_PROFILE_2:segments-61-74,2.5250000000020094,0.7857142857142857,73,0.7961886525154114,0.039111118763685226,0.1007876843214035,-0.31294307859168435,0.01948680438626165,0.013396480171841401,RR,3,True,False,recoverable,0,False,RUNNING
67.23333333333291,8068,S6_RR_TRAVERSE,TOP_PLACE,v008_20260806_211408_578700_manual:S6_RR_TRAVERSE:ALTERNATE_PROFILE_2:segments-61-74,2.591666666668729,0.7857142857142857,73,0.7970489263534546,0.03912128880620003,0.1007712110877037,-0.3135784635539766,0.01962540751958852,0.013315562815514093,RR,3,True,False,recoverable,0,False,RUNNING
67.29999999999963,8076,S6_RR_TRAVERSE,TOP_PLACE,v008_20260806_211408_578700_manual:S6_RR_TRAVERSE:ALTERNATE_PROFILE_2:segments-61-74,2.658333333335449,0.7857142857142857,73,0.7979426980018616,0.039164625108242035,0.1007314920425415,-0.3143534901985684,0.019738000870940825,0.013302609567617184,RR,3,True,False,recoverable,0,False,RUNNING
67.36666666666635,8084,S6_RR_TRAVERSE,TOP_PLACE,v008_20260806_211408_578700_manual:S6_RR_TRAVERSE:ALTERNATE_PROFILE_2:segments-61-74,2.7250000000021686,0.7857142857142857,73,0.7987596392631531,0.039152637124061584,0.10076574236154556,-0.31469492818295836,0.019574725228282956,0.013332944502291685,RR,3,True,False,recoverable,0,False,RUNNING
67.43333333333307,8092,S6_RR_TRAVERSE,TOP_PLACE,v008_20260806_211408_578700_manual:S6_RR_TRAVERSE:ALTERNATE_PROFILE_2:segments-61-74,2.7916666666688883,0.7857142857142857,73,0.7996246814727783,0.039115358144044876,0.10081875324249268,-0.31473603152469165,0.019258013983582702,0.013348665295984202,RR,3,True,False,recoverable,0,False,RUNNING
67.49999999999979,8100,S6_RR_TRAVERSE,TOP_PLACE,v008_20260806_211408_578700_manual:S6_RR_TRAVERSE:ALTERNATE_PROFILE_2:segments-61-74,2.858333333335608,0.7857142857142857,73,0.8004357814788818,0.03910163789987564,0.10085466504096985,-0.31482380683728856,0.019050795523435346,0.013325133101272616,RR,3,True,False,recoverable,0,False,RUNNING
67.5666666666665,8108,S6_RR_TRAVERSE,TOP_PLACE,v008_20260806_211408_578700_manual:S6_RR_TRAVERSE:ALTERNATE_PROFILE_2:segments-61-74,2.9250000000023277,0.7857142857142857,73,0.8011781573295593,0.039064258337020874,0.10091549158096313,-0.3149643611912111,0.019101195040759498,0.01332601332828468,RR,3,True,False,recoverable,0,False,RUNNING
67.63333333333323,8116,S6_RR_TRAVERSE,TOP_PLACE,v008_20260806_211408_578700_manual:S6_RR_TRAVERSE:ALTERNATE_PROFILE_2:segments-61-74,2.9916666666690475,0.7857142857142857,73,0.8019523620605469,0.039014410227537155,0.10098663717508316,-0.31495554381176305,0.019105565938023733,0.013312371825222543,RR,3,True,False,recoverable,0,False,RUNNING
67.69999999999995,8124,S6_RR_TRAVERSE,TOP_PLACE,v008_20260806_211408_578700_manual:S6_RR_TRAVERSE:ALTERNATE_PROFILE_2:segments-61-74,3.058333333335767,0.7857142857142857,73,0.8027595281600952,0.03898220509290695,0.10105269402265549,-0.314946957521,0.019077902320165367,0.013341166547722572,RR,3,True,False,recoverable,0,False,RUNNING
67.76666666666667,8132,S6_RR_TRAVERSE,TOP_PLACE,v008_20260806_211408_578700_manual:S6_RR_TRAVERSE:ALTERNATE_PROFILE_2:segments-61-74,3.125000000002487,0.7857142857142857,73,0.803595781326294,0.0389244519174099,0.10111136734485626,-0.3149026972860132,0.019001122082448883,0.013392758035123672,RR,3,True,False,recoverable,0,False,RUNNING
67.83333333333339,8140,S6_RR_TRAVERSE,TOP_PLACE,v008_20260806_211408_578700_manual:S6_RR_TRAVERSE:ALTERNATE_PROFILE_2:segments-61-74,3.1916666666692066,0.7857142857142857,73,0.804431676864624,0.038887910544872284,0.10116767883300781,-0.31483086899577156,0.018991891943794734,0.013427531832611216,RR,3,True,False,recoverable,0,False,RUNNING
67.9000000000001,8148,S6_RR_TRAVERSE,TOP_PLACE,v008_20260806_211408_578700_manual:S6_RR_TRAVERSE:ALTERNATE_PROFILE_2:segments-61-74,3.2583333333359263,0.7857142857142857,73,0.8053070306777954,0.03885592520236969,0.10122652351856232,-0.3146594552041361,0.01895539309044047,0.013549623007056075,RR,3,True,False,recoverable,0,False,RUNNING
67.96666666666682,8156,S6_RR_TRAVERSE,TOP_PLACE,v008_20260806_211408_578700_manual:S6_RR_TRAVERSE:ALTERNATE_PROFILE_2:segments-61-74,3.325000000002646,0.7857142857142857,73,0.8061990737915039,0.03882695361971855,0.10126649588346481,-0.3145297067657775,0.018878092705219365,0.013647324118039712,RR,3,True,False,recoverable,0,False,RUNNING
68.03333333333354,8164,S6_RR_TRAVERSE,TOP_PLACE,v008_20260806_211408_578700_manual:S6_RR_TRAVERSE:ALTERNATE_PROFILE_2:segments-61-74,3.391666666669366,0.7857142857142857,73,0.8070929646492004,0.03879797086119652,0.1013038232922554,-0.31440535234520595,0.01884974240898912,0.013730324983373935,RR,3,True,False,recoverable,0,False,RUNNING
68.10000000000026,8172,S6_RR_TRAVERSE,TOP_PLACE,v008_20260806_211408_578700_manual:S6_RR_TRAVERSE:ALTERNATE_PROFILE_2:segments-61-74,3.4583333333360855,0.7857142857142857,73,0.8079918026924133,0.0387507900595665,0.10132627934217453,-0.31425235904706794,0.01883571272942367,0.01381692356533851,RR,3,True,False,recoverable,0,False,RUNNING
68.16666666666698,8180,S6_RR_TRAVERSE,TOP_PLACE,v008_20260806_211408_578700_manual:S6_RR_TRAVERSE:ALTERNATE_PROFILE_2:segments-61-74,3.5250000000028052,0.7857142857142857,73,0.8088929057121277,0.038709212094545364,0.1013408899307251,-0.31405972970958757,0.01885240764593046,0.01394950397101321,RR,3,True,False,recoverable,0,False,RUNNING
68.2333333333337,8188,S6_RR_TRAVERSE,TOP_PLACE,v008_20260806_211408_578700_manual:S6_RR_TRAVERSE:ALTERNATE_PROFILE_2:segments-61-74,3.591666666669525,0.7857142857142857,73,0.8098353147506714,0.038661785423755646,0.10135756433010101,-0.31372962528869963,0.018817141068235628,0.01403501425532352,RR,3,True,False,recoverable,0,False,RUNNING
68.30000000000042,8196,S6_RR_TRAVERSE,TOP_PLACE,v008_20260806_211408_578700_manual:S6_RR_TRAVERSE:ALTERNATE_PROFILE_2:segments-61-74,3.6583333333362447,0.7857142857142857,73,0.8107799291610718,0.03865494951605797,0.1013597622513771,-0.3134800454152438,0.018820390011903786,0.014153261536921568,RR,3,True,False,recoverable,0,False,RUNNING
68.36666666666714,8204,S6_RR_TRAVERSE,TOP_PLACE,v008_20260806_211408_578700_manual:S6_RR_TRAVERSE:ALTERNATE_PROFILE_2:segments-61-74,3.7250000000029644,0.7857142857142857,73,0.8117159008979797,0.038655467331409454,0.10132775455713272,-0.3134237892933896,0.01886387664251569,0.01440994777774529,RR,3,True,False,recoverable,0,False,RUNNING
68.43333333333386,8212,S6_RR_TRAVERSE,TOP_PLACE,v008_20260806_211408_578700_manual:S6_RR_TRAVERSE:ALTERNATE_PROFILE_2:segments-61-74,3.791666666669684,0.7857142857142857,73,0.8126707673072815,0.038647521287202835,0.10127360373735428,-0.31333922092348165,0.018905650858186972,0.014648298978145098,RR,3,True,False,recoverable,0,False,RUNNING
68.50000000000058,8220,S6_RR_TRAVERSE,TOP_PLACE,v008_20260806_211408_578700_manual:S6_RR_TRAVERSE:ALTERNATE_PROFILE_2:segments-61-74,3.858333333336404,0.7857142857142857,73,0.8136399984359741,0.038632918149232864,0.10120195895433426,-0.31319055685448693,0.01892283172998075,0.01495478194416069,RR,3,True,False,recoverable,0,False,RUNNING
68.5666666666673,8228,S6_RR_TRAVERSE,TOP_PLACE,v008_20260806_211408_578700_manual:S6_RR_TRAVERSE:ALTERNATE_PROFILE_2:segments-61-74,3.9250000000031235,0.7857142857142857,73,0.8146504759788513,0.03865383565425873,0.10111771523952484,-0.31300834017071894,0.01891751365774058,0.015118032060989207,RR,3,True,False,recoverable,0,False,RUNNING
68.63333333333402,8236,S6_RR_TRAVERSE,TOP_PLACE,v008_20260806_211408_578700_manual:S6_RR_TRAVERSE:ALTERNATE_PROFILE_2:segments-61-74,3.9916666666698433,0.7857142857142857,73,0.815676212310791,0.038709692656993866,0.10103753954172134,-0.3127788879275501,0.018979825677492585,0.015216302355576446,RR,3,True,False,recoverable,0,False,RUNNING
68.70000000000074,8244,S6_RR_TRAVERSE,TOP_PLACE,v008_20260806_211408_578700_manual:S6_RR_TRAVERSE:ALTERNATE_PROFILE_2:segments-61-74,4.058333333336563,0.7857142857142857,73,0.8167186975479126,0.03878595679998398,0.10092167556285858,-0.31271121809776137,0.01903418833001017,0.015296393558737489,RR,3,True,False,recoverable,0,False,RUNNING
68.76666666666746,8252,S6_RR_TRAVERSE,TOP_PLACE,v008_20260806_211408_578700_manual:S6_RR_TRAVERSE:ALTERNATE_PROFILE_2:segments-61-74,4.125000000003283,0.7857142857142857,73,0.817600429058075,0.038897037506103516,0.10087260603904724,-0.3135147791236752,0.01931114805305722,0.015089442163375091,RR,3,True,False,recoverable,0,False,RUNNING
68.83333333333418,8260,S6_RR_TRAVERSE,TOP_PLACE,v008_20260806_211408_578700_manual:S6_RR_TRAVERSE:ALTERNATE_PROFILE_2:segments-61-74,4.191666666670002,0.7857142857142857,73,0.8185487389564514,0.038989435881376266,0.10079476237297058,-0.3143392904484299,0.019450059214202984,0.01491342858419481,RR,3,True,False,recoverable,0,False,RUNNING
68.9000000000009,8268,S6_RR_TRAVERSE,TOP_PLACE,v008_20260806_211408_578700_manual:S6_RR_TRAVERSE:ALTERNATE_PROFILE_2:segments-61-74,4.258333333336722,0.7857142857142857,73,0.8194938898086548,0.03910313919186592,0.10072837769985199,-0.3149871023883736,0.01953725543139222,0.014750357288843769,RR,3,True,False,recoverable,0,False,RUNNING
68.96666666666762,8276,S6_RR_TRAVERSE,TOP_PLACE,v008_20260806_211408_578700_manual:S6_RR_TRAVERSE:ALTERNATE_PROFILE_2:segments-61-74,4.325000000003442,0.7857142857142857,73,0.8203606605529785,0.039158303290605545,0.10076142102479935,-0.31503087361872617,0.01923461316965804,0.014615330772337756,RR,3,True,False,recoverable,0,False,RUNNING
69.03333333333434,8284,S6_RR_TRAVERSE,TOP_PLACE,v008_20260806_211408_578700_manual:S6_RR_TRAVERSE:ALTERNATE_PROFILE_2:segments-61-74,4.391666666670162,0.7857142857142857,73,0.821266233921051,0.03919940069317818,0.1007898598909378,-0.3149699739916453,0.0188325715427756,0.014472535662217158,RR,3,True,False,recoverable,0,False,RUNNING
69.10000000000106,8292,S6_RR_TRAVERSE,TOP_PLACE,v008_20260806_211408_578700_manual:S6_RR_TRAVERSE:ALTERNATE_PROFILE_2:segments-61-74,4.458333333336881,0.7857142857142857,73,0.8221957087516785,0.039234329015016556,0.10080991685390472,-0.31493430552344936,0.018439645962899157,0.014277796031740033,RR,3,True,False,recoverable,0,False,RUNNING
69.16666666666778,8300,S6_RR_TRAVERSE,TOP_PLACE,v008_20260806_211408_578700_manual:S6_RR_TRAVERSE:ALTERNATE_PROFILE_2:segments-61-74,4.525000000003601,0.7857142857142857,73,0.8230440616607666,0.03924977779388428,0.10084217041730881,-0.3149151831459245,0.018273568483471208,0.014220577435066318,RR,3,True,False,recoverable,0,False,RUNNING
69.2333333333345,8308,S6_RR_TRAVERSE,TOP_PLACE,v008_20260806_211408_578700_manual:S6_RR_TRAVERSE:ALTERNATE_PROFILE_2:segments-61-74,4.591666666670321,0.7857142857142857,73,0.8238145709037781,0.039252378046512604,0.10091624408960342,-0.3148790293004345,0.018417471045881546,0.014141192668551272,RR,3,True,False,recoverable,0,False,RUNNING
69.30000000000122,8316,S6_RR_TRAVERSE,TOP_PLACE,v008_20260806_211408_578700_manual:S6_RR_TRAVERSE:ALTERNATE_PROFILE_2:segments-61-74,4.6583333333370405,0.7857142857142857,73,0.8246426582336426,0.03926548361778259,0.10097913444042206,-0.3148672015999887,0.01847175469278703,0.01410981770141177,RR,3,True,False,recoverable,0,False,RUNNING
69.36666666666794,8324,S6_RR_TRAVERSE,TOP_PLACE,v008_20260806_211408_578700_manual:S6_RR_TRAVERSE:ALTERNATE_PROFILE_2:segments-61-74,4.72500000000376,0.7857142857142857,73,0.8254929780960083,0.03923835605382919,0.10104770213365555,-0.3148027601617866,0.018498572797734918,0.014053132178996505,RR,3,True,False,recoverable,0,False,RUNNING
69.43333333333466,8332,S6_RR_TRAVERSE,TOP_PLACE,v008_20260806_211408_578700_manual:S6_RR_TRAVERSE:ALTERNATE_PROFILE_2:segments-61-74,4.79166666667048,0.7857142857142857,73,0.8263600468635559,0.03924183547496796,0.10110579431056976,-0.3146482089785414,0.018550839169193298,0.014051923603833857,RR,3,True,False,recoverable,0,False,RUNNING
69.50000000000138,8340,S6_RR_TRAVERSE,TOP_PLACE,v008_20260806_211408_578700_manual:S6_RR_TRAVERSE:ALTERNATE_PROFILE_2:segments-61-74,4.8583333333372,0.7857142857142857,73,0.8272759914398193,0.039212893694639206,0.10115163773298264,-0.31452469392200794,0.018533714320549836,0.014030980443714956,RR,3,True,False,recoverable,0,False,RUNNING
69.5666666666681,8348,S6_RR_TRAVERSE,TOP_PLACE,v008_20260806_211408_578700_manual:S6_RR_TRAVERSE:ALTERNATE_PROFILE_2:segments-61-74,4.925000000003919,0.7857142857142857,73,0.8281666040420532,0.0392051599919796,0.101181261241436,-0.31449299358720323,0.01857815652516556,0.014031643050894813,RR,3,True,False,recoverable,0,False,RUNNING
69.63333333333482,8356,S6_RR_TRAVERSE,TOP_PLACE,v008_20260806_211408_578700_manual:S6_RR_TRAVERSE:ALTERNATE_PROFILE_2:segments-61-74,4.991666666670639,0.7857142857142857,73,0.8291001915931702,0.039231300354003906,0.1012079045176506,-0.314420756409613,0.018632198865287018,0.014137389667827403,RR,3,True,False,recoverable,0,False,RUNNING
69.70000000000154,8364,S6_RR_TRAVERSE,TOP_PLACE,v008_20260806_211408_578700_manual:S6_RR_TRAVERSE:ALTERNATE_PROFILE_2:segments-61-74,5.058333333337359,0.7857142857142857,73,0.8300148844718933,0.03928220272064209,0.10123521834611893,-0.3142120529148813,0.018679548199995614,0.014299010964025268,RR,3,True,False,recoverable,0,False,RUNNING
69.76666666666826,8372,S6_RR_TRAVERSE,TOP_PLACE,v008_20260806_211408_578700_manual:S6_RR_TRAVERSE:ALTERNATE_PROFILE_2:segments-61-74,5.1250000000040785,0.7857142857142857,73,0.8309662342071533,0.03932146355509758,0.10124530643224716,-0.3139833158075637,0.018734749408690066,0.014465377677255822,RR,3,True,False,recoverable,0,False,RUNNING
69.83333333333498,8380,S6_RR_TRAVERSE,TOP_PLACE,v008_20260806_211408_578700_manual:S6_RR_TRAVERSE:ALTERNATE_PROFILE_2:segments-61-74,5.191666666670798,0.7857142857142857,73,0.8319214582443237,0.039355892688035965,0.10124493390321732,-0.3137974726414667,0.0188095948285135,0.01459549349556142,RR,3,True,False,recoverable,0,False,RUNNING
69.9000000000017,8388,S6_RR_TRAVERSE,TOP_PLACE,v008_20260806_211408_578700_manual:S6_RR_TRAVERSE:ALTERNATE_PROFILE_2:segments-61-74,5.258333333337518,0.8571428571428571,74,0.832014262676239,0.039356779307127,0.10123395174741745,-0.3137947865337253,0.01867430121428882,0.014662303221090234,RR,3,True,False,recoverable,0,False,RUNNING
69.96666666666842,8396,S6_RR_TRAVERSE,TOP_PLACE,v008_20260806_211408_578700_manual:S6_RR_TRAVERSE:ALTERNATE_PROFILE_2:segments-61-74,5.325000000004238,0.9285714285714286,75,0.8288215398788452,0.03787006810307503,0.10556463152170181,-0.29200866860618047,0.006674490686847123,0.015822623064461867,RR,3,True,False,recoverable,0,False,RUNNING
70.03333333333514,8404,S6_RR_TRAVERSE,TOP_PLACE,v008_20260806_211408_578700_manual:S6_RR_TRAVERSE:ALTERNATE_PROFILE_2:segments-61-74,5.391666666670957,0.9285714285714286,75,0.8178065419197083,0.032854825258255005,0.11694522947072983,-0.22867920324910893,-0.02359002450906239,0.016530755449333478,RR,3,True,False,recoverable,0,False,RUNNING
70.10000000000186,8412,S6_RR_TRAVERSE,TOP_PLACE,v008_20260806_211408_578700_manual:S6_RR_TRAVERSE:ALTERNATE_PROFILE_2:segments-61-74,5.458333333337677,0.9285714285714286,75,0.8056332468986511,0.02486874908208847,0.12857362627983093,-0.1607497210477473,-0.06654478527708478,0.009462380110063064,RR,4,True,False,recoverable,0,False,RUNNING
70.16666666666858,8420,S6_RR_TRAVERSE,TOP_PLACE,v008_20260806_211408_578700_manual:S6_RR_TRAVERSE:ALTERNATE_PROFILE_2:segments-61-74,5.525000000004397,0.9285714285714286,75,0.8054227232933044,0.02263551950454712,0.1368294358253479,-0.14930615897115143,-0.09625162539668952,0.0015749014035710066,RR,3,True,False,recoverable,0,False,RUNNING
70.2333333333353,8428,S6_RR_TRAVERSE,TOP_PLACE,v008_20260806_211408_578700_manual:S6_RR_TRAVERSE:ALTERNATE_PROFILE_2:segments-61-74,5.591666666671117,0.9285714285714286,75,0.8125032782554626,0.02392670512199402,0.14153750240802765,-0.15943103193932692,-0.10621221031427071,-0.00011140219979392593,RR,3,True,False,recoverable,0,False,RUNNING
70.30000000000202,8436,S6_RR_TRAVERSE,TOP_PLACE,v008_20260806_211408_578700_manual:S6_RR_TRAVERSE:ALTERNATE_PROFILE_2:segments-61-74,5.658333333337836,0.9285714285714286,75,0.8174744248390198,0.02468045800924301,0.1404457986354828,-0.1674369131978631,-0.10080919999432128,-0.001739259894362078,RR,3,True,False,recoverable,0,False,RUNNING
70.36666666666873,8444,S6_RR_TRAVERSE,TOP_PLACE,v008_20260806_211408_578700_manual:S6_RR_TRAVERSE:ALTERNATE_PROFILE_2:segments-61-74,5.725000000004556,0.9285714285714286,75,0.8170905709266663,0.02420172095298767,0.13961389660835266,-0.16412586653284034,-0.09767051107176504,-0.002439112903562621,RR,3,True,False,recoverable,0,False,RUNNING
70.43333333333545,8452,S6_RR_TRAVERSE,TOP_PLACE,v008_20260806_211408_578700_manual:S6_RR_TRAVERSE:ALTERNATE_PROFILE_2:segments-61-74,5.791666666671276,0.9285714285714286,75,0.815506637096405,0.023460574448108673,0.14092281460762024,-0.15409235275502325,-0.10387158588373319,-0.002793954797269702,RR,3,True,False,recoverable,0,False,RUNNING
70.50000000000217,8460,S6_RR_TRAVERSE,TOP_PLACE,v008_20260806_211408_578700_manual:S6_RR_TRAVERSE:ALTERNATE_PROFILE_2:segments-61-74,5.858333333337995,0.9285714285714286,75,0.8137571215629578,0.023144863545894623,0.14444071054458618,-0.14784305567000938,-0.11477599784795611,-0.0018315546630518521,RR,3,True,False,recoverable,0,False,RUNNING
70.5666666666689,8468,S6_RR_TRAVERSE,TOP_PLACE,v008_20260806_211408_578700_manual:S6_RR_TRAVERSE:ALTERNATE_PROFILE_2:segments-61-74,5.925000000004715,0.9285714285714286,75,0.8142939805984497,0.023796796798706055,0.14761321246623993,-0.15028736793919173,-0.12604376789516042,-0.0006684572168316593,RR,3,True,False,recoverable,0,False,RUNNING
70.63333333333561,8476,S6_RR_TRAVERSE,TOP_PLACE,v008_20260806_211408_578700_manual:S6_RR_TRAVERSE:ALTERNATE_PROFILE_2:segments-61-74,5.991666666671435,0.9285714285714286,75,0.815227210521698,0.023500956594944,0.14879411458969116,-0.1467894092943123,-0.1268441874770416,-0.0008374408880265639,RR,3,True,False,recoverable,0,False,RUNNING
70.70000000000233,8484,S6_RR_TRAVERSE,TOP_PLACE,v008_20260806_211408_578700_manual:S6_RR_TRAVERSE:ALTERNATE_PROFILE_2:segments-61-74,6.058333333338155,0.9285714285714286,75,0.8128455281257629,0.023200303316116333,0.14884428679943085,-0.14350584968619595,-0.12647973732581208,-0.0006961881853145626,RR,3,True,False,recoverable,0,False,RUNNING
70.76666666666905,8492,S6_RR_TRAVERSE,TOP_PLACE,v008_20260806_211408_578700_manual:S6_RR_TRAVERSE:ALTERNATE_PROFILE_2:segments-61-74,6.125000000004874,0.9285714285714286,75,0.8114492297172546,0.023927897214889526,0.14776970446109772,-0.14555764373763047,-0.12441813497178181,0.0024767947648580767,RR,3,True,False,recoverable,0,False,RUNNING
70.83333333333577,8500,S6_RR_TRAVERSE,TOP_PLACE,v008_20260806_211408_578700_manual:S6_RR_TRAVERSE:ALTERNATE_PROFILE_2:segments-61-74,6.191666666671594,0.9285714285714286,75,0.8095694780349731,0.02487964928150177,0.14596021175384521,-0.14751782641964897,-0.1178731065991917,0.008436421264496147,RR,3,True,False,recoverable,0,False,RUNNING
70.90000000000249,8508,S6_RR_TRAVERSE,TOP_PLACE,v008_20260806_211408_578700_manual:S6_RR_TRAVERSE:ALTERNATE_PROFILE_2:segments-61-74,6.258333333338314,0.9285714285714286,75,0.8070595264434814,0.025768473744392395,0.14451831579208374,-0.1489180595758756,-0.11409435110883144,0.012797474083390296,RR,3,True,False,recoverable,0,False,RUNNING
70.96666666666921,8516,S8_RL_COM_SHIFT_AND_TRAVERSE,PRELOAD,v008_20260806_211408_578700_manual:S8_RL_COM_SHIFT_AND_TRAVERSE:ALTERNATE_PROFILE_2:segments-75-117,0.05000000000003979,0.0,76,0.8065369129180908,0.0254814550280571,0.14392654597759247,-0.14687140253363598,-0.11135376781331913,0.012943584702701376,RL,3,True,False,recoverable,0,False,RUNNING
71.03333333333593,8524,S8_RL_COM_SHIFT_AND_TRAVERSE,PRELOAD,v008_20260806_211408_578700_manual:S8_RL_COM_SHIFT_AND_TRAVERSE:ALTERNATE_PROFILE_2:segments-75-117,0.11666666666675951,0.0,76,0.806321918964386,0.025343582034111023,0.14356297254562378,-0.14586336616280782,-0.1097067998013154,0.012789676402317087,RL,3,True,False,recoverable,0,False,RUNNING
71.10000000000265,8532,S8_RL_COM_SHIFT_AND_TRAVERSE,PRELOAD,v008_20260806_211408_578700_manual:S8_RL_COM_SHIFT_AND_TRAVERSE:ALTERNATE_PROFILE_2:segments-75-117,0.18333333333347923,0.023255813953488372,77,0.8064915537834167,0.02538929134607315,0.14333151280879974,-0.14633829170547877,-0.10891321533538122,0.012801673195519492,RL,3,True,False,recoverable,0,False,RUNNING
71.16666666666937,8540,S8_RL_COM_SHIFT_AND_TRAVERSE,PRELOAD,v008_20260806_211408_578700_manual:S8_RL_COM_SHIFT_AND_TRAVERSE:ALTERNATE_PROFILE_2:segments-75-117,0.25000000000019895,0.023255813953488372,77,0.8067772388458252,0.02546936273574829,0.1431177854537964,-0.1471464406235292,-0.1084796325922423,0.012866779897885015,RL,3,True,False,recoverable,0,False,RUNNING
71.23333333333609,8548,S8_RL_COM_SHIFT_AND_TRAVERSE,PRELOAD,v008_20260806_211408_578700_manual:S8_RL_COM_SHIFT_AND_TRAVERSE:ALTERNATE_PROFILE_2:segments-75-117,0.3166666666669187,0.046511627906976744,78,0.8070480823516846,0.025549158453941345,0.14292599260807037,-0.14791466443429277,-0.10807754395156996,0.012924831355939451,RL,3,True,False,recoverable,0,False,RUNNING
71.30000000000281,8556,S8_RL_COM_SHIFT_AND_TRAVERSE,PRELOAD,v008_20260806_211408_578700_manual:S8_RL_COM_SHIFT_AND_TRAVERSE:ALTERNATE_PROFILE_2:segments-75-117,0.3833333333336384,0.046511627906976744,78,0.807309091091156,0.025624975562095642,0.14273908734321594,-0.14865623602350303,-0.10775269631666266,0.012969518230732354,RL,3,True,False,recoverable,0,False,RUNNING
71.36666666666953,8564,S8_RL_COM_SHIFT_AND_TRAVERSE,PRELOAD,v008_20260806_211408_578700_manual:S8_RL_COM_SHIFT_AND_TRAVERSE:ALTERNATE_PROFILE_2:segments-75-117,0.4500000000003581,0.06976744186046512,79,0.8075965642929077,0.02570790797472,0.1425495445728302,-0.14945559994081087,-0.1074644977167016,0.01304060653433293,RL,3,True,False,recoverable,0,False,RUNNING
71.43333333333625,8572,S8_RL_COM_SHIFT_AND_TRAVERSE,PRELOAD,v008_20260806_211408_578700_manual:S8_RL_COM_SHIFT_AND_TRAVERSE:ALTERNATE_PROFILE_2:segments-75-117,0.5166666666670778,0.06976744186046512,79,0.8075659275054932,0.025735706090927124,0.1425020545721054,-0.1497286836284141,-0.10729575339737793,0.01305025939273279,RL,3,True,False,recoverable,0,False,RUNNING
71.50000000000297,8580,S8_RL_COM_SHIFT_AND_TRAVERSE,PRELOAD,v008_20260806_211408_578700_manual:S8_RL_COM_SHIFT_AND_TRAVERSE:ALTERNATE_PROFILE_2:segments-75-117,0.5833333333337976,0.09302325581395349,80,0.8075249195098877,0.025754764676094055,0.14247992634773254,-0.14992845503937882,-0.10716015149965855,0.013045977715719654,RL,3,True,False,recoverable,0,False,RUNNING
71.56666666666969,8588,S8_RL_COM_SHIFT_AND_TRAVERSE,PRELOAD,v008_20260806_211408_578700_manual:S8_RL_COM_SHIFT_AND_TRAVERSE:ALTERNATE_PROFILE_2:segments-75-117,0.6500000000005173,0.09302325581395349,80,0.8075295090675354,0.025777138769626617,0.1424614042043686,-0.15016749806068927,-0.10707840417342866,0.013046986750792305,RL,3,True,False,recoverable,0,False,RUNNING
71.63333333333641,8596,S8_RL_COM_SHIFT_AND_TRAVERSE,PRELOAD,v008_20260806_211408_578700_manual:S8_RL_COM_SHIFT_AND_TRAVERSE:ALTERNATE_PROFILE_2:segments-75-117,0.716666666667237,0.11627906976744186,81,0.8075863122940063,0.025807388126850128,0.14243438839912415,-0.1504886196579055,-0.10709974476708843,0.013065371323761166,RL,3,True,False,recoverable,0,False,RUNNING
71.70000000000313,8604,S8_RL_COM_SHIFT_AND_TRAVERSE,PRELOAD,v008_20260806_211408_578700_manual:S8_RL_COM_SHIFT_AND_TRAVERSE:ALTERNATE_PROFILE_2:segments-75-117,0.7833333333339567,0.13953488372093023,82,0.8075944185256958,0.025826767086982727,0.1424035280942917,-0.15068841186343038,-0.10704061211957207,0.013073312284045423,RL,3,True,False,recoverable,0,False,RUNNING
71.76666666666985,8612,S8_RL_COM_SHIFT_AND_TRAVERSE,PRELOAD,v008_20260806_211408_578700_manual:S8_RL_COM_SHIFT_AND_TRAVERSE:ALTERNATE_PROFILE_2:segments-75-117,0.8500000000006764,0.16279069767441862,83,0.8075302243232727,0.025807686150074005,0.1423758864402771,-0.15060826702320668,-0.10674856387988811,0.013054053720629353,RL,3,True,False,recoverable,0,False,RUNNING
71.83333333333657,8620,S8_RL_COM_SHIFT_AND_TRAVERSE,PRELOAD,v008_20260806_211408_578700_manual:S8_RL_COM_SHIFT_AND_TRAVERSE:ALTERNATE_PROFILE_2:segments-75-117,0.9166666666673962,0.16279069767441862,83,0.8076382279396057,0.025855645537376404,0.14234045147895813,-0.1511010987727655,-0.10695208796526944,0.01310163383933982,RL,3,True,False,recoverable,0,False,RUNNING
71.90000000000329,8628,S8_RL_COM_SHIFT_AND_TRAVERSE,PRELOAD,v008_20260806_211408_578700_manual:S8_RL_COM_SHIFT_AND_TRAVERSE:ALTERNATE_PROFILE_2:segments-75-117,0.9833333333341159,0.16279069767441862,83,0.8077359199523926,0.02590436488389969,0.14230480790138245,-0.15158870777908642,-0.10714483847031765,0.013162756389507342,RL,3,True,False,recoverable,0,False,RUNNING
71.96666666667001,8636,S8_RL_COM_SHIFT_AND_TRAVERSE,PRELOAD,v008_20260806_211408_578700_manual:S8_RL_COM_SHIFT_AND_TRAVERSE:ALTERNATE_PROFILE_2:segments-75-117,1.0500000000008356,0.18604651162790697,84,0.8077404499053955,0.02590998262166977,0.1422775685787201,-0.15169955693365766,-0.10706165170476768,0.013151725556674002,RL,3,True,False,recoverable,0,False,RUNNING
72.03333333333673,8644,S8_RL_COM_SHIFT_AND_TRAVERSE,PRELOAD,v008_20260806_211408_578700_manual:S8_RL_COM_SHIFT_AND_TRAVERSE:ALTERNATE_PROFILE_2:segments-75-117,1.1166666666675553,0.20930232558139536,85,0.807754397392273,0.02591695636510849,0.14228127896785736,-0.15177137964589596,-0.10693797765029128,0.013132807807972146,RL,3,True,False,recoverable,0,False,RUNNING
72.10000000000345,8652,S8_RL_COM_SHIFT_AND_TRAVERSE,PRELOAD,v008_20260806_211408_578700_manual:S8_RL_COM_SHIFT_AND_TRAVERSE:ALTERNATE_PROFILE_2:segments-75-117,1.183333333334275,0.20930232558139536,85,0.8078086972236633,0.02594222128391266,0.1422746330499649,-0.1520049352478592,-0.10697356225935234,0.013147043752121931,RL,3,True,False,recoverable,0,False,RUNNING
72.16666666667017,8660,S8_RL_COM_SHIFT_AND_TRAVERSE,PRELOAD,v008_20260806_211408_578700_manual:S8_RL_COM_SHIFT_AND_TRAVERSE:ALTERNATE_PROFILE_2:segments-75-117,1.2500000000009948,0.23255813953488372,86,0.8078266978263855,0.025949522852897644,0.14225560426712036,-0.1521273994129385,-0.10691403303088041,0.01314735244588841,RL,3,True,False,recoverable,0,False,RUNNING
72.23333333333689,8668,S8_RL_COM_SHIFT_AND_TRAVERSE,PRELOAD,v008_20260806_211408_578700_manual:S8_RL_COM_SHIFT_AND_TRAVERSE:ALTERNATE_PROFILE_2:segments-75-117,1.3166666666677145,0.2558139534883721,87,0.8079333901405334,0.02599543333053589,0.14223694801330566,-0.15257469070179197,-0.10713616512253896,0.01319402032339724,RL,3,True,False,recoverable,0,False,RUNNING
72.3000000000036,8676,S8_RL_COM_SHIFT_AND_TRAVERSE,PRELOAD,v008_20260806_211408_578700_manual:S8_RL_COM_SHIFT_AND_TRAVERSE:ALTERNATE_PROFILE_2:segments-75-117,1.3833333333344342,0.2558139534883721,87,0.8078948855400085,0.02597547322511673,0.14223331212997437,-0.15235226833777368,-0.10682785955298064,0.01315030384320123,RL,3,True,False,recoverable,0,False,RUNNING
72.36666666667033,8684,S8_RL_COM_SHIFT_AND_TRAVERSE,PRELOAD,v008_20260806_211408_578700_manual:S8_RL_COM_SHIFT_AND_TRAVERSE:ALTERNATE_PROFILE_2:segments-75-117,1.450000000001154,0.27906976744186046,88,0.8087592124938965,0.02608947455883026,0.14241501688957214,-0.15304547461885254,-0.10753728245301995,0.013268246996217956,RL,3,True,False,recoverable,0,False,RUNNING
72.43333333333705,8692,S8_RL_COM_SHIFT_AND_TRAVERSE,PRELOAD,v008_20260806_211408_578700_manual:S8_RL_COM_SHIFT_AND_TRAVERSE:ALTERNATE_PROFILE_2:segments-75-117,1.5166666666678736,0.27906976744186046,88,0.8094906806945801,0.02627909928560257,0.14229628443717957,-0.15501794024406224,-0.10957828801062888,0.013617189864754195,RL,3,True,False,recoverable,0,False,RUNNING
72.50000000000377,8700,S8_RL_COM_SHIFT_AND_TRAVERSE,PRELOAD,v008_20260806_211408_578700_manual:S8_RL_COM_SHIFT_AND_TRAVERSE:ALTERNATE_PROFILE_2:segments-75-117,1.5833333333345934,0.3023255813953488,89,0.8098459839820862,0.026614941656589508,0.14188919961452484,-0.15836758640400347,-0.11271128927881782,0.01394072561995946,RL,3,True,False,recoverable,0,False,RUNNING
72.56666666667049,8708,S8_RL_COM_SHIFT_AND_TRAVERSE,PRELOAD,v008_20260806_211408_578700_manual:S8_RL_COM_SHIFT_AND_TRAVERSE:ALTERNATE_PROFILE_2:segments-75-117,1.650000000001313,0.3023255813953488,89,0.809485912322998,0.02709057927131653,0.14105913043022156,-0.1635718369860675,-0.11724122160135678,0.014414543295779776,RL,3,True,False,recoverable,0,False,RUNNING
72.6333333333372,8716,S8_RL_COM_SHIFT_AND_TRAVERSE,PRELOAD,v008_20260806_211408_578700_manual:S8_RL_COM_SHIFT_AND_TRAVERSE:ALTERNATE_PROFILE_2:segments-75-117,1.7166666666680328,0.3023255813953488,89,0.8094049692153931,0.02738398313522339,0.1404809057712555,-0.16699438860234816,-0.12039621164122193,0.014858091996022463,RL,3,True,False,recoverable,0,False,RUNNING
72.70000000000393,8724,S8_RL_COM_SHIFT_AND_TRAVERSE,PRELOAD,v008_20260806_211408_578700_manual:S8_RL_COM_SHIFT_AND_TRAVERSE:ALTERNATE_PROFILE_2:segments-75-117,1.7833333333347525,0.3023255813953488,89,0.8091606497764587,0.02745869755744934,0.14019756019115448,-0.16793157180354953,-0.12115425724189668,0.014926237874168607,RL,3,True,False,stable,0,False,RUNNING
72.76666666667064,8732,S8_RL_COM_SHIFT_AND_TRAVERSE,PRELOAD,v008_20260806_211408_578700_manual:S8_RL_COM_SHIFT_AND_TRAVERSE:ALTERNATE_PROFILE_2:segments-75-117,1.8500000000014722,0.3023255813953488,89,0.8079778552055359,0.027445897459983826,0.13974228501319885,-0.16849433100767322,-0.12115965353619679,0.014942768403234545,RL,3,True,False,recoverable,0,False,RUNNING
72.83333333333736,8740,S8_RL_COM_SHIFT_AND_TRAVERSE,PRELOAD,v008_20260806_211408_578700_manual:S8_RL_COM_SHIFT_AND_TRAVERSE:ALTERNATE_PROFILE_2:segments-75-117,1.916666666668192,0.32558139534883723,90,0.8083954453468323,0.02745337039232254,0.13984544575214386,-0.1684210638901914,-0.12126672677471582,0.014952986825283817,RL,3,True,False,recoverable,0,False,RUNNING
72.90000000000408,8748,S8_RL_COM_SHIFT_AND_TRAVERSE,PRELOAD,v008_20260806_211408_578700_manual:S8_RL_COM_SHIFT_AND_TRAVERSE:ALTERNATE_PROFILE_2:segments-75-117,1.9833333333349117,0.3488372093023256,91,0.8090909123420715,0.027526840567588806,0.13991877436637878,-0.16894993508518252,-0.12197040942822394,0.015019585873282521,RL,3,True,False,recoverable,0,False,RUNNING
72.9666666666708,8756,S8_RL_COM_SHIFT_AND_TRAVERSE,PRELOAD,v008_20260806_211408_578700_manual:S8_RL_COM_SHIFT_AND_TRAVERSE:ALTERNATE_PROFILE_2:segments-75-117,2.0500000000016314,0.37209302325581395,92,0.8094423413276672,0.027714379131793976,0.1397286355495453,-0.1708202882586656,-0.12370674950391153,0.01520552051238594,RL,3,True,False,recoverable,0,False,RUNNING
73.03333333333752,8764,S8_RL_COM_SHIFT_AND_TRAVERSE,PRELOAD,v008_20260806_211408_578700_manual:S8_RL_COM_SHIFT_AND_TRAVERSE:ALTERNATE_PROFILE_2:segments-75-117,2.116666666668351,0.37209302325581395,92,0.809723436832428,0.02799953520298004,0.13938122987747192,-0.17373807231852362,-0.1263406558386665,0.015501084853732198,RL,3,True,False,recoverable,0,False,RUNNING
73.10000000000424,8772,S8_RL_COM_SHIFT_AND_TRAVERSE,PRELOAD,v008_20260806_211408_578700_manual:S8_RL_COM_SHIFT_AND_TRAVERSE:ALTERNATE_PROFILE_2:segments-75-117,2.183333333335071,0.3953488372093023,93,0.8098306059837341,0.028107859194278717,0.13916759192943573,-0.17488481672473252,-0.12743627949254763,0.01559445034213483,RL,3,True,False,recoverable,0,False,RUNNING
73.16666666667096,8780,S8_RL_COM_SHIFT_AND_TRAVERSE,PRELOAD,v008_20260806_211408_578700_manual:S8_RL_COM_SHIFT_AND_TRAVERSE:ALTERNATE_PROFILE_2:segments-75-117,2.2500000000017906,0.4186046511627907,94,0.8099068403244019,0.02822437882423401,0.13894200325012207,-0.17616843423913886,-0.1286813134972185,0.015734884894498417,RL,3,True,False,recoverable,0,False,RUNNING
73.23333333333768,8788,S8_RL_COM_SHIFT_AND_TRAVERSE,PRELOAD,v008_20260806_211408_578700_manual:S8_RL_COM_SHIFT_AND_TRAVERSE:ALTERNATE_PROFILE_2:segments-75-117,2.3166666666685103,0.4418604651162791,95,0.810757577419281,0.02871767431497574,0.13685375452041626,-0.18400578520338015,-0.1323423882829892,0.015330603112847849,RL,3,True,False,recoverable,0,False,RUNNING
73.3000000000044,8796,S8_RL_COM_SHIFT_AND_TRAVERSE,PRELOAD,v008_20260806_211408_578700_manual:S8_RL_COM_SHIFT_AND_TRAVERSE:ALTERNATE_PROFILE_2:segments-75-117,2.38333333333523,0.4418604651162791,95,0.8110327124595642,0.028397008776664734,0.12930214405059814,-0.1920161299813072,-0.10845201826847677,0.009823586493398541,RL,3,True,False,recoverable,0,False,RUNNING
73.36666666667112,8804,S8_RL_COM_SHIFT_AND_TRAVERSE,PRELOAD,v008_20260806_211408_578700_manual:S8_RL_COM_SHIFT_AND_TRAVERSE:ALTERNATE_PROFILE_2:segments-75-117,2.4500000000019497,0.4418604651162791,95,0.8149347901344299,0.02806665748357773,0.11961007118225098,-0.20785254083687985,-0.08331806488609568,0.0027755624043347615,RL,3,True,False,recoverable,0,False,RUNNING
73.43333333333784,8812,S8_RL_COM_SHIFT_AND_TRAVERSE,PRELOAD,v008_20260806_211408_578700_manual:S8_RL_COM_SHIFT_AND_TRAVERSE:ALTERNATE_PROFILE_2:segments-75-117,2.5166666666686694,0.4418604651162791,95,0.8219067454338074,0.027362696826457977,0.11063256859779358,-0.2212606376104825,-0.05605401560452999,-0.005563936672110753,RL,3,True,False,recoverable,0,False,RUNNING
73.50000000000456,8820,S8_RL_COM_SHIFT_AND_TRAVERSE,PRELOAD,v008_20260806_211408_578700_manual:S8_RL_COM_SHIFT_AND_TRAVERSE:ALTERNATE_PROFILE_2:segments-75-117,2.583333333335389,0.4418604651162791,95,0.8272155523300171,0.027062885463237762,0.10486437380313873,-0.23052398071747593,-0.0414135398330138,-0.01248111389995458,RL,3,True,False,recoverable,0,False,RUNNING
73.56666666667128,8828,S8_RL_COM_SHIFT_AND_TRAVERSE,PRELOAD,v008_20260806_211408_578700_manual:S8_RL_COM_SHIFT_AND_TRAVERSE:ALTERNATE_PROFILE_2:segments-75-117,2.650000000002109,0.4418604651162791,95,0.8296829462051392,0.026609696447849274,0.10108275711536407,-0.23685044004691852,-0.031055878871407344,-0.01667776923875644,RL,3,True,False,recoverable,0,False,RUNNING
73.633333333338,8836,S8_RL_COM_SHIFT_AND_TRAVERSE,PRELOAD,v008_20260806_211408_578700_manual:S8_RL_COM_SHIFT_AND_TRAVERSE:ALTERNATE_PROFILE_2:segments-75-117,2.7166666666688286,0.4418604651162791,95,0.8316932320594788,0.02617592364549637,0.09944918751716614,-0.2387714633029733,-0.025813897720945528,-0.01941800906135116,RL,3,True,False,recoverable,0,False,RUNNING
73.70000000000472,8844,S8_RL_COM_SHIFT_AND_TRAVERSE,PRELOAD,v008_20260806_211408_578700_manual:S8_RL_COM_SHIFT_AND_TRAVERSE:ALTERNATE_PROFILE_2:segments-75-117,2.7833333333355483,0.4418604651162791,95,0.8326857686042786,0.026427917182445526,0.10176920145750046,-0.23575736494051303,-0.03229794437136775,-0.018532059771816222,RL,3,True,False,recoverable,0,False,RUNNING
73.76666666667144,8852,S8_RL_COM_SHIFT_AND_TRAVERSE,PRELOAD,v008_20260806_211408_578700_manual:S8_RL_COM_SHIFT_AND_TRAVERSE:ALTERNATE_PROFILE_2:segments-75-117,2.850000000002268,0.4418604651162791,95,0.8326641321182251,0.02630636841058731,0.10645029693841934,-0.2292443233027981,-0.044989665843147834,-0.018552920264996445,RL,3,True,False,recoverable,0,False,RUNNING
73.83333333333816,8860,S8_RL_COM_SHIFT_AND_TRAVERSE,PRELOAD,v008_20260806_211408_578700_manual:S8_RL_COM_SHIFT_AND_TRAVERSE:ALTERNATE_PROFILE_2:segments-75-117,2.9166666666689878,0.4418604651162791,95,0.8332325220108032,0.025202669203281403,0.11179232597351074,-0.2212300352689271,-0.06028010955101782,-0.02228381859633029,RL,3,True,False,recoverable,0,False,RUNNING
73.90000000000488,8868,S8_RL_COM_SHIFT_AND_TRAVERSE,PRELOAD,v008_20260806_211408_578700_manual:S8_RL_COM_SHIFT_AND_TRAVERSE:ALTERNATE_PROFILE_2:segments-75-117,2.9833333333357075,0.4418604651162791,95,0.8373696208000183,0.022434458136558533,0.1166016235947609,-0.21419138017499997,-0.07266570509841813,-0.03514150240821635,RL,3,True,False,recoverable,0,False,RUNNING
73.9666666666716,8876,S8_RL_COM_SHIFT_AND_TRAVERSE,PRELOAD,v008_20260806_211408_578700_manual:S8_RL_COM_SHIFT_AND_TRAVERSE:ALTERNATE_PROFILE_2:segments-75-117,3.050000000002427,0.4418604651162791,95,0.8451151251792908,0.018179967999458313,0.12281906604766846,-0.2046924835171154,-0.08967649140575559,-0.0553102849757692,RL,3,True,False,recoverable,0,False,RUNNING
74.03333333333832,8884,S8_RL_COM_SHIFT_AND_TRAVERSE,PRELOAD,v008_20260806_211408_578700_manual:S8_RL_COM_SHIFT_AND_TRAVERSE:ALTERNATE_PROFILE_2:segments-75-117,3.116666666669147,0.4418604651162791,95,0.8566913604736328,0.011112317442893982,0.12723615765571594,-0.19831873515097867,-0.10322740815977693,-0.09077564970405613,RL,3,True,False,recoverable,0,False,RUNNING
74.10000000000504,8892,S8_RL_COM_SHIFT_AND_TRAVERSE,PRELOAD,v008_20260806_211408_578700_manual:S8_RL_COM_SHIFT_AND_TRAVERSE:ALTERNATE_PROFILE_2:segments-75-117,3.1833333333358667,0.4418604651162791,95,0.8653151392936707,0.006587900221347809,0.12868732213974,-0.1960100080659749,-0.10736505152733733,-0.10927931594653291,RL,3,True,False,recoverable,0,False,RUNNING
74.16666666667176,8900,S8_RL_COM_SHIFT_AND_TRAVERSE,PRELOAD,v008_20260806_211408_578700_manual:S8_RL_COM_SHIFT_AND_TRAVERSE:ALTERNATE_PROFILE_2:segments-75-117,3.2500000000025864,0.4418604651162791,95,0.8638898134231567,0.006200738251209259,0.12915819883346558,-0.19325673082597186,-0.10681227956373848,-0.11100454287860208,RL,3,True,False,recoverable,0,False,RUNNING
74.23333333333848,8908,S8_RL_COM_SHIFT_AND_TRAVERSE,PRELOAD,v008_20260806_211408_578700_manual:S8_RL_COM_SHIFT_AND_TRAVERSE:ALTERNATE_PROFILE_2:segments-75-117,3.316666666669306,0.4418604651162791,95,0.8640144467353821,0.006068624556064606,0.12839460372924805,-0.19421155702229165,-0.10538535532836972,-0.11150811356636871,RL,3,True,False,recoverable,0,False,RUNNING
74.3000000000052,8916,S8_RL_COM_SHIFT_AND_TRAVERSE,PRELOAD,v008_20260806_211408_578700_manual:S8_RL_COM_SHIFT_AND_TRAVERSE:ALTERNATE_PROFILE_2:segments-75-117,3.383333333336026,0.4418604651162791,95,0.8617847561836243,0.006252892315387726,0.12831969559192657,-0.19278654311924706,-0.10598208858940514,-0.10923945755385044,RL,3,True,False,recoverable,0,False,RUNNING
74.36666666667192,8924,S8_RL_COM_SHIFT_AND_TRAVERSE,PRELOAD,v008_20260806_211408_578700_manual:S8_RL_COM_SHIFT_AND_TRAVERSE:ALTERNATE_PROFILE_2:segments-75-117,3.4500000000027455,0.4418604651162791,95,0.8559330701828003,0.0065131112933158875,0.12810374796390533,-0.19026635326842722,-0.10633622113376572,-0.10164850301830824,RL,3,True,False,recoverable,0,False,RUNNING
74.43333333333864,8932,S8_RL_COM_SHIFT_AND_TRAVERSE,PRELOAD,v008_20260806_211408_578700_manual:S8_RL_COM_SHIFT_AND_TRAVERSE:ALTERNATE_PROFILE_2:segments-75-117,3.5166666666694653,0.4418604651162791,96,0.851215124130249,0.006518550217151642,0.12730690836906433,-0.18613865587211875,-0.10510940749460748,-0.09820281011423086,RL,3,True,False,recoverable,0,False,RUNNING
74.50000000000536,8940,S8_RL_COM_SHIFT_AND_TRAVERSE,PRELOAD,v008_20260806_211408_578700_manual:S8_RL_COM_SHIFT_AND_TRAVERSE:ALTERNATE_PROFILE_2:segments-75-117,3.583333333336185,0.46511627906976744,96,0.8480417728424072,0.006329789757728577,0.1261228621006012,-0.18159342083695987,-0.10546836368729419,-0.09691973123888445,RL,3,True,False,recoverable,0,False,RUNNING
74.56666666667208,8948,S8_RL_COM_SHIFT_AND_TRAVERSE,PRELOAD,v008_20260806_211408_578700_manual:S8_RL_COM_SHIFT_AND_TRAVERSE:ALTERNATE_PROFILE_2:segments-75-117,3.6500000000029047,0.4883720930232558,97,0.8459476232528687,0.006476275622844696,0.12540951371192932,-0.18191780292801826,-0.10590794838172926,-0.09585883165297551,RL,3,True,False,recoverable,0,False,RUNNING
74.6333333333388,8956,S8_RL_COM_SHIFT_AND_TRAVERSE,PRELOAD,v008_20260806_211408_578700_manual:S8_RL_COM_SHIFT_AND_TRAVERSE:ALTERNATE_PROFILE_2:segments-75-117,3.7166666666696244,0.4883720930232558,97,0.8449202179908752,0.006838053464889526,0.12513266503810883,-0.1848048918220343,-0.10634768741485282,-0.09470431032367523,RL,3,True,False,recoverable,0,False,RUNNING
74.70000000000552,8964,S8_RL_COM_SHIFT_AND_TRAVERSE,PRELOAD,v008_20260806_211408_578700_manual:S8_RL_COM_SHIFT_AND_TRAVERSE:ALTERNATE_PROFILE_2:segments-75-117,3.783333333336344,0.4883720930232558,97,0.8441025018692017,0.007182583212852478,0.12507890164852142,-0.18815987053592995,-0.10684008590165346,-0.0938570090246623,RL,3,True,False,recoverable,0,False,RUNNING
74.76666666667224,8972,S8_RL_COM_SHIFT_AND_TRAVERSE,PRELOAD,v008_20260806_211408_578700_manual:S8_RL_COM_SHIFT_AND_TRAVERSE:ALTERNATE_PROFILE_2:segments-75-117,3.850000000003064,0.4883720930232558,97,0.843375563621521,0.00759192556142807,0.12510263919830322,-0.1914095322171558,-0.10732249971496637,-0.09317784960427042,RL,3,True,False,recoverable,0,False,RUNNING
74.83333333333896,8980,S8_RL_COM_SHIFT_AND_TRAVERSE,PRELOAD,v008_20260806_211408_578700_manual:S8_RL_COM_SHIFT_AND_TRAVERSE:ALTERNATE_PROFILE_2:segments-75-117,3.9166666666697836,0.4883720930232558,97,0.842596709728241,0.007944032549858093,0.1251545250415802,-0.19438339487248202,-0.10779813958722831,-0.09255650898018238,RL,3,True,False,recoverable,0,False,RUNNING
74.90000000000568,8988,S8_RL_COM_SHIFT_AND_TRAVERSE,PRELOAD,v008_20260806_211408_578700_manual:S8_RL_COM_SHIFT_AND_TRAVERSE:ALTERNATE_PROFILE_2:segments-75-117,3.9833333333365033,0.4883720930232558,97,0.8418412208557129,0.008295848965644836,0.1251988410949707,-0.19704158761528479,-0.10828950067862675,-0.09207656533563338,RL,3,True,False,recoverable,0,False,RUNNING
74.9666666666724,8996,S8_RL_COM_SHIFT_AND_TRAVERSE,PRELOAD,v008_20260806_211408_578700_manual:S8_RL_COM_SHIFT_AND_TRAVERSE:ALTERNATE_PROFILE_2:segments-75-117,4.050000000003223,0.4883720930232558,97,0.8410294055938721,0.008668825030326843,0.12524911761283875,-0.19968046174625673,-0.10872133665405884,-0.09132180481881193,RL,3,True,False,recoverable,0,False,RUNNING
75.03333333333912,9004,S8_RL_COM_SHIFT_AND_TRAVERSE,PRELOAD,v008_20260806_211408_578700_manual:S8_RL_COM_SHIFT_AND_TRAVERSE:ALTERNATE_PROFILE_2:segments-75-117,4.116666666669943,0.4883720930232558,97,0.8402966260910034,0.00897214561700821,0.125308096408844,-0.20221637896768355,-0.10929105387221957,-0.09078604808166069,RL,3,True,False,recoverable,0,False,RUNNING
75.10000000000583,9012,S8_RL_COM_SHIFT_AND_TRAVERSE,PRELOAD,v008_20260806_211408_578700_manual:S8_RL_COM_SHIFT_AND_TRAVERSE:ALTERNATE_PROFILE_2:segments-75-117,4.1833333333366625,0.4883720930232558,97,0.8401197195053101,0.009244151413440704,0.1254468560218811,-0.20522742547558678,-0.10934550947928529,-0.09051825326591216,RL,3,True,False,recoverable,0,False,RUNNING
75.16666666667255,9020,S8_RL_COM_SHIFT_AND_TRAVERSE,PRELOAD,v008_20260806_211408_578700_manual:S8_RL_COM_SHIFT_AND_TRAVERSE:ALTERNATE_PROFILE_2:segments-75-117,4.250000000003382,0.4883720930232558,97,0.8399589657783508,0.009491883218288422,0.1255970299243927,-0.2079018332746286,-0.1092712134049521,-0.09028827072474019,RL,3,True,False,recoverable,0,False,RUNNING
75.23333333333927,9028,S8_RL_COM_SHIFT_AND_TRAVERSE,PRELOAD,v008_20260806_211408_578700_manual:S8_RL_COM_SHIFT_AND_TRAVERSE:ALTERNATE_PROFILE_2:segments-75-117,4.316666666670102,0.4883720930232558,97,0.8398112654685974,0.009741932153701782,0.12580174207687378,-0.21074525471570668,-0.10910651723274706,-0.09035774168052767,RL,3,True,False,recoverable,0,False,RUNNING
75.300000000006,9036,S8_RL_COM_SHIFT_AND_TRAVERSE,PRELOAD,v008_20260806_211408_578700_manual:S8_RL_COM_SHIFT_AND_TRAVERSE:ALTERNATE_PROFILE_2:segments-75-117,4.383333333336822,0.4883720930232558,97,0.8396035432815552,0.01003161072731018,0.12605133652687073,-0.21343558523071182,-0.10883345693636295,-0.09037886899543247,RL,3,True,False,recoverable,0,False,RUNNING
75.36666666667271,9044,S8_RL_COM_SHIFT_AND_TRAVERSE,PRELOAD,v008_20260806_211408_578700_manual:S8_RL_COM_SHIFT_AND_TRAVERSE:ALTERNATE_PROFILE_2:segments-75-117,4.450000000003541,0.4883720930232558,97,0.8393220901489258,0.010277800261974335,0.12626993656158447,-0.21541788445228027,-0.10841554420816969,-0.09041367433166747,RL,3,True,False,recoverable,0,False,RUNNING
75.43333333333943,9052,S8_RL_COM_SHIFT_AND_TRAVERSE,PRELOAD,v008_20260806_211408_578700_manual:S8_RL_COM_SHIFT_AND_TRAVERSE:ALTERNATE_PROFILE_2:segments-75-117,4.516666666670261,0.4883720930232558,97,0.8389678001403809,0.010509766638278961,0.12648798525333405,-0.21709263355842542,-0.10806831405828485,-0.0903987163863151,RL,3,True,False,recoverable,0,False,RUNNING
75.50000000000615,9060,S8_RL_COM_SHIFT_AND_TRAVERSE,PRELOAD,v008_20260806_211408_578700_manual:S8_RL_COM_SHIFT_AND_TRAVERSE:ALTERNATE_PROFILE_2:segments-75-117,4.583333333336981,0.4883720930232558,97,0.8384573459625244,0.010756894946098328,0.12669432163238525,-0.21853591482915793,-0.10803526139294983,-0.09051021437922246,RL,3,True,False,recoverable,0,False,RUNNING
75.56666666667287,9068,S8_RL_COM_SHIFT_AND_TRAVERSE,PRELOAD,v008_20260806_211408_578700_manual:S8_RL_COM_SHIFT_AND_TRAVERSE:ALTERNATE_PROFILE_2:segments-75-117,4.6500000000037005,0.4883720930232558,97,0.8378133773803711,0.011016808450222015,0.12687721848487854,-0.22018882601063738,-0.10818994421751792,-0.09037051158341076,RL,3,True,False,recoverable,0,False,RUNNING
75.63333333333959,9076,S8_RL_COM_SHIFT_AND_TRAVERSE,PRELOAD,v008_20260806_211408_578700_manual:S8_RL_COM_SHIFT_AND_TRAVERSE:ALTERNATE_PROFILE_2:segments-75-117,4.71666666667042,0.4883720930232558,97,0.837238073348999,0.011287011206150055,0.1270487904548645,-0.22181530614501208,-0.10830023899359062,-0.09034868890064024,RL,3,True,False,recoverable,0,False,RUNNING
75.70000000000631,9084,S8_RL_COM_SHIFT_AND_TRAVERSE,PRELOAD,v008_20260806_211408_578700_manual:S8_RL_COM_SHIFT_AND_TRAVERSE:ALTERNATE_PROFILE_2:segments-75-117,4.78333333333714,0.4883720930232558,97,0.8366184830665588,0.011570684611797333,0.1272263377904892,-0.22357957896495473,-0.10840644075793496,-0.09019192122102165,RL,3,True,False,recoverable,0,False,RUNNING
75.76666666667303,9092,S8_RL_COM_SHIFT_AND_TRAVERSE,PRELOAD,v008_20260806_211408_578700_manual:S8_RL_COM_SHIFT_AND_TRAVERSE:ALTERNATE_PROFILE_2:segments-75-117,4.85000000000386,0.4883720930232558,97,0.8359827995300293,0.011822842061519623,0.12740406394004822,-0.22495173796591023,-0.10841034853445204,-0.0900131048684171,RL,3,True,False,recoverable,0,False,RUNNING
75.83333333333975,9100,S8_RL_COM_SHIFT_AND_TRAVERSE,PRELOAD,v008_20260806_211408_578700_manual:S8_RL_COM_SHIFT_AND_TRAVERSE:ALTERNATE_PROFILE_2:segments-75-117,4.916666666670579,0.4883720930232558,97,0.8352521061897278,0.012036815285682678,0.12750059366226196,-0.2258976328959783,-0.10858455843735605,-0.08982868527637673,RL,3,True,False,recoverable,0,False,RUNNING
75.90000000000647,9108,S8_RL_COM_SHIFT_AND_TRAVERSE,PRELOAD,v008_20260806_211408_578700_manual:S8_RL_COM_SHIFT_AND_TRAVERSE:ALTERNATE_PROFILE_2:segments-75-117,4.983333333337299,0.4883720930232558,97,0.8346729278564453,0.01226094365119934,0.12758749723434448,-0.22724152541442588,-0.10866638741238227,-0.08971798892013862,RL,3,True,False,recoverable,0,False,RUNNING
75.96666666667319,9116,S8_RL_COM_SHIFT_AND_TRAVERSE,PRELOAD,v008_20260806_211408_578700_manual:S8_RL_COM_SHIFT_AND_TRAVERSE:ALTERNATE_PROFILE_2:segments-75-117,5.050000000004019,0.4883720930232558,97,0.8341838121414185,0.012418597936630249,0.12766698002815247,-0.22854793551344674,-0.10852824567559682,-0.08942464346908932,RL,3,True,False,recoverable,0,False,RUNNING
76.03333333333991,9124,S8_RL_COM_SHIFT_AND_TRAVERSE,PRELOAD,v008_20260806_211408_578700_manual:S8_RL_COM_SHIFT_AND_TRAVERSE:ALTERNATE_PROFILE_2:segments-75-117,5.1166666666707386,0.4883720930232558,97,0.8335221409797668,0.012579768896102905,0.12775593996047974,-0.22952095457382257,-0.10843874925165627,-0.08897427798846129,RL,3,True,False,recoverable,0,False,RUNNING
76.10000000000663,9132,S8_RL_COM_SHIFT_AND_TRAVERSE,PRELOAD,v008_20260806_211408_578700_manual:S8_RL_COM_SHIFT_AND_TRAVERSE:ALTERNATE_PROFILE_2:segments-75-117,5.183333333337458,0.4883720930232558,97,0.8331797122955322,0.012681819498538971,0.12780973315238953,-0.23043451141627422,-0.10834781493957857,-0.08894047543399264,RL,3,True,False,recoverable,0,False,RUNNING
76.16666666667335,9140,S8_RL_COM_SHIFT_AND_TRAVERSE,PRELOAD,v008_20260806_211408_578700_manual:S8_RL_COM_SHIFT_AND_TRAVERSE:ALTERNATE_PROFILE_2:segments-75-117,5.250000000004178,0.4883720930232558,97,0.8328931331634521,0.012750998139381409,0.12789380550384521,-0.23100389917831288,-0.1081245542742835,-0.08891198713209202,RL,3,True,False,recoverable,0,False,RUNNING
76.23333333334007,9148,S8_RL_COM_SHIFT_AND_TRAVERSE,PRELOAD,v008_20260806_211408_578700_manual:S8_RL_COM_SHIFT_AND_TRAVERSE:ALTERNATE_PROFILE_2:segments-75-117,5.316666666670898,0.4883720930232558,97,0.8323352336883545,0.01286519318819046,0.12801246345043182,-0.23167649290220937,-0.10850972050646808,-0.08872713376619827,RL,3,True,False,recoverable,0,False,RUNNING
76.30000000000679,9156,S8_RL_COM_SHIFT_AND_TRAVERSE,PRELOAD,v008_20260806_211408_578700_manual:S8_RL_COM_SHIFT_AND_TRAVERSE:ALTERNATE_PROFILE_2:segments-75-117,5.383333333337617,0.4883720930232558,97,0.8316447138786316,0.013008952140808105,0.1281590461730957,-0.2321704486268334,-0.10905245027732374,-0.08870360499193762,RL,3,True,False,recoverable,0,False,RUNNING
76.36666666667351,9164,S8_RL_COM_SHIFT_AND_TRAVERSE,PRELOAD,v008_20260806_211408_578700_manual:S8_RL_COM_SHIFT_AND_TRAVERSE:ALTERNATE_PROFILE_2:segments-75-117,5.450000000004337,0.4883720930232558,97,0.8308860063552856,0.013144336640834808,0.12829561531543732,-0.23265661025790657,-0.10968486717602581,-0.08851037088895834,RL,3,True,False,recoverable,0,False,RUNNING
76.43333333334023,9172,S8_RL_COM_SHIFT_AND_TRAVERSE,PRELOAD,v008_20260806_211408_578700_manual:S8_RL_COM_SHIFT_AND_TRAVERSE:ALTERNATE_PROFILE_2:segments-75-117,5.516666666671057,0.4883720930232558,97,0.8300982117652893,0.013283371925354004,0.12842720746994019,-0.2331561316686369,-0.11038201201430951,-0.0883355053721334,RL,3,True,False,recoverable,0,False,RUNNING
76.50000000000695,9180,S8_RL_COM_SHIFT_AND_TRAVERSE,PRELOAD,v008_20260806_211408_578700_manual:S8_RL_COM_SHIFT_AND_TRAVERSE:ALTERNATE_PROFILE_2:segments-75-117,5.583333333337777,0.4883720930232558,97,0.8292710781097412,0.01340898871421814,0.12855111062526703,-0.23368161566800086,-0.11113510860780489,-0.08806542002516299,RL,3,True,False,recoverable,0,False,RUNNING
76.56666666667367,9188,S8_RL_COM_SHIFT_AND_TRAVERSE,PRELOAD,v008_20260806_211408_578700_manual:S8_RL_COM_SHIFT_AND_TRAVERSE:ALTERNATE_PROFILE_2:segments-75-117,5.650000000004496,0.4883720930232558,97,0.8283621072769165,0.013561539351940155,0.12866824865341187,-0.23397443329704073,-0.11189697831145076,-0.08813008545990637,RL,3,True,False,recoverable,0,False,RUNNING
76.63333333334039,9196,S8_RL_COM_SHIFT_AND_TRAVERSE,PRELOAD,v008_20260806_211408_578700_manual:S8_RL_COM_SHIFT_AND_TRAVERSE:ALTERNATE_PROFILE_2:segments-75-117,5.716666666671216,0.4883720930232558,97,0.827400267124176,0.01371050626039505,0.12877583503723145,-0.23433781582712443,-0.11270958916267365,-0.08804940556612897,RL,3,True,False,recoverable,0,False,RUNNING
76.70000000000711,9204,S8_RL_COM_SHIFT_AND_TRAVERSE,PRELOAD,v008_20260806_211408_578700_manual:S8_RL_COM_SHIFT_AND_TRAVERSE:ALTERNATE_PROFILE_2:segments-75-117,5.783333333337936,0.4883720930232558,97,0.8264919519424438,0.013841778039932251,0.12888795137405396,-0.23426441962185646,-0.11308559105834562,-0.08821126012998483,RL,3,True,False,recoverable,0,False,RUNNING
76.76666666667383,9212,S8_RL_COM_SHIFT_AND_TRAVERSE,PRELOAD,v008_20260806_211408_578700_manual:S8_RL_COM_SHIFT_AND_TRAVERSE:ALTERNATE_PROFILE_2:segments-75-117,5.8500000000046555,0.4883720930232558,97,0.8255717754364014,0.013951078057289124,0.12898938357830048,-0.2340501247106929,-0.11328642241352889,-0.08831164501111348,RL,3,True,False,recoverable,0,False,RUNNING
76.83333333334055,9220,S8_RL_COM_SHIFT_AND_TRAVERSE,PRELOAD,v008_20260806_211408_578700_manual:S8_RL_COM_SHIFT_AND_TRAVERSE:ALTERNATE_PROFILE_2:segments-75-117,5.916666666671375,0.4883720930232558,97,0.8246443271636963,0.014067724347114563,0.1290815770626068,-0.2338913950069319,-0.11350106957149746,-0.08845525419718449,RL,3,True,False,recoverable,0,False,RUNNING
76.90000000000727,9228,S8_RL_COM_SHIFT_AND_TRAVERSE,PRELOAD,v008_20260806_211408_578700_manual:S8_RL_COM_SHIFT_AND_TRAVERSE:ALTERNATE_PROFILE_2:segments-75-117,5.983333333338095,0.4883720930232558,97,0.8236944079399109,0.014171451330184937,0.1291554570198059,-0.23360798851337358,-0.11371914416360343,-0.08859428263833839,RL,3,True,False,recoverable,0,False,RUNNING
76.96666666667399,9236,S8_RL_COM_SHIFT_AND_TRAVERSE,PRELOAD,v008_20260806_211408_578700_manual:S8_RL_COM_SHIFT_AND_TRAVERSE:ALTERNATE_PROFILE_2:segments-75-117,6.050000000004815,0.4883720930232558,97,0.8227100968360901,0.014279589056968689,0.12920749187469482,-0.23328939602948034,-0.11390773057598713,-0.08879491574240482,RL,3,True,False,recoverable,0,False,RUNNING
77.0333333333407,9244,S8_RL_COM_SHIFT_AND_TRAVERSE,PRELOAD,v008_20260806_211408_578700_manual:S8_RL_COM_SHIFT_AND_TRAVERSE:ALTERNATE_PROFILE_2:segments-75-117,6.116666666671534,0.4883720930232558,97,0.8216845393180847,0.014377601444721222,0.12925104796886444,-0.23291392072772035,-0.11409637000967271,-0.08898283868829317,RL,3,True,False,recoverable,0,False,RUNNING
77.10000000000743,9252,S8_RL_COM_SHIFT_AND_TRAVERSE,PRELOAD,v008_20260806_211408_578700_manual:S8_RL_COM_SHIFT_AND_TRAVERSE:ALTERNATE_PROFILE_2:segments-75-117,6.183333333338254,0.4883720930232558,97,0.8206650018692017,0.014477178454399109,0.12927231192588806,-0.23254768463279407,-0.11426722394822052,-0.08911896184775693,RL,3,True,False,recoverable,0,False,RUNNING
77.16666666667415,9260,S8_RL_COM_SHIFT_AND_TRAVERSE,PRELOAD,v008_20260806_211408_578700_manual:S8_RL_COM_SHIFT_AND_TRAVERSE:ALTERNATE_PROFILE_2:segments-75-117,6.250000000004974,0.4883720930232558,97,0.8196272253990173,0.014563724398612976,0.1292722523212433,-0.23195827510934686,-0.11433153388958982,-0.08941027873663042,RL,3,True,False,recoverable,0,False,RUNNING
77.23333333334087,9268,S8_RL_COM_SHIFT_AND_TRAVERSE,PRELOAD,v008_20260806_211408_578700_manual:S8_RL_COM_SHIFT_AND_TRAVERSE:ALTERNATE_PROFILE_2:segments-75-117,6.3166666666716935,0.4883720930232558,97,0.818638801574707,0.014651350677013397,0.12928038835525513,-0.2311375744107674,-0.1139200099237568,-0.0895842656733048,RL,3,True,False,recoverable,0,False,RUNNING
77.30000000000759,9276,S8_RL_COM_SHIFT_AND_TRAVERSE,PRELOAD,v008_20260806_211408_578700_manual:S8_RL_COM_SHIFT_AND_TRAVERSE:ALTERNATE_PROFILE_2:segments-75-117,6.383333333338413,0.4883720930232558,97,0.8178254961967468,0.014786891639232635,0.12927690148353577,-0.23123526553965607,-0.11360096427001598,-0.08959609648882655,RL,3,True,False,recoverable,0,False,RUNNING
77.3666666666743,9284,S8_RL_COM_SHIFT_AND_TRAVERSE,PRELOAD,v008_20260806_211408_578700_manual:S8_RL_COM_SHIFT_AND_TRAVERSE:ALTERNATE_PROFILE_2:segments-75-117,6.450000000005133,0.5116279069767442,98,0.8178312182426453,0.014787808060646057,0.12928009033203125,-0.23120715810393586,-0.11362001082142294,-0.0896004342507273,RL,3,True,False,recoverable,0,False,RUNNING
77.43333333334103,9292,S8_RL_COM_SHIFT_AND_TRAVERSE,PRELOAD,v008_20260806_211408_578700_manual:S8_RL_COM_SHIFT_AND_TRAVERSE:ALTERNATE_PROFILE_2:segments-75-117,6.516666666671853,0.5348837209302325,99,0.8176065683364868,0.015387006103992462,0.12851440906524658,-0.23916506486067662,-0.12309972449807609,-0.08876799236951304,RL,3,True,False,recoverable,0,False,RUNNING
77.50000000000774,9300,S8_RL_COM_SHIFT_AND_TRAVERSE,PRELOAD,v008_20260806_211408_578700_manual:S8_RL_COM_SHIFT_AND_TRAVERSE:ALTERNATE_PROFILE_2:segments-75-117,6.583333333338572,0.5348837209302325,99,0.8165286779403687,0.016553282737731934,0.12724709510803223,-0.25358801188384056,-0.14079257158148858,-0.08698610597322265,RL,3,True,False,recoverable,0,False,RUNNING
77.56666666667446,9308,S8_RL_COM_SHIFT_AND_TRAVERSE,PRELOAD,v008_20260806_211408_578700_manual:S8_RL_COM_SHIFT_AND_TRAVERSE:ALTERNATE_PROFILE_2:segments-75-117,6.650000000005292,0.5581395348837209,100,0.8153668642044067,0.017805851995944977,0.12600484490394592,-0.2685969707618313,-0.15907775969026794,-0.08462945870944964,RL,3,True,False,recoverable,0,False,RUNNING
77.63333333334118,9316,S8_RL_COM_SHIFT_AND_TRAVERSE,PRELOAD,v008_20260806_211408_578700_manual:S8_RL_COM_SHIFT_AND_TRAVERSE:ALTERNATE_PROFILE_2:segments-75-117,6.716666666672012,0.5581395348837209,100,0.8144386410713196,0.01892932504415512,0.12474627792835236,-0.28282849954348943,-0.17622789090145036,-0.08249307375455463,RL,3,True,False,recoverable,0,False,RUNNING
77.7000000000079,9324,S8_RL_COM_SHIFT_AND_TRAVERSE,PRELOAD,v008_20260806_211408_578700_manual:S8_RL_COM_SHIFT_AND_TRAVERSE:ALTERNATE_PROFILE_2:segments-75-117,6.783333333338732,0.5813953488372093,101,0.8127649426460266,0.020629405975341797,0.12259452044963837,-0.30574686387505606,-0.20349913021580243,-0.07813782497701956,RL,3,True,False,recoverable,0,False,RUNNING
77.76666666667462,9332,S8_RL_COM_SHIFT_AND_TRAVERSE,PRELOAD,v008_20260806_211408_578700_manual:S8_RL_COM_SHIFT_AND_TRAVERSE:ALTERNATE_PROFILE_2:segments-75-117,6.850000000005451,0.5813953488372093,101,0.8110827803611755,0.022212833166122437,0.12068143486976624,-0.32638859523706293,-0.22785144137554947,-0.07366457267482514,RL,3,True,False,recoverable,0,False,RUNNING
77.83333333334134,9340,S8_RL_COM_SHIFT_AND_TRAVERSE,UNLOAD,v008_20260806_211408_578700_manual:S8_RL_COM_SHIFT_AND_TRAVERSE:ALTERNATE_PROFILE_2:segments-75-117,6.916666666672171,0.6046511627906976,102,0.8101809024810791,0.022234831005334854,0.12113075703382492,-0.32352162084038266,-0.2246629732276785,-0.07421446602811609,RL,3,True,False,recoverable,0,False,RUNNING
77.90000000000806,9348,S8_RL_COM_SHIFT_AND_TRAVERSE,UNLOAD,v008_20260806_211408_578700_manual:S8_RL_COM_SHIFT_AND_TRAVERSE:ALTERNATE_PROFILE_2:segments-75-117,6.983333333338891,0.6046511627906976,102,0.8102771639823914,0.02044624090194702,0.12403372675180435,-0.2944109158625499,-0.19161386873379427,-0.07913424717321223,RL,3,True,False,recoverable,0,False,RUNNING
77.96666666667478,9356,S8_RL_COM_SHIFT_AND_TRAVERSE,UNLOAD,v008_20260806_211408_578700_manual:S8_RL_COM_SHIFT_AND_TRAVERSE:ALTERNATE_PROFILE_2:segments-75-117,7.0500000000056104,0.6046511627906976,102,0.813159704208374,0.0171828493475914,0.12797430157661438,-0.25195984849375025,-0.1406148386836986,-0.08557168936836007,RL,3,True,False,recoverable,0,False,RUNNING
78.0333333333415,9364,S8_RL_COM_SHIFT_AND_TRAVERSE,UNLOAD,v008_20260806_211408_578700_manual:S8_RL_COM_SHIFT_AND_TRAVERSE:ALTERNATE_PROFILE_2:segments-75-117,7.11666666667233,0.6046511627906976,102,0.8170257806777954,0.013553313910961151,0.13165444135665894,-0.20919745533827705,-0.08695351477122057,-0.08991675334694353,RL,3,True,False,recoverable,0,False,RUNNING
78.10000000000822,9372,S8_RL_COM_SHIFT_AND_TRAVERSE,UNLOAD,v008_20260806_211408_578700_manual:S8_RL_COM_SHIFT_AND_TRAVERSE:ALTERNATE_PROFILE_2:segments-75-117,7.18333333333905,0.6046511627906976,102,0.8212220668792725,0.009552903473377228,0.13558879494667053,-0.1643236738539061,-0.02797948770502726,-0.09185930905864786,RL,3,True,False,recoverable,0,False,RUNNING
78.16666666667494,9380,S8_RL_COM_SHIFT_AND_TRAVERSE,UNLOAD,v008_20260806_211408_578700_manual:S8_RL_COM_SHIFT_AND_TRAVERSE:ALTERNATE_PROFILE_2:segments-75-117,7.25000000000577,0.6046511627906976,102,0.8271660208702087,0.0051892101764678955,0.1387578547000885,-0.12054456868032305,0.03150663937814224,-0.09193338714050256,RL,3,True,False,recoverable,0,False,RUNNING
78.23333333334166,9388,S8_RL_COM_SHIFT_AND_TRAVERSE,UNLOAD,v008_20260806_211408_578700_manual:S8_RL_COM_SHIFT_AND_TRAVERSE:ALTERNATE_PROFILE_2:segments-75-117,7.316666666672489,0.6046511627906976,102,0.8273699879646301,0.0034855008125305176,0.1400635838508606,-0.10134507682898797,0.05550074754650752,-0.09127089264659852,RL,3,True,False,recoverable,0,False,RUNNING
78.30000000000838,9396,S8_RL_COM_SHIFT_AND_TRAVERSE,UNLOAD,v008_20260806_211408_578700_manual:S8_RL_COM_SHIFT_AND_TRAVERSE:ALTERNATE_PROFILE_2:segments-75-117,7.383333333339209,0.627906976744186,103,0.8253346085548401,0.003360860049724579,0.14063629508018494,-0.09764285702916388,0.05757913810476537,-0.09094801626015032,RL,3,True,False,recoverable,0,False,RUNNING
78.3666666666751,9404,S8_RL_COM_SHIFT_AND_TRAVERSE,UNLOAD,v008_20260806_211408_578700_manual:S8_RL_COM_SHIFT_AND_TRAVERSE:ALTERNATE_PROFILE_2:segments-75-117,7.450000000005929,0.627906976744186,103,0.8231775164604187,0.0035889819264411926,0.14088967442512512,-0.0980756124769053,0.05487800058807689,-0.09075409241643478,RL,3,True,False,recoverable,0,False,RUNNING
78.43333333334182,9412,S8_RL_COM_SHIFT_AND_TRAVERSE,UNLOAD,v008_20260806_211408_578700_manual:S8_RL_COM_SHIFT_AND_TRAVERSE:ALTERNATE_PROFILE_2:segments-75-117,7.5166666666726485,0.627906976744186,103,0.8217215538024902,0.003663666546344757,0.14107108116149902,-0.09736955366463804,0.05434222877804444,-0.09067215917915188,RL,3,True,False,recoverable,0,False,RUNNING
78.50000000000854,9420,S8_RL_COM_SHIFT_AND_TRAVERSE,UNLOAD,v008_20260806_211408_578700_manual:S8_RL_COM_SHIFT_AND_TRAVERSE:ALTERNATE_PROFILE_2:segments-75-117,7.583333333339368,0.627906976744186,103,0.8207023739814758,0.003680415451526642,0.1411800980567932,-0.09627047664611026,0.05497818062035703,-0.09068143065043263,RL,3,True,False,recoverable,0,False,RUNNING
78.56666666667526,9428,S8_RL_COM_SHIFT_AND_TRAVERSE,UNLOAD,v008_20260806_211408_578700_manual:S8_RL_COM_SHIFT_AND_TRAVERSE:ALTERNATE_PROFILE_2:segments-75-117,7.650000000006088,0.627906976744186,103,0.8198587894439697,0.0036525577306747437,0.1412440538406372,-0.0948527561027496,0.05632959533753752,-0.09068838153572999,RL,3,True,False,recoverable,0,False,RUNNING
78.63333333334198,9436,S8_RL_COM_SHIFT_AND_TRAVERSE,UNLOAD,v008_20260806_211408_578700_manual:S8_RL_COM_SHIFT_AND_TRAVERSE:ALTERNATE_PROFILE_2:segments-75-117,7.716666666672808,0.627906976744186,103,0.8191359639167786,0.0035936981439590454,0.14130693674087524,-0.0932303818396982,0.05804079330007891,-0.09070493001201868,RL,3,True,False,recoverable,0,False,RUNNING
78.7000000000087,9444,S8_RL_COM_SHIFT_AND_TRAVERSE,UNLOAD,v008_20260806_211408_578700_manual:S8_RL_COM_SHIFT_AND_TRAVERSE:ALTERNATE_PROFILE_2:segments-75-117,7.783333333339527,0.627906976744186,103,0.818513035774231,0.0035416334867477417,0.1413598656654358,-0.0918494767890911,0.059677314313869315,-0.09073147245742538,RL,3,True,False,recoverable,0,False,RUNNING
78.76666666667542,9452,S8_RL_COM_SHIFT_AND_TRAVERSE,UNLOAD,v008_20260806_211408_578700_manual:S8_RL_COM_SHIFT_AND_TRAVERSE:ALTERNATE_PROFILE_2:segments-75-117,7.850000000006247,0.627906976744186,103,0.8179244995117188,0.0034679025411605835,0.14136582612991333,-0.09022717251318574,0.06163458138269426,-0.09082902560530066,RL,3,True,False,recoverable,0,False,RUNNING
78.83333333334214,9460,S8_RL_COM_SHIFT_AND_TRAVERSE,UNLOAD,v008_20260806_211408_578700_manual:S8_RL_COM_SHIFT_AND_TRAVERSE:ALTERNATE_PROFILE_2:segments-75-117,7.916666666672967,0.627906976744186,103,0.8174567818641663,0.003404878079891205,0.14139381051063538,-0.08888657097263396,0.06363863067937979,-0.09087650336974837,RL,3,True,False,recoverable,0,False,RUNNING
78.90000000000886,9468,S8_RL_COM_SHIFT_AND_TRAVERSE,UNLOAD,v008_20260806_211408_578700_manual:S8_RL_COM_SHIFT_AND_TRAVERSE:ALTERNATE_PROFILE_2:segments-75-117,7.9833333333396865,0.627906976744186,103,0.8172006607055664,0.0033454373478889465,0.1413634866476059,-0.08796943755616275,0.06571581026899811,-0.09094267780061459,RL,3,True,False,recoverable,0,False,RUNNING
78.96666666667558,9476,S8_RL_COM_SHIFT_AND_TRAVERSE,UNLOAD,v008_20260806_211408_578700_manual:S8_RL_COM_SHIFT_AND_TRAVERSE:ALTERNATE_PROFILE_2:segments-75-117,8.050000000006406,0.627906976744186,103,0.8168147206306458,0.00329696387052536,0.1413746178150177,-0.08694468058753597,0.06780136697869084,-0.09099083468542182,RL,3,True,False,recoverable,0,False,RUNNING
79.0333333333423,9484,S8_RL_COM_SHIFT_AND_TRAVERSE,UNLOAD,v008_20260806_211408_578700_manual:S8_RL_COM_SHIFT_AND_TRAVERSE:ALTERNATE_PROFILE_2:segments-75-117,8.116666666673126,0.6511627906976745,104,0.8166741132736206,0.003276720643043518,0.14131999015808105,-0.08671532329937873,0.06896641554919207,-0.09092710760918306,RL,3,True,False,recoverable,0,False,RUNNING
79.10000000000902,9492,S8_RL_COM_SHIFT_AND_TRAVERSE,UNLOAD,v008_20260806_211408_578700_manual:S8_RL_COM_SHIFT_AND_TRAVERSE:ALTERNATE_PROFILE_2:segments-75-117,8.183333333339846,0.6744186046511628,105,0.8189703822135925,0.003538176417350769,0.14039018750190735,-0.0924928613420687,0.06439276699638713,-0.09147138898111586,RL,3,True,False,recoverable,0,False,RUNNING
79.16666666667574,9500,S8_RL_COM_SHIFT_AND_TRAVERSE,UNLOAD,v008_20260806_211408_578700_manual:S8_RL_COM_SHIFT_AND_TRAVERSE:ALTERNATE_PROFILE_2:segments-75-117,8.250000000006565,0.6744186046511628,105,0.8207076787948608,0.0031413882970809937,0.140310138463974,-0.09012831084715449,0.06878482311872099,-0.09140755779793,RL,2,True,False,recoverable,0,False,RUNNING
79.23333333334246,9508,S8_RL_COM_SHIFT_AND_TRAVERSE,UNLOAD,v008_20260806_211408_578700_manual:S8_RL_COM_SHIFT_AND_TRAVERSE:ALTERNATE_PROFILE_2:segments-75-117,8.316666666673285,0.6744186046511628,105,0.8224971890449524,0.0019743144512176514,0.1409895271062851,-0.07913574882049068,0.08344269453318387,-0.09050948792370082,RL,2,True,False,recoverable,0,False,RUNNING
79.30000000000918,9516,S8_RL_COM_SHIFT_AND_TRAVERSE,FACE_CLEAR,v008_20260806_211408_578700_manual:S8_RL_COM_SHIFT_AND_TRAVERSE:ALTERNATE_PROFILE_2:segments-75-117,8.383333333340005,0.6976744186046512,106,0.8244609832763672,0.0005189478397369385,0.14187180995941162,-0.06507639650411312,0.10212872365828875,-0.08916112981984356,RL,3,True,False,recoverable,0,False,RUNNING
79.3666666666759,9524,S8_RL_COM_SHIFT_AND_TRAVERSE,FACE_CLEAR,v008_20260806_211408_578700_manual:S8_RL_COM_SHIFT_AND_TRAVERSE:ALTERNATE_PROFILE_2:segments-75-117,8.450000000006725,0.6976744186046512,106,0.8252776861190796,-0.0002712234854698181,0.14253264665603638,-0.057728606423318216,0.11143528271606332,-0.08816056948323424,RL,3,True,False,recoverable,0,False,RUNNING
79.43333333334262,9532,S8_RL_COM_SHIFT_AND_TRAVERSE,FACE_CLEAR,v008_20260806_211408_578700_manual:S8_RL_COM_SHIFT_AND_TRAVERSE:ALTERNATE_PROFILE_2:segments-75-117,8.516666666673444,0.6976744186046512,106,0.8252427577972412,-0.000289134681224823,0.14254915714263916,-0.0574281073097076,0.11147021352012092,-0.08815907956855915,RL,3,True,False,recoverable,0,False,RUNNING
79.50000000000934,9540,S8_RL_COM_SHIFT_AND_TRAVERSE,FACE_CLEAR,v008_20260806_211408_578700_manual:S8_RL_COM_SHIFT_AND_TRAVERSE:ALTERNATE_PROFILE_2:segments-75-117,8.583333333340164,0.6976744186046512,106,0.8251859545707703,-0.00030844658613204956,0.14258836209774017,-0.0571020504737805,0.11159143612381442,-0.08814831668427395,RL,3,True,False,recoverable,0,False,RUNNING
79.56666666667606,9548,S8_RL_COM_SHIFT_AND_TRAVERSE,FACE_CLEAR,v008_20260806_211408_578700_manual:S8_RL_COM_SHIFT_AND_TRAVERSE:ALTERNATE_PROFILE_2:segments-75-117,8.650000000006884,0.6976744186046512,106,0.8251373171806335,-0.000318773090839386,0.14260333776474,-0.05686015915626101,0.11164205020482965,-0.08817041915966171,RL,3,True,False,recoverable,0,False,RUNNING
79.63333333334278,9556,S8_RL_COM_SHIFT_AND_TRAVERSE,FACE_CLEAR,v008_20260806_211408_578700_manual:S8_RL_COM_SHIFT_AND_TRAVERSE:ALTERNATE_PROFILE_2:segments-75-117,8.716666666673603,0.6976744186046512,106,0.8251067996025085,-0.000321805477142334,0.14258582890033722,-0.05674491471271882,0.11160207199662367,-0.0882007216628287,RL,3,True,False,recoverable,0,False,RUNNING
79.7000000000095,9564,S8_RL_COM_SHIFT_AND_TRAVERSE,FACE_CLEAR,v008_20260806_211408_578700_manual:S8_RL_COM_SHIFT_AND_TRAVERSE:ALTERNATE_PROFILE_2:segments-75-117,8.783333333340323,0.7209302325581395,107,0.8251261115074158,-0.00031445175409317017,0.14250467717647552,-0.056849585285376224,0.11133073418046471,-0.08823058522540904,RL,3,True,False,recoverable,0,False,RUNNING
79.76666666667622,9572,S8_RL_COM_SHIFT_AND_TRAVERSE,FACE_CLEAR,v008_20260806_211408_578700_manual:S8_RL_COM_SHIFT_AND_TRAVERSE:ALTERNATE_PROFILE_2:segments-75-117,8.850000000007043,0.7209302325581395,107,0.8251268863677979,-0.0003138333559036255,0.14250627160072327,-0.05683439004846358,0.11138412347572577,-0.0882426245090437,RL,3,True,False,recoverable,0,False,RUNNING
79.83333333334294,9580,S8_RL_COM_SHIFT_AND_TRAVERSE,FACE_CLEAR,v008_20260806_211408_578700_manual:S8_RL_COM_SHIFT_AND_TRAVERSE:ALTERNATE_PROFILE_2:segments-75-117,8.916666666673763,0.7441860465116279,108,0.8251546621322632,-0.0003186166286468506,0.14254817366600037,-0.05677356161957543,0.11160958041646955,-0.08825628063248758,RL,3,True,False,recoverable,0,False,RUNNING
79.90000000000965,9588,S8_RL_COM_SHIFT_AND_TRAVERSE,FACE_CLEAR,v008_20260806_211408_578700_manual:S8_RL_COM_SHIFT_AND_TRAVERSE:ALTERNATE_PROFILE_2:segments-75-117,8.983333333340482,0.7441860465116279,108,0.8252291679382324,-0.00031366944313049316,0.14251966774463654,-0.05690964631740584,0.11159715155851593,-0.08828940375142873,RL,3,True,False,recoverable,0,False,RUNNING
79.96666666667637,9596,S8_RL_COM_SHIFT_AND_TRAVERSE,FACE_CLEAR,v008_20260806_211408_578700_manual:S8_RL_COM_SHIFT_AND_TRAVERSE:ALTERNATE_PROFILE_2:segments-75-117,9.050000000007202,0.7674418604651163,109,0.8252213597297668,-0.0003164708614349365,0.14253218472003937,-0.0568682589460728,0.11167395428111866,-0.08828193738600766,RL,3,True,False,recoverable,0,False,RUNNING
80.0333333333431,9604,S8_RL_COM_SHIFT_AND_TRAVERSE,FACE_CLEAR,v008_20260806_211408_578700_manual:S8_RL_COM_SHIFT_AND_TRAVERSE:ALTERNATE_PROFILE_2:segments-75-117,9.116666666673922,0.7674418604651163,109,0.8252889513969421,-0.0003120899200439453,0.14249439537525177,-0.056994862175973444,0.11160092697532653,-0.08831046829980535,RL,3,True,False,recoverable,0,False,RUNNING
80.10000000000981,9612,S8_RL_COM_SHIFT_AND_TRAVERSE,FACE_CLEAR,v008_20260806_211408_578700_manual:S8_RL_COM_SHIFT_AND_TRAVERSE:ALTERNATE_PROFILE_2:segments-75-117,9.183333333340642,0.7674418604651163,109,0.8253381252288818,-0.00030998140573501587,0.1424705684185028,-0.057074114264641804,0.11156382705587105,-0.08831762808070508,RL,3,True,False,recoverable,0,False,RUNNING
80.16666666667653,9620,S8_RL_COM_SHIFT_AND_TRAVERSE,FACE_CLEAR,v008_20260806_211408_578700_manual:S8_RL_COM_SHIFT_AND_TRAVERSE:ALTERNATE_PROFILE_2:segments-75-117,9.250000000007361,0.7674418604651163,109,0.8253676295280457,-0.0003125593066215515,0.14246705174446106,-0.057080134416083846,0.1115900048898158,-0.08831951895888968,RL,3,True,False,recoverable,0,False,RUNNING
80.23333333334325,9628,S8_RL_COM_SHIFT_AND_TRAVERSE,FACE_CLEAR,v008_20260806_211408_578700_manual:S8_RL_COM_SHIFT_AND_TRAVERSE:ALTERNATE_PROFILE_2:segments-75-117,9.316666666674081,0.7906976744186046,110,0.8253925442695618,-0.00031532347202301025,0.14246660470962524,-0.05707544201700316,0.111617155909597,-0.08831854849861695,RL,3,True,False,recoverable,0,False,RUNNING
80.30000000000997,9636,S8_RL_COM_SHIFT_AND_TRAVERSE,FACE_CLEAR,v008_20260806_211408_578700_manual:S8_RL_COM_SHIFT_AND_TRAVERSE:ALTERNATE_PROFILE_2:segments-75-117,9.3833333333408,0.813953488372093,111,0.8253461718559265,-0.00032485276460647583,0.14250706136226654,-0.056911643798560556,0.11176143512119571,-0.08829060199596549,RL,3,True,False,recoverable,0,False,RUNNING
80.3666666666767,9644,S8_RL_COM_SHIFT_AND_TRAVERSE,FACE_CLEAR,v008_20260806_211408_578700_manual:S8_RL_COM_SHIFT_AND_TRAVERSE:ALTERNATE_PROFILE_2:segments-75-117,9.45000000000752,0.813953488372093,111,0.825371265411377,-0.00032661110162734985,0.14250770211219788,-0.05691634660019213,0.11180167284881873,-0.08829303836150176,RL,3,True,False,recoverable,0,False,RUNNING
80.43333333334341,9652,S8_RL_COM_SHIFT_AND_TRAVERSE,FACE_CLEAR,v008_20260806_211408_578700_manual:S8_RL_COM_SHIFT_AND_TRAVERSE:ALTERNATE_PROFILE_2:segments-75-117,9.51666666667424,0.813953488372093,111,0.8254508972167969,-0.0003241822123527527,0.14248064160346985,-0.05702920366648559,0.11177970785765595,-0.08831714297214183,RL,3,True,False,recoverable,0,False,RUNNING
80.50000000001013,9660,S8_RL_COM_SHIFT_AND_TRAVERSE,FACE_CLEAR,v008_20260806_211408_578700_manual:S8_RL_COM_SHIFT_AND_TRAVERSE:ALTERNATE_PROFILE_2:segments-75-117,9.58333333334096,0.813953488372093,111,0.8254804611206055,-0.00032661110162734985,0.14247989654541016,-0.05703273349221005,0.1118126668194623,-0.0883186508021632,RL,3,True,False,recoverable,0,False,RUNNING
80.56666666667685,9668,S8_RL_COM_SHIFT_AND_TRAVERSE,TOP_PLACE,v008_20260806_211408_578700_manual:S8_RL_COM_SHIFT_AND_TRAVERSE:ALTERNATE_PROFILE_2:segments-75-117,9.65000000000768,0.8372093023255814,112,0.825498640537262,-0.00033070147037506104,0.14248724281787872,-0.05700191739556137,0.11186493670472404,-0.08831341183997352,RL,3,True,False,recoverable,0,False,RUNNING
80.63333333334357,9676,S8_RL_COM_SHIFT_AND_TRAVERSE,TOP_PLACE,v008_20260806_211408_578700_manual:S8_RL_COM_SHIFT_AND_TRAVERSE:ALTERNATE_PROFILE_2:segments-75-117,9.7166666666744,0.8372093023255814,112,0.8255149722099304,-0.00033446401357650757,0.14249193668365479,-0.056975846676255326,0.11191210265479246,-0.08830905183756421,RL,3,True,False,recoverable,0,False,RUNNING
80.70000000001029,9684,S8_RL_COM_SHIFT_AND_TRAVERSE,TOP_PLACE,v008_20260806_211408_578700_manual:S8_RL_COM_SHIFT_AND_TRAVERSE:ALTERNATE_PROFILE_2:segments-75-117,9.783333333341119,0.8604651162790697,113,0.8255228996276855,-0.00033699721097946167,0.142496258020401,-0.05694994867045642,0.11195067857780953,-0.08831155028426282,RL,3,True,False,recoverable,0,False,RUNNING
80.76666666667701,9692,S8_RL_COM_SHIFT_AND_TRAVERSE,TOP_PLACE,v008_20260806_211408_578700_manual:S8_RL_COM_SHIFT_AND_TRAVERSE:ALTERNATE_PROFILE_2:segments-75-117,9.850000000007839,0.8604651162790697,113,0.8255437016487122,-0.00033942610025405884,0.14249786734580994,-0.05694308370468906,0.11198265382451374,-0.08831293546118707,RL,3,True,False,recoverable,0,False,RUNNING
80.83333333334373,9700,S8_RL_COM_SHIFT_AND_TRAVERSE,TOP_PLACE,v008_20260806_211408_578700_manual:S8_RL_COM_SHIFT_AND_TRAVERSE:ALTERNATE_PROFILE_2:segments-75-117,9.916666666674558,0.8837209302325582,114,0.8255462646484375,-0.0003489479422569275,0.14253327250480652,-0.05682823718749685,0.11212320149646435,-0.08829753350522834,RL,3,True,False,recoverable,0,False,RUNNING
80.90000000001045,9708,S8_RL_COM_SHIFT_AND_TRAVERSE,TOP_PLACE,v008_20260806_211408_578700_manual:S8_RL_COM_SHIFT_AND_TRAVERSE:ALTERNATE_PROFILE_2:segments-75-117,9.983333333341278,0.8837209302325582,114,0.8255777955055237,-0.0003489181399345398,0.1425165832042694,-0.056865435951031724,0.11210719337348182,-0.08830672971127414,RL,3,True,False,recoverable,0,False,RUNNING
80.96666666667717,9716,S8_RL_COM_SHIFT_AND_TRAVERSE,TOP_PLACE,v008_20260806_211408_578700_manual:S8_RL_COM_SHIFT_AND_TRAVERSE:ALTERNATE_PROFILE_2:segments-75-117,10.050000000007998,0.9069767441860465,115,0.8255701661109924,-0.0003540143370628357,0.1425323784351349,-0.05679242908995055,0.11220029358520454,-0.08829972855180161,RL,3,True,False,recoverable,0,False,RUNNING
81.03333333334389,9724,S8_RL_COM_SHIFT_AND_TRAVERSE,TOP_PLACE,v008_20260806_211408_578700_manual:S8_RL_COM_SHIFT_AND_TRAVERSE:ALTERNATE_PROFILE_2:segments-75-117,10.116666666674718,0.9069767441860465,115,0.8256139755249023,-0.0003516674041748047,0.14250586926937103,-0.05686944179741941,0.1121481184371256,-0.08831594628733981,RL,3,True,False,recoverable,0,False,RUNNING
81.10000000001061,9732,S8_RL_COM_SHIFT_AND_TRAVERSE,TOP_PLACE,v008_20260806_211408_578700_manual:S8_RL_COM_SHIFT_AND_TRAVERSE:ALTERNATE_PROFILE_2:segments-75-117,10.183333333341437,0.9069767441860465,115,0.825653612613678,-0.00035112351179122925,0.142485111951828,-0.05693060154640861,0.11211498820865712,-0.0883197583881987,RL,3,True,False,recoverable,0,False,RUNNING
81.16666666667733,9740,S8_RL_COM_SHIFT_AND_TRAVERSE,TOP_PLACE,v008_20260806_211408_578700_manual:S8_RL_COM_SHIFT_AND_TRAVERSE:ALTERNATE_PROFILE_2:segments-75-117,10.250000000008157,0.9302325581395349,116,0.8264201879501343,-0.0004684627056121826,0.14262250065803528,-0.05648790129997789,0.11269028432610229,-0.0881940734992228,RL,3,True,False,recoverable,0,False,RUNNING
81.23333333334405,9748,S8_RL_COM_SHIFT_AND_TRAVERSE,TOP_PLACE,v008_20260806_211408_578700_manual:S8_RL_COM_SHIFT_AND_TRAVERSE:ALTERNATE_PROFILE_2:segments-75-117,10.316666666674877,0.9302325581395349,116,0.8273799419403076,-0.0005851835012435913,0.1427135318517685,-0.05627659353594946,0.11336734480647756,-0.08810581979303396,RL,3,True,False,recoverable,0,False,RUNNING
81.30000000001077,9756,S8_RL_COM_SHIFT_AND_TRAVERSE,TOP_PLACE,v008_20260806_211408_578700_manual:S8_RL_COM_SHIFT_AND_TRAVERSE:ALTERNATE_PROFILE_2:segments-75-117,10.383333333341596,0.9302325581395349,116,0.8283222913742065,-0.000677943229675293,0.14277499914169312,-0.056330826148649066,0.11375191048802422,-0.0880334858127274,RL,3,True,False,recoverable,0,False,RUNNING
81.36666666667749,9764,S8_RL_COM_SHIFT_AND_TRAVERSE,TOP_PLACE,v008_20260806_211408_578700_manual:S8_RL_COM_SHIFT_AND_TRAVERSE:ALTERNATE_PROFILE_2:segments-75-117,10.450000000008316,0.9302325581395349,116,0.8293013572692871,-0.0007565468549728394,0.14276964962482452,-0.05656140757590767,0.11401842955352133,-0.08801730473749458,RL,3,True,False,recoverable,0,False,RUNNING
81.43333333334421,9772,S8_RL_COM_SHIFT_AND_TRAVERSE,TOP_PLACE,v008_20260806_211408_578700_manual:S8_RL_COM_SHIFT_AND_TRAVERSE:ALTERNATE_PROFILE_2:segments-75-117,10.516666666675036,0.9302325581395349,116,0.8302947878837585,-0.000843338668346405,0.14276959002017975,-0.056792689534008324,0.11429061559479185,-0.0879379526828777,RL,3,True,False,recoverable,0,False,RUNNING
81.50000000001093,9780,S8_RL_COM_SHIFT_AND_TRAVERSE,TOP_PLACE,v008_20260806_211408_578700_manual:S8_RL_COM_SHIFT_AND_TRAVERSE:ALTERNATE_PROFILE_2:segments-75-117,10.583333333341756,0.9302325581395349,116,0.8313096165657043,-0.0009077563881874084,0.1427532136440277,-0.0570389470809592,0.11456143741729241,-0.08789525784383163,RL,3,True,False,recoverable,0,False,RUNNING
81.56666666667765,9788,S8_RL_COM_SHIFT_AND_TRAVERSE,TOP_PLACE,v008_20260806_211408_578700_manual:S8_RL_COM_SHIFT_AND_TRAVERSE:ALTERNATE_PROFILE_2:segments-75-117,10.650000000008475,0.9302325581395349,116,0.832353949546814,-0.000968053936958313,0.14270828664302826,-0.057316372529068065,0.11480635699933188,-0.08784925054429465,RL,3,True,False,recoverable,0,False,RUNNING
81.63333333334437,9796,S8_RL_COM_SHIFT_AND_TRAVERSE,TOP_PLACE,v008_20260806_211408_578700_manual:S8_RL_COM_SHIFT_AND_TRAVERSE:ALTERNATE_PROFILE_2:segments-75-117,10.716666666675195,0.9302325581395349,116,0.8334234356880188,-0.0010347217321395874,0.14265260100364685,-0.057602826140602456,0.11509021564664372,-0.08782119943587426,RL,3,True,False,recoverable,0,False,RUNNING
81.70000000001109,9804,S8_RL_COM_SHIFT_AND_TRAVERSE,TOP_PLACE,v008_20260806_211408_578700_manual:S8_RL_COM_SHIFT_AND_TRAVERSE:ALTERNATE_PROFILE_2:segments-75-117,10.783333333341915,0.9302325581395349,116,0.8344841003417969,-0.0011073872447013855,0.14255684614181519,-0.05791148760609721,0.1153314788012916,-0.0877453755032014,RL,3,True,False,recoverable,0,False,RUNNING
81.7666666666778,9812,S8_RL_COM_SHIFT_AND_TRAVERSE,TOP_PLACE,v008_20260806_211408_578700_manual:S8_RL_COM_SHIFT_AND_TRAVERSE:ALTERNATE_PROFILE_2:segments-75-117,10.850000000008635,0.9302325581395349,116,0.8355726599693298,-0.0011607781052589417,0.14242756366729736,-0.05837574697324711,0.11544825453949294,-0.08775236738051914,RL,3,True,False,recoverable,0,False,RUNNING
81.83333333334453,9820,S8_RL_COM_SHIFT_AND_TRAVERSE,TOP_PLACE,v008_20260806_211408_578700_manual:S8_RL_COM_SHIFT_AND_TRAVERSE:ALTERNATE_PROFILE_2:segments-75-117,10.916666666675354,0.9302325581395349,116,0.8366382718086243,-0.0011835023760795593,0.14226281642913818,-0.059163243940238384,0.11516133527145014,-0.08779745647724906,RL,3,True,False,recoverable,0,False,RUNNING
81.90000000001125,9828,S8_RL_COM_SHIFT_AND_TRAVERSE,TOP_PLACE,v008_20260806_211408_578700_manual:S8_RL_COM_SHIFT_AND_TRAVERSE:ALTERNATE_PROFILE_2:segments-75-117,10.983333333342074,0.9302325581395349,116,0.8375464081764221,-0.0012479200959205627,0.1422240287065506,-0.0594071066721182,0.11492567207902667,-0.08775489278675531,RL,3,True,False,recoverable,0,False,RUNNING
81.96666666667797,9836,S8_RL_COM_SHIFT_AND_TRAVERSE,TOP_PLACE,v008_20260806_211408_578700_manual:S8_RL_COM_SHIFT_AND_TRAVERSE:ALTERNATE_PROFILE_2:segments-75-117,11.050000000008794,0.9302325581395349,116,0.8384879231452942,-0.0013011917471885681,0.14216692745685577,-0.05963996421504848,0.11471785666827392,-0.08781409443226743,RL,3,True,False,recoverable,0,False,RUNNING
82.03333333334469,9844,S8_RL_COM_SHIFT_AND_TRAVERSE,TOP_PLACE,v008_20260806_211408_578700_manual:S8_RL_COM_SHIFT_AND_TRAVERSE:ALTERNATE_PROFILE_2:segments-75-117,11.116666666675513,0.9302325581395349,116,0.8394278883934021,-0.0013458356261253357,0.14208805561065674,-0.06004295306521368,0.11427572747773862,-0.08787515499787078,RL,3,True,False,recoverable,0,False,RUNNING
82.1000000000114,9852,S8_RL_COM_SHIFT_AND_TRAVERSE,TOP_PLACE,v008_20260806_211408_578700_manual:S8_RL_COM_SHIFT_AND_TRAVERSE:ALTERNATE_PROFILE_2:segments-75-117,11.183333333342233,0.9302325581395349,116,0.8403777480125427,-0.0013896748423576355,0.14198929071426392,-0.060469175357705816,0.11377809340396827,-0.08789120964525539,RL,3,True,False,recoverable,0,False,RUNNING
82.16666666667813,9860,S8_RL_COM_SHIFT_AND_TRAVERSE,TOP_PLACE,v008_20260806_211408_578700_manual:S8_RL_COM_SHIFT_AND_TRAVERSE:ALTERNATE_PROFILE_2:segments-75-117,11.250000000008953,0.9302325581395349,116,0.8413571715354919,-0.0014344751834869385,0.14186197519302368,-0.0609406524794107,0.11324480953711819,-0.08791529079949174,RL,3,True,False,recoverable,0,False,RUNNING
82.23333333334485,9868,S8_RL_COM_SHIFT_AND_TRAVERSE,TOP_PLACE,v008_20260806_211408_578700_manual:S8_RL_COM_SHIFT_AND_TRAVERSE:ALTERNATE_PROFILE_2:segments-75-117,11.316666666675673,0.9302325581395349,116,0.8423761129379272,-0.0014806240797042847,0.14169690012931824,-0.06143225327998981,0.11269312283072698,-0.088001652327712,RL,3,True,False,recoverable,0,False,RUNNING
82.30000000001156,9876,S8_RL_COM_SHIFT_AND_TRAVERSE,TOP_PLACE,v008_20260806_211408_578700_manual:S8_RL_COM_SHIFT_AND_TRAVERSE:ALTERNATE_PROFILE_2:segments-75-117,11.383333333342392,0.9302325581395349,116,0.843410849571228,-0.001526668667793274,0.14152531325817108,-0.06189265244051312,0.11210865579083003,-0.08800204250473091,RL,3,True,False,recoverable,0,False,RUNNING
82.36666666667828,9884,S8_RL_COM_SHIFT_AND_TRAVERSE,TOP_PLACE,v008_20260806_211408_578700_manual:S8_RL_COM_SHIFT_AND_TRAVERSE:ALTERNATE_PROFILE_2:segments-75-117,11.450000000009112,0.9302325581395349,116,0.8443083763122559,-0.00160960853099823,0.14148373901844025,-0.0616419225516485,0.1117288943398356,-0.08793888554997167,RL,3,True,False,recoverable,0,False,RUNNING
82.433333333345,9892,S8_RL_COM_SHIFT_AND_TRAVERSE,TOP_PLACE,v008_20260806_211408_578700_manual:S8_RL_COM_SHIFT_AND_TRAVERSE:ALTERNATE_PROFILE_2:segments-75-117,11.516666666675832,0.9302325581395349,116,0.845174252986908,-0.0017108991742134094,0.1414462924003601,-0.06136584882352793,0.11134726989009029,-0.08785392084728184,RL,3,True,False,recoverable,0,False,RUNNING
82.50000000001172,9900,S8_RL_COM_SHIFT_AND_TRAVERSE,TOP_PLACE,v008_20260806_211408_578700_manual:S8_RL_COM_SHIFT_AND_TRAVERSE:ALTERNATE_PROFILE_2:segments-75-117,11.583333333342551,0.9302325581395349,116,0.8458613753318787,-0.00186079740524292,0.1415795385837555,-0.06036190746892946,0.1111622130333928,-0.08770660884991963,RL,3,True,False,recoverable,0,False,RUNNING
82.56666666667844,9908,S8_RL_COM_SHIFT_AND_TRAVERSE,TOP_PLACE,v008_20260806_211408_578700_manual:S8_RL_COM_SHIFT_AND_TRAVERSE:ALTERNATE_PROFILE_2:segments-75-117,11.650000000009271,0.9302325581395349,116,0.8466696739196777,-0.0019999518990516663,0.14165161550045013,-0.059573237535352944,0.1108570057332947,-0.08765032364393344,RL,3,True,False,recoverable,0,False,RUNNING
82.63333333334516,9916,S8_RL_COM_SHIFT_AND_TRAVERSE,TOP_PLACE,v008_20260806_211408_578700_manual:S8_RL_COM_SHIFT_AND_TRAVERSE:ALTERNATE_PROFILE_2:segments-75-117,11.71666666667599,0.9302325581395349,116,0.8475047945976257,-0.002123996615409851,0.1416916698217392,-0.05889165926788797,0.11043086183632468,-0.08750719011310765,RL,3,True,False,recoverable,0,False,RUNNING
82.70000000001188,9924,S8_RL_COM_SHIFT_AND_TRAVERSE,TOP_PLACE,v008_20260806_211408_578700_manual:S8_RL_COM_SHIFT_AND_TRAVERSE:ALTERNATE_PROFILE_2:segments-75-117,11.78333333334271,0.9302325581395349,116,0.8482047319412231,-0.002233535051345825,0.14188605546951294,-0.05823925249141898,0.11078103870148345,-0.08739170951283659,RL,3,True,False,recoverable,0,False,RUNNING
82.7666666666786,9932,S8_RL_COM_SHIFT_AND_TRAVERSE,TOP_PLACE,v008_20260806_211408_578700_manual:S8_RL_COM_SHIFT_AND_TRAVERSE:ALTERNATE_PROFILE_2:segments-75-117,11.85000000000943,0.9302325581395349,116,0.8489879965782166,-0.0023334920406341553,0.1420578807592392,-0.05776422913215188,0.11111339165870837,-0.08729081532216969,RL,3,True,False,recoverable,0,False,RUNNING
82.83333333334532,9940,S8_RL_COM_SHIFT_AND_TRAVERSE,TOP_PLACE,v008_20260806_211408_578700_manual:S8_RL_COM_SHIFT_AND_TRAVERSE:ALTERNATE_PROFILE_2:segments-75-117,11.91666666667615,0.9302325581395349,116,0.8498589396476746,-0.0024348795413970947,0.14218628406524658,-0.05749813814757361,0.11142933739460248,-0.08729463985132092,RL,3,True,False,recoverable,0,False,RUNNING
82.90000000001204,9948,S8_RL_COM_SHIFT_AND_TRAVERSE,TOP_PLACE,v008_20260806_211408_578700_manual:S8_RL_COM_SHIFT_AND_TRAVERSE:ALTERNATE_PROFILE_2:segments-75-117,11.98333333334287,0.9302325581395349,116,0.8507604002952576,-0.002526417374610901,0.1423179805278778,-0.05721632290843446,0.11171117230717957,-0.08723019651229512,RL,3,True,False,recoverable,0,False,RUNNING
82.96666666667876,9956,S8_RL_COM_SHIFT_AND_TRAVERSE,TOP_PLACE,v008_20260806_211408_578700_manual:S8_RL_COM_SHIFT_AND_TRAVERSE:ALTERNATE_PROFILE_2:segments-75-117,12.05000000000959,0.9302325581395349,116,0.8516823649406433,-0.0026291459798812866,0.1424163579940796,-0.05703767127355632,0.11200551219590775,-0.08721460861138541,RL,3,True,False,recoverable,0,False,RUNNING
83.03333333334548,9964,S8_RL_COM_SHIFT_AND_TRAVERSE,TOP_PLACE,v008_20260806_211408_578700_manual:S8_RL_COM_SHIFT_AND_TRAVERSE:ALTERNATE_PROFILE_2:segments-75-117,12.11666666667631,0.9302325581395349,116,0.8526164889335632,-0.0027161017060279846,0.14253349602222443,-0.05669660692813601,0.11227124963493718,-0.08710564826244582,RL,3,True,False,recoverable,0,False,RUNNING
83.1000000000122,9972,S8_RL_COM_SHIFT_AND_TRAVERSE,TOP_PLACE,v008_20260806_211408_578700_manual:S8_RL_COM_SHIFT_AND_TRAVERSE:ALTERNATE_PROFILE_2:segments-75-117,12.183333333343029,0.9302325581395349,116,0.8535891771316528,-0.0028190016746520996,0.14258860051631927,-0.05657416815253378,0.11255654810440033,-0.08709875645154197,RL,3,True,False,recoverable,0,False,RUNNING
83.16666666667892,9980,S8_RL_COM_SHIFT_AND_TRAVERSE,TOP_PLACE,v008_20260806_211408_578700_manual:S8_RL_COM_SHIFT_AND_TRAVERSE:ALTERNATE_PROFILE_2:segments-75-117,12.250000000009749,0.9302325581395349,116,0.8545666337013245,-0.0029121339321136475,0.14267289638519287,-0.05642306343547888,0.11295382230063551,-0.08713848285626559,RL,3,True,False,recoverable,0,False,RUNNING
83.23333333334564,9988,S8_RL_COM_SHIFT_AND_TRAVERSE,TOP_PLACE,v008_20260806_211408_578700_manual:S8_RL_COM_SHIFT_AND_TRAVERSE:ALTERNATE_PROFILE_2:segments-75-117,12.316666666676468,0.9302325581395349,116,0.8554534912109375,-0.0030101463198661804,0.14277371764183044,-0.05617842638514115,0.11342603727200841,-0.08705886940708171,RL,3,True,False,recoverable,0,False,RUNNING
83.30000000001236,9996,S8_RL_COM_SHIFT_AND_TRAVERSE,TOP_PLACE,v008_20260806_211408_578700_manual:S8_RL_COM_SHIFT_AND_TRAVERSE:ALTERNATE_PROFILE_2:segments-75-117,12.383333333343188,0.9302325581395349,116,0.8564375042915344,-0.0030983611941337585,0.142860546708107,-0.05600984213636913,0.11391138911622904,-0.0870240204154789,RL,3,True,False,recoverable,0,False,RUNNING
83.36666666667908,10004,S8_RL_COM_SHIFT_AND_TRAVERSE,TOP_PLACE,v008_20260806_211408_578700_manual:S8_RL_COM_SHIFT_AND_TRAVERSE:ALTERNATE_PROFILE_2:segments-75-117,12.450000000009908,0.9302325581395349,116,0.8574184775352478,-0.003189586102962494,0.14292749762535095,-0.05580852158776328,0.11438512671576229,-0.08700936186900571,RL,3,True,False,recoverable,0,False,RUNNING
83.4333333333458,10012,S8_RL_COM_SHIFT_AND_TRAVERSE,TOP_PLACE,v008_20260806_211408_578700_manual:S8_RL_COM_SHIFT_AND_TRAVERSE:ALTERNATE_PROFILE_2:segments-75-117,12.516666666676628,0.9302325581395349,116,0.858427107334137,-0.003259822726249695,0.14291496574878693,-0.05603432538896571,0.1145785059491514,-0.08706785301755576,RL,3,True,False,recoverable,0,False,RUNNING
83.50000000001252,10020,S8_RL_COM_SHIFT_AND_TRAVERSE,TOP_PLACE,v008_20260806_211408_578700_manual:S8_RL_COM_SHIFT_AND_TRAVERSE:ALTERNATE_PROFILE_2:segments-75-117,12.583333333343347,0.9302325581395349,116,0.8594048023223877,-0.0033116787672042847,0.14292487502098083,-0.056203519786030325,0.11468671856898062,-0.0870311738535571,RL,3,True,False,recoverable,0,False,RUNNING
83.56666666667924,10028,S8_RL_COM_SHIFT_AND_TRAVERSE,TOP_PLACE,v008_20260806_211408_578700_manual:S8_RL_COM_SHIFT_AND_TRAVERSE:ALTERNATE_PROFILE_2:segments-75-117,12.650000000010067,0.9302325581395349,116,0.8604205846786499,-0.0033611133694648743,0.14288932085037231,-0.05651844128856137,0.11479842196549558,-0.08702282234273243,RL,3,True,False,recoverable,0,False,RUNNING
83.63333333334596,10036,S8_RL_COM_SHIFT_AND_TRAVERSE,TOP_PLACE,v008_20260806_211408_578700_manual:S8_RL_COM_SHIFT_AND_TRAVERSE:ALTERNATE_PROFILE_2:segments-75-117,12.716666666676787,0.9302325581395349,116,0.8614245057106018,-0.0034032464027404785,0.1428382694721222,-0.056756809334443124,0.11493034366234366,-0.08702614799465348,RL,3,True,False,recoverable,0,False,RUNNING
83.70000000001268,10044,S8_RL_COM_SHIFT_AND_TRAVERSE,TOP_PLACE,v008_20260806_211408_578700_manual:S8_RL_COM_SHIFT_AND_TRAVERSE:ALTERNATE_PROFILE_2:segments-75-117,12.783333333343506,0.9302325581395349,116,0.8623985648155212,-0.003426872193813324,0.14276941120624542,-0.057274081143425894,0.11465086051359265,-0.08704277782704656,RL,3,True,False,recoverable,0,False,RUNNING
83.7666666666794,10052,S8_RL_COM_SHIFT_AND_TRAVERSE,TOP_PLACE,v008_20260806_211408_578700_manual:S8_RL_COM_SHIFT_AND_TRAVERSE:ALTERNATE_PROFILE_2:segments-75-117,12.850000000010226,0.9302325581395349,116,0.8633806705474854,-0.003439195454120636,0.14266303181648254,-0.05788682769362153,0.11425016069554551,-0.08712126973251277,RL,3,True,False,recoverable,0,False,RUNNING
83.83333333334612,10060,S8_RL_COM_SHIFT_AND_TRAVERSE,TOP_PLACE,v008_20260806_211408_578700_manual:S8_RL_COM_SHIFT_AND_TRAVERSE:ALTERNATE_PROFILE_2:segments-75-117,12.916666666676946,0.9302325581395349,116,0.864374577999115,-0.00344964861869812,0.14253205060958862,-0.05846191296494634,0.11390632571998752,-0.08722667096034434,RL,3,True,False,recoverable,0,False,RUNNING
83.90000000001284,10068,S8_RL_COM_SHIFT_AND_TRAVERSE,TOP_PLACE,v008_20260806_211408_578700_manual:S8_RL_COM_SHIFT_AND_TRAVERSE:ALTERNATE_PROFILE_2:segments-75-117,12.983333333343666,0.9302325581395349,116,0.8654194474220276,-0.0034536942839622498,0.14236605167388916,-0.05913553726104487,0.11347925816092683,-0.0873255340986843,RL,3,True,False,recoverable,0,False,RUNNING
83.96666666667956,10076,S8_RL_COM_SHIFT_AND_TRAVERSE,TOP_PLACE,v008_20260806_211408_578700_manual:S8_RL_COM_SHIFT_AND_TRAVERSE:ALTERNATE_PROFILE_2:segments-75-117,13.050000000010385,0.9302325581395349,116,0.866481363773346,-0.0034582316875457764,0.1421743780374527,-0.05982741211570967,0.11305257472635555,-0.08742506274370776,RL,3,True,False,recoverable,0,False,RUNNING
84.03333333334628,10084,S8_RL_COM_SHIFT_AND_TRAVERSE,TOP_PLACE,v008_20260806_211408_578700_manual:S8_RL_COM_SHIFT_AND_TRAVERSE:ALTERNATE_PROFILE_2:segments-75-117,13.116666666677105,0.9302325581395349,116,0.8675490617752075,-0.003471285104751587,0.14196768403053284,-0.060485388772954486,0.11263433969304211,-0.0875375281446957,RL,3,True,False,recoverable,0,False,RUNNING
84.100000000013,10092,S8_RL_COM_SHIFT_AND_TRAVERSE,TOP_PLACE,v008_20260806_211408_578700_manual:S8_RL_COM_SHIFT_AND_TRAVERSE:ALTERNATE_PROFILE_2:segments-75-117,13.183333333343825,0.9302325581395349,116,0.8683436512947083,-0.003570638597011566,0.1420426070690155,-0.05997312151813466,0.11248221599370059,-0.08750270426710322,RL,3,True,False,recoverable,0,False,RUNNING
84.16666666667972,10100,S8_RL_COM_SHIFT_AND_TRAVERSE,TOP_PLACE,v008_20260806_211408_578700_manual:S8_RL_COM_SHIFT_AND_TRAVERSE:ALTERNATE_PROFILE_2:segments-75-117,13.250000000010544,0.9302325581395349,116,0.8690835237503052,-0.003685571253299713,0.14217093586921692,-0.059221051028205414,0.1123886963879549,-0.0874025630622726,RL,3,True,False,recoverable,0,False,RUNNING
84.23333333334644,10108,S8_RL_COM_SHIFT_AND_TRAVERSE,TOP_PLACE,v008_20260806_211408_578700_manual:S8_RL_COM_SHIFT_AND_TRAVERSE:ALTERNATE_PROFILE_2:segments-75-117,13.316666666677264,0.9302325581395349,116,0.8699259161949158,-0.0037942230701446533,0.14223013818264008,-0.05873092337702296,0.11216420679392478,-0.08735211619079412,RL,3,True,False,recoverable,0,False,RUNNING
84.30000000001316,10116,S8_RL_COM_SHIFT_AND_TRAVERSE,TOP_PLACE,v008_20260806_211408_578700_manual:S8_RL_COM_SHIFT_AND_TRAVERSE:ALTERNATE_PROFILE_2:segments-75-117,13.383333333343984,0.9302325581395349,116,0.870831310749054,-0.003897830843925476,0.1422615945339203,-0.05831711024126516,0.11186317549497825,-0.08731846189798936,RL,3,True,False,recoverable,0,False,RUNNING
84.36666666667988,10124,S8_RL_COM_SHIFT_AND_TRAVERSE,TOP_PLACE,v008_20260806_211408_578700_manual:S8_RL_COM_SHIFT_AND_TRAVERSE:ALTERNATE_PROFILE_2:segments-75-117,13.450000000010704,0.9302325581395349,116,0.8717533946037292,-0.004003055393695831,0.1422707438468933,-0.057929005637701,0.11151421884846181,-0.08729414567984774,RL,3,True,False,recoverable,0,False,RUNNING
84.4333333333466,10132,S8_RL_COM_SHIFT_AND_TRAVERSE,TOP_PLACE,v008_20260806_211408_578700_manual:S8_RL_COM_SHIFT_AND_TRAVERSE:ALTERNATE_PROFILE_2:segments-75-117,13.516666666677423,0.9302325581395349,116,0.8725382089614868,-0.004105724394321442,0.14241179823875427,-0.0574617671260835,0.11179224466521971,-0.08724271012335577,RL,3,True,False,recoverable,0,False,RUNNING
84.50000000001332,10140,S8_RL_COM_SHIFT_AND_TRAVERSE,TOP_PLACE,v008_20260806_211408_578700_manual:S8_RL_COM_SHIFT_AND_TRAVERSE:ALTERNATE_PROFILE_2:segments-75-117,13.583333333344143,0.9302325581395349,116,0.8733475208282471,-0.004198350012302399,0.14255772531032562,-0.05715064968446811,0.1121742021003997,-0.08720679375108198,RL,3,True,False,recoverable,0,False,RUNNING
84.56666666668004,10148,S8_RL_COM_SHIFT_AND_TRAVERSE,TOP_PLACE,v008_20260806_211408_578700_manual:S8_RL_COM_SHIFT_AND_TRAVERSE:ALTERNATE_PROFILE_2:segments-75-117,13.650000000010863,0.9302325581395349,116,0.8742378950119019,-0.004286348819732666,0.14267092943191528,-0.05704199992053458,0.11252800199790161,-0.08723556611715494,RL,3,True,False,recoverable,0,False,RUNNING
84.63333333334676,10156,S8_RL_COM_SHIFT_AND_TRAVERSE,TOP_PLACE,v008_20260806_211408_578700_manual:S8_RL_COM_SHIFT_AND_TRAVERSE:ALTERNATE_PROFILE_2:segments-75-117,13.716666666677582,0.9302325581395349,116,0.8751670718193054,-0.0043664127588272095,0.14276395738124847,-0.05694824302894558,0.1128872218864407,-0.08724823172333705,RL,3,True,False,recoverable,0,False,RUNNING
84.70000000001347,10164,S8_RL_COM_SHIFT_AND_TRAVERSE,TOP_PLACE,v008_20260806_211408_578700_manual:S8_RL_COM_SHIFT_AND_TRAVERSE:ALTERNATE_PROFILE_2:segments-75-117,13.783333333344302,0.9302325581395349,116,0.8761319518089294,-0.0044471994042396545,0.1428298056125641,-0.05692364780962697,0.11322699789555386,-0.0872647619061389,RL,3,True,False,recoverable,0,False,RUNNING
84.7666666666802,10172,S8_RL_COM_SHIFT_AND_TRAVERSE,TOP_PLACE,v008_20260806_211408_578700_manual:S8_RL_COM_SHIFT_AND_TRAVERSE:ALTERNATE_PROFILE_2:segments-75-117,13.850000000011022,0.9302325581395349,116,0.8771089315414429,-0.00453522801399231,0.14288899302482605,-0.05688126016274326,0.11361840934546269,-0.08729240813887273,RL,3,True,False,recoverable,0,False,RUNNING
84.83333333334691,10180,S8_RL_COM_SHIFT_AND_TRAVERSE,TOP_PLACE,v008_20260806_211408_578700_manual:S8_RL_COM_SHIFT_AND_TRAVERSE:ALTERNATE_PROFILE_2:segments-75-117,13.916666666677742,0.9302325581395349,116,0.8780863881111145,-0.0046216025948524475,0.1429484486579895,-0.05679583639879256,0.11402907012139522,-0.08727003684122711,RL,3,True,False,recoverable,0,False,RUNNING
84.90000000001363,10188,S8_RL_COM_SHIFT_AND_TRAVERSE,TOP_PLACE,v008_20260806_211408_578700_manual:S8_RL_COM_SHIFT_AND_TRAVERSE:ALTERNATE_PROFILE_2:segments-75-117,13.983333333344461,0.9302325581395349,116,0.879073441028595,-0.004699312150478363,0.14298608899116516,-0.05671563143641295,0.1143993183079285,-0.08721790829655632,RL,3,True,False,recoverable,0,False,RUNNING
84.96666666668035,10196,S8_RL_COM_SHIFT_AND_TRAVERSE,TOP_PLACE,v008_20260806_211408_578700_manual:S8_RL_COM_SHIFT_AND_TRAVERSE:ALTERNATE_PROFILE_2:segments-75-117,14.050000000011181,0.9302325581395349,116,0.8800709843635559,-0.004775792360305786,0.14299547672271729,-0.05666553417240296,0.11479628484416596,-0.08721667684643367,RL,3,True,False,recoverable,0,False,RUNNING
85.03333333334707,10204,S8_RL_COM_SHIFT_AND_TRAVERSE,TOP_PLACE,v008_20260806_211408_578700_manual:S8_RL_COM_SHIFT_AND_TRAVERSE:ALTERNATE_PROFILE_2:segments-75-117,14.1166666666779,0.9302325581395349,116,0.8810906410217285,-0.004855602979660034,0.1429787576198578,-0.05665820229607504,0.11517014991193195,-0.08719004424120444,RL,3,True,False,recoverable,0,False,RUNNING
85.1000000000138,10212,S8_RL_COM_SHIFT_AND_TRAVERSE,TOP_PLACE,v008_20260806_211408_578700_manual:S8_RL_COM_SHIFT_AND_TRAVERSE:ALTERNATE_PROFILE_2:segments-75-117,14.18333333334462,0.9302325581395349,116,0.882125735282898,-0.004916198551654816,0.1429273784160614,-0.05688013060428437,0.11529181273656883,-0.08720251343151873,RL,3,True,False,recoverable,0,False,RUNNING
85.16666666668051,10220,S8_RL_COM_SHIFT_AND_TRAVERSE,TOP_PLACE,v008_20260806_211408_578700_manual:S8_RL_COM_SHIFT_AND_TRAVERSE:ALTERNATE_PROFILE_2:segments-75-117,14.25000000001134,0.9302325581395349,116,0.8831286430358887,-0.004937984049320221,0.14283601939678192,-0.057488271059152,0.11491366961538631,-0.08726784457183435,RL,3,True,False,recoverable,0,False,RUNNING
85.23333333334723,10228,S8_RL_COM_SHIFT_AND_TRAVERSE,TOP_PLACE,v008_20260806_211408_578700_manual:S8_RL_COM_SHIFT_AND_TRAVERSE:ALTERNATE_PROFILE_2:segments-75-117,14.31666666667806,0.9302325581395349,116,0.8841697573661804,-0.004943661391735077,0.14268440008163452,-0.058201371954903096,0.11448099994753004,-0.08732451301703022,RL,3,True,False,recoverable,0,False,RUNNING
85.30000000001395,10236,S8_RL_COM_SHIFT_AND_TRAVERSE,TOP_PLACE,v008_20260806_211408_578700_manual:S8_RL_COM_SHIFT_AND_TRAVERSE:ALTERNATE_PROFILE_2:segments-75-117,14.38333333334478,0.9302325581395349,116,0.8852079510688782,-0.004970669746398926,0.14255276322364807,-0.058799938688101544,0.11409375894139726,-0.08739690109013304,RL,3,True,False,recoverable,0,False,RUNNING
85.36666666668067,10244,S8_RL_COM_SHIFT_AND_TRAVERSE,TOP_PLACE,v008_20260806_211408_578700_manual:S8_RL_COM_SHIFT_AND_TRAVERSE:ALTERNATE_PROFILE_2:segments-75-117,14.4500000000115,0.9302325581395349,116,0.8862832188606262,-0.004985511302947998,0.14237846434116364,-0.05946600801385784,0.11371887368382458,-0.08745191319640218,RL,3,True,False,recoverable,0,False,RUNNING
85.43333333334739,10252,S8_RL_COM_SHIFT_AND_TRAVERSE,TOP_PLACE,v008_20260806_211408_578700_manual:S8_RL_COM_SHIFT_AND_TRAVERSE:ALTERNATE_PROFILE_2:segments-75-117,14.51666666667822,0.9302325581395349,116,0.8873392939567566,-0.004994116723537445,0.1421811878681183,-0.06013449472142192,0.11327683897199244,-0.08752407544581543,RL,3,True,False,recoverable,0,False,RUNNING
85.50000000001411,10260,S8_RL_COM_SHIFT_AND_TRAVERSE,TOP_PLACE,v008_20260806_211408_578700_manual:S8_RL_COM_SHIFT_AND_TRAVERSE:ALTERNATE_PROFILE_2:segments-75-117,14.583333333344939,0.9302325581395349,116,0.8883938193321228,-0.00501752644777298,0.14198631048202515,-0.06068830248963562,0.11291774966066342,-0.08769350824021215,RL,3,True,False,recoverable,0,False,RUNNING
85.56666666668083,10268,S8_RL_COM_SHIFT_AND_TRAVERSE,TOP_PLACE,v008_20260806_211408_578700_manual:S8_RL_COM_SHIFT_AND_TRAVERSE:ALTERNATE_PROFILE_2:segments-75-117,14.650000000011659,0.9302325581395349,116,0.8890617489814758,-0.005142420530319214,0.14215445518493652,-0.05978752838048797,0.11284952166842298,-0.08754367770737782,RL,3,True,False,recoverable,0,False,RUNNING
85.63333333334755,10276,S8_RL_COM_SHIFT_AND_TRAVERSE,TOP_PLACE,v008_20260806_211408_578700_manual:S8_RL_COM_SHIFT_AND_TRAVERSE:ALTERNATE_PROFILE_2:segments-75-117,14.716666666678378,0.9302325581395349,116,0.8898345232009888,-0.0052568912506103516,0.1422472894191742,-0.05919486049036189,0.11265418513321088,-0.08750234578923231,RL,3,True,False,recoverable,0,False,RUNNING
85.70000000001427,10284,S8_RL_COM_SHIFT_AND_TRAVERSE,TOP_PLACE,v008_20260806_211408_578700_manual:S8_RL_COM_SHIFT_AND_TRAVERSE:ALTERNATE_PROFILE_2:segments-75-117,14.783333333345098,0.9302325581395349,116,0.8906899690628052,-0.00536675751209259,0.14229509234428406,-0.058738443763485124,0.11237686060105044,-0.08752757993341391,RL,3,True,False,recoverable,0,False,RUNNING
85.76666666668099,10292,S8_RL_COM_SHIFT_AND_TRAVERSE,TOP_PLACE,v008_20260806_211408_578700_manual:S8_RL_COM_SHIFT_AND_TRAVERSE:ALTERNATE_PROFILE_2:segments-75-117,14.850000000011818,0.9302325581395349,116,0.8915871381759644,-0.005471974611282349,0.14231988787651062,-0.058345622898843034,0.11203092373111777,-0.08748424315645627,RL,3,True,False,recoverable,0,False,RUNNING
85.83333333334771,10300,S8_RL_COM_SHIFT_AND_TRAVERSE,TOP_PLACE,v008_20260806_211408_578700_manual:S8_RL_COM_SHIFT_AND_TRAVERSE:ALTERNATE_PROFILE_2:segments-75-117,14.916666666678537,0.9302325581395349,116,0.8925173878669739,-0.0055884867906570435,0.14232036471366882,-0.05800381167721321,0.11163260876459223,-0.0874402319232046,RL,3,True,False,recoverable,0,False,RUNNING
85.90000000001443,10308,S8_RL_COM_SHIFT_AND_TRAVERSE,TOP_PLACE,v008_20260806_211408_578700_manual:S8_RL_COM_SHIFT_AND_TRAVERSE:ALTERNATE_PROFILE_2:segments-75-117,14.983333333345257,0.9302325581395349,116,0.8934636116027832,-0.0056985244154930115,0.14230859279632568,-0.057599115177497294,0.11121144757859999,-0.08738194694011145,RL,3,True,False,recoverable,0,False,RUNNING
85.96666666668115,10316,S8_RL_COM_SHIFT_AND_TRAVERSE,TOP_PLACE,v008_20260806_211408_578700_manual:S8_RL_COM_SHIFT_AND_TRAVERSE:ALTERNATE_PROFILE_2:segments-75-117,15.050000000011977,0.9302325581395349,116,0.8944656252861023,-0.005799710750579834,0.14228487014770508,-0.057252955509022214,0.1108419221899529,-0.0873787646842932,RL,3,True,False,recoverable,0,False,RUNNING
86.03333333334787,10324,S8_RL_COM_SHIFT_AND_TRAVERSE,TOP_PLACE,v008_20260806_211408_578700_manual:S8_RL_COM_SHIFT_AND_TRAVERSE:ALTERNATE_PROFILE_2:segments-75-117,15.116666666678697,0.9302325581395349,116,0.8952730298042297,-0.005911417305469513,0.14241331815719604,-0.05683260210137578,0.1112120352192819,-0.08732588180290932,RL,3,True,False,recoverable,0,False,RUNNING
86.10000000001459,10332,S8_RL_COM_SHIFT_AND_TRAVERSE,TOP_PLACE,v008_20260806_211408_578700_manual:S8_RL_COM_SHIFT_AND_TRAVERSE:ALTERNATE_PROFILE_2:segments-75-117,15.183333333345416,0.9302325581395349,116,0.8961573243141174,-0.006010048091411591,0.14252440631389618,-0.05651903935566211,0.11156759903983507,-0.08729378500547307,RL,3,True,False,recoverable,0,False,RUNNING
86.16666666668131,10340,S8_RL_COM_SHIFT_AND_TRAVERSE,TOP_PLACE,v008_20260806_211408_578700_manual:S8_RL_COM_SHIFT_AND_TRAVERSE:ALTERNATE_PROFILE_2:segments-75-117,15.250000000012136,0.9302325581395349,116,0.8970938920974731,-0.0061046406626701355,0.14260262250900269,-0.05634747287244825,0.11191405944446248,-0.08727463928938708,RL,3,True,False,recoverable,0,False,RUNNING
86.23333333334803,10348,S8_RL_COM_SHIFT_AND_TRAVERSE,TOP_PLACE,v008_20260806_211408_578700_manual:S8_RL_COM_SHIFT_AND_TRAVERSE:ALTERNATE_PROFILE_2:segments-75-117,15.316666666678856,0.9302325581395349,116,0.8980801105499268,-0.006204597651958466,0.14264148473739624,-0.056264198838585945,0.1122988339871058,-0.08731657804617673,RL,3,True,False,recoverable,0,False,RUNNING
86.30000000001475,10356,S8_RL_COM_SHIFT_AND_TRAVERSE,TOP_PLACE,v008_20260806_211408_578700_manual:S8_RL_COM_SHIFT_AND_TRAVERSE:ALTERNATE_PROFILE_2:segments-75-117,15.383333333345576,0.9302325581395349,116,0.8991045355796814,-0.006299152970314026,0.14266550540924072,-0.05618259515813391,0.1126504670166723,-0.0873053059158921,RL,3,True,False,recoverable,0,False,RUNNING
86.36666666668147,10364,S8_RL_COM_SHIFT_AND_TRAVERSE,TOP_PLACE,v008_20260806_211408_578700_manual:S8_RL_COM_SHIFT_AND_TRAVERSE:ALTERNATE_PROFILE_2:segments-75-117,15.450000000012295,0.9302325581395349,116,0.9001335501670837,-0.006402194499969482,0.14268311858177185,-0.05612841794049334,0.11299862966469018,-0.08723932142537737,RL,3,True,False,recoverable,0,False,RUNNING
86.43333333334819,10372,S8_RL_COM_SHIFT_AND_TRAVERSE,TOP_PLACE,v008_20260806_211408_578700_manual:S8_RL_COM_SHIFT_AND_TRAVERSE:ALTERNATE_PROFILE_2:segments-75-117,15.516666666679015,0.9302325581395349,116,0.9011453986167908,-0.006496652960777283,0.14268290996551514,-0.056023350839902925,0.11338356835412652,-0.08722881627692138,RL,3,True,False,recoverable,0,False,RUNNING
86.50000000001491,10380,S8_RL_COM_SHIFT_AND_TRAVERSE,TOP_PLACE,v008_20260806_211408_578700_manual:S8_RL_COM_SHIFT_AND_TRAVERSE:ALTERNATE_PROFILE_2:segments-75-117,15.583333333345735,0.9302325581395349,116,0.9022049903869629,-0.0065850988030433655,0.14264269173145294,-0.056032789990661115,0.11375045257584576,-0.08717140202628802,RL,3,True,False,recoverable,0,False,RUNNING
86.56666666668163,10388,S8_RL_COM_SHIFT_AND_TRAVERSE,TOP_PLACE,v008_20260806_211408_578700_manual:S8_RL_COM_SHIFT_AND_TRAVERSE:ALTERNATE_PROFILE_2:segments-75-117,15.650000000012454,0.9302325581395349,116,0.903254508972168,-0.006669893860816956,0.1425793468952179,-0.05600587353714734,0.11413044948851105,-0.08714298212166963,RL,3,True,False,recoverable,0,False,RUNNING
86.63333333334835,10396,S8_RL_COM_SHIFT_AND_TRAVERSE,TOP_PLACE,v008_20260806_211408_578700_manual:S8_RL_COM_SHIFT_AND_TRAVERSE:ALTERNATE_PROFILE_2:segments-75-117,15.716666666679174,0.9302325581395349,116,0.9043441414833069,-0.006757862865924835,0.14249417185783386,-0.05601170756907057,0.1144894190512036,-0.08710269827090969,RL,3,True,False,recoverable,0,False,RUNNING
86.70000000001507,10404,S8_RL_COM_SHIFT_AND_TRAVERSE,TOP_PLACE,v008_20260806_211408_578700_manual:S8_RL_COM_SHIFT_AND_TRAVERSE:ALTERNATE_PROFILE_2:segments-75-117,15.783333333345894,0.9302325581395349,116,0.9053505659103394,-0.006781876087188721,0.1423570215702057,-0.0565083040736968,0.11418217301516635,-0.0871531836220391,RL,3,True,False,recoverable,0,False,RUNNING
86.76666666668179,10412,S8_RL_COM_SHIFT_AND_TRAVERSE,TOP_PLACE,v008_20260806_211408_578700_manual:S8_RL_COM_SHIFT_AND_TRAVERSE:ALTERNATE_PROFILE_2:segments-75-117,15.850000000012614,0.9302325581395349,116,0.9063796401023865,-0.006789043545722961,0.1421928107738495,-0.05728472007524365,0.11377979184172321,-0.08725091844199494,RL,3,True,False,recoverable,0,False,RUNNING
86.8333333333485,10420,S8_RL_COM_SHIFT_AND_TRAVERSE,TOP_PLACE,v008_20260806_211408_578700_manual:S8_RL_COM_SHIFT_AND_TRAVERSE:ALTERNATE_PROFILE_2:segments-75-117,15.916666666679333,0.9302325581395349,116,0.907430112361908,-0.006787486374378204,0.14200681447982788,-0.05804926649733241,0.11339062518221203,-0.08741991641975026,RL,3,True,False,recoverable,0,False,RUNNING
86.90000000001523,10428,S8_RL_COM_SHIFT_AND_TRAVERSE,TOP_PLACE,v008_20260806_211408_578700_manual:S8_RL_COM_SHIFT_AND_TRAVERSE:ALTERNATE_PROFILE_2:segments-75-117,15.983333333346053,0.9302325581395349,116,0.9085131883621216,-0.006788246333599091,0.14179211854934692,-0.05884712581437869,0.11301098196709329,-0.08761479865896528,RL,3,True,False,recoverable,0,False,RUNNING
86.96666666668195,10436,S8_RL_COM_SHIFT_AND_TRAVERSE,TOP_PLACE,v008_20260806_211408_578700_manual:S8_RL_COM_SHIFT_AND_TRAVERSE:ALTERNATE_PROFILE_2:segments-75-117,16.050000000012773,0.9302325581395349,116,0.909598171710968,-0.006794936954975128,0.14156094193458557,-0.0596351191139552,0.11261605649334992,-0.08772975086162166,RL,3,True,False,recoverable,0,False,RUNNING
87.03333333334866,10444,S8_RL_COM_SHIFT_AND_TRAVERSE,TOP_PLACE,v008_20260806_211408_578700_manual:S8_RL_COM_SHIFT_AND_TRAVERSE:ALTERNATE_PROFILE_2:segments-75-117,16.116666666679492,0.9302325581395349,116,0.9106490015983582,-0.006818957626819611,0.14135359227657318,-0.06023429719974563,0.11221489000043056,-0.08782402465998641,RL,3,True,False,recoverable,0,False,RUNNING
87.10000000001538,10452,S8_RL_COM_SHIFT_AND_TRAVERSE,TOP_PLACE,v008_20260806_211408_578700_manual:S8_RL_COM_SHIFT_AND_TRAVERSE:ALTERNATE_PROFILE_2:segments-75-117,16.183333333346212,0.9302325581395349,116,0.9114247560501099,-0.006929673254489899,0.14143341779708862,-0.05969270761864805,0.1121620391908643,-0.08776036501616247,RL,3,True,False,recoverable,0,False,RUNNING
87.1666666666821,10460,S8_RL_COM_SHIFT_AND_TRAVERSE,TOP_PLACE,v008_20260806_211408_578700_manual:S8_RL_COM_SHIFT_AND_TRAVERSE:ALTERNATE_PROFILE_2:segments-75-117,16.250000000012932,0.9302325581395349,116,0.9123249053955078,-0.006994716823101044,0.14140981435775757,-0.05964281824959371,0.11177330736140766,-0.08781317977964313,RL,3,True,False,recoverable,0,False,RUNNING
87.23333333334882,10468,S8_RL_COM_SHIFT_AND_TRAVERSE,TOP_PLACE,v008_20260806_211408_578700_manual:S8_RL_COM_SHIFT_AND_TRAVERSE:ALTERNATE_PROFILE_2:segments-75-117,16.31666666667965,0.9302325581395349,116,0.9132443070411682,-0.00705854594707489,0.1413375735282898,-0.05974290595918016,0.11126485860294391,-0.08786176878427336,RL,3,True,False,recoverable,0,False,RUNNING
87.30000000001554,10476,S8_RL_COM_SHIFT_AND_TRAVERSE,TOP_PLACE,v008_20260806_211408_578700_manual:S8_RL_COM_SHIFT_AND_TRAVERSE:ALTERNATE_PROFILE_2:segments-75-117,16.38333333334637,0.9302325581395349,116,0.9141204953193665,-0.007131010293960571,0.1413399577140808,-0.05971541894776834,0.11113631930434088,-0.08790735021363788,RL,3,True,False,recoverable,0,False,RUNNING
87.36666666668226,10484,S8_RL_COM_SHIFT_AND_TRAVERSE,TOP_PLACE,v008_20260806_211408_578700_manual:S8_RL_COM_SHIFT_AND_TRAVERSE:ALTERNATE_PROFILE_2:segments-75-117,16.45000000001309,0.9302325581395349,116,0.9149215221405029,-0.007195748388767242,0.14143487811088562,-0.059670745209934505,0.11144111088782065,-0.08791355766178434,RL,3,True,False,recoverable,0,False,RUNNING
87.43333333334898,10492,S8_RL_COM_SHIFT_AND_TRAVERSE,TOP_PLACE,v008_20260806_211408_578700_manual:S8_RL_COM_SHIFT_AND_TRAVERSE:ALTERNATE_PROFILE_2:segments-75-117,16.51666666667981,0.9302325581395349,116,0.9158017635345459,-0.007243834435939789,0.1414823830127716,-0.05988627081062564,0.11167654745550128,-0.08792147797990765,RL,3,True,False,recoverable,0,False,RUNNING
87.5000000000157,10500,S8_RL_COM_SHIFT_AND_TRAVERSE,TOP_PLACE,v008_20260806_211408_578700_manual:S8_RL_COM_SHIFT_AND_TRAVERSE:ALTERNATE_PROFILE_2:segments-75-117,16.58333333334653,0.9302325581395349,116,0.9166355133056641,-0.0072960928082466125,0.1415557861328125,-0.059971278551109904,0.11195232049453689,-0.08792033326083867,RL,3,True,False,recoverable,0,False,RUNNING
87.56666666668242,10508,S8_RL_COM_SHIFT_AND_TRAVERSE,TOP_PLACE,v008_20260806_211408_578700_manual:S8_RL_COM_SHIFT_AND_TRAVERSE:ALTERNATE_PROFILE_2:segments-75-117,16.65000000001325,0.9302325581395349,116,0.9172588586807251,-0.0074024498462677,0.14180082082748413,-0.059338109636184175,0.11235219630762647,-0.08779122457246788,RL,3,True,False,recoverable,0,False,RUNNING
87.63333333334914,10516,S8_RL_COM_SHIFT_AND_TRAVERSE,TOP_PLACE,v008_20260806_211408_578700_manual:S8_RL_COM_SHIFT_AND_TRAVERSE:ALTERNATE_PROFILE_2:segments-75-117,16.71666666667997,0.9302325581395349,116,0.917994499206543,-0.0074922144412994385,0.14199168980121613,-0.05893969348212126,0.11268132473217073,-0.0877420018855154,RL,3,True,False,recoverable,0,False,RUNNING
87.70000000001586,10524,S8_RL_COM_SHIFT_AND_TRAVERSE,TOP_PLACE,v008_20260806_211408_578700_manual:S8_RL_COM_SHIFT_AND_TRAVERSE:ALTERNATE_PROFILE_2:segments-75-117,16.78333333334669,0.9302325581395349,116,0.9187815189361572,-0.007577329874038696,0.14215335249900818,-0.05866948376218633,0.11295031676133266,-0.08769508763449187,RL,3,True,False,recoverable,0,False,RUNNING
87.76666666668258,10532,S8_RL_COM_SHIFT_AND_TRAVERSE,TOP_PLACE,v008_20260806_211408_578700_manual:S8_RL_COM_SHIFT_AND_TRAVERSE:ALTERNATE_PROFILE_2:segments-75-117,16.85000000001341,0.9302325581395349,116,0.9195974469184875,-0.007655791938304901,0.1422944813966751,-0.05848049770589688,0.11315102773653597,-0.08767440339316797,RL,3,True,False,recoverable,0,False,RUNNING
87.8333333333493,10540,S8_RL_COM_SHIFT_AND_TRAVERSE,TOP_PLACE,v008_20260806_211408_578700_manual:S8_RL_COM_SHIFT_AND_TRAVERSE:ALTERNATE_PROFILE_2:segments-75-117,16.91666666668013,0.9302325581395349,116,0.9204314351081848,-0.007735736668109894,0.14243009686470032,-0.05827196221144677,0.1133858274111145,-0.08765368778254971,RL,3,True,False,recoverable,0,False,RUNNING
87.90000000001602,10548,S8_RL_COM_SHIFT_AND_TRAVERSE,TOP_PLACE,v008_20260806_211408_578700_manual:S8_RL_COM_SHIFT_AND_TRAVERSE:ALTERNATE_PROFILE_2:segments-75-117,16.98333333334685,0.9302325581395349,116,0.9212878346443176,-0.007821381092071533,0.14255942404270172,-0.05805148951798933,0.11364856047003874,-0.08762468847504187,RL,3,True,False,recoverable,0,False,RUNNING
87.96666666668274,10556,S8_RL_COM_SHIFT_AND_TRAVERSE,TOP_PLACE,v008_20260806_211408_578700_manual:S8_RL_COM_SHIFT_AND_TRAVERSE:ALTERNATE_PROFILE_2:segments-75-117,17.05000000001357,0.9302325581395349,116,0.9221698045730591,-0.007908865809440613,0.14267590641975403,-0.05779495157081333,0.11393960735952231,-0.08760454164175396,RL,3,True,False,recoverable,0,False,RUNNING
88.03333333334946,10564,S8_RL_COM_SHIFT_AND_TRAVERSE,TOP_PLACE,v008_20260806_211408_578700_manual:S8_RL_COM_SHIFT_AND_TRAVERSE:ALTERNATE_PROFILE_2:segments-75-117,17.11666666668029,0.9302325581395349,116,0.9230585098266602,-0.008004248142242432,0.1427745223045349,-0.0575059596709,0.11419361000063627,-0.087604650544996,RL,3,True,False,recoverable,0,False,RUNNING
88.10000000001618,10572,S8_RL_COM_SHIFT_AND_TRAVERSE,TOP_PLACE,v008_20260806_211408_578700_manual:S8_RL_COM_SHIFT_AND_TRAVERSE:ALTERNATE_PROFILE_2:segments-75-117,17.183333333347008,0.9302325581395349,116,0.9240163564682007,-0.008088059723377228,0.14285153150558472,-0.057330694143203784,0.11444782687585577,-0.0876106773056516,RL,3,True,False,recoverable,0,False,RUNNING
88.1666666666829,10580,S8_RL_COM_SHIFT_AND_TRAVERSE,TOP_PLACE,v008_20260806_211408_578700_manual:S8_RL_COM_SHIFT_AND_TRAVERSE:ALTERNATE_PROFILE_2:segments-75-117,17.250000000013728,0.9302325581395349,116,0.9249876141548157,-0.008178502321243286,0.1429137885570526,-0.057122885273513266,0.1146975915778553,-0.0875923974332463,RL,3,True,False,recoverable,0,False,RUNNING
88.23333333334962,10588,S8_RL_COM_SHIFT_AND_TRAVERSE,TOP_PLACE,v008_20260806_211408_578700_manual:S8_RL_COM_SHIFT_AND_TRAVERSE:ALTERNATE_PROFILE_2:segments-75-117,17.316666666680447,0.9302325581395349,116,0.9259753227233887,-0.008274279534816742,0.14296115934848785,-0.05692368660757337,0.1149681873772142,-0.08761689026162561,RL,3,True,False,recoverable,0,False,RUNNING
88.30000000001634,10596,S8_RL_COM_SHIFT_AND_TRAVERSE,TOP_PLACE,v008_20260806_211408_578700_manual:S8_RL_COM_SHIFT_AND_TRAVERSE:ALTERNATE_PROFILE_2:segments-75-117,17.383333333347167,0.9302325581395349,116,0.9269881844520569,-0.008376844227313995,0.14299583435058594,-0.05669339102493191,0.11523788295145873,-0.0876032400750085,RL,3,True,False,recoverable,0,False,RUNNING
88.36666666668306,10604,S8_RL_COM_SHIFT_AND_TRAVERSE,TOP_PLACE,v008_20260806_211408_578700_manual:S8_RL_COM_SHIFT_AND_TRAVERSE:ALTERNATE_PROFILE_2:segments-75-117,17.450000000013887,0.9302325581395349,116,0.9280205368995667,-0.00848359614610672,0.14301210641860962,-0.05644518547093233,0.11550537987753194,-0.08760497406563421,RL,3,True,False,recoverable,0,False,RUNNING
88.43333333334978,10612,S8_RL_COM_SHIFT_AND_TRAVERSE,TOP_PLACE,v008_20260806_211408_578700_manual:S8_RL_COM_SHIFT_AND_TRAVERSE:ALTERNATE_PROFILE_2:segments-75-117,17.516666666680607,0.9302325581395349,116,0.928959310054779,-0.008536204695701599,0.14298787713050842,-0.05661576682139506,0.11519391696651526,-0.08761444282772557,RL,3,True,False,recoverable,0,False,RUNNING
88.5000000000165,10620,S8_RL_COM_SHIFT_AND_TRAVERSE,TOP_PLACE,v008_20260806_211408_578700_manual:S8_RL_COM_SHIFT_AND_TRAVERSE:ALTERNATE_PROFILE_2:segments-75-117,17.583333333347326,0.9302325581395349,116,0.9298765659332275,-0.008574515581130981,0.14293736219406128,-0.056891031870331066,0.11475252089871642,-0.0876357220655596,RL,3,True,False,recoverable,0,False,RUNNING
88.56666666668322,10628,S8_RL_COM_SHIFT_AND_TRAVERSE,TOP_PLACE,v008_20260806_211408_578700_manual:S8_RL_COM_SHIFT_AND_TRAVERSE:ALTERNATE_PROFILE_2:segments-75-117,17.650000000014046,0.9302325581395349,116,0.9308225512504578,-0.008610419929027557,0.14285698533058167,-0.0572217315871317,0.11426383114710402,-0.08762725927365844,RL,3,True,False,recoverable,0,False,RUNNING
88.63333333334994,10636,S8_RL_COM_SHIFT_AND_TRAVERSE,TOP_PLACE,v008_20260806_211408_578700_manual:S8_RL_COM_SHIFT_AND_TRAVERSE:ALTERNATE_PROFILE_2:segments-75-117,17.716666666680766,0.9302325581395349,116,0.9318006634712219,-0.008642338216304779,0.14274948835372925,-0.05757455161725337,0.11374740431340152,-0.0876459647813415,RL,3,True,False,recoverable,0,False,RUNNING
88.70000000001666,10644,S8_RL_COM_SHIFT_AND_TRAVERSE,TOP_PLACE,v008_20260806_211408_578700_manual:S8_RL_COM_SHIFT_AND_TRAVERSE:ALTERNATE_PROFILE_2:segments-75-117,17.783333333347485,0.9302325581395349,116,0.9327690601348877,-0.008675731718540192,0.1426304429769516,-0.057877674889618015,0.11327295956290857,-0.0876797464662612,RL,3,True,False,recoverable,0,False,RUNNING
88.76666666668338,10652,S8_RL_COM_SHIFT_AND_TRAVERSE,TOP_PLACE,v008_20260806_211408_578700_manual:S8_RL_COM_SHIFT_AND_TRAVERSE:ALTERNATE_PROFILE_2:segments-75-117,17.850000000014205,0.9302325581395349,116,0.9337496161460876,-0.008708670735359192,0.14249512553215027,-0.05817800166932424,0.1127635374999949,-0.0877318805775592,RL,3,True,False,recoverable,0,False,RUNNING
88.8333333333501,10660,S8_RL_COM_SHIFT_AND_TRAVERSE,TOP_PLACE,v008_20260806_211408_578700_manual:S8_RL_COM_SHIFT_AND_TRAVERSE:ALTERNATE_PROFILE_2:segments-75-117,17.916666666680925,0.9302325581395349,116,0.9347658157348633,-0.008747249841690063,0.14232131838798523,-0.058556185094005106,0.11223345222432997,-0.0877754769080735,RL,3,True,False,recoverable,0,False,RUNNING
88.90000000001682,10668,S8_RL_COM_SHIFT_AND_TRAVERSE,TOP_PLACE,v008_20260806_211408_578700_manual:S8_RL_COM_SHIFT_AND_TRAVERSE:ALTERNATE_PROFILE_2:segments-75-117,17.983333333347645,0.9302325581395349,116,0.9357969164848328,-0.008775323629379272,0.1421213150024414,-0.058930210853217535,0.11168171174115527,-0.08783231221604418,RL,3,True,False,recoverable,0,False,RUNNING
88.96666666668354,10676,S8_RL_COM_SHIFT_AND_TRAVERSE,TOP_PLACE,v008_20260806_211408_578700_manual:S8_RL_COM_SHIFT_AND_TRAVERSE:ALTERNATE_PROFILE_2:segments-75-117,18.050000000014364,0.9302325581395349,116,0.9368188381195068,-0.008798494935035706,0.1419433057308197,-0.059492132400122286,0.11138696398783907,-0.08789077601202924,RL,3,True,False,recoverable,0,False,RUNNING
89.03333333335026,10684,S8_RL_COM_SHIFT_AND_TRAVERSE,TOP_PLACE,v008_20260806_211408_578700_manual:S8_RL_COM_SHIFT_AND_TRAVERSE:ALTERNATE_PROFILE_2:segments-75-117,18.116666666681084,0.9302325581395349,116,0.9378867149353027,-0.008818082511425018,0.1417548656463623,-0.06012954627557661,0.11116531432453577,-0.08798130322350753,RL,3,True,False,recoverable,0,False,RUNNING
89.10000000001698,10692,S8_RL_COM_SHIFT_AND_TRAVERSE,TOP_PLACE,v008_20260806_211408_578700_manual:S8_RL_COM_SHIFT_AND_TRAVERSE:ALTERNATE_PROFILE_2:segments-75-117,18.183333333347804,0.9302325581395349,116,0.9389540553092957,-0.008836962282657623,0.14156191051006317,-0.060687600543155716,0.11096300039065014,-0.08805415979741979,RL,3,True,False,recoverable,0,False,RUNNING
89.1666666666837,10700,S8_RL_COM_SHIFT_AND_TRAVERSE,TOP_PLACE,v008_20260806_211408_578700_manual:S8_RL_COM_SHIFT_AND_TRAVERSE:ALTERNATE_PROFILE_2:segments-75-117,18.250000000014523,0.9302325581395349,116,0.9396259784698486,-0.008959643542766571,0.14172223210334778,-0.05989103394337329,0.11109882873983329,-0.08793704239680677,RL,3,True,False,recoverable,0,False,RUNNING
89.23333333335042,10708,S8_RL_COM_SHIFT_AND_TRAVERSE,TOP_PLACE,v008_20260806_211408_578700_manual:S8_RL_COM_SHIFT_AND_TRAVERSE:ALTERNATE_PROFILE_2:segments-75-117,18.316666666681243,0.9302325581395349,116,0.9403936862945557,-0.00907813012599945,0.1418624222278595,-0.05920012844207319,0.11114060947046839,-0.08783676339399593,RL,3,True,False,recoverable,0,False,RUNNING
89.30000000001714,10716,S8_RL_COM_SHIFT_AND_TRAVERSE,TOP_PLACE,v008_20260806_211408_578700_manual:S8_RL_COM_SHIFT_AND_TRAVERSE:ALTERNATE_PROFILE_2:segments-75-117,18.383333333347963,0.9302325581395349,116,0.9411752223968506,-0.009201660752296448,0.1420118808746338,-0.0585270848489763,0.111320917147476,-0.08775556992923338,RL,3,True,False,recoverable,0,False,RUNNING
89.36666666668386,10724,S8_RL_COM_SHIFT_AND_TRAVERSE,TOP_PLACE,v008_20260806_211408_578700_manual:S8_RL_COM_SHIFT_AND_TRAVERSE:ALTERNATE_PROFILE_2:segments-75-117,18.450000000014683,0.9302325581395349,116,0.9419421553611755,-0.009311698377132416,0.1421905755996704,-0.05788482129647318,0.11165072247688831,-0.08766053114214638,RL,3,True,False,recoverable,0,False,RUNNING
89.43333333335057,10732,S8_RL_COM_SHIFT_AND_TRAVERSE,TOP_PLACE,v008_20260806_211408_578700_manual:S8_RL_COM_SHIFT_AND_TRAVERSE:ALTERNATE_PROFILE_2:segments-75-117,18.516666666681402,0.9302325581395349,116,0.9427980184555054,-0.009422190487384796,0.14232854545116425,-0.05744872640969388,0.11196833144503819,-0.08760618330509902,RL,3,True,False,recoverable,0,False,RUNNING
89.5000000000173,10740,S8_RL_COM_SHIFT_AND_TRAVERSE,TOP_PLACE,v008_20260806_211408_578700_manual:S8_RL_COM_SHIFT_AND_TRAVERSE:ALTERNATE_PROFILE_2:segments-75-117,18.583333333348122,0.9302325581395349,116,0.9436909556388855,-0.009528748691082,0.1424466222524643,-0.05704727982345532,0.11227206110443456,-0.08754388257908076,RL,3,True,False,recoverable,0,False,RUNNING
89.56666666668401,10748,S8_RL_COM_SHIFT_AND_TRAVERSE,TOP_PLACE,v008_20260806_211408_578700_manual:S8_RL_COM_SHIFT_AND_TRAVERSE:ALTERNATE_PROFILE_2:segments-75-117,18.650000000014842,0.9302325581395349,116,0.9446351528167725,-0.009629137814044952,0.14253970980644226,-0.05673197368743565,0.1125553047447535,-0.08750692817405084,RL,3,True,False,recoverable,0,False,RUNNING
89.63333333335073,10756,S8_RL_COM_SHIFT_AND_TRAVERSE,TOP_PLACE,v008_20260806_211408_578700_manual:S8_RL_COM_SHIFT_AND_TRAVERSE:ALTERNATE_PROFILE_2:segments-75-117,18.71666666668156,0.9302325581395349,116,0.9456053376197815,-0.009738974273204803,0.14261147379875183,-0.05646431391459268,0.11284715417371517,-0.08745792909817296,RL,3,True,False,recoverable,0,False,RUNNING
89.70000000001745,10764,S8_RL_COM_SHIFT_AND_TRAVERSE,TOP_PLACE,v008_20260806_211408_578700_manual:S8_RL_COM_SHIFT_AND_TRAVERSE:ALTERNATE_PROFILE_2:segments-75-117,18.78333333334828,0.9302325581395349,116,0.946620523929596,-0.009843423962593079,0.14266610145568848,-0.056194121248079626,0.11312834108746705,-0.08742595792762255,RL,3,True,False,recoverable,0,False,RUNNING
89.76666666668417,10772,S8_RL_COM_SHIFT_AND_TRAVERSE,TOP_PLACE,v008_20260806_211408_578700_manual:S8_RL_COM_SHIFT_AND_TRAVERSE:ALTERNATE_PROFILE_2:segments-75-117,18.850000000015,0.9302325581395349,116,0.9476343393325806,-0.009953983128070831,0.14270295202732086,-0.05589777818613732,0.11341519887975579,-0.08739607471382924,RL,3,True,False,recoverable,0,False,RUNNING
89.8333333333509,10780,S8_RL_COM_SHIFT_AND_TRAVERSE,TOP_PLACE,v008_20260806_211408_578700_manual:S8_RL_COM_SHIFT_AND_TRAVERSE:ALTERNATE_PROFILE_2:segments-75-117,18.91666666668172,0.9302325581395349,116,0.9486812353134155,-0.010066621005535126,0.14272156357765198,-0.05563557731095274,0.11371273279291298,-0.08735098991533595,RL,3,True,False,recoverable,0,False,RUNNING
89.90000000001761,10788,S8_RL_COM_SHIFT_AND_TRAVERSE,TOP_PLACE,v008_20260806_211408_578700_manual:S8_RL_COM_SHIFT_AND_TRAVERSE:ALTERNATE_PROFILE_2:segments-75-117,18.98333333334844,0.9302325581395349,116,0.9497367143630981,-0.010180801153182983,0.14272207021713257,-0.055336828242734,0.1139905851152312,-0.0872926124670122,RL,3,True,False,recoverable,0,False,RUNNING
89.96666666668433,10796,S8_RL_COM_SHIFT_AND_TRAVERSE,TOP_PLACE,v008_20260806_211408_578700_manual:S8_RL_COM_SHIFT_AND_TRAVERSE:ALTERNATE_PROFILE_2:segments-75-117,19.05000000001516,0.9302325581395349,116,0.9508012533187866,-0.010283246636390686,0.14269617199897766,-0.05517419002337035,0.11414238393646238,-0.08728100078778474,RL,3,True,False,recoverable,0,False,RUNNING
90.03333333335105,10804,S8_RL_COM_SHIFT_AND_TRAVERSE,TOP_PLACE,v008_20260806_211408_578700_manual:S8_RL_COM_SHIFT_AND_TRAVERSE:ALTERNATE_PROFILE_2:segments-75-117,19.11666666668188,0.9302325581395349,116,0.9518002867698669,-0.010314323008060455,0.14264297485351562,-0.05566433317176337,0.11386161122289226,-0.08739928945082602,RL,3,True,False,recoverable,0,False,RUNNING
90.10000000001777,10812,S8_RL_COM_SHIFT_AND_TRAVERSE,TOP_PLACE,v008_20260806_211408_578700_manual:S8_RL_COM_SHIFT_AND_TRAVERSE:ALTERNATE_PROFILE_2:segments-75-117,19.1833333333486,0.9302325581395349,116,0.9528032541275024,-0.010357208549976349,0.14257705211639404,-0.056131817605098146,0.1135688179665976,-0.08748292241533595,RL,3,True,False,recoverable,0,False,RUNNING
90.16666666668449,10820,S8_RL_COM_SHIFT_AND_TRAVERSE,TOP_PLACE,v008_20260806_211408_578700_manual:S8_RL_COM_SHIFT_AND_TRAVERSE:ALTERNATE_PROFILE_2:segments-75-117,19.25000000001532,0.9302325581395349,116,0.9538235664367676,-0.010395444929599762,0.14249685406684875,-0.05655261409411037,0.11330382038674044,-0.08759373273588508,RL,3,True,False,recoverable,0,False,RUNNING
90.23333333335121,10828,S8_RL_COM_SHIFT_AND_TRAVERSE,TOP_PLACE,v008_20260806_211408_578700_manual:S8_RL_COM_SHIFT_AND_TRAVERSE:ALTERNATE_PROFILE_2:segments-75-117,19.31666666668204,0.9302325581395349,116,0.9547526240348816,-0.010453946888446808,0.14249221980571747,-0.056761615577859775,0.11333029037398251,-0.0876243171118725,RL,3,True,False,recoverable,0,False,RUNNING
90.30000000001793,10836,S8_RL_COM_SHIFT_AND_TRAVERSE,TOP_PLACE,v008_20260806_211408_578700_manual:S8_RL_COM_SHIFT_AND_TRAVERSE:ALTERNATE_PROFILE_2:segments-75-117,19.38333333334876,0.9302325581395349,116,0.9557375907897949,-0.010494381189346313,0.14246635138988495,-0.05719499796274135,0.11348601875343581,-0.08769622992482948,RL,3,True,False,recoverable,0,False,RUNNING
90.36666666668465,10844,S8_RL_COM_SHIFT_AND_TRAVERSE,TOP_PLACE,v008_20260806_211408_578700_manual:S8_RL_COM_SHIFT_AND_TRAVERSE:ALTERNATE_PROFILE_2:segments-75-117,19.45000000001548,0.9302325581395349,116,0.9565722346305847,-0.0105762779712677,0.14256960153579712,-0.05708064590927767,0.11375661017151766,-0.0876686908066352,RL,3,True,False,recoverable,0,False,RUNNING
90.43333333335137,10852,S8_RL_COM_SHIFT_AND_TRAVERSE,TOP_PLACE,v008_20260806_211408_578700_manual:S8_RL_COM_SHIFT_AND_TRAVERSE:ALTERNATE_PROFILE_2:segments-75-117,19.516666666682198,0.9302325581395349,116,0.9573670625686646,-0.010675884783267975,0.14273183047771454,-0.05671098542490478,0.11408509721785962,-0.0876318247421922,RL,3,True,False,recoverable,0,False,RUNNING
90.50000000001809,10860,S8_RL_COM_SHIFT_AND_TRAVERSE,TOP_PLACE,v008_20260806_211408_578700_manual:S8_RL_COM_SHIFT_AND_TRAVERSE:ALTERNATE_PROFILE_2:segments-75-117,19.583333333348918,0.9302325581395349,116,0.9582441449165344,-0.01076749712228775,0.142841175198555,-0.05655106722646487,0.11433042929713591,-0.08763291924156832,RL,3,True,False,recoverable,0,False,RUNNING
90.56666666668481,10868,S8_RL_COM_SHIFT_AND_TRAVERSE,TOP_PLACE,v008_20260806_211408_578700_manual:S8_RL_COM_SHIFT_AND_TRAVERSE:ALTERNATE_PROFILE_2:segments-75-117,19.650000000015638,0.9302325581395349,116,0.9591594338417053,-0.010855965316295624,0.1429266631603241,-0.05647241164935229,0.11455894056582075,-0.08763821485138627,RL,3,True,False,recoverable,0,False,RUNNING
90.63333333335153,10876,S8_RL_COM_SHIFT_AND_TRAVERSE,TOP_PLACE,v008_20260806_211408_578700_manual:S8_RL_COM_SHIFT_AND_TRAVERSE:ALTERNATE_PROFILE_2:segments-75-117,19.716666666682357,0.9302325581395349,116,0.9600913524627686,-0.010937124490737915,0.14298760890960693,-0.056432926337080434,0.11475049970493914,-0.08766006445602065,RL,3,True,False,recoverable,0,False,RUNNING
90.70000000001825,10884,S8_RL_COM_SHIFT_AND_TRAVERSE,TOP_PLACE,v008_20260806_211408_578700_manual:S8_RL_COM_SHIFT_AND_TRAVERSE:ALTERNATE_PROFILE_2:segments-75-117,19.783333333349077,0.9302325581395349,116,0.9610536098480225,-0.011011160910129547,0.14303505420684814,-0.056389753480739824,0.11487959137189438,-0.08766546339695525,RL,3,True,False,recoverable,0,False,RUNNING
90.76666666668497,10892,S8_RL_COM_SHIFT_AND_TRAVERSE,TOP_PLACE,v008_20260806_211408_578700_manual:S8_RL_COM_SHIFT_AND_TRAVERSE:ALTERNATE_PROFILE_2:segments-75-117,19.850000000015797,0.9302325581395349,116,0.962006151676178,-0.011080443859100342,0.1430598497390747,-0.0564866705738345,0.11489903207560648,-0.08765888322448999,RL,3,True,False,recoverable,0,False,RUNNING
90.83333333335169,10900,S8_RL_COM_SHIFT_AND_TRAVERSE,TOP_PLACE,v008_20260806_211408_578700_manual:S8_RL_COM_SHIFT_AND_TRAVERSE:ALTERNATE_PROFILE_2:segments-75-117,19.916666666682517,0.9302325581395349,116,0.9630047082901001,-0.011158302426338196,0.1430509388446808,-0.05666342701595528,0.11493097523636708,-0.08769613435385398,RL,3,True,False,recoverable,0,False,RUNNING
90.90000000001841,10908,S8_RL_COM_SHIFT_AND_TRAVERSE,TOP_PLACE,v008_20260806_211408_578700_manual:S8_RL_COM_SHIFT_AND_TRAVERSE:ALTERNATE_PROFILE_2:segments-75-117,19.983333333349236,0.9302325581395349,116,0.9639953970909119,-0.01122254878282547,0.14303192496299744,-0.05674665560107367,0.11496769849276897,-0.08765536051634137,RL,3,True,False,recoverable,0,False,RUNNING
90.96666666668513,10916,S8_RL_COM_SHIFT_AND_TRAVERSE,TOP_PLACE,v008_20260806_211408_578700_manual:S8_RL_COM_SHIFT_AND_TRAVERSE:ALTERNATE_PROFILE_2:segments-75-117,20.050000000015956,0.9302325581395349,116,0.965031623840332,-0.0112929567694664,0.14299216866493225,-0.056887190680691195,0.11502145960812281,-0.08762525139838691,RL,3,True,False,recoverable,0,False,RUNNING
91.03333333335185,10924,S8_RL_COM_SHIFT_AND_TRAVERSE,TOP_PLACE,v008_20260806_211408_578700_manual:S8_RL_COM_SHIFT_AND_TRAVERSE:ALTERNATE_PROFILE_2:segments-75-117,20.116666666682676,0.9302325581395349,116,0.9660875797271729,-0.011366292834281921,0.14293280243873596,-0.057028105854811925,0.11504636553392024,-0.08758857138206913,RL,3,True,False,recoverable,0,False,RUNNING
91.10000000001857,10932,S8_RL_COM_SHIFT_AND_TRAVERSE,TOP_PLACE,v008_20260806_211408_578700_manual:S8_RL_COM_SHIFT_AND_TRAVERSE:ALTERNATE_PROFILE_2:segments-75-117,20.183333333349395,0.9302325581395349,116,0.9671614766120911,-0.01144082099199295,0.1428457349538803,-0.057169897225004776,0.11507797010930321,-0.08760344655994533,RL,3,True,False,recoverable,0,False,RUNNING
91.16666666668529,10940,S8_RL_COM_SHIFT_AND_TRAVERSE,TOP_PLACE,v008_20260806_211408_578700_manual:S8_RL_COM_SHIFT_AND_TRAVERSE:ALTERNATE_PROFILE_2:segments-75-117,20.250000000016115,0.9302325581395349,116,0.9682475328445435,-0.011519201099872589,0.14274007081985474,-0.05730575746135316,0.11509898706714582,-0.08758227400881033,RL,3,True,False,recoverable,0,False,RUNNING
91.23333333335201,10948,S8_RL_COM_SHIFT_AND_TRAVERSE,TOP_PLACE,v008_20260806_211408_578700_manual:S8_RL_COM_SHIFT_AND_TRAVERSE:ALTERNATE_PROFILE_2:segments-75-117,20.316666666682835,0.9302325581395349,116,0.9693682789802551,-0.011600397527217865,0.142608642578125,-0.057425748666079274,0.11513762836808403,-0.08759111973670829,RL,3,True,False,recoverable,0,False,RUNNING
91.30000000001873,10956,S8_RL_COM_SHIFT_AND_TRAVERSE,TOP_PLACE,v008_20260806_211408_578700_manual:S8_RL_COM_SHIFT_AND_TRAVERSE:ALTERNATE_PROFILE_2:segments-75-117,20.383333333349555,0.9302325581395349,116,0.9704336524009705,-0.011660881340503693,0.1424524486064911,-0.057769272390531305,0.11482944271484222,-0.08755100332307646,RL,3,True,False,recoverable,0,False,RUNNING
91.36666666668545,10964,S8_RL_COM_SHIFT_AND_TRAVERSE,TOP_PLACE,v008_20260806_211408_578700_manual:S8_RL_COM_SHIFT_AND_TRAVERSE:ALTERNATE_PROFILE_2:segments-75-117,20.450000000016274,0.9302325581395349,116,0.971454381942749,-0.011685125529766083,0.14226533472537994,-0.058399923572831094,0.11407513137779007,-0.08760596912959842,RL,3,True,False,recoverable,0,False,RUNNING
91.43333333335217,10972,S8_RL_COM_SHIFT_AND_TRAVERSE,TOP_PLACE,v008_20260806_211408_578700_manual:S8_RL_COM_SHIFT_AND_TRAVERSE:ALTERNATE_PROFILE_2:segments-75-117,20.516666666682994,0.9302325581395349,116,0.9722681641578674,-0.01177486777305603,0.14227482676506042,-0.058233109073208195,0.11351595503611295,-0.08749611018495715,RL,3,True,False,recoverable,0,False,RUNNING
91.50000000001889,10980,S8_RL_COM_SHIFT_AND_TRAVERSE,TOP_PLACE,v008_20260806_211408_578700_manual:S8_RL_COM_SHIFT_AND_TRAVERSE:ALTERNATE_PROFILE_2:segments-75-117,20.583333333349714,0.9302325581395349,116,0.9730348587036133,-0.011888012290000916,0.14235273003578186,-0.057694542575517066,0.11306656985991427,-0.08738422788107131,RL,3,True,False,recoverable,0,False,RUNNING
91.5666666666856,10988,S8_RL_COM_SHIFT_AND_TRAVERSE,TOP_PLACE,v008_20260806_211408_578700_manual:S8_RL_COM_SHIFT_AND_TRAVERSE:ALTERNATE_PROFILE_2:segments-75-117,20.650000000016433,0.9302325581395349,116,0.9738687872886658,-0.011987894773483276,0.14237521588802338,-0.05738783411208256,0.11254824487376905,-0.087328434814485,RL,3,True,False,recoverable,0,False,RUNNING
91.63333333335233,10996,S8_RL_COM_SHIFT_AND_TRAVERSE,TOP_PLACE,v008_20260806_211408_578700_manual:S8_RL_COM_SHIFT_AND_TRAVERSE:ALTERNATE_PROFILE_2:segments-75-117,20.716666666683153,0.9302325581395349,116,0.9747356176376343,-0.012065060436725616,0.1424277424812317,-0.05738055866872729,0.11235685768215946,-0.08732709013957982,RL,3,True,False,recoverable,0,False,RUNNING
91.70000000001905,11004,S8_RL_COM_SHIFT_AND_TRAVERSE,TOP_PLACE,v008_20260806_211408_578700_manual:S8_RL_COM_SHIFT_AND_TRAVERSE:ALTERNATE_PROFILE_2:segments-75-117,20.783333333349873,0.9302325581395349,116,0.9754835963249207,-0.012154661118984222,0.14258533716201782,-0.0570719022353297,0.11255442033491384,-0.08726236000169085,RL,3,True,False,recoverable,0,False,RUNNING
91.76666666668577,11012,S8_RL_COM_SHIFT_AND_TRAVERSE,TOP_PLACE,v008_20260806_211408_578700_manual:S8_RL_COM_SHIFT_AND_TRAVERSE:ALTERNATE_PROFILE_2:segments-75-117,20.850000000016593,0.9302325581395349,116,0.9763236045837402,-0.01223098486661911,0.142698273062706,-0.05700777246099411,0.11269680758228938,-0.0872672820842185,RL,3,True,False,recoverable,0,False,RUNNING
91.83333333335248,11020,S8_RL_COM_SHIFT_AND_TRAVERSE,TOP_PLACE,v008_20260806_211408_578700_manual:S8_RL_COM_SHIFT_AND_TRAVERSE:ALTERNATE_PROFILE_2:segments-75-117,20.916666666683312,0.9302325581395349,116,0.9772035479545593,-0.012302465736865997,0.14278803765773773,-0.05703713543787306,0.1128243863543001,-0.08725886920569956,RL,3,True,False,recoverable,0,False,RUNNING
91.9000000000192,11028,S8_RL_COM_SHIFT_AND_TRAVERSE,TOP_PLACE,v008_20260806_211408_578700_manual:S8_RL_COM_SHIFT_AND_TRAVERSE:ALTERNATE_PROFILE_2:segments-75-117,20.983333333350032,0.9302325581395349,116,0.9781213998794556,-0.012370198965072632,0.14285621047019958,-0.05713008623663572,0.11294152226429578,-0.08728699662958847,RL,3,True,False,recoverable,0,False,RUNNING
91.96666666668592,11036,S8_RL_COM_SHIFT_AND_TRAVERSE,TOP_PLACE,v008_20260806_211408_578700_manual:S8_RL_COM_SHIFT_AND_TRAVERSE:ALTERNATE_PROFILE_2:segments-75-117,21.05000000001675,0.9302325581395349,116,0.9790651202201843,-0.012434370815753937,0.14290305972099304,-0.057273936408846524,0.11304853969546105,-0.08734679284065014,RL,3,True,False,recoverable,0,False,RUNNING
92.03333333335264,11044,S8_RL_COM_SHIFT_AND_TRAVERSE,TOP_PLACE,v008_20260806_211408_578700_manual:S8_RL_COM_SHIFT_AND_TRAVERSE:ALTERNATE_PROFILE_2:segments-75-117,21.11666666668347,0.9302325581395349,116,0.9800472855567932,-0.012500777840614319,0.14292700588703156,-0.05747564149450055,0.1131207317972747,-0.08738956118286106,RL,3,True,False,recoverable,0,False,RUNNING
92.10000000001936,11052,S8_RL_COM_SHIFT_AND_TRAVERSE,TOP_PLACE,v008_20260806_211408_578700_manual:S8_RL_COM_SHIFT_AND_TRAVERSE:ALTERNATE_PROFILE_2:segments-75-117,21.18333333335019,0.9302325581395349,116,0.9810478091239929,-0.0125662162899971,0.1429392397403717,-0.057675944727053854,0.11318953569629923,-0.0874367839438923,RL,3,True,False,recoverable,0,False,RUNNING
92.16666666668608,11060,S8_RL_COM_SHIFT_AND_TRAVERSE,TOP_PLACE,v008_20260806_211408_578700_manual:S8_RL_COM_SHIFT_AND_TRAVERSE:ALTERNATE_PROFILE_2:segments-75-117,21.25000000001691,0.9302325581395349,116,0.9820595979690552,-0.012624897062778473,0.14293178915977478,-0.05787396537707301,0.11328246092193293,-0.08746941562651962,RL,3,True,False,recoverable,0,False,RUNNING
92.2333333333528,11068,S8_RL_COM_SHIFT_AND_TRAVERSE,TOP_PLACE,v008_20260806_211408_578700_manual:S8_RL_COM_SHIFT_AND_TRAVERSE:ALTERNATE_PROFILE_2:segments-75-117,21.31666666668363,0.9302325581395349,116,0.9830775260925293,-0.012685343623161316,0.14290490746498108,-0.05807776519022986,0.11336256817883479,-0.08750603846807643,RL,3,True,False,recoverable,0,False,RUNNING
92.30000000001952,11076,S8_RL_COM_SHIFT_AND_TRAVERSE,TOP_PLACE,v008_20260806_211408_578700_manual:S8_RL_COM_SHIFT_AND_TRAVERSE:ALTERNATE_PROFILE_2:segments-75-117,21.38333333335035,0.9302325581395349,116,0.984121561050415,-0.01274602860212326,0.14284852147102356,-0.058338814831655844,0.11340803840510337,-0.08754064098576415,RL,3,True,False,recoverable,0,False,RUNNING
92.36666666668624,11084,S8_RL_COM_SHIFT_AND_TRAVERSE,TOP_PLACE,v008_20260806_211408_578700_manual:S8_RL_COM_SHIFT_AND_TRAVERSE:ALTERNATE_PROFILE_2:segments-75-117,21.45000000001707,0.9302325581395349,116,0.9851717352867126,-0.012805037200450897,0.1427689641714096,-0.058623221545111785,0.11346675197019507,-0.08758860752645947,RL,3,True,False,recoverable,0,False,RUNNING
92.43333333335296,11092,S8_RL_COM_SHIFT_AND_TRAVERSE,TOP_PLACE,v008_20260806_211408_578700_manual:S8_RL_COM_SHIFT_AND_TRAVERSE:ALTERNATE_PROFILE_2:segments-75-117,21.51666666668379,0.9302325581395349,116,0.9862526655197144,-0.012866944074630737,0.14267095923423767,-0.05890037985841244,0.113513002264293,-0.08762830122821463,RL,3,True,False,recoverable,0,False,RUNNING
92.50000000001968,11100,S8_RL_COM_SHIFT_AND_TRAVERSE,TOP_PLACE,v008_20260806_211408_578700_manual:S8_RL_COM_SHIFT_AND_TRAVERSE:ALTERNATE_PROFILE_2:segments-75-117,21.58333333335051,0.9302325581395349,116,0.9873599410057068,-0.012926988303661346,0.14254209399223328,-0.059205789998363956,0.11356035884315613,-0.0876745793999719,RL,3,True,False,recoverable,0,False,RUNNING
92.5666666666864,11108,S8_RL_COM_SHIFT_AND_TRAVERSE,TOP_PLACE,v008_20260806_211408_578700_manual:S8_RL_COM_SHIFT_AND_TRAVERSE:ALTERNATE_PROFILE_2:segments-75-117,21.65000000001723,0.9302325581395349,116,0.9884477257728577,-0.012985356152057648,0.1423887312412262,-0.05953196420960014,0.11352397763540309,-0.08768250492778172,RL,3,True,False,recoverable,0,False,RUNNING
92.63333333335312,11116,S8_RL_COM_SHIFT_AND_TRAVERSE,TOP_PLACE,v008_20260806_211408_578700_manual:S8_RL_COM_SHIFT_AND_TRAVERSE:ALTERNATE_PROFILE_2:segments-75-117,21.71666666668395,0.9302325581395349,116,0.9895623922348022,-0.01303631067276001,0.14220528304576874,-0.05985426948202502,0.11351249552020677,-0.0877356716184035,RL,3,True,False,recoverable,0,False,RUNNING
92.70000000001984,11124,S8_RL_COM_SHIFT_AND_TRAVERSE,TOP_PLACE,v008_20260806_211408_578700_manual:S8_RL_COM_SHIFT_AND_TRAVERSE:ALTERNATE_PROFILE_2:segments-75-117,21.78333333335067,0.9302325581395349,116,0.9907103776931763,-0.013095878064632416,0.14199361205101013,-0.060191201819936334,0.11353316296031134,-0.0878012289839953,RL,3,True,False,recoverable,0,False,RUNNING
92.76666666668656,11132,S8_RL_COM_SHIFT_AND_TRAVERSE,TOP_PLACE,v008_20260806_211408_578700_manual:S8_RL_COM_SHIFT_AND_TRAVERSE:ALTERNATE_PROFILE_2:segments-75-117,21.85000000001739,0.9302325581395349,116,0.9914753437042236,-0.01324455440044403,0.14211498200893402,-0.05916670521471526,0.11381155061625939,-0.08769097920313601,RL,3,True,False,recoverable,0,False,RUNNING
92.83333333335328,11140,S8_RL_COM_SHIFT_AND_TRAVERSE,TOP_PLACE,v008_20260806_211408_578700_manual:S8_RL_COM_SHIFT_AND_TRAVERSE:ALTERNATE_PROFILE_2:segments-75-117,21.916666666684108,0.9302325581395349,116,0.9922969341278076,-0.013404101133346558,0.14224180579185486,-0.05816439272659392,0.11405760847946915,-0.08754823457937035,RL,3,True,False,recoverable,0,False,RUNNING
92.90000000002,11148,S8_RL_COM_SHIFT_AND_TRAVERSE,TOP_PLACE,v008_20260806_211408_578700_manual:S8_RL_COM_SHIFT_AND_TRAVERSE:ALTERNATE_PROFILE_2:segments-75-117,21.983333333350828,0.9302325581395349,116,0.9931524991989136,-0.013520471751689911,0.14229437708854675,-0.0576406644416434,0.11379105870531847,-0.08752815524846869,RL,3,True,False,recoverable,0,False,RUNNING
92.96666666668672,11156,S8_RL_COM_SHIFT_AND_TRAVERSE,TOP_PLACE,v008_20260806_211408_578700_manual:S8_RL_COM_SHIFT_AND_TRAVERSE:ALTERNATE_PROFILE_2:segments-75-117,22.050000000017548,0.9302325581395349,116,0.9940475821495056,-0.013639874756336212,0.1423237919807434,-0.05715737333777723,0.11351054722818546,-0.08745552198839265,RL,3,True,False,recoverable,0,False,RUNNING
93.03333333335344,11164,S8_RL_COM_SHIFT_AND_TRAVERSE,TOP_PLACE,v008_20260806_211408_578700_manual:S8_RL_COM_SHIFT_AND_TRAVERSE:ALTERNATE_PROFILE_2:segments-75-117,22.116666666684267,0.9302325581395349,116,0.9950006604194641,-0.013760998845100403,0.14232680201530457,-0.05670757276576474,0.11319580862982853,-0.08739806432625437,RL,3,True,False,recoverable,0,False,RUNNING
93.10000000002016,11172,S8_RL_COM_SHIFT_AND_TRAVERSE,TOP_PLACE,v008_20260806_211408_578700_manual:S8_RL_COM_SHIFT_AND_TRAVERSE:ALTERNATE_PROFILE_2:segments-75-117,22.183333333350987,0.9302325581395349,116,0.995978832244873,-0.013880826532840729,0.14231190085411072,-0.05623676413396596,0.11286882984381015,-0.08737697085624978,RL,3,True,False,recoverable,0,False,RUNNING
93.16666666668688,11180,S8_RL_COM_SHIFT_AND_TRAVERSE,TOP_PLACE,v008_20260806_211408_578700_manual:S8_RL_COM_SHIFT_AND_TRAVERSE:ALTERNATE_PROFILE_2:segments-75-117,22.250000000017707,0.9302325581395349,116,0.9967896938323975,-0.0139918252825737,0.14245223999023438,-0.05567466485229474,0.11317478452033283,-0.08724498907183456,RL,3,True,False,recoverable,0,False,RUNNING
93.2333333333536,11188,S8_RL_COM_SHIFT_AND_TRAVERSE,TOP_PLACE,v008_20260806_211408_578700_manual:S8_RL_COM_SHIFT_AND_TRAVERSE:ALTERNATE_PROFILE_2:segments-75-117,22.316666666684426,0.9302325581395349,116,0.9976319670677185,-0.014090470969676971,0.14259833097457886,-0.05532997934342589,0.1136695696884001,-0.08720622530844586,RL,3,True,False,recoverable,0,False,RUNNING
93.30000000002032,11196,S8_RL_COM_SHIFT_AND_TRAVERSE,TOP_PLACE,v008_20260806_211408_578700_manual:S8_RL_COM_SHIFT_AND_TRAVERSE:ALTERNATE_PROFILE_2:segments-75-117,22.383333333351146,0.9302325581395349,116,0.9984963536262512,-0.014157116413116455,0.14270034432411194,-0.055354793710564,0.11382762134499799,-0.08723448334244756,RL,3,True,False,recoverable,0,False,RUNNING
93.36666666668704,11204,S8_RL_COM_SHIFT_AND_TRAVERSE,TOP_PLACE,v008_20260806_211408_578700_manual:S8_RL_COM_SHIFT_AND_TRAVERSE:ALTERNATE_PROFILE_2:segments-75-117,22.450000000017866,0.9302325581395349,116,0.9994112849235535,-0.014223486185073853,0.14277783036231995,-0.05551116243509621,0.11396781548252309,-0.08724349745411777,RL,3,True,False,recoverable,0,False,RUNNING
93.43333333335376,11212,S8_RL_COM_SHIFT_AND_TRAVERSE,TOP_PLACE,v008_20260806_211408_578700_manual:S8_RL_COM_SHIFT_AND_TRAVERSE:ALTERNATE_PROFILE_2:segments-75-117,22.516666666684586,0.9302325581395349,116,1.0003455877304077,-0.014286220073699951,0.1428375244140625,-0.05569775504936884,0.11410050022822842,-0.08723801933900908,RL,3,True,False,recoverable,0,False,RUNNING
93.50000000002048,11220,S8_RL_COM_SHIFT_AND_TRAVERSE,TOP_PLACE,v008_20260806_211408_578700_manual:S8_RL_COM_SHIFT_AND_TRAVERSE:ALTERNATE_PROFILE_2:segments-75-117,22.583333333351305,0.9302325581395349,116,1.0012999773025513,-0.01434837281703949,0.14287841320037842,-0.05589953209950637,0.1142573709667402,-0.08730542123261827,RL,3,True,False,recoverable,0,False,RUNNING
93.5666666666872,11228,S8_RL_COM_SHIFT_AND_TRAVERSE,TOP_PLACE,v008_20260806_211408_578700_manual:S8_RL_COM_SHIFT_AND_TRAVERSE:ALTERNATE_PROFILE_2:segments-75-117,22.650000000018025,0.9302325581395349,116,1.002280592918396,-0.014411337673664093,0.14292427897453308,-0.05607417865485279,0.11442356940420106,-0.08729023990930568,RL,3,True,False,recoverable,0,False,RUNNING
93.63333333335392,11236,S8_RL_COM_SHIFT_AND_TRAVERSE,TOP_PLACE,v008_20260806_211408_578700_manual:S8_RL_COM_SHIFT_AND_TRAVERSE:ALTERNATE_PROFILE_2:segments-75-117,22.716666666684745,0.9302325581395349,116,1.0032755136489868,-0.014468789100646973,0.1429401934146881,-0.056301202109241055,0.11457195853345799,-0.0872794585111039,RL,3,True,False,recoverable,0,False,RUNNING
93.70000000002064,11244,S8_RL_COM_SHIFT_AND_TRAVERSE,TOP_PLACE,v008_20260806_211408_578700_manual:S8_RL_COM_SHIFT_AND_TRAVERSE:ALTERNATE_PROFILE_2:segments-75-117,22.783333333351464,0.9302325581395349,116,1.0042661428451538,-0.01451016217470169,0.1429099142551422,-0.056623860454174904,0.11470432763232417,-0.08726082746937011,RL,3,True,False,recoverable,0,False,RUNNING
93.76666666668736,11252,S8_RL_COM_SHIFT_AND_TRAVERSE,TOP_PLACE,v008_20260806_211408_578700_manual:S8_RL_COM_SHIFT_AND_TRAVERSE:ALTERNATE_PROFILE_2:segments-75-117,22.850000000018184,0.9302325581395349,116,1.0052852630615234,-0.014551937580108643,0.14285746216773987,-0.05698903971924661,0.11486619271510971,-0.0872636310194205,RL,3,True,False,recoverable,0,False,RUNNING
93.83333333335408,11260,S8_RL_COM_SHIFT_AND_TRAVERSE,TOP_PLACE,v008_20260806_211408_578700_manual:S8_RL_COM_SHIFT_AND_TRAVERSE:ALTERNATE_PROFILE_2:segments-75-117,22.916666666684904,0.9302325581395349,116,1.0063214302062988,-0.014597326517105103,0.1427876502275467,-0.05733725611409651,0.11500911554782511,-0.08722709649310074,RL,3,True,False,recoverable,0,False,RUNNING
93.9000000000208,11268,S8_RL_COM_SHIFT_AND_TRAVERSE,TOP_PLACE,v008_20260806_211408_578700_manual:S8_RL_COM_SHIFT_AND_TRAVERSE:ALTERNATE_PROFILE_2:segments-75-117,22.983333333351624,0.9302325581395349,116,1.0073978900909424,-0.014646939933300018,0.14269357919692993,-0.05773803885584544,0.11511661376525609,-0.08722171175349228,RL,3,True,False,recoverable,0,False,RUNNING
93.96666666668752,11276,S8_RL_COM_SHIFT_AND_TRAVERSE,TOP_PLACE,v008_20260806_211408_578700_manual:S8_RL_COM_SHIFT_AND_TRAVERSE:ALTERNATE_PROFILE_2:segments-75-117,23.050000000018343,0.9302325581395349,116,1.0084459781646729,-0.014680370688438416,0.14257216453552246,-0.05829598030766248,0.11498422832339127,-0.0872283332714889,RL,3,True,False,recoverable,0,False,RUNNING
94.03333333335424,11284,S8_RL_COM_SHIFT_AND_TRAVERSE,TOP_PLACE,v008_20260806_211408_578700_manual:S8_RL_COM_SHIFT_AND_TRAVERSE:ALTERNATE_PROFILE_2:segments-75-117,23.116666666685063,0.9302325581395349,116,1.0095223188400269,-0.01471845805644989,0.14243000745773315,-0.058825532242375786,0.1148655356414914,-0.0872210773402202,RL,3,True,False,recoverable,0,False,RUNNING
94.10000000002096,11292,S8_RL_COM_SHIFT_AND_TRAVERSE,TOP_PLACE,v008_20260806_211408_578700_manual:S8_RL_COM_SHIFT_AND_TRAVERSE:ALTERNATE_PROFILE_2:segments-75-117,23.183333333351783,0.9302325581395349,116,1.010609745979309,-0.014746502041816711,0.14225724339485168,-0.05946639331242027,0.11467959280118878,-0.0872446818461676,RL,3,True,False,recoverable,0,False,RUNNING
94.16666666668768,11300,S8_RL_COM_SHIFT_AND_TRAVERSE,TOP_PLACE,v008_20260806_211408_578700_manual:S8_RL_COM_SHIFT_AND_TRAVERSE:ALTERNATE_PROFILE_2:segments-75-117,23.250000000018503,0.9302325581395349,116,1.0116667747497559,-0.01474069058895111,0.14204774796962738,-0.06033523095237668,0.11413284976658462,-0.08731385946867469,RL,3,True,False,recoverable,0,False,RUNNING
94.2333333333544,11308,S8_RL_COM_SHIFT_AND_TRAVERSE,TOP_PLACE,v008_20260806_211408_578700_manual:S8_RL_COM_SHIFT_AND_TRAVERSE:ALTERNATE_PROFILE_2:segments-75-117,23.316666666685222,0.9302325581395349,116,1.0124375820159912,-0.014834783971309662,0.14213314652442932,-0.05997108229145907,0.11391290566656109,-0.08721870415507767,RL,3,True,False,recoverable,0,False,RUNNING
94.30000000002111,11316,S8_RL_COM_SHIFT_AND_TRAVERSE,TOP_PLACE,v008_20260806_211408_578700_manual:S8_RL_COM_SHIFT_AND_TRAVERSE:ALTERNATE_PROFILE_2:segments-75-117,23.383333333351942,0.9302325581395349,116,1.0131871700286865,-0.014938965439796448,0.1422414481639862,-0.05946605604574178,0.11372273243840604,-0.08713465364360776,RL,3,True,False,recoverable,0,False,RUNNING
94.36666666668783,11324,S8_RL_COM_SHIFT_AND_TRAVERSE,TOP_PLACE,v008_20260806_211408_578700_manual:S8_RL_COM_SHIFT_AND_TRAVERSE:ALTERNATE_PROFILE_2:segments-75-117,23.45000000001866,0.9302325581395349,116,1.0140199661254883,-0.01503358781337738,0.1423032283782959,-0.059128265318639954,0.11341810498915808,-0.08707015950261565,RL,3,True,False,recoverable,0,False,RUNNING
94.43333333335455,11332,S8_RL_COM_SHIFT_AND_TRAVERSE,TOP_PLACE,v008_20260806_211408_578700_manual:S8_RL_COM_SHIFT_AND_TRAVERSE:ALTERNATE_PROFILE_2:segments-75-117,23.51666666668538,0.9302325581395349,116,1.0149147510528564,-0.015130177140235901,0.14233261346817017,-0.05890506542221895,0.11306676062184616,-0.08702068681630665,RL,3,True,False,recoverable,0,False,RUNNING
94.50000000002127,11340,S8_RL_COM_SHIFT_AND_TRAVERSE,TOP_PLACE,v008_20260806_211408_578700_manual:S8_RL_COM_SHIFT_AND_TRAVERSE:ALTERNATE_PROFILE_2:segments-75-117,23.5833333333521,0.9302325581395349,116,1.0158262252807617,-0.015222981572151184,0.1423385739326477,-0.058700602434080124,0.11265383367427025,-0.08695823740771157,RL,3,True,False,recoverable,0,False,RUNNING
94.566666666688,11348,S8_RL_COM_SHIFT_AND_TRAVERSE,TOP_PLACE,v008_20260806_211408_578700_manual:S8_RL_COM_SHIFT_AND_TRAVERSE:ALTERNATE_PROFILE_2:segments-75-117,23.65000000001882,0.9302325581395349,116,1.016770601272583,-0.015314750373363495,0.1423361897468567,-0.058538443007236186,0.11226846133435976,-0.08691977643668512,RL,3,True,False,recoverable,0,False,RUNNING
94.63333333335471,11356,S8_RL_COM_SHIFT_AND_TRAVERSE,TOP_PLACE,v008_20260806_211408_578700_manual:S8_RL_COM_SHIFT_AND_TRAVERSE:ALTERNATE_PROFILE_2:segments-75-117,23.71666666668554,0.9302325581395349,116,1.017709493637085,-0.015390768647193909,0.14233213663101196,-0.05847301379347648,0.11199989622352802,-0.08692457488144148,RL,3,True,False,recoverable,0,False,RUNNING
94.70000000002143,11364,S8_RL_COM_SHIFT_AND_TRAVERSE,TOP_PLACE,v008_20260806_211408_578700_manual:S8_RL_COM_SHIFT_AND_TRAVERSE:ALTERNATE_PROFILE_2:segments-75-117,23.78333333335226,0.9302325581395349,116,1.0186740159988403,-0.015471033751964569,0.14231711626052856,-0.058392156019517014,0.11171073466915911,-0.08693841328893179,RL,3,True,False,recoverable,0,False,RUNNING
94.76666666668815,11372,S8_RL_COM_SHIFT_AND_TRAVERSE,TOP_PLACE,v008_20260806_211408_578700_manual:S8_RL_COM_SHIFT_AND_TRAVERSE:ALTERNATE_PROFILE_2:segments-75-117,23.85000000001898,0.9534883720930233,117,1.0187592506408691,-0.015464231371879578,0.14227469265460968,-0.0586139621204567,0.11162639486452638,-0.08692373654849254,RL,3,True,False,recoverable,0,False,RUNNING
94.83333333335487,11380,S8_RL_COM_SHIFT_AND_TRAVERSE,TOP_PLACE,v008_20260806_211408_578700_manual:S8_RL_COM_SHIFT_AND_TRAVERSE:ALTERNATE_PROFILE_2:segments-75-117,23.9166666666857,0.9767441860465116,118,1.0180944204330444,-0.01627558469772339,0.14033527672290802,-0.07170059291320187,0.09820045089046883,-0.0726160069756752,RL,3,True,False,recoverable,0,False,RUNNING
94.90000000002159,11388,S8_RL_COM_SHIFT_AND_TRAVERSE,TOP_PLACE,v008_20260806_211408_578700_manual:S8_RL_COM_SHIFT_AND_TRAVERSE:ALTERNATE_PROFILE_2:segments-75-117,23.98333333335242,0.9767441860465116,118,1.0142221450805664,-0.019797831773757935,0.13251861929893494,-0.09270106641649961,0.07532856710026523,-0.03628457928283203,RL,4,True,False,recoverable,0,False,RUNNING
94.96666666668831,11396,S8_RL_COM_SHIFT_AND_TRAVERSE,TOP_PLACE,v008_20260806_211408_578700_manual:S8_RL_COM_SHIFT_AND_TRAVERSE:ALTERNATE_PROFILE_2:segments-75-117,24.05000000001914,0.9767441860465116,118,1.0235589742660522,-0.02030342072248459,0.13890936970710754,-0.06680239165416618,0.04243313162400541,-0.007255717003247858,RL,4,True,False,recoverable,0,False,RUNNING
95.03333333335503,11404,S8_RL_COM_SHIFT_AND_TRAVERSE,TOP_PLACE,v008_20260806_211408_578700_manual:S8_RL_COM_SHIFT_AND_TRAVERSE:ALTERNATE_PROFILE_2:segments-75-117,24.11666666668586,0.9767441860465116,118,1.0330069065093994,-0.018517151474952698,0.14468717575073242,-0.04337318218256881,0.015568864246862681,0.020388909290530235,RL,4,True,False,recoverable,0,False,RUNNING
95.10000000002175,11412,S8_RL_COM_SHIFT_AND_TRAVERSE,TOP_PLACE,v008_20260806_211408_578700_manual:S8_RL_COM_SHIFT_AND_TRAVERSE:ALTERNATE_PROFILE_2:segments-75-117,24.18333333335258,0.9767441860465116,118,1.0484626293182373,-0.018635518848896027,0.14678791165351868,-0.02170143545863004,0.0018633264455254425,0.02589193375974778,RL,4,True,False,recoverable,0,False,RUNNING
95.16666666668847,11420,S8_RL_COM_SHIFT_AND_TRAVERSE,TOP_PLACE,v008_20260806_211408_578700_manual:S8_RL_COM_SHIFT_AND_TRAVERSE:ALTERNATE_PROFILE_2:segments-75-117,24.2500000000193,0.9767441860465116,118,1.0539571046829224,-0.020635776221752167,0.1476251780986786,-0.00342659018866589,0.0034008559265205486,0.027964391923254468,RL,4,True,False,recoverable,0,False,RUNNING
95.23333333335519,11428,S8_RL_COM_SHIFT_AND_TRAVERSE,TOP_PLACE,v008_20260806_211408_578700_manual:S8_RL_COM_SHIFT_AND_TRAVERSE:ALTERNATE_PROFILE_2:segments-75-117,24.316666666686018,0.9767441860465116,118,1.0485199689865112,-0.02151736617088318,0.1501414179801941,0.003931230986143754,0.0034894863521123245,0.02834438737746058,RL,4,True,False,recoverable,0,False,RUNNING
95.30000000002191,11436,S8_RL_COM_SHIFT_AND_TRAVERSE,TOP_PLACE,v008_20260806_211408_578700_manual:S8_RL_COM_SHIFT_AND_TRAVERSE:ALTERNATE_PROFILE_2:segments-75-117,24.383333333352738,0.9767441860465116,118,1.0461622476577759,-0.019840382039546967,0.15192313492298126,-0.008080771740951483,-0.0063518339345291185,0.03024528411520347,RL,4,True,False,recoverable,0,False,RUNNING
95.36666666668863,11444,S8_RL_COM_SHIFT_AND_TRAVERSE,TOP_PLACE,v008_20260806_211408_578700_manual:S8_RL_COM_SHIFT_AND_TRAVERSE:ALTERNATE_PROFILE_2:segments-75-117,24.450000000019458,0.9767441860465116,118,1.0429507493972778,-0.01756426692008972,0.15195327997207642,-0.020264568312828458,-0.01077713551851506,0.0351853776092201,RL,4,True,False,recoverable,0,False,RUNNING
95.43333333335535,11452,S8_RL_COM_SHIFT_AND_TRAVERSE,TOP_PLACE,v008_20260806_211408_578700_manual:S8_RL_COM_SHIFT_AND_TRAVERSE:ALTERNATE_PROFILE_2:segments-75-117,24.516666666686177,0.9767441860465116,118,1.0387195348739624,-0.01725999265909195,0.15243425965309143,-0.024328986475002656,-0.007353846178614696,0.03523860346987922,RL,4,True,False,recoverable,0,False,RUNNING
95.50000000002207,11460,S8_RL_COM_SHIFT_AND_TRAVERSE,TOP_PLACE,v008_20260806_211408_578700_manual:S8_RL_COM_SHIFT_AND_TRAVERSE:ALTERNATE_PROFILE_2:segments-75-117,24.583333333352897,0.9767441860465116,118,1.0299854278564453,-0.017672203481197357,0.15508469939231873,-0.022754447082254353,0.004000264194295289,0.03490903011887725,RL,4,True,False,recoverable,0,False,RUNNING
95.56666666668879,11468,S8_RL_COM_SHIFT_AND_TRAVERSE,TOP_PLACE,v008_20260806_211408_578700_manual:S8_RL_COM_SHIFT_AND_TRAVERSE:ALTERNATE_PROFILE_2:segments-75-117,24.650000000019617,0.9767441860465116,118,1.024298071861267,-0.018674738705158234,0.15553800761699677,-0.01562723123728295,0.006788995521318046,0.03420386828433894,RL,4,True,False,recoverable,0,False,RUNNING
95.63333333335551,11476,S8_RL_COM_SHIFT_AND_TRAVERSE,TOP_PLACE,v008_20260806_211408_578700_manual:S8_RL_COM_SHIFT_AND_TRAVERSE:ALTERNATE_PROFILE_2:segments-75-117,24.716666666686336,0.9767441860465116,118,1.0218775272369385,-0.021121174097061157,0.153944194316864,-0.004807764857089924,0.003010093442506424,0.02832303675225085,RL,4,True,False,recoverable,0,False,RUNNING
95.70000000002223,11484,S8_RL_COM_SHIFT_AND_TRAVERSE,TOP_PLACE,v008_20260806_211408_578700_manual:S8_RL_COM_SHIFT_AND_TRAVERSE:ALTERNATE_PROFILE_2:segments-75-117,24.783333333353056,0.9767441860465116,118,1.0223088264465332,-0.022190861403942108,0.15224120020866394,-0.0059473102375250135,-0.002158591929137891,0.023834698432888442,RL,4,True,False,recoverable,0,False,RUNNING
95.76666666668895,11492,S8_RL_COM_SHIFT_AND_TRAVERSE,TOP_PLACE,v008_20260806_211408_578700_manual:S8_RL_COM_SHIFT_AND_TRAVERSE:ALTERNATE_PROFILE_2:segments-75-117,24.850000000019776,0.9767441860465116,118,1.0239226818084717,-0.021424584090709686,0.15051057934761047,-0.013423679074649943,-0.00714319702650104,0.02363928960918513,RL,4,True,False,recoverable,0,False,RUNNING
95.83333333335567,11500,S8_RL_COM_SHIFT_AND_TRAVERSE,TOP_PLACE,v008_20260806_211408_578700_manual:S8_RL_COM_SHIFT_AND_TRAVERSE:ALTERNATE_PROFILE_2:segments-75-117,24.916666666686496,0.9767441860465116,119,1.0239899158477783,-0.021526582539081573,0.1507277488708496,-0.012337658531448368,-0.006501651290137975,0.023619404224656578,RL,4,True,False,recoverable,0,False,RUNNING
95.90000000002239,11508,S10_POSTURE_RECOVERY,RECOVERY,v008_20260806_211408_578700_manual:S10_POSTURE_RECOVERY:RECOVERY_PROFILE_1:segments-118-118,0.05000000000003979,0.0,119,1.0234521627426147,-0.0214778333902359,0.1507810652256012,-0.012932512973686975,-0.003354785714081941,0.023568762006945906,,4,True,False,recoverable,0,False,RUNNING
95.96666666668911,11516,S10_POSTURE_RECOVERY,RECOVERY,v008_20260806_211408_578700_manual:S10_POSTURE_RECOVERY:RECOVERY_PROFILE_1:segments-118-118,0.11666666666675951,0.0,119,1.0228670835494995,-0.021446064114570618,0.15091675519943237,-0.01336906407545303,-0.0010055093313914164,0.023529608191554276,,4,True,False,recoverable,0,False,RUNNING
96.03333333335583,11524,SUCCESS,COMPLETE,,0.12500000000009948,1.0,119,1.0225909948349,-0.02145552635192871,0.15114979445934296,-0.01331032050476616,0.00044576338621217987,0.023506645111898948,,4,True,False,stable,0,True,TASK_SUCCESS_POSTURE_INCOMPLETE
96.10000000002255,11532,SUCCESS,COMPLETE,,0.12500000000009948,1.0,119,1.0225317478179932,-0.021494440734386444,0.151450514793396,-0.012901339223295262,0.0013700597956179522,0.023495511587380783,,4,True,False,stable,0,True,TASK_SUCCESS_POSTURE_INCOMPLETE
96.16666666668927,11540,SUCCESS,COMPLETE,,0.12500000000009948,1.0,119,1.0226222276687622,-0.021555781364440918,0.15179501473903656,-0.012248539699233537,0.0019943526649462066,0.023498309651877207,,4,True,False,stable,0,True,TASK_SUCCESS_POSTURE_INCOMPLETE
96.23333333335599,11548,SUCCESS,COMPLETE,,0.12500000000009948,1.0,119,1.0227993726730347,-0.021625719964504242,0.1521594524383545,-0.011480227901201295,0.0024244295982659455,0.023499910180463855,,4,True,False,stable,0,True,TASK_SUCCESS_POSTURE_INCOMPLETE
96.3000000000227,11556,SUCCESS,COMPLETE,,0.12500000000009948,1.0,119,1.0230165719985962,-0.021714620292186737,0.15256884694099426,-0.010518384294266572,0.002794192684029411,0.023504930337463998,,4,True,False,recoverable,0,True,TASK_SUCCESS_POSTURE_INCOMPLETE
96.36666666668943,11564,SUCCESS,COMPLETE,,0.12500000000009948,1.0,119,1.023283839225769,-0.021801263093948364,0.15294966101646423,-0.009604812295964979,0.0030631443583844253,0.023521925969901835,,4,True,False,recoverable,0,True,TASK_SUCCESS_POSTURE_INCOMPLETE
96.43333333335615,11572,SUCCESS,COMPLETE,,0.12500000000009948,1.0,119,1.02364981174469,-0.021900467574596405,0.15335842967033386,-0.008520735267954844,0.003220944955426688,0.02353181767683632,,4,True,False,recoverable,0,True,TASK_SUCCESS_POSTURE_INCOMPLETE
96.50000000002287,11580,SUCCESS,COMPLETE,,0.12500000000009948,1.0,119,1.0241535902023315,-0.022017039358615875,0.1537831425666809,-0.007231075124064488,0.0031953552121080967,0.023540136524725936,,4,True,False,recoverable,0,True,TASK_SUCCESS_POSTURE_INCOMPLETE
96.50000000002287,11580,SUCCESS,COMPLETE,,0.12500000000009948,1.0,119,1.0241535902023315,-0.022017039358615875,0.1537831425666809,-0.007231075124064488,0.0031953552121080967,0.023540136524725936,,4,True,False,recoverable,0,True,TASK_SUCCESS_POSTURE_INCOMPLETE
