sim_time_s,sim_step,source_step,command_cursor,segment_cursor,event_cursor,scheduler_state,base_x_m,base_y_m,base_z_m,base_roll_rad,base_pitch_rad,base_yaw_rad,robot_state_finite,active_contact_count_available,geometry_support_candidate_count,stability_state,joint_limit_violation
1.5666666666666635,188,1,0,0,0,PREPARING,-0.003989968448877335,-0.000993184745311737,0.09901051968336105,-3.8795075004099296e-05,-0.012018071330770567,0.0030498701370338887,True,False,4,stable,False
1.63333333333333,196,1,0,0,0,PREPARING,-0.004020538181066513,-0.0009933039546012878,0.09900183975696564,-3.801701551617001e-05,-0.012015386625265804,0.003050028860425154,True,False,4,stable,False
1.6999999999999964,204,1,1,0,1,PLAYING,-0.0039436835795640945,-0.0006723031401634216,0.0982399508357048,-0.0033139410551229257,-0.01576544927764692,0.00310522595212682,True,False,4,recoverable,False
1.7666666666666628,212,1,1,0,1,PLAYING,-0.004599727690219879,-3.419071435928345e-05,0.0973353162407875,-0.009897585082210367,-0.021053832587180254,0.003234820630879482,True,False,3,recoverable,False
1.8333333333333293,220,1,1,0,1,PLAYING,-0.005342785269021988,0.0007143467664718628,0.09639028459787369,-0.017689912259056237,-0.02710672522241691,0.003431392924027959,True,False,3,recoverable,False
1.8999999999999957,228,1,2,1,2,PLAYING,-0.0060199107974767685,0.0016770511865615845,0.09531981498003006,-0.02781979594492825,-0.034775962870132474,0.0037650950071459483,True,False,3,recoverable,False
1.9666666666666621,236,1,2,1,2,PLAYING,-0.006950370967388153,0.0026209279894828796,0.09428716450929642,-0.03788653026769926,-0.04190353569908327,0.00416707057952371,True,False,2,recoverable,False
2.0333333333333288,244,1,2,1,2,PLAYING,-0.007777957245707512,0.0035509392619132996,0.09325598925352097,-0.04789305122005955,-0.04910069994145115,0.004635317923920771,True,False,2,recoverable,False
2.099999999999995,252,2,3,2,3,PLAYING,-0.007894860580563545,0.004617445170879364,0.09212571382522583,-0.05949332950910911,-0.05791948267355667,0.00525173289238849,True,False,2,recoverable,False
2.1666666666666616,260,2,3,2,3,PLAYING,-0.007980059832334518,0.005921296775341034,0.0906960666179657,-0.07391832710120096,-0.06899233207661667,0.006176961654945648,True,False,2,recoverable,False
2.233333333333328,268,2,3,2,3,PLAYING,-0.008365988731384277,0.00763615220785141,0.08871108293533325,-0.09338158702066839,-0.0836437346165684,0.007658833997879529,True,False,2,recoverable,False
2.2999999999999945,276,2,3,2,3,PLAYING,-0.009208481758832932,0.009940363466739655,0.0858643651008606,-0.12044378471887912,-0.103666388464543,0.01015931025768253,True,False,2,recoverable,False
2.366666666666661,284,2,3,2,3,PLAYING,-0.010683540254831314,0.013019219040870667,0.08172238618135452,-0.1585385150666422,-0.13126677869076775,0.0145733255392733,True,False,3,recoverable,False
2.4333333333333274,292,2,3,2,3,PLAYING,-0.011549659073352814,0.014922894537448883,0.07953938841819763,-0.17936509396326572,-0.14569155310406687,0.018390856604810293,True,False,3,recoverable,False
2.499999999999994,300,2,3,2,3,PLAYING,-0.010605517774820328,0.014938034117221832,0.07957463711500168,-0.17938247858229564,-0.14638938822702355,0.018431920040713205,True,False,3,recoverable,False
2.56666666666666,308,2,3,2,3,PLAYING,-0.009675636887550354,0.014955930411815643,0.0795959010720253,-0.1794647385674066,-0.14709541676978624,0.018503352866750117,True,False,3,recoverable,False
2.6333333333333266,316,2,3,2,3,PLAYING,-0.008745796978473663,0.014946766197681427,0.0796070247888565,-0.17957706578134194,-0.14776187220917675,0.018465562498783686,True,False,3,recoverable,False
2.699999999999993,324,2,3,2,3,PLAYING,-0.00792863592505455,0.014957405626773834,0.07962729036808014,-0.17995669456148344,-0.14823812649111004,0.01854243877498237,True,False,3,recoverable,False
2.7666666666666595,332,2,3,2,3,PLAYING,-0.007086720317602158,0.014968514442443848,0.07964646816253662,-0.1803527782286969,-0.14871527181084315,0.018586330620124877,True,False,3,recoverable,False
2.833333333333326,340,2,3,2,3,PLAYING,-0.006176609545946121,0.01491452008485794,0.07973781228065491,-0.1798464658024251,-0.14857448930363976,0.01849852307074745,True,False,3,recoverable,False
2.8999999999999924,348,2,3,2,3,PLAYING,-0.005249727517366409,0.014844179153442383,0.07982074469327927,-0.1793737156544885,-0.14845780049664675,0.018387941172064902,True,False,3,recoverable,False
2.966666666666659,356,2,3,2,3,PLAYING,-0.004277784377336502,0.014794871211051941,0.07987888902425766,-0.1788906594984044,-0.14834335250938974,0.018325401052097314,True,False,3,recoverable,False
3.033333333333325,364,2,3,2,3,PLAYING,-0.00328083336353302,0.014721177518367767,0.07992281019687653,-0.17847745272542653,-0.14826827626669054,0.01822133818719395,True,False,3,recoverable,False
3.0999999999999917,372,2,3,2,3,PLAYING,-0.002272099256515503,0.014654912054538727,0.07994791865348816,-0.1779883654220955,-0.14818386954124094,0.018060268022116917,True,False,3,recoverable,False
3.166666666666658,380,2,3,2,3,PLAYING,-0.001246768981218338,0.01458769291639328,0.07995069772005081,-0.17754475992502916,-0.14810139876541162,0.01789033365066293,True,False,3,recoverable,False
3.2333333333333245,388,2,3,2,3,PLAYING,-0.00019978731870651245,0.014507465064525604,0.07994145154953003,-0.1770371793446854,-0.14799510969158627,0.017731264513808454,True,False,3,recoverable,False
3.299999999999991,396,2,3,2,3,PLAYING,0.000847991555929184,0.014485426247119904,0.07990846782922745,-0.17643580445014545,-0.14782906888117148,0.017716878656100662,True,False,3,recoverable,False
3.3666666666666574,404,2,3,2,3,PLAYING,0.0018462836742401123,0.01447286456823349,0.07986575365066528,-0.17597006823562852,-0.14760976259251837,0.01777119441659259,True,False,3,recoverable,False
3.433333333333324,412,2,3,2,3,PLAYING,0.002636965364217758,0.014502294361591339,0.07984834909439087,-0.17611942583297036,-0.14718593609303313,0.017824547060202704,True,False,3,recoverable,False
3.4999999999999902,420,2,3,2,3,PLAYING,0.0035528503358364105,0.014533601701259613,0.07981275022029877,-0.17638606600056841,-0.1468489799354109,0.017894786989703117,True,False,3,recoverable,False
3.5666666666666567,428,2,3,2,3,PLAYING,0.004531115293502808,0.014565959572792053,0.07975831627845764,-0.1766944719803645,-0.14654970124211333,0.017971635777576937,True,False,3,recoverable,False
3.633333333333323,436,2,3,2,3,PLAYING,0.005527667701244354,0.014596529304981232,0.07967063784599304,-0.1770720697453315,-0.14623834611860895,0.018060258427208487,True,False,3,recoverable,False
3.6999999999999895,444,2,3,2,3,PLAYING,0.00656263530254364,0.014624834060668945,0.07955753803253174,-0.1774474269957756,-0.14594515136459527,0.018149163166534355,True,False,3,recoverable,False
3.766666666666656,452,2,3,2,3,PLAYING,0.007616793736815453,0.014651201665401459,0.07943712174892426,-0.17781699281632696,-0.14564736234603068,0.01823691509763804,True,False,3,recoverable,False
3.8333333333333224,460,2,3,2,3,PLAYING,0.00868387334048748,0.014672994613647461,0.079279325902462,-0.1782530875736585,-0.14533648023589846,0.01832491875551358,True,False,3,recoverable,False
3.899999999999989,468,2,3,2,3,PLAYING,0.009424282237887383,0.014682605862617493,0.07936012744903564,-0.17851051004130014,-0.14551457276748542,0.018368994063395757,True,False,3,recoverable,False
3.9666666666666552,476,2,3,2,3,PLAYING,0.010198531672358513,0.014692366123199463,0.07945394515991211,-0.178784782231812,-0.14579200535964687,0.01841850707788056,True,False,3,recoverable,False
4.0333333333333234,484,2,3,2,3,PLAYING,0.01102600060403347,0.01471024751663208,0.07953584939241409,-0.1791269769467553,-0.14613535604643213,0.01847417729685993,True,False,3,recoverable,False
4.099999999999993,492,2,3,2,3,PLAYING,0.011886900290846825,0.014727853238582611,0.07960387319326401,-0.17954218050880452,-0.146527848796479,0.01852211317810131,True,False,3,recoverable,False
4.166666666666663,500,2,3,2,3,PLAYING,0.012763524428009987,0.01474463939666748,0.07965409755706787,-0.17993177944102562,-0.14692506744357775,0.018589107605872224,True,False,3,recoverable,False
4.233333333333333,508,2,3,2,3,PLAYING,0.013674642890691757,0.014771692454814911,0.07968523353338242,-0.18032716830707132,-0.14739059049896966,0.018591425732721364,True,False,3,recoverable,False
4.300000000000003,516,2,3,2,3,PLAYING,0.014611057937145233,0.014796368777751923,0.07970260828733444,-0.1807513581123363,-0.14785966776249934,0.018606693527213836,True,False,3,recoverable,False
4.366666666666673,524,2,3,2,3,PLAYING,0.015564393252134323,0.014820210635662079,0.0796995609998703,-0.18122872346257546,-0.148359955529866,0.01864559782022541,True,False,3,recoverable,False
4.433333333333343,532,2,3,2,3,PLAYING,0.016525540500879288,0.01483958214521408,0.07967887073755264,-0.18166474202772717,-0.14884101714824186,0.01865851110427725,True,False,3,recoverable,False
4.500000000000013,540,2,3,2,3,PLAYING,0.017503684386610985,0.01486320048570633,0.07962790131568909,-0.18214242497786878,-0.1493207163301549,0.018735635378052555,True,False,3,recoverable,False
4.566666666666683,548,2,3,2,3,PLAYING,0.018472179770469666,0.01487743854522705,0.0795629471540451,-0.18255558917739012,-0.14977079969634619,0.01872110393872656,True,False,3,recoverable,False
4.633333333333353,556,2,3,2,3,PLAYING,0.019447678700089455,0.014857783913612366,0.079533152282238,-0.1824421253547988,-0.14980002789590674,0.018674827527972386,True,False,3,recoverable,False
4.700000000000023,564,2,3,2,3,PLAYING,0.020471680909395218,0.014823146164417267,0.07951747626066208,-0.18194979335559336,-0.14959027051652857,0.01860083075949811,True,False,3,recoverable,False
4.766666666666693,572,2,3,2,3,PLAYING,0.021541200578212738,0.01478588581085205,0.07948043197393417,-0.18146467441622413,-0.14940192215491419,0.018563156701909476,True,False,3,recoverable,False
4.833333333333363,580,2,3,2,3,PLAYING,0.022621218115091324,0.014756008982658386,0.07942547649145126,-0.18090007816045925,-0.1492066337875487,0.018542510711437997,True,False,3,recoverable,False
4.900000000000033,588,2,3,2,3,PLAYING,0.02372608333826065,0.014719992876052856,0.0793382003903389,-0.18045510145140317,-0.14900717916878292,0.018563529171500014,True,False,3,recoverable,False
4.966666666666703,596,2,3,2,3,PLAYING,0.024834122508764267,0.014680184423923492,0.07922554016113281,-0.1799937760086781,-0.14877794591922516,0.01847186922784664,True,False,3,recoverable,False
5.033333333333373,604,2,3,2,3,PLAYING,0.025978989899158478,0.01462988555431366,0.07908496260643005,-0.1795429081226773,-0.14854120387424483,0.018414615551102013,True,False,3,recoverable,False
5.100000000000043,612,2,3,2,3,PLAYING,0.02706710249185562,0.014603234827518463,0.07894738763570786,-0.1792065270232733,-0.14820860617182763,0.018385120315917696,True,False,3,recoverable,False
5.166666666666713,620,2,3,2,3,PLAYING,0.027943434193730354,0.014614678919315338,0.07883944362401962,-0.17959301383371887,-0.14765934621270174,0.018420884787942585,True,False,3,recoverable,False
5.233333333333383,628,2,3,2,3,PLAYING,0.028905408456921577,0.014626704156398773,0.07872029393911362,-0.17998962427857473,-0.1472122270593327,0.018451038184398645,True,False,3,recoverable,False
5.300000000000053,636,2,3,2,3,PLAYING,0.02956497296690941,0.01463393121957779,0.07883560657501221,-0.18026117479811393,-0.14732271871072353,0.018447950276405587,True,False,3,recoverable,False
5.366666666666723,644,2,3,2,3,PLAYING,0.030293162912130356,0.01464127004146576,0.07894203811883926,-0.1805436570735747,-0.1474929436202891,0.01845556568093059,True,False,3,recoverable,False
5.433333333333393,652,2,3,2,3,PLAYING,0.03107617050409317,0.014649935066699982,0.07903748750686646,-0.18086818100853838,-0.1477396311199303,0.018486659099457018,True,False,3,recoverable,False
5.500000000000063,660,2,3,2,3,PLAYING,0.03189777955412865,0.014617078006267548,0.07918312400579453,-0.18063201640641896,-0.14758685645890063,0.018425696156064247,True,False,3,recoverable,False
5.566666666666733,668,2,3,2,3,PLAYING,0.03275676816701889,0.014578349888324738,0.07931771129369736,-0.18041826882115952,-0.14746782111579146,0.01839577231851825,True,False,3,recoverable,False
5.633333333333403,676,2,3,2,3,PLAYING,0.03364242613315582,0.014536239206790924,0.07944135367870331,-0.18022476595346573,-0.14735416852016703,0.018353887407665623,True,False,3,recoverable,False
5.700000000000073,684,2,3,2,3,PLAYING,0.034539926797151566,0.014491423964500427,0.07954927533864975,-0.18003580911671474,-0.1472520754217247,0.0183176802321199,True,False,3,recoverable,False
5.766666666666743,692,2,3,2,3,PLAYING,0.03544880822300911,0.014445558190345764,0.07964366674423218,-0.17985817679002006,-0.14716553526945353,0.01827505537187082,True,False,3,recoverable,False
5.833333333333413,700,2,3,2,3,PLAYING,0.03640587627887726,0.014407962560653687,0.07971940189599991,-0.17971614185022142,-0.14712931419026598,0.018217612919169516,True,False,3,recoverable,False
5.900000000000083,708,2,3,2,3,PLAYING,0.03738105297088623,0.014369748532772064,0.07978343963623047,-0.17959247310921667,-0.1470874210492307,0.018157355593275297,True,False,3,recoverable,False
5.966666666666753,716,2,3,2,3,PLAYING,0.03835374489426613,0.014330215752124786,0.07983138412237167,-0.17939758192992647,-0.14702805310346978,0.018068340598546666,True,False,3,recoverable,False
6.033333333333423,724,2,3,2,3,PLAYING,0.03934799134731293,0.014294818043708801,0.07985827326774597,-0.1792799072447467,-0.14696471484837503,0.018011002075892058,True,False,3,recoverable,False
6.100000000000093,732,2,3,2,3,PLAYING,0.040345698595047,0.014246784150600433,0.07986633479595184,-0.17913034521809013,-0.14689859259776478,0.017935863067224278,True,False,3,recoverable,False
6.166666666666763,740,2,3,2,3,PLAYING,0.041375674307346344,0.014246843755245209,0.07985131442546844,-0.17898098697590467,-0.146835360356709,0.01795131261997573,True,False,3,recoverable,False
6.233333333333433,748,2,3,2,3,PLAYING,0.042413875460624695,0.014244116842746735,0.07980842143297195,-0.17882699591340415,-0.1467589836685526,0.017973581643449622,True,False,3,recoverable,False
6.300000000000103,756,2,3,2,3,PLAYING,0.043473370373249054,0.01423925906419754,0.07974030077457428,-0.1786735669506,-0.14667904844418042,0.018002590681730907,True,False,3,recoverable,False
6.366666666666773,764,2,3,2,3,PLAYING,0.04455721750855446,0.014232039451599121,0.07964952290058136,-0.17848725796252396,-0.1465673387359345,0.018030489731751614,True,False,3,recoverable,False
6.433333333333443,772,2,3,2,3,PLAYING,0.045661427080631256,0.014222174882888794,0.07953225821256638,-0.17829988215970866,-0.14645875430657967,0.018052121443117956,True,False,3,recoverable,False
6.500000000000113,780,2,3,2,3,PLAYING,0.046793218702077866,0.01421046257019043,0.07938488572835922,-0.1781510036453031,-0.14633588715396773,0.01804632320350447,True,False,3,recoverable,False
6.566666666666783,788,2,3,2,3,PLAYING,0.04794221371412277,0.014192499220371246,0.07920437306165695,-0.17798726960787153,-0.1462141706432183,0.018061479468458957,True,False,3,recoverable,False
6.633333333333453,796,2,3,2,3,PLAYING,0.04911923035979271,0.01416981965303421,0.07900426536798477,-0.17781580417481588,-0.14604356314586472,0.018076555250063464,True,False,3,recoverable,False
6.700000000000123,804,2,3,2,3,PLAYING,0.050132330507040024,0.014182128012180328,0.07883068174123764,-0.17817223118796524,-0.1456721691177249,0.018081990647024797,True,False,3,recoverable,False
6.766666666666793,812,2,3,2,3,PLAYING,0.05095147341489792,0.014211945235729218,0.0787835419178009,-0.17871770700469095,-0.14552287658387464,0.01814633534819975,True,False,3,recoverable,False
6.833333333333463,820,2,3,2,3,PLAYING,0.051744911819696426,0.014241404831409454,0.07879840582609177,-0.17925769143386736,-0.1456366981221961,0.018200686106898616,True,False,3,recoverable,False
6.900000000000133,828,2,3,2,3,PLAYING,0.052610717713832855,0.014263488352298737,0.07879654318094254,-0.17979495873072546,-0.1458342079320784,0.018237025992252087,True,False,3,recoverable,False
6.966666666666803,836,2,3,2,3,PLAYING,0.053518012166023254,0.014288179576396942,0.07877800613641739,-0.18045122461302746,-0.14608098784765514,0.018294244712282234,True,False,3,recoverable,False
7.033333333333473,844,2,3,2,3,PLAYING,0.054456256330013275,0.014275126159191132,0.07879635691642761,-0.18062972330047775,-0.14595920598445256,0.018263039687121268,True,False,3,recoverable,False
7.100000000000143,852,2,3,2,3,PLAYING,0.05542336031794548,0.014234662055969238,0.07882443070411682,-0.1804043541024356,-0.1455870151958966,0.018220703620219582,True,False,3,recoverable,False
7.166666666666813,860,2,3,2,3,PLAYING,0.05642746388912201,0.014185845851898193,0.0788317397236824,-0.1802389715616641,-0.1452435678834782,0.018164036015346656,True,False,3,recoverable,False
7.233333333333483,868,2,3,2,3,PLAYING,0.057370930910110474,0.014134883880615234,0.07886859774589539,-0.1800708823846648,-0.1449994747070715,0.018105855022184106,True,False,3,recoverable,False
7.300000000000153,876,2,3,2,3,PLAYING,0.058104053139686584,0.014094382524490356,0.0790296271443367,-0.17985566752841678,-0.14500712661051796,0.01804913353629764,True,False,3,recoverable,False
7.366666666666823,884,2,3,2,3,PLAYING,0.05891013890504837,0.01405307650566101,0.07918112725019455,-0.179681296754346,-0.14511609889320398,0.01802694237537956,True,False,3,recoverable,False
7.4333333333334926,892,2,3,2,3,PLAYING,0.05976157635450363,0.014032796025276184,0.0793154165148735,-0.17950883831539624,-0.14526888824290374,0.01805887805335113,True,False,3,recoverable,False
7.5000000000001625,900,2,3,2,3,PLAYING,0.060640640556812286,0.0139995738863945,0.07943736016750336,-0.1793376598148992,-0.14545427379275144,0.018091143107648023,True,False,3,recoverable,False
7.5666666666668325,908,2,3,2,3,PLAYING,0.06156166270375252,0.013995222747325897,0.0795356035232544,-0.17917420456411015,-0.14568340212784706,0.018152243169932324,True,False,3,recoverable,False
7.6333333333335025,916,2,3,2,3,PLAYING,0.06250797212123871,0.013991981744766235,0.07963120937347412,-0.1789959710699115,-0.1459498218042017,0.01807475649915572,True,False,3,recoverable,False
7.7000000000001725,924,2,3,2,3,PLAYING,0.06345242261886597,0.013980939984321594,0.07971169799566269,-0.17881289928599856,-0.14617554959425696,0.01799608881044642,True,False,3,recoverable,False
7.7666666666668425,932,2,3,2,3,PLAYING,0.06440509110689163,0.013965539634227753,0.07976996898651123,-0.17864859943995431,-0.1464063285403088,0.017938084505750195,True,False,3,recoverable,False
7.8333333333335124,940,2,3,2,3,PLAYING,0.06537993997335434,0.013943761587142944,0.07980895042419434,-0.1784365686586282,-0.14664505152934054,0.01786656642057607,True,False,3,recoverable,False
7.900000000000182,948,2,3,2,3,PLAYING,0.06637560576200485,0.013927087187767029,0.07982223480939865,-0.17822388871544975,-0.14691077672854863,0.017785320356293648,True,False,3,recoverable,False
7.966666666666852,956,2,3,2,3,PLAYING,0.06738576292991638,0.013907991349697113,0.07981715351343155,-0.1779847756246389,-0.1471737277827124,0.01769006228768199,True,False,3,recoverable,False
8.033333333333518,964,2,3,2,3,PLAYING,0.06841906160116196,0.013878248631954193,0.0797981470823288,-0.1777354912309068,-0.14742661016058264,0.017599659814431356,True,False,3,recoverable,False
8.10000000000018,972,2,3,2,3,PLAYING,0.06947006285190582,0.013855300843715668,0.07975132018327713,-0.17749672341027023,-0.1476929668909248,0.01752577546906547,True,False,3,recoverable,False
8.166666666666844,980,2,3,2,3,PLAYING,0.07049666345119476,0.013860516250133514,0.07969104498624802,-0.1772380274161519,-0.14794241174066763,0.01757119099995654,True,False,3,recoverable,False
8.233333333333507,988,2,3,2,3,PLAYING,0.07151812314987183,0.013844743371009827,0.07963009923696518,-0.17673030621764604,-0.14797635072014972,0.017573650736094813,True,False,3,recoverable,False
8.30000000000017,996,2,3,2,3,PLAYING,0.07234222441911697,0.013849280774593353,0.07964389771223068,-0.17660267796291598,-0.14747988169214005,0.01756174991889667,True,False,3,recoverable,False
8.366666666666832,1004,2,3,2,3,PLAYING,0.07324562221765518,0.0138506218791008,0.07963860780000687,-0.1765924921139046,-0.1470909393888075,0.01761544682212236,True,False,3,recoverable,False
8.433333333333495,1012,2,3,2,3,PLAYING,0.07420149445533752,0.013857401907444,0.07961281388998032,-0.17663705111252753,-0.1467297710161392,0.017661469653837386,True,False,3,recoverable,False
8.500000000000158,1020,2,3,2,3,PLAYING,0.07518698275089264,0.01386287808418274,0.07955463975667953,-0.1767179897323089,-0.14639076154535643,0.017699975310619162,True,False,3,recoverable,False
8.566666666666821,1028,2,3,2,3,PLAYING,0.0762263834476471,0.013869799673557281,0.07948018610477448,-0.17680880118308617,-0.1460531747921014,0.017749495020744358,True,False,3,recoverable,False
8.633333333333484,1036,2,3,2,3,PLAYING,0.07728498429059982,0.013870716094970703,0.07937556505203247,-0.17694994931134206,-0.14573087778363167,0.017827609166839186,True,False,3,recoverable,False
8.700000000000147,1044,2,3,2,3,PLAYING,0.07837387919425964,0.013875916600227356,0.07924031466245651,-0.17712146812760346,-0.1454077076096416,0.01788538790217693,True,False,3,recoverable,False
8.76666666666681,1052,2,3,2,3,PLAYING,0.0793919563293457,0.013879269361495972,0.07917022705078125,-0.1772717677551161,-0.14522971052302763,0.017913242461198436,True,False,3,recoverable,False
8.833333333333472,1060,2,3,2,3,PLAYING,0.08012453466653824,0.013879939913749695,0.07927577942609787,-0.17741619836285427,-0.14541002197975228,0.01787523973776192,True,False,3,recoverable,False
8.900000000000135,1068,2,3,2,3,PLAYING,0.0809430405497551,0.013879582285881042,0.07936917245388031,-0.17751475061370248,-0.14568519767844365,0.01787353789801434,True,False,3,recoverable,False
8.966666666666798,1076,2,3,2,3,PLAYING,0.08180465549230576,0.01387157291173935,0.07945040613412857,-0.17757760454616225,-0.1459827658215902,0.017911333077863936,True,False,3,recoverable,False
9.033333333333461,1084,2,3,2,3,PLAYING,0.08272165060043335,0.013866260647773743,0.07951562851667404,-0.1776553234222001,-0.14635165332865488,0.017910734312515737,True,False,3,recoverable,False
9.100000000000124,1092,2,3,2,3,PLAYING,0.08359886705875397,0.013861596584320068,0.07957087457180023,-0.17794385215261027,-0.1466931223228094,0.017966553418634342,True,False,3,recoverable,False
9.166666666666787,1100,2,3,2,3,PLAYING,0.08447116613388062,0.013870447874069214,0.07961425930261612,-0.17832274808657295,-0.14702207094521716,0.017992337039841665,True,False,3,recoverable,False
9.23333333333345,1108,2,3,2,3,PLAYING,0.08538493514060974,0.013872750103473663,0.07963982969522476,-0.1787298275829214,-0.14739805339356715,0.01804057025751383,True,False,3,recoverable,False
9.300000000000113,1116,2,3,2,3,PLAYING,0.0863073319196701,0.01387006789445877,0.07964394241571426,-0.17911855537278226,-0.14777569584663972,0.01809376323335465,True,False,3,recoverable,False
9.366666666666775,1124,2,3,2,3,PLAYING,0.08723067492246628,0.01389593631029129,0.07962068170309067,-0.17946400007473387,-0.14817089562871907,0.018045074100644175,True,False,3,recoverable,False
9.433333333333438,1132,2,3,2,3,PLAYING,0.08819229900836945,0.01391804963350296,0.07959332317113876,-0.17978508933059567,-0.1485062096990096,0.018039194563609754,True,False,3,recoverable,False
9.500000000000101,1140,2,3,2,3,PLAYING,0.0891713798046112,0.013897128403186798,0.07962816208600998,-0.1793195048029523,-0.1482539831423944,0.017896544637966704,True,False,3,recoverable,False
9.566666666666764,1148,2,3,2,3,PLAYING,0.09019196033477783,0.01388857513666153,0.07964280247688293,-0.17881794966483386,-0.14803354085542242,0.017793372086090338,True,False,3,recoverable,False
9.633333333333427,1156,2,3,2,3,PLAYING,0.09124861657619476,0.013865888118743896,0.07963742315769196,-0.178387911306511,-0.1478165336039762,0.017659791958407417,True,False,3,recoverable,False
9.70000000000009,1164,2,3,2,3,PLAYING,0.09231436997652054,0.013832397758960724,0.07960675656795502,-0.17795653455443375,-0.14755792903137033,0.017567139622712967,True,False,3,recoverable,False
9.766666666666753,1172,2,3,2,3,PLAYING,0.09339717030525208,0.013794414699077606,0.07955225557088852,-0.1775123976090904,-0.14730197738708317,0.01742847672289163,True,False,3,recoverable,False
9.833333333333416,1180,2,3,2,3,PLAYING,0.0945296436548233,0.01375531405210495,0.0794760212302208,-0.17708816520247297,-0.1470653329169577,0.017336338591152176,True,False,3,recoverable,False
9.900000000000079,1188,2,3,2,3,PLAYING,0.09570367634296417,0.01372365653514862,0.07937461882829666,-0.17656672634085374,-0.14680722079008587,0.017171398614692697,True,False,3,recoverable,False
9.966666666666741,1196,2,3,2,3,PLAYING,0.09653802961111069,0.0137106254696846,0.07938317954540253,-0.17649139843815212,-0.14648868724296962,0.017065441604686666,True,False,3,recoverable,False
10.033333333333404,1204,2,3,2,3,PLAYING,0.09722349047660828,0.013712696731090546,0.07947862148284912,-0.17659681236833544,-0.14633260453580926,0.017023370270586497,True,False,3,recoverable,False
10.100000000000067,1212,2,3,2,3,PLAYING,0.09802699089050293,0.013714492321014404,0.07956477999687195,-0.1767637837887986,-0.14632853132021817,0.01697549439715618,True,False,3,recoverable,False
10.16666666666673,1220,2,3,2,3,PLAYING,0.09888775646686554,0.013718321919441223,0.07964082807302475,-0.17696228595674623,-0.14638260869675676,0.016940407617089627,True,False,3,recoverable,False
10.233333333333393,1228,2,3,2,3,PLAYING,0.09978418797254562,0.013729400932788849,0.07969650626182556,-0.1772496770079935,-0.14647504152046395,0.01692031510161723,True,False,3,recoverable,False
10.300000000000056,1236,2,3,2,3,PLAYING,0.10070677101612091,0.01374894380569458,0.07974443584680557,-0.17763882250485719,-0.14658965743387234,0.016871907218469276,True,False,3,recoverable,False
10.366666666666719,1244,2,3,2,3,PLAYING,0.10163428634405136,0.013762563467025757,0.07978017628192902,-0.17804223511572134,-0.14670536903136353,0.01683867031000067,True,False,3,recoverable,False
10.433333333333382,1252,2,3,2,3,PLAYING,0.10259312391281128,0.013781070709228516,0.07978887856006622,-0.17844738413808833,-0.14684892774087022,0.01682048466271676,True,False,3,recoverable,False
10.500000000000044,1260,2,3,2,3,PLAYING,0.1035638079047203,0.013789206743240356,0.07978258281946182,-0.17884443812101322,-0.1469904299147474,0.01678514620014866,True,False,3,recoverable,False
10.566666666666707,1268,2,3,2,3,PLAYING,0.10454544425010681,0.013803482055664062,0.07975516468286514,-0.17924366232214906,-0.14712047516128127,0.016781240465923265,True,False,3,recoverable,False
10.63333333333337,1276,2,3,2,3,PLAYING,0.10556647926568985,0.013839833438396454,0.07969800382852554,-0.17972672248505359,-0.14727126564131882,0.016830855927586316,True,False,3,recoverable,False
10.700000000000033,1284,2,3,2,3,PLAYING,0.10660265386104584,0.013873070478439331,0.07961702346801758,-0.18020363767460562,-0.14741359432579307,0.01692799175816958,True,False,3,recoverable,False
10.766666666666696,1292,2,3,2,3,PLAYING,0.1076342910528183,0.013893723487854004,0.07953288406133652,-0.1805721486600888,-0.14746206466726952,0.0169753354592847,True,False,3,recoverable,False
10.833333333333359,1300,2,3,2,3,PLAYING,0.1087074726819992,0.01386057585477829,0.07948510348796844,-0.18030893595527497,-0.1470177899673855,0.01692992958467683,True,False,3,recoverable,False
10.900000000000022,1308,2,3,2,3,PLAYING,0.10981279611587524,0.013826049864292145,0.07941223680973053,-0.18004895888915773,-0.14658668770162528,0.016883816895986396,True,False,3,recoverable,False
10.966666666666685,1316,2,3,2,3,PLAYING,0.11092665791511536,0.013793706893920898,0.07930704206228256,-0.17979209078469524,-0.14616516705275132,0.016776838336275503,True,False,3,recoverable,False
11.033333333333347,1324,2,3,2,3,PLAYING,0.11186254024505615,0.013774752616882324,0.07934556156396866,-0.17947034237752832,-0.14608266239272855,0.01665932828265541,True,False,3,recoverable,False
11.10000000000001,1332,2,3,2,3,PLAYING,0.11272193491458893,0.01375184953212738,0.0794413685798645,-0.1790755215155937,-0.1461494010527637,0.016501190196607323,True,False,3,recoverable,False
11.166666666666673,1340,2,3,2,3,PLAYING,0.11365282535552979,0.013720333576202393,0.07952094078063965,-0.17875288139541154,-0.1463017068049915,0.016377180470884517,True,False,3,recoverable,False
11.233333333333336,1348,2,3,2,3,PLAYING,0.11460988223552704,0.013685569167137146,0.07958836108446121,-0.17840892972511627,-0.1464836870475092,0.01624644593614212,True,False,3,recoverable,False
11.299999999999999,1356,2,3,2,3,PLAYING,0.11559173464775085,0.01365470141172409,0.07963588088750839,-0.17798395470841238,-0.14666830099917336,0.016129893673732017,True,False,3,recoverable,False
11.366666666666662,1364,2,3,2,3,PLAYING,0.11661048233509064,0.013612277805805206,0.0796700194478035,-0.17758642782844,-0.1468733488377878,0.016010944498921306,True,False,3,recoverable,False
11.433333333333325,1372,2,3,2,3,PLAYING,0.11765734106302261,0.013572163879871368,0.07968606799840927,-0.17723012423198675,-0.1470835659392667,0.015845727230990526,True,False,3,recoverable,False
11.499999999999988,1380,2,3,2,3,PLAYING,0.11870232224464417,0.01352662593126297,0.07967174053192139,-0.17684364994394727,-0.1472982934898362,0.015663560134013953,True,False,3,recoverable,False
11.56666666666665,1388,2,3,2,3,PLAYING,0.11977199465036392,0.013479933142662048,0.07964032888412476,-0.17643108823884623,-0.14751747473133192,0.015506088366629147,True,False,3,recoverable,False
11.633333333333313,1396,2,3,2,3,PLAYING,0.12060268223285675,0.013473458588123322,0.07964823395013809,-0.17668655330303135,-0.14742604894223085,0.01541020727637868,True,False,3,recoverable,False
11.699999999999976,1404,2,3,2,3,PLAYING,0.1214875876903534,0.01346936821937561,0.07963168621063232,-0.1770689976247246,-0.14741567018359938,0.015333348243314294,True,False,3,recoverable,False
11.766666666666639,1412,2,3,2,3,PLAYING,0.12241838872432709,0.013462267816066742,0.07959917187690735,-0.1774912429778752,-0.14745013412373617,0.015260727540316928,True,False,3,recoverable,False
11.833333333333302,1420,2,3,2,3,PLAYING,0.1233891099691391,0.013467766344547272,0.07954642176628113,-0.1779330373818057,-0.14751430784777853,0.015212780129605818,True,False,3,recoverable,False
11.899999999999965,1428,2,3,2,3,PLAYING,0.124388188123703,0.013509303331375122,0.07947661727666855,-0.17844048583341743,-0.14759666465642574,0.01528794104482456,True,False,3,recoverable,False
11.966666666666628,1436,2,3,2,3,PLAYING,0.12542858719825745,0.013539701700210571,0.07938513904809952,-0.17892856188640333,-0.14767440278746932,0.01536321196458277,True,False,3,recoverable,False
12.03333333333329,1444,2,3,2,3,PLAYING,0.1264682412147522,0.013573206961154938,0.07926257699728012,-0.17948016316238466,-0.14775256877723422,0.015429235432781825,True,False,3,recoverable,False
12.099999999999953,1452,2,3,2,3,PLAYING,0.1275365948677063,0.013599872589111328,0.07911105453968048,-0.18004705113459407,-0.14783074505023805,0.01548884738297211,True,False,3,recoverable,False
12.166666666666616,1460,2,3,2,3,PLAYING,0.1286153495311737,0.013618730008602142,0.0789552554488182,-0.18042855030654636,-0.14775860980855898,0.015543931739755415,True,False,3,recoverable,False
12.23333333333328,1468,2,3,2,3,PLAYING,0.12971986830234528,0.013585828244686127,0.07881699502468109,-0.18038996990004658,-0.14734107157110302,0.01556667158458921,True,False,3,recoverable,False
12.299999999999942,1476,2,3,2,3,PLAYING,0.13057608902454376,0.013572007417678833,0.07884843647480011,-0.18020961448654127,-0.1473995660272679,0.015456128508882961,True,False,3,recoverable,False
12.366666666666605,1484,2,3,2,3,PLAYING,0.13136960566043854,0.013569071888923645,0.07893446087837219,-0.1800094208782473,-0.14762326976788104,0.015298207532798631,True,False,3,recoverable,False
12.433333333333268,1492,2,3,2,3,PLAYING,0.1321869194507599,0.013556599617004395,0.07901337742805481,-0.1799141057444795,-0.14785482382379334,0.015213750407347203,True,False,3,recoverable,False
12.49999999999993,1500,2,3,2,3,PLAYING,0.13308389484882355,0.01354479044675827,0.07908526808023453,-0.17982869966115259,-0.1481829372303081,0.015088362322519033,True,False,3,recoverable,False
12.566666666666594,1508,2,3,2,3,PLAYING,0.13399207592010498,0.013530738651752472,0.07914746552705765,-0.1797768780569084,-0.14849300152283412,0.0150146435328383,True,False,3,recoverable,False
12.633333333333256,1516,2,3,2,3,PLAYING,0.13497072458267212,0.013522565364837646,0.07919304072856903,-0.17963407327351838,-0.14887928946903692,0.01491432157376837,True,False,3,recoverable,False
12.69999999999992,1524,2,3,2,3,PLAYING,0.1359294354915619,0.013481587171554565,0.0792645588517189,-0.17897531622323903,-0.1488319635442455,0.014749045090025621,True,False,3,recoverable,False
12.766666666666582,1532,2,3,2,3,PLAYING,0.1369451880455017,0.013420403003692627,0.07933517545461655,-0.17812862613417849,-0.1486935754083484,0.014585043694634363,True,False,3,recoverable,False
12.833333333333245,1540,2,3,2,3,PLAYING,0.1380031406879425,0.013352781534194946,0.0793837308883667,-0.17731654533004876,-0.1485687715434915,0.014427795860061774,True,False,3,recoverable,False
12.899999999999908,1548,2,3,2,3,PLAYING,0.13905367255210876,0.013284854590892792,0.07942596077919006,-0.17650143868533105,-0.1483961019723306,0.01426208072982693,True,False,3,recoverable,False
12.96666666666657,1556,2,3,2,3,PLAYING,0.13980601727962494,0.013277024030685425,0.07949553430080414,-0.17645492842180507,-0.14795516902326852,0.014143577871355407,True,False,3,recoverable,False
13.033333333333234,1564,2,3,2,3,PLAYING,0.1406537890434265,0.013273179531097412,0.07954785972833633,-0.176559506988494,-0.147594823482405,0.01407634017028405,True,False,3,recoverable,False
13.099999999999897,1572,2,3,2,3,PLAYING,0.1415523886680603,0.013267457485198975,0.07958030700683594,-0.17666322799251274,-0.14729769122941372,0.014021238494947087,True,False,3,recoverable,False
13.16666666666656,1580,2,3,2,3,PLAYING,0.142458975315094,0.013268552720546722,0.07959046959877014,-0.17680907096187673,-0.14700540843859033,0.014000191429253355,True,False,3,recoverable,False
13.233333333333222,1588,2,3,2,3,PLAYING,0.1433875560760498,0.013267122209072113,0.07958676666021347,-0.17700209567555436,-0.14672298384316654,0.014006665486557934,True,False,3,recoverable,False
13.299999999999885,1596,2,3,2,3,PLAYING,0.14435604214668274,0.0132688507437706,0.07956164330244064,-0.17723634977984173,-0.1464487926402731,0.014021350727048519,True,False,3,recoverable,False
13.366666666666548,1604,2,3,2,3,PLAYING,0.14533360302448273,0.013283893465995789,0.0795336440205574,-0.1774528710107509,-0.14620300855733148,0.014048313673494751,True,False,3,recoverable,False
13.433333333333211,1612,2,3,2,3,PLAYING,0.14632974565029144,0.013292036950588226,0.07947247475385666,-0.17777626923737302,-0.14593830078547848,0.014078080930358203,True,False,3,recoverable,False
13.499999999999874,1620,2,3,2,3,PLAYING,0.14736592769622803,0.01330123096704483,0.07938936352729797,-0.1780606906455146,-0.14567912794772384,0.014088207673483481,True,False,3,recoverable,False
13.566666666666537,1628,2,3,2,3,PLAYING,0.14843693375587463,0.013308882713317871,0.07929736375808716,-0.17837579761931027,-0.14541055803152939,0.01407914685037578,True,False,3,recoverable,False
13.6333333333332,1636,2,3,2,3,PLAYING,0.14953354001045227,0.013324446976184845,0.07917920500040054,-0.17873929218418833,-0.14514554251444595,0.014054102808073411,True,False,3,recoverable,False
13.699999999999863,1644,2,3,2,3,PLAYING,0.15063488483428955,0.013335496187210083,0.0790317952632904,-0.1791483491519085,-0.1448598068621138,0.014048973229067788,True,False,3,recoverable,False
13.766666666666525,1652,2,3,2,3,PLAYING,0.15173862874507904,0.013338007032871246,0.0788683295249939,-0.17950796518724693,-0.1445834001105381,0.014047625812065125,True,False,3,recoverable,False
13.833333333333188,1660,2,3,2,3,PLAYING,0.15243390202522278,0.01333678513765335,0.07898536324501038,-0.17966766169654705,-0.14486092319733607,0.013999809583963638,True,False,3,recoverable,False
13.899999999999851,1668,2,3,2,3,PLAYING,0.15320977568626404,0.013348236680030823,0.07909002155065536,-0.17989627735213642,-0.1452499174236805,0.013973661202693239,True,False,3,recoverable,False
13.966666666666514,1676,2,3,2,3,PLAYING,0.15405428409576416,0.013358823955059052,0.07918532192707062,-0.1801595732210403,-0.1457269041966673,0.013933402582407786,True,False,3,recoverable,False
14.033333333333177,1684,2,3,2,3,PLAYING,0.15491637587547302,0.013372890651226044,0.0792609304189682,-0.18037287025903856,-0.14622459523930478,0.013886318211169322,True,False,3,recoverable,False
14.09999999999984,1692,2,3,2,3,PLAYING,0.1557786464691162,0.013384267687797546,0.07932110875844955,-0.1805222105706795,-0.14673118486551612,0.013775306760561858,True,False,3,recoverable,False
14.166666666666503,1700,2,3,2,3,PLAYING,0.156668558716774,0.013400204479694366,0.07936656475067139,-0.18075130361421463,-0.1472686030428922,0.01367212072144752,True,False,3,recoverable,False
14.233333333333166,1708,2,3,2,3,PLAYING,0.15760761499404907,0.013415783643722534,0.07940427213907242,-0.18096908205284143,-0.147838687720025,0.013572703222777432,True,False,3,recoverable,False
14.299999999999828,1716,2,3,2,3,PLAYING,0.15855403244495392,0.013362273573875427,0.07950996607542038,-0.18036588126794637,-0.1478067610388696,0.013334136303381362,True,False,3,recoverable,False
14.366666666666491,1724,2,3,2,3,PLAYING,0.15954160690307617,0.0133022740483284,0.079599529504776,-0.17979198444646455,-0.14779001821152143,0.013109140922502389,True,False,3,recoverable,False
14.433333333333154,1732,2,3,2,3,PLAYING,0.16051457822322845,0.013236083090305328,0.0796617642045021,-0.17919855708716897,-0.1477498000652796,0.01287079285924504,True,False,3,recoverable,False
14.499999999999817,1740,2,3,2,3,PLAYING,0.16153205931186676,0.013171389698982239,0.07971400022506714,-0.17857299198966387,-0.1477104642750365,0.012667675709723587,True,False,3,recoverable,False
14.56666666666648,1748,2,3,2,3,PLAYING,0.16260914504528046,0.013118945062160492,0.07973237335681915,-0.1779417698887512,-0.14769004308295955,0.012515685451140313,True,False,3,recoverable,False
14.633333333333143,1756,2,3,2,3,PLAYING,0.16370944678783417,0.013060860335826874,0.07973077893257141,-0.17722504625521265,-0.14765386559396948,0.012361278860421113,True,False,3,recoverable,False
14.699999999999806,1764,2,3,2,3,PLAYING,0.1648317128419876,0.01299818605184555,0.07970250397920609,-0.17654675452487822,-0.1476181697184399,0.012215350536024728,True,False,3,recoverable,False
14.766666666666469,1772,2,3,2,3,PLAYING,0.16589808464050293,0.012947648763656616,0.07967172563076019,-0.17604288291017942,-0.14746981825369812,0.012068060661783184,True,False,3,recoverable,False
14.833333333333131,1780,2,3,2,3,PLAYING,0.16676758229732513,0.012937784194946289,0.07965783029794693,-0.17617771546516564,-0.14712873052188807,0.01198811016735777,True,False,3,recoverable,False
14.899999999999794,1788,2,3,2,3,PLAYING,0.16771987080574036,0.012933902442455292,0.07962493598461151,-0.1763762518706487,-0.14686169526523457,0.011932871461735193,True,False,3,recoverable,False
14.966666666666457,1796,2,3,2,3,PLAYING,0.1687193065881729,0.012935347855091095,0.07958009839057922,-0.17667936778872054,-0.1466361293133799,0.011867461109135937,True,False,3,recoverable,False
15.03333333333312,1804,2,3,2,3,PLAYING,0.16975829005241394,0.012932300567626953,0.07950840145349503,-0.17700031582332806,-0.14643411883292623,0.011831473668136337,True,False,3,recoverable,False
15.099999999999783,1812,2,3,2,3,PLAYING,0.1708216518163681,0.012928254902362823,0.07941456139087677,-0.17731526052607863,-0.1462396867175033,0.011790940790490024,True,False,3,recoverable,False
15.166666666666446,1820,2,3,2,3,PLAYING,0.17188657820224762,0.012943372130393982,0.0793016254901886,-0.1776434600529447,-0.1460469610691564,0.011846293950050452,True,False,3,recoverable,False
15.233333333333109,1828,2,3,2,3,PLAYING,0.17297610640525818,0.012952163815498352,0.07915367186069489,-0.17803450148101685,-0.14586152855412365,0.011850392285179739,True,False,3,recoverable,False
15.299999999999772,1836,2,3,2,3,PLAYING,0.17408423125743866,0.012963429093360901,0.07898633182048798,-0.17840038532736632,-0.1456426133353651,0.011907122518407514,True,False,3,recoverable,False
15.366666666666434,1844,2,3,2,3,PLAYING,0.17521965503692627,0.012966088950634003,0.07878857105970383,-0.17875690837411873,-0.14541364139261295,0.01194928238588929,True,False,3,recoverable,False
15.433333333333097,1852,2,3,2,3,PLAYING,0.17637227475643158,0.012971386313438416,0.0785624235868454,-0.1791184136807525,-0.14518788638476574,0.011955566703160064,True,False,3,recoverable,False
15.49999999999976,1860,2,3,2,3,PLAYING,0.17741304636001587,0.012989692389965057,0.07841257005929947,-0.17944722911008731,-0.14518896556656585,0.011960338087452331,True,False,3,recoverable,False
15.566666666666423,1868,2,3,2,3,PLAYING,0.1781982183456421,0.013000927865505219,0.07845005393028259,-0.17969252249549647,-0.145562636226603,0.011916656520477778,True,False,3,recoverable,False
15.633333333333086,1876,2,3,2,3,PLAYING,0.17905455827713013,0.01299770176410675,0.07849020510911942,-0.1798143629550948,-0.14590287475084895,0.011841695187099195,True,False,3,recoverable,False
15.699999999999749,1884,2,3,2,3,PLAYING,0.17997530102729797,0.012937799096107483,0.07859136909246445,-0.17921037602555515,-0.14578230852636098,0.011684214565299389,True,False,3,recoverable,False
15.766666666666412,1892,2,3,2,3,PLAYING,0.18095026910305023,0.012872114777565002,0.07867982238531113,-0.17859818681649425,-0.14571505200769164,0.011510400028302954,True,False,3,recoverable,False
15.833333333333075,1900,2,3,2,3,PLAYING,0.18186181783676147,0.012820765376091003,0.07875902205705643,-0.17815071615617908,-0.14556006158943322,0.011373763915417529,True,False,3,recoverable,False
15.899999999999737,1908,2,3,2,3,PLAYING,0.18266506493091583,0.01279740035533905,0.07884524017572403,-0.17814275468800378,-0.1452959012943559,0.011315046098839758,True,False,3,recoverable,False
15.9666666666664,1916,2,3,2,3,PLAYING,0.1835351288318634,0.012797847390174866,0.07892385125160217,-0.17814307872208018,-0.1450883642403934,0.01131401837938967,True,False,3,recoverable,False
16.033333333333065,1924,2,3,2,3,PLAYING,0.18444935977458954,0.012794233858585358,0.07898052781820297,-0.17818272364406357,-0.14491575473547302,0.01133565853762336,True,False,3,recoverable,False
16.099999999999728,1932,2,3,2,3,PLAYING,0.18540014326572418,0.012791424989700317,0.07901765406131744,-0.1782611759657992,-0.144772840255522,0.011354605392277378,True,False,3,recoverable,False
16.16666666666639,1940,2,3,2,3,PLAYING,0.18637092411518097,0.012787654995918274,0.07903604954481125,-0.17838750541596268,-0.14463172548704026,0.011384110481606795,True,False,3,recoverable,False
16.233333333333054,1948,2,3,2,3,PLAYING,0.18736058473587036,0.012783065438270569,0.07903430610895157,-0.1785327263335273,-0.14449800662079082,0.0114249550299065,True,False,3,recoverable,False
16.299999999999716,1956,2,3,2,3,PLAYING,0.18837188184261322,0.012782983481884003,0.07900870591402054,-0.17869968200457223,-0.144374660492519,0.011453013680791354,True,False,3,recoverable,False
16.36666666666638,1964,2,3,2,3,PLAYING,0.1892940104007721,0.01277303695678711,0.07902581989765167,-0.1788833481778147,-0.1443569089809136,0.011462441613428832,True,False,3,recoverable,False
16.433333333333042,1972,2,3,2,3,PLAYING,0.1900465190410614,0.012762852013111115,0.07915382832288742,-0.1789704835779899,-0.1445883155419221,0.011473706861918698,True,False,3,recoverable,False
16.499999999999705,1980,2,3,2,3,PLAYING,0.1908571422100067,0.012763641774654388,0.0792790874838829,-0.17910558675229388,-0.1448884677991319,0.011489413867570094,True,False,3,recoverable,False
16.566666666666368,1988,2,3,2,3,PLAYING,0.19170790910720825,0.012763649225234985,0.07938908785581589,-0.17926041225193193,-0.14522531787568535,0.011510392228503481,True,False,3,recoverable,False
16.63333333333303,1996,2,3,2,3,PLAYING,0.19258250296115875,0.012754298746585846,0.07948616147041321,-0.17936506140588182,-0.14559366807951776,0.01152233597191229,True,False,3,recoverable,False
16.699999999999694,2004,2,3,2,3,PLAYING,0.19347724318504333,0.012756794691085815,0.07955694943666458,-0.17950039283840957,-0.14602775338887797,0.011489453398941616,True,False,3,recoverable,False
16.766666666666357,2012,2,3,2,3,PLAYING,0.1943739652633667,0.012756988406181335,0.07961221039295197,-0.1796413892137048,-0.14644856090975894,0.01145185618281232,True,False,3,recoverable,False
16.83333333333302,2020,2,3,2,3,PLAYING,0.19529610872268677,0.01275092363357544,0.07965436577796936,-0.17978321590204693,-0.14688482062356542,0.011421684530126805,True,False,3,recoverable,False
16.899999999999682,2028,2,3,2,3,PLAYING,0.19622626900672913,0.012746594846248627,0.07968010008335114,-0.17991104439094352,-0.147316102135584,0.011373898805337325,True,False,3,recoverable,False
16.966666666666345,2036,2,3,2,3,PLAYING,0.19717372953891754,0.012742891907691956,0.0796893909573555,-0.18001754032383072,-0.14775296176928554,0.011352489915027743,True,False,3,recoverable,False
17.033333333333008,2044,2,3,2,3,PLAYING,0.19815589487552643,0.012727409601211548,0.07967983931303024,-0.1801500033187187,-0.1482233163223838,0.011332177926644024,True,False,3,recoverable,False
17.09999999999967,2052,2,4,4,4,PLAYING,0.19828975200653076,0.012728966772556305,0.07968509942293167,-0.18017451517880584,-0.14838755056859654,0.011348109569007062,True,False,3,recoverable,False
17.166666666666334,2060,3,5,4,5,PLAYING,0.19821971654891968,0.012729860842227936,0.0796961858868599,-0.1801367575954819,-0.14828747407678353,0.011327281224532828,True,False,3,recoverable,False
17.233333333332997,2068,3,5,4,5,PLAYING,0.19828838109970093,0.012730449438095093,0.07969900220632553,-0.18015900960024925,-0.1483657600291237,0.011341538657074417,True,False,3,recoverable,False
17.29999999999966,2076,3,5,4,5,PLAYING,0.1983153522014618,0.012729719281196594,0.0796997919678688,-0.18015354173337186,-0.1483818480971923,0.011341218061322038,True,False,3,recoverable,False
17.366666666666323,2084,3,6,5,6,PLAYING,0.19831982254981995,0.012729287147521973,0.0797019824385643,-0.18014260003163302,-0.1483583937874508,0.011334072994111669,True,False,3,recoverable,False
17.433333333332985,2092,3,6,5,6,PLAYING,0.19833269715309143,0.012728944420814514,0.07970288395881653,-0.18013741877335915,-0.14835082294342716,0.011330457266401995,True,False,3,recoverable,False
17.49999999999965,2100,3,7,6,7,PLAYING,0.1983211189508438,0.012728989124298096,0.07970775663852692,-0.1801217639701901,-0.14829190495166503,0.011317581987513363,True,False,3,recoverable,False
17.56666666666631,2108,3,7,6,7,PLAYING,0.19836677610874176,0.012728087604045868,0.07970574498176575,-0.180105080809928,-0.14834135588218414,0.011315410473214525,True,False,3,recoverable,False
17.633333333332974,2116,3,7,6,7,PLAYING,0.19841274619102478,0.012728601694107056,0.07970491796731949,-0.18012254285994192,-0.14839956326492193,0.011323130909855606,True,False,3,recoverable,False
17.699999999999637,2124,3,8,7,8,PLAYING,0.1983984410762787,0.012727059423923492,0.07971012592315674,-0.1800834744139664,-0.14832235625452825,0.01130476942844857,True,False,3,recoverable,False
17.7666666666663,2132,3,8,7,8,PLAYING,0.19841764867305756,0.012729376554489136,0.07971934974193573,-0.18008894228274955,-0.14830033586269134,0.011297100760499614,True,False,3,recoverable,False
17.833333333332963,2140,3,9,8,9,PLAYING,0.19844666123390198,0.012731455266475677,0.07972252368927002,-0.1800991367475674,-0.1483202030580817,0.011292701319281262,True,False,3,recoverable,False
17.899999999999626,2148,3,10,9,10,PLAYING,0.1984473019838333,0.012729659676551819,0.079727403819561,-0.18007673522823717,-0.14827253796639508,0.011285637406057121,True,False,3,recoverable,False
17.96666666666629,2156,3,11,10,11,PLAYING,0.19844412803649902,0.012727484107017517,0.07972847670316696,-0.1800530974109335,-0.1482383071617984,0.011279093471053783,True,False,3,recoverable,False
18.03333333333295,2164,3,11,10,11,PLAYING,0.19847631454467773,0.01272832602262497,0.07972514629364014,-0.18005532852291367,-0.14829154502404338,0.0112795324321184,True,False,3,recoverable,False
18.099999999999614,2172,3,12,11,12,PLAYING,0.1985589861869812,0.012751355767250061,0.0797303318977356,-0.18027598458275837,-0.14852697648820223,0.011307311908076293,True,False,3,recoverable,False
18.166666666666277,2180,3,12,11,12,PLAYING,0.1985655128955841,0.012741148471832275,0.079735666513443,-0.1801486551742846,-0.1484109339982062,0.011278505816257004,True,False,3,recoverable,False
18.23333333333294,2188,3,13,12,13,PLAYING,0.1985539048910141,0.012730695307254791,0.07973659038543701,-0.18011678376923837,-0.14833773891291743,0.011295724128999434,True,False,3,recoverable,False
18.299999999999603,2196,4,14,13,14,PLAYING,0.19790202379226685,0.011550016701221466,0.08143660426139832,-0.1645133241076154,-0.1351867290917497,0.008823428319870392,True,False,3,recoverable,False
18.366666666666266,2204,4,14,13,14,PLAYING,0.19958031177520752,0.00824069231748581,0.08587391674518585,-0.12436925857392982,-0.10562486238283235,0.004569154677965008,True,False,4,recoverable,False
18.43333333333293,2212,4,14,13,14,PLAYING,0.19597147405147552,0.007716864347457886,0.0877981185913086,-0.11437797482241707,-0.09859500998715576,0.002916322664253767,True,False,4,recoverable,False
18.49999999999959,2220,4,14,13,14,PLAYING,0.19037951529026031,0.006876297295093536,0.08966624736785889,-0.0996497884707369,-0.08775621635305002,0.0005995967940361833,True,False,4,recoverable,False
18.566666666666254,2228,4,14,13,14,PLAYING,0.18482527136802673,0.00599014014005661,0.09130741655826569,-0.08508994684862761,-0.07676425055728812,-0.0013131172479284494,True,False,4,recoverable,False
18.633333333332917,2236,4,14,13,14,PLAYING,0.18085266649723053,0.005335114896297455,0.0924282819032669,-0.07486637128242687,-0.06901725041726414,-0.0023643344066669536,True,False,4,recoverable,False
18.69999999999958,2244,4,14,13,14,PLAYING,0.17838303744792938,0.004939928650856018,0.09313875436782837,-0.06852307791187656,-0.06424106778420552,-0.0029577781487947026,True,False,4,recoverable,False
18.766666666666243,2252,4,15,14,15,PLAYING,0.1764376312494278,0.004617258906364441,0.09371204674243927,-0.06346053545633865,-0.060492676574562754,-0.003351231977732851,True,False,4,recoverable,False
18.833333333332906,2260,4,15,14,15,PLAYING,0.17427673935890198,0.004251845180988312,0.09429590404033661,-0.057854989205772006,-0.056310363439580555,-0.0037256680624760826,True,False,4,recoverable,False
18.89999999999957,2268,4,15,14,15,PLAYING,0.17222213745117188,0.0039092376828193665,0.09486163407564163,-0.05265603510638801,-0.05225612271841704,-0.004021252790334782,True,False,4,recoverable,False
18.96666666666623,2276,4,15,14,15,PLAYING,0.17049448192119598,0.003624066710472107,0.0953420028090477,-0.04835342311020477,-0.04887085574694393,-0.004242689782742414,True,False,4,recoverable,False
19.033333333332894,2284,4,15,14,15,PLAYING,0.16872622072696686,0.0033269524574279785,0.09582041203975677,-0.04394533251519115,-0.04539887593336699,-0.004416622524413171,True,False,4,recoverable,False
19.099999999999557,2292,4,15,14,15,PLAYING,0.16724491119384766,0.0030727609992027283,0.09621298313140869,-0.040238743184146115,-0.042506860358747484,-0.004542515604779907,True,False,4,recoverable,False
19.16666666666622,2300,4,15,14,15,PLAYING,0.16599330306053162,0.002853214740753174,0.09654854238033295,-0.03707529618807476,-0.04005688682105805,-0.004621983622113056,True,False,4,recoverable,False
19.233333333332883,2308,4,15,14,15,PLAYING,0.1645946055650711,0.002606235444545746,0.09692933410406113,-0.033546398203017934,-0.037293467213048964,-0.004693989482655411,True,False,4,recoverable,False
19.299999999999546,2316,4,15,14,15,PLAYING,0.1631552129983902,0.0023511946201324463,0.09731069207191467,-0.02995390966692233,-0.03446695249302262,-0.004734968430761357,True,False,4,recoverable,False
19.36666666666621,2324,5,16,15,16,PLAYING,0.1625789999961853,0.002079896628856659,0.09768398106098175,-0.026244260882522914,-0.0314346166796091,-0.004735076353240942,True,False,4,recoverable,False
19.43333333333287,2332,5,16,15,16,PLAYING,0.16250227391719818,0.0018905103206634521,0.0979401096701622,-0.02364316519024291,-0.0293102017220905,-0.00472223465416668,True,False,4,recoverable,False
19.499999999999535,2340,5,16,15,16,PLAYING,0.1625339388847351,0.0017155781388282776,0.09814758598804474,-0.02127431154547129,-0.027400254078808375,-0.004701259403977827,True,False,4,recoverable,False
19.566666666666197,2348,5,16,15,16,PLAYING,0.16235916316509247,0.0015042275190353394,0.09835386276245117,-0.01847453304814513,-0.025129754788934068,-0.0046444909113867415,True,False,4,recoverable,False
19.63333333333286,2356,5,16,15,16,PLAYING,0.1620304435491562,0.0012545287609100342,0.09859254211187363,-0.015205402886275065,-0.02245160724454673,-0.004553521423126199,True,False,4,recoverable,False
19.699999999999523,2364,5,16,15,16,PLAYING,0.16202515363693237,0.0010894909501075745,0.09878379851579666,-0.012972224828336177,-0.020263173311649323,-0.0044955339334509774,True,False,4,recoverable,False
19.766666666666186,2372,5,16,15,16,PLAYING,0.16211846470832825,0.000943996012210846,0.09894899278879166,-0.011070872610830756,-0.018365003204651148,-0.004426950209812984,True,False,4,recoverable,False
19.83333333333285,2380,5,16,15,16,PLAYING,0.1616428941488266,0.0007119104266166687,0.09919555485248566,-0.007995240492923564,-0.015478077997453763,-0.004296545990005785,True,False,4,recoverable,False
19.899999999999512,2388,5,16,15,16,PLAYING,0.16131877899169922,0.0005089044570922852,0.09939858317375183,-0.005310628335899633,-0.01304327386234852,-0.004169183458930484,True,False,4,recoverable,False
19.966666666666175,2396,5,16,15,16,PLAYING,0.16155314445495605,0.000378340482711792,0.099662184715271,-0.003652397312686499,-0.012108880840242362,-0.004077471984061386,True,False,4,recoverable,False
20.033333333332838,2404,5,16,15,16,PLAYING,0.16210174560546875,0.0003064349293708801,0.09983958303928375,-0.002750638130498917,-0.011833651966938244,-0.004025677597690256,True,False,4,recoverable,False
20.0999999999995,2412,5,16,15,16,PLAYING,0.16276150941848755,0.0002462640404701233,0.10000146180391312,-0.002017031982135832,-0.011739173910980548,-0.00397669289319805,True,False,4,recoverable,False
20.166666666666163,2420,5,16,15,16,PLAYING,0.1632423996925354,0.00014705955982208252,0.10020948946475983,-0.0007814637332214848,-0.011177155655257688,-0.0039040530827675135,True,False,4,recoverable,False
20.233333333332826,2428,5,16,15,16,PLAYING,0.1638742983341217,6.380677223205566e-05,0.10042306780815125,0.00021194272624786747,-0.010891748993834348,-0.003844570496665328,True,False,4,recoverable,False
20.29999999999949,2436,5,16,15,16,PLAYING,0.16464386880397797,1.1399388313293457e-06,0.10068395733833313,0.0009933278826140524,-0.010860118097251889,-0.0037898412950305347,True,False,4,recoverable,False
20.366666666666152,2444,5,16,15,16,PLAYING,0.16549482941627502,-5.0902366638183594e-05,0.10092183947563171,0.0015828928145221045,-0.010934382451106216,-0.003756319303235363,True,False,4,recoverable,False
20.433333333332815,2452,5,16,15,16,PLAYING,0.1663874387741089,-9.813904762268066e-05,0.10114765167236328,0.0021283144202958126,-0.011063821900181025,-0.003727267087403255,True,False,4,recoverable,False
20.499999999999478,2460,5,16,15,16,PLAYING,0.16730429232120514,-0.00014474987983703613,0.10135681927204132,0.0026779096186577726,-0.011264286719063408,-0.0036888047759116465,True,False,4,recoverable,False
20.56666666666614,2468,5,16,15,16,PLAYING,0.1682795137166977,-0.00019243359565734863,0.10156729072332382,0.003219334258178112,-0.011570505697857067,-0.003664266765293767,True,False,4,recoverable,False
20.633333333332804,2476,5,16,15,16,PLAYING,0.16925004124641418,-0.00024111568927764893,0.1017531305551529,0.0037861829849321943,-0.011842224343332404,-0.0036283195547277512,True,False,4,recoverable,False
20.699999999999466,2484,5,16,15,16,PLAYING,0.1702733337879181,-0.00028893351554870605,0.10192461311817169,0.004312992007173916,-0.012200142152839906,-0.0036045767401560883,True,False,4,recoverable,False
20.76666666666613,2492,5,16,15,16,PLAYING,0.17122596502304077,-0.0003235563635826111,0.10211137682199478,0.004714203354770997,-0.012676852947491041,-0.0035820580497719356,True,False,4,recoverable,False
20.833333333332792,2500,5,16,15,16,PLAYING,0.17213347554206848,-0.0003544911742210388,0.1023424044251442,0.0050479066594529415,-0.013394293369589985,-0.003571007813079183,True,False,4,recoverable,False
20.899999999999455,2508,5,16,15,16,PLAYING,0.17307056486606598,-0.0003911033272743225,0.10255797952413559,0.005393677965467405,-0.01415170648386235,-0.003549824073853917,True,False,4,recoverable,False
20.966666666666118,2516,5,16,15,16,PLAYING,0.17406713962554932,-0.0004275888204574585,0.10278278589248657,0.005737514725729423,-0.015074780459843845,-0.003519157849671033,True,False,4,recoverable,False
21.03333333333278,2524,5,16,15,16,PLAYING,0.17509517073631287,-0.00046494603157043457,0.10298991948366165,0.0060703969515557435,-0.016031365374890562,-0.003496321748421626,True,False,4,recoverable,False
21.099999999999444,2532,5,16,15,16,PLAYING,0.1761169731616974,-0.0005012527108192444,0.10316959768533707,0.006415642788278224,-0.016942676653791084,-0.0034629390633415936,True,False,4,recoverable,False
21.166666666666107,2540,5,16,15,16,PLAYING,0.17716802656650543,-0.000528290867805481,0.10333143174648285,0.006646953049094901,-0.017854984143015777,-0.003440038601548491,True,False,4,recoverable,False
21.23333333333277,2548,5,16,15,16,PLAYING,0.17825250327587128,-0.0004886612296104431,0.10336905717849731,0.006057567990490045,-0.018162747957617725,-0.003471870256888635,True,False,4,recoverable,False
21.299999999999432,2556,5,16,15,16,PLAYING,0.17936551570892334,-0.0004402920603752136,0.10337288677692413,0.005387360006275555,-0.018477600218976462,-0.003508165100091696,True,False,4,recoverable,False
21.366666666666095,2564,5,16,15,16,PLAYING,0.1805194765329361,-0.0003897249698638916,0.10335396975278854,0.004658258914915889,-0.01884846130984198,-0.0035496067885651436,True,False,4,recoverable,False
21.433333333332758,2572,5,16,15,16,PLAYING,0.18170371651649475,-0.000332757830619812,0.10330303013324738,0.0038953633677964814,-0.019224060400054865,-0.003593598763353085,True,False,4,recoverable,False
21.49999999999942,2580,5,16,15,16,PLAYING,0.18257544934749603,-0.0003360733389854431,0.10333164781332016,0.003885584738850357,-0.018919266538857865,-0.0035884290083431423,True,False,4,recoverable,False
21.566666666666084,2588,5,16,15,16,PLAYING,0.1834477186203003,-0.0003600567579269409,0.1034298837184906,0.004155622632646918,-0.018606177682086677,-0.003568696876102537,True,False,4,recoverable,False
21.633333333332747,2596,5,16,15,16,PLAYING,0.18425658345222473,-0.000399075448513031,0.10367698967456818,0.004602816694749264,-0.018794463757256227,-0.00354028123419499,True,False,4,recoverable,False
21.69999999999941,2604,5,16,15,16,PLAYING,0.18512678146362305,-0.00043245404958724976,0.10395141690969467,0.004967470487170213,-0.0191971335766328,-0.003524014223504147,True,False,4,recoverable,False
21.766666666666072,2612,5,16,15,16,PLAYING,0.18605490028858185,-0.00045900046825408936,0.10421983152627945,0.005277383005619,-0.0196869383257681,-0.003505250700455019,True,False,4,recoverable,False
21.833333333332735,2620,5,16,15,16,PLAYING,0.18702414631843567,-0.00048314034938812256,0.10446054488420486,0.0055230661710333594,-0.02019742743121971,-0.003495261283105477,True,False,4,recoverable,False
21.899999999999398,2628,5,16,15,16,PLAYING,0.1880134493112564,-0.0005075335502624512,0.10468636453151703,0.005770325015914464,-0.02072333600301265,-0.0034848623334546762,True,False,4,recoverable,False
21.96666666666606,2636,5,16,15,16,PLAYING,0.18902216851711273,-0.0005272403359413147,0.10489390045404434,0.006004292131199596,-0.0212503387618058,-0.003476228088577359,True,False,4,recoverable,False
22.033333333332724,2644,5,16,15,16,PLAYING,0.1900223344564438,-0.000538945198059082,0.10508605092763901,0.006130122871919628,-0.021840965686510387,-0.0034669093561687362,True,False,4,recoverable,False
22.099999999999387,2652,5,16,15,16,PLAYING,0.1910203993320465,-0.0005399733781814575,0.10525473207235336,0.0061132260640793515,-0.02238535943146774,-0.0034721556426938393,True,False,4,recoverable,False
22.16666666666605,2660,5,16,15,16,PLAYING,0.19204826653003693,-0.0005341693758964539,0.10540595650672913,0.006019666906063173,-0.0228930454371539,-0.0034765855569335227,True,False,4,recoverable,False
22.233333333332713,2668,5,16,15,16,PLAYING,0.19312076270580292,-0.0005323141813278198,0.10555320233106613,0.0059481563984709095,-0.023482954686813724,-0.0034809922297197753,True,False,4,recoverable,False
22.299999999999375,2676,5,16,15,16,PLAYING,0.19419793784618378,-0.0005319416522979736,0.10568322241306305,0.005906367989858817,-0.024068266830418628,-0.003485745293751373,True,False,4,recoverable,False
22.36666666666604,2684,5,16,15,16,PLAYING,0.19530220329761505,-0.0005299970507621765,0.10578785091638565,0.005841628773714008,-0.024684319625113534,-0.0034862005352671475,True,False,4,recoverable,False
22.4333333333327,2692,5,16,15,16,PLAYING,0.1964217573404312,-0.0005293563008308411,0.10587259382009506,0.00579632959029326,-0.02530255271222657,-0.0034895633019853688,True,False,4,recoverable,False
22.499999999999364,2700,5,16,15,16,PLAYING,0.1975577473640442,-0.0005273818969726562,0.10592679679393768,0.005720993308202111,-0.025933471644733544,-0.0034920399536794763,True,False,4,recoverable,False
22.566666666666027,2708,5,16,15,16,PLAYING,0.19865654408931732,-0.0005358532071113586,0.10596450418233871,0.00578250164321206,-0.026469802035576598,-0.003482746997784456,True,False,4,recoverable,False
22.63333333333269,2716,5,16,15,16,PLAYING,0.19956012070178986,-0.0006020814180374146,0.10612763464450836,0.006560652941448731,-0.02669402256785566,-0.0034370199562487698,True,False,4,recoverable,False
22.699999999999353,2724,5,16,15,16,PLAYING,0.20053616166114807,-0.000662781298160553,0.10627397149801254,0.007276571652102754,-0.02698458075081641,-0.0033941196588929746,True,False,4,recoverable,False
22.766666666666016,2732,5,16,15,16,PLAYING,0.2015516310930252,-0.0007196813821792603,0.10639891773462296,0.007933035458600128,-0.02731706706345972,-0.0033552374845171157,True,False,4,recoverable,False
22.83333333333268,2740,5,16,15,16,PLAYING,0.2025972306728363,-0.0007753372192382812,0.10649801045656204,0.008592669082838466,-0.02764935349602598,-0.0033153360312983453,True,False,4,recoverable,False
22.89999999999934,2748,5,16,15,16,PLAYING,0.2036624699831009,-0.0008299201726913452,0.10656916350126266,0.00922386399068587,-0.027983123501286414,-0.0032732088661893287,True,False,4,recoverable,False
22.966666666666004,2756,5,16,15,16,PLAYING,0.20470796525478363,-0.0008533820509910583,0.10660544782876968,0.009495076397365184,-0.02813396147832241,-0.0032526198269030976,True,False,4,recoverable,False
23.033333333332667,2764,5,16,15,16,PLAYING,0.20550760626792908,-0.0008492916822433472,0.10681115835905075,0.009375957049455553,-0.028661468492421745,-0.003262804530909596,True,False,4,recoverable,False
23.09999999999933,2772,5,16,15,16,PLAYING,0.2064063549041748,-0.0008410289883613586,0.10704483836889267,0.009250499857529267,-0.029411289642773307,-0.0032700554292800403,True,False,4,recoverable,False
23.166666666665993,2780,5,16,15,16,PLAYING,0.20736971497535706,-0.0008333772420883179,0.10729750245809555,0.009099411235380214,-0.030340128756160906,-0.0032857932346360744,True,False,4,recoverable,False
23.233333333332656,2788,5,16,15,16,PLAYING,0.20836156606674194,-0.0008205920457839966,0.10753431171178818,0.008916272537411505,-0.03131150300562916,-0.0033006049416223022,True,False,4,recoverable,False
23.29999999999932,2796,5,16,15,16,PLAYING,0.20927977561950684,-0.0008215829730033875,0.10778520256280899,0.008877746977639961,-0.03206149372136022,-0.0033045382369045794,True,False,4,recoverable,False
23.36666666666598,2804,5,16,15,16,PLAYING,0.21015828847885132,-0.0008350163698196411,0.10805131494998932,0.009003216766339537,-0.03273396908837606,-0.0032994309370167393,True,False,4,recoverable,False
23.433333333332644,2812,5,16,15,16,PLAYING,0.2110813707113266,-0.0008542388677597046,0.10833294689655304,0.009184372482792488,-0.033532552562796934,-0.0032875213389477573,True,False,4,recoverable,False
23.499999999999307,2820,5,16,15,16,PLAYING,0.21203455328941345,-0.0008782446384429932,0.10862123966217041,0.009435058618463478,-0.034414994028051364,-0.00328084283319344,True,False,4,recoverable,False
23.56666666666597,2828,5,16,15,16,PLAYING,0.21301233768463135,-0.0009050145745277405,0.1089039221405983,0.009714483103661428,-0.03534777641777194,-0.0032673170105863235,True,False,4,recoverable,False
23.633333333332633,2836,5,16,15,16,PLAYING,0.2140280306339264,-0.0008839517831802368,0.10907968133687973,0.00942800106156678,-0.03578596533575248,-0.0032853349641628117,True,False,4,recoverable,False
23.699999999999296,2844,5,16,15,16,PLAYING,0.21508200466632843,-0.000841192901134491,0.10920380800962448,0.008888580982445155,-0.03607790411015367,-0.0033152692797457557,True,False,4,recoverable,False
23.76666666666596,2852,5,16,15,16,PLAYING,0.21616341173648834,-0.0007961094379425049,0.10931140184402466,0.00833175710441923,-0.0364084424658081,-0.0033387322817921557,True,False,4,recoverable,False
23.83333333333262,2860,5,16,15,16,PLAYING,0.2172577679157257,-0.0007527023553848267,0.10939919203519821,0.0077908637183920874,-0.0367425832398128,-0.0033672479798448423,True,False,4,recoverable,False
23.899999999999284,2868,5,16,15,16,PLAYING,0.21838060021400452,-0.0007063746452331543,0.10945886373519897,0.007208578011437674,-0.03709432520604879,-0.003396824371153194,True,False,4,recoverable,False
23.966666666665947,2876,5,16,15,16,PLAYING,0.21934789419174194,-0.0007338821887969971,0.10979122668504715,0.0074924911762195776,-0.03795929644132875,-0.0033918658948906746,True,False,4,recoverable,False
24.03333333333261,2884,5,16,15,16,PLAYING,0.22020581364631653,-0.0008026063442230225,0.11036280542612076,0.008202472498414734,-0.03944934954996536,-0.003385571518162456,True,False,4,recoverable,False
24.099999999999273,2892,5,16,15,16,PLAYING,0.22106394171714783,-0.000857815146446228,0.11091262847185135,0.008763507406950068,-0.04097588598895723,-0.003379202798232374,True,False,4,recoverable,False
24.166666666665936,2900,5,16,15,16,PLAYING,0.221912682056427,-0.0009061992168426514,0.11144372075796127,0.009198654326945218,-0.04249738927629752,-0.0033788485440428085,True,False,4,recoverable,False
24.2333333333326,2908,5,16,15,16,PLAYING,0.22268900275230408,-0.0009404346346855164,0.11196774989366531,0.009508286160514239,-0.04407929238807575,-0.003383412728758845,True,False,4,recoverable,False
24.29999999999926,2916,5,16,15,16,PLAYING,0.22342272102832794,-0.0009658858180046082,0.11248279362916946,0.009702319889148815,-0.045677900854526186,-0.003395961873978198,True,False,4,recoverable,False
24.366666666665925,2924,5,16,15,16,PLAYING,0.22409453988075256,-0.0009785443544387817,0.1129988431930542,0.00974884546086991,-0.04727635937394659,-0.0034167218380988266,True,False,4,recoverable,False
24.433333333332588,2932,5,16,15,16,PLAYING,0.22471825778484344,-0.0009759813547134399,0.11351291835308075,0.009631754981753966,-0.04896464925378978,-0.0034381924800068087,True,False,4,recoverable,False
24.49999999999925,2940,5,16,15,16,PLAYING,0.2253338247537613,-0.0009682029485702515,0.11402514576911926,0.009455877111666277,-0.0507424603956241,-0.003462621093134935,True,False,4,recoverable,False
24.566666666665913,2948,5,17,17,17,PLAYING,0.22519096732139587,-0.0009211152791976929,0.11406828463077545,0.008939614172791759,-0.05089305576614832,-0.003476298513629557,True,False,4,recoverable,False
24.633333333332576,2956,6,18,17,18,PLAYING,0.22590619325637817,-0.0007958114147186279,0.11393169313669205,0.0075329900384840005,-0.05150541635545988,-0.0035287952012245465,True,False,4,recoverable,False
24.69999999999924,2964,6,18,17,18,PLAYING,0.22633284330368042,-0.0007350966334342957,0.1139754131436348,0.0068420820117491505,-0.052228231584284975,-0.00355467330244529,True,False,3,recoverable,False
24.766666666665902,2972,6,18,17,18,PLAYING,0.22659920156002045,-0.0007042586803436279,0.11409077793359756,0.006482155814819369,-0.05294612392704064,-0.0035697873199739146,True,False,3,recoverable,False
24.833333333332565,2980,6,19,18,19,PLAYING,0.226859450340271,-0.0006803721189498901,0.11422736197710037,0.0061996072679100294,-0.05370759082920101,-0.0035822427055483066,True,False,3,recoverable,False
24.899999999999228,2988,6,19,18,19,PLAYING,0.22699576616287231,-0.0006747692823410034,0.1144062802195549,0.0061217164878509525,-0.0544330571830342,-0.0035891465349008516,True,False,3,recoverable,False
24.96666666666589,2996,6,19,18,19,PLAYING,0.2271168828010559,-0.0006732717156410217,0.1146104484796524,0.006087031007721995,-0.05522116438664086,-0.0035949030673534236,True,False,3,recoverable,False
25.033333333332553,3004,6,19,18,19,PLAYING,0.22723999619483948,-0.0006727352738380432,0.11483031511306763,0.00606073146179043,-0.05605758078852506,-0.003600970233115312,True,False,3,recoverable,False
25.099999999999216,3012,6,19,18,19,PLAYING,0.22735890746116638,-0.0006719678640365601,0.11504284292459488,0.006032609197265239,-0.05686702865390822,-0.0036065917437717305,True,False,3,recoverable,False
25.16666666666588,3020,6,19,18,19,PLAYING,0.22749975323677063,-0.0006662383675575256,0.11524681001901627,0.005948725406565349,-0.05766564930161093,-0.0036130182301182356,True,False,3,recoverable,False
25.233333333332542,3028,6,20,19,20,PLAYING,0.2276528924703598,-0.0006525740027427673,0.11540316790342331,0.005784875793274979,-0.05833092717350106,-0.003620358213586829,True,False,3,recoverable,False
25.299999999999205,3036,6,20,19,20,PLAYING,0.22775554656982422,-0.0006516203284263611,0.11560720950365067,0.005756766670143025,-0.05908740134658964,-0.0036251489080845575,True,False,3,recoverable,False
25.366666666665868,3044,7,21,20,21,PLAYING,0.22780227661132812,-0.0006450563669204712,0.1157480925321579,0.00567425723350787,-0.059584003483180985,-0.0036296738524600938,True,False,3,recoverable,False
25.43333333333253,3052,7,21,20,21,PLAYING,0.2279556393623352,-0.0006425976753234863,0.11597208678722382,0.005626280588648155,-0.06046022105189085,-0.00363540520437522,True,False,3,recoverable,False
25.499999999999194,3060,7,22,21,22,PLAYING,0.22797614336013794,-0.0006268098950386047,0.11604799330234528,0.005449020962039969,-0.06071945688382807,-0.003640686020748854,True,False,3,recoverable,False
25.566666666665856,3068,7,22,21,22,PLAYING,0.22810831665992737,-0.0006202757358551025,0.11622591316699982,0.005363162046343204,-0.061409647394162076,-0.0036461670430522723,True,False,3,recoverable,False
25.63333333333252,3076,7,22,21,22,PLAYING,0.22838832437992096,-0.0006262287497520447,0.11656959354877472,0.005396354948482277,-0.06279210341855028,-0.0036523670141647047,True,False,3,recoverable,False
25.699999999999182,3084,7,22,21,22,PLAYING,0.22857901453971863,-0.0006200075149536133,0.11679766327142715,0.0053111502248354816,-0.06371261559252757,-0.0036570461791350945,True,False,3,recoverable,False
25.766666666665845,3092,7,23,22,23,PLAYING,0.22870750725269318,-0.0006015002727508545,0.11690808087587357,0.005099141716459066,-0.06417918161973646,-0.0036621744252070057,True,False,3,recoverable,False
25.833333333332508,3100,7,23,22,23,PLAYING,0.22895610332489014,-0.0005915611982345581,0.11713219434022903,0.004964994712227719,-0.06512571821898092,-0.003666950369535401,True,False,3,recoverable,False
25.89999999999917,3108,7,23,22,23,PLAYING,0.22919093072414398,-0.0005735829472541809,0.11731267720460892,0.004749562482907638,-0.06590755612042538,-0.0036723368353311406,True,False,3,recoverable,False
25.966666666665834,3116,7,24,23,24,PLAYING,0.2294464409351349,-0.0005598142743110657,0.1175607293844223,0.004582792300827993,-0.06695139016724022,-0.0036802976748772486,True,False,3,recoverable,False
26.033333333332497,3124,8,25,24,25,PLAYING,0.23009544610977173,-0.0005711689591407776,0.11760249733924866,0.004700564821095877,-0.06670454893978586,-0.0036691228539900487,True,False,3,recoverable,False
26.09999999999916,3132,8,25,24,25,PLAYING,0.2309057116508484,-0.0006113499402999878,0.11779090017080307,0.00509663249834827,-0.0669075246730504,-0.003664382612922862,True,False,3,recoverable,False
26.166666666665822,3140,8,25,24,25,PLAYING,0.23180940747261047,-0.0006560981273651123,0.1180131658911705,0.005527837011344452,-0.06731931852903306,-0.0036586589456822534,True,False,3,recoverable,False
26.233333333332485,3148,8,25,24,25,PLAYING,0.23274436593055725,-0.0007004141807556152,0.11823468655347824,0.0059953329910916444,-0.06778799626907955,-0.0036470785599869433,True,False,3,recoverable,False
26.299999999999148,3156,8,25,24,25,PLAYING,0.23372496664524078,-0.0007521659135818481,0.1184609904885292,0.006493046763160372,-0.0683411154636521,-0.003641658010119242,True,False,3,recoverable,False
26.36666666666581,3164,8,25,24,25,PLAYING,0.23472902178764343,-0.000805981457233429,0.11867688596248627,0.007015893033262137,-0.06892601551962782,-0.003637245115207192,True,False,3,recoverable,False
26.433333333332474,3172,8,25,24,25,PLAYING,0.23574450612068176,-0.0008600205183029175,0.1188768520951271,0.007557862197585794,-0.0695304463347866,-0.0036194152285812142,True,False,3,recoverable,False
26.499999999999137,3180,8,25,24,25,PLAYING,0.23678284883499146,-0.0008964613080024719,0.11904650926589966,0.007903029970335504,-0.06998953636871755,-0.0036173266574685827,True,False,3,recoverable,False
26.5666666666658,3188,8,25,24,25,PLAYING,0.23785296082496643,-0.0008733347058296204,0.11912231147289276,0.007639341684374264,-0.06999837054003605,-0.0036145020826259286,True,False,3,recoverable,False
26.633333333332462,3196,8,25,24,25,PLAYING,0.23895113170146942,-0.0008501186966896057,0.1191864013671875,0.007348952307947267,-0.07005442098468762,-0.0036121536894068605,True,False,3,recoverable,False
26.699999999999125,3204,8,25,24,25,PLAYING,0.24003851413726807,-0.000813700258731842,0.11918587237596512,0.006925926240117063,-0.06993939064173227,-0.0036174712594542425,True,False,3,recoverable,False
26.766666666665788,3212,8,25,24,25,PLAYING,0.2411338835954666,-0.0007942840456962585,0.11920096725225449,0.00666533068138676,-0.06982779747902093,-0.0036187859178124886,True,False,3,recoverable,False
26.83333333333245,3220,8,25,24,25,PLAYING,0.24224764108657837,-0.0007786154747009277,0.11920510232448578,0.006473983025246895,-0.06974439970604945,-0.0036127472360282594,True,False,3,recoverable,False
26.899999999999114,3228,8,25,24,25,PLAYING,0.24339617788791656,-0.000768907368183136,0.1191919595003128,0.00629784331142255,-0.06968433821929929,-0.0036078939654804513,True,False,3,recoverable,False
26.966666666665777,3236,8,25,24,25,PLAYING,0.24457776546478271,-0.0007616207003593445,0.11916898190975189,0.006158643469161884,-0.06968242383944177,-0.0035897359677772565,True,False,3,recoverable,False
27.03333333333244,3244,8,25,24,25,PLAYING,0.24554289877414703,-0.0007527247071266174,0.11926528066396713,0.006025720824984068,-0.07005098534279638,-0.0035877410936566495,True,False,3,recoverable,False
27.099999999999103,3252,8,25,24,25,PLAYING,0.24655194580554962,-0.0007406026124954224,0.11944811046123505,0.005815597667526388,-0.07079146241519337,-0.003582456601978348,True,False,3,recoverable,False
27.166666666665765,3260,8,25,24,25,PLAYING,0.2475854903459549,-0.0007180124521255493,0.11959373950958252,0.005562440120923042,-0.07151891128120978,-0.0035736018823439254,True,False,3,recoverable,False
27.23333333333243,3268,8,25,24,25,PLAYING,0.24864596128463745,-0.000697799026966095,0.11971326172351837,0.00528637011711176,-0.07226343504666166,-0.0035713144165193463,True,False,3,recoverable,False
27.29999999999909,3276,8,25,24,25,PLAYING,0.24975688755512238,-0.0006706714630126953,0.11982446163892746,0.004988027972052535,-0.07309430207597187,-0.003561916671757558,True,False,3,recoverable,False
27.366666666665754,3284,8,25,24,25,PLAYING,0.25090280175209045,-0.0006465762853622437,0.11991526931524277,0.004674828903074389,-0.0739693701036449,-0.00356058168715845,True,False,3,recoverable,False
27.433333333332417,3292,8,25,24,25,PLAYING,0.25182533264160156,-0.0006667673587799072,0.12004777789115906,0.004845892117376077,-0.07437398730736265,-0.003559618132253186,True,False,3,recoverable,False
27.49999999999908,3300,8,25,24,25,PLAYING,0.2527030408382416,-0.00071687251329422,0.12027718871831894,0.005348260534761006,-0.07478175827188337,-0.0035448996684813556,True,False,3,recoverable,False
27.566666666665743,3308,8,25,24,25,PLAYING,0.2536470293998718,-0.000771746039390564,0.12048858404159546,0.00588063852248273,-0.07520252829442675,-0.003544531897085372,True,False,3,recoverable,False
27.633333333332406,3316,8,25,24,25,PLAYING,0.2546253800392151,-0.0008289739489555359,0.12071879208087921,0.006452509959235187,-0.07576247858059802,-0.0035328255168202262,True,False,3,recoverable,False
27.69999999999907,3324,8,25,24,25,PLAYING,0.2556399703025818,-0.0008877739310264587,0.1209108754992485,0.007026261613687596,-0.0762818576418123,-0.003536828820854525,True,False,3,recoverable,False
27.76666666666573,3332,8,25,24,25,PLAYING,0.2566589117050171,-0.0009493529796600342,0.12109533697366714,0.007648611471715668,-0.07680947349039881,-0.0035319470833797867,True,False,3,recoverable,False
27.833333333332394,3340,8,25,24,25,PLAYING,0.25747427344322205,-0.0009972229599952698,0.12139458954334259,0.008091823623979396,-0.0777600924237969,-0.003528261998366884,True,False,3,recoverable,False
27.899999999999057,3348,8,25,24,25,PLAYING,0.2583366632461548,-0.0009870082139968872,0.12167516350746155,0.007950556212381124,-0.07852690269758851,-0.003533454291633996,True,False,3,recoverable,False
27.96666666666572,3356,8,25,24,25,PLAYING,0.25928595662117004,-0.0009480863809585571,0.12192218750715256,0.007494870947727884,-0.07920309513440627,-0.003535408722180143,True,False,3,recoverable,False
28.033333333332383,3364,8,25,24,25,PLAYING,0.2602786719799042,-0.0009052827954292297,0.12217370420694351,0.007052059368782894,-0.07997418744477686,-0.0035267002707257307,True,False,3,recoverable,False
28.099999999999046,3372,8,25,24,25,PLAYING,0.2613096237182617,-0.0008665770292282104,0.12241850793361664,0.006599360773356261,-0.08082331404833323,-0.0035292265944594247,True,False,3,recoverable,False
28.16666666666571,3380,8,25,24,25,PLAYING,0.2623392939567566,-0.000825047492980957,0.122646264731884,0.006170983511618644,-0.08167555620712075,-0.003520403625771151,True,False,3,recoverable,False
28.23333333333237,3388,8,25,24,25,PLAYING,0.2633379101753235,-0.0008125603199005127,0.12292159348726273,0.006039217472113596,-0.08256526482493924,-0.003509539589705328,True,False,3,recoverable,False
28.299999999999034,3396,8,25,24,25,PLAYING,0.2643561363220215,-0.0008004605770111084,0.1231880858540535,0.005896774173210919,-0.08345781682789566,-0.0035061330165143084,True,False,3,recoverable,False
28.366666666665697,3404,8,25,24,25,PLAYING,0.26539841294288635,-0.0007809251546859741,0.12342822551727295,0.005683272376233868,-0.08436868705022631,-0.0034977637629620135,True,False,3,recoverable,False
28.43333333333236,3412,8,25,24,25,PLAYING,0.2664402425289154,-0.0007541179656982422,0.12363478541374207,0.005428120778508774,-0.08525364778349709,-0.003481838951172218,True,False,3,recoverable,False
28.499999999999023,3420,8,25,24,25,PLAYING,0.26750707626342773,-0.0007287338376045227,0.12382245808839798,0.005143995993510932,-0.08617649802088806,-0.003469764917543367,True,False,3,recoverable,False
28.566666666665686,3428,8,25,24,25,PLAYING,0.2685757279396057,-0.0006964057683944702,0.12395178526639938,0.0048153485335401145,-0.08701329014226383,-0.003454392940988821,True,False,3,recoverable,False
28.63333333333235,3436,8,25,24,25,PLAYING,0.26966074109077454,-0.0006685256958007812,0.12404624372720718,0.004474183234907863,-0.08782988740506213,-0.003450328413123043,True,False,3,recoverable,False
28.69999999999901,3444,8,25,24,25,PLAYING,0.2707853317260742,-0.0006391927599906921,0.12413089722394943,0.004129617319297813,-0.08871207533446712,-0.0034473817494730884,True,False,3,recoverable,False
28.766666666665675,3452,8,25,24,25,PLAYING,0.27194535732269287,-0.0006040781736373901,0.1241990327835083,0.0037637446000904308,-0.08965408062606836,-0.0034297128954093436,True,False,3,recoverable,False
28.833333333332337,3460,8,25,24,25,PLAYING,0.2731213867664337,-0.00054217129945755,0.12421617656946182,0.003108963619570496,-0.09032012467282112,-0.0034219222606514115,True,False,3,recoverable,False
28.899999999999,3468,8,25,24,25,PLAYING,0.27400773763656616,-0.0005332455039024353,0.12431760877370834,0.00301419846632188,-0.09037393095011188,-0.0034059215861914497,True,False,3,recoverable,False
28.966666666665663,3476,8,25,24,25,PLAYING,0.2749755382537842,-0.0005395188927650452,0.124445840716362,0.003044566655298651,-0.09059726316461081,-0.003406733301974176,True,False,3,recoverable,False
29.033333333332326,3484,8,25,24,25,PLAYING,0.27596515417099,-0.0005533993244171143,0.12461499869823456,0.00316529246836299,-0.0910329036248835,-0.003410456067135471,True,False,3,recoverable,False
29.09999999999899,3492,8,25,24,25,PLAYING,0.27698221802711487,-0.0005743652582168579,0.12480857968330383,0.003348060051652979,-0.09160890395260489,-0.0034035276710060293,True,False,3,recoverable,False
29.16666666666565,3500,8,25,24,25,PLAYING,0.2780460715293884,-0.0005976855754852295,0.12499883025884628,0.003549471168360523,-0.0922605203428011,-0.0034094780395487914,True,False,3,recoverable,False
29.233333333332315,3508,8,25,24,25,PLAYING,0.27913108468055725,-0.0006212219595909119,0.1251612901687622,0.0037379619632422903,-0.09291015852610811,-0.003412854191946787,True,False,3,recoverable,False
29.299999999998978,3516,8,25,24,25,PLAYING,0.28021207451820374,-0.0006131976842880249,0.12526170909404755,0.0036909841742443733,-0.09335869616735072,-0.0033941450704770854,True,False,3,recoverable,False
29.36666666666564,3524,8,25,24,25,PLAYING,0.28133073449134827,-0.0005766972899436951,0.12528401613235474,0.0032766872600187825,-0.09353346753148666,-0.003386039409065434,True,False,3,recoverable,False
29.433333333332303,3532,8,25,24,25,PLAYING,0.282478004693985,-0.0005283206701278687,0.1252773106098175,0.0028232756428641283,-0.09372019500290002,-0.0033627928479663203,True,False,3,recoverable,False
29.499999999998966,3540,8,25,24,25,PLAYING,0.28362882137298584,-0.0004904717206954956,0.1252511441707611,0.002348694440952998,-0.09393090655841474,-0.0033502523251100367,True,False,3,recoverable,False
29.56666666666563,3548,8,25,24,25,PLAYING,0.2845105230808258,-0.0005336925387382507,0.12537086009979248,0.0028024861799851282,-0.09372465721725617,-0.00335671956897227,True,False,3,recoverable,False
29.633333333332292,3556,8,25,24,25,PLAYING,0.2854582965373993,-0.0005813613533973694,0.12547816336154938,0.003222925899221306,-0.0935782822128984,-0.003356661766596373,True,False,3,recoverable,False
29.699999999998955,3564,8,25,24,25,PLAYING,0.28645217418670654,-0.0006241798400878906,0.12558220326900482,0.0036367543765980894,-0.09349167274859012,-0.003353914618322295,True,False,3,recoverable,False
29.766666666665618,3572,8,25,24,25,PLAYING,0.28735217452049255,-0.0006748884916305542,0.12574315071105957,0.004065698996209555,-0.09363717992963656,-0.0033548311017062137,True,False,3,recoverable,False
29.83333333333228,3580,8,25,24,25,PLAYING,0.28810787200927734,-0.000721856951713562,0.12599949538707733,0.004551201281051756,-0.09409922840381381,-0.003351131155617111,True,False,3,recoverable,False
29.899999999998943,3588,8,25,24,25,PLAYING,0.28891870379447937,-0.000773988664150238,0.1262398213148117,0.005007424707420797,-0.09456649989941283,-0.0033760713227784173,True,False,3,recoverable,False
29.966666666665606,3596,8,25,24,25,PLAYING,0.289754718542099,-0.0008256137371063232,0.12645940482616425,0.005463489973550823,-0.09502754906622016,-0.0033788978134058054,True,False,3,recoverable,False
30.03333333333227,3604,8,25,24,25,PLAYING,0.2906045615673065,-0.0008697584271430969,0.12666918337345123,0.005929854594945907,-0.0955038622786982,-0.0033694654741816144,True,False,3,recoverable,False
30.099999999998932,3612,8,25,24,25,PLAYING,0.29149535298347473,-0.0009101182222366333,0.1268441379070282,0.006233448952893667,-0.09586628393161988,-0.003383802262769986,True,False,3,recoverable,False
30.166666666665595,3620,8,25,24,25,PLAYING,0.2924126088619232,-0.0008889809250831604,0.1269342303276062,0.006037023032276546,-0.09594376953941641,-0.003365404435691078,True,False,3,recoverable,False
30.233333333332258,3628,8,25,24,25,PLAYING,0.29335489869117737,-0.0008709877729415894,0.12701205909252167,0.005859500265759867,-0.09603769433920617,-0.0033322942760164124,True,False,3,recoverable,False
30.29999999999892,3636,8,25,24,25,PLAYING,0.29432612657546997,-0.0008533298969268799,0.1270805299282074,0.0056983727467838806,-0.09615328613344971,-0.0033143219850398985,True,False,3,recoverable,False
30.366666666665584,3644,8,25,24,25,PLAYING,0.2953077554702759,-0.0008440539240837097,0.12712626159191132,0.005549976036438574,-0.09625184228920755,-0.0033019127635989147,True,False,3,recoverable,False
30.433333333332246,3652,8,25,24,25,PLAYING,0.296259343624115,-0.0008165091276168823,0.12714916467666626,0.005349922776124557,-0.09626500818585894,-0.003262251559982864,True,False,3,recoverable,False
30.49999999999891,3660,8,25,24,25,PLAYING,0.29719117283821106,-0.0008123070001602173,0.12720897793769836,0.005295323627480622,-0.09631297830369957,-0.0032598271598478835,True,False,3,recoverable,False
30.566666666665572,3668,8,25,24,25,PLAYING,0.2981182336807251,-0.0008020326495170593,0.1272561401128769,0.005149292901683332,-0.09642727262859237,-0.003242226655072815,True,False,3,recoverable,False
30.633333333332235,3676,8,25,24,25,PLAYING,0.2991025149822235,-0.0008015856146812439,0.12730076909065247,0.005143440466744075,-0.09657546166598983,-0.003228213330094095,True,False,3,recoverable,False
30.699999999998898,3684,8,25,24,25,PLAYING,0.3001171350479126,-0.0008088350296020508,0.1273292899131775,0.005173544464087097,-0.0967389414296601,-0.0032135479503102747,True,False,3,recoverable,False
30.76666666666556,3692,8,25,24,25,PLAYING,0.3011491298675537,-0.0008146241307258606,0.12733641266822815,0.0052300675830409165,-0.0969046955177343,-0.0032049591548839853,True,False,3,recoverable,False
30.833333333332224,3700,8,25,24,25,PLAYING,0.3021976351737976,-0.0008246675133705139,0.12731808423995972,0.005296026426825265,-0.09706964822468284,-0.0031884266840741565,True,False,3,recoverable,False
30.899999999998887,3708,8,25,24,25,PLAYING,0.30327272415161133,-0.0008341223001480103,0.12727093696594238,0.005360055248861774,-0.09722955944442267,-0.003192692139831498,True,False,3,recoverable,False
30.96666666666555,3716,8,25,24,25,PLAYING,0.3043607175350189,-0.0008426681160926819,0.12719205021858215,0.005409938908220159,-0.09737327057192703,-0.00316837709301669,True,False,3,recoverable,False
31.033333333332212,3724,8,25,24,25,PLAYING,0.30546092987060547,-0.0008504986763000488,0.12707754969596863,0.005447730519374861,-0.09749937270718842,-0.0031682699948327787,True,False,3,recoverable,False
31.099999999998875,3732,8,25,24,25,PLAYING,0.30658745765686035,-0.0008540675044059753,0.12693002820014954,0.005463916067938679,-0.09762029131857648,-0.003149609974705897,True,False,3,recoverable,False
31.166666666665538,3740,8,25,24,25,PLAYING,0.3077411651611328,-0.0008605644106864929,0.1267530918121338,0.005488918311201257,-0.09773878077234388,-0.0031483874526134774,True,False,3,recoverable,False
31.2333333333322,3748,8,25,24,25,PLAYING,0.3088836669921875,-0.000826224684715271,0.126504048705101,0.005135871100104778,-0.0975075606725896,-0.0031149151319224797,True,False,3,recoverable,False
31.299999999998864,3756,8,25,24,25,PLAYING,0.30980613827705383,-0.0008412972092628479,0.12645019590854645,0.005249728055190841,-0.09669049351175839,-0.0031162379950753277,True,False,3,recoverable,False
31.366666666665527,3764,8,25,24,25,PLAYING,0.31051215529441833,-0.0008392482995986938,0.12653563916683197,0.00526588855465338,-0.09639142619484445,-0.003096584709044516,True,False,3,recoverable,False
31.43333333333219,3772,8,25,24,25,PLAYING,0.31122857332229614,-0.0008491575717926025,0.12667566537857056,0.005286283029701789,-0.09632093223061626,-0.0030927941200689594,True,False,3,recoverable,False
31.499999999998852,3780,8,25,24,25,PLAYING,0.3120180368423462,-0.0008507445454597473,0.12681590020656586,0.005277891892399786,-0.09633511009784372,-0.0030906466059443375,True,False,3,recoverable,False
31.566666666665515,3788,8,25,24,25,PLAYING,0.312851220369339,-0.0008519887924194336,0.12695223093032837,0.0052595404058133005,-0.0963943138514946,-0.0030683329521229066,True,False,3,recoverable,False
31.63333333333218,3796,8,25,24,25,PLAYING,0.31372350454330444,-0.0008545964956283569,0.12708833813667297,0.005264953852218458,-0.09650224111197704,-0.0030699033289246155,True,False,3,recoverable,False
31.69999999999884,3804,8,25,24,25,PLAYING,0.31460726261138916,-0.0008532851934432983,0.12720051407814026,0.005252717846947953,-0.09658537286571074,-0.0030593889500275043,True,False,3,recoverable,False
31.766666666665504,3812,8,25,24,25,PLAYING,0.3155111074447632,-0.0008579790592193604,0.1273026168346405,0.005281082529395501,-0.09670391741131881,-0.003030550807870025,True,False,3,recoverable,False
31.833333333332167,3820,8,25,24,25,PLAYING,0.31640228629112244,-0.0008604899048805237,0.12737765908241272,0.005288612666820949,-0.09676768665780548,-0.0029985099011351794,True,False,3,recoverable,False
31.89999999999883,3828,8,25,24,25,PLAYING,0.3173399567604065,-0.0008578076958656311,0.12744107842445374,0.005317468943555834,-0.09686954032182557,-0.0029963639737236197,True,False,3,recoverable,False
31.966666666665493,3836,8,25,24,25,PLAYING,0.3183034658432007,-0.0008661374449729919,0.1274888813495636,0.0053611537525148495,-0.09699011732452724,-0.002979574452639038,True,False,3,recoverable,False
32.03333333333216,3844,8,25,24,25,PLAYING,0.31924504041671753,-0.0008597373962402344,0.1275113821029663,0.005311267968265429,-0.09703789240386336,-0.0029342872607352848,True,False,3,recoverable,False
32.09999999999882,3852,8,25,24,25,PLAYING,0.32024306058883667,-0.0008667930960655212,0.1275445818901062,0.005384862010189122,-0.09711471407694262,-0.002921152925986733,True,False,3,recoverable,False
32.166666666665485,3860,8,25,24,25,PLAYING,0.32123780250549316,-0.0008790194988250732,0.12757232785224915,0.005531026605989443,-0.09721002797659463,-0.0028846019091839886,True,False,3,recoverable,False
32.23333333333215,3868,8,25,24,25,PLAYING,0.32226505875587463,-0.0008944272994995117,0.12759408354759216,0.005711695998157306,-0.09735014881084648,-0.0028698065994633305,True,False,3,recoverable,False
32.29999999999881,3876,8,25,24,25,PLAYING,0.3233136534690857,-0.00091523677110672,0.12758150696754456,0.005890070426672391,-0.09746060456943845,-0.0028452941644497845,True,False,3,recoverable,False
32.36666666666547,3884,8,25,24,25,PLAYING,0.32439422607421875,-0.0009348765015602112,0.12755335867404938,0.0060925503738520695,-0.0975815222359224,-0.0028338697317289,True,False,3,recoverable,False
32.433333333332136,3892,8,25,24,25,PLAYING,0.32540157437324524,-0.0009697750210762024,0.1275670826435089,0.006419467811091917,-0.09785067160295846,-0.0028166316563181656,True,False,3,recoverable,False
32.4999999999988,3900,8,25,24,25,PLAYING,0.32637614011764526,-0.0010022222995758057,0.12758946418762207,0.006745159926114142,-0.09820140506481691,-0.002813051247100397,True,False,3,recoverable,False
32.56666666666546,3908,8,25,24,25,PLAYING,0.3273719549179077,-0.001035548746585846,0.1275864541530609,0.007051749132715523,-0.09856972739911721,-0.002793743966742845,True,False,3,recoverable,False
32.633333333332125,3916,8,25,24,25,PLAYING,0.3282715678215027,-0.001117505133152008,0.12767678499221802,0.007822344101294523,-0.09885378022861276,-0.0028151439678325346,True,False,3,recoverable,False
32.69999999999879,3924,8,25,24,25,PLAYING,0.3292374312877655,-0.0011968910694122314,0.12777459621429443,0.00859674470622093,-0.09917798659144685,-0.0028180786794387647,True,False,3,recoverable,False
32.76666666666545,3932,8,25,24,25,PLAYING,0.3302147686481476,-0.0012776181101799011,0.12783822417259216,0.009329216816212746,-0.09947692277672147,-0.0028220497690419877,True,False,3,recoverable,False
32.833333333332114,3940,8,25,24,25,PLAYING,0.3312067985534668,-0.0012863129377365112,0.12781137228012085,0.009435843959245155,-0.09929540569137114,-0.002809366781764468,True,False,3,recoverable,False
32.899999999998776,3948,8,25,24,25,PLAYING,0.3321850299835205,-0.0012742355465888977,0.1277812272310257,0.00927344356837184,-0.09915405022297819,-0.002797124926521885,True,False,3,recoverable,False
32.96666666666544,3956,8,25,24,25,PLAYING,0.3330850303173065,-0.0012587755918502808,0.12780725955963135,0.00910646837406073,-0.09922855857799291,-0.0027921332598596295,True,False,3,recoverable,False
33.0333333333321,3964,8,25,24,25,PLAYING,0.33403515815734863,-0.0012298747897148132,0.1278090476989746,0.008808152125783723,-0.09924131615825252,-0.002762136655095865,True,False,3,recoverable,False
33.099999999998765,3972,8,25,24,25,PLAYING,0.33503565192222595,-0.0011753886938095093,0.12776947021484375,0.00826998908723497,-0.09910808026686822,-0.0027499664394958225,True,False,3,recoverable,False
33.16666666666543,3980,8,25,24,25,PLAYING,0.3360634446144104,-0.0011104196310043335,0.12770308554172516,0.007635870617949931,-0.09891538537862171,-0.0027109512062381447,True,False,3,recoverable,False
33.23333333333209,3988,8,25,24,25,PLAYING,0.3370337188243866,-0.001054622232913971,0.12765508890151978,0.00711832396449477,-0.09859248498666548,-0.002684666353147822,True,False,3,recoverable,False
33.299999999998754,3996,8,25,24,25,PLAYING,0.33794134855270386,-0.001019805669784546,0.12761838734149933,0.006736272581895177,-0.09817409978882066,-0.002666804939709573,True,False,3,recoverable,False
33.36666666666542,4004,8,25,24,25,PLAYING,0.338911235332489,-0.0009913742542266846,0.1276116669178009,0.0064844764955012246,-0.09788177068228743,-0.0026498965008415077,True,False,3,recoverable,False
33.43333333333208,4012,8,25,24,25,PLAYING,0.33992326259613037,-0.0009716153144836426,0.1275947540998459,0.0062757689837825556,-0.09761603423440914,-0.002647362006366446,True,False,3,recoverable,False
33.49999999999874,4020,8,25,24,25,PLAYING,0.3409610390663147,-0.0009553059935569763,0.1275651752948761,0.0060810473164674035,-0.09736989593012123,-0.0026147179202162425,True,False,3,recoverable,False
33.566666666665405,4028,8,25,24,25,PLAYING,0.34203383326530457,-0.0009399428963661194,0.12751884758472443,0.005910195738134085,-0.09713234918808142,-0.0026152407642222623,True,False,3,recoverable,False
33.63333333333207,4036,8,25,24,25,PLAYING,0.34313493967056274,-0.0009238496422767639,0.12745115160942078,0.005734140018904254,-0.0968930720121833,-0.0025877280502459815,True,False,3,recoverable,False
33.69999999999873,4044,8,25,24,25,PLAYING,0.3442588448524475,-0.0009084343910217285,0.12735030055046082,0.005552329278726526,-0.09663077156584625,-0.0025835604414067145,True,False,3,recoverable,False
33.766666666665394,4052,8,25,24,25,PLAYING,0.34524235129356384,-0.0008933171629905701,0.1273273527622223,0.005389251367104614,-0.09663776898159562,-0.0025561786519688245,True,False,3,recoverable,False
33.83333333333206,4060,8,25,24,25,PLAYING,0.34614476561546326,-0.0008806213736534119,0.1273394227027893,0.005244199051007963,-0.09680517817157958,-0.0025501282972945627,True,False,3,recoverable,False
33.89999999999872,4068,8,25,24,25,PLAYING,0.34709545969963074,-0.00085439532995224,0.12731626629829407,0.004935163783156958,-0.0969070656638845,-0.0025348744966834295,True,False,3,recoverable,False
33.96666666666538,4076,8,25,24,25,PLAYING,0.34807223081588745,-0.0008357018232345581,0.12731771171092987,0.004759995298683281,-0.09704972521918402,-0.002514454192078021,True,False,3,recoverable,False
34.033333333332045,4084,8,25,24,25,PLAYING,0.34892505407333374,-0.000872388482093811,0.12741303443908691,0.005061765362112016,-0.09710892046978334,-0.002506145343765687,True,False,3,recoverable,False
34.09999999999871,4092,8,25,24,25,PLAYING,0.3498503565788269,-0.0008957982063293457,0.12749937176704407,0.005315206549988892,-0.09721902690934535,-0.0024971266995819303,True,False,3,recoverable,False
34.16666666666537,4100,8,25,24,25,PLAYING,0.35082578659057617,-0.0009178370237350464,0.12756279110908508,0.005521783884965975,-0.09733841300476676,-0.0024704660292708047,True,False,3,recoverable,False
34.233333333332034,4108,8,25,24,25,PLAYING,0.3518005311489105,-0.0009411722421646118,0.12762179970741272,0.005722131579933359,-0.09749719547954318,-0.00248059962633382,True,False,3,recoverable,False
34.2999999999987,4116,8,25,24,25,PLAYING,0.35282817482948303,-0.0009557381272315979,0.12763690948486328,0.005908217673428879,-0.09761062187064379,-0.002455508172260429,True,False,3,recoverable,False
34.36666666666536,4124,8,25,24,25,PLAYING,0.353853702545166,-0.0009755715727806091,0.12763534486293793,0.006104549794406288,-0.09772131060252745,-0.002431108647905703,True,False,3,recoverable,False
34.43333333333202,4132,8,25,24,25,PLAYING,0.35490742325782776,-0.0009904801845550537,0.12761500477790833,0.006321077950559359,-0.09784143572266062,-0.002402113221398517,True,False,3,recoverable,False
34.499999999998685,4140,8,25,24,25,PLAYING,0.3559538424015045,-0.0010082051157951355,0.12757089734077454,0.006539719611284836,-0.09795184206678446,-0.0023711801670619034,True,False,3,recoverable,False
34.56666666666535,4148,8,25,24,25,PLAYING,0.35705408453941345,-0.001024484634399414,0.12749864161014557,0.006749490049238291,-0.09808125900281574,-0.0023544371721978914,True,False,3,recoverable,False
34.63333333333201,4156,8,25,24,25,PLAYING,0.3581484854221344,-0.0010341480374336243,0.12738236784934998,0.006810715010558743,-0.09807603474669276,-0.0023355271406277378,True,False,3,recoverable,False
34.699999999998674,4164,8,25,24,25,PLAYING,0.35933172702789307,-0.000958561897277832,0.12716461718082428,0.00614811092854096,-0.0975791475739642,-0.0022871348437915827,True,False,3,recoverable,False
34.76666666666534,4172,8,25,24,25,PLAYING,0.36054372787475586,-0.0008810907602310181,0.12691372632980347,0.005439182248572801,-0.09707406679731007,-0.002233984366705166,True,False,3,recoverable,False
34.833333333332,4180,8,25,24,25,PLAYING,0.36174196004867554,-0.0008076652884483337,0.12663498520851135,0.004750642409717268,-0.09649739025407975,-0.0022034605583527767,True,False,3,recoverable,False
34.89999999999866,4188,8,25,24,25,PLAYING,0.3623811900615692,-0.0008164346218109131,0.12672117352485657,0.004889283119128758,-0.09627793903121268,-0.002176041168102629,True,False,3,recoverable,False
34.966666666665326,4196,8,25,24,25,PLAYING,0.3630879521369934,-0.0008236169815063477,0.12684395909309387,0.005012524855821161,-0.09625210208435082,-0.0021542151474439565,True,False,3,recoverable,False
35.03333333333199,4204,8,25,24,25,PLAYING,0.3638921082019806,-0.0008295848965644836,0.1269756704568863,0.0051229091141439306,-0.09633796861286215,-0.002134537633344925,True,False,3,recoverable,False
35.09999999999865,4212,8,25,24,25,PLAYING,0.3647530674934387,-0.0008403658866882324,0.12711086869239807,0.005251570144352459,-0.09649376643878464,-0.002108182502407357,True,False,3,recoverable,False
35.166666666665314,4220,8,25,24,25,PLAYING,0.36564353108406067,-0.000847741961479187,0.1272311806678772,0.005373992276931305,-0.09666266002385832,-0.002091473045370724,True,False,3,recoverable,False
35.23333333333198,4228,8,25,24,25,PLAYING,0.3665531575679779,-0.0008547231554985046,0.12733665108680725,0.005462495636359564,-0.09680120988733593,-0.002066842162704129,True,False,3,recoverable,False
35.29999999999864,4236,8,25,24,25,PLAYING,0.36749252676963806,-0.0008493289351463318,0.12741538882255554,0.005456445085462383,-0.09688822686127875,-0.0020506716038441817,True,False,3,recoverable,False
35.3666666666653,4244,8,25,24,25,PLAYING,0.3684564530849457,-0.0008487030863761902,0.12747439742088318,0.005451797205742378,-0.09697992177504726,-0.0020475295812924766,True,False,3,recoverable,False
35.433333333331966,4252,8,25,24,25,PLAYING,0.3694344162940979,-0.0008489340543746948,0.1275215595960617,0.005466682003654931,-0.09709874638448429,-0.0020242688826496115,True,False,3,recoverable,False
35.49999999999863,4260,8,25,24,25,PLAYING,0.3704213798046112,-0.0008487924933433533,0.12754634022712708,0.00548548358620765,-0.09721239228895148,-0.0020051738202190223,True,False,3,recoverable,False
35.56666666666529,4268,8,25,24,25,PLAYING,0.3714396059513092,-0.00084715336561203,0.12755504250526428,0.005502531475748001,-0.09733304258610125,-0.0019919860386821944,True,False,3,recoverable,False
35.633333333331954,4276,8,25,24,25,PLAYING,0.37246519327163696,-0.0008493810892105103,0.12753474712371826,0.005506719285782206,-0.09743429999625815,-0.0019811912729378925,True,False,3,recoverable,False
35.69999999999862,4284,8,25,24,25,PLAYING,0.3734653890132904,-0.0008465871214866638,0.12754175066947937,0.005574238782624648,-0.09766142998940763,-0.001941544117124385,True,False,3,recoverable,False
35.76666666666528,4292,8,25,24,25,PLAYING,0.3744748532772064,-0.0008434802293777466,0.1275007575750351,0.005626919545979942,-0.09779388785231377,-0.0019177731199124346,True,False,3,recoverable,False
35.83333333333194,4300,8,25,24,25,PLAYING,0.375393271446228,-0.0008541494607925415,0.1274925023317337,0.005815405621781477,-0.09778357075590727,-0.0018894843783797677,True,False,3,recoverable,False
35.899999999998606,4308,8,25,24,25,PLAYING,0.376311331987381,-0.0008830130100250244,0.127517431974411,0.006163901923879526,-0.09777928921268308,-0.0018603935485046528,True,False,3,recoverable,False
35.96666666666527,4316,8,25,24,25,PLAYING,0.37728920578956604,-0.0009233951568603516,0.1275528520345688,0.0066261759017651875,-0.0978449432254397,-0.0018409568902708387,True,False,3,recoverable,False
36.03333333333193,4324,8,25,24,25,PLAYING,0.378337562084198,-0.000974796712398529,0.12755456566810608,0.007146489327428884,-0.09787498508531978,-0.0018349912266923426,True,False,3,recoverable,False
36.099999999998595,4332,8,25,24,25,PLAYING,0.37941282987594604,-0.0010356679558753967,0.12753739953041077,0.0076833224620613625,-0.09790301055535938,-0.0018293051668119985,True,False,3,recoverable,False
36.16666666666526,4340,8,25,24,25,PLAYING,0.38053256273269653,-0.0010001957416534424,0.12740138173103333,0.007372323590467548,-0.09731713666141552,-0.001811977794454383,True,False,3,recoverable,False
36.23333333333192,4348,8,25,24,25,PLAYING,0.38170573115348816,-0.0009564533829689026,0.12722036242485046,0.006899317987969198,-0.09664700755968345,-0.001787892653421413,True,False,3,recoverable,False
36.29999999999858,4356,8,25,24,25,PLAYING,0.3829001486301422,-0.0009066835045814514,0.1270199865102768,0.006442782109276541,-0.09598089157086544,-0.00177092928370803,True,False,3,recoverable,False
36.366666666665246,4364,8,25,24,25,PLAYING,0.38409850001335144,-0.0008637905120849609,0.12679359316825867,0.005993385466054179,-0.09529849000424699,-0.0017389458286134539,True,False,3,recoverable,False
36.43333333333191,4372,8,25,24,25,PLAYING,0.3851335644721985,-0.0008131042122840881,0.12668120861053467,0.0055461443953523735,-0.09503852124698839,-0.0017138979560217232,True,False,3,recoverable,False
36.49999999999857,4380,8,25,24,25,PLAYING,0.3860519528388977,-0.0007737129926681519,0.12661424279212952,0.005103098886174703,-0.09495383652960783,-0.0016891065203493928,True,False,3,recoverable,False
36.566666666665235,4388,8,25,24,25,PLAYING,0.38698381185531616,-0.0007476955652236938,0.12660162150859833,0.004845396545456536,-0.09506608590301695,-0.0016905940469659144,True,False,3,recoverable,False
36.6333333333319,4396,8,25,24,25,PLAYING,0.3879324197769165,-0.000715300440788269,0.12657731771469116,0.004527123728234604,-0.09525780263609365,-0.001665698833821494,True,False,3,recoverable,False
36.69999999999856,4404,8,25,24,25,PLAYING,0.3889196217060089,-0.0006743147969245911,0.12652873992919922,0.004111594600141774,-0.09549915298362045,-0.0016592000837859038,True,False,3,recoverable,False
36.76666666666522,4412,8,25,24,25,PLAYING,0.3898375928401947,-0.0006229281425476074,0.1265028566122055,0.003616907226873365,-0.09588126893741813,-0.0016235219567243976,True,False,3,recoverable,False
36.833333333331886,4420,8,25,24,25,PLAYING,0.3907028138637543,-0.0006002411246299744,0.12650999426841736,0.003375585383766332,-0.09619638006016969,-0.0016259653947025034,True,False,3,recoverable,False
36.89999999999855,4428,8,25,24,25,PLAYING,0.39138704538345337,-0.0006503462791442871,0.126686230301857,0.003860934529157018,-0.09633700253451319,-0.0016333419063048636,True,False,3,recoverable,False
36.96666666666521,4436,8,25,24,25,PLAYING,0.3921436667442322,-0.0006961971521377563,0.1268593668937683,0.004306914880483851,-0.0965393549146576,-0.0016254768814988577,True,False,3,recoverable,False
37.033333333331875,4444,8,25,24,25,PLAYING,0.3929585814476013,-0.0007408708333969116,0.12702983617782593,0.004735413087366929,-0.09678640953202178,-0.0016356730902877773,True,False,3,recoverable,False
37.09999999999854,4452,8,25,24,25,PLAYING,0.39380398392677307,-0.0007805153727531433,0.12718495726585388,0.005147028255220714,-0.09704548796622837,-0.00163566063874591,True,False,3,recoverable,False
37.1666666666652,4460,8,25,24,25,PLAYING,0.39467963576316833,-0.0008233413100242615,0.1273338496685028,0.005573150829028345,-0.09734726507466808,-0.001627932615726095,True,False,3,recoverable,False
37.23333333333186,4468,8,25,24,25,PLAYING,0.3955639600753784,-0.0008668527007102966,0.12746715545654297,0.0060151990524468565,-0.09763603104632583,-0.0016283096731334458,True,False,3,recoverable,False
37.299999999998526,4476,8,25,24,25,PLAYING,0.3964823782444,-0.0009105876088142395,0.12758979201316833,0.006457992121335999,-0.09796561097965044,-0.0016258593469204866,True,False,3,recoverable,False
37.36666666666519,4484,8,25,24,25,PLAYING,0.3973856270313263,-0.0009572133421897888,0.12769059836864471,0.006919845858038727,-0.09825745252609598,-0.0016198808885044213,True,False,3,recoverable,False
37.43333333333185,4492,8,25,24,25,PLAYING,0.39831990003585815,-0.0010029599070549011,0.12776455283164978,0.007409959754823351,-0.09852221603565096,-0.0016155304493191997,True,False,3,recoverable,False
37.499999999998515,4500,8,25,24,25,PLAYING,0.3992386758327484,-0.0010478496551513672,0.1278436928987503,0.007891831794576773,-0.09883028930153628,-0.0016102088774565724,True,False,3,recoverable,False
37.56666666666518,4508,8,25,24,25,PLAYING,0.40017378330230713,-0.0010520517826080322,0.12787657976150513,0.007976105538327567,-0.09900589553916407,-0.0015922173923529415,True,False,3,recoverable,False
37.63333333333184,4516,8,25,24,25,PLAYING,0.40112125873565674,-0.0009981170296669006,0.12784531712532043,0.0075000258661988345,-0.0987937617356621,-0.0015655972019470018,True,False,3,recoverable,False
37.699999999998504,4524,8,25,24,25,PLAYING,0.40207967162132263,-0.0009515658020973206,0.1277986466884613,0.0070584945533709465,-0.09856392627633483,-0.0015534137598700566,True,False,3,recoverable,False
37.76666666666517,4532,8,25,24,25,PLAYING,0.4030763804912567,-0.0008976757526397705,0.1277228593826294,0.006580311066176155,-0.09833934935063778,-0.0015236316195369225,True,False,3,recoverable,False
37.83333333333183,4540,8,25,24,25,PLAYING,0.4041309058666229,-0.0008533596992492676,0.12763848900794983,0.006122219960632441,-0.09815805649835341,-0.0014942929160947456,True,False,3,recoverable,False
37.89999999999849,4548,8,25,24,25,PLAYING,0.4052128493785858,-0.0008128508925437927,0.12755464017391205,0.005733389569512804,-0.09800267137560972,-0.001475944200349859,True,False,3,recoverable,False
37.966666666665155,4556,8,25,24,25,PLAYING,0.40633976459503174,-0.0007574111223220825,0.12741044163703918,0.005231992450476433,-0.09781756532685874,-0.0014493880586389958,True,False,3,recoverable,False
38.03333333333182,4564,8,25,24,25,PLAYING,0.40747731924057007,-0.0007117986679077148,0.1272273063659668,0.004718423224817722,-0.0975643742541546,-0.0014329050349330416,True,False,3,recoverable,False
38.09999999999848,4572,8,25,24,25,PLAYING,0.4086170494556427,-0.0006536319851875305,0.1270129680633545,0.004180524246300792,-0.0972844645968488,-0.0014164012429411861,True,False,3,recoverable,False
38.166666666665144,4580,8,25,24,25,PLAYING,0.409829318523407,-0.0006041601300239563,0.12676909565925598,0.003645461765796402,-0.09702954073082176,-0.0013976000077621177,True,False,3,recoverable,False
38.23333333333181,4588,8,25,24,25,PLAYING,0.4109933078289032,-0.0005683004856109619,0.1265520304441452,0.003318534228042456,-0.09668270859297931,-0.001380220366771154,True,False,3,recoverable,False
38.29999999999847,4596,8,25,24,25,PLAYING,0.41167131066322327,-0.000621013343334198,0.12665197253227234,0.003841545190434375,-0.09652622606075043,-0.0013847960295570122,True,False,3,recoverable,False
38.36666666666513,4604,8,25,24,25,PLAYING,0.412370502948761,-0.0006821602582931519,0.12681831419467926,0.004381077143649617,-0.09661618270503362,-0.0013900513585848905,True,False,3,recoverable,False
38.433333333331795,4612,8,25,24,25,PLAYING,0.41315674781799316,-0.0007279962301254272,0.12698030471801758,0.004847847489251658,-0.09679882683226396,-0.0013844511795949666,True,False,3,recoverable,False
38.49999999999846,4620,8,25,24,25,PLAYING,0.4139973223209381,-0.0007738322019577026,0.1271241009235382,0.005253292953738043,-0.09702116501943926,-0.0013867715113102261,True,False,3,recoverable,False
38.56666666666512,4628,8,25,24,25,PLAYING,0.4149026870727539,-0.0007995888590812683,0.1272526979446411,0.0055590138929342186,-0.09724419278518448,-0.0013796846589039565,True,False,3,recoverable,False
38.633333333331784,4636,8,25,24,25,PLAYING,0.41579338908195496,-0.0007973909378051758,0.12733925879001617,0.005578212381872433,-0.09715969913174834,-0.0013627229331056397,True,False,3,recoverable,False
38.69999999999845,4644,8,25,24,25,PLAYING,0.41670936346054077,-0.0007923692464828491,0.12739911675453186,0.005551658275463181,-0.09710968207900972,-0.0013442981663181286,True,False,3,recoverable,False
38.76666666666511,4652,8,25,24,25,PLAYING,0.4176434278488159,-0.0007911622524261475,0.12745597958564758,0.005565920652885681,-0.09706528858276736,-0.0013204463986748783,True,False,3,recoverable,False
38.83333333333177,4660,8,25,24,25,PLAYING,0.4186227321624756,-0.0007889196276664734,0.12749958038330078,0.005589381420939356,-0.09705624258887456,-0.0013113543016570976,True,False,3,recoverable,False
38.899999999998435,4668,8,25,24,25,PLAYING,0.4195999205112457,-0.0007922425866127014,0.12753623723983765,0.005627520786783273,-0.0970674731664119,-0.0012820768653693784,True,False,3,recoverable,False
38.9666666666651,4676,8,25,24,25,PLAYING,0.42053860425949097,-0.0007675811648368835,0.12753751873970032,0.005469415524639216,-0.0970876815794304,-0.0012551452616371601,True,False,3,recoverable,False
39.03333333333176,4684,8,25,24,25,PLAYING,0.4214398264884949,-0.0007418990135192871,0.12750959396362305,0.005267280636383666,-0.0970044314696972,-0.0012216565460303128,True,False,3,recoverable,False
39.099999999998424,4692,8,25,24,25,PLAYING,0.42240604758262634,-0.0007363706827163696,0.12752759456634521,0.005268807655372316,-0.09705224870811864,-0.0011795894767344375,True,False,3,recoverable,False
39.16666666666509,4700,8,25,24,25,PLAYING,0.42336124181747437,-0.0007451698184013367,0.1275622546672821,0.005351783388785569,-0.09716548991364354,-0.0011430446661111345,True,False,3,recoverable,False
39.23333333333175,4708,8,25,24,25,PLAYING,0.42434579133987427,-0.0007597208023071289,0.12758535146713257,0.005511690218430608,-0.0973040198467374,-0.0011359708319332743,True,False,3,recoverable,False
39.29999999999841,4716,8,25,24,25,PLAYING,0.4253886342048645,-0.0007750540971755981,0.12760061025619507,0.005686589831965123,-0.09750204825183721,-0.0010935219313102289,True,False,3,recoverable,False
39.366666666665076,4724,8,25,24,25,PLAYING,0.42641615867614746,-0.0007952749729156494,0.12757553160190582,0.005874460871231051,-0.09760685875913502,-0.0010844022811900306,True,False,3,recoverable,False
39.43333333333174,4732,8,25,24,25,PLAYING,0.4274876117706299,-0.0008175820112228394,0.12753374874591827,0.006073975829243766,-0.09774616304653168,-0.0010595380111342392,True,False,3,recoverable,False
39.4999999999984,4740,8,25,24,25,PLAYING,0.42856305837631226,-0.0008365139365196228,0.127457857131958,0.006275905712633989,-0.09784306201592202,-0.0010544640708933782,True,False,3,recoverable,False
39.566666666665064,4748,8,25,24,25,PLAYING,0.42967596650123596,-0.00082407146692276,0.12731415033340454,0.006143257769192389,-0.09769352371281483,-0.0010302827874255562,True,False,3,recoverable,False
39.63333333333173,4756,8,25,24,25,PLAYING,0.43087437748908997,-0.0007493644952774048,0.12707233428955078,0.005443556025751592,-0.09718446560994651,-0.001005389779646605,True,False,3,recoverable,False
39.69999999999839,4764,8,25,24,25,PLAYING,0.43210485577583313,-0.0006732642650604248,0.1267908364534378,0.004714121605103011,-0.09664373866899492,-0.0009676465254306589,True,False,3,recoverable,False
39.76666666666505,4772,8,25,24,25,PLAYING,0.4331582188606262,-0.000620722770690918,0.12660670280456543,0.004195800462636396,-0.0962802144053494,-0.000964567651497376,True,False,3,recoverable,False
39.833333333331716,4780,8,25,24,25,PLAYING,0.4337434470653534,-0.0006450936198234558,0.12674608826637268,0.004450510520682159,-0.09619321021343745,-0.0009449163520661945,True,False,3,recoverable,False
39.89999999999838,4788,8,25,24,25,PLAYING,0.4344753623008728,-0.0006606876850128174,0.12689174711704254,0.004630888901432513,-0.09623843028967155,-0.0009415886204638385,True,False,3,recoverable,False
39.96666666666504,4796,8,25,24,25,PLAYING,0.4352738857269287,-0.0006783008575439453,0.12703698873519897,0.0047832224325764765,-0.09635364438752382,-0.0009369440785687382,True,False,3,recoverable,False
40.033333333331704,4804,8,25,24,25,PLAYING,0.4361249506473541,-0.0006868988275527954,0.12717276811599731,0.004898285069208335,-0.09651100236312007,-0.0009301675668570234,True,False,3,recoverable,False
40.09999999999837,4812,8,25,24,25,PLAYING,0.4370003640651703,-0.0006990358233451843,0.12729686498641968,0.005018683142693573,-0.09668279862567644,-0.0009338782790598657,True,False,3,recoverable,False
40.16666666666503,4820,8,25,24,25,PLAYING,0.4379052221775055,-0.0007088929414749146,0.12740586698055267,0.005121053021833658,-0.09687803329438067,-0.0009186821461058852,True,False,3,recoverable,False
40.23333333333169,4828,8,25,24,25,PLAYING,0.43885481357574463,-0.0007163956761360168,0.12751314043998718,0.005238188368083725,-0.09711848180104463,-0.000916207803017413,True,False,3,recoverable,False
40.299999999998356,4836,8,25,24,25,PLAYING,0.4397694170475006,-0.0007302463054656982,0.12759092450141907,0.005381733527312759,-0.09731363155428278,-0.0009033563329232991,True,False,3,recoverable,False
40.36666666666502,4844,8,25,24,25,PLAYING,0.44073963165283203,-0.0007399469614028931,0.12766580283641815,0.005520848835283774,-0.09755722052689375,-0.0008992909374416151,True,False,3,recoverable,False
40.43333333333168,4852,8,25,24,25,PLAYING,0.44166091084480286,-0.000748656690120697,0.12770810723304749,0.005679305396130605,-0.09774661364734873,-0.0008714890742788651,True,False,3,recoverable,False
40.499999999998344,4860,8,25,24,25,PLAYING,0.44257140159606934,-0.000763915479183197,0.12773630023002625,0.005819587514009404,-0.09784410671549906,-0.0008710003233166847,True,False,3,recoverable,False
40.56666666666501,4868,8,25,24,25,PLAYING,0.4435080289840698,-0.0007635578513145447,0.1277511715888977,0.005869102440478833,-0.09786672464076035,-0.0008510425792106462,True,False,3,recoverable,False
40.63333333333167,4876,8,25,24,25,PLAYING,0.44448497891426086,-0.0007382482290267944,0.1277097761631012,0.005655383359185424,-0.0976823737796319,-0.0008262244823408122,True,False,3,recoverable,False
40.69999999999833,4884,8,25,24,25,PLAYING,0.4455203413963318,-0.0007141083478927612,0.12766745686531067,0.005477387513464806,-0.09755917695708434,-0.0008023548667249363,True,False,3,recoverable,False
40.766666666664996,4892,8,25,24,25,PLAYING,0.4465678334236145,-0.0006959736347198486,0.12759262323379517,0.005296691717534622,-0.09740437506556866,-0.0007831156980501619,True,False,3,recoverable,False
40.83333333333166,4900,8,26,26,26,PLAYING,0.44675198197364807,-0.0006893575191497803,0.12757864594459534,0.005231279053469276,-0.09744423357860976,-0.0007788636386330619,True,False,3,recoverable,False
40.89999999999832,4908,9,27,26,27,PLAYING,0.446725457906723,-0.0006951168179512024,0.1275504231452942,0.005284446321805497,-0.0973182608371782,-0.0007795573875837278,True,False,3,recoverable,False
40.966666666664985,4916,9,27,26,27,PLAYING,0.4468226730823517,-0.0006932616233825684,0.12752923369407654,0.005262655670795682,-0.09728253842888678,-0.0007786870968235785,True,False,3,recoverable,False
41.03333333333165,4924,9,27,26,27,PLAYING,0.44690975546836853,-0.0006933808326721191,0.1275094747543335,0.005261487441856419,-0.09723863753049587,-0.0007788434863915384,True,False,3,recoverable,False
41.09999999999831,4932,9,28,27,28,PLAYING,0.4469197690486908,-0.0006928518414497375,0.12747128307819366,0.005253782782004078,-0.09709067123528951,-0.0007783138873958688,True,False,3,recoverable,False
41.16666666666497,4940,9,28,27,28,PLAYING,0.44702422618865967,-0.0006952881813049316,0.12746219336986542,0.0052737964785516765,-0.09707743199658445,-0.0007786020552700508,True,False,3,recoverable,False
41.233333333331636,4948,9,28,27,28,PLAYING,0.44709330797195435,-0.0006976127624511719,0.12744462490081787,0.0052935414590684765,-0.0970169262655436,-0.000778685498615799,True,False,3,recoverable,False
41.2999999999983,4956,9,29,28,29,PLAYING,0.44715556502342224,-0.0007001534104347229,0.12742765247821808,0.005319692944327571,-0.09695420993390029,-0.0007801533239903072,True,False,3,recoverable,False
41.36666666666496,4964,9,29,28,29,PLAYING,0.4472076892852783,-0.0007014870643615723,0.12740540504455566,0.00533108246971698,-0.09687509426855657,-0.0007800560019018732,True,False,3,recoverable,False
41.433333333331625,4972,9,30,29,30,PLAYING,0.44729968905448914,-0.0007277354598045349,0.12747500836849213,0.005577083770090007,-0.0970886036708135,-0.0007848685102657054,True,False,3,recoverable,False
41.49999999999829,4980,9,30,29,30,PLAYING,0.44733795523643494,-0.0007103234529495239,0.1273965686559677,0.0054093464643767955,-0.09685331956632974,-0.0007813277363353276,True,False,3,recoverable,False
41.56666666666495,4988,9,30,29,30,PLAYING,0.4473784565925598,-0.0006938055157661438,0.12732049822807312,0.005250750664765814,-0.09662762910509005,-0.000777704173325157,True,False,3,recoverable,False
41.63333333333161,4996,9,31,30,31,PLAYING,0.4475038945674896,-0.0007242858409881592,0.12741321325302124,0.005539964523805081,-0.09691952988456565,-0.0007819229835736591,True,False,3,recoverable,False
41.699999999998276,5004,9,31,30,31,PLAYING,0.44754940271377563,-0.0007017850875854492,0.12731629610061646,0.005324370008270651,-0.09664664302414008,-0.0007775089090221163,True,False,3,recoverable,False
41.76666666666494,5012,9,31,30,31,PLAYING,0.44761648774147034,-0.0006958320736885071,0.127275750041008,0.005266100750095351,-0.09654061637605584,-0.0007759368825392139,True,False,3,recoverable,False
41.8333333333316,5020,9,32,31,32,PLAYING,0.4476863741874695,-0.0006911084055900574,0.12724001705646515,0.005221715136564949,-0.0964470956207743,-0.0007756394770660904,True,False,3,recoverable,False
41.899999999998265,5028,9,33,32,33,PLAYING,0.4477840065956116,-0.0006998330354690552,0.1272539496421814,0.005303758014524005,-0.09651256750540634,-0.0007775611481473493,True,False,3,recoverable,False
41.96666666666493,5036,9,33,32,33,PLAYING,0.4478645920753479,-0.000701121985912323,0.1272420883178711,0.0053148479440842415,-0.09649566426734245,-0.0007779472024179102,True,False,3,recoverable,False
42.03333333333159,5044,9,34,33,34,PLAYING,0.4479733407497406,-0.0007085129618644714,0.12725818157196045,0.005382770760988114,-0.09657804939832565,-0.0007789095557763242,True,False,3,recoverable,False
42.09999999999825,5052,9,34,33,34,PLAYING,0.448028028011322,-0.0007012560963630676,0.12721537053585052,0.005314247498740644,-0.0964607409414954,-0.000777915438784847,True,False,3,recoverable,False
42.166666666664916,5060,9,35,34,35,PLAYING,0.44811365008354187,-0.0007023513317108154,0.1272064596414566,0.005323449691362506,-0.09645968041843879,-0.0007786322198872317,True,False,4,recoverable,False
42.23333333333158,5068,9,35,34,35,PLAYING,0.4492654502391815,-0.0009414032101631165,0.12819892168045044,0.007668897186899181,-0.09987836477044423,-0.0008490840973828007,True,False,4,recoverable,False
42.29999999999824,5076,9,36,35,36,PLAYING,0.45030415058135986,-0.0011268556118011475,0.12898802757263184,0.009429616865941712,-0.10273573371257477,-0.0009389784538625933,True,False,4,recoverable,False
42.366666666664905,5084,10,37,36,37,PLAYING,0.4519394040107727,-0.0012862905859947205,0.12954926490783691,0.010992072283223957,-0.10480576938136345,-0.0009951892340677609,True,False,4,recoverable,False
42.43333333333157,5092,10,37,36,37,PLAYING,0.4533138573169708,-0.0013999715447425842,0.12989205121994019,0.012143267489901391,-0.10604967108843348,-0.0010543462524754206,True,False,4,recoverable,False
42.49999999999823,5100,10,37,36,37,PLAYING,0.454539954662323,-0.0014948174357414246,0.1301114857196808,0.013076953950462496,-0.10684458920494735,-0.0010776465371655794,True,False,4,recoverable,False
42.566666666664894,5108,10,37,36,37,PLAYING,0.45571401715278625,-0.0015551075339317322,0.13030491769313812,0.013664261760794386,-0.1072315504234223,-0.0011193553240268779,True,False,4,recoverable,False
42.63333333333156,5116,10,37,36,37,PLAYING,0.45673784613609314,-0.001554831862449646,0.13045421242713928,0.01370270020672041,-0.10765182093015331,-0.0011360455087623686,True,False,4,recoverable,False
42.69999999999822,5124,10,37,36,37,PLAYING,0.4576781392097473,-0.0015422329306602478,0.13058261573314667,0.013615823784179571,-0.10801123057556603,-0.0011435596244322524,True,False,4,recoverable,False
42.76666666666488,5132,10,37,36,37,PLAYING,0.45862820744514465,-0.0015274882316589355,0.1306903064250946,0.013509044226564721,-0.10837843910329584,-0.0011544683983219632,True,False,4,recoverable,False
42.833333333331545,5140,10,37,36,37,PLAYING,0.4595804810523987,-0.0015138089656829834,0.13078290224075317,0.013386063556739988,-0.10877417803493138,-0.0011797256810280885,True,False,4,recoverable,False
42.89999999999821,5148,10,37,36,37,PLAYING,0.4605597257614136,-0.001499764621257782,0.13085564970970154,0.013254949756211856,-0.10917139598832772,-0.0011789755564403242,True,False,4,recoverable,False
42.96666666666487,5156,10,37,36,37,PLAYING,0.46144571900367737,-0.0015165507793426514,0.13099709153175354,0.013477304669636841,-0.10913044840756102,-0.0012115474210246384,True,False,4,recoverable,False
43.033333333331534,5164,10,37,36,37,PLAYING,0.462336927652359,-0.0015442967414855957,0.13112583756446838,0.013747078214444455,-0.1090145295779271,-0.0012118278454408646,True,False,4,recoverable,False
43.0999999999982,5172,10,37,36,37,PLAYING,0.46324947476387024,-0.0015753358602523804,0.1312437802553177,0.014060129261694419,-0.1088811512370953,-0.0012256979091649235,True,False,4,recoverable,False
43.16666666666486,5180,10,37,36,37,PLAYING,0.46419650316238403,-0.0016032308340072632,0.13133728504180908,0.014352606210356465,-0.10879641261994369,-0.001249412129777532,True,False,4,recoverable,False
43.23333333333152,5188,10,37,36,37,PLAYING,0.4651468098163605,-0.0016427412629127502,0.13143253326416016,0.014729964787228957,-0.10864124105884403,-0.0012633650595641746,True,False,4,recoverable,False
43.299999999998185,5196,10,37,36,37,PLAYING,0.4661194980144501,-0.0016705095767974854,0.13149020075798035,0.015020998230175027,-0.10852891420438167,-0.0012859695862720481,True,False,4,recoverable,False
43.36666666666485,5204,10,37,36,37,PLAYING,0.4670705199241638,-0.001697346568107605,0.13156482577323914,0.01529191565326237,-0.10825692741495802,-0.0013062968965604953,True,False,4,recoverable,False
43.43333333333151,5212,10,37,36,37,PLAYING,0.4680512249469757,-0.001707717776298523,0.13164253532886505,0.015441950381539062,-0.1080861402365034,-0.0013428160351177086,True,False,4,recoverable,False
43.499999999998174,5220,10,37,36,37,PLAYING,0.4690392017364502,-0.0017292872071266174,0.13173377513885498,0.01564864929117647,-0.10791620703701676,-0.0013490053384642782,True,False,4,recoverable,False
43.56666666666484,5228,10,37,36,37,PLAYING,0.47000375390052795,-0.0017137080430984497,0.13180628418922424,0.015602043164568273,-0.1078729066991864,-0.0013886106847615079,True,False,4,recoverable,False
43.6333333333315,5236,10,37,36,37,PLAYING,0.47096434235572815,-0.0017066225409507751,0.13186997175216675,0.015524489772788008,-0.10786071201815843,-0.0013922438850466647,True,False,4,recoverable,False
43.69999999999816,5244,10,37,36,37,PLAYING,0.47194191813468933,-0.0016891881823539734,0.13190791010856628,0.015404742789909687,-0.10788166325755824,-0.0014094347795258362,True,False,4,recoverable,False
43.766666666664825,5252,10,37,36,37,PLAYING,0.47292253375053406,-0.00167170912027359,0.13192614912986755,0.015301127375009318,-0.10793090722067487,-0.0014386566485110896,True,False,4,recoverable,False
43.83333333333149,5260,10,37,36,37,PLAYING,0.4739045202732086,-0.001659683883190155,0.13192680478096008,0.015193847454336613,-0.10795366271301425,-0.0014411071385008955,True,False,4,recoverable,False
43.89999999999815,5268,10,37,36,37,PLAYING,0.47490277886390686,-0.0016425028443336487,0.13189908862113953,0.015080808238921009,-0.10799961993379832,-0.0014608532163662923,True,False,4,recoverable,False
43.966666666664814,5276,10,37,36,37,PLAYING,0.47593390941619873,-0.0016234517097473145,0.13184955716133118,0.014940865742770907,-0.10808235703882965,-0.0014758063354000468,True,False,4,recoverable,False
44.03333333333148,5284,10,37,36,37,PLAYING,0.47696954011917114,-0.0015992075204849243,0.13177898526191711,0.014822974215157018,-0.10813357658203068,-0.0015204153831758593,True,False,4,recoverable,False
44.09999999999814,5292,10,37,36,37,PLAYING,0.4780162274837494,-0.0015887096524238586,0.13169130682945251,0.01473969421307187,-0.1081866024840546,-0.001527942961355913,True,False,4,recoverable,False
44.1666666666648,5300,10,37,36,37,PLAYING,0.4790753126144409,-0.0015746280550956726,0.13158118724822998,0.014653206851313659,-0.10823069630712175,-0.0015547860663983875,True,False,4,recoverable,False
44.233333333331466,5308,10,37,36,37,PLAYING,0.48018136620521545,-0.0015593841671943665,0.1314370334148407,0.014514391439609059,-0.10833076398489025,-0.0015705710495640115,True,False,4,recoverable,False
44.29999999999813,5316,10,37,36,37,PLAYING,0.4812697172164917,-0.0015437081456184387,0.1312670111656189,0.014407133722688405,-0.1083970661039861,-0.0015958408827585846,True,False,4,recoverable,False
44.36666666666479,5324,10,37,36,37,PLAYING,0.4823775291442871,-0.0015342757105827332,0.1310718059539795,0.014299772641011673,-0.10847563655458359,-0.0015968618405420177,True,False,4,recoverable,False
44.433333333331454,5332,10,37,36,37,PLAYING,0.4833969175815582,-0.0015143603086471558,0.1309141218662262,0.014154831651532883,-0.10832386320956623,-0.0016302631572584793,True,False,4,recoverable,False
44.49999999999812,5340,10,37,36,37,PLAYING,0.4841824769973755,-0.0015987157821655273,0.13107842206954956,0.014989335150167343,-0.1079186287464708,-0.0016480464899843662,True,False,4,recoverable,False
44.56666666666478,5348,10,37,36,37,PLAYING,0.48497381806373596,-0.0016287192702293396,0.13124221563339233,0.015290541074715124,-0.10773338703115615,-0.0016655392253920485,True,False,4,recoverable,False
44.63333333333144,5356,10,37,36,37,PLAYING,0.48581957817077637,-0.0016340985894203186,0.1313769817352295,0.015391437330716006,-0.10770117475700286,-0.0016960127772614707,True,False,4,recoverable,False
44.699999999998106,5364,10,37,36,37,PLAYING,0.4866987466812134,-0.0016441941261291504,0.1315176784992218,0.015496574338384575,-0.10762199169408854,-0.0017074143822115543,True,False,4,recoverable,False
44.76666666666477,5372,10,37,36,37,PLAYING,0.4876161217689514,-0.0016483664512634277,0.1316310465335846,0.015545248947343097,-0.10762455466953753,-0.0017271969659148456,True,False,4,recoverable,False
44.83333333333143,5380,10,37,36,37,PLAYING,0.48854243755340576,-0.0016511902213096619,0.13173991441726685,0.015598361074254193,-0.10761721507855077,-0.0017493558535131427,True,False,4,recoverable,False
44.899999999998094,5388,10,37,36,37,PLAYING,0.48948538303375244,-0.0016478672623634338,0.13182784616947174,0.015628522613910716,-0.1076189360450084,-0.0017771505559225837,True,False,4,recoverable,False
44.96666666666476,5396,10,37,36,37,PLAYING,0.4904687702655792,-0.0016441494226455688,0.13190042972564697,0.015645988980005576,-0.10763128234548192,-0.0018139942740360347,True,False,4,recoverable,False
45.03333333333142,5404,10,37,36,37,PLAYING,0.4914330840110779,-0.0016500279307365417,0.1319790780544281,0.015693114444530195,-0.1076708541583758,-0.0018164915180680899,True,False,4,recoverable,False
45.09999999999808,5412,10,37,36,37,PLAYING,0.49242106080055237,-0.0016475394368171692,0.132034569978714,0.01570610113927042,-0.10777429720286054,-0.0018337233314350025,True,False,4,recoverable,False
45.166666666664746,5420,10,37,36,37,PLAYING,0.4933977723121643,-0.0016507580876350403,0.13209190964698792,0.015800927528287878,-0.10786994312278576,-0.0018187423537036154,True,False,4,recoverable,False
45.23333333333141,5428,10,37,36,37,PLAYING,0.4944007992744446,-0.0016464069485664368,0.13212645053863525,0.015907318750693473,-0.1079916410787431,-0.001835883668338093,True,False,4,recoverable,False
45.29999999999807,5436,10,37,36,37,PLAYING,0.4954272508621216,-0.0016481280326843262,0.13214172422885895,0.016024970255019314,-0.1080847882523942,-0.0018227850475229063,True,False,4,recoverable,False
45.366666666664734,5444,10,37,36,37,PLAYING,0.49648505449295044,-0.0016520097851753235,0.13212436437606812,0.016088351784580308,-0.10820146357124062,-0.0018455622087727363,True,False,4,recoverable,False
45.4333333333314,5452,10,37,36,37,PLAYING,0.49752277135849,-0.0016501396894454956,0.13209688663482666,0.016092229234066665,-0.1082529459585192,-0.0018620326742479255,True,False,4,recoverable,False
45.49999999999806,5460,10,37,36,37,PLAYING,0.4985564351081848,-0.0016479641199111938,0.13205492496490479,0.01605076984606326,-0.10828920496582083,-0.0018616455268296338,True,False,4,recoverable,False
45.56666666666472,5468,10,37,36,37,PLAYING,0.49962347745895386,-0.0016297101974487305,0.13198354840278625,0.015944512899797647,-0.10835416152960226,-0.0018884890001981754,True,False,4,recoverable,False
45.633333333331386,5476,10,37,36,37,PLAYING,0.5006288886070251,-0.0015941336750984192,0.13190670311450958,0.015621237618583608,-0.10848107578847319,-0.0018858636293286272,True,False,4,recoverable,False
45.69999999999805,5484,10,37,36,37,PLAYING,0.5016366243362427,-0.0015557259321212769,0.13181033730506897,0.01528848607498044,-0.10856458971575539,-0.0018910967379124637,True,False,4,recoverable,False
45.76666666666471,5492,10,37,36,37,PLAYING,0.5025965571403503,-0.0015427246689796448,0.13175734877586365,0.015174647210051528,-0.10836443816592829,-0.0018863170330953353,True,False,4,recoverable,False
45.833333333331375,5500,10,37,36,37,PLAYING,0.5035499334335327,-0.0015573576092720032,0.13175439834594727,0.015370637668131739,-0.10827544310566593,-0.0019103095970075437,True,False,4,recoverable,False
45.89999999999804,5508,10,37,36,37,PLAYING,0.5044862031936646,-0.001608625054359436,0.13180510699748993,0.01586144383931707,-0.10827936479632297,-0.0019187906542727086,True,False,4,recoverable,False
45.9666666666647,5516,10,37,36,37,PLAYING,0.5054753422737122,-0.0016419664025306702,0.1318093240261078,0.016216234542115474,-0.10835800400378319,-0.001946024963947149,True,False,4,recoverable,False
46.03333333333136,5524,10,37,36,37,PLAYING,0.506488025188446,-0.0016850531101226807,0.1318114995956421,0.016610072639623424,-0.10839449116067257,-0.0019540107573484504,True,False,4,recoverable,False
46.099999999998026,5532,10,37,36,37,PLAYING,0.5074618458747864,-0.0016968175768852234,0.13177861273288727,0.01673553847957056,-0.1085724813233406,-0.0019684792708780695,True,False,4,recoverable,False
46.16666666666469,5540,10,37,36,37,PLAYING,0.5084015130996704,-0.0017013996839523315,0.13175052404403687,0.016781249652059276,-0.1087419185065708,-0.0019777103494116742,True,False,4,recoverable,False
46.23333333333135,5548,10,37,36,37,PLAYING,0.5093396306037903,-0.0016956925392150879,0.13170067965984344,0.01679306565202217,-0.10892286543796743,-0.0019637835616142007,True,False,4,recoverable,False
46.299999999998015,5556,10,37,36,37,PLAYING,0.5102769136428833,-0.0016744956374168396,0.13165625929832458,0.01660113492872825,-0.10886033098210113,-0.0019718454393783057,True,False,4,recoverable,False
46.36666666666468,5564,10,37,36,37,PLAYING,0.511204183101654,-0.001672208309173584,0.1316753625869751,0.016601255357445718,-0.10888155653753044,-0.001982423530104991,True,False,4,recoverable,False
46.43333333333134,5572,10,37,36,37,PLAYING,0.5121153593063354,-0.0016853585839271545,0.13176003098487854,0.016817698748458176,-0.10889267918266946,-0.0019698597612745968,True,False,4,recoverable,False
46.499999999998,5580,10,37,36,37,PLAYING,0.513068437576294,-0.0017052814364433289,0.13182580471038818,0.01700340886812181,-0.10886697818682894,-0.0019703591909477495,True,False,4,recoverable,False
46.566666666664666,5588,10,37,36,37,PLAYING,0.5140452980995178,-0.0017204433679580688,0.13187234103679657,0.017172926011571367,-0.10888972494790468,-0.001991656354871405,True,False,4,recoverable,False
46.63333333333133,5596,10,37,36,37,PLAYING,0.5150430202484131,-0.0017409175634384155,0.13190893828868866,0.017341564918631515,-0.10888479396292565,-0.0019892316642458347,True,False,4,recoverable,False
46.69999999999799,5604,10,37,36,37,PLAYING,0.5160793662071228,-0.001761890947818756,0.13193286955356598,0.01757764200503811,-0.10890416396286769,-0.0020154126438627178,True,False,4,recoverable,False
46.766666666664655,5612,10,37,36,37,PLAYING,0.5171122550964355,-0.0017864331603050232,0.1319434642791748,0.017815409406354833,-0.10891660637355094,-0.0020267666838243584,True,False,4,recoverable,False
46.83333333333132,5620,10,37,36,37,PLAYING,0.5181541442871094,-0.0018092542886734009,0.13192978501319885,0.018047021128659385,-0.1088982039225116,-0.002045831542262194,True,False,4,recoverable,False
46.89999999999798,5628,10,37,36,37,PLAYING,0.5191318392753601,-0.0017931312322616577,0.13191717863082886,0.017972890165799435,-0.1086241060873957,-0.002081210968466399,True,False,4,recoverable,False
46.96666666666464,5636,10,37,36,37,PLAYING,0.5201171636581421,-0.0017703995108604431,0.1319100707769394,0.017765917606888636,-0.10838743544348145,-0.002093779266185489,True,False,4,recoverable,False
47.033333333331306,5644,10,37,36,37,PLAYING,0.5210789442062378,-0.0017177239060401917,0.13190051913261414,0.017334239534749683,-0.10828580486215203,-0.0020666398492851174,True,False,4,recoverable,False
47.09999999999797,5652,10,37,36,37,PLAYING,0.5220782160758972,-0.0016531050205230713,0.13184697926044464,0.016761932114417778,-0.10820415265796281,-0.002084949645910101,True,False,4,recoverable,False
47.16666666666463,5660,10,37,36,37,PLAYING,0.523070216178894,-0.001596882939338684,0.13179796934127808,0.016278700759971194,-0.10815446068948473,-0.0020597658016409865,True,False,4,recoverable,False
47.233333333331295,5668,10,37,36,37,PLAYING,0.5240259170532227,-0.001567244529724121,0.1318018138408661,0.016074696943538275,-0.1080724411836437,-0.00209457795623183,True,False,4,recoverable,False
47.29999999999796,5676,10,37,36,37,PLAYING,0.5249523520469666,-0.00157126784324646,0.13185055553913116,0.016103036291376677,-0.1080507988324057,-0.0020964793181596285,True,False,4,recoverable,False
47.36666666666462,5684,10,37,36,37,PLAYING,0.5259345173835754,-0.0015573501586914062,0.13188400864601135,0.016033010870376972,-0.10807876657672244,-0.0021247978747194174,True,False,4,recoverable,False
47.433333333331284,5692,10,37,36,37,PLAYING,0.5269242525100708,-0.0015405640006065369,0.1318984031677246,0.01593479635125652,-0.10810752227885627,-0.0021541317528163888,True,False,4,recoverable,False
47.49999999999795,5700,10,37,36,37,PLAYING,0.5279604196548462,-0.0015216320753097534,0.13189062476158142,0.01579588601044034,-0.10815438609242202,-0.0021790492752170793,True,False,4,recoverable,False
47.56666666666461,5708,10,37,36,37,PLAYING,0.5289842486381531,-0.001496344804763794,0.13187062740325928,0.015609209120355976,-0.10819135746111544,-0.0022023715179459737,True,False,4,recoverable,False
47.63333333333127,5716,10,37,36,37,PLAYING,0.5300077199935913,-0.0014785528182983398,0.13182644546031952,0.01541978564334477,-0.108229281691529,-0.002201080031683611,True,False,4,recoverable,False
47.699999999997935,5724,10,37,36,37,PLAYING,0.5310581922531128,-0.0014568790793418884,0.13175851106643677,0.015234038877595965,-0.10825881030523378,-0.0022307799524110164,True,False,4,recoverable,False
47.7666666666646,5732,10,37,36,37,PLAYING,0.5321459174156189,-0.0014365613460540771,0.13166891038417816,0.015034556259777097,-0.10829767794150164,-0.0022275055851266466,True,False,4,recoverable,False
47.83333333333126,5740,10,37,36,37,PLAYING,0.5332302451133728,-0.0014119148254394531,0.1315501183271408,0.014792474316084677,-0.10833878355398185,-0.002245301418483504,True,False,4,recoverable,False
47.899999999997924,5748,10,37,36,37,PLAYING,0.534339964389801,-0.0013866275548934937,0.13141459226608276,0.014541063838654876,-0.10834105491221017,-0.002245446252037703,True,False,4,recoverable,False
47.96666666666459,5756,10,37,36,37,PLAYING,0.5354123115539551,-0.0013658329844474792,0.13129664957523346,0.014375932308605304,-0.10811747498838202,-0.0022736833283779497,True,False,4,recoverable,False
48.03333333333125,5764,10,37,36,37,PLAYING,0.5363843441009521,-0.0013878270983695984,0.13127827644348145,0.014582102796937672,-0.10786894494219115,-0.0022771442347477456,True,False,4,recoverable,False
48.09999999999791,5772,10,37,36,37,PLAYING,0.537282407283783,-0.0014335587620735168,0.13136625289916992,0.015058724623663087,-0.10789795530038003,-0.0023064688001194554,True,False,4,recoverable,False
48.166666666664575,5780,10,37,36,37,PLAYING,0.5381072759628296,-0.0014509186148643494,0.13147571682929993,0.015248796021494765,-0.10795357217483703,-0.002316405640429223,True,False,4,recoverable,False
48.23333333333124,5788,10,37,36,37,PLAYING,0.5389695167541504,-0.0014733299612998962,0.13157996535301208,0.01546461443746069,-0.10801263690942371,-0.0023193668516811976,True,False,4,recoverable,False
48.2999999999979,5796,10,37,36,37,PLAYING,0.539868950843811,-0.0014852583408355713,0.13165149092674255,0.01561196373052048,-0.10815830820266038,-0.0023314281893976408,True,False,4,recoverable,False
48.366666666664564,5804,10,37,36,37,PLAYING,0.5407837629318237,-0.0014953762292861938,0.1317140758037567,0.015780250020429556,-0.1082998253981712,-0.0023449999762667987,True,False,4,recoverable,False
48.43333333333123,5812,10,37,36,37,PLAYING,0.5417272448539734,-0.0015173479914665222,0.13176967203617096,0.01599111393000782,-0.1084624905766891,-0.0023595535521342844,True,False,4,recoverable,False
48.49999999999789,5820,10,37,36,37,PLAYING,0.5426623821258545,-0.0015283375978469849,0.1317918300628662,0.016142607693156726,-0.10863616815050939,-0.0023605063493917834,True,False,4,recoverable,False
48.56666666666455,5828,10,37,36,37,PLAYING,0.5435388088226318,-0.0015386343002319336,0.13183239102363586,0.016276392570675216,-0.10854018997697326,-0.0023669466057638006,True,False,4,recoverable,False
48.633333333331215,5836,10,37,36,37,PLAYING,0.5444577932357788,-0.0015427172183990479,0.13190317153930664,0.016367125956980096,-0.10834241920266117,-0.0023726042607503947,True,False,4,recoverable,False
48.69999999999788,5844,10,37,36,37,PLAYING,0.5454251170158386,-0.0015366673469543457,0.13194748759269714,0.01638743541959524,-0.10823085085425324,-0.0023965223192927757,True,False,4,recoverable,False
48.76666666666454,5852,10,37,36,37,PLAYING,0.5463967323303223,-0.001531839370727539,0.13197475671768188,0.016364988229760444,-0.108029321811854,-0.00238426413444007,True,False,4,recoverable,False
48.833333333331204,5860,10,37,36,37,PLAYING,0.5474116206169128,-0.0015211477875709534,0.13198107481002808,0.016312837141400013,-0.10791923225346516,-0.0023919318761767075,True,False,4,recoverable,False
48.89999999999787,5868,10,37,36,37,PLAYING,0.5484403371810913,-0.0015042349696159363,0.13195838034152985,0.01619608406671169,-0.10774549396724777,-0.0023913914568203165,True,False,4,recoverable,False
48.96666666666453,5876,10,37,36,37,PLAYING,0.5494142770767212,-0.0015070810914039612,0.13201767206192017,0.016292572243004767,-0.10779932249441436,-0.0024053603880005076,True,False,4,recoverable,False
49.03333333333119,5884,10,37,36,37,PLAYING,0.5503830313682556,-0.0015051215887069702,0.13206732273101807,0.016349469253636093,-0.10783925308020062,-0.0024253615469133193,True,False,4,recoverable,False
49.099999999997856,5892,10,37,36,37,PLAYING,0.5513612627983093,-0.0014882385730743408,0.13209515810012817,0.0162649070611027,-0.10793710104790093,-0.002443701292022583,True,False,4,recoverable,False
49.16666666666452,5900,10,37,36,37,PLAYING,0.5523460507392883,-0.0014732927083969116,0.1321088969707489,0.016164745364695254,-0.10806569654601589,-0.002465861425606509,True,False,4,recoverable,False
49.23333333333118,5908,10,37,36,37,PLAYING,0.5533398985862732,-0.0014578402042388916,0.13211044669151306,0.016053958100408893,-0.10819469343433676,-0.0024912843852089987,True,False,4,recoverable,False
49.299999999997844,5916,10,37,36,37,PLAYING,0.5543695688247681,-0.0014423578977584839,0.1320902705192566,0.015938611801180152,-0.1083483719094038,-0.0025071365275612916,True,False,4,recoverable,False
49.36666666666451,5924,10,37,36,37,PLAYING,0.55539870262146,-0.0014254823327064514,0.1320512890815735,0.015792586805967374,-0.10850729661518821,-0.0025249945038185733,True,False,4,recoverable,False
49.43333333333117,5932,10,37,36,37,PLAYING,0.5564499497413635,-0.0014090463519096375,0.13199183344841003,0.015669380077552527,-0.10865298636550488,-0.002541221005608488,True,False,4,recoverable,False
49.49999999999783,5940,10,37,36,37,PLAYING,0.5574818253517151,-0.001393340528011322,0.1319103240966797,0.015507661782765136,-0.10879379268949758,-0.0025541700106078585,True,False,4,recoverable,False
49.566666666664496,5948,10,37,36,37,PLAYING,0.5585136413574219,-0.0013876333832740784,0.13184863328933716,0.015485597114381893,-0.10872416914779112,-0.0025678416089929376,True,False,4,recoverable,False
49.63333333333116,5956,10,37,36,37,PLAYING,0.5594840049743652,-0.0014075785875320435,0.1318373829126358,0.015757438537928586,-0.10841078135992804,-0.0025495109028868613,True,False,4,recoverable,False
49.69999999999782,5964,10,37,36,37,PLAYING,0.5605150461196899,-0.001426801085472107,0.13178876042366028,0.01595532026681423,-0.1080760196658736,-0.0025674757683613624,True,False,4,recoverable,False
49.766666666664484,5972,10,37,36,37,PLAYING,0.5615577101707458,-0.0014517009258270264,0.13172172009944916,0.016203842219365803,-0.10773485568240841,-0.002578133224493784,True,False,4,recoverable,False
49.83333333333115,5980,10,37,36,37,PLAYING,0.5626269578933716,-0.0014801472425460815,0.1316395103931427,0.016501743432103134,-0.10740303019068399,-0.0025993100094726653,True,False,4,recoverable,False
49.89999999999781,5988,10,37,36,37,PLAYING,0.5637021660804749,-0.0015115216374397278,0.1315346509218216,0.01682037474789987,-0.10708333969165108,-0.0026109372186525212,True,False,4,recoverable,False
49.96666666666447,5996,10,37,36,37,PLAYING,0.5646489262580872,-0.0014933645725250244,0.1314120590686798,0.016669318867099506,-0.10690508826383963,-0.002617342226623237,True,False,4,recoverable,False
50.033333333331136,6004,10,37,36,37,PLAYING,0.565541684627533,-0.0014439746737480164,0.13131380081176758,0.01619727638768569,-0.1064541266239976,-0.0026052355151318716,True,False,4,recoverable,False
50.0999999999978,6012,10,37,36,37,PLAYING,0.5663617849349976,-0.0014841258525848389,0.13143596053123474,0.016614469342308254,-0.10641952145401483,-0.0026200969669730083,True,False,4,recoverable,False
50.16666666666446,6020,10,37,36,37,PLAYING,0.5672571659088135,-0.0015105530619621277,0.13154591619968414,0.01691619684922501,-0.1064683508578809,-0.0026377936336630537,True,False,4,recoverable,False
50.233333333331124,6028,10,37,36,37,PLAYING,0.5682060122489929,-0.0015285983681678772,0.13163840770721436,0.01712154967529379,-0.10654449455323999,-0.0026489727386838123,True,False,4,recoverable,False
50.29999999999779,6036,10,37,36,37,PLAYING,0.5691701173782349,-0.0015413165092468262,0.1317196488380432,0.017279319142566255,-0.1066461293788724,-0.002651282115741278,True,False,4,recoverable,False
50.36666666666445,6044,10,37,36,37,PLAYING,0.5701298713684082,-0.0015428513288497925,0.13177436590194702,0.017315478886504518,-0.10681526995491981,-0.0026520044612357734,True,False,4,recoverable,False
50.43333333333111,6052,10,37,36,37,PLAYING,0.5710569620132446,-0.0015404075384140015,0.1318165361881256,0.017289578633707694,-0.1069594846070602,-0.0026422462157851463,True,False,4,recoverable,False
50.499999999997776,6060,10,37,36,37,PLAYING,0.5720038414001465,-0.0015277788043022156,0.13184869289398193,0.017231306633502915,-0.1071316163713837,-0.0026606765573728174,True,False,4,recoverable,False
50.56666666666444,6068,10,37,36,37,PLAYING,0.5729031562805176,-0.0014830008149147034,0.1318656951189041,0.016890338830615387,-0.10739894547719936,-0.0026884525599973333,True,False,4,recoverable,False
50.6333333333311,6076,10,37,36,37,PLAYING,0.5738242864608765,-0.0014460086822509766,0.13188506662845612,0.016605346326208987,-0.10762308344066498,-0.0027003885482772927,True,False,4,recoverable,False
50.699999999997765,6084,10,37,36,37,PLAYING,0.5747604966163635,-0.0014090687036514282,0.13188475370407104,0.016293821841953753,-0.1078585479722579,-0.0026907666816361046,True,False,4,recoverable,False
50.76666666666443,6092,10,37,36,37,PLAYING,0.5756970643997192,-0.0013668686151504517,0.13186676800251007,0.015967742495384428,-0.10808937425465724,-0.002691962106738192,True,False,4,recoverable,False
50.83333333333109,6100,10,37,36,37,PLAYING,0.5766481757164001,-0.001324489712715149,0.13183113932609558,0.015633123776757976,-0.10831463037439115,-0.0026985117028403478,True,False,4,recoverable,False
50.89999999999775,6108,10,37,36,37,PLAYING,0.577625036239624,-0.0012827664613723755,0.13177119195461273,0.015286737564714239,-0.10854929635105363,-0.002718662070038232,True,False,4,recoverable,False
50.966666666664416,6116,10,37,36,37,PLAYING,0.5786208510398865,-0.0012437403202056885,0.1316891312599182,0.014941951085902511,-0.10877556827525073,-0.002743028271980464,True,False,4,recoverable,False
51.03333333333108,6124,10,37,36,37,PLAYING,0.5796413421630859,-0.0011984631419181824,0.13157951831817627,0.01456166753943269,-0.10902364148466426,-0.0027717153538447284,True,False,4,recoverable,False
51.09999999999774,6132,10,37,36,37,PLAYING,0.580660343170166,-0.0011562183499336243,0.13145941495895386,0.01415420886208756,-0.10919537695007095,-0.0027801597225310844,True,False,4,recoverable,False
51.166666666664405,6140,10,37,36,37,PLAYING,0.5816065073013306,-0.0011311843991279602,0.13141092658042908,0.013938661327243602,-0.10891357479933307,-0.002798312908628941,True,False,4,recoverable,False
51.23333333333107,6148,10,37,36,37,PLAYING,0.5825914740562439,-0.001104786992073059,0.13134092092514038,0.013657893262599148,-0.1086560929433574,-0.0027967228456480843,True,False,4,recoverable,False
51.29999999999773,6156,10,37,36,37,PLAYING,0.5836001634597778,-0.0010746493935585022,0.13125605881214142,0.013376341871705492,-0.10837271721909127,-0.0028087610123618007,True,False,4,recoverable,False
51.36666666666439,6164,10,37,36,37,PLAYING,0.5846272706985474,-0.0010510757565498352,0.13116194307804108,0.013125704096336345,-0.10806953923795297,-0.0028095641542249207,True,False,4,recoverable,False
51.433333333331056,6172,10,37,36,37,PLAYING,0.5855534076690674,-0.0010928884148597717,0.1312234103679657,0.013554916610444522,-0.1081089496536917,-0.0028411445561852973,True,False,4,recoverable,False
51.49999999999772,6180,10,37,36,37,PLAYING,0.586474597454071,-0.0011390000581741333,0.1313134729862213,0.014013997078714464,-0.10820753136351807,-0.002870949264145991,True,False,4,recoverable,False
51.56666666666438,6188,10,37,36,37,PLAYING,0.5874232053756714,-0.001169458031654358,0.1314130425453186,0.01428935275268332,-0.10827381891317639,-0.0028773948256580815,True,False,4,recoverable,False
51.633333333331045,6196,10,37,36,37,PLAYING,0.5883705019950867,-0.001179710030555725,0.1314966082572937,0.014441499131817026,-0.10841540619072411,-0.002895334507183507,True,False,4,recoverable,False
51.69999999999771,6204,10,37,36,37,PLAYING,0.5893138647079468,-0.0011888891458511353,0.13156722486019135,0.014527944668103605,-0.10857108028045905,-0.0028972894573352417,True,False,4,recoverable,False
51.76666666666437,6212,10,37,36,37,PLAYING,0.5902391672134399,-0.0011880621314048767,0.1316189020872116,0.01455656919337542,-0.10874012706027793,-0.0029028181967172403,True,False,4,recoverable,False
51.83333333333103,6220,10,37,36,37,PLAYING,0.591153621673584,-0.0011861994862556458,0.1316528022289276,0.014546316498887575,-0.10891764601439191,-0.002903462652053537,True,False,4,recoverable,False
51.899999999997696,6228,10,37,36,37,PLAYING,0.5920740365982056,-0.001181766390800476,0.1316685676574707,0.01451252943331423,-0.10910214000732148,-0.0029011716386223253,True,False,4,recoverable,False
51.96666666666436,6236,10,37,36,37,PLAYING,0.5930100679397583,-0.0011980757117271423,0.1317284107208252,0.014737539658669616,-0.10896622212649514,-0.002920145573552762,True,False,4,recoverable,False
52.03333333333102,6244,10,37,36,37,PLAYING,0.5939351320266724,-0.0012289807200431824,0.13181960582733154,0.01504104785087525,-0.10882972361946418,-0.002912761549040994,True,False,4,recoverable,False
52.099999999997685,6252,10,37,36,37,PLAYING,0.5949081778526306,-0.0012610703706741333,0.13189831376075745,0.015461286810174127,-0.10868385522244033,-0.0029494307640521413,True,False,4,recoverable,False
52.16666666666435,6260,10,37,36,37,PLAYING,0.595902681350708,-0.0013060569763183594,0.13196198642253876,0.015920635888482155,-0.10854508391777845,-0.002942947806485708,True,False,4,recoverable,False
52.23333333333101,6268,10,37,36,37,PLAYING,0.5968465805053711,-0.0013295337557792664,0.13200107216835022,0.016181683727393353,-0.1084598714317269,-0.0029809075587104127,True,False,4,recoverable,False
52.299999999997674,6276,10,37,36,37,PLAYING,0.5977627635002136,-0.0013369321823120117,0.1320340633392334,0.016229269215764907,-0.1084666660397637,-0.0029960941062421387,True,False,4,recoverable,False
52.36666666666434,6284,10,37,36,37,PLAYING,0.5986930727958679,-0.0013480708003044128,0.1320572793483734,0.01631874620621212,-0.10848040013383456,-0.002988302564978077,True,False,4,recoverable,False
52.433333333331,6292,10,37,36,37,PLAYING,0.5996093153953552,-0.0013340115547180176,0.1320582628250122,0.016185058201951878,-0.1083666113250015,-0.0030103753371869034,True,False,4,recoverable,False
52.49999999999766,6300,10,37,36,37,PLAYING,0.600543737411499,-0.001319199800491333,0.13206779956817627,0.01603482253598783,-0.10817410765338553,-0.003025115998488955,True,False,4,recoverable,False
52.566666666664325,6308,10,37,36,37,PLAYING,0.601542592048645,-0.001293763518333435,0.1320512443780899,0.015803018970203937,-0.10804431192391682,-0.003035941116131612,True,False,4,recoverable,False
52.63333333333099,6316,10,37,36,37,PLAYING,0.6025436520576477,-0.001255229115486145,0.13201147317886353,0.01543066384128868,-0.10798849986888284,-0.0030347811871621164,True,False,4,recoverable,False
52.69999999999765,6324,10,37,36,37,PLAYING,0.6035406589508057,-0.0012172237038612366,0.1319560706615448,0.015040599345729712,-0.10790401126592038,-0.003037450421172526,True,False,4,recoverable,False
52.766666666664314,6332,10,37,36,37,PLAYING,0.6045568585395813,-0.0011784732341766357,0.13189373910427094,0.014692434498070442,-0.1077587851944504,-0.003037682819145174,True,False,4,recoverable,False
52.83333333333098,6340,10,37,36,37,PLAYING,0.6055650115013123,-0.0011470243334770203,0.13183093070983887,0.014383952525936605,-0.10755385920671202,-0.003037395157301177,True,False,4,recoverable,False
52.89999999999764,6348,10,37,36,37,PLAYING,0.6065950989723206,-0.0011178553104400635,0.13175106048583984,0.014106817296254697,-0.10733925489839434,-0.0030402389578068224,True,False,4,recoverable,False
52.9666666666643,6356,10,37,36,37,PLAYING,0.6075876355171204,-0.0011115744709968567,0.13170579075813293,0.014051540182788638,-0.107223378807761,-0.0030439087659833337,True,False,4,recoverable,False
53.033333333330965,6364,10,37,36,37,PLAYING,0.6085043549537659,-0.0011574998497962952,0.13177593052387238,0.014523977216114217,-0.1073458287659574,-0.0030647104478695357,True,False,4,recoverable,False
53.09999999999763,6372,10,37,36,37,PLAYING,0.6094788908958435,-0.0011966302990913391,0.13183270394802094,0.014933196295609545,-0.10751347464783545,-0.0030830935894435594,True,False,4,recoverable,False
53.16666666666429,6380,10,37,36,37,PLAYING,0.6104845404624939,-0.0012283623218536377,0.1318669319152832,0.015286295235038293,-0.10770423506032924,-0.0031078728097510434,True,False,4,recoverable,False
53.233333333330954,6388,10,37,36,37,PLAYING,0.6115125417709351,-0.0012581124901771545,0.13188500702381134,0.015609937702712079,-0.10788034251094333,-0.0031239460133145724,True,False,4,recoverable,False
53.29999999999762,6396,10,37,36,37,PLAYING,0.6125493049621582,-0.00128965824842453,0.13188880681991577,0.015958423611166474,-0.10806605607642653,-0.003141824692033877,True,False,4,recoverable,False
53.36666666666428,6404,10,37,36,37,PLAYING,0.6135973930358887,-0.0013181567192077637,0.13186874985694885,0.016286152926789758,-0.10826119169453953,-0.0031606901999832104,True,False,4,recoverable,False
53.43333333333094,6412,10,37,36,37,PLAYING,0.6146568059921265,-0.001348540186882019,0.13185128569602966,0.016646930766651045,-0.1085237173910008,-0.0031854595722376837,True,False,4,recoverable,False
53.499999999997605,6420,10,37,36,37,PLAYING,0.6157069206237793,-0.0013846233487129211,0.13182333111763,0.01701812350928182,-0.10881393529224856,-0.0031742752413382895,True,False,4,recoverable,False
53.56666666666427,6428,10,37,36,37,PLAYING,0.6166042685508728,-0.0013859644532203674,0.1317950338125229,0.017113856345066493,-0.10893974657306006,-0.00319766781676552,True,False,4,recoverable,False
53.63333333333093,6436,10,37,36,37,PLAYING,0.6174136996269226,-0.0013658404350280762,0.13176541030406952,0.01689861417274622,-0.10896973235957841,-0.0031717946959300405,True,False,4,recoverable,False
53.699999999997594,6444,10,37,36,37,PLAYING,0.6182547211647034,-0.0013013258576393127,0.13173532485961914,0.016280970975136984,-0.10922326366829795,-0.003160490567688253,True,False,4,recoverable,False
53.76666666666426,6452,10,37,36,37,PLAYING,0.6191175580024719,-0.0012196823954582214,0.13169200718402863,0.015625778033133385,-0.1095174597228519,-0.003193019734058569,True,False,4,recoverable,False
53.83333333333092,6460,10,37,36,37,PLAYING,0.6199938654899597,-0.0012022480368614197,0.13175490498542786,0.01547663211108219,-0.10921489735058394,-0.0031774368042009763,True,False,4,recoverable,False
53.89999999999758,6468,10,37,36,37,PLAYING,0.6209278702735901,-0.0011751651763916016,0.1317891925573349,0.01527023601895744,-0.10899044772518378,-0.003182699025548297,True,False,4,recoverable,False
53.966666666664246,6476,10,37,36,37,PLAYING,0.621863842010498,-0.0011462196707725525,0.1318129599094391,0.015077185943496009,-0.10874553988528494,-0.003194260500517048,True,False,4,recoverable,False
54.03333333333091,6484,10,37,36,37,PLAYING,0.6228283047676086,-0.0011180862784385681,0.13181886076927185,0.014860036373814925,-0.1085129610082777,-0.0032245260566490454,True,False,4,recoverable,False
54.09999999999757,6492,10,37,36,37,PLAYING,0.6238068342208862,-0.0010858923196792603,0.13180765509605408,0.014638992470340915,-0.10826282217762988,-0.0032694593363355893,True,False,4,recoverable,False
54.166666666664234,6500,10,37,36,37,PLAYING,0.6248009204864502,-0.0010577812790870667,0.13176967203617096,0.01437463777019705,-0.10803456585110491,-0.00327850952278744,True,False,4,recoverable,False
54.2333333333309,6508,10,37,36,37,PLAYING,0.6257962584495544,-0.0010310262441635132,0.1317121535539627,0.014128550790268746,-0.10777821983969438,-0.0032858474785993747,True,False,4,recoverable,False
54.29999999999756,6516,10,37,36,37,PLAYING,0.6268076300621033,-0.0010001957416534424,0.13163775205612183,0.013879130215180537,-0.10751744013155048,-0.003308689420963302,True,False,4,recoverable,False
54.36666666666422,6524,10,37,36,37,PLAYING,0.6278195977210999,-0.0009750798344612122,0.13155597448349,0.01366580219005419,-0.1072109732209075,-0.003327975862036286,True,False,4,recoverable,False
54.433333333330886,6532,10,37,36,37,PLAYING,0.6288307309150696,-0.000959739089012146,0.13148963451385498,0.013553603898574698,-0.10696773943590256,-0.0033487076217782368,True,False,4,recoverable,False
54.49999999999755,6540,10,37,36,37,PLAYING,0.6298497915267944,-0.0009651631116867065,0.1314505934715271,0.013616839996988749,-0.10679627703629221,-0.003361710980815191,True,False,4,recoverable,False
54.56666666666421,6548,10,37,36,37,PLAYING,0.630895733833313,-0.000970005989074707,0.1313878297805786,0.013674551769400073,-0.10664279851027837,-0.00337374962806426,True,False,4,recoverable,False
54.633333333330874,6556,10,37,36,37,PLAYING,0.6319441795349121,-0.000978611409664154,0.1313055455684662,0.013763093602788923,-0.10647312310250749,-0.0033820893271434478,True,False,4,recoverable,False
54.69999999999754,6564,10,37,36,37,PLAYING,0.6329530477523804,-0.0009752288460731506,0.13121098279953003,0.013730979656135962,-0.10635616608066152,-0.0033873022622802587,True,False,4,recoverable,False
54.7666666666642,6572,10,37,36,37,PLAYING,0.6338566541671753,-0.0010346844792366028,0.13129457831382751,0.014337000106863139,-0.10662631949627556,-0.0034134071325949687,True,False,4,recoverable,False
54.83333333333086,6580,10,37,36,37,PLAYING,0.6347998976707458,-0.0010973289608955383,0.1313786804676056,0.014955402025036351,-0.10696406412559008,-0.0034243166263812214,True,False,4,recoverable,False
54.899999999997526,6588,10,37,36,37,PLAYING,0.6357854008674622,-0.001153998076915741,0.13144175708293915,0.015520275152282626,-0.10733988652214757,-0.0034444627377141703,True,False,4,recoverable,False
54.96666666666419,6596,10,37,36,37,PLAYING,0.6367921829223633,-0.001207992434501648,0.13148435950279236,0.016074474295509424,-0.1077501173518516,-0.0034692008033918183,True,False,4,recoverable,False
55.03333333333085,6604,10,37,36,37,PLAYING,0.6378092765808105,-0.0012646466493606567,0.13151316344738007,0.016633317234140858,-0.10816731910908776,-0.003485700171654985,True,False,4,recoverable,False
55.099999999997515,6612,10,37,36,37,PLAYING,0.6387612819671631,-0.001285053789615631,0.13152509927749634,0.016846701805805043,-0.10874274204889435,-0.0034990618744301797,True,False,4,recoverable,False
55.16666666666418,6620,10,37,36,37,PLAYING,0.6396297812461853,-0.0012928545475006104,0.13159459829330444,0.016946828141961374,-0.10881742014195082,-0.0035096492698576437,True,False,4,recoverable,False
55.23333333333084,6628,10,37,36,37,PLAYING,0.6405370831489563,-0.0013030320405960083,0.13166628777980804,0.017047485284871874,-0.10889110688996496,-0.0035118755259079637,True,False,4,recoverable,False
55.2999999999975,6636,10,37,36,37,PLAYING,0.6414839029312134,-0.0013095960021018982,0.1317352056503296,0.017146112359273054,-0.10896871133397888,-0.0035256725405236598,True,False,4,recoverable,False
55.366666666664166,6644,10,37,36,37,PLAYING,0.6424428820610046,-0.0013152509927749634,0.13178491592407227,0.017218906882535166,-0.10907178198135874,-0.003535291780506051,True,False,4,recoverable,False
55.43333333333083,6652,10,37,36,37,PLAYING,0.6433611512184143,-0.0013209953904151917,0.1318451464176178,0.017299048500564358,-0.10903299402090671,-0.0035397586678625028,True,False,4,recoverable,False
55.49999999999749,6660,10,37,36,37,PLAYING,0.644306480884552,-0.0013173744082450867,0.13189029693603516,0.017254941987764148,-0.10898344574791982,-0.00354104631624,True,False,4,recoverable,False
55.566666666664155,6668,10,37,36,37,PLAYING,0.6452804803848267,-0.001295432448387146,0.13191133737564087,0.017150452570704553,-0.1090086361264231,-0.0035545308594118977,True,False,4,recoverable,False
55.63333333333082,6676,10,37,36,37,PLAYING,0.6462671160697937,-0.0012832283973693848,0.13192206621170044,0.01701584471289555,-0.10898861926746395,-0.0035509123443160416,True,False,4,recoverable,False
55.69999999999748,6684,10,37,36,37,PLAYING,0.6472322940826416,-0.0012805089354515076,0.13196416199207306,0.016995324574566734,-0.10877294629712772,-0.0035760084638732227,True,False,4,recoverable,False
55.76666666666414,6692,10,37,36,37,PLAYING,0.6482158899307251,-0.00128086656332016,0.1319962739944458,0.017000583884841238,-0.108494555960914,-0.0035836124293587633,True,False,4,recoverable,False
55.833333333330806,6700,10,37,36,37,PLAYING,0.649222195148468,-0.0012786388397216797,0.1320086121559143,0.016986018207158754,-0.10823629913805591,-0.003599746920349956,True,False,4,recoverable,False
55.89999999999747,6708,10,37,36,37,PLAYING,0.6502507925033569,-0.0012747645378112793,0.13199402391910553,0.016934689040219157,-0.10794912158724963,-0.0036099313726254112,True,False,4,recoverable,False
55.96666666666413,6716,10,37,36,37,PLAYING,0.6513009071350098,-0.0012525618076324463,0.1319584995508194,0.016746990474092928,-0.10771178375649436,-0.003626659564702806,True,False,4,recoverable,False
56.033333333330795,6724,10,37,36,37,PLAYING,0.6522501707077026,-0.0012075677514076233,0.13191071152687073,0.016303644276219633,-0.10758610226172044,-0.0036296219863727174,True,False,4,recoverable,False
56.09999999999746,6732,10,37,36,37,PLAYING,0.6531981825828552,-0.0011549293994903564,0.13183921575546265,0.01579520607208519,-0.10741628798545581,-0.0036320645748904264,True,False,4,recoverable,False
56.16666666666412,6740,10,37,36,37,PLAYING,0.6541534662246704,-0.0011025816202163696,0.13175255060195923,0.015277413785718693,-0.10724570675099901,-0.0036278215811599156,True,False,4,recoverable,False
56.23333333333078,6748,10,37,36,37,PLAYING,0.6551586389541626,-0.0010468289256095886,0.13165299594402313,0.014744333304443438,-0.107059103305577,-0.0036300973340423486,True,False,4,recoverable,False
56.299999999997446,6756,10,37,36,37,PLAYING,0.6561126112937927,-0.0010098516941070557,0.13157808780670166,0.0144095619597457,-0.10696668895537102,-0.0036499606154807842,True,False,4,recoverable,False
56.36666666666411,6764,10,37,36,37,PLAYING,0.657001256942749,-0.001036912202835083,0.13166311383247375,0.014679577619527364,-0.10718709250960483,-0.003670467226205422,True,False,4,recoverable,False
56.43333333333077,6772,10,37,36,37,PLAYING,0.6579594612121582,-0.0010512694716453552,0.1317344605922699,0.014902608016994343,-0.10746076445039585,-0.0037110860007454056,True,False,4,recoverable,False
56.499999999997435,6780,10,37,36,37,PLAYING,0.6589466333389282,-0.0010614767670631409,0.13179296255111694,0.015067968143751947,-0.10778227602095203,-0.0037496489238699918,True,False,4,recoverable,False
56.5666666666641,6788,10,37,36,37,PLAYING,0.6599170565605164,-0.0010828152298927307,0.13183915615081787,0.015236571619534683,-0.10805144448304735,-0.0037486821801308284,True,False,4,recoverable,False
56.63333333333076,6796,10,37,36,37,PLAYING,0.660877525806427,-0.0011071935296058655,0.1319105327129364,0.015541935717090944,-0.10815257181460089,-0.0037941053759530264,True,False,4,recoverable,False
56.699999999997424,6804,10,37,36,37,PLAYING,0.6618449687957764,-0.0011371448636054993,0.13196434080600739,0.01584368459761744,-0.10825043861704006,-0.0038202782999960864,True,False,4,recoverable,False
56.76666666666409,6812,10,37,36,37,PLAYING,0.6628261208534241,-0.0011728107929229736,0.13200072944164276,0.01617959183628945,-0.10833216845876069,-0.003830446025999666,True,False,4,recoverable,False
56.83333333333075,6820,10,37,36,37,PLAYING,0.6638280153274536,-0.001207396388053894,0.1320180594921112,0.016503073586425422,-0.10843329731157896,-0.00384280571779876,True,False,4,recoverable,False
56.89999999999741,6828,10,37,36,37,PLAYING,0.6648546457290649,-0.0012410208582878113,0.13201230764389038,0.016829363229400436,-0.1085500640169419,-0.0038636864394948583,True,False,4,recoverable,False
56.966666666664075,6836,10,37,36,37,PLAYING,0.6658868193626404,-0.0012783706188201904,0.13198593258857727,0.01716611441787131,-0.10864693878116098,-0.00386301131922754,True,False,4,recoverable,False
57.03333333333074,6844,10,37,36,37,PLAYING,0.6669185757637024,-0.0013070032000541687,0.1319441795349121,0.0174596153724155,-0.10871973094541297,-0.0038874167836823446,True,False,4,recoverable,False
57.0999999999974,6852,10,37,36,37,PLAYING,0.6678833365440369,-0.0013149306178092957,0.13190612196922302,0.017511979714859866,-0.10859024491835502,-0.003892276294900997,True,False,4,recoverable,False
57.166666666664064,6860,10,37,36,37,PLAYING,0.6688061356544495,-0.0012725070118904114,0.13186714053153992,0.01708700604338922,-0.10862242661453261,-0.003889685488814402,True,False,4,recoverable,False
57.23333333333073,6868,10,37,36,37,PLAYING,0.6697625517845154,-0.0012125596404075623,0.1318134069442749,0.01657827051879624,-0.10870265894412148,-0.003923742493534562,True,False,4,recoverable,False
57.29999999999739,6876,10,37,36,37,PLAYING,0.6707451343536377,-0.0011577904224395752,0.13174369931221008,0.016017395582191146,-0.10877922804426973,-0.003915131421858331,True,False,4,recoverable,False
57.36666666666405,6884,10,37,36,37,PLAYING,0.6717535257339478,-0.0010923892259597778,0.13164636492729187,0.015407892241130882,-0.10889126055768251,-0.003925320557416448,True,False,4,recoverable,False
57.433333333330715,6892,10,37,36,37,PLAYING,0.6727480292320251,-0.0010326281189918518,0.13156473636627197,0.014866629121676984,-0.10882628120684797,-0.003932428150338757,True,False,4,recoverable,False
57.49999999999738,6900,10,37,36,37,PLAYING,0.6736992597579956,-0.000990360975265503,0.13153596222400665,0.014461902139051921,-0.10843476282155802,-0.003931735956602075,True,False,4,recoverable,False
57.56666666666404,6908,10,37,36,37,PLAYING,0.6746122241020203,-0.001001596450805664,0.13163673877716064,0.01463565617581658,-0.10832979771084474,-0.003982574571922814,True,False,4,recoverable,False
57.633333333330704,6916,10,37,36,37,PLAYING,0.6755130887031555,-0.0010151267051696777,0.1317330300807953,0.014842860804063527,-0.10825066870036018,-0.004017562857928399,True,False,4,recoverable,False
57.69999999999737,6924,10,37,36,37,PLAYING,0.6764458417892456,-0.0010233819484710693,0.13181260228157043,0.014980184743522492,-0.10820513601501139,-0.00404220736015698,True,False,4,recoverable,False
57.76666666666403,6932,10,37,36,37,PLAYING,0.6774088144302368,-0.0010256171226501465,0.13187526166439056,0.015107371622547529,-0.10816619174222615,-0.004111908196998627,True,False,4,recoverable,False
57.83333333333069,6940,10,37,36,37,PLAYING,0.678387463092804,-0.001030854880809784,0.13191691040992737,0.01521991748538181,-0.10812760526671263,-0.004156968010900059,True,False,4,recoverable,False
57.899999999997355,6948,10,37,36,37,PLAYING,0.6793795824050903,-0.001036316156387329,0.1319386214017868,0.015322808851606537,-0.10809304049934143,-0.004202226355660527,True,False,4,recoverable,False
57.96666666666402,6956,10,37,36,37,PLAYING,0.6803922653198242,-0.0010393336415290833,0.13194146752357483,0.01540141249525535,-0.10806422590374264,-0.004238144430270732,True,False,4,recoverable,False
58.03333333333068,6964,10,37,36,37,PLAYING,0.6814237236976624,-0.0010428950190544128,0.1319221407175064,0.01545051114981078,-0.10806147667533393,-0.004274325030911132,True,False,4,recoverable,False
58.099999999997344,6972,10,37,36,37,PLAYING,0.6824550628662109,-0.0010497793555259705,0.1318839192390442,0.015552252554379978,-0.10800847459214488,-0.00429376961501832,True,False,4,recoverable,False
58.16666666666401,6980,10,37,36,37,PLAYING,0.6835057735443115,-0.0010553598403930664,0.1318162977695465,0.015646657825915435,-0.10799367751078026,-0.004339600886380963,True,False,4,recoverable,False
58.23333333333067,6988,10,37,36,37,PLAYING,0.6845293641090393,-0.001085631549358368,0.13182300329208374,0.015942060575826176,-0.10822007647886862,-0.004364674807476895,True,False,4,recoverable,False
58.29999999999733,6996,10,37,36,37,PLAYING,0.6855363845825195,-0.0011281073093414307,0.1318383812904358,0.01637516631277949,-0.10835486852081933,-0.004393358440382501,True,False,4,recoverable,False
58.366666666663995,7004,10,38,38,38,PLAYING,0.6856135129928589,-0.0011303573846817017,0.1318495273590088,0.01635502492506281,-0.10837186386619847,-0.004376680592801524,True,False,4,stable,False
58.43333333333066,7012,11,39,38,39,PLAYING,0.6849613785743713,-0.0006867945194244385,0.13032099604606628,0.012286876734410472,-0.10428938499680211,-0.004226492115175713,True,False,4,recoverable,False
58.49999999999732,7020,11,39,38,39,PLAYING,0.6849595904350281,-0.0004374310374259949,0.12944796681404114,0.009942538960480888,-0.10215450702912966,-0.004150304803403919,True,False,4,recoverable,False
58.566666666663984,7028,11,39,38,39,PLAYING,0.685073971748352,-0.0003108009696006775,0.12895053625106812,0.008746045582703098,-0.10101086918375393,-0.004116339953839505,True,False,3,recoverable,False
58.63333333333065,7036,11,40,39,40,PLAYING,0.6851087212562561,-0.000212155282497406,0.1285095512866974,0.007840439549770647,-0.09983517225365428,-0.004080023606920717,True,False,3,recoverable,False
58.69999999999731,7044,11,40,39,40,PLAYING,0.6852571368217468,-0.00017376244068145752,0.12826913595199585,0.007491337349753901,-0.09924257369112723,-0.0040633422731389595,True,False,3,recoverable,False
58.76666666666397,7052,11,40,39,40,PLAYING,0.6855108737945557,-0.0001893267035484314,0.12822166085243225,0.007629988475662939,-0.09919784993930532,-0.0040681850456323315,True,False,3,recoverable,False
58.833333333330636,7060,11,40,39,40,PLAYING,0.6856990456581116,-0.00018766522407531738,0.12811417877674103,0.007612843373025251,-0.09897119853667093,-0.004066628163211246,True,False,3,recoverable,False
58.8999999999973,7068,11,40,39,40,PLAYING,0.6858800053596497,-0.00018931925296783447,0.1280198097229004,0.0076220255265229036,-0.09878352872698923,-0.004065676917632024,True,False,3,recoverable,False
58.96666666666396,7076,11,40,39,40,PLAYING,0.6860474944114685,-0.0001874491572380066,0.12791819870471954,0.007597475862579592,-0.09855090682124107,-0.004063215365904438,True,False,3,recoverable,False
59.033333333330624,7084,11,40,39,40,PLAYING,0.6862010955810547,-0.00018087029457092285,0.12779933214187622,0.007533035915763463,-0.09826282127003864,-0.0040589065390793455,True,False,3,recoverable,False
59.09999999999729,7092,11,41,40,41,PLAYING,0.6863197684288025,-0.00016757845878601074,0.1276503950357437,0.007411074598227614,-0.09786864298075276,-0.004054119638466508,True,False,3,recoverable,False
59.16666666666395,7100,11,41,40,41,PLAYING,0.6865068078041077,-0.00016523152589797974,0.1275576502084732,0.00740662750463127,-0.09767082293514368,-0.004046566871340354,True,False,3,recoverable,False
59.23333333333061,7108,11,42,41,42,PLAYING,0.6866459846496582,-0.00016286224126815796,0.12745213508605957,0.007384611364915797,-0.09739454673223619,-0.004044305236970891,True,False,3,recoverable,False
59.299999999997276,7116,11,42,41,42,PLAYING,0.6868436932563782,-0.00016339123249053955,0.12737074494361877,0.007388999274799391,-0.09722866558235166,-0.0040426727805918635,True,False,3,recoverable,False
59.36666666666394,7124,11,43,42,43,PLAYING,0.6870172619819641,-0.00016494840383529663,0.12729069590568542,0.007402686609445146,-0.09703631550928803,-0.004039520661189488,True,False,3,recoverable,False
59.4333333333306,7132,11,43,42,43,PLAYING,0.6871708035469055,-0.00016571581363677979,0.12720909714698792,0.0074092527622823656,-0.09683106465609262,-0.004037530845901708,True,False,3,recoverable,False
59.499999999997264,7140,11,44,43,44,PLAYING,0.6872639656066895,-0.00015806406736373901,0.1271010935306549,0.007341066863159782,-0.09652682688072123,-0.0040325939637398285,True,False,3,recoverable,False
59.56666666666393,7148,11,45,44,45,PLAYING,0.687380313873291,-0.00015300512313842773,0.12701064348220825,0.007294576530519201,-0.09628725280486497,-0.004030699559098099,True,False,3,recoverable,False
59.63333333333059,7156,11,45,44,45,PLAYING,0.6875137090682983,-0.00015090405941009521,0.12693248689174652,0.007270423627322551,-0.09610329327203875,-0.00402762669096214,True,False,3,recoverable,False
59.69999999999725,7164,11,46,45,46,PLAYING,0.6876128911972046,-0.00014513731002807617,0.12683725357055664,0.007215753565570906,-0.09585376575224931,-0.004024837247559465,True,False,3,recoverable,False
59.766666666663916,7172,12,47,46,47,PLAYING,0.6906708478927612,0.0007764175534248352,0.12406937032938004,-0.002370054226633354,-0.09961439887881451,-0.004603033711384428,True,False,3,recoverable,False
59.83333333333058,7180,12,47,46,47,PLAYING,0.6984043121337891,0.0019707828760147095,0.11441563814878464,-0.03372539623107543,-0.10316173330228214,-0.009073959292002828,True,False,3,recoverable,False
59.89999999999724,7188,12,47,46,47,PLAYING,0.70744788646698,0.0030378401279449463,0.10456345230340958,-0.06686044012418664,-0.10510731076902856,-0.011481991996507294,True,False,3,recoverable,False
59.966666666663905,7196,12,47,46,47,PLAYING,0.7179279923439026,0.002492763102054596,0.0971570685505867,-0.09116093969001593,-0.1062358266810913,-0.015315301330143694,True,False,3,recoverable,False
60.03333333333057,7204,12,48,47,48,PLAYING,0.7300602793693542,0.0006112977862358093,0.09347771108150482,-0.1036388228008501,-0.10684675185942763,-0.021141363545981246,True,False,3,recoverable,False
60.09999999999723,7212,12,48,47,48,PLAYING,0.741993248462677,-0.001715153455734253,0.0887327641248703,-0.11859507638627176,-0.10716471294273305,-0.027168082642538786,True,False,3,recoverable,False
60.16666666666389,7220,12,49,48,49,PLAYING,0.7483731508255005,-0.0024278685450553894,0.0858275443315506,-0.12980555054450627,-0.1060701585160093,-0.028908125581776096,True,False,3,recoverable,False
60.233333333330556,7228,12,50,49,50,PLAYING,0.7541985511779785,-0.003496728837490082,0.0814553052186966,-0.1420139765853367,-0.107345344163,-0.030709710040678292,True,False,3,recoverable,False
60.29999999999722,7236,12,50,49,50,PLAYING,0.7594205141067505,-0.004285767674446106,0.07682648301124573,-0.15678913225819702,-0.10689324568471552,-0.031623124965520034,True,False,3,recoverable,False
60.36666666666388,7244,13,51,50,51,PLAYING,0.7613621950149536,-0.004214659333229065,0.0743420273065567,-0.1663514984851978,-0.1055146192823176,-0.030945135784928142,True,False,3,recoverable,False
60.433333333330545,7252,13,51,50,51,PLAYING,0.762470006942749,-0.004057437181472778,0.07258926331996918,-0.17421151696623052,-0.10291186801865897,-0.030371741443512536,True,False,2,recoverable,False
60.49999999999721,7260,13,51,50,51,PLAYING,0.7633094787597656,-0.003611065447330475,0.07008979469537735,-0.18873058528803174,-0.09491357512934367,-0.029978323221023884,True,False,2,recoverable,False
60.56666666666387,7268,13,51,50,51,PLAYING,0.7642505168914795,-0.002854660153388977,0.06647306680679321,-0.2123782431306632,-0.08063539452188707,-0.02971444569683764,True,False,2,recoverable,False
60.63333333333053,7276,13,52,51,52,PLAYING,0.7653933167457581,-0.0019434019923210144,0.06184624880552292,-0.24311077571188253,-0.062047177367196345,-0.02986132184803159,True,False,3,recoverable,False
60.699999999997196,7284,13,52,51,52,PLAYING,0.7657147645950317,-0.0019437596201896667,0.06124361604452133,-0.24565996102232815,-0.06080898486315743,-0.029924364110074993,True,False,3,recoverable,False
60.76666666666386,7292,13,52,51,52,PLAYING,0.7658494710922241,-0.0020606815814971924,0.06097949296236038,-0.24507939798292216,-0.06139608758266765,-0.029891424859870362,True,False,3,recoverable,False
60.83333333333052,7300,13,53,52,53,PLAYING,0.7659468054771423,-0.0021767839789390564,0.06073380261659622,-0.24461922230341493,-0.061844072905660956,-0.029875913193369796,True,False,3,recoverable,False
60.899999999997185,7308,13,53,52,53,PLAYING,0.7660383582115173,-0.0022820159792900085,0.06050573289394379,-0.24406001806430366,-0.06228734093389549,-0.02982302289607349,True,False,3,recoverable,False
60.96666666666385,7316,13,54,53,54,PLAYING,0.7661153078079224,-0.002377144992351532,0.060300372540950775,-0.24367970243324918,-0.06259334048547424,-0.029852640286356202,True,False,3,recoverable,False
61.03333333333051,7324,13,54,53,54,PLAYING,0.766202449798584,-0.0024687573313713074,0.06010647863149643,-0.2432193057699772,-0.06293776680592482,-0.02980280406504908,True,False,3,recoverable,False
61.09999999999717,7332,13,55,54,55,PLAYING,0.7662141919136047,-0.002549871802330017,0.05992761254310608,-0.24271759776325885,-0.06315564702088915,-0.029811028708729218,True,False,3,recoverable,False
61.166666666663836,7340,13,55,54,55,PLAYING,0.7663158774375916,-0.002635560929775238,0.05976419150829315,-0.2422177922457806,-0.0635055003077181,-0.02979649931963239,True,False,3,recoverable,False
61.2333333333305,7348,13,55,54,55,PLAYING,0.7664089202880859,-0.0027156174182891846,0.059613779187202454,-0.2417821243984998,-0.06381614461439453,-0.029789235348506665,True,False,3,recoverable,False
61.29999999999716,7356,13,55,54,55,PLAYING,0.7664799690246582,-0.002781584858894348,0.05946911871433258,-0.24138939791063496,-0.06407350802323256,-0.029781779501916756,True,False,3,recoverable,False
61.366666666663825,7364,13,55,54,55,PLAYING,0.7665305733680725,-0.002834722399711609,0.059337012469768524,-0.24091971819793823,-0.06429482382694406,-0.029785147183190263,True,False,3,recoverable,False
61.43333333333049,7372,13,55,54,55,PLAYING,0.7665761709213257,-0.002893976867198944,0.05921260267496109,-0.24056218765214937,-0.0644862110526137,-0.029801414251618818,True,False,3,recoverable,False
61.49999999999715,7380,13,56,55,56,PLAYING,0.7665848731994629,-0.002948381006717682,0.05909326672554016,-0.24011274700465302,-0.06462057268790143,-0.029846764471341217,True,False,3,recoverable,False
61.566666666663814,7388,13,56,55,56,PLAYING,0.7666466236114502,-0.0030020475387573242,0.058989860117435455,-0.2397718106170408,-0.06481294088364963,-0.029850930764484793,True,False,3,recoverable,False
61.63333333333048,7396,14,57,56,57,PLAYING,0.7666626572608948,-0.0030133426189422607,0.0589313805103302,-0.23962653922197374,-0.06471942376709414,-0.02988778906075414,True,False,3,recoverable,False
61.69999999999714,7404,14,57,56,57,PLAYING,0.7667390704154968,-0.0030776187777519226,0.05881335586309433,-0.2392150460811247,-0.06505531772810778,-0.029876488981716364,True,False,3,recoverable,False
61.7666666666638,7412,14,57,56,57,PLAYING,0.7667937278747559,-0.0031236857175827026,0.058719001710414886,-0.23887493667325624,-0.06527953187253041,-0.029868457641702446,True,False,3,recoverable,False
61.833333333330465,7420,14,58,57,58,PLAYING,0.7668339014053345,-0.0031590014696121216,0.05863931030035019,-0.23860355269651076,-0.0653852829672502,-0.029883379159626713,True,False,3,recoverable,False
61.89999999999713,7428,14,58,57,58,PLAYING,0.766886830329895,-0.003205306828022003,0.05855793505907059,-0.23824705188159395,-0.06556503951734637,-0.029900066382915667,True,False,3,recoverable,False
61.96666666666379,7436,14,59,58,59,PLAYING,0.7669500708580017,-0.0032437890768051147,0.05848769098520279,-0.2379450021278731,-0.0657372839327187,-0.029901124606069668,True,False,3,recoverable,False
62.033333333330454,7444,14,60,59,60,PLAYING,0.7669928073883057,-0.003271825611591339,0.05842972546815872,-0.23774485462836936,-0.06581370880557653,-0.02991147507696645,True,False,3,recoverable,False
62.09999999999712,7452,14,61,60,61,PLAYING,0.7670229077339172,-0.0032971426844596863,0.058376528322696686,-0.23755222345220525,-0.06582844810434782,-0.02993705541946064,True,False,4,recoverable,False
62.16666666666378,7460,14,61,60,61,PLAYING,0.7670908570289612,-0.003334425389766693,0.05831660330295563,-0.23725300443924982,-0.06599460965811713,-0.02994366556119773,True,False,4,recoverable,False
62.23333333333044,7468,14,61,60,61,PLAYING,0.7671706676483154,-0.003367692232131958,0.058260366320610046,-0.2369841084887763,-0.06617206099160951,-0.029936366828548958,True,False,4,recoverable,False
62.299999999997105,7476,14,62,61,62,PLAYING,0.7672020196914673,-0.003387458622455597,0.058221541345119476,-0.2368568037810058,-0.06616240195112545,-0.02995994246677129,True,False,4,recoverable,False
62.36666666666377,7484,14,62,61,62,PLAYING,0.767259418964386,-0.0034104660153388977,0.05817969888448715,-0.23667360948532246,-0.06624101227719073,-0.02996381279834398,True,False,4,recoverable,False
62.43333333333043,7492,14,63,62,63,PLAYING,0.7671715617179871,-0.0034075677394866943,0.058173373341560364,-0.23680718945251106,-0.06569463463081186,-0.030087049276619045,True,False,4,recoverable,False
62.499999999997094,7500,14,64,63,64,PLAYING,0.7661048769950867,-0.0032791420817375183,0.05834845453500748,-0.23937318304833985,-0.062315520540977394,-0.030952996878842485,True,False,4,recoverable,False
62.56666666666376,7508,14,64,63,64,PLAYING,0.7652156949043274,-0.0031798407435417175,0.058522626757621765,-0.24223755506994996,-0.05985835309033719,-0.03162129413403794,True,False,4,recoverable,False
62.63333333333042,7516,14,65,64,65,PLAYING,0.7645602822303772,-0.003110550343990326,0.05863829702138901,-0.2442139108039594,-0.0582988696636157,-0.03206952620498816,True,False,4,recoverable,False
62.69999999999708,7524,14,65,64,65,PLAYING,0.7639876008033752,-0.003050573170185089,0.058740049600601196,-0.24598070455841828,-0.057120387881809113,-0.032429938699308714,True,False,4,recoverable,False
62.766666666663745,7532,14,66,65,66,PLAYING,0.7637982964515686,-0.0030399784445762634,0.05875364691019058,-0.24626992385828653,-0.05700245668390463,-0.03248742800700664,True,False,4,recoverable,False
62.83333333333041,7540,14,67,66,67,PLAYING,0.7634263038635254,-0.003008626401424408,0.05880076438188553,-0.2472258988957884,-0.056440599558484794,-0.03267596754781416,True,False,4,recoverable,False
62.89999999999707,7548,14,67,66,67,PLAYING,0.7630540728569031,-0.002978809177875519,0.05884668231010437,-0.24806918565436986,-0.055987251951102705,-0.03284229172272729,True,False,4,recoverable,False
62.966666666663734,7556,15,68,67,68,PLAYING,0.7606139183044434,-0.0031812041997909546,0.05779214948415756,-0.2471837343996206,-0.049294866944001564,-0.03471175769196304,True,False,4,recoverable,False
63.0333333333304,7564,15,68,67,68,PLAYING,0.7590979933738708,-0.003307439386844635,0.05716188997030258,-0.24643137138947216,-0.045744383282679164,-0.03572716138838966,True,False,4,recoverable,False
63.09999999999706,7572,15,69,68,69,PLAYING,0.7583553194999695,-0.003337368369102478,0.056965410709381104,-0.24558819769998697,-0.04450919974999082,-0.03610913820342484,True,False,3,recoverable,False
63.16666666666372,7580,15,69,68,69,PLAYING,0.7582643628120422,-0.0032351836562156677,0.0573527067899704,-0.24505639259127104,-0.046129443779381794,-0.035745103243340286,True,False,3,recoverable,False
63.233333333330386,7588,15,70,69,70,PLAYING,0.7582153677940369,-0.003154762089252472,0.05763755738735199,-0.24447807324924758,-0.047457836775541974,-0.0354613793802339,True,False,3,recoverable,False
63.29999999999705,7596,15,70,69,70,PLAYING,0.7582055926322937,-0.0031129121780395508,0.057813286781311035,-0.24389629555034195,-0.04825988476401196,-0.03524932135628226,True,False,3,recoverable,False
63.36666666666371,7604,15,71,70,71,PLAYING,0.7581727504730225,-0.003083854913711548,0.05792950838804245,-0.2432857146106604,-0.048798987035996055,-0.03510230474087247,True,False,3,recoverable,False
63.433333333330374,7612,15,71,70,71,PLAYING,0.7581830024719238,-0.0030683428049087524,0.05802808701992035,-0.24277838852114197,-0.049405060506367705,-0.03494772851130376,True,False,3,recoverable,False
63.49999999999704,7620,15,72,71,72,PLAYING,0.7582619190216064,-0.0030411332845687866,0.05811318755149841,-0.2425512744215442,-0.0500866959510987,-0.034797518389636975,True,False,3,recoverable,False
63.5666666666637,7628,15,72,71,72,PLAYING,0.758232831954956,-0.0030353665351867676,0.05815389007329941,-0.24199004125043297,-0.050360740231618316,-0.034707364367331565,True,False,3,recoverable,False
63.63333333333036,7636,15,73,72,73,PLAYING,0.758215069770813,-0.003025949001312256,0.05819593369960785,-0.24150146110515885,-0.050594736244539786,-0.03463951448482807,True,False,3,recoverable,False
63.699999999997026,7644,15,74,73,74,PLAYING,0.7582170367240906,-0.003023698925971985,0.05822019279003143,-0.2410596662660453,-0.05089807762540659,-0.03454950958762972,True,False,3,recoverable,False
63.76666666666369,7652,15,75,74,75,PLAYING,0.758264422416687,-0.0030207559466362,0.058251023292541504,-0.24073775021442917,-0.051251810138930556,-0.03444851230530178,True,False,3,recoverable,False
63.83333333333035,7660,15,75,74,75,PLAYING,0.7582520246505737,-0.003014497458934784,0.058279313147068024,-0.2403816134729211,-0.0514334730932402,-0.03439831145815938,True,False,3,recoverable,False
63.899999999997014,7668,16,84,75,84,PLAYING,0.761280357837677,-0.002513587474822998,0.06363822519779205,-0.22817193938389183,-0.0490047557874063,-0.03332057780722749,True,False,3,recoverable,False
63.96666666666368,7676,16,84,75,84,PLAYING,0.7712684869766235,-0.0026998966932296753,0.07062474638223648,-0.206166702550384,-0.028242915390915925,-0.0349311243662449,True,False,3,recoverable,False
64.03333333333036,7684,16,84,75,84,PLAYING,0.783061146736145,-0.0035823583602905273,0.07395488023757935,-0.18821932456209314,0.0047801507321072875,-0.038581078691990504,True,False,3,recoverable,False
64.09999999999708,7692,16,84,75,84,PLAYING,0.7885226607322693,-0.005547553300857544,0.07150018215179443,-0.16109694054523147,0.06321479026414768,-0.045489096258958785,True,False,4,recoverable,False
64.1666666666638,7700,16,84,75,84,PLAYING,0.783919632434845,-0.005898736417293549,0.07045605033636093,-0.1491762646650686,0.08227506935505602,-0.046867069579181825,True,False,4,recoverable,False
64.23333333333052,7708,16,84,75,84,PLAYING,0.7834623456001282,-0.005594752728939056,0.07689210027456284,-0.13394653316711258,0.07571132403042492,-0.04352489549851899,True,False,4,recoverable,False
64.29999999999724,7716,16,84,75,84,PLAYING,0.7832634449005127,-0.005727879703044891,0.08236285299062729,-0.11753953092780724,0.0779716286684305,-0.041886579130619564,True,False,4,recoverable,False
64.36666666666396,7724,16,84,75,84,PLAYING,0.7821546196937561,-0.00595228374004364,0.08401761204004288,-0.11058418304954779,0.07936254422652915,-0.041377494859662384,True,False,4,recoverable,False
64.43333333333068,7732,16,84,75,84,PLAYING,0.7817910313606262,-0.0054454505443573,0.08385831117630005,-0.11304174982994541,0.07557560894447898,-0.03963984605917271,True,False,4,recoverable,False
64.4999999999974,7740,16,84,75,84,PLAYING,0.7802919149398804,-0.0050763338804244995,0.08193209022283554,-0.12081367930835159,0.07118496117602918,-0.03880863268388474,True,False,4,recoverable,False
64.56666666666412,7748,16,84,75,84,PLAYING,0.7789870500564575,-0.0048182085156440735,0.08276557177305222,-0.12494361055184815,0.05896038959817019,-0.03780073252608978,True,False,4,recoverable,False
64.63333333333084,7756,16,84,75,84,PLAYING,0.7775986790657043,-0.0045891255140304565,0.08707483857870102,-0.11817533416779541,0.04746322323928034,-0.03529398290288516,True,False,3,recoverable,False
64.69999999999756,7764,16,84,75,84,PLAYING,0.7756216526031494,-0.004416652023792267,0.09210122376680374,-0.10904841684315392,0.03491499706194968,-0.032353571855006744,True,False,3,recoverable,False
64.76666666666428,7772,16,84,75,84,PLAYING,0.7750239372253418,-0.003969661891460419,0.09656917303800583,-0.10756418997973456,0.016271597855254227,-0.030034787594901722,True,False,3,recoverable,False
64.833333333331,7780,16,84,75,84,PLAYING,0.7749276757240295,-0.004122711718082428,0.0991322472691536,-0.10421635379218906,0.007667230392158967,-0.02991626927754112,True,False,3,recoverable,False
64.89999999999772,7788,16,84,75,84,PLAYING,0.7747662663459778,-0.004224330186843872,0.10060840845108032,-0.10222255565620081,0.0023529526811819786,-0.02980072380787606,True,False,3,recoverable,False
64.96666666666444,7796,16,84,75,84,PLAYING,0.7749760150909424,-0.00428936630487442,0.10074162483215332,-0.10268230341954318,0.0019049211572500129,-0.030308816258246482,True,False,3,recoverable,False
65.03333333333116,7804,16,84,75,84,PLAYING,0.7748342752456665,-0.004278980195522308,0.10137540102005005,-0.10175543365047027,-0.00023964500796185386,-0.029979670894166862,True,False,3,recoverable,False
65.09999999999788,7812,16,84,75,84,PLAYING,0.7748103737831116,-0.00428781658411026,0.10182022303342819,-0.10100910792579447,-0.0013426959008286399,-0.029841715351820723,True,False,3,recoverable,False
65.1666666666646,7820,16,84,75,84,PLAYING,0.7747440338134766,-0.004315413534641266,0.10216806083917618,-0.10076624850970403,-0.002814517034542323,-0.02975505485593957,True,False,3,recoverable,False
65.23333333333132,7828,16,84,75,84,PLAYING,0.7747573852539062,-0.004324674606323242,0.10262667387723923,-0.10014507827667882,-0.003991389330536917,-0.02955524515971369,True,False,3,recoverable,False
65.29999999999804,7836,16,84,75,84,PLAYING,0.7746508717536926,-0.004350118339061737,0.10294975340366364,-0.09978633395473563,-0.005111057783679123,-0.02939384986624601,True,False,3,recoverable,False
65.36666666666476,7844,16,84,75,84,PLAYING,0.7745692729949951,-0.004358939826488495,0.10331135243177414,-0.09925492034629044,-0.0064053921248698785,-0.029206012576017557,True,False,3,recoverable,False
65.43333333333148,7852,16,84,75,84,PLAYING,0.7745096683502197,-0.004354037344455719,0.10358450561761856,-0.09902299855108175,-0.0073770418074790576,-0.02910228521350264,True,False,3,recoverable,False
65.4999999999982,7860,16,84,75,84,PLAYING,0.7744695544242859,-0.004342898726463318,0.10394853353500366,-0.0987747045303836,-0.008857638204269176,-0.028970050971565287,True,False,3,recoverable,False
65.56666666666491,7868,16,84,75,84,PLAYING,0.7744309902191162,-0.004331402480602264,0.10428726673126221,-0.09848335868660663,-0.010113816558525472,-0.02885786851434434,True,False,3,recoverable,False
65.63333333333163,7876,16,84,75,84,PLAYING,0.7743474245071411,-0.0043272823095321655,0.10456439107656479,-0.0982240668173177,-0.011138312015042829,-0.02874708546381429,True,False,3,recoverable,False
65.69999999999835,7884,16,84,75,84,PLAYING,0.774361789226532,-0.00431562215089798,0.10494925826787949,-0.09777991808238415,-0.012389533143081487,-0.028607113568617164,True,False,3,recoverable,False
65.76666666666507,7892,16,84,75,84,PLAYING,0.7743068337440491,-0.004314422607421875,0.10528629273176193,-0.09746346800222942,-0.013447013878978368,-0.028487188956769886,True,False,3,recoverable,False
65.8333333333318,7900,16,84,75,84,PLAYING,0.7742557525634766,-0.004309900104999542,0.10558413714170456,-0.09714998209528963,-0.014602463770046543,-0.028361559230443922,True,False,3,recoverable,False
65.89999999999851,7908,16,84,75,84,PLAYING,0.7741274833679199,-0.004312723875045776,0.10588794201612473,-0.09676618154736676,-0.015732122341160372,-0.028236972053660162,True,False,3,recoverable,False
65.96666666666523,7916,16,84,75,84,PLAYING,0.774093508720398,-0.004329703748226166,0.10623561590909958,-0.09661622782154894,-0.016993181658109372,-0.028143498736915788,True,False,3,recoverable,False
66.03333333333195,7924,16,84,75,84,PLAYING,0.774121105670929,-0.00432538241147995,0.10657566785812378,-0.09651473712636154,-0.018321750159290447,-0.027991751608982374,True,False,3,recoverable,False
66.09999999999867,7932,16,84,75,84,PLAYING,0.7740268707275391,-0.004347182810306549,0.10688821226358414,-0.09605393464812803,-0.019345106649935464,-0.02793624927141835,True,False,3,recoverable,False
66.16666666666539,7940,16,84,75,84,PLAYING,0.7739264965057373,-0.004348963499069214,0.10725249350070953,-0.09563255990133995,-0.020690754795831857,-0.027806399343034076,True,False,3,recoverable,False
66.23333333333211,7948,16,84,75,84,PLAYING,0.7739074230194092,-0.004372812807559967,0.10758695751428604,-0.0953150279714006,-0.021823448766102573,-0.027724848383868766,True,False,3,recoverable,False
66.29999999999883,7956,16,84,75,84,PLAYING,0.7738276720046997,-0.004377081990242004,0.10795249044895172,-0.09484930524963509,-0.02301159481792576,-0.02756951494523132,True,False,3,recoverable,False
66.36666666666555,7964,16,84,75,84,PLAYING,0.7737866640090942,-0.004362821578979492,0.108202263712883,-0.0946322177258971,-0.023837742990934413,-0.027486946352472365,True,False,3,recoverable,False
66.43333333333227,7972,16,84,75,84,IDLE,0.773754894733429,-0.0043548718094825745,0.10856842994689941,-0.0942773998498642,-0.0251460462843191,-0.027247662605278267,True,False,3,recoverable,False
66.43333333333227,7972,16,84,75,84,IDLE,0.773754894733429,-0.0043548718094825745,0.10856842994689941,-0.0942773998498642,-0.0251460462843191,-0.027247662605278267,True,False,3,recoverable,False
