source_version,source_step_index,source_step_id,source_event_indices,source_event_times_s,source_actual_recording_times_s,source_command_start_sim_times_s,source_atomic_batch_ids,source_atomic_event,plan_segment_index,plan_event_indices,commands,servo_target_deg,wheel_requested_target_rad_s,wheel_applied_target_rad_s,runtime_150_start_s,runtime_150_end_s,runtime_150_duration_s,runtime_150_servo_duration_s,runtime_150_wheel_duration_s,runtime_150_explicit_hold_s,counterfactual_30_start_s,counterfactual_30_end_s,counterfactual_30_duration_s,delta_30_minus_150_start_s,delta_30_minus_150_end_s,delta_30_minus_150_duration_s,concurrent_servo_wheel,expected_wheel_displacement_rad,command_provenance
v003_20260805_224517_157723_manual,1,step_001_recorded_height_050mm_dur_6.20s,[0],[3.599999999996726],[3.599999999996726],[465.91666666640725],[],False,0,[0],"[""servo rear_left_hip 19.6""]","{""rear_left_hip"":19.6}","{""front_left_ankle"":0.0,""front_right_ankle"":0.0,""rear_left_ankle"":0.0,""rear_right_ankle"":0.0}","{""front_left_ankle"":0.0,""front_right_ankle"":0.0,""rear_left_ankle"":0.0,""rear_right_ankle"":0.0}",0.0,0.13066666666666668,0.13066666666666668,0.13066666666666668,0.0,0.0,0.0,0.6533333333333334,0.6533333333333334,0.0,0.5226666666666667,0.5226666666666667,False,"{""front_left_ankle"":0.0,""front_right_ankle"":0.0,""rear_left_ankle"":0.0,""rear_right_ankle"":0.0}","[{""base_command"":""servo rear_left_hip 19.6"",""dispatch_command"":true,""mapping_error"":"""",""plan_event_index"":0,""source_event_index"":0,""source_expanded_index"":0,""source_step_index"":1}]"
v003_20260805_224517_157723_manual,1,step_001_recorded_height_050mm_dur_6.20s,[1],[3.999999999996362],[3.999999999996362],[466.3166666664069],[],False,1,[1],"[""servo rear_left_hip 25.9""]","{""rear_left_hip"":25.9}","{""front_left_ankle"":0.0,""front_right_ankle"":0.0,""rear_left_ankle"":0.0,""rear_right_ankle"":0.0}","{""front_left_ankle"":0.0,""front_right_ankle"":0.0,""rear_left_ankle"":0.0,""rear_right_ankle"":0.0}",0.13066666666666668,0.17266666666666666,0.04199999999999998,0.04199999999999998,0.0,0.0,0.6533333333333334,0.8633333333333333,0.20999999999999985,0.5226666666666667,0.6906666666666667,0.16799999999999987,False,"{""front_left_ankle"":0.0,""front_right_ankle"":0.0,""rear_left_ankle"":0.0,""rear_right_ankle"":0.0}","[{""base_command"":""servo rear_left_hip 25.9"",""dispatch_command"":true,""mapping_error"":"""",""plan_event_index"":1,""source_event_index"":1,""source_expanded_index"":0,""source_step_index"":1}]"
v003_20260805_224517_157723_manual,1,step_001_recorded_height_050mm_dur_6.20s,[2],[4.19999999999618],[4.19999999999618],[466.5166666664067],[],False,2,[2],"[""servo rear_left_hip 28.1""]","{""rear_left_hip"":28.1}","{""front_left_ankle"":0.0,""front_right_ankle"":0.0,""rear_left_ankle"":0.0,""rear_right_ankle"":0.0}","{""front_left_ankle"":0.0,""front_right_ankle"":0.0,""rear_left_ankle"":0.0,""rear_right_ankle"":0.0}",0.17266666666666666,0.18733333333333335,0.014666666666666689,0.014666666666666685,0.0,0.0,0.8633333333333333,0.9366666666666668,0.07333333333333347,0.6906666666666667,0.7493333333333334,0.058666666666666784,False,"{""front_left_ankle"":0.0,""front_right_ankle"":0.0,""rear_left_ankle"":0.0,""rear_right_ankle"":0.0}","[{""base_command"":""servo rear_left_hip 28.1"",""dispatch_command"":true,""mapping_error"":"""",""plan_event_index"":2,""source_event_index"":2,""source_expanded_index"":0,""source_step_index"":1}]"
v003_20260805_224517_157723_manual,2,step_002_recorded_height_050mm_dur_5.40s,[0],[2.399999999997817],[2.399999999997817],[482.58333333305876],[],False,3,[3],"[""servo front_right_hip 12.2""]","{""front_right_hip"":12.2}","{""front_left_ankle"":0.0,""front_right_ankle"":0.0,""rear_left_ankle"":0.0,""rear_right_ankle"":0.0}","{""front_left_ankle"":0.0,""front_right_ankle"":0.0,""rear_left_ankle"":0.0,""rear_right_ankle"":0.0}",0.18733333333333335,0.26866666666666666,0.08133333333333331,0.08133333333333333,0.0,0.0,0.9366666666666668,1.3433333333333333,0.4066666666666665,0.7493333333333334,1.0746666666666667,0.3253333333333332,False,"{""front_left_ankle"":0.0,""front_right_ankle"":0.0,""rear_left_ankle"":0.0,""rear_right_ankle"":0.0}","[{""base_command"":""servo front_right_hip 12.2"",""dispatch_command"":true,""mapping_error"":"""",""plan_event_index"":3,""source_event_index"":0,""source_expanded_index"":0,""source_step_index"":2}]"
v003_20260805_224517_157723_manual,2,step_002_recorded_height_050mm_dur_5.40s,[1],[2.7999999999974534],[2.7999999999974534],[482.9833333330584],[],False,4,[4],"[""servo front_right_hip 36.5""]","{""front_right_hip"":36.5}","{""front_left_ankle"":0.0,""front_right_ankle"":0.0,""rear_left_ankle"":0.0,""rear_right_ankle"":0.0}","{""front_left_ankle"":0.0,""front_right_ankle"":0.0,""rear_left_ankle"":0.0,""rear_right_ankle"":0.0}",0.26866666666666666,0.43066666666666664,0.16199999999999998,0.162,0.0,0.0,1.3433333333333333,2.1533333333333333,0.81,1.0746666666666667,1.7226666666666666,0.6480000000000001,False,"{""front_left_ankle"":0.0,""front_right_ankle"":0.0,""rear_left_ankle"":0.0,""rear_right_ankle"":0.0}","[{""base_command"":""servo front_right_hip 36.5"",""dispatch_command"":true,""mapping_error"":"""",""plan_event_index"":4,""source_event_index"":1,""source_expanded_index"":0,""source_step_index"":2}]"
v003_20260805_224517_157723_manual,2,step_002_recorded_height_050mm_dur_5.40s,[2],[3.1999999999970896],[3.1999999999970896],[483.38333333305803],[],False,5,[5],"[""servo front_right_hip 43.9""]","{""front_right_hip"":43.9}","{""front_left_ankle"":0.0,""front_right_ankle"":0.0,""rear_left_ankle"":0.0,""rear_right_ankle"":0.0}","{""front_left_ankle"":0.0,""front_right_ankle"":0.0,""rear_left_ankle"":0.0,""rear_right_ankle"":0.0}",0.43066666666666664,0.48,0.04933333333333334,0.049333333333333326,0.0,0.0,2.1533333333333333,2.4,0.2466666666666666,1.7226666666666666,1.92,0.19733333333333325,False,"{""front_left_ankle"":0.0,""front_right_ankle"":0.0,""rear_left_ankle"":0.0,""rear_right_ankle"":0.0}","[{""base_command"":""servo front_right_hip 43.9"",""dispatch_command"":true,""mapping_error"":"""",""plan_event_index"":5,""source_event_index"":2,""source_expanded_index"":0,""source_step_index"":2}]"
v003_20260805_224517_157723_manual,3,step_003_recorded_height_050mm_dur_17.40s,[0],[2.5999999999976353],[2.5999999999976353],[500.7833333330422],[],False,6,[6],"[""wheel all 0.300""]",{},"{""front_left_ankle"":0.3,""front_right_ankle"":0.3,""rear_left_ankle"":0.3,""rear_right_ankle"":0.3}","{""front_left_ankle"":0.3,""front_right_ankle"":0.3,""rear_left_ankle"":0.3,""rear_right_ankle"":0.3}",0.48,13.479999999988234,12.999999999988233,0.0,12.999999999988233,0.0,2.4,15.399999999988234,12.999999999988233,1.92,1.92,0.0,False,"{""front_left_ankle"":3.89999999999647,""front_right_ankle"":3.89999999999647,""rear_left_ankle"":3.89999999999647,""rear_right_ankle"":3.89999999999647}","[{""base_command"":""wheel all 0.300"",""dispatch_command"":true,""mapping_error"":"""",""plan_event_index"":6,""source_event_index"":0,""source_expanded_index"":0,""source_step_index"":3}]"
v003_20260805_224517_157723_manual,3,step_003_recorded_height_050mm_dur_17.40s,[1],[15.599999999985869],[15.599999999985869],[513.7833333330304],[],False,7,[7],"[""wheel stop""]",{},"{""front_left_ankle"":0.0,""front_right_ankle"":0.0,""rear_left_ankle"":0.0,""rear_right_ankle"":0.0}","{""front_left_ankle"":0.0,""front_right_ankle"":0.0,""rear_left_ankle"":0.0,""rear_right_ankle"":0.0}",13.479999999988234,13.479999999988234,0.0,0.0,0.0,0.0,15.399999999988234,15.399999999988234,0.0,1.92,1.92,0.0,False,"{""front_left_ankle"":0.0,""front_right_ankle"":0.0,""rear_left_ankle"":0.0,""rear_right_ankle"":0.0}","[{""base_command"":""wheel stop"",""dispatch_command"":true,""mapping_error"":"""",""plan_event_index"":7,""source_event_index"":1,""source_expanded_index"":0,""source_step_index"":3}]"
v003_20260805_224517_157723_manual,4,step_004_recorded_height_050mm_dur_10.13s,[0],[2.9333333333306655],[2.9333333333306655],[533.3833333330126],[],False,8,[8],"[""servo front_right_knee 17.3""]","{""front_right_knee"":17.3}","{""front_left_ankle"":0.0,""front_right_ankle"":0.0,""rear_left_ankle"":0.0,""rear_right_ankle"":0.0}","{""front_left_ankle"":0.0,""front_right_ankle"":0.0,""rear_left_ankle"":0.0,""rear_right_ankle"":0.0}",13.479999999988234,13.595333333321568,0.11533333333333395,0.11533333333333334,0.0,0.0,15.399999999988234,15.9766666666549,0.5766666666666662,1.92,2.381333333333332,0.46133333333333226,False,"{""front_left_ankle"":0.0,""front_right_ankle"":0.0,""rear_left_ankle"":0.0,""rear_right_ankle"":0.0}","[{""base_command"":""servo front_right_knee 17.3"",""dispatch_command"":true,""mapping_error"":"""",""plan_event_index"":8,""source_event_index"":0,""source_expanded_index"":0,""source_step_index"":4}]"
v003_20260805_224517_157723_manual,4,step_004_recorded_height_050mm_dur_10.13s,[1],[3.3333333333303017],[3.3333333333303017],[533.7833333330123],[],False,9,[9],"[""servo front_right_knee 24.7""]","{""front_right_knee"":24.7}","{""front_left_ankle"":0.0,""front_right_ankle"":0.0,""rear_left_ankle"":0.0,""rear_right_ankle"":0.0}","{""front_left_ankle"":0.0,""front_right_ankle"":0.0,""rear_left_ankle"":0.0,""rear_right_ankle"":0.0}",13.595333333321568,13.644666666654901,0.04933333333333323,0.049333333333333326,0.0,0.0,15.9766666666549,16.223333333321566,0.24666666666666615,2.381333333333332,2.578666666666665,0.19733333333333292,False,"{""front_left_ankle"":0.0,""front_right_ankle"":0.0,""rear_left_ankle"":0.0,""rear_right_ankle"":0.0}","[{""base_command"":""servo front_right_knee 24.7"",""dispatch_command"":true,""mapping_error"":"""",""plan_event_index"":9,""source_event_index"":1,""source_expanded_index"":0,""source_step_index"":4}]"
v003_20260805_224517_157723_manual,4,step_004_recorded_height_050mm_dur_10.13s,[2],[4.9333333333288465],[4.9333333333288465],[535.3833333330108],[],False,10,[10],"[""servo front_right_hip 35.5""]","{""front_right_hip"":35.5}","{""front_left_ankle"":0.0,""front_right_ankle"":0.0,""rear_left_ankle"":0.0,""rear_right_ankle"":0.0}","{""front_left_ankle"":0.0,""front_right_ankle"":0.0,""rear_left_ankle"":0.0,""rear_right_ankle"":0.0}",13.644666666654901,13.7006666666549,0.05599999999999916,0.05599999999999999,0.0,0.0,16.223333333321566,16.503333333321567,0.28000000000000114,2.578666666666665,2.802666666666667,0.22400000000000198,False,"{""front_left_ankle"":0.0,""front_right_ankle"":0.0,""rear_left_ankle"":0.0,""rear_right_ankle"":0.0}","[{""base_command"":""servo front_right_hip 35.5"",""dispatch_command"":true,""mapping_error"":"""",""plan_event_index"":10,""source_event_index"":2,""source_expanded_index"":0,""source_step_index"":4}]"
v003_20260805_224517_157723_manual,4,step_004_recorded_height_050mm_dur_10.13s,[3],[5.333333333328483],[5.333333333328483],[535.7833333330104],[],False,11,[11],"[""servo front_right_hip 3.7""]","{""front_right_hip"":3.7}","{""front_left_ankle"":0.0,""front_right_ankle"":0.0,""rear_left_ankle"":0.0,""rear_right_ankle"":0.0}","{""front_left_ankle"":0.0,""front_right_ankle"":0.0,""rear_left_ankle"":0.0,""rear_right_ankle"":0.0}",13.7006666666549,13.9126666666549,0.21199999999999974,0.212,0.0,0.0,16.503333333321567,17.563333333321566,1.0599999999999987,2.802666666666667,3.650666666666666,0.847999999999999,False,"{""front_left_ankle"":0.0,""front_right_ankle"":0.0,""rear_left_ankle"":0.0,""rear_right_ankle"":0.0}","[{""base_command"":""servo front_right_hip 3.7"",""dispatch_command"":true,""mapping_error"":"""",""plan_event_index"":11,""source_event_index"":3,""source_expanded_index"":0,""source_step_index"":4}]"
v003_20260805_224517_157723_manual,4,step_004_recorded_height_050mm_dur_10.13s,[4],[5.733333333328119],[5.733333333328119],[536.1833333330101],[],False,12,[12],"[""servo front_right_hip -0.5""]","{""front_right_hip"":-0.5}","{""front_left_ankle"":0.0,""front_right_ankle"":0.0,""rear_left_ankle"":0.0,""rear_right_ankle"":0.0}","{""front_left_ankle"":0.0,""front_right_ankle"":0.0,""rear_left_ankle"":0.0,""rear_right_ankle"":0.0}",13.9126666666549,13.9406666666549,0.02800000000000047,0.028,0.0,0.0,17.563333333321566,17.703333333321567,0.14000000000000057,3.650666666666666,3.762666666666666,0.1120000000000001,False,"{""front_left_ankle"":0.0,""front_right_ankle"":0.0,""rear_left_ankle"":0.0,""rear_right_ankle"":0.0}","[{""base_command"":""servo front_right_hip -0.5"",""dispatch_command"":true,""mapping_error"":"""",""plan_event_index"":12,""source_event_index"":4,""source_expanded_index"":0,""source_step_index"":4}]"
v003_20260805_224517_157723_manual,4,step_004_recorded_height_050mm_dur_10.13s,[5],[6.133333333327755],[6.133333333327755],[536.5833333330097],[],False,13,[13],"[""servo front_right_hip -2.6""]","{""front_right_hip"":-2.6}","{""front_left_ankle"":0.0,""front_right_ankle"":0.0,""rear_left_ankle"":0.0,""rear_right_ankle"":0.0}","{""front_left_ankle"":0.0,""front_right_ankle"":0.0,""rear_left_ankle"":0.0,""rear_right_ankle"":0.0}",13.9406666666549,13.9546666666549,0.013999999999999346,0.014,0.0,0.0,17.703333333321567,17.773333333321567,0.07000000000000028,3.762666666666666,3.818666666666667,0.05600000000000094,False,"{""front_left_ankle"":0.0,""front_right_ankle"":0.0,""rear_left_ankle"":0.0,""rear_right_ankle"":0.0}","[{""base_command"":""servo front_right_hip -2.6"",""dispatch_command"":true,""mapping_error"":"""",""plan_event_index"":13,""source_event_index"":5,""source_expanded_index"":0,""source_step_index"":4}]"
v003_20260805_224517_157723_manual,4,step_004_recorded_height_050mm_dur_10.13s,[6],[6.9333333333270275],[6.9333333333270275],[537.383333333009],[],False,14,[14],"[""servo front_right_hip 1.6""]","{""front_right_hip"":1.6}","{""front_left_ankle"":0.0,""front_right_ankle"":0.0,""rear_left_ankle"":0.0,""rear_right_ankle"":0.0}","{""front_left_ankle"":0.0,""front_right_ankle"":0.0,""rear_left_ankle"":0.0,""rear_right_ankle"":0.0}",13.9546666666549,13.9826666666549,0.02800000000000047,0.028,0.0,0.0,17.773333333321567,17.913333333321567,0.14000000000000057,3.818666666666667,3.930666666666667,0.1120000000000001,False,"{""front_left_ankle"":0.0,""front_right_ankle"":0.0,""rear_left_ankle"":0.0,""rear_right_ankle"":0.0}","[{""base_command"":""servo front_right_hip 1.6"",""dispatch_command"":true,""mapping_error"":"""",""plan_event_index"":14,""source_event_index"":6,""source_expanded_index"":0,""source_step_index"":4}]"
v003_20260805_224517_157723_manual,4,step_004_recorded_height_050mm_dur_10.13s,[7],[7.333333333326664],[7.333333333326664],[537.7833333330086],[],False,15,[15],"[""servo front_right_hip 3.7""]","{""front_right_hip"":3.7}","{""front_left_ankle"":0.0,""front_right_ankle"":0.0,""rear_left_ankle"":0.0,""rear_right_ankle"":0.0}","{""front_left_ankle"":0.0,""front_right_ankle"":0.0,""rear_left_ankle"":0.0,""rear_right_ankle"":0.0}",13.9826666666549,13.9966666666549,0.013999999999999346,0.014,0.0,0.0,17.913333333321567,17.983333333321568,0.07000000000000028,3.930666666666667,3.986666666666668,0.05600000000000094,False,"{""front_left_ankle"":0.0,""front_right_ankle"":0.0,""rear_left_ankle"":0.0,""rear_right_ankle"":0.0}","[{""base_command"":""servo front_right_hip 3.7"",""dispatch_command"":true,""mapping_error"":"""",""plan_event_index"":15,""source_event_index"":7,""source_expanded_index"":0,""source_step_index"":4}]"
v003_20260805_224517_157723_manual,5,step_005_recorded_height_050mm_dur_21.20s,[0],[17.199999999984357],[17.199999999984357],[595.3166666662896],"[""f1ef4b66d2ca48cfa70949e14ef0ed1e""]",True,16,"[16,17,18,19,20,21,22,23,24]","[""servo front_left_hip 0"",""servo front_left_knee -14.5"",""servo front_right_hip 3.7"",""servo front_right_knee 24.7"",""servo rear_left_hip 28.1"",""servo rear_left_knee 0"",""servo rear_right_hip 0"",""servo rear_right_knee 0"",""wheel fl -1.05""]","{""front_left_hip"":0.0,""front_left_knee"":-14.5,""front_right_hip"":3.7,""front_right_knee"":24.7,""rear_left_hip"":28.1,""rear_left_knee"":0.0,""rear_right_hip"":0.0,""rear_right_knee"":0.0}","{""front_left_ankle"":-1.05,""front_right_ankle"":0.0,""rear_left_ankle"":0.0,""rear_right_ankle"":0.0}","{""front_left_ankle"":-1.05,""front_right_ankle"":0.0,""rear_left_ankle"":0.0,""rear_right_ankle"":0.0}",13.9966666666549,15.196666666653808,1.1999999999989086,0.09666666666666666,1.1999999999989086,0.0,17.983333333321568,19.183333333320476,1.1999999999989086,3.986666666666668,3.986666666666668,0.0,True,"{""front_left_ankle"":-1.259999999998854,""front_right_ankle"":0.0,""rear_left_ankle"":0.0,""rear_right_ankle"":0.0}","[{""base_command"":""servo front_left_hip 0"",""dispatch_command"":true,""mapping_error"":"""",""plan_event_index"":16,""source_event_index"":0,""source_expanded_index"":0,""source_step_index"":5},{""base_command"":""servo front_left_knee -14.5"",""dispatch_command"":true,""mapping_error"":"""",""plan_event_index"":17,""source_event_index"":0,""source_expanded_index"":1,""source_step_index"":5},{""base_command"":""servo front_right_hip 3.7"",""dispatch_command"":true,""mapping_error"":"""",""plan_event_index"":18,""source_event_index"":0,""source_expanded_index"":2,""source_step_index"":5},{""base_command"":""servo front_right_knee 24.7"",""dispatch_command"":true,""mapping_error"":"""",""plan_event_index"":19,""source_event_index"":0,""source_expanded_index"":3,""source_step_index"":5},{""base_command"":""servo rear_left_hip 28.1"",""dispatch_command"":true,""mapping_error"":"""",""plan_event_index"":20,""source_event_index"":0,""source_expanded_index"":4,""source_step_index"":5},{""base_command"":""servo rear_left_knee 0"",""dispatch_command"":true,""mapping_error"":"""",""plan_event_index"":21,""source_event_index"":0,""source_expanded_index"":5,""source_step_index"":5},{""base_command"":""servo rear_right_hip 0"",""dispatch_command"":true,""mapping_error"":"""",""plan_event_index"":22,""source_event_index"":0,""source_expanded_index"":6,""source_step_index"":5},{""base_command"":""servo rear_right_knee 0"",""dispatch_command"":true,""mapping_error"":"""",""plan_event_index"":23,""source_event_index"":0,""source_expanded_index"":7,""source_step_index"":5},{""base_command"":""wheel fl -1.05"",""dispatch_command"":true,""mapping_error"":"""",""plan_event_index"":24,""source_event_index"":0,""source_expanded_index"":8,""source_step_index"":5}]"
v003_20260805_224517_157723_manual,5,step_005_recorded_height_050mm_dur_21.20s,[1],[18.399999999983265],[18.399999999983265],[596.5166666662885],[],False,17,[25],"[""wheel stop""]",{},"{""front_left_ankle"":0.0,""front_right_ankle"":0.0,""rear_left_ankle"":0.0,""rear_right_ankle"":0.0}","{""front_left_ankle"":0.0,""front_right_ankle"":0.0,""rear_left_ankle"":0.0,""rear_right_ankle"":0.0}",15.196666666653808,15.196666666653808,0.0,0.0,0.0,0.0,19.183333333320476,19.183333333320476,0.0,3.986666666666668,3.986666666666668,0.0,False,"{""front_left_ankle"":0.0,""front_right_ankle"":0.0,""rear_left_ankle"":0.0,""rear_right_ankle"":0.0}","[{""base_command"":""wheel stop"",""dispatch_command"":true,""mapping_error"":"""",""plan_event_index"":25,""source_event_index"":1,""source_expanded_index"":0,""source_step_index"":5}]"
v003_20260805_224517_157723_manual,6,step_006_recorded_height_050mm_dur_8.40s,[0],[2.5999999999976353],[2.5999999999976353],[614.9166666662718],[],False,18,[26],"[""wheel all 0.300""]",{},"{""front_left_ankle"":0.3,""front_right_ankle"":0.3,""rear_left_ankle"":0.3,""rear_right_ankle"":0.3}","{""front_left_ankle"":0.3,""front_right_ankle"":0.3,""rear_left_ankle"":0.3,""rear_right_ankle"":0.3}",15.196666666653808,18.796666666650534,3.599999999996726,0.0,3.599999999996726,0.0,19.183333333320476,22.783333333317202,3.599999999996726,3.986666666666668,3.986666666666668,0.0,False,"{""front_left_ankle"":1.0799999999990177,""front_right_ankle"":1.0799999999990177,""rear_left_ankle"":1.0799999999990177,""rear_right_ankle"":1.0799999999990177}","[{""base_command"":""wheel all 0.300"",""dispatch_command"":true,""mapping_error"":"""",""plan_event_index"":26,""source_event_index"":0,""source_expanded_index"":0,""source_step_index"":6}]"
v003_20260805_224517_157723_manual,6,step_006_recorded_height_050mm_dur_8.40s,[1],[6.199999999994361],[6.199999999994361],[618.5166666662685],[],False,19,[27],"[""wheel stop""]",{},"{""front_left_ankle"":0.0,""front_right_ankle"":0.0,""rear_left_ankle"":0.0,""rear_right_ankle"":0.0}","{""front_left_ankle"":0.0,""front_right_ankle"":0.0,""rear_left_ankle"":0.0,""rear_right_ankle"":0.0}",18.796666666650534,18.796666666650534,0.0,0.0,0.0,0.0,22.783333333317202,22.783333333317202,0.0,3.986666666666668,3.986666666666668,0.0,False,"{""front_left_ankle"":0.0,""front_right_ankle"":0.0,""rear_left_ankle"":0.0,""rear_right_ankle"":0.0}","[{""base_command"":""wheel stop"",""dispatch_command"":true,""mapping_error"":"""",""plan_event_index"":27,""source_event_index"":1,""source_expanded_index"":0,""source_step_index"":6}]"
v003_20260805_224517_157723_manual,7,step_007_recorded_height_050mm_dur_11.40s,[0],[5.399999999995089],[5.399999999995089],[633.4499999995883],[],False,20,[28],"[""servo rear_left_hip 27.0""]","{""rear_left_hip"":27.0}","{""front_left_ankle"":0.0,""front_right_ankle"":0.0,""rear_left_ankle"":0.0,""rear_right_ankle"":0.0}","{""front_left_ankle"":0.0,""front_right_ankle"":0.0,""rear_left_ankle"":0.0,""rear_right_ankle"":0.0}",18.796666666650534,18.803999999983866,0.0073333333333316375,0.007333333333333343,0.0,0.0,22.783333333317202,22.819999999983867,0.03666666666666529,3.986666666666668,4.016000000000002,0.029333333333333655,False,"{""front_left_ankle"":0.0,""front_right_ankle"":0.0,""rear_left_ankle"":0.0,""rear_right_ankle"":0.0}","[{""base_command"":""servo rear_left_hip 27.0"",""dispatch_command"":true,""mapping_error"":"""",""plan_event_index"":28,""source_event_index"":0,""source_expanded_index"":0,""source_step_index"":7}]"
v003_20260805_224517_157723_manual,7,step_007_recorded_height_050mm_dur_11.40s,[1],[5.799999999994725],[5.799999999994725],[633.8499999995879],[],False,21,[29],"[""servo rear_left_hip 16.4""]","{""rear_left_hip"":16.4}","{""front_left_ankle"":0.0,""front_right_ankle"":0.0,""rear_left_ankle"":0.0,""rear_right_ankle"":0.0}","{""front_left_ankle"":0.0,""front_right_ankle"":0.0,""rear_left_ankle"":0.0,""rear_right_ankle"":0.0}",18.803999999983866,18.874666666650533,0.07066666666666777,0.07066666666666667,0.0,0.0,22.819999999983867,23.1733333333172,0.3533333333333317,4.016000000000002,4.298666666666666,0.28266666666666396,False,"{""front_left_ankle"":0.0,""front_right_ankle"":0.0,""rear_left_ankle"":0.0,""rear_right_ankle"":0.0}","[{""base_command"":""servo rear_left_hip 16.4"",""dispatch_command"":true,""mapping_error"":"""",""plan_event_index"":29,""source_event_index"":1,""source_expanded_index"":0,""source_step_index"":7}]"
v003_20260805_224517_157723_manual,7,step_007_recorded_height_050mm_dur_11.40s,[2],[6.199999999994361],[6.199999999994361],[634.2499999995875],[],False,22,[30],"[""servo rear_left_hip 2.6""]","{""rear_left_hip"":2.6}","{""front_left_ankle"":0.0,""front_right_ankle"":0.0,""rear_left_ankle"":0.0,""rear_right_ankle"":0.0}","{""front_left_ankle"":0.0,""front_right_ankle"":0.0,""rear_left_ankle"":0.0,""rear_right_ankle"":0.0}",18.874666666650533,18.966666666650532,0.09199999999999875,0.092,0.0,0.0,23.1733333333172,23.6333333333172,0.46000000000000085,4.298666666666666,4.666666666666668,0.3680000000000021,False,"{""front_left_ankle"":0.0,""front_right_ankle"":0.0,""rear_left_ankle"":0.0,""rear_right_ankle"":0.0}","[{""base_command"":""servo rear_left_hip 2.6"",""dispatch_command"":true,""mapping_error"":"""",""plan_event_index"":30,""source_event_index"":2,""source_expanded_index"":0,""source_step_index"":7}]"
v003_20260805_224517_157723_manual,7,step_007_recorded_height_050mm_dur_11.40s,[3],[6.599999999993997],[6.599999999993997],[634.6499999995872],[],False,23,[31],"[""servo rear_left_hip 1.6""]","{""rear_left_hip"":1.6}","{""front_left_ankle"":0.0,""front_right_ankle"":0.0,""rear_left_ankle"":0.0,""rear_right_ankle"":0.0}","{""front_left_ankle"":0.0,""front_right_ankle"":0.0,""rear_left_ankle"":0.0,""rear_right_ankle"":0.0}",18.966666666650532,18.9733333333172,0.006666666666667709,0.006666666666666667,0.0,0.0,23.6333333333172,23.666666666650535,0.03333333333333499,4.666666666666668,4.693333333333335,0.026666666666667282,False,"{""front_left_ankle"":0.0,""front_right_ankle"":0.0,""rear_left_ankle"":0.0,""rear_right_ankle"":0.0}","[{""base_command"":""servo rear_left_hip 1.6"",""dispatch_command"":true,""mapping_error"":"""",""plan_event_index"":31,""source_event_index"":3,""source_expanded_index"":0,""source_step_index"":7}]"
v003_20260805_224517_157723_manual,8,step_008_recorded_height_050mm_dur_14.20s,[0],[8.799999999991996],[8.799999999991996],[657.6499999995663],[],False,24,[32],"[""servo front_left_knee -25.1""]","{""front_left_knee"":-25.1}","{""front_left_ankle"":0.0,""front_right_ankle"":0.0,""rear_left_ankle"":0.0,""rear_right_ankle"":0.0}","{""front_left_ankle"":0.0,""front_right_ankle"":0.0,""rear_left_ankle"":0.0,""rear_right_ankle"":0.0}",18.9733333333172,19.043999999983868,0.07066666666666777,0.07066666666666667,0.0,0.0,23.666666666650535,24.019999999983867,0.3533333333333317,4.693333333333335,4.975999999999999,0.28266666666666396,False,"{""front_left_ankle"":0.0,""front_right_ankle"":0.0,""rear_left_ankle"":0.0,""rear_right_ankle"":0.0}","[{""base_command"":""servo front_left_knee -25.1"",""dispatch_command"":true,""mapping_error"":"""",""plan_event_index"":32,""source_event_index"":0,""source_expanded_index"":0,""source_step_index"":8}]"
v003_20260805_224517_157723_manual,8,step_008_recorded_height_050mm_dur_14.20s,[1],[9.199999999991633],[9.199999999991633],[658.0499999995659],[],False,25,[33],"[""servo front_left_knee -28.2""]","{""front_left_knee"":-28.2}","{""front_left_ankle"":0.0,""front_right_ankle"":0.0,""rear_left_ankle"":0.0,""rear_right_ankle"":0.0}","{""front_left_ankle"":0.0,""front_right_ankle"":0.0,""rear_left_ankle"":0.0,""rear_right_ankle"":0.0}",19.043999999983868,19.064666666650535,0.020666666666667055,0.020666666666666653,0.0,0.0,24.019999999983867,24.1233333333172,0.10333333333333172,4.975999999999999,5.058666666666664,0.08266666666666467,False,"{""front_left_ankle"":0.0,""front_right_ankle"":0.0,""rear_left_ankle"":0.0,""rear_right_ankle"":0.0}","[{""base_command"":""servo front_left_knee -28.2"",""dispatch_command"":true,""mapping_error"":"""",""plan_event_index"":33,""source_event_index"":1,""source_expanded_index"":0,""source_step_index"":8}]"
v003_20260805_224517_157723_manual,8,step_008_recorded_height_050mm_dur_14.20s,[2],[9.599999999991269],[9.599999999991269],[658.4499999995655],[],False,26,[34],"[""servo front_left_knee -29.3""]","{""front_left_knee"":-29.3}","{""front_left_ankle"":0.0,""front_right_ankle"":0.0,""rear_left_ankle"":0.0,""rear_right_ankle"":0.0}","{""front_left_ankle"":0.0,""front_right_ankle"":0.0,""rear_left_ankle"":0.0,""rear_right_ankle"":0.0}",19.064666666650535,19.071999999983866,0.0073333333333316375,0.007333333333333343,0.0,0.0,24.1233333333172,24.159999999983864,0.03666666666666529,5.058666666666664,5.087999999999997,0.029333333333333655,False,"{""front_left_ankle"":0.0,""front_right_ankle"":0.0,""rear_left_ankle"":0.0,""rear_right_ankle"":0.0}","[{""base_command"":""servo front_left_knee -29.3"",""dispatch_command"":true,""mapping_error"":"""",""plan_event_index"":34,""source_event_index"":2,""source_expanded_index"":0,""source_step_index"":8}]"
v003_20260805_224517_157723_manual,8,step_008_recorded_height_050mm_dur_14.20s,[3],[10.799999999990177],[10.799999999990177],[659.6499999995644],[],False,27,[35],"[""servo front_left_hip 2.6""]","{""front_left_hip"":2.6}","{""front_left_ankle"":0.0,""front_right_ankle"":0.0,""rear_left_ankle"":0.0,""rear_right_ankle"":0.0}","{""front_left_ankle"":0.0,""front_right_ankle"":0.0,""rear_left_ankle"":0.0,""rear_right_ankle"":0.0}",19.071999999983866,19.0893333333172,0.0173333333333332,0.017333333333333333,0.0,0.0,24.159999999983864,24.24666666665053,0.086666666666666,5.087999999999997,5.15733333333333,0.0693333333333328,False,"{""front_left_ankle"":0.0,""front_right_ankle"":0.0,""rear_left_ankle"":0.0,""rear_right_ankle"":0.0}","[{""base_command"":""servo front_left_hip 2.6"",""dispatch_command"":true,""mapping_error"":"""",""plan_event_index"":35,""source_event_index"":3,""source_expanded_index"":0,""source_step_index"":8}]"
v003_20260805_224517_157723_manual,8,step_008_recorded_height_050mm_dur_14.20s,[4],[11.199999999989814],[11.199999999989814],[660.0499999995641],[],False,28,[36],"[""servo front_left_hip 34.4""]","{""front_left_hip"":34.4}","{""front_left_ankle"":0.0,""front_right_ankle"":0.0,""rear_left_ankle"":0.0,""rear_right_ankle"":0.0}","{""front_left_ankle"":0.0,""front_right_ankle"":0.0,""rear_left_ankle"":0.0,""rear_right_ankle"":0.0}",19.0893333333172,19.3013333333172,0.21199999999999974,0.212,0.0,0.0,24.24666666665053,25.30666666665053,1.0599999999999987,5.15733333333333,6.005333333333329,0.847999999999999,False,"{""front_left_ankle"":0.0,""front_right_ankle"":0.0,""rear_left_ankle"":0.0,""rear_right_ankle"":0.0}","[{""base_command"":""servo front_left_hip 34.4"",""dispatch_command"":true,""mapping_error"":"""",""plan_event_index"":36,""source_event_index"":4,""source_expanded_index"":0,""source_step_index"":8}]"
v003_20260805_224517_157723_manual,8,step_008_recorded_height_050mm_dur_14.20s,[5],[11.59999999998945],[11.59999999998945],[660.4499999995637],[],False,29,[37],"[""servo front_left_hip 47.1""]","{""front_left_hip"":47.1}","{""front_left_ankle"":0.0,""front_right_ankle"":0.0,""rear_left_ankle"":0.0,""rear_right_ankle"":0.0}","{""front_left_ankle"":0.0,""front_right_ankle"":0.0,""rear_left_ankle"":0.0,""rear_right_ankle"":0.0}",19.3013333333172,19.385999999983866,0.08466666666666711,0.08466666666666668,0.0,0.0,25.30666666665053,25.72999999998386,0.423333333333332,6.005333333333329,6.343999999999994,0.3386666666666649,False,"{""front_left_ankle"":0.0,""front_right_ankle"":0.0,""rear_left_ankle"":0.0,""rear_right_ankle"":0.0}","[{""base_command"":""servo front_left_hip 47.1"",""dispatch_command"":true,""mapping_error"":"""",""plan_event_index"":37,""source_event_index"":5,""source_expanded_index"":0,""source_step_index"":8}]"
v003_20260805_224517_157723_manual,8,step_008_recorded_height_050mm_dur_14.20s,[6],[11.999999999989086],[11.999999999989086],[660.8499999995634],[],False,30,[38],"[""servo front_left_hip 53.5""]","{""front_left_hip"":53.5}","{""front_left_ankle"":0.0,""front_right_ankle"":0.0,""rear_left_ankle"":0.0,""rear_right_ankle"":0.0}","{""front_left_ankle"":0.0,""front_right_ankle"":0.0,""rear_left_ankle"":0.0,""rear_right_ankle"":0.0}",19.385999999983866,19.428666666650532,0.04266666666666552,0.04266666666666666,0.0,0.0,25.72999999998386,25.943333333317195,0.2133333333333347,6.343999999999994,6.514666666666663,0.1706666666666692,False,"{""front_left_ankle"":0.0,""front_right_ankle"":0.0,""rear_left_ankle"":0.0,""rear_right_ankle"":0.0}","[{""base_command"":""servo front_left_hip 53.5"",""dispatch_command"":true,""mapping_error"":"""",""plan_event_index"":38,""source_event_index"":6,""source_expanded_index"":0,""source_step_index"":8}]"
v003_20260805_224517_157723_manual,9,step_009_recorded_height_050mm_dur_10.60s,[0],[2.9333333333306655],[2.9333333333306655],[672.1833333328864],[],False,31,[39],"[""servo front_left_knee -12.4""]","{""front_left_knee"":-12.4}","{""front_left_ankle"":0.0,""front_right_ankle"":0.0,""rear_left_ankle"":0.0,""rear_right_ankle"":0.0}","{""front_left_ankle"":0.0,""front_right_ankle"":0.0,""rear_left_ankle"":0.0,""rear_right_ankle"":0.0}",19.428666666650532,19.541333333317198,0.1126666666666658,0.11266666666666665,0.0,0.0,25.943333333317195,26.506666666650528,0.5633333333333326,6.514666666666663,6.96533333333333,0.45066666666666677,False,"{""front_left_ankle"":0.0,""front_right_ankle"":0.0,""rear_left_ankle"":0.0,""rear_right_ankle"":0.0}","[{""base_command"":""servo front_left_knee -12.4"",""dispatch_command"":true,""mapping_error"":"""",""plan_event_index"":39,""source_event_index"":0,""source_expanded_index"":0,""source_step_index"":9}]"
v003_20260805_224517_157723_manual,9,step_009_recorded_height_050mm_dur_10.60s,[1],[3.3333333333303017],[3.3333333333303017],[672.583333332886],[],False,32,[40],"[""servo front_left_knee -8.1""]","{""front_left_knee"":-8.1}","{""front_left_ankle"":0.0,""front_right_ankle"":0.0,""rear_left_ankle"":0.0,""rear_right_ankle"":0.0}","{""front_left_ankle"":0.0,""front_right_ankle"":0.0,""rear_left_ankle"":0.0,""rear_right_ankle"":0.0}",19.541333333317198,19.569999999983864,0.028666666666666174,0.02866666666666667,0.0,0.0,26.506666666650528,26.649999999983862,0.14333333333333442,6.96533333333333,7.079999999999998,0.11466666666666825,False,"{""front_left_ankle"":0.0,""front_right_ankle"":0.0,""rear_left_ankle"":0.0,""rear_right_ankle"":0.0}","[{""base_command"":""servo front_left_knee -8.1"",""dispatch_command"":true,""mapping_error"":"""",""plan_event_index"":40,""source_event_index"":1,""source_expanded_index"":0,""source_step_index"":9}]"
v003_20260805_224517_157723_manual,9,step_009_recorded_height_050mm_dur_10.60s,[2],[4.666666666662422],[4.666666666662422],[673.9166666662181],[],False,33,[41],"[""servo front_left_hip 41.8""]","{""front_left_hip"":41.8}","{""front_left_ankle"":0.0,""front_right_ankle"":0.0,""rear_left_ankle"":0.0,""rear_right_ankle"":0.0}","{""front_left_ankle"":0.0,""front_right_ankle"":0.0,""rear_left_ankle"":0.0,""rear_right_ankle"":0.0}",19.569999999983864,19.647999999983863,0.0779999999999994,0.07800000000000001,0.0,0.0,26.649999999983862,27.039999999983863,0.39000000000000057,7.079999999999998,7.3919999999999995,0.31200000000000117,False,"{""front_left_ankle"":0.0,""front_right_ankle"":0.0,""rear_left_ankle"":0.0,""rear_right_ankle"":0.0}","[{""base_command"":""servo front_left_hip 41.8"",""dispatch_command"":true,""mapping_error"":"""",""plan_event_index"":41,""source_event_index"":2,""source_expanded_index"":0,""source_step_index"":9}]"
v003_20260805_224517_157723_manual,9,step_009_recorded_height_050mm_dur_10.60s,[3],[5.066666666662059],[5.066666666662059],[674.3166666662178],[],False,34,[42],"[""servo front_left_hip 34.4""]","{""front_left_hip"":34.4}","{""front_left_ankle"":0.0,""front_right_ankle"":0.0,""rear_left_ankle"":0.0,""rear_right_ankle"":0.0}","{""front_left_ankle"":0.0,""front_right_ankle"":0.0,""rear_left_ankle"":0.0,""rear_right_ankle"":0.0}",19.647999999983863,19.697333333317196,0.04933333333333323,0.049333333333333326,0.0,0.0,27.039999999983863,27.28666666665053,0.24666666666666615,7.3919999999999995,7.589333333333332,0.19733333333333292,False,"{""front_left_ankle"":0.0,""front_right_ankle"":0.0,""rear_left_ankle"":0.0,""rear_right_ankle"":0.0}","[{""base_command"":""servo front_left_hip 34.4"",""dispatch_command"":true,""mapping_error"":"""",""plan_event_index"":42,""source_event_index"":3,""source_expanded_index"":0,""source_step_index"":9}]"
v003_20260805_224517_157723_manual,9,step_009_recorded_height_050mm_dur_10.60s,[4],[5.466666666661695],[5.466666666661695],[674.7166666662174],[],False,35,[43],"[""servo front_left_hip 33.4""]","{""front_left_hip"":33.4}","{""front_left_ankle"":0.0,""front_right_ankle"":0.0,""rear_left_ankle"":0.0,""rear_right_ankle"":0.0}","{""front_left_ankle"":0.0,""front_right_ankle"":0.0,""rear_left_ankle"":0.0,""rear_right_ankle"":0.0}",19.697333333317196,19.703999999983864,0.006666666666667709,0.006666666666666667,0.0,0.0,27.28666666665053,27.319999999983864,0.03333333333333499,7.589333333333332,7.616,0.026666666666667282,False,"{""front_left_ankle"":0.0,""front_right_ankle"":0.0,""rear_left_ankle"":0.0,""rear_right_ankle"":0.0}","[{""base_command"":""servo front_left_hip 33.4"",""dispatch_command"":true,""mapping_error"":"""",""plan_event_index"":43,""source_event_index"":4,""source_expanded_index"":0,""source_step_index"":9}]"
v003_20260805_224517_157723_manual,9,step_009_recorded_height_050mm_dur_10.60s,[5],[7.599999999993088],[7.599999999993088],[676.8499999995488],[],False,36,[44],"[""servo front_left_hip 30.2""]","{""front_left_hip"":30.2}","{""front_left_ankle"":0.0,""front_right_ankle"":0.0,""rear_left_ankle"":0.0,""rear_right_ankle"":0.0}","{""front_left_ankle"":0.0,""front_right_ankle"":0.0,""rear_left_ankle"":0.0,""rear_right_ankle"":0.0}",19.703999999983864,19.7253333333172,0.021333333333334537,0.02133333333333333,0.0,0.0,27.319999999983864,27.42666666665053,0.10666666666666558,7.616,7.701333333333331,0.08533333333333104,False,"{""front_left_ankle"":0.0,""front_right_ankle"":0.0,""rear_left_ankle"":0.0,""rear_right_ankle"":0.0}","[{""base_command"":""servo front_left_hip 30.2"",""dispatch_command"":true,""mapping_error"":"""",""plan_event_index"":44,""source_event_index"":5,""source_expanded_index"":0,""source_step_index"":9}]"
v003_20260805_224517_157723_manual,9,step_009_recorded_height_050mm_dur_10.60s,[6],[7.999999999992724],[7.999999999992724],[677.2499999995484],[],False,37,[45],"[""servo front_left_hip 28.1""]","{""front_left_hip"":28.1}","{""front_left_ankle"":0.0,""front_right_ankle"":0.0,""rear_left_ankle"":0.0,""rear_right_ankle"":0.0}","{""front_left_ankle"":0.0,""front_right_ankle"":0.0,""rear_left_ankle"":0.0,""rear_right_ankle"":0.0}",19.7253333333172,19.739333333317198,0.013999999999999346,0.013999999999999986,0.0,0.0,27.42666666665053,27.49666666665053,0.07000000000000028,7.701333333333331,7.757333333333332,0.05600000000000094,False,"{""front_left_ankle"":0.0,""front_right_ankle"":0.0,""rear_left_ankle"":0.0,""rear_right_ankle"":0.0}","[{""base_command"":""servo front_left_hip 28.1"",""dispatch_command"":true,""mapping_error"":"""",""plan_event_index"":45,""source_event_index"":6,""source_expanded_index"":0,""source_step_index"":9}]"
v003_20260805_224517_157723_manual,10,step_010_recorded_height_050mm_dur_36.80s,[0],[2.199999999997999],[2.199999999997999],[686.0499999995404],[],False,38,[46],"[""wheel all 0.300""]",{},"{""front_left_ankle"":0.3,""front_right_ankle"":0.3,""rear_left_ankle"":0.3,""rear_right_ankle"":0.3}","{""front_left_ankle"":0.3,""front_right_ankle"":0.3,""rear_left_ankle"":0.3,""rear_right_ankle"":0.3}",19.739333333317198,52.00599999995452,32.26666666663732,0.0,32.26666666663732,0.0,27.49666666665053,59.76333333328785,32.26666666663732,7.757333333333332,7.757333333333328,0.0,False,"{""front_left_ankle"":9.679999999991196,""front_right_ankle"":9.679999999991196,""rear_left_ankle"":9.679999999991196,""rear_right_ankle"":9.679999999991196}","[{""base_command"":""wheel all 0.300"",""dispatch_command"":true,""mapping_error"":"""",""plan_event_index"":46,""source_event_index"":0,""source_expanded_index"":0,""source_step_index"":10}]"
v003_20260805_224517_157723_manual,10,step_010_recorded_height_050mm_dur_36.80s,[1],[34.46666666663532],[34.46666666663532],[718.3166666661778],[],False,39,[47],"[""wheel stop""]",{},"{""front_left_ankle"":0.0,""front_right_ankle"":0.0,""rear_left_ankle"":0.0,""rear_right_ankle"":0.0}","{""front_left_ankle"":0.0,""front_right_ankle"":0.0,""rear_left_ankle"":0.0,""rear_right_ankle"":0.0}",52.00599999995452,52.00599999995452,0.0,0.0,0.0,0.0,59.76333333328785,59.76333333328785,0.0,7.757333333333328,7.757333333333328,0.0,False,"{""front_left_ankle"":0.0,""front_right_ankle"":0.0,""rear_left_ankle"":0.0,""rear_right_ankle"":0.0}","[{""base_command"":""wheel stop"",""dispatch_command"":true,""mapping_error"":"""",""plan_event_index"":47,""source_event_index"":1,""source_expanded_index"":0,""source_step_index"":10}]"
v003_20260805_224517_157723_manual,11,step_011_recorded_height_050mm_dur_20.00s,[0],[14.199999999987085],[14.199999999987085],[339.8333333331886],"[""ddd7007fea0a4d3c965d4581f9322a77""]",True,40,"[48,49,50,51,52,53,54,55,56]","[""servo front_left_hip 28.1"",""servo front_left_knee -8.1"",""servo front_right_hip 3.7"",""servo front_right_knee -10.2"",""servo rear_left_hip 1.6"",""servo rear_left_knee 0"",""servo rear_right_hip 0"",""servo rear_right_knee 0"",""wheel fr -2.09""]","{""front_left_hip"":28.1,""front_left_knee"":-8.1,""front_right_hip"":3.7,""front_right_knee"":-10.2,""rear_left_hip"":1.6,""rear_left_knee"":0.0,""rear_right_hip"":0.0,""rear_right_knee"":0.0}","{""front_left_ankle"":0.0,""front_right_ankle"":-2.09,""rear_left_ankle"":0.0,""rear_right_ankle"":0.0}","{""front_left_ankle"":0.0,""front_right_ankle"":-2.09,""rear_left_ankle"":0.0,""rear_right_ankle"":0.0}",52.00599999995452,53.405999999953245,1.3999999999987267,0.23266666666666666,1.3999999999987267,0.0,59.76333333328785,61.16333333328657,1.3999999999987267,7.757333333333328,7.757333333333328,0.0,True,"{""front_left_ankle"":0.0,""front_right_ankle"":-2.9259999999973387,""rear_left_ankle"":0.0,""rear_right_ankle"":0.0}","[{""base_command"":""servo front_left_hip 28.1"",""dispatch_command"":true,""mapping_error"":"""",""plan_event_index"":48,""source_event_index"":0,""source_expanded_index"":0,""source_step_index"":11},{""base_command"":""servo front_left_knee -8.1"",""dispatch_command"":true,""mapping_error"":"""",""plan_event_index"":49,""source_event_index"":0,""source_expanded_index"":1,""source_step_index"":11},{""base_command"":""servo front_right_hip 3.7"",""dispatch_command"":true,""mapping_error"":"""",""plan_event_index"":50,""source_event_index"":0,""source_expanded_index"":2,""source_step_index"":11},{""base_command"":""servo front_right_knee -10.2"",""dispatch_command"":true,""mapping_error"":"""",""plan_event_index"":51,""source_event_index"":0,""source_expanded_index"":3,""source_step_index"":11},{""base_command"":""servo rear_left_hip 1.6"",""dispatch_command"":true,""mapping_error"":"""",""plan_event_index"":52,""source_event_index"":0,""source_expanded_index"":4,""source_step_index"":11},{""base_command"":""servo rear_left_knee 0"",""dispatch_command"":true,""mapping_error"":"""",""plan_event_index"":53,""source_event_index"":0,""source_expanded_index"":5,""source_step_index"":11},{""base_command"":""servo rear_right_hip 0"",""dispatch_command"":true,""mapping_error"":"""",""plan_event_index"":54,""source_event_index"":0,""source_expanded_index"":6,""source_step_index"":11},{""base_command"":""servo rear_right_knee 0"",""dispatch_command"":true,""mapping_error"":"""",""plan_event_index"":55,""source_event_index"":0,""source_expanded_index"":7,""source_step_index"":11},{""base_command"":""wheel fr -2.09"",""dispatch_command"":true,""mapping_error"":"""",""plan_event_index"":56,""source_event_index"":0,""source_expanded_index"":9,""source_step_index"":11}]"
v003_20260805_224517_157723_manual,11,step_011_recorded_height_050mm_dur_20.00s,[1],[15.599999999985812],[15.599999999985812],[341.2333333331873],[],False,41,[57],"[""wheel stop""]",{},"{""front_left_ankle"":0.0,""front_right_ankle"":0.0,""rear_left_ankle"":0.0,""rear_right_ankle"":0.0}","{""front_left_ankle"":0.0,""front_right_ankle"":0.0,""rear_left_ankle"":0.0,""rear_right_ankle"":0.0}",53.405999999953245,53.405999999953245,0.0,0.0,0.0,0.0,61.16333333328657,61.16333333328657,0.0,7.757333333333328,7.757333333333328,0.0,False,"{""front_left_ankle"":0.0,""front_right_ankle"":0.0,""rear_left_ankle"":0.0,""rear_right_ankle"":0.0}","[{""base_command"":""wheel stop"",""dispatch_command"":true,""mapping_error"":"""",""plan_event_index"":57,""source_event_index"":1,""source_expanded_index"":0,""source_step_index"":11}]"
v003_20260805_224517_157723_manual,12,step_012_recorded_height_050mm_dur_12.40s,[0],[4.9999999999954525],[4.9999999999954525],[385.83333333314675],[],False,42,[58],"[""servo rear_right_knee -4.9""]","{""rear_right_knee"":-4.9}","{""front_left_ankle"":0.0,""front_right_ankle"":0.0,""rear_left_ankle"":0.0,""rear_right_ankle"":0.0}","{""front_left_ankle"":0.0,""front_right_ankle"":0.0,""rear_left_ankle"":0.0,""rear_right_ankle"":0.0}",53.405999999953245,53.43866666661991,0.03266666666666396,0.03266666666666667,0.0,0.0,61.16333333328657,61.32666666661991,0.163333333333334,7.757333333333328,7.887999999999998,0.13066666666667004,False,"{""front_left_ankle"":0.0,""front_right_ankle"":0.0,""rear_left_ankle"":0.0,""rear_right_ankle"":0.0}","[{""base_command"":""servo rear_right_knee -4.9"",""dispatch_command"":true,""mapping_error"":"""",""plan_event_index"":58,""source_event_index"":0,""source_expanded_index"":0,""source_step_index"":12}]"
v003_20260805_224517_157723_manual,12,step_012_recorded_height_050mm_dur_12.40s,[1],[5.199999999995271],[5.199999999995271],[386.0333333331466],[],False,43,[59],"[""servo rear_right_knee -26.1""]","{""rear_right_knee"":-26.1}","{""front_left_ankle"":0.0,""front_right_ankle"":0.0,""rear_left_ankle"":0.0,""rear_right_ankle"":0.0}","{""front_left_ankle"":0.0,""front_right_ankle"":0.0,""rear_left_ankle"":0.0,""rear_right_ankle"":0.0}",53.43866666661991,53.579999999953245,0.14133333333333553,0.14133333333333334,0.0,0.0,61.32666666661991,62.03333333328657,0.7066666666666634,7.887999999999998,8.453333333333326,0.5653333333333279,False,"{""front_left_ankle"":0.0,""front_right_ankle"":0.0,""rear_left_ankle"":0.0,""rear_right_ankle"":0.0}","[{""base_command"":""servo rear_right_knee -26.1"",""dispatch_command"":true,""mapping_error"":"""",""plan_event_index"":59,""source_event_index"":1,""source_expanded_index"":0,""source_step_index"":12}]"
v003_20260805_224517_157723_manual,12,step_012_recorded_height_050mm_dur_12.40s,[2],[5.399999999995089],[5.399999999995089],[386.2333333331464],[],False,44,[60],"[""servo rear_right_knee -37.8""]","{""rear_right_knee"":-37.8}","{""front_left_ankle"":0.0,""front_right_ankle"":0.0,""rear_left_ankle"":0.0,""rear_right_ankle"":0.0}","{""front_left_ankle"":0.0,""front_right_ankle"":0.0,""rear_left_ankle"":0.0,""rear_right_ankle"":0.0}",53.579999999953245,53.65799999995325,0.07800000000000296,0.07799999999999997,0.0,0.0,62.03333333328657,62.42333333328657,0.39000000000000057,8.453333333333326,8.765333333333324,0.3119999999999976,False,"{""front_left_ankle"":0.0,""front_right_ankle"":0.0,""rear_left_ankle"":0.0,""rear_right_ankle"":0.0}","[{""base_command"":""servo rear_right_knee -37.8"",""dispatch_command"":true,""mapping_error"":"""",""plan_event_index"":60,""source_event_index"":2,""source_expanded_index"":0,""source_step_index"":12}]"
v003_20260805_224517_157723_manual,12,step_012_recorded_height_050mm_dur_12.40s,[3],[5.599999999994907],[5.599999999994907],[386.4333333331462],[],False,45,[61],"[""servo rear_right_knee -39.9""]","{""rear_right_knee"":-39.9}","{""front_left_ankle"":0.0,""front_right_ankle"":0.0,""rear_left_ankle"":0.0,""rear_right_ankle"":0.0}","{""front_left_ankle"":0.0,""front_right_ankle"":0.0,""rear_left_ankle"":0.0,""rear_right_ankle"":0.0}",53.65799999995325,53.67199999995325,0.014000000000002899,0.014000000000000009,0.0,0.0,62.42333333328657,62.49333333328657,0.07000000000000028,8.765333333333324,8.821333333333321,0.055999999999997385,False,"{""front_left_ankle"":0.0,""front_right_ankle"":0.0,""rear_left_ankle"":0.0,""rear_right_ankle"":0.0}","[{""base_command"":""servo rear_right_knee -39.9"",""dispatch_command"":true,""mapping_error"":"""",""plan_event_index"":61,""source_event_index"":3,""source_expanded_index"":0,""source_step_index"":12}]"
v003_20260805_224517_157723_manual,12,step_012_recorded_height_050mm_dur_12.40s,[4],[6.199999999994361],[6.199999999994361],[387.03333333314566],[],False,46,[62],"[""servo rear_right_knee -40.9""]","{""rear_right_knee"":-40.9}","{""front_left_ankle"":0.0,""front_right_ankle"":0.0,""rear_left_ankle"":0.0,""rear_right_ankle"":0.0}","{""front_left_ankle"":0.0,""front_right_ankle"":0.0,""rear_left_ankle"":0.0,""rear_right_ankle"":0.0}",53.67199999995325,53.67866666661992,0.006666666666667709,0.006666666666666667,0.0,0.0,62.49333333328657,62.5266666666199,0.03333333333333144,8.821333333333321,8.847999999999985,0.02666666666666373,False,"{""front_left_ankle"":0.0,""front_right_ankle"":0.0,""rear_left_ankle"":0.0,""rear_right_ankle"":0.0}","[{""base_command"":""servo rear_right_knee -40.9"",""dispatch_command"":true,""mapping_error"":"""",""plan_event_index"":62,""source_event_index"":4,""source_expanded_index"":0,""source_step_index"":12}]"
v003_20260805_224517_157723_manual,12,step_012_recorded_height_050mm_dur_12.40s,[5],[8.39999999999236],[8.39999999999236],[389.23333333314366],[],False,47,[63],"[""servo rear_right_hip -0.5""]","{""rear_right_hip"":-0.5}","{""front_left_ankle"":0.0,""front_right_ankle"":0.0,""rear_left_ankle"":0.0,""rear_right_ankle"":0.0}","{""front_left_ankle"":0.0,""front_right_ankle"":0.0,""rear_left_ankle"":0.0,""rear_right_ankle"":0.0}",53.67866666661992,53.68199999995325,0.0033333333333303017,0.0033333333333333335,0.0,0.0,62.5266666666199,62.54333333328657,0.01666666666666572,8.847999999999985,8.86133333333332,0.013333333333335418,False,"{""front_left_ankle"":0.0,""front_right_ankle"":0.0,""rear_left_ankle"":0.0,""rear_right_ankle"":0.0}","[{""base_command"":""servo rear_right_hip -0.5"",""dispatch_command"":true,""mapping_error"":"""",""plan_event_index"":63,""source_event_index"":5,""source_expanded_index"":0,""source_step_index"":12}]"
v003_20260805_224517_157723_manual,12,step_012_recorded_height_050mm_dur_12.40s,[6],[8.39999999999236],[8.39999999999236],[389.23333333314366],[],False,48,[64],"[""servo rear_right_hip -6.9""]","{""rear_right_hip"":-6.9}","{""front_left_ankle"":0.0,""front_right_ankle"":0.0,""rear_left_ankle"":0.0,""rear_right_ankle"":0.0}","{""front_left_ankle"":0.0,""front_right_ankle"":0.0,""rear_left_ankle"":0.0,""rear_right_ankle"":0.0}",53.68199999995325,53.72466666661992,0.04266666666666907,0.04266666666666667,0.0,0.0,62.54333333328657,62.7566666666199,0.21333333333333115,8.86133333333332,9.031999999999982,0.17066666666666208,False,"{""front_left_ankle"":0.0,""front_right_ankle"":0.0,""rear_left_ankle"":0.0,""rear_right_ankle"":0.0}","[{""base_command"":""servo rear_right_hip -6.9"",""dispatch_command"":true,""mapping_error"":"""",""plan_event_index"":64,""source_event_index"":6,""source_expanded_index"":0,""source_step_index"":12}]"
v003_20260805_224517_157723_manual,12,step_012_recorded_height_050mm_dur_12.40s,[7],[8.599999999992178],[8.599999999992178],[389.4333333331435],[],False,49,[65],"[""servo rear_right_hip -16.4""]","{""rear_right_hip"":-16.4}","{""front_left_ankle"":0.0,""front_right_ankle"":0.0,""rear_left_ankle"":0.0,""rear_right_ankle"":0.0}","{""front_left_ankle"":0.0,""front_right_ankle"":0.0,""rear_left_ankle"":0.0,""rear_right_ankle"":0.0}",53.72466666661992,53.78799999995325,0.06333333333333258,0.06333333333333332,0.0,0.0,62.7566666666199,63.07333333328657,0.31666666666667,9.031999999999982,9.28533333333332,0.2533333333333374,False,"{""front_left_ankle"":0.0,""front_right_ankle"":0.0,""rear_left_ankle"":0.0,""rear_right_ankle"":0.0}","[{""base_command"":""servo rear_right_hip -16.4"",""dispatch_command"":true,""mapping_error"":"""",""plan_event_index"":65,""source_event_index"":7,""source_expanded_index"":0,""source_step_index"":12}]"
v003_20260805_224517_157723_manual,12,step_012_recorded_height_050mm_dur_12.40s,[8],[8.799999999991996],[8.799999999991996],[389.6333333331433],[],False,50,[66],"[""servo rear_right_hip -17.5""]","{""rear_right_hip"":-17.5}","{""front_left_ankle"":0.0,""front_right_ankle"":0.0,""rear_left_ankle"":0.0,""rear_right_ankle"":0.0}","{""front_left_ankle"":0.0,""front_right_ankle"":0.0,""rear_left_ankle"":0.0,""rear_right_ankle"":0.0}",53.78799999995325,53.795333333286585,0.00733333333333519,0.007333333333333343,0.0,0.0,63.07333333328657,63.10999999995324,0.036666666666668846,9.28533333333332,9.314666666666653,0.029333333333333655,False,"{""front_left_ankle"":0.0,""front_right_ankle"":0.0,""rear_left_ankle"":0.0,""rear_right_ankle"":0.0}","[{""base_command"":""servo rear_right_hip -17.5"",""dispatch_command"":true,""mapping_error"":"""",""plan_event_index"":66,""source_event_index"":8,""source_expanded_index"":0,""source_step_index"":12}]"
v003_20260805_224517_157723_manual,12,step_012_recorded_height_050mm_dur_12.40s,[9],[8.999999999991815],[8.999999999991815],[389.8333333331431],[],False,51,[67],"[""servo rear_right_hip -23.8""]","{""rear_right_hip"":-23.8}","{""front_left_ankle"":0.0,""front_right_ankle"":0.0,""rear_left_ankle"":0.0,""rear_right_ankle"":0.0}","{""front_left_ankle"":0.0,""front_right_ankle"":0.0,""rear_left_ankle"":0.0,""rear_right_ankle"":0.0}",53.795333333286585,53.83733333328659,0.04200000000000159,0.042,0.0,0.0,63.10999999995324,63.31999999995324,0.21000000000000085,9.314666666666653,9.482666666666653,0.16799999999999926,False,"{""front_left_ankle"":0.0,""front_right_ankle"":0.0,""rear_left_ankle"":0.0,""rear_right_ankle"":0.0}","[{""base_command"":""servo rear_right_hip -23.8"",""dispatch_command"":true,""mapping_error"":"""",""plan_event_index"":67,""source_event_index"":9,""source_expanded_index"":0,""source_step_index"":12}]"
v003_20260805_224517_157723_manual,12,step_012_recorded_height_050mm_dur_12.40s,[10],[9.199999999991633],[9.199999999991633],[390.03333333314293],[],False,52,[68],"[""servo rear_right_hip -28.1""]","{""rear_right_hip"":-28.1}","{""front_left_ankle"":0.0,""front_right_ankle"":0.0,""rear_left_ankle"":0.0,""rear_right_ankle"":0.0}","{""front_left_ankle"":0.0,""front_right_ankle"":0.0,""rear_left_ankle"":0.0,""rear_right_ankle"":0.0}",53.83733333328659,53.86599999995325,0.028666666666666174,0.02866666666666667,0.0,0.0,63.31999999995324,63.46333333328657,0.14333333333333087,9.482666666666653,9.597333333333317,0.1146666666666647,False,"{""front_left_ankle"":0.0,""front_right_ankle"":0.0,""rear_left_ankle"":0.0,""rear_right_ankle"":0.0}","[{""base_command"":""servo rear_right_hip -28.1"",""dispatch_command"":true,""mapping_error"":"""",""plan_event_index"":68,""source_event_index"":10,""source_expanded_index"":0,""source_step_index"":12}]"
v003_20260805_224517_157723_manual,12,step_012_recorded_height_050mm_dur_12.40s,[11],[9.39999999999145],[9.39999999999145],[390.23333333314275],[],False,53,[69],"[""servo rear_right_hip -31.2""]","{""rear_right_hip"":-31.2}","{""front_left_ankle"":0.0,""front_right_ankle"":0.0,""rear_left_ankle"":0.0,""rear_right_ankle"":0.0}","{""front_left_ankle"":0.0,""front_right_ankle"":0.0,""rear_left_ankle"":0.0,""rear_right_ankle"":0.0}",53.86599999995325,53.88666666661992,0.020666666666663502,0.020666666666666653,0.0,0.0,63.46333333328657,63.5666666666199,0.10333333333333172,9.597333333333317,9.679999999999986,0.08266666666666822,False,"{""front_left_ankle"":0.0,""front_right_ankle"":0.0,""rear_left_ankle"":0.0,""rear_right_ankle"":0.0}","[{""base_command"":""servo rear_right_hip -31.2"",""dispatch_command"":true,""mapping_error"":"""",""plan_event_index"":69,""source_event_index"":11,""source_expanded_index"":0,""source_step_index"":12}]"
v003_20260805_224517_157723_manual,13,step_013_recorded_height_050mm_dur_9.93s,[0],[1.1333333333323026],[1.1333333333323026],[396.5666666664703],[],False,54,[70],"[""wheel all 0.300""]",{},"{""front_left_ankle"":0.3,""front_right_ankle"":0.3,""rear_left_ankle"":0.3,""rear_right_ankle"":0.3}","{""front_left_ankle"":0.3,""front_right_ankle"":0.3,""rear_left_ankle"":0.3,""rear_right_ankle"":0.3}",53.88666666661992,60.88666666661355,6.9999999999936335,0.0,6.9999999999936335,0.0,63.5666666666199,70.56666666661354,6.999999999993641,9.679999999999986,9.679999999999993,7.105427357601002e-15,False,"{""front_left_ankle"":2.09999999999809,""front_right_ankle"":2.09999999999809,""rear_left_ankle"":2.09999999999809,""rear_right_ankle"":2.09999999999809}","[{""base_command"":""wheel all 0.300"",""dispatch_command"":true,""mapping_error"":"""",""plan_event_index"":70,""source_event_index"":0,""source_expanded_index"":0,""source_step_index"":13}]"
v003_20260805_224517_157723_manual,13,step_013_recorded_height_050mm_dur_9.93s,[1],[8.133333333325936],[8.133333333325936],[403.56666666646396],[],False,55,[71],"[""wheel stop""]",{},"{""front_left_ankle"":0.0,""front_right_ankle"":0.0,""rear_left_ankle"":0.0,""rear_right_ankle"":0.0}","{""front_left_ankle"":0.0,""front_right_ankle"":0.0,""rear_left_ankle"":0.0,""rear_right_ankle"":0.0}",60.88666666661355,60.88666666661355,0.0,0.0,0.0,0.0,70.56666666661354,70.56666666661354,0.0,9.679999999999993,9.679999999999993,0.0,False,"{""front_left_ankle"":0.0,""front_right_ankle"":0.0,""rear_left_ankle"":0.0,""rear_right_ankle"":0.0}","[{""base_command"":""wheel stop"",""dispatch_command"":true,""mapping_error"":"""",""plan_event_index"":71,""source_event_index"":1,""source_expanded_index"":0,""source_step_index"":13}]"
v003_20260805_224517_157723_manual,14,step_014_recorded_height_050mm_dur_17.73s,[0],[12.733333333321752],[12.733333333321752],[485.09999999972314],"[""0315e9c4803c476189b934ddf661f8e1""]",True,56,"[72,73,74,75,76,77,78,79,80]","[""servo front_left_hip 28.1"",""servo front_left_knee -8.1"",""servo front_right_hip 19.6"",""servo front_right_knee 16.2"",""servo rear_left_hip 1.6"",""servo rear_left_knee 0"",""servo rear_right_hip -31.2"",""servo rear_right_knee -40.9"",""wheel fr 2.0944""]","{""front_left_hip"":28.1,""front_left_knee"":-8.1,""front_right_hip"":19.6,""front_right_knee"":16.2,""rear_left_hip"":1.6,""rear_left_knee"":0.0,""rear_right_hip"":-31.2,""rear_right_knee"":-40.9}","{""front_left_ankle"":0.0,""front_right_ankle"":2.0944,""rear_left_ankle"":0.0,""rear_right_ankle"":0.0}","{""front_left_ankle"":0.0,""front_right_ankle"":2.0943951023931953,""rear_left_ankle"":0.0,""rear_right_ankle"":0.0}",60.88666666661355,62.486666666612095,1.5999999999985448,0.176,1.5999999999985448,0.0,70.56666666661354,72.16666666661209,1.5999999999985448,9.679999999999993,9.679999999999993,0.0,True,"{""front_left_ankle"":0.0,""front_right_ankle"":3.3510321638260647,""rear_left_ankle"":0.0,""rear_right_ankle"":0.0}","[{""base_command"":""servo front_left_hip 28.1"",""dispatch_command"":true,""mapping_error"":"""",""plan_event_index"":72,""source_event_index"":0,""source_expanded_index"":0,""source_step_index"":14},{""base_command"":""servo front_left_knee -8.1"",""dispatch_command"":true,""mapping_error"":"""",""plan_event_index"":73,""source_event_index"":0,""source_expanded_index"":1,""source_step_index"":14},{""base_command"":""servo front_right_hip 19.6"",""dispatch_command"":true,""mapping_error"":"""",""plan_event_index"":74,""source_event_index"":0,""source_expanded_index"":2,""source_step_index"":14},{""base_command"":""servo front_right_knee 16.2"",""dispatch_command"":true,""mapping_error"":"""",""plan_event_index"":75,""source_event_index"":0,""source_expanded_index"":3,""source_step_index"":14},{""base_command"":""servo rear_left_hip 1.6"",""dispatch_command"":true,""mapping_error"":"""",""plan_event_index"":76,""source_event_index"":0,""source_expanded_index"":4,""source_step_index"":14},{""base_command"":""servo rear_left_knee 0"",""dispatch_command"":true,""mapping_error"":"""",""plan_event_index"":77,""source_event_index"":0,""source_expanded_index"":5,""source_step_index"":14},{""base_command"":""servo rear_right_hip -31.2"",""dispatch_command"":true,""mapping_error"":"""",""plan_event_index"":78,""source_event_index"":0,""source_expanded_index"":6,""source_step_index"":14},{""base_command"":""servo rear_right_knee -40.9"",""dispatch_command"":true,""mapping_error"":"""",""plan_event_index"":79,""source_event_index"":0,""source_expanded_index"":7,""source_step_index"":14},{""base_command"":""wheel fr 2.0944"",""dispatch_command"":true,""mapping_error"":"""",""plan_event_index"":80,""source_event_index"":0,""source_expanded_index"":9,""source_step_index"":14}]"
v003_20260805_224517_157723_manual,14,step_014_recorded_height_050mm_dur_17.73s,[1],[14.333333333320297],[14.333333333320297],[486.6999999997217],[],False,57,[81],"[""wheel stop""]",{},"{""front_left_ankle"":0.0,""front_right_ankle"":0.0,""rear_left_ankle"":0.0,""rear_right_ankle"":0.0}","{""front_left_ankle"":0.0,""front_right_ankle"":0.0,""rear_left_ankle"":0.0,""rear_right_ankle"":0.0}",62.486666666612095,62.486666666612095,0.0,0.0,0.0,0.0,72.16666666661209,72.16666666661209,0.0,9.679999999999993,9.679999999999993,0.0,False,"{""front_left_ankle"":0.0,""front_right_ankle"":0.0,""rear_left_ankle"":0.0,""rear_right_ankle"":0.0}","[{""base_command"":""wheel stop"",""dispatch_command"":true,""mapping_error"":"""",""plan_event_index"":81,""source_event_index"":1,""source_expanded_index"":0,""source_step_index"":14}]"
v003_20260805_224517_157723_manual,15,step_015_recorded_height_050mm_dur_6.20s,[0],[1.8000000000229193],[1.8000000000229193],[1551.1333333392784],[],False,58,[82],"[""servo front_right_hip 23.8""]","{""front_right_hip"":23.8}","{""front_left_ankle"":0.0,""front_right_ankle"":0.0,""rear_left_ankle"":0.0,""rear_right_ankle"":0.0}","{""front_left_ankle"":0.0,""front_right_ankle"":0.0,""rear_left_ankle"":0.0,""rear_right_ankle"":0.0}",62.486666666612095,62.514666666612094,0.027999999999998693,0.027999999999999994,0.0,0.0,72.16666666661209,72.30666666661209,0.14000000000000057,9.679999999999993,9.791999999999994,0.11200000000000188,False,"{""front_left_ankle"":0.0,""front_right_ankle"":0.0,""rear_left_ankle"":0.0,""rear_right_ankle"":0.0}","[{""base_command"":""servo front_right_hip 23.8"",""dispatch_command"":true,""mapping_error"":"""",""plan_event_index"":82,""source_event_index"":0,""source_expanded_index"":0,""source_step_index"":15}]"
v003_20260805_224517_157723_manual,15,step_015_recorded_height_050mm_dur_6.20s,[1],[2.000000000025466],[2.000000000025466],[1551.333333339281],[],False,59,[83],"[""servo front_right_hip 27.0""]","{""front_right_hip"":27.0}","{""front_left_ankle"":0.0,""front_right_ankle"":0.0,""rear_left_ankle"":0.0,""rear_right_ankle"":0.0}","{""front_left_ankle"":0.0,""front_right_ankle"":0.0,""rear_left_ankle"":0.0,""rear_right_ankle"":0.0}",62.514666666612094,62.535999999945425,0.021333333333330984,0.02133333333333333,0.0,0.0,72.30666666661209,72.41333333327876,0.10666666666666913,9.791999999999994,9.877333333333333,0.08533333333333815,False,"{""front_left_ankle"":0.0,""front_right_ankle"":0.0,""rear_left_ankle"":0.0,""rear_right_ankle"":0.0}","[{""base_command"":""servo front_right_hip 27.0"",""dispatch_command"":true,""mapping_error"":"""",""plan_event_index"":83,""source_event_index"":1,""source_expanded_index"":0,""source_step_index"":15}]"
v003_20260805_224517_157723_manual,15,step_015_recorded_height_050mm_dur_6.20s,[2],[2.800000000035652],[2.800000000035652],[1552.133333339291],[],False,60,[84],"[""servo front_right_hip 29.1""]","{""front_right_hip"":29.1}","{""front_left_ankle"":0.0,""front_right_ankle"":0.0,""rear_left_ankle"":0.0,""rear_right_ankle"":0.0}","{""front_left_ankle"":0.0,""front_right_ankle"":0.0,""rear_left_ankle"":0.0,""rear_right_ankle"":0.0}",62.535999999945425,62.54999999994543,0.014000000000002899,0.014000000000000009,0.0,0.0,72.41333333327876,72.48333333327875,0.06999999999999318,9.877333333333333,9.933333333333323,0.05599999999999028,False,"{""front_left_ankle"":0.0,""front_right_ankle"":0.0,""rear_left_ankle"":0.0,""rear_right_ankle"":0.0}","[{""base_command"":""servo front_right_hip 29.1"",""dispatch_command"":true,""mapping_error"":"""",""plan_event_index"":84,""source_event_index"":2,""source_expanded_index"":0,""source_step_index"":15}]"
v003_20260805_224517_157723_manual,15,step_015_recorded_height_050mm_dur_6.20s,[3],[3.800000000048385],[3.800000000048385],[1553.1333333393038],[],False,61,[85],"[""servo front_right_hip 30.2""]","{""front_right_hip"":30.2}","{""front_left_ankle"":0.0,""front_right_ankle"":0.0,""rear_left_ankle"":0.0,""rear_right_ankle"":0.0}","{""front_left_ankle"":0.0,""front_right_ankle"":0.0,""rear_left_ankle"":0.0,""rear_right_ankle"":0.0}",62.54999999994543,62.55733333327876,0.00733333333333519,0.007333333333333319,0.0,0.0,72.48333333327875,72.51999999994541,0.03666666666666174,9.933333333333323,9.96266666666665,0.02933333333332655,False,"{""front_left_ankle"":0.0,""front_right_ankle"":0.0,""rear_left_ankle"":0.0,""rear_right_ankle"":0.0}","[{""base_command"":""servo front_right_hip 30.2"",""dispatch_command"":true,""mapping_error"":"""",""plan_event_index"":85,""source_event_index"":3,""source_expanded_index"":0,""source_step_index"":15}]"
v003_20260805_224517_157723_manual,16,step_016_recorded_height_050mm_dur_21.07s,[0],[15.06666666685851],[15.06666666685851],[1574.4666666729088],"[""b801c4acb31243168874d42efacabb2c""]",True,62,"[86,87,88,89,90,91,92,93,94]","[""servo front_left_hip 5.8"",""servo front_left_knee -28.2"",""servo front_right_hip 30.2"",""servo front_right_knee 16.2"",""servo rear_left_hip 1.6"",""servo rear_left_knee 0"",""servo rear_right_hip -31.2"",""servo rear_right_knee -40.9"",""wheel fl -1.96""]","{""front_left_hip"":5.8,""front_left_knee"":-28.2,""front_right_hip"":30.2,""front_right_knee"":16.2,""rear_left_hip"":1.6,""rear_left_knee"":0.0,""rear_right_hip"":-31.2,""rear_right_knee"":-40.9}","{""front_left_ankle"":-1.96,""front_right_ankle"":0.0,""rear_left_ankle"":0.0,""rear_right_ankle"":0.0}","{""front_left_ankle"":-1.96,""front_right_ankle"":0.0,""rear_left_ankle"":0.0,""rear_right_ankle"":0.0}",62.55733333327876,63.557333333291496,1.000000000012733,0.14866666666666667,1.000000000012733,0.0,72.51999999994541,73.51999999995815,1.000000000012733,9.96266666666665,9.96266666666665,0.0,True,"{""front_left_ankle"":-1.9600000000249564,""front_right_ankle"":0.0,""rear_left_ankle"":0.0,""rear_right_ankle"":0.0}","[{""base_command"":""servo front_left_hip 5.8"",""dispatch_command"":true,""mapping_error"":"""",""plan_event_index"":86,""source_event_index"":0,""source_expanded_index"":0,""source_step_index"":16},{""base_command"":""servo front_left_knee -28.2"",""dispatch_command"":true,""mapping_error"":"""",""plan_event_index"":87,""source_event_index"":0,""source_expanded_index"":1,""source_step_index"":16},{""base_command"":""servo front_right_hip 30.2"",""dispatch_command"":true,""mapping_error"":"""",""plan_event_index"":88,""source_event_index"":0,""source_expanded_index"":2,""source_step_index"":16},{""base_command"":""servo front_right_knee 16.2"",""dispatch_command"":true,""mapping_error"":"""",""plan_event_index"":89,""source_event_index"":0,""source_expanded_index"":3,""source_step_index"":16},{""base_command"":""servo rear_left_hip 1.6"",""dispatch_command"":true,""mapping_error"":"""",""plan_event_index"":90,""source_event_index"":0,""source_expanded_index"":4,""source_step_index"":16},{""base_command"":""servo rear_left_knee 0"",""dispatch_command"":true,""mapping_error"":"""",""plan_event_index"":91,""source_event_index"":0,""source_expanded_index"":5,""source_step_index"":16},{""base_command"":""servo rear_right_hip -31.2"",""dispatch_command"":true,""mapping_error"":"""",""plan_event_index"":92,""source_event_index"":0,""source_expanded_index"":6,""source_step_index"":16},{""base_command"":""servo rear_right_knee -40.9"",""dispatch_command"":true,""mapping_error"":"""",""plan_event_index"":93,""source_event_index"":0,""source_expanded_index"":7,""source_step_index"":16},{""base_command"":""wheel fl -1.96"",""dispatch_command"":true,""mapping_error"":"""",""plan_event_index"":94,""source_event_index"":0,""source_expanded_index"":8,""source_step_index"":16}]"
v003_20260805_224517_157723_manual,16,step_016_recorded_height_050mm_dur_21.07s,[1],[16.066666666871242],[16.066666666871242],[1575.4666666729215],[],False,63,[95],"[""wheel stop""]",{},"{""front_left_ankle"":0.0,""front_right_ankle"":0.0,""rear_left_ankle"":0.0,""rear_right_ankle"":0.0}","{""front_left_ankle"":0.0,""front_right_ankle"":0.0,""rear_left_ankle"":0.0,""rear_right_ankle"":0.0}",63.557333333291496,63.557333333291496,0.0,0.0,0.0,0.0,73.51999999995815,73.51999999995815,0.0,9.96266666666665,9.96266666666665,0.0,False,"{""front_left_ankle"":0.0,""front_right_ankle"":0.0,""rear_left_ankle"":0.0,""rear_right_ankle"":0.0}","[{""base_command"":""wheel stop"",""dispatch_command"":true,""mapping_error"":"""",""plan_event_index"":95,""source_event_index"":1,""source_expanded_index"":0,""source_step_index"":16}]"
v003_20260805_224517_157723_manual,17,step_017_recorded_height_050mm_dur_22.00s,[0],[15.933333333536211],[15.933333333536211],[1475.5666666716495],"[""d35ac68e10f8443d8120b0ca79d24cf9""]",True,64,"[96,97,98,99,100,101,102,103,104]","[""servo front_left_hip -25.9"",""servo front_left_knee -38.8"",""servo front_right_hip 30.2"",""servo front_right_knee 16.2"",""servo rear_left_hip 1.6"",""servo rear_left_knee 0"",""servo rear_right_hip -31.2"",""servo rear_right_knee -40.9"",""wheel fl -1.19""]","{""front_left_hip"":-25.9,""front_left_knee"":-38.8,""front_right_hip"":30.2,""front_right_knee"":16.2,""rear_left_hip"":1.6,""rear_left_knee"":0.0,""rear_right_hip"":-31.2,""rear_right_knee"":-40.9}","{""front_left_ankle"":-1.19,""front_right_ankle"":0.0,""rear_left_ankle"":0.0,""rear_right_ankle"":0.0}","{""front_left_ankle"":-1.19,""front_right_ankle"":0.0,""rear_left_ankle"":0.0,""rear_right_ankle"":0.0}",63.557333333291496,64.8906666666418,1.3333333333503106,0.21133333333333332,1.3333333333503106,0.0,73.51999999995815,74.85333333330846,1.3333333333503106,9.96266666666665,9.96266666666665,0.0,True,"{""front_left_ankle"":-1.5866666666868694,""front_right_ankle"":0.0,""rear_left_ankle"":0.0,""rear_right_ankle"":0.0}","[{""base_command"":""servo front_left_hip -25.9"",""dispatch_command"":true,""mapping_error"":"""",""plan_event_index"":96,""source_event_index"":0,""source_expanded_index"":0,""source_step_index"":17},{""base_command"":""servo front_left_knee -38.8"",""dispatch_command"":true,""mapping_error"":"""",""plan_event_index"":97,""source_event_index"":0,""source_expanded_index"":1,""source_step_index"":17},{""base_command"":""servo front_right_hip 30.2"",""dispatch_command"":true,""mapping_error"":"""",""plan_event_index"":98,""source_event_index"":0,""source_expanded_index"":2,""source_step_index"":17},{""base_command"":""servo front_right_knee 16.2"",""dispatch_command"":true,""mapping_error"":"""",""plan_event_index"":99,""source_event_index"":0,""source_expanded_index"":3,""source_step_index"":17},{""base_command"":""servo rear_left_hip 1.6"",""dispatch_command"":true,""mapping_error"":"""",""plan_event_index"":100,""source_event_index"":0,""source_expanded_index"":4,""source_step_index"":17},{""base_command"":""servo rear_left_knee 0"",""dispatch_command"":true,""mapping_error"":"""",""plan_event_index"":101,""source_event_index"":0,""source_expanded_index"":5,""source_step_index"":17},{""base_command"":""servo rear_right_hip -31.2"",""dispatch_command"":true,""mapping_error"":"""",""plan_event_index"":102,""source_event_index"":0,""source_expanded_index"":6,""source_step_index"":17},{""base_command"":""servo rear_right_knee -40.9"",""dispatch_command"":true,""mapping_error"":"""",""plan_event_index"":103,""source_event_index"":0,""source_expanded_index"":7,""source_step_index"":17},{""base_command"":""wheel fl -1.19"",""dispatch_command"":true,""mapping_error"":"""",""plan_event_index"":104,""source_event_index"":0,""source_expanded_index"":8,""source_step_index"":17}]"
v003_20260805_224517_157723_manual,17,step_017_recorded_height_050mm_dur_22.00s,[1],[17.266666666886522],[17.266666666886522],[1476.9000000049998],[],False,65,[105],"[""wheel stop""]",{},"{""front_left_ankle"":0.0,""front_right_ankle"":0.0,""rear_left_ankle"":0.0,""rear_right_ankle"":0.0}","{""front_left_ankle"":0.0,""front_right_ankle"":0.0,""rear_left_ankle"":0.0,""rear_right_ankle"":0.0}",64.8906666666418,64.8906666666418,0.0,0.0,0.0,0.0,74.85333333330846,74.85333333330846,0.0,9.96266666666665,9.96266666666665,0.0,False,"{""front_left_ankle"":0.0,""front_right_ankle"":0.0,""rear_left_ankle"":0.0,""rear_right_ankle"":0.0}","[{""base_command"":""wheel stop"",""dispatch_command"":true,""mapping_error"":"""",""plan_event_index"":105,""source_event_index"":1,""source_expanded_index"":0,""source_step_index"":17}]"
v003_20260805_224517_157723_manual,18,step_018_recorded_height_050mm_dur_6.73s,[0],[1.7333333333554037],[1.7333333333554037],[1707.500000007936],[],False,66,[106],"[""servo rear_left_knee 4.6""]","{""rear_left_knee"":4.6}","{""front_left_ankle"":0.0,""front_right_ankle"":0.0,""rear_left_ankle"":0.0,""rear_right_ankle"":0.0}","{""front_left_ankle"":0.0,""front_right_ankle"":0.0,""rear_left_ankle"":0.0,""rear_right_ankle"":0.0}",64.8906666666418,64.92133333330847,0.030666666666661513,0.030666666666666665,0.0,0.0,74.85333333330846,75.00666666664179,0.15333333333333599,9.96266666666665,10.085333333333324,0.12266666666667447,False,"{""front_left_ankle"":0.0,""front_right_ankle"":0.0,""rear_left_ankle"":0.0,""rear_right_ankle"":0.0}","[{""base_command"":""servo rear_left_knee 4.6"",""dispatch_command"":true,""mapping_error"":"""",""plan_event_index"":106,""source_event_index"":0,""source_expanded_index"":0,""source_step_index"":18}]"
v003_20260805_224517_157723_manual,18,step_018_recorded_height_050mm_dur_6.73s,[1],[1.9333333333579503],[1.9333333333579503],[1707.7000000079386],[],False,67,[107],"[""servo rear_left_knee 10.9""]","{""rear_left_knee"":10.9}","{""front_left_ankle"":0.0,""front_right_ankle"":0.0,""rear_left_ankle"":0.0,""rear_right_ankle"":0.0}","{""front_left_ankle"":0.0,""front_right_ankle"":0.0,""rear_left_ankle"":0.0,""rear_right_ankle"":0.0}",64.92133333330847,64.96333333330847,0.04200000000000159,0.042,0.0,0.0,75.00666666664179,75.21666666664179,0.20999999999999375,10.085333333333324,10.253333333333316,0.16799999999999216,False,"{""front_left_ankle"":0.0,""front_right_ankle"":0.0,""rear_left_ankle"":0.0,""rear_right_ankle"":0.0}","[{""base_command"":""servo rear_left_knee 10.9"",""dispatch_command"":true,""mapping_error"":"""",""plan_event_index"":107,""source_event_index"":1,""source_expanded_index"":0,""source_step_index"":18}]"
v003_20260805_224517_157723_manual,18,step_018_recorded_height_050mm_dur_6.73s,[2],[2.133333333360497],[2.133333333360497],[1707.9000000079411],[],False,68,[108],"[""servo rear_left_knee 13.1""]","{""rear_left_knee"":13.1}","{""front_left_ankle"":0.0,""front_right_ankle"":0.0,""rear_left_ankle"":0.0,""rear_right_ankle"":0.0}","{""front_left_ankle"":0.0,""front_right_ankle"":0.0,""rear_left_ankle"":0.0,""rear_right_ankle"":0.0}",64.96333333330847,64.97799999997514,0.01466666666667038,0.014666666666666661,0.0,0.0,75.21666666664179,75.28999999997512,0.07333333333333769,10.253333333333316,10.311999999999983,0.05866666666666731,False,"{""front_left_ankle"":0.0,""front_right_ankle"":0.0,""rear_left_ankle"":0.0,""rear_right_ankle"":0.0}","[{""base_command"":""servo rear_left_knee 13.1"",""dispatch_command"":true,""mapping_error"":"""",""plan_event_index"":108,""source_event_index"":2,""source_expanded_index"":0,""source_step_index"":18}]"
v003_20260805_224517_157723_manual,18,step_018_recorded_height_050mm_dur_6.73s,[3],[2.4666666666980746],[2.4666666666980746],[1708.2333333412787],[],False,69,[109],"[""servo rear_left_knee 17.3""]","{""rear_left_knee"":17.3}","{""front_left_ankle"":0.0,""front_right_ankle"":0.0,""rear_left_ankle"":0.0,""rear_right_ankle"":0.0}","{""front_left_ankle"":0.0,""front_right_ankle"":0.0,""rear_left_ankle"":0.0,""rear_right_ankle"":0.0}",64.97799999997514,65.00599999997515,0.028000000000005798,0.028000000000000008,0.0,0.0,75.28999999997512,75.42999999997512,0.14000000000000057,10.311999999999983,10.423999999999978,0.11199999999999477,False,"{""front_left_ankle"":0.0,""front_right_ankle"":0.0,""rear_left_ankle"":0.0,""rear_right_ankle"":0.0}","[{""base_command"":""servo rear_left_knee 17.3"",""dispatch_command"":true,""mapping_error"":"""",""plan_event_index"":109,""source_event_index"":3,""source_expanded_index"":0,""source_step_index"":18}]"
v003_20260805_224517_157723_manual,18,step_018_recorded_height_050mm_dur_6.73s,[4],[2.666666666700621],[2.666666666700621],[1708.4333333412812],[],False,70,[110],"[""servo rear_left_knee 18.4""]","{""rear_left_knee"":18.4}","{""front_left_ankle"":0.0,""front_right_ankle"":0.0,""rear_left_ankle"":0.0,""rear_right_ankle"":0.0}","{""front_left_ankle"":0.0,""front_right_ankle"":0.0,""rear_left_ankle"":0.0,""rear_right_ankle"":0.0}",65.00599999997515,65.01333333330848,0.00733333333333519,0.007333333333333319,0.0,0.0,75.42999999997512,75.46666666664179,0.03666666666666174,10.423999999999978,10.453333333333305,0.02933333333332655,False,"{""front_left_ankle"":0.0,""front_right_ankle"":0.0,""rear_left_ankle"":0.0,""rear_right_ankle"":0.0}","[{""base_command"":""servo rear_left_knee 18.4"",""dispatch_command"":true,""mapping_error"":"""",""plan_event_index"":110,""source_event_index"":4,""source_expanded_index"":0,""source_step_index"":18}]"
v003_20260805_224517_157723_manual,18,step_018_recorded_height_050mm_dur_6.73s,[5],[3.0666666667057143],[3.0666666667057143],[1708.8333333412863],[],False,71,[111],"[""servo rear_left_knee 19.4""]","{""rear_left_knee"":19.4}","{""front_left_ankle"":0.0,""front_right_ankle"":0.0,""rear_left_ankle"":0.0,""rear_right_ankle"":0.0}","{""front_left_ankle"":0.0,""front_right_ankle"":0.0,""rear_left_ankle"":0.0,""rear_right_ankle"":0.0}",65.01333333330848,65.01999999997514,0.006666666666660603,0.006666666666666667,0.0,0.0,75.46666666664179,75.49999999997512,0.03333333333333144,10.453333333333305,10.479999999999976,0.026666666666670835,False,"{""front_left_ankle"":0.0,""front_right_ankle"":0.0,""rear_left_ankle"":0.0,""rear_right_ankle"":0.0}","[{""base_command"":""servo rear_left_knee 19.4"",""dispatch_command"":true,""mapping_error"":"""",""plan_event_index"":111,""source_event_index"":5,""source_expanded_index"":0,""source_step_index"":18}]"
v003_20260805_224517_157723_manual,18,step_018_recorded_height_050mm_dur_6.73s,[6],[3.266666666708261],[3.266666666708261],[1709.0333333412889],[],False,72,[112],"[""servo rear_left_knee 20.5""]","{""rear_left_knee"":20.5}","{""front_left_ankle"":0.0,""front_right_ankle"":0.0,""rear_left_ankle"":0.0,""rear_right_ankle"":0.0}","{""front_left_ankle"":0.0,""front_right_ankle"":0.0,""rear_left_ankle"":0.0,""rear_right_ankle"":0.0}",65.01999999997514,65.02733333330848,0.00733333333333519,0.007333333333333343,0.0,0.0,75.49999999997512,75.53666666664178,0.03666666666666174,10.479999999999976,10.509333333333302,0.02933333333332655,False,"{""front_left_ankle"":0.0,""front_right_ankle"":0.0,""rear_left_ankle"":0.0,""rear_right_ankle"":0.0}","[{""base_command"":""servo rear_left_knee 20.5"",""dispatch_command"":true,""mapping_error"":"""",""plan_event_index"":112,""source_event_index"":6,""source_expanded_index"":0,""source_step_index"":18}]"
v003_20260805_224517_157723_manual,18,step_018_recorded_height_050mm_dur_6.73s,[7],[3.4666666667108075],[3.4666666667108075],[1709.2333333412914],[],False,73,[113],"[""servo rear_left_knee 21.5""]","{""rear_left_knee"":21.5}","{""front_left_ankle"":0.0,""front_right_ankle"":0.0,""rear_left_ankle"":0.0,""rear_right_ankle"":0.0}","{""front_left_ankle"":0.0,""front_right_ankle"":0.0,""rear_left_ankle"":0.0,""rear_right_ankle"":0.0}",65.02733333330848,65.03399999997514,0.006666666666660603,0.006666666666666667,0.0,0.0,75.53666666664178,75.56999999997511,0.03333333333333144,10.509333333333302,10.535999999999973,0.026666666666670835,False,"{""front_left_ankle"":0.0,""front_right_ankle"":0.0,""rear_left_ankle"":0.0,""rear_right_ankle"":0.0}","[{""base_command"":""servo rear_left_knee 21.5"",""dispatch_command"":true,""mapping_error"":"""",""plan_event_index"":113,""source_event_index"":7,""source_expanded_index"":0,""source_step_index"":18}]"
v003_20260805_224517_157723_manual,18,step_018_recorded_height_050mm_dur_6.73s,[8],[3.666666666713354],[3.666666666713354],[1709.433333341294],[],False,74,[114],"[""servo rear_left_knee 22.6""]","{""rear_left_knee"":22.6}","{""front_left_ankle"":0.0,""front_right_ankle"":0.0,""rear_left_ankle"":0.0,""rear_right_ankle"":0.0}","{""front_left_ankle"":0.0,""front_right_ankle"":0.0,""rear_left_ankle"":0.0,""rear_right_ankle"":0.0}",65.03399999997514,65.04133333330847,0.00733333333333519,0.007333333333333343,0.0,0.0,75.56999999997511,75.60666666664177,0.03666666666666174,10.535999999999973,10.5653333333333,0.02933333333332655,False,"{""front_left_ankle"":0.0,""front_right_ankle"":0.0,""rear_left_ankle"":0.0,""rear_right_ankle"":0.0}","[{""base_command"":""servo rear_left_knee 22.6"",""dispatch_command"":true,""mapping_error"":"""",""plan_event_index"":114,""source_event_index"":8,""source_expanded_index"":0,""source_step_index"":18}]"
v003_20260805_224517_157723_manual,18,step_018_recorded_height_050mm_dur_6.73s,[9],[3.8666666667159006],[3.8666666667159006],[1709.6333333412965],[],False,75,[115],"[""servo rear_left_knee 25.8""]","{""rear_left_knee"":25.8}","{""front_left_ankle"":0.0,""front_right_ankle"":0.0,""rear_left_ankle"":0.0,""rear_right_ankle"":0.0}","{""front_left_ankle"":0.0,""front_right_ankle"":0.0,""rear_left_ankle"":0.0,""rear_right_ankle"":0.0}",65.04133333330847,65.0626666666418,0.021333333333330984,0.02133333333333333,0.0,0.0,75.60666666664177,75.71333333330844,0.10666666666666913,10.5653333333333,10.650666666666638,0.08533333333333815,False,"{""front_left_ankle"":0.0,""front_right_ankle"":0.0,""rear_left_ankle"":0.0,""rear_right_ankle"":0.0}","[{""base_command"":""servo rear_left_knee 25.8"",""dispatch_command"":true,""mapping_error"":"""",""plan_event_index"":115,""source_event_index"":9,""source_expanded_index"":0,""source_step_index"":18}]"
v003_20260805_224517_157723_manual,19,step_019_recorded_height_050mm_dur_3.53s,[0],[1.133333333347764],[1.133333333347764],[1715.8333333413755],[],False,76,[116],"[""servo rear_left_hip -1.6""]","{""rear_left_hip"":-1.6}","{""front_left_ankle"":0.0,""front_right_ankle"":0.0,""rear_left_ankle"":0.0,""rear_right_ankle"":0.0}","{""front_left_ankle"":0.0,""front_right_ankle"":0.0,""rear_left_ankle"":0.0,""rear_right_ankle"":0.0}",65.0626666666418,65.08399999997513,0.021333333333330984,0.021333333333333336,0.0,0.0,75.71333333330844,75.81999999997511,0.10666666666666913,10.650666666666638,10.735999999999976,0.08533333333333815,False,"{""front_left_ankle"":0.0,""front_right_ankle"":0.0,""rear_left_ankle"":0.0,""rear_right_ankle"":0.0}","[{""base_command"":""servo rear_left_hip -1.6"",""dispatch_command"":true,""mapping_error"":"""",""plan_event_index"":116,""source_event_index"":0,""source_expanded_index"":0,""source_step_index"":19}]"
v003_20260805_224517_157723_manual,19,step_019_recorded_height_050mm_dur_3.53s,[1],[1.133333333347764],[1.133333333347764],[1715.8333333413755],[],False,77,[117],"[""servo rear_left_hip -12.2""]","{""rear_left_hip"":-12.2}","{""front_left_ankle"":0.0,""front_right_ankle"":0.0,""rear_left_ankle"":0.0,""rear_right_ankle"":0.0}","{""front_left_ankle"":0.0,""front_right_ankle"":0.0,""rear_left_ankle"":0.0,""rear_right_ankle"":0.0}",65.08399999997513,65.1546666666418,0.07066666666666777,0.07066666666666667,0.0,0.0,75.81999999997511,76.17333333330845,0.35333333333333883,10.735999999999976,11.018666666666647,0.28266666666667106,False,"{""front_left_ankle"":0.0,""front_right_ankle"":0.0,""rear_left_ankle"":0.0,""rear_right_ankle"":0.0}","[{""base_command"":""servo rear_left_hip -12.2"",""dispatch_command"":true,""mapping_error"":"""",""plan_event_index"":117,""source_event_index"":1,""source_expanded_index"":0,""source_step_index"":19}]"
v003_20260805_224517_157723_manual,19,step_019_recorded_height_050mm_dur_3.53s,[2],[1.3333333333503106],[1.3333333333503106],[1716.033333341378],[],False,78,[118],"[""servo rear_left_hip -17.5""]","{""rear_left_hip"":-17.5}","{""front_left_ankle"":0.0,""front_right_ankle"":0.0,""rear_left_ankle"":0.0,""rear_right_ankle"":0.0}","{""front_left_ankle"":0.0,""front_right_ankle"":0.0,""rear_left_ankle"":0.0,""rear_right_ankle"":0.0}",65.1546666666418,65.18999999997513,0.03533333333332678,0.035333333333333335,0.0,0.0,76.17333333330845,76.34999999997511,0.1766666666666623,11.018666666666647,11.159999999999982,0.14133333333333553,False,"{""front_left_ankle"":0.0,""front_right_ankle"":0.0,""rear_left_ankle"":0.0,""rear_right_ankle"":0.0}","[{""base_command"":""servo rear_left_hip -17.5"",""dispatch_command"":true,""mapping_error"":"""",""plan_event_index"":118,""source_event_index"":2,""source_expanded_index"":0,""source_step_index"":19}]"
v003_20260805_224517_157723_manual,20,step_020_recorded_height_050mm_dur_11.13s,[0],[4.533333333391056],[4.533333333391056],[1751.9000000085014],[],False,79,[119],"[""servo rear_left_hip -16.4""]","{""rear_left_hip"":-16.4}","{""front_left_ankle"":0.0,""front_right_ankle"":0.0,""rear_left_ankle"":0.0,""rear_right_ankle"":0.0}","{""front_left_ankle"":0.0,""front_right_ankle"":0.0,""rear_left_ankle"":0.0,""rear_right_ankle"":0.0}",65.18999999997513,65.19733333330846,0.00733333333333519,0.007333333333333343,0.0,0.0,76.34999999997511,76.38666666664177,0.03666666666666174,11.159999999999982,11.189333333333309,0.02933333333332655,False,"{""front_left_ankle"":0.0,""front_right_ankle"":0.0,""rear_left_ankle"":0.0,""rear_right_ankle"":0.0}","[{""base_command"":""servo rear_left_hip -16.4"",""dispatch_command"":true,""mapping_error"":"""",""plan_event_index"":119,""source_event_index"":0,""source_expanded_index"":0,""source_step_index"":20}]"
v003_20260805_224517_157723_manual,20,step_020_recorded_height_050mm_dur_11.13s,[1],[4.533333333391056],[4.533333333391056],[1751.9000000085014],[],False,80,[120],"[""servo rear_left_hip -14.3""]","{""rear_left_hip"":-14.3}","{""front_left_ankle"":0.0,""front_right_ankle"":0.0,""rear_left_ankle"":0.0,""rear_right_ankle"":0.0}","{""front_left_ankle"":0.0,""front_right_ankle"":0.0,""rear_left_ankle"":0.0,""rear_right_ankle"":0.0}",65.19733333330846,65.21133333330846,0.013999999999995794,0.013999999999999986,0.0,0.0,76.38666666664177,76.45666666664177,0.06999999999999318,11.189333333333309,11.245333333333306,0.055999999999997385,False,"{""front_left_ankle"":0.0,""front_right_ankle"":0.0,""rear_left_ankle"":0.0,""rear_right_ankle"":0.0}","[{""base_command"":""servo rear_left_hip -14.3"",""dispatch_command"":true,""mapping_error"":"""",""plan_event_index"":120,""source_event_index"":1,""source_expanded_index"":0,""source_step_index"":20}]"
v003_20260805_224517_157723_manual,20,step_020_recorded_height_050mm_dur_11.13s,[2],[4.7333333333936025],[4.7333333333936025],[1752.100000008504],[],False,81,[121],"[""servo rear_left_hip 11.1""]","{""rear_left_hip"":11.1}","{""front_left_ankle"":0.0,""front_right_ankle"":0.0,""rear_left_ankle"":0.0,""rear_right_ankle"":0.0}","{""front_left_ankle"":0.0,""front_right_ankle"":0.0,""rear_left_ankle"":0.0,""rear_right_ankle"":0.0}",65.21133333330846,65.38066666664179,0.16933333333332712,0.16933333333333334,0.0,0.0,76.45666666664177,77.30333333330843,0.846666666666664,11.245333333333306,11.922666666666643,0.6773333333333369,False,"{""front_left_ankle"":0.0,""front_right_ankle"":0.0,""rear_left_ankle"":0.0,""rear_right_ankle"":0.0}","[{""base_command"":""servo rear_left_hip 11.1"",""dispatch_command"":true,""mapping_error"":"""",""plan_event_index"":121,""source_event_index"":2,""source_expanded_index"":0,""source_step_index"":20}]"
v003_20260805_224517_157723_manual,20,step_020_recorded_height_050mm_dur_11.13s,[3],[4.933333333396149],[4.933333333396149],[1752.3000000085065],[],False,82,[122],"[""servo rear_left_hip 13.2""]","{""rear_left_hip"":13.2}","{""front_left_ankle"":0.0,""front_right_ankle"":0.0,""rear_left_ankle"":0.0,""rear_right_ankle"":0.0}","{""front_left_ankle"":0.0,""front_right_ankle"":0.0,""rear_left_ankle"":0.0,""rear_right_ankle"":0.0}",65.38066666664179,65.39466666664178,0.013999999999995794,0.013999999999999997,0.0,0.0,77.30333333330843,77.37333333330842,0.06999999999999318,11.922666666666643,11.97866666666664,0.055999999999997385,False,"{""front_left_ankle"":0.0,""front_right_ankle"":0.0,""rear_left_ankle"":0.0,""rear_right_ankle"":0.0}","[{""base_command"":""servo rear_left_hip 13.2"",""dispatch_command"":true,""mapping_error"":"""",""plan_event_index"":122,""source_event_index"":3,""source_expanded_index"":0,""source_step_index"":20}]"
v003_20260805_224517_157723_manual,20,step_020_recorded_height_050mm_dur_11.13s,[4],[5.133333333398696],[5.133333333398696],[1752.500000008509],[],False,83,[123],"[""servo rear_left_hip 15.4""]","{""rear_left_hip"":15.4}","{""front_left_ankle"":0.0,""front_right_ankle"":0.0,""rear_left_ankle"":0.0,""rear_right_ankle"":0.0}","{""front_left_ankle"":0.0,""front_right_ankle"":0.0,""rear_left_ankle"":0.0,""rear_right_ankle"":0.0}",65.39466666664178,65.40933333330845,0.01466666666667038,0.014666666666666673,0.0,0.0,77.37333333330842,77.44666666664176,0.07333333333333769,11.97866666666664,12.037333333333308,0.05866666666666731,False,"{""front_left_ankle"":0.0,""front_right_ankle"":0.0,""rear_left_ankle"":0.0,""rear_right_ankle"":0.0}","[{""base_command"":""servo rear_left_hip 15.4"",""dispatch_command"":true,""mapping_error"":"""",""plan_event_index"":123,""source_event_index"":4,""source_expanded_index"":0,""source_step_index"":20}]"
v003_20260805_224517_157723_manual,20,step_020_recorded_height_050mm_dur_11.13s,[5],[5.333333333401242],[5.333333333401242],[1752.7000000085116],[],False,84,[124],"[""servo rear_left_hip 16.4""]","{""rear_left_hip"":16.4}","{""front_left_ankle"":0.0,""front_right_ankle"":0.0,""rear_left_ankle"":0.0,""rear_right_ankle"":0.0}","{""front_left_ankle"":0.0,""front_right_ankle"":0.0,""rear_left_ankle"":0.0,""rear_right_ankle"":0.0}",65.40933333330845,65.41599999997511,0.006666666666660603,0.006666666666666655,0.0,0.0,77.44666666664176,77.47999999997509,0.03333333333333144,12.037333333333308,12.063999999999979,0.026666666666670835,False,"{""front_left_ankle"":0.0,""front_right_ankle"":0.0,""rear_left_ankle"":0.0,""rear_right_ankle"":0.0}","[{""base_command"":""servo rear_left_hip 16.4"",""dispatch_command"":true,""mapping_error"":"""",""plan_event_index"":124,""source_event_index"":5,""source_expanded_index"":0,""source_step_index"":20}]"
v003_20260805_224517_157723_manual,20,step_020_recorded_height_050mm_dur_11.13s,[6],[7.1333333334241615],[7.1333333334241615],[1754.5000000085345],[],False,85,[125],"[""servo rear_left_knee 22.6""]","{""rear_left_knee"":22.6}","{""front_left_ankle"":0.0,""front_right_ankle"":0.0,""rear_left_ankle"":0.0,""rear_right_ankle"":0.0}","{""front_left_ankle"":0.0,""front_right_ankle"":0.0,""rear_left_ankle"":0.0,""rear_right_ankle"":0.0}",65.41599999997511,65.43733333330844,0.021333333333330984,0.02133333333333333,0.0,0.0,77.47999999997509,77.58666666664176,0.10666666666666913,12.063999999999979,12.149333333333317,0.08533333333333815,False,"{""front_left_ankle"":0.0,""front_right_ankle"":0.0,""rear_left_ankle"":0.0,""rear_right_ankle"":0.0}","[{""base_command"":""servo rear_left_knee 22.6"",""dispatch_command"":true,""mapping_error"":"""",""plan_event_index"":125,""source_event_index"":6,""source_expanded_index"":0,""source_step_index"":20}]"
v003_20260805_224517_157723_manual,20,step_020_recorded_height_050mm_dur_11.13s,[7],[7.333333333426708],[7.333333333426708],[1754.700000008537],[],False,86,[126],"[""servo rear_left_knee 2.5""]","{""rear_left_knee"":2.5}","{""front_left_ankle"":0.0,""front_right_ankle"":0.0,""rear_left_ankle"":0.0,""rear_right_ankle"":0.0}","{""front_left_ankle"":0.0,""front_right_ankle"":0.0,""rear_left_ankle"":0.0,""rear_right_ankle"":0.0}",65.43733333330844,65.57133333330844,0.13400000000000034,0.134,0.0,0.0,77.58666666664176,78.25666666664176,0.6700000000000017,12.149333333333317,12.685333333333318,0.5360000000000014,False,"{""front_left_ankle"":0.0,""front_right_ankle"":0.0,""rear_left_ankle"":0.0,""rear_right_ankle"":0.0}","[{""base_command"":""servo rear_left_knee 2.5"",""dispatch_command"":true,""mapping_error"":"""",""plan_event_index"":126,""source_event_index"":7,""source_expanded_index"":0,""source_step_index"":20}]"
v003_20260805_224517_157723_manual,20,step_020_recorded_height_050mm_dur_11.13s,[8],[7.533333333429255],[7.533333333429255],[1754.9000000085396],[],False,87,[127],"[""servo rear_left_knee -12.4""]","{""rear_left_knee"":-12.4}","{""front_left_ankle"":0.0,""front_right_ankle"":0.0,""rear_left_ankle"":0.0,""rear_right_ankle"":0.0}","{""front_left_ankle"":0.0,""front_right_ankle"":0.0,""rear_left_ankle"":0.0,""rear_right_ankle"":0.0}",65.57133333330844,65.67066666664178,0.09933333333333394,0.09933333333333333,0.0,0.0,78.25666666664176,78.75333333330843,0.4966666666666697,12.685333333333318,13.082666666666654,0.39733333333333576,False,"{""front_left_ankle"":0.0,""front_right_ankle"":0.0,""rear_left_ankle"":0.0,""rear_right_ankle"":0.0}","[{""base_command"":""servo rear_left_knee -12.4"",""dispatch_command"":true,""mapping_error"":"""",""plan_event_index"":127,""source_event_index"":8,""source_expanded_index"":0,""source_step_index"":20}]"
v003_20260805_224517_157723_manual,20,step_020_recorded_height_050mm_dur_11.13s,[9],[7.733333333431801],[7.733333333431801],[1755.100000008542],[],False,88,[128],"[""servo rear_left_knee -15.5""]","{""rear_left_knee"":-15.5}","{""front_left_ankle"":0.0,""front_right_ankle"":0.0,""rear_left_ankle"":0.0,""rear_right_ankle"":0.0}","{""front_left_ankle"":0.0,""front_right_ankle"":0.0,""rear_left_ankle"":0.0,""rear_right_ankle"":0.0}",65.67066666664178,65.69133333330845,0.020666666666670608,0.020666666666666663,0.0,0.0,78.75333333330843,78.85666666664177,0.10333333333333883,13.082666666666654,13.165333333333322,0.08266666666666822,False,"{""front_left_ankle"":0.0,""front_right_ankle"":0.0,""rear_left_ankle"":0.0,""rear_right_ankle"":0.0}","[{""base_command"":""servo rear_left_knee -15.5"",""dispatch_command"":true,""mapping_error"":"""",""plan_event_index"":128,""source_event_index"":9,""source_expanded_index"":0,""source_step_index"":20}]"
v003_20260805_224517_157723_manual,20,step_020_recorded_height_050mm_dur_11.13s,[10],[7.933333333434348],[7.933333333434348],[1755.3000000085447],[],False,89,[129],"[""servo rear_left_knee -16.6""]","{""rear_left_knee"":-16.6}","{""front_left_ankle"":0.0,""front_right_ankle"":0.0,""rear_left_ankle"":0.0,""rear_right_ankle"":0.0}","{""front_left_ankle"":0.0,""front_right_ankle"":0.0,""rear_left_ankle"":0.0,""rear_right_ankle"":0.0}",65.69133333330845,65.69866666664178,0.00733333333333519,0.007333333333333343,0.0,0.0,78.85666666664177,78.89333333330843,0.03666666666666174,13.165333333333322,13.194666666666649,0.02933333333332655,False,"{""front_left_ankle"":0.0,""front_right_ankle"":0.0,""rear_left_ankle"":0.0,""rear_right_ankle"":0.0}","[{""base_command"":""servo rear_left_knee -16.6"",""dispatch_command"":true,""mapping_error"":"""",""plan_event_index"":129,""source_event_index"":10,""source_expanded_index"":0,""source_step_index"":20}]"
v003_20260805_224517_157723_manual,21,step_021_recorded_height_050mm_dur_6.67s,[0],[1.9333333333579503],[1.9333333333579503],[1762.7666666753064],[],False,90,[130],"[""servo rear_left_hip 9.0""]","{""rear_left_hip"":9.0}","{""front_left_ankle"":0.0,""front_right_ankle"":0.0,""rear_left_ankle"":0.0,""rear_right_ankle"":0.0}","{""front_left_ankle"":0.0,""front_right_ankle"":0.0,""rear_left_ankle"":0.0,""rear_right_ankle"":0.0}",65.69866666664178,65.74799999997512,0.04933333333333678,0.049333333333333326,0.0,0.0,78.89333333330843,79.1399999999751,0.2466666666666697,13.194666666666649,13.391999999999982,0.19733333333333292,False,"{""front_left_ankle"":0.0,""front_right_ankle"":0.0,""rear_left_ankle"":0.0,""rear_right_ankle"":0.0}","[{""base_command"":""servo rear_left_hip 9.0"",""dispatch_command"":true,""mapping_error"":"""",""plan_event_index"":130,""source_event_index"":0,""source_expanded_index"":0,""source_step_index"":21}]"
v003_20260805_224517_157723_manual,21,step_021_recorded_height_050mm_dur_6.67s,[1],[2.133333333360497],[2.133333333360497],[1762.966666675309],[],False,91,[131],"[""servo rear_left_hip 0.5""]","{""rear_left_hip"":0.5}","{""front_left_ankle"":0.0,""front_right_ankle"":0.0,""rear_left_ankle"":0.0,""rear_right_ankle"":0.0}","{""front_left_ankle"":0.0,""front_right_ankle"":0.0,""rear_left_ankle"":0.0,""rear_right_ankle"":0.0}",65.74799999997512,65.8046666666418,0.05666666666667197,0.056666666666666664,0.0,0.0,79.1399999999751,79.42333333330843,0.28333333333333144,13.391999999999982,13.618666666666641,0.22666666666665947,False,"{""front_left_ankle"":0.0,""front_right_ankle"":0.0,""rear_left_ankle"":0.0,""rear_right_ankle"":0.0}","[{""base_command"":""servo rear_left_hip 0.5"",""dispatch_command"":true,""mapping_error"":"""",""plan_event_index"":131,""source_event_index"":1,""source_expanded_index"":0,""source_step_index"":21}]"
v003_20260805_224517_157723_manual,21,step_021_recorded_height_050mm_dur_6.67s,[2],[2.3333333333630435],[2.3333333333630435],[1763.1666666753115],[],False,92,[132],"[""servo rear_left_hip -5.8""]","{""rear_left_hip"":-5.8}","{""front_left_ankle"":0.0,""front_right_ankle"":0.0,""rear_left_ankle"":0.0,""rear_right_ankle"":0.0}","{""front_left_ankle"":0.0,""front_right_ankle"":0.0,""rear_left_ankle"":0.0,""rear_right_ankle"":0.0}",65.8046666666418,65.8466666666418,0.04200000000000159,0.041999999999999996,0.0,0.0,79.42333333330843,79.63333333330843,0.20999999999999375,13.618666666666641,13.786666666666633,0.16799999999999216,False,"{""front_left_ankle"":0.0,""front_right_ankle"":0.0,""rear_left_ankle"":0.0,""rear_right_ankle"":0.0}","[{""base_command"":""servo rear_left_hip -5.8"",""dispatch_command"":true,""mapping_error"":"""",""plan_event_index"":132,""source_event_index"":2,""source_expanded_index"":0,""source_step_index"":21}]"
v003_20260805_224517_157723_manual,21,step_021_recorded_height_050mm_dur_6.67s,[3],[2.53333333336559],[2.53333333336559],[1763.366666675314],[],False,93,[133],"[""servo rear_left_hip -9.0""]","{""rear_left_hip"":-9.0}","{""front_left_ankle"":0.0,""front_right_ankle"":0.0,""rear_left_ankle"":0.0,""rear_right_ankle"":0.0}","{""front_left_ankle"":0.0,""front_right_ankle"":0.0,""rear_left_ankle"":0.0,""rear_right_ankle"":0.0}",65.8466666666418,65.86799999997513,0.021333333333330984,0.021333333333333336,0.0,0.0,79.63333333330843,79.7399999999751,0.10666666666666913,13.786666666666633,13.871999999999971,0.08533333333333815,False,"{""front_left_ankle"":0.0,""front_right_ankle"":0.0,""rear_left_ankle"":0.0,""rear_right_ankle"":0.0}","[{""base_command"":""servo rear_left_hip -9.0"",""dispatch_command"":true,""mapping_error"":"""",""plan_event_index"":133,""source_event_index"":3,""source_expanded_index"":0,""source_step_index"":21}]"
v003_20260805_224517_157723_manual,21,step_021_recorded_height_050mm_dur_6.67s,[4],[2.7333333333681367],[2.7333333333681367],[1763.5666666753166],[],False,94,[134],"[""servo rear_left_hip -12.2""]","{""rear_left_hip"":-12.2}","{""front_left_ankle"":0.0,""front_right_ankle"":0.0,""rear_left_ankle"":0.0,""rear_right_ankle"":0.0}","{""front_left_ankle"":0.0,""front_right_ankle"":0.0,""rear_left_ankle"":0.0,""rear_right_ankle"":0.0}",65.86799999997513,65.88933333330846,0.021333333333330984,0.02133333333333333,0.0,0.0,79.7399999999751,79.84666666664177,0.10666666666666913,13.871999999999971,13.95733333333331,0.08533333333333815,False,"{""front_left_ankle"":0.0,""front_right_ankle"":0.0,""rear_left_ankle"":0.0,""rear_right_ankle"":0.0}","[{""base_command"":""servo rear_left_hip -12.2"",""dispatch_command"":true,""mapping_error"":"""",""plan_event_index"":134,""source_event_index"":4,""source_expanded_index"":0,""source_step_index"":21}]"
v003_20260805_224517_157723_manual,21,step_021_recorded_height_050mm_dur_6.67s,[5],[2.9333333333706832],[2.9333333333706832],[1763.7666666753191],[],False,95,[135],"[""servo rear_left_hip -14.3""]","{""rear_left_hip"":-14.3}","{""front_left_ankle"":0.0,""front_right_ankle"":0.0,""rear_left_ankle"":0.0,""rear_right_ankle"":0.0}","{""front_left_ankle"":0.0,""front_right_ankle"":0.0,""rear_left_ankle"":0.0,""rear_right_ankle"":0.0}",65.88933333330846,65.90333333330845,0.013999999999995794,0.014000000000000009,0.0,0.0,79.84666666664177,79.91666666664176,0.06999999999999318,13.95733333333331,14.013333333333307,0.055999999999997385,False,"{""front_left_ankle"":0.0,""front_right_ankle"":0.0,""rear_left_ankle"":0.0,""rear_right_ankle"":0.0}","[{""base_command"":""servo rear_left_hip -14.3"",""dispatch_command"":true,""mapping_error"":"""",""plan_event_index"":135,""source_event_index"":5,""source_expanded_index"":0,""source_step_index"":21}]"
v003_20260805_224517_157723_manual,21,step_021_recorded_height_050mm_dur_6.67s,[6],[3.13333333337323],[3.13333333337323],[1763.9666666753217],[],False,96,[136],"[""servo rear_left_hip -17.5""]","{""rear_left_hip"":-17.5}","{""front_left_ankle"":0.0,""front_right_ankle"":0.0,""rear_left_ankle"":0.0,""rear_right_ankle"":0.0}","{""front_left_ankle"":0.0,""front_right_ankle"":0.0,""rear_left_ankle"":0.0,""rear_right_ankle"":0.0}",65.90333333330845,65.92466666664178,0.021333333333330984,0.02133333333333333,0.0,0.0,79.91666666664176,80.02333333330843,0.10666666666666913,14.013333333333307,14.098666666666645,0.08533333333333815,False,"{""front_left_ankle"":0.0,""front_right_ankle"":0.0,""rear_left_ankle"":0.0,""rear_right_ankle"":0.0}","[{""base_command"":""servo rear_left_hip -17.5"",""dispatch_command"":true,""mapping_error"":"""",""plan_event_index"":136,""source_event_index"":6,""source_expanded_index"":0,""source_step_index"":21}]"
v003_20260805_224517_157723_manual,21,step_021_recorded_height_050mm_dur_6.67s,[7],[3.3333333333757764],[3.3333333333757764],[1764.1666666753242],[],False,97,[137],"[""servo rear_left_hip -19.6""]","{""rear_left_hip"":-19.6}","{""front_left_ankle"":0.0,""front_right_ankle"":0.0,""rear_left_ankle"":0.0,""rear_right_ankle"":0.0}","{""front_left_ankle"":0.0,""front_right_ankle"":0.0,""rear_left_ankle"":0.0,""rear_right_ankle"":0.0}",65.92466666664178,65.93866666664178,0.013999999999995794,0.014000000000000009,0.0,0.0,80.02333333330843,80.09333333330842,0.06999999999999318,14.098666666666645,14.154666666666643,0.055999999999997385,False,"{""front_left_ankle"":0.0,""front_right_ankle"":0.0,""rear_left_ankle"":0.0,""rear_right_ankle"":0.0}","[{""base_command"":""servo rear_left_hip -19.6"",""dispatch_command"":true,""mapping_error"":"""",""plan_event_index"":137,""source_event_index"":7,""source_expanded_index"":0,""source_step_index"":21}]"
v003_20260805_224517_157723_manual,21,step_021_recorded_height_050mm_dur_6.67s,[8],[3.533333333378323],[3.533333333378323],[1764.3666666753268],[],False,98,[138],"[""servo rear_left_hip -21.7""]","{""rear_left_hip"":-21.7}","{""front_left_ankle"":0.0,""front_right_ankle"":0.0,""rear_left_ankle"":0.0,""rear_right_ankle"":0.0}","{""front_left_ankle"":0.0,""front_right_ankle"":0.0,""rear_left_ankle"":0.0,""rear_right_ankle"":0.0}",65.93866666664178,65.95266666664178,0.013999999999995794,0.013999999999999986,0.0,0.0,80.09333333330842,80.16333333330842,0.06999999999999318,14.154666666666643,14.21066666666664,0.055999999999997385,False,"{""front_left_ankle"":0.0,""front_right_ankle"":0.0,""rear_left_ankle"":0.0,""rear_right_ankle"":0.0}","[{""base_command"":""servo rear_left_hip -21.7"",""dispatch_command"":true,""mapping_error"":"""",""plan_event_index"":138,""source_event_index"":8,""source_expanded_index"":0,""source_step_index"":21}]"
v003_20260805_224517_157723_manual,21,step_021_recorded_height_050mm_dur_6.67s,[9],[3.7333333333808696],[3.7333333333808696],[1764.5666666753293],[],False,99,[139],"[""servo rear_left_hip -23.8""]","{""rear_left_hip"":-23.8}","{""front_left_ankle"":0.0,""front_right_ankle"":0.0,""rear_left_ankle"":0.0,""rear_right_ankle"":0.0}","{""front_left_ankle"":0.0,""front_right_ankle"":0.0,""rear_left_ankle"":0.0,""rear_right_ankle"":0.0}",65.95266666664178,65.96666666664177,0.013999999999995794,0.014000000000000009,0.0,0.0,80.16333333330842,80.23333333330841,0.06999999999999318,14.21066666666664,14.266666666666637,0.055999999999997385,False,"{""front_left_ankle"":0.0,""front_right_ankle"":0.0,""rear_left_ankle"":0.0,""rear_right_ankle"":0.0}","[{""base_command"":""servo rear_left_hip -23.8"",""dispatch_command"":true,""mapping_error"":"""",""plan_event_index"":139,""source_event_index"":9,""source_expanded_index"":0,""source_step_index"":21}]"
v003_20260805_224517_157723_manual,21,step_021_recorded_height_050mm_dur_6.67s,[10],[3.933333333383416],[3.933333333383416],[1764.7666666753319],[],False,100,[140],"[""servo rear_left_hip -25.9""]","{""rear_left_hip"":-25.9}","{""front_left_ankle"":0.0,""front_right_ankle"":0.0,""rear_left_ankle"":0.0,""rear_right_ankle"":0.0}","{""front_left_ankle"":0.0,""front_right_ankle"":0.0,""rear_left_ankle"":0.0,""rear_right_ankle"":0.0}",65.96666666664177,65.98066666664177,0.013999999999995794,0.013999999999999986,0.0,0.0,80.23333333330841,80.3033333333084,0.06999999999999318,14.266666666666637,14.322666666666635,0.055999999999997385,False,"{""front_left_ankle"":0.0,""front_right_ankle"":0.0,""rear_left_ankle"":0.0,""rear_right_ankle"":0.0}","[{""base_command"":""servo rear_left_hip -25.9"",""dispatch_command"":true,""mapping_error"":"""",""plan_event_index"":140,""source_event_index"":10,""source_expanded_index"":0,""source_step_index"":21}]"
v003_20260805_224517_157723_manual,21,step_021_recorded_height_050mm_dur_6.67s,[11],[4.333333333388509],[4.333333333388509],[1765.166666675337],[],False,101,[141],"[""servo rear_left_hip -28.1""]","{""rear_left_hip"":-28.1}","{""front_left_ankle"":0.0,""front_right_ankle"":0.0,""rear_left_ankle"":0.0,""rear_right_ankle"":0.0}","{""front_left_ankle"":0.0,""front_right_ankle"":0.0,""rear_left_ankle"":0.0,""rear_right_ankle"":0.0}",65.98066666664177,65.99533333330844,0.01466666666667038,0.014666666666666685,0.0,0.0,80.3033333333084,80.37666666664174,0.07333333333333769,14.322666666666635,14.381333333333302,0.05866666666666731,False,"{""front_left_ankle"":0.0,""front_right_ankle"":0.0,""rear_left_ankle"":0.0,""rear_right_ankle"":0.0}","[{""base_command"":""servo rear_left_hip -28.1"",""dispatch_command"":true,""mapping_error"":"""",""plan_event_index"":141,""source_event_index"":11,""source_expanded_index"":0,""source_step_index"":21}]"
v003_20260805_224517_157723_manual,22,step_022_recorded_height_050mm_dur_14.07s,[0],[1.0666666666802485],[1.0666666666802485],[1771.766666675421],[],False,102,[142],"[""wheel all 0.300""]",{},"{""front_left_ankle"":0.3,""front_right_ankle"":0.3,""rear_left_ankle"":0.3,""rear_right_ankle"":0.3}","{""front_left_ankle"":0.3,""front_right_ankle"":0.3,""rear_left_ankle"":0.3,""rear_right_ankle"":0.3}",65.99533333330844,77.19533333345105,11.200000000142609,0.0,11.200000000142609,0.0,80.37666666664174,91.57666666678435,11.200000000142609,14.381333333333302,14.381333333333302,0.0,False,"{""front_left_ankle"":3.3600000000427825,""front_right_ankle"":3.3600000000427825,""rear_left_ankle"":3.3600000000427825,""rear_right_ankle"":3.3600000000427825}","[{""base_command"":""wheel all 0.300"",""dispatch_command"":true,""mapping_error"":"""",""plan_event_index"":142,""source_event_index"":0,""source_expanded_index"":0,""source_step_index"":22}]"
v003_20260805_224517_157723_manual,22,step_022_recorded_height_050mm_dur_14.07s,[1],[12.266666666822857],[12.266666666822857],[1782.9666666755636],[],False,103,[143],"[""wheel stop""]",{},"{""front_left_ankle"":0.0,""front_right_ankle"":0.0,""rear_left_ankle"":0.0,""rear_right_ankle"":0.0}","{""front_left_ankle"":0.0,""front_right_ankle"":0.0,""rear_left_ankle"":0.0,""rear_right_ankle"":0.0}",77.19533333345105,77.19533333345105,0.0,0.0,0.0,0.0,91.57666666678435,91.57666666678435,0.0,14.381333333333302,14.381333333333302,0.0,False,"{""front_left_ankle"":0.0,""front_right_ankle"":0.0,""rear_left_ankle"":0.0,""rear_right_ankle"":0.0}","[{""base_command"":""wheel stop"",""dispatch_command"":true,""mapping_error"":"""",""plan_event_index"":143,""source_event_index"":1,""source_expanded_index"":0,""source_step_index"":22}]"
v003_20260805_224517_157723_manual,23,step_023_recorded_height_050mm_dur_19.27s,[0],[15.533333333531118],[15.533333333531118],[1820.3666666760398],"[""5bc185e974364a1580762302215ffaf5""]",True,104,"[144,145,146,147,148,149,150,151,152]","[""servo front_left_hip 0.5"",""servo front_left_knee -0.7"",""servo front_right_hip 30.2"",""servo front_right_knee 16.2"",""servo rear_left_hip -28.1"",""servo rear_left_knee -16.6"",""servo rear_right_hip -31.2"",""servo rear_right_knee -40.9"",""wheel fl 1.93""]","{""front_left_hip"":0.5,""front_left_knee"":-0.7,""front_right_hip"":30.2,""front_right_knee"":16.2,""rear_left_hip"":-28.1,""rear_left_knee"":-16.6,""rear_right_hip"":-31.2,""rear_right_knee"":-40.9}","{""front_left_ankle"":1.93,""front_right_ankle"":0.0,""rear_left_ankle"":0.0,""rear_right_ankle"":0.0}","{""front_left_ankle"":1.93,""front_right_ankle"":0.0,""rear_left_ankle"":0.0,""rear_right_ankle"":0.0}",77.19533333345105,78.39533333346633,1.2000000000152795,0.25399999999999995,1.2000000000152795,0.0,91.57666666678435,92.84666666678434,1.269999999999996,14.381333333333302,14.451333333318019,0.06999999998471651,True,"{""front_left_ankle"":2.3160000000294896,""front_right_ankle"":0.0,""rear_left_ankle"":0.0,""rear_right_ankle"":0.0}","[{""base_command"":""servo front_left_hip 0.5"",""dispatch_command"":true,""mapping_error"":"""",""plan_event_index"":144,""source_event_index"":0,""source_expanded_index"":0,""source_step_index"":23},{""base_command"":""servo front_left_knee -0.7"",""dispatch_command"":true,""mapping_error"":"""",""plan_event_index"":145,""source_event_index"":0,""source_expanded_index"":1,""source_step_index"":23},{""base_command"":""servo front_right_hip 30.2"",""dispatch_command"":true,""mapping_error"":"""",""plan_event_index"":146,""source_event_index"":0,""source_expanded_index"":2,""source_step_index"":23},{""base_command"":""servo front_right_knee 16.2"",""dispatch_command"":true,""mapping_error"":"""",""plan_event_index"":147,""source_event_index"":0,""source_expanded_index"":3,""source_step_index"":23},{""base_command"":""servo rear_left_hip -28.1"",""dispatch_command"":true,""mapping_error"":"""",""plan_event_index"":148,""source_event_index"":0,""source_expanded_index"":4,""source_step_index"":23},{""base_command"":""servo rear_left_knee -16.6"",""dispatch_command"":true,""mapping_error"":"""",""plan_event_index"":149,""source_event_index"":0,""source_expanded_index"":5,""source_step_index"":23},{""base_command"":""servo rear_right_hip -31.2"",""dispatch_command"":true,""mapping_error"":"""",""plan_event_index"":150,""source_event_index"":0,""source_expanded_index"":6,""source_step_index"":23},{""base_command"":""servo rear_right_knee -40.9"",""dispatch_command"":true,""mapping_error"":"""",""plan_event_index"":151,""source_event_index"":0,""source_expanded_index"":7,""source_step_index"":23},{""base_command"":""wheel fl 1.93"",""dispatch_command"":true,""mapping_error"":"""",""plan_event_index"":152,""source_event_index"":0,""source_expanded_index"":8,""source_step_index"":23}]"
v003_20260805_224517_157723_manual,23,step_023_recorded_height_050mm_dur_19.27s,[1],[16.733333333546398],[16.733333333546398],[1821.566666676055],[],False,105,[153],"[""wheel stop""]",{},"{""front_left_ankle"":0.0,""front_right_ankle"":0.0,""rear_left_ankle"":0.0,""rear_right_ankle"":0.0}","{""front_left_ankle"":0.0,""front_right_ankle"":0.0,""rear_left_ankle"":0.0,""rear_right_ankle"":0.0}",78.39533333346633,78.39533333346633,0.0,0.0,0.0,0.0,92.84666666678434,92.84666666678434,0.0,14.451333333318019,14.451333333318019,0.0,False,"{""front_left_ankle"":0.0,""front_right_ankle"":0.0,""rear_left_ankle"":0.0,""rear_right_ankle"":0.0}","[{""base_command"":""wheel stop"",""dispatch_command"":true,""mapping_error"":"""",""plan_event_index"":153,""source_event_index"":1,""source_expanded_index"":0,""source_step_index"":23}]"
v003_20260805_224517_157723_manual,24,step_024_recorded_height_050mm_dur_5.47s,[0],[2.266666666695528],[2.266666666695528],[1837.1666666762537],[],False,106,[154],"[""servo front_right_hip 29.1""]","{""front_right_hip"":29.1}","{""front_left_ankle"":0.0,""front_right_ankle"":0.0,""rear_left_ankle"":0.0,""rear_right_ankle"":0.0}","{""front_left_ankle"":0.0,""front_right_ankle"":0.0,""rear_left_ankle"":0.0,""rear_right_ankle"":0.0}",78.39533333346633,78.40266666679966,0.00733333333333519,0.007333333333333319,0.0,0.0,92.84666666678434,92.883333333451,0.03666666666666174,14.451333333318019,14.480666666651345,0.02933333333332655,False,"{""front_left_ankle"":0.0,""front_right_ankle"":0.0,""rear_left_ankle"":0.0,""rear_right_ankle"":0.0}","[{""base_command"":""servo front_right_hip 29.1"",""dispatch_command"":true,""mapping_error"":"""",""plan_event_index"":154,""source_event_index"":0,""source_expanded_index"":0,""source_step_index"":24}]"
v003_20260805_224517_157723_manual,24,step_024_recorded_height_050mm_dur_5.47s,[1],[2.4666666666980746],[2.4666666666980746],[1837.3666666762563],[],False,107,[155],"[""servo front_right_hip 19.6""]","{""front_right_hip"":19.6}","{""front_left_ankle"":0.0,""front_right_ankle"":0.0,""rear_left_ankle"":0.0,""rear_right_ankle"":0.0}","{""front_left_ankle"":0.0,""front_right_ankle"":0.0,""rear_left_ankle"":0.0,""rear_right_ankle"":0.0}",78.40266666679966,78.466000000133,0.06333333333333258,0.06333333333333334,0.0,0.0,92.883333333451,93.20000000011767,0.3166666666666629,14.480666666651345,14.733999999984675,0.2533333333333303,False,"{""front_left_ankle"":0.0,""front_right_ankle"":0.0,""rear_left_ankle"":0.0,""rear_right_ankle"":0.0}","[{""base_command"":""servo front_right_hip 19.6"",""dispatch_command"":true,""mapping_error"":"""",""plan_event_index"":155,""source_event_index"":1,""source_expanded_index"":0,""source_step_index"":24}]"
v003_20260805_224517_157723_manual,24,step_024_recorded_height_050mm_dur_5.47s,[2],[2.666666666700621],[2.666666666700621],[1837.5666666762588],[],False,108,[156],"[""servo front_right_hip 17.5""]","{""front_right_hip"":17.5}","{""front_left_ankle"":0.0,""front_right_ankle"":0.0,""rear_left_ankle"":0.0,""rear_right_ankle"":0.0}","{""front_left_ankle"":0.0,""front_right_ankle"":0.0,""rear_left_ankle"":0.0,""rear_right_ankle"":0.0}",78.466000000133,78.48000000013299,0.013999999999995794,0.014000000000000009,0.0,0.0,93.20000000011767,93.27000000011766,0.06999999999999318,14.733999999984675,14.789999999984673,0.055999999999997385,False,"{""front_left_ankle"":0.0,""front_right_ankle"":0.0,""rear_left_ankle"":0.0,""rear_right_ankle"":0.0}","[{""base_command"":""servo front_right_hip 17.5"",""dispatch_command"":true,""mapping_error"":"""",""plan_event_index"":156,""source_event_index"":2,""source_expanded_index"":0,""source_step_index"":24}]"
v003_20260805_224517_157723_manual,24,step_024_recorded_height_050mm_dur_5.47s,[3],[2.8666666667031677],[2.8666666667031677],[1837.7666666762614],[],False,109,[157],"[""servo front_right_hip 15.4""]","{""front_right_hip"":15.4}","{""front_left_ankle"":0.0,""front_right_ankle"":0.0,""rear_left_ankle"":0.0,""rear_right_ankle"":0.0}","{""front_left_ankle"":0.0,""front_right_ankle"":0.0,""rear_left_ankle"":0.0,""rear_right_ankle"":0.0}",78.48000000013299,78.49400000013298,0.013999999999995794,0.013999999999999997,0.0,0.0,93.27000000011766,93.34000000011766,0.06999999999999318,14.789999999984673,14.84599999998467,0.055999999999997385,False,"{""front_left_ankle"":0.0,""front_right_ankle"":0.0,""rear_left_ankle"":0.0,""rear_right_ankle"":0.0}","[{""base_command"":""servo front_right_hip 15.4"",""dispatch_command"":true,""mapping_error"":"""",""plan_event_index"":157,""source_event_index"":3,""source_expanded_index"":0,""source_step_index"":24}]"
v003_20260805_224517_157723_manual,24,step_024_recorded_height_050mm_dur_5.47s,[4],[3.4666666667108075],[3.4666666667108075],[1838.366666676269],[],False,110,[158],"[""servo front_right_hip 13.2""]","{""front_right_hip"":13.2}","{""front_left_ankle"":0.0,""front_right_ankle"":0.0,""rear_left_ankle"":0.0,""rear_right_ankle"":0.0}","{""front_left_ankle"":0.0,""front_right_ankle"":0.0,""rear_left_ankle"":0.0,""rear_right_ankle"":0.0}",78.49400000013298,78.50866666679966,0.01466666666667038,0.014666666666666673,0.0,0.0,93.34000000011766,93.41333333345099,0.07333333333333769,14.84599999998467,14.904666666651337,0.05866666666666731,False,"{""front_left_ankle"":0.0,""front_right_ankle"":0.0,""rear_left_ankle"":0.0,""rear_right_ankle"":0.0}","[{""base_command"":""servo front_right_hip 13.2"",""dispatch_command"":true,""mapping_error"":"""",""plan_event_index"":158,""source_event_index"":4,""source_expanded_index"":0,""source_step_index"":24}]"
v003_20260805_224517_157723_manual,24,step_024_recorded_height_050mm_dur_5.47s,[5],[3.666666666713354],[3.666666666713354],[1838.5666666762716],[],False,111,[159],"[""servo front_right_hip 11.1""]","{""front_right_hip"":11.1}","{""front_left_ankle"":0.0,""front_right_ankle"":0.0,""rear_left_ankle"":0.0,""rear_right_ankle"":0.0}","{""front_left_ankle"":0.0,""front_right_ankle"":0.0,""rear_left_ankle"":0.0,""rear_right_ankle"":0.0}",78.50866666679966,78.52266666679965,0.013999999999995794,0.013999999999999997,0.0,0.0,93.41333333345099,93.48333333345099,0.06999999999999318,14.904666666651337,14.960666666651335,0.055999999999997385,False,"{""front_left_ankle"":0.0,""front_right_ankle"":0.0,""rear_left_ankle"":0.0,""rear_right_ankle"":0.0}","[{""base_command"":""servo front_right_hip 11.1"",""dispatch_command"":true,""mapping_error"":"""",""plan_event_index"":159,""source_event_index"":5,""source_expanded_index"":0,""source_step_index"":24}]"
