time_s,body_index,body_name,mass_kg,body_com_x_m,body_com_y_m,body_com_z_m,contribution_x_m,contribution_y_m,contribution_z_m,mass_fraction,valid_for_total_com
1.5083333333333304,0,base_link,1.3484421968460083,-0.0275347288697958,-0.1219761073589325,0.1828731894493103,-0.01266829838416435,-0.05611930050478399,0.08413709615092568,0.4600843699630843,True
1.5083333333333304,1,front_left_upper,0.12063051015138626,0.2064966857433319,0.029421299695968628,0.20802384614944458,0.008499148066429167,0.0012109442896029604,0.0085620040990382,0.04115876260112624,True
1.5083333333333304,2,front_right_upper,0.12198812514543533,0.20714667439460754,-0.2704777121543884,0.20821794867515564,0.00862185405545654,-0.011257817033579313,0.008666442608602486,0.041621976701552994,True
1.5083333333333304,3,rear_left_upper,0.12198812514543533,-0.2616485357284546,0.026673143729567528,0.20631270110607147,-0.010890329258085195,0.001110188966869234,0.008587142438671374,0.041621976701552994,True
1.5083333333333304,4,rear_right_upper,0.12198812514543533,-0.26072701811790466,-0.27322545647621155,0.2065402716398239,-0.010851973873568814,-0.01137218358372406,0.008596614374125178,0.041621976701552994,True
1.5083333333333304,5,front_left_bot,0.2142179161310196,0.2546089291572571,0.035204704850912094,0.10896527767181396,0.01860949404785197,0.0025731294952927243,0.007964326675297834,0.07309050043707607,True
1.5083333333333304,6,front_right_bot,0.2146543711423874,0.2569870352745056,-0.27448731660842896,0.10933084785938263,0.01882158078331634,-0.020103291195304105,0.008007327618281528,0.07323941755743323,True
1.5083333333333304,7,rear_left_bot,0.2146543711423874,-0.30950284004211426,0.030153367668390274,0.1099354475736618,-0.02266780773705587,0.002208415085428042,0.008051608149210725,0.07323941755743323,True
1.5083333333333304,8,rear_right_bot,0.2142179161310196,-0.3109326958656311,-0.2790223956108093,0.10991929471492767,-0.022726226343068152,-0.02039388652834587,0.008034056258404514,0.07309050043707607,True
1.5083333333333304,9,front_left_wheel,0.059519216418266296,0.24919261038303375,0.09066087007522583,0.04895090311765671,0.0050605475469324025,0.0018411205812111765,0.0009940839429845678,0.020307775335527967,True
1.5083333333333304,10,front_right_wheel,0.059519216418266296,0.25280076265335083,-0.32998111844062805,0.049159057438373566,0.005133821092614377,-0.006701182418258519,0.0009983110941648053,0.020307775335527967,True
1.5083333333333304,11,rear_left_wheel,0.059519216418266296,-0.3040298819541931,0.08417399227619171,0.04986869916319847,-0.006174170538012841,0.0017093865242393674,0.001012722338881266,0.020307775335527967,True
1.5083333333333304,12,rear_right_wheel,0.059519216418266296,-0.3066418170928955,-0.3344866931438446,0.04981733858585358,-0.006227213130000581,-0.006792680617088879,0.001011679319815443,0.020307775335527967,True
1.5166666666666637,0,base_link,1.3484421968460083,-0.027538446709513664,-0.12197620421648026,0.182872012257576,-0.012670008904108566,-0.05611934506742783,0.08413655454340828,0.4600843699630843,True
1.5166666666666637,1,front_left_upper,0.12063051015138626,0.20649293065071106,0.029421240091323853,0.208023339509964,0.008498993511463441,0.0012109418363495362,0.008561983246384092,0.04115876260112624,True
1.5166666666666637,2,front_right_upper,0.12198812514543533,0.20714297890663147,-0.2704777419567108,0.20821763575077057,0.0086217002419421,-0.011257818274010881,0.00866642958407102,0.041621976701552994,True
1.5166666666666637,3,rear_left_upper,0.12198812514543533,-0.26165223121643066,0.026673005893826485,0.20631305873394012,-0.010890483071599635,0.0011101832298732318,0.008587157323850191,0.041621976701552994,True
1.5166666666666637,4,rear_right_upper,0.12198812514543533,-0.2607306241989136,-0.2732255458831787,0.20654037594795227,-0.010852123965788552,-0.011372187305018764,0.008596618715635667,0.041621976701552994,True
1.5166666666666637,5,front_left_bot,0.2142179161310196,0.254606693983078,0.0352046824991703,0.10896503925323486,0.018609330677852656,0.0025731278615927313,0.007964309249164574,0.07309050043707607,True
1.5166666666666637,6,front_right_bot,0.2146543711423874,0.2569860517978668,-0.27448728680610657,0.10933095216751099,0.01882150875406013,-0.02010328901259937,0.008007335257748096,0.07323941755743323,True
1.5166666666666637,7,rear_left_bot,0.2146543711423874,-0.3095092177391052,0.030153291299939156,0.10993639379739761,-0.022668274835868845,0.0022084094922471625,0.008051677450086015,0.07323941755743323,True
1.5166666666666637,8,rear_right_bot,0.2142179161310196,-0.31093889474868774,-0.2790224552154541,0.10992002487182617,-0.02272667942253291,-0.020393890884879185,0.008034109625937624,0.07309050043707607,True
1.5166666666666637,9,front_left_wheel,0.059519216418266296,0.2491913139820099,0.09066087752580643,0.048950616270303726,0.005060521219911665,0.0018411207325158933,0.000994078117752968,0.020307775335527967,True
1.5166666666666637,10,front_right_wheel,0.059519216418266296,0.25280144810676575,-0.3299810588359833,0.049158982932567596,0.00513383501264833,-0.006701181207820784,0.0009983095811176364,0.020307775335527967,True
1.5166666666666637,11,rear_left_wheel,0.059519216418266296,-0.3040379285812378,0.08417394757270813,0.04986952245235443,-0.006174333947107074,0.0017093856164110662,0.0010127390580524814,0.020307775335527967,True
1.5166666666666637,12,rear_right_wheel,0.059519216418266296,-0.30664950609207153,-0.3344866931438446,0.04981788992881775,-0.006227369276468403,-0.006792680617088879,0.0010116905163644922,0.020307775335527967,True
1.524999999999997,0,base_link,1.3484421968460083,-0.027542226016521454,-0.12197615951299667,0.18287089467048645,-0.012671747704192143,-0.05611932450005375,0.08413604035905631,0.4600843699630843,True
1.524999999999997,1,front_left_upper,0.12063051015138626,0.20648923516273499,0.029421303421258926,0.20802289247512817,0.008498841409751138,0.0012109444429312993,0.00856196484698341,0.04115876260112624,True
1.524999999999997,2,front_right_upper,0.12198812514543533,0.2071392834186554,-0.2704777121543884,0.20821762084960938,0.008621546428427659,-0.011257817033579313,0.008666428963855237,0.041621976701552994,True
1.524999999999997,3,rear_left_upper,0.12198812514543533,-0.2616560757160187,0.026673033833503723,0.20631302893161774,-0.010890643087271916,0.0011101843927778267,0.008587156083418623,0.041621976701552994,True
1.524999999999997,4,rear_right_upper,0.12198812514543533,-0.2607344686985016,-0.2732256054878235,0.20654058456420898,-0.010852283981460832,-0.0113721897858819,0.008596627398656643,0.041621976701552994,True
1.524999999999997,5,front_left_bot,0.2142179161310196,0.2546044588088989,0.03520473837852478,0.10896488279104233,0.018609167307853343,0.0025731319458427142,0.007964297813264623,0.07309050043707607,True
1.524999999999997,6,front_right_bot,0.2146543711423874,0.25698500871658325,-0.2744872570037842,0.10933135449886322,0.018821432359394458,-0.020103286829894637,0.008007364724261999,0.07323941755743323,True
1.524999999999997,7,rear_left_bot,0.2146543711423874,-0.3095155656337738,0.03015328012406826,0.10993683338165283,-0.02266873975197709,0.0022084086737328874,0.008051709644980835,0.07323941755743323,True
1.524999999999997,8,rear_right_bot,0.2142179161310196,-0.310945063829422,-0.2790225148200989,0.10992088913917542,-0.022727130323731016,-0.0203938952414125,0.008034172795670692,0.07309050043707607,True
1.524999999999997,9,front_left_wheel,0.059519216418266296,0.24918997287750244,0.0906609296798706,0.04895033687353134,0.005060493985062627,0.0018411217916489116,0.000994072443826085,0.020307775335527967,True
1.524999999999997,10,front_right_wheel,0.059519216418266296,0.2528021037578583,-0.3299810290336609,0.049159299582242966,0.005133848327463416,-0.0067011806026019164,0.0009983160115681039,0.020307775335527967,True
1.524999999999997,11,rear_left_wheel,0.059519216418266296,-0.3040458559989929,0.08417390286922455,0.049869805574417114,-0.006174494935325836,0.001709384708582765,0.0010127448076317229,0.020307775335527967,True
1.524999999999997,12,rear_right_wheel,0.059519216418266296,-0.30665722489356995,-0.33448684215545654,0.04981869459152222,-0.006227526028155092,-0.006792683643183216,0.0010117068572739153,0.020307775335527967,True
1.5333333333333303,0,base_link,1.3484421968460083,-0.027545982971787453,-0.12197629362344742,0.18286976218223572,-0.012673476220588679,-0.056119386202175985,0.08413551931891299,0.4600843699630843,True
1.5333333333333303,1,front_left_upper,0.12063051015138626,0.2064855694770813,0.029421180486679077,0.20802244544029236,0.008498690534665548,0.001210939383096112,0.008561946447582729,0.04115876260112624,True
1.5333333333333303,2,front_right_upper,0.12198812514543533,0.20713554322719574,-0.270477831363678,0.2082173079252243,0.008621390754265865,-0.011257821995305586,0.008666415939323772,0.041621976701552994,True
1.5333333333333303,3,rear_left_upper,0.12198812514543533,-0.26165980100631714,0.02667291648685932,0.2063133865594864,-0.010890798141217926,0.0011101795085785276,0.00858717096859744,0.041621976701552994,True
1.5333333333333303,4,rear_right_upper,0.12198812514543533,-0.26073819398880005,-0.27322566509246826,0.20654068887233734,-0.01085243903540684,-0.011372192266745035,0.008596631740167131,0.041621976701552994,True
1.5333333333333303,5,front_left_bot,0.2142179161310196,0.254602313041687,0.03520466387271881,0.108964703977108,0.018609010472654,0.0025731265001760705,0.007964284743664677,0.07309050043707607,True
1.5333333333333303,6,front_right_bot,0.2146543711423874,0.2569839060306549,-0.27448731660842896,0.10933142900466919,0.018821351599319316,-0.020103291195304105,0.008007370181023833,0.07323941755743323,True
1.5333333333333303,7,rear_left_bot,0.2146543711423874,-0.30952197313308716,0.03015320561826229,0.10993780940771103,-0.0226692090334948,0.0022084032169710534,0.008051781128560859,0.07323941755743323,True
1.5333333333333303,8,rear_right_bot,0.2142179161310196,-0.31095123291015625,-0.27902254462242126,0.10992161184549332,-0.022727581224929117,-0.020393897419679157,0.008034225618637135,0.07309050043707607,True
1.5333333333333303,9,front_left_wheel,0.059519216418266296,0.24918872117996216,0.09066088497638702,0.04895012080669403,0.00506046856587019,0.0018411208838206104,0.0009940680559892953,0.020307775335527967,True
1.5333333333333303,10,front_right_wheel,0.059519216418266296,0.2528025805950165,-0.3299810588359833,0.04915919154882431,0.005133858010965296,-0.006701181207820784,0.000998313817649709,0.020307775335527967,True
1.5333333333333303,11,rear_left_wheel,0.059519216418266296,-0.3040539622306824,0.08417385071516037,0.049870673567056656,-0.006174659554857803,0.0017093836494497467,0.0010127624346312396,0.020307775335527967,True
1.5333333333333303,12,rear_right_wheel,0.059519216418266296,-0.3066648840904236,-0.33448678255081177,0.04981929063796997,-0.006227681569404046,-0.006792682432745481,0.0010117189616512658,0.020307775335527967,True
1.5416666666666636,0,base_link,1.3484421968460083,-0.027549754828214645,-0.12197626382112503,0.18286864459514618,-0.012675211592776575,-0.05611937249059327,0.08413500513456101,0.4600843699630843,True
1.5416666666666636,1,front_left_upper,0.12063051015138626,0.20648181438446045,0.029421184211969376,0.20802198350429535,0.008498535979699821,0.001210939536424451,0.008561927434868692,0.04115876260112624,True
1.5416666666666636,2,front_right_upper,0.12198812514543533,0.20713181793689728,-0.2704778015613556,0.2082173377275467,0.008621235700319856,-0.011257820754874017,0.00866641717975534,0.041621976701552994,True
1.5416666666666636,3,rear_left_upper,0.12198812514543533,-0.26166361570358276,0.026672931388020515,0.20631344616413116,-0.010890956916458638,0.0011101801287943115,0.008587173449460576,0.041621976701552994,True
1.5416666666666636,4,rear_right_upper,0.12198812514543533,-0.2607420086860657,-0.27322569489479065,0.20654083788394928,-0.010852597810647555,-0.011372193507176604,0.008596637942324972,0.041621976701552994,True
1.5416666666666636,5,front_left_bot,0.2142179161310196,0.25460001826286316,0.03520466014742851,0.10896453261375427,0.018608842746121373,0.0025731262278927383,0.007964272218631396,0.07309050043707607,True
1.5416666666666636,6,front_right_bot,0.2146543711423874,0.25698280334472656,-0.27448734641075134,0.10933192074298859,0.018821270839244175,-0.020103293378008837,0.008007406195651936,0.07323941755743323,True
1.5416666666666636,7,rear_left_bot,0.2146543711423874,-0.3095282018184662,0.030153214931488037,0.1099383533000946,-0.022669665218784107,0.0022084038990662826,0.008051820962922245,0.07323941755743323,True
1.5416666666666636,8,rear_right_bot,0.2142179161310196,-0.3109574317932129,-0.27902260422706604,0.1099223643541336,-0.02272803430439388,-0.020393901776212475,0.008034280619870238,0.07309050043707607,True
1.5416666666666636,9,front_left_wheel,0.059519216418266296,0.24918733537197113,0.09066088497638702,0.04894985258579254,0.005060440423192851,0.0018411208838206104,0.0009940626090194876,0.020307775335527967,True
1.5416666666666636,10,front_right_wheel,0.059519216418266296,0.25280314683914185,-0.32998111844062805,0.04915959760546684,0.005133869510123779,-0.006701182418258519,0.0009983220637567792,0.020307775335527967,True
1.5416666666666636,11,rear_left_wheel,0.059519216418266296,-0.3040616810321808,0.08417385071516037,0.04987102746963501,-0.0061748163065444926,0.0017093836494497467,0.0010127696216052915,0.020307775335527967,True
1.5416666666666636,12,rear_right_wheel,0.059519216418266296,-0.3066725730895996,-0.3344869017601013,0.0498199537396431,-0.006227837715871868,-0.006792684853620951,0.0010117324277710683,0.020307775335527967,True
1.549999999999997,0,base_link,1.3484421968460083,-0.027553511783480644,-0.12197631597518921,0.18286745250225067,-0.012676940109173113,-0.056119396485863025,0.08413445667125224,0.4600843699630843,True
1.549999999999997,1,front_left_upper,0.12063051015138626,0.2064780592918396,0.029421143233776093,0.20802132785320282,0.008498381424734094,0.0012109378498127217,0.008561900449081025,0.04115876260112624,True
1.549999999999997,2,front_right_upper,0.12198812514543533,0.2071281373500824,-0.270477831363678,0.20821699500083923,0.008621082507021198,-0.011257821995305586,0.008666402914792308,0.041621976701552994,True
1.549999999999997,3,rear_left_upper,0.12198812514543533,-0.2616673707962036,0.02667292393743992,0.20631368458271027,-0.010891113210836216,0.0011101798186864196,0.00858718337291312,0.041621976701552994,True
1.549999999999997,4,rear_right_upper,0.12198812514543533,-0.26074570417404175,-0.27322566509246826,0.2065410017967224,-0.010852751624161995,-0.011372192266745035,0.008596644764698597,0.041621976701552994,True
1.549999999999997,5,front_left_bot,0.2142179161310196,0.25459763407707214,0.03520458936691284,0.10896419733762741,0.018608668484788773,0.0025731210545094267,0.007964247713131499,0.07309050043707607,True
1.549999999999997,6,front_right_bot,0.2146543711423874,0.2569817304611206,-0.27448734641075134,0.10933194309473038,0.01882119226187377,-0.020103293378008837,0.008007407832680486,0.07323941755743323,True
1.549999999999997,7,rear_left_bot,0.2146543711423874,-0.30953454971313477,0.03015318512916565,0.10993918031454086,-0.02267013013489235,0.002208401716361549,0.0080518815329786,0.07323941755743323,True
1.549999999999997,8,rear_right_bot,0.2142179161310196,-0.31096354126930237,-0.27902260422706604,0.10992314666509628,-0.022728480849058666,-0.020393901776212475,0.008034337799369996,0.07309050043707607,True
1.549999999999997,9,front_left_wheel,0.059519216418266296,0.24918577075004578,0.09066080302000046,0.048949457705020905,0.005060408649202305,0.0018411192194687247,0.000994054589869493,0.020307775335527967,True
1.549999999999997,10,front_right_wheel,0.059519216418266296,0.25280365347862244,-0.32998114824295044,0.04915950819849968,0.005133879798844527,-0.006701183023477386,0.0009983202481001765,0.020307775335527967,True
1.549999999999997,11,rear_left_wheel,0.059519216418266296,-0.3040696978569031,0.08417382091283798,0.049871694296598434,-0.006174979110419857,0.0017093830442308792,0.0010127831633774524,0.020307775335527967,True
1.549999999999997,12,rear_right_wheel,0.059519216418266296,-0.30668017268180847,-0.33448687195777893,0.049820635467767715,-0.006227992046683087,-0.006792684248402084,0.001011746272152663,0.020307775335527967,True
1.5583333333333302,0,base_link,1.3484421968460083,-0.02755727618932724,-0.12197627872228622,0.18286627531051636,-0.012678672053465328,-0.056119379346384626,0.08413391506373484,0.4600843699630843,True
1.5583333333333302,1,front_left_upper,0.12063051015138626,0.2064743936061859,0.029421234503388405,0.20802076160907745,0.008498230549648505,0.0012109416063570276,0.008561877143173495,0.04115876260112624,True
1.5583333333333302,2,front_right_upper,0.12198812514543533,0.2071244716644287,-0.270477831363678,0.20821675658226013,0.008620929933938325,-0.011257821995305586,0.008666392991339762,0.041621976701552994,True
1.5583333333333302,3,rear_left_upper,0.12198812514543533,-0.26167112588882446,0.02667292207479477,0.2063138484954834,-0.010891269505213793,0.0011101797411594465,0.008587190195286745,0.041621976701552994,True
1.5583333333333302,4,rear_right_upper,0.12198812514543533,-0.260749489068985,-0.27322569489479065,0.20654119551181793,-0.010852909158971141,-0.011372193507176604,0.00859665282750379,0.041621976701552994,True
1.5583333333333302,5,front_left_bot,0.2142179161310196,0.25459545850753784,0.0352046824991703,0.10896389186382294,0.018608509471322778,0.0025731278615927313,0.00796422538589826,0.07309050043707607,True
1.5583333333333302,6,front_right_bot,0.2146543711423874,0.2569805979728699,-0.27448737621307373,0.10933209210634232,0.018821109319093896,-0.02010329556071357,0.008007418746204155,0.07323941755743323,True
1.5583333333333302,7,rear_left_bot,0.2146543711423874,-0.3095408082008362,0.030153147876262665,0.10993991792201996,-0.02267058850288639,0.002208398987980632,0.008051935554920757,0.07323941755743323,True
1.5583333333333302,8,rear_right_bot,0.2142179161310196,-0.31096968054771423,-0.2790226638317108,0.10992395132780075,-0.022728929571990113,-0.02039390613274579,0.00803439661256975,0.07309050043707607,True
1.5583333333333302,9,front_left_wheel,0.059519216418266296,0.2491844892501831,0.09066087007522583,0.04894905537366867,0.0050603826247910015,0.0018411205812111765,0.0009940464194147813,0.020307775335527967,True
1.5583333333333302,10,front_right_wheel,0.059519216418266296,0.25280407071113586,-0.32998114824295044,0.04915957525372505,0.005133888271908672,-0.006701183023477386,0.0009983216098426286,0.020307775335527967,True
1.5583333333333302,11,rear_left_wheel,0.059519216418266296,-0.30407750606536865,0.0841737613081932,0.049872301518917084,-0.006175137677763148,0.0017093818337931442,0.0010127954947118782,0.020307775335527967,True
1.5583333333333302,12,rear_right_wheel,0.059519216418266296,-0.3066878020763397,-0.3344869613647461,0.04982135444879532,-0.006228146982713174,-0.006792686064058686,0.001011760873057842,0.020307775335527967,True
1.5666666666666635,0,base_link,1.3484421968460083,-0.02756110392510891,-0.1219763308763504,0.1828651875257492,-0.012680433134870822,-0.056119403341654384,0.08413341459096559,0.4600843699630843,True
1.5666666666666635,1,front_left_upper,0.12063051015138626,0.20647060871124268,0.029421204701066017,0.20802035927772522,0.008498074768056064,0.0012109403797303155,0.008561860583712881,0.04115876260112624,True
1.5666666666666635,2,front_right_upper,0.12198812514543533,0.20712068676948547,-0.2704778015613556,0.20821666717529297,0.00862077239912918,-0.011257820754874017,0.00866638927004506,0.041621976701552994,True
1.5666666666666635,3,rear_left_upper,0.12198812514543533,-0.2616749405860901,0.026672890409827232,0.20631390810012817,-0.010891428280454507,0.0011101784232009054,0.008587192676149881,0.041621976701552994,True
1.5666666666666635,4,rear_right_upper,0.12198812514543533,-0.2607533037662506,-0.27322572469711304,0.2065412849187851,-0.010853067934211855,-0.011372194747608172,0.008596656548798492,0.041621976701552994,True
1.5666666666666635,5,front_left_bot,0.2142179161310196,0.2545930743217468,0.03520464897155762,0.10896380245685577,0.018608335209990178,0.002573125411042742,0.007964218851098288,0.07309050043707607,True
1.5666666666666635,6,front_right_bot,0.2146543711423874,0.2569793164730072,-0.27448731660842896,0.10933242738246918,0.018821015462790355,-0.020103291195304105,0.008007443301632406,0.07323941755743323,True
1.5666666666666635,7,rear_left_bot,0.2146543711423874,-0.3095470666885376,0.030153093859553337,0.10994050651788712,-0.022671046870880434,0.0022083950318283027,0.008051978663339244,0.07323941755743323,True
1.5666666666666635,8,rear_right_bot,0.2142179161310196,-0.3109758198261261,-0.2790226936340332,0.10992462933063507,-0.022729378294921557,-0.020393908311012447,0.008034446168136207,0.07309050043707607,True
1.5666666666666635,9,front_left_wheel,0.059519216418266296,0.2491830289363861,0.09066086262464523,0.04894884675741196,0.0050603529690664934,0.0018411204299064595,0.0009940421828827086,0.020307775335527967,True
1.5666666666666635,10,front_right_wheel,0.059519216418266296,0.25280439853668213,-0.32998108863830566,0.049159757792949677,0.005133894929316215,-0.006701181813039651,0.000998325316808192,0.020307775335527967,True
1.5666666666666635,11,rear_left_wheel,0.059519216418266296,-0.30408528447151184,0.08417368680238724,0.04987271502614021,-0.006175295639887573,0.0017093803207459753,0.0010128038921236651,0.020307775335527967,True
1.5666666666666635,12,rear_right_wheel,0.059519216418266296,-0.3066953718662262,-0.3344869911670685,0.04982191324234009,-0.006228300708305526,-0.0067926866692775536,0.0010117722209116082,0.020307775335527967,True
1.5749999999999968,0,base_link,1.3484421968460083,-0.02756485715508461,-0.121976338326931,0.18286406993865967,-0.012682159937319519,-0.056119406769550066,0.08413290040661361,0.4600843699630843,True
1.5749999999999968,1,front_left_upper,0.12063051015138626,0.2064668834209442,0.029421107843518257,0.20801983773708344,0.00849792143971705,0.0012109363931935011,0.00856183911774542,0.04115876260112624,True
1.5749999999999968,2,front_right_upper,0.12198812514543533,0.20711693167686462,-0.27047789096832275,0.20821639895439148,0.008620616104751603,-0.011257824476168722,0.008666378106160945,0.041621976701552994,True
1.5749999999999968,3,rear_left_upper,0.12198812514543533,-0.2616787254810333,0.02667287178337574,0.20631423592567444,-0.010891585815263652,0.0011101776479311755,0.00858720632089713,0.041621976701552994,True
1.5749999999999968,4,rear_right_upper,0.12198812514543533,-0.2607570290565491,-0.27322572469711304,0.2065414935350418,-0.010853222988157864,-0.011372194747608172,0.00859666523181947,0.041621976701552994,True
1.5749999999999968,5,front_left_bot,0.2142179161310196,0.2545906901359558,0.035204555839300156,0.10896356403827667,0.018608160948657578,0.002573118603959437,0.007964201424965027,0.07309050043707607,True
1.5749999999999968,6,front_right_bot,0.2146543711423874,0.25697818398475647,-0.27448737621307373,0.10933248698711395,0.018820932520010478,-0.02010329556071357,0.008007447667041874,0.07323941755743323,True
1.5749999999999968,7,rear_left_bot,0.2146543711423874,-0.3095533847808838,0.030153099447488785,0.10994137823581696,-0.022671509604283942,0.00220839544108544,0.0080520425074527,0.07323941755743323,True
1.5749999999999968,8,rear_right_bot,0.2142179161310196,-0.3109818696975708,-0.2790226638317108,0.10992547869682312,-0.022729820483053033,-0.02039390613274579,0.008034508248735946,0.07309050043707607,True
1.5749999999999968,9,front_left_wheel,0.059519216418266296,0.24918138980865479,0.09066077321767807,0.04894857853651047,0.0050603196820287796,0.001841118614249857,0.0009940367359129007,0.020307775335527967,True
1.5749999999999968,10,front_right_wheel,0.059519216418266296,0.25280484557151794,-0.32998111844062805,0.04915976896882057,0.0051339040075992284,-0.006701182418258519,0.0009983255437652674,0.020307775335527967,True
1.5749999999999968,11,rear_left_wheel,0.059519216418266296,-0.30409321188926697,0.08417367935180664,0.0498734675347805,-0.006175456628106335,0.0017093801694412585,0.0010128191739000702,0.020307775335527967,True
1.5749999999999968,12,rear_right_wheel,0.059519216418266296,-0.3067029118537903,-0.3344869911670685,0.04982263967394829,-0.00622845382867901,-0.0067926866692775536,0.0010117869731215041,0.020307775335527967,True
1.5833333333333302,0,base_link,1.3484421968460083,-0.027568629011511803,-0.1219763308763504,0.18286298215389252,-0.012683895309507415,-0.056119403341654384,0.08413239993384437,0.4600843699630843,True
1.5833333333333302,1,front_left_upper,0.12063051015138626,0.2064630687236786,0.029421145096421242,0.20801939070224762,0.0084977644314979,0.0012109379264768913,0.008561820718344737,0.04115876260112624,True
1.5833333333333302,2,front_right_upper,0.12198812514543533,0.20711326599121094,-0.270477831363678,0.20821630954742432,0.00862046353166873,-0.011257821995305586,0.008666374384866242,0.041621976701552994,True
1.5833333333333302,3,rear_left_upper,0.12198812514543533,-0.2616824507713318,0.0266728475689888,0.2063142955303192,-0.010891740869209661,0.0011101766400805264,0.008587208801760267,0.041621976701552994,True
1.5833333333333302,4,rear_right_upper,0.12198812514543533,-0.2607608139514923,-0.27322572469711304,0.20654158294200897,-0.01085338052296701,-0.011372194747608172,0.008596668953114173,0.041621976701552994,True
1.5833333333333302,5,front_left_bot,0.2142179161310196,0.2545883059501648,0.03520458564162254,0.10896340012550354,0.018607986687324975,0.0025731207822260946,0.007964189444498412,0.07309050043707607,True
1.5833333333333302,6,front_right_bot,0.2146543711423874,0.25697699189186096,-0.27448731660842896,0.1093328595161438,0.018820845211821136,-0.020103291195304105,0.008007474950851043,0.07323941755743323,True
1.5833333333333302,7,rear_left_bot,0.2146543711423874,-0.30955955386161804,0.030153024941682816,0.10994191467761993,-0.022671961424163785,0.0022083899843236064,0.008052081796137903,0.07323941755743323,True
1.5833333333333302,8,rear_right_bot,0.2142179161310196,-0.3109879791736603,-0.2790226936340332,0.10992608964443207,-0.02273026702771782,-0.020393908311012447,0.008034552903202425,0.07309050043707607,True
1.5833333333333302,9,front_left_wheel,0.059519216418266296,0.2491799294948578,0.09066081047058105,0.04894835129380226,0.005060290026304271,0.0018411193707734415,0.000994032121119036,0.020307775335527967,True
1.5833333333333302,10,front_right_wheel,0.059519216418266296,0.25280511379241943,-0.32998108863830566,0.049159977585077286,0.005133909454569036,-0.006701181813039651,0.00099832978029734,0.020307775335527967,True
1.5833333333333302,11,rear_left_wheel,0.059519216418266296,-0.3041008412837982,0.08417361229658127,0.04987388104200363,-0.006175611564136422,0.0017093788076988066,0.0010128275713118572,0.020307775335527967,True
1.5833333333333302,12,rear_right_wheel,0.059519216418266296,-0.306710422039032,-0.3344869911670685,0.04982319474220276,-0.006228606343833627,-0.0067926866692775536,0.001011798245322912,0.020307775335527967,True
1.5916666666666635,0,base_link,1.3484421968460083,-0.027572399005293846,-0.1219763457775116,0.18286189436912537,-0.012685629824721392,-0.05611941019744574,0.08413189946107512,0.4600843699630843,True
1.5916666666666635,1,front_left_upper,0.12063051015138626,0.2064594030380249,0.02942110225558281,0.20801883935928345,0.008497613556412308,0.0012109361632009926,0.008561798025750562,0.04115876260112624,True
1.5916666666666635,2,front_right_upper,0.12198812514543533,0.20710957050323486,-0.27047789096832275,0.20821601152420044,0.008620309718154289,-0.011257824476168722,0.008666361980550562,0.041621976701552994,True
1.5916666666666635,3,rear_left_upper,0.12198812514543533,-0.261686235666275,0.026672862470149994,0.2063145637512207,-0.010891898404018807,0.0011101772602963103,0.008587219965644379,0.041621976701552994,True
1.5916666666666635,4,rear_right_upper,0.12198812514543533,-0.26076462864875793,-0.2732257843017578,0.20654180645942688,-0.010853539298207721,-0.011372197228471308,0.008596678256350933,0.041621976701552994,True
1.5916666666666635,5,front_left_bot,0.2142179161310196,0.25458604097366333,0.035204581916332245,0.10896303504705429,0.018607821139059007,0.0025731205099427624,0.007964162760731856,0.07309050043707607,True
1.5916666666666635,6,front_right_bot,0.2146543711423874,0.2569757401943207,-0.27448737621307373,0.10933292657136917,0.01882075353822233,-0.02010329556071357,0.008007479861936694,0.07323941755743323,True
1.5916666666666635,7,rear_left_bot,0.2146543711423874,-0.30956578254699707,0.030153091996908188,0.10994270443916321,-0.022672417609453092,0.002208394895409257,0.008052139637813342,0.07323941755743323,True
1.5916666666666635,8,rear_right_bot,0.2142179161310196,-0.31099408864974976,-0.279022753238678,0.10992693156003952,-0.02273071357238261,-0.020393912667545762,0.0080346144392355,0.07309050043707607,True
1.5916666666666635,9,front_left_wheel,0.059519216418266296,0.24917849898338318,0.09066081792116165,0.04894794523715973,0.005060260975798629,0.0018411195220781583,0.0009940238750119658,0.020307775335527967,True
1.5916666666666635,10,front_right_wheel,0.059519216418266296,0.2528054416179657,-0.32998108863830566,0.04915991425514221,0.005133916111976579,-0.006701181813039651,0.0009983284942072467,0.020307775335527967,True
1.5916666666666635,11,rear_left_wheel,0.059519216418266296,-0.3041086196899414,0.08417369425296783,0.049874529242515564,-0.006175769526260846,0.0017093804720506923,0.0010128407348222257,0.020307775335527967,True
1.5916666666666635,12,rear_right_wheel,0.059519216418266296,-0.30671799182891846,-0.33448702096939087,0.04982391372323036,-0.006228760069425978,-0.006792687274496422,0.0010118128462280908,0.020307775335527967,True
1.5999999999999968,0,base_link,1.3484421968460083,-0.027576209977269173,-0.12197645753622055,0.1828608512878418,-0.012687383193361606,-0.05611946161588094,0.08413141955567995,0.4600843699630843,True
1.5999999999999968,1,front_left_upper,0.12063051015138626,0.2064555585384369,0.02942103147506714,0.20801839232444763,0.008497455321566446,0.0012109332499625513,0.00856177962634988,0.04115876260112624,True
1.5999999999999968,2,front_right_upper,0.12198812514543533,0.20710577070713043,-0.27047792077064514,0.2082158327102661,0.00862015156312936,-0.01125782571660029,0.008666354537961152,0.041621976701552994,True
1.5999999999999968,3,rear_left_upper,0.12198812514543533,-0.26169008016586304,0.02667270600795746,0.2063147872686386,-0.010892058419691087,0.001110170748030578,0.00858722926888114,0.041621976701552994,True
1.5999999999999968,4,rear_right_upper,0.12198812514543533,-0.2607683837413788,-0.273225873708725,0.20654191076755524,-0.010853695592585299,-0.011372200949766013,0.008596682597861421,0.041621976701552994,True
1.5999999999999968,5,front_left_bot,0.2142179161310196,0.25458353757858276,0.03520456701517105,0.10896286368370056,0.018607638164659775,0.0025731194208094333,0.007964150235698577,0.07309050043707607,True
1.5999999999999968,6,front_right_bot,0.2146543711423874,0.25697439908981323,-0.27448734641075134,0.1093331128358841,0.01882065531650932,-0.020103293378008837,0.008007493503841277,0.07323941755743323,True
1.5999999999999968,7,rear_left_bot,0.2146543711423874,-0.3095720410346985,0.030152903869748116,0.10994347929954529,-0.022672875977447136,0.0022083811170856265,0.008052196388136413,0.07323941755743323,True
1.5999999999999968,8,rear_right_bot,0.2142179161310196,-0.31100016832351685,-0.27902281284332275,0.10992760956287384,-0.02273115793878074,-0.020393917024079077,0.008034663994801959,0.07309050043707607,True
1.5999999999999968,9,front_left_wheel,0.059519216418266296,0.24917680025100708,0.09066084027290344,0.04894766956567764,0.00506022647832318,0.001841119975992309,0.0009940182767374413,0.020307775335527967,True
1.5999999999999968,10,front_right_wheel,0.059519216418266296,0.25280559062957764,-0.3299810588359833,0.04915999248623848,0.0051339191380709165,-0.006701181207820784,0.0009983300829067739,0.020307775335527967,True
1.5999999999999968,11,rear_left_wheel,0.059519216418266296,-0.3041163980960846,0.08417351543903351,0.04987514019012451,-0.006175927488385271,0.001709376840737487,0.00101285314180901,0.020307775335527967,True
1.5999999999999968,12,rear_right_wheel,0.059519216418266296,-0.3067254424095154,-0.33448711037635803,0.049824491143226624,-0.00622891137414286,-0.006792689090153024,0.0010118245723436492,0.020307775335527967,True
1.60833333333333,0,base_link,1.3484421968460083,-0.027579983696341515,-0.12197643518447876,0.18285971879959106,-0.012689119422523423,-0.0561194513321939,0.08413089851553662,0.4600843699630843,True
1.60833333333333,1,front_left_upper,0.12063051015138626,0.2064519226551056,0.029421024024486542,0.2080177664756775,0.008497305673107566,0.0012109329433058734,0.008561753867188927,0.04115876260112624,True
1.60833333333333,2,front_right_upper,0.12198812514543533,0.20710207521915436,-0.2704780101776123,0.20821556448936462,0.00861999774961492,-0.011257829437894993,0.00866634337407704,0.041621976701552994,True
1.60833333333333,3,rear_left_upper,0.12198812514543533,-0.2616938352584839,0.026672760024666786,0.20631495118141174,-0.010892214714068664,0.001110172996312795,0.008587236091254764,0.041621976701552994,True
1.60833333333333,4,rear_right_upper,0.12198812514543533,-0.2607721984386444,-0.2732258439064026,0.20654207468032837,-0.010853854367826012,-0.011372199709334445,0.008596689420235048,0.041621976701552994,True
1.60833333333333,5,front_left_bot,0.2142179161310196,0.2545812427997589,0.03520454093813896,0.10896246135234833,0.018607470438127147,0.002573117514826108,0.0079641208290987,0.07309050043707607,True
1.60833333333333,6,front_right_bot,0.2146543711423874,0.25697317719459534,-0.2744874358177185,0.10933323204517365,0.018820565825615244,-0.020103299926123037,0.008007502234660211,0.07323941755743323,True
1.60833333333333,7,rear_left_bot,0.2146543711423874,-0.30957818031311035,0.03015296161174774,0.10994415730237961,-0.022673325614622243,0.002208385346076048,0.0080522460446691,0.07323941755743323,True
1.60833333333333,8,rear_right_bot,0.2142179161310196,-0.31100624799728394,-0.27902281284332275,0.10992837697267532,-0.02273160230517887,-0.020393917024079077,0.008034720085168388,0.07309050043707607,True
1.60833333333333,9,front_left_wheel,0.059519216418266296,0.24917536973953247,0.09066081792116165,0.04894719272851944,0.005060197427817539,0.0018411195220781583,0.000994008593235561,0.020307775335527967,True
1.60833333333333,10,front_right_wheel,0.059519216418266296,0.25280582904815674,-0.32998114824295044,0.049159981310367584,0.005133923979821857,-0.006701183023477386,0.0009983298559496985,0.020307775335527967,True
1.60833333333333,11,rear_left_wheel,0.059519216418266296,-0.30412405729293823,0.08417357504367828,0.04987570270895958,-0.0061760830296342245,0.0017093780511752222,0.0010128645653151346,0.020307775335527967,True
1.60833333333333,12,rear_right_wheel,0.059519216418266296,-0.30673301219940186,-0.3344871401786804,0.04982516169548035,-0.006229065099735211,-0.006792689695371891,0.0010118381897681686,0.020307775335527967,True
1.6166666666666634,0,base_link,1.3484421968460083,-0.027583787217736244,-0.12197647988796234,0.1828586459159851,-0.012690869363267958,-0.05611947189956798,0.08413040489855873,0.4600843699630843,True
1.6166666666666634,1,front_left_upper,0.12063051015138626,0.20644810795783997,0.029420994222164154,0.20801730453968048,0.008497148664888416,0.0012109317166791613,0.008561734854474888,0.04115876260112624,True
1.6166666666666634,2,front_right_upper,0.12198812514543533,0.20709830522537231,-0.2704780101776123,0.20821546018123627,0.008619840835021557,-0.011257829437894993,0.008666339032566552,0.041621976701552994,True
1.6166666666666634,3,rear_left_upper,0.12198812514543533,-0.26169759035110474,0.0266727302223444,0.20631501078605652,-0.010892371008446242,0.001110171755881227,0.0085872385721179,0.041621976701552994,True
1.6166666666666634,4,rear_right_upper,0.12198812514543533,-0.26077598333358765,-0.273225873708725,0.2065422087907791,-0.010854011902635158,-0.011372200949766013,0.008596695002177104,0.041621976701552994,True
1.6166666666666634,5,front_left_bot,0.2142179161310196,0.25457870960235596,0.03520450368523598,0.10896233469247818,0.01860728528546126,0.0025731147919927865,0.007964111571465406,0.07309050043707607,True
1.6166666666666634,6,front_right_bot,0.2146543711423874,0.2569717764854431,-0.2744874358177185,0.10933349281549454,0.01882046323849277,-0.020103299926123037,0.00800752133332663,0.07323941755743323,True
1.6166666666666634,7,rear_left_bot,0.2146543711423874,-0.3095843493938446,0.030152933672070503,0.10994470864534378,-0.022673777434502086,0.00220838329979036,0.008052286424706671,0.07323941755743323,True
1.6166666666666634,8,rear_right_bot,0.2142179161310196,-0.3110121786594391,-0.27902287244796753,0.10992906242609024,-0.022732035780243715,-0.02039392138061239,0.008034770185301512,0.07309050043707607,True
1.6166666666666634,9,front_left_wheel,0.059519216418266296,0.24917367100715637,0.09066072851419449,0.04894700646400452,0.00506016293034209,0.0018411177064215558,0.0009940048106176387,0.020307775335527967,True
1.6166666666666634,10,front_right_wheel,0.059519216418266296,0.2528059482574463,-0.32998114824295044,0.04916016384959221,0.0051339264006973265,-0.006701183023477386,0.0009983335629152623,0.020307775335527967,True
1.6166666666666634,11,rear_left_wheel,0.059519216418266296,-0.3041316866874695,0.08417351543903351,0.04987610504031181,-0.006176237965664312,0.001709376840737487,0.0010128727357698463,0.020307775335527967,True
1.6166666666666634,12,rear_right_wheel,0.059519216418266296,-0.30674028396606445,-0.3344871997833252,0.04982578009366989,-0.006229212773138888,-0.006792690905809627,0.0010118507480596697,0.020307775335527967,True
1.6249999999999967,0,base_link,1.3484421968460083,-0.02758759632706642,-0.12197644263505936,0.18285751342773438,-0.012692621874934253,-0.05611945476008958,0.0841298838584154,0.4600843699630843,True
1.6249999999999967,1,front_left_upper,0.12063051015138626,0.20644430816173553,0.029421037063002586,0.2080167531967163,0.008496992269982621,0.0012109334799550598,0.008561712161880715,0.04115876260112624,True
1.6249999999999967,2,front_right_upper,0.12198812514543533,0.20709455013275146,-0.2704779803752899,0.20821517705917358,0.00861968454064398,-0.011257828197463425,0.008666327248466655,0.041621976701552994,True
1.6249999999999967,3,rear_left_upper,0.12198812514543533,-0.26170146465301514,0.02667272835969925,0.20631517469882965,-0.010892532264550092,0.0011101716783542541,0.008587245394491525,0.041621976701552994,True
1.6249999999999967,4,rear_right_upper,0.12198812514543533,-0.2607797682285309,-0.273225873708725,0.20654234290122986,-0.010854169437444303,-0.011372200949766013,0.00859670058411916,0.041621976701552994,True
1.6249999999999967,5,front_left_bot,0.2142179161310196,0.25457626581192017,0.03520454093813896,0.1089620441198349,0.018607106667595345,0.002573117514826108,0.007964090333365495,0.07309050043707607,True
1.6249999999999967,6,front_right_bot,0.2146543711423874,0.25697046518325806,-0.27448737621307373,0.1093335896730423,0.018820367199484492,-0.02010329556071357,0.008007528427117014,0.07323941755743323,True
1.6249999999999967,7,rear_left_bot,0.2146543711423874,-0.30959051847457886,0.030152907595038414,0.10994543135166168,-0.022674229254381926,0.002208381389923718,0.00805233935529646,0.07323941755743323,True
1.6249999999999967,8,rear_right_bot,0.2142179161310196,-0.3110182285308838,-0.27902287244796753,0.10992977768182755,-0.022732477968375187,-0.02039392138061239,0.008034822463701291,0.07309050043707607,True
1.6249999999999967,9,front_left_wheel,0.059519216418266296,0.24917204678058624,0.09066077321767807,0.04894664138555527,0.00506012994591381,0.001841118614249857,0.0009939973966865117,0.020307775335527967,True
1.6249999999999967,10,front_right_wheel,0.059519216418266296,0.2528061270713806,-0.3299810588359833,0.04916013777256012,0.0051339300320105315,-0.006701181207820784,0.0009983330333487531,0.020307775335527967,True
1.6249999999999967,11,rear_left_wheel,0.059519216418266296,-0.3041393458843231,0.08417351543903351,0.04987667500972748,-0.006176393506913266,0.001709376840737487,0.0010128843105806878,0.020307775335527967,True
1.6249999999999967,12,rear_right_wheel,0.059519216418266296,-0.3067477345466614,-0.3344871997833252,0.04982640594244003,-0.00622936407785577,-0.006792690905809627,0.0010118634576558878,0.020307775335527967,True
1.63333333333333,0,base_link,1.3484421968460083,-0.02759142778813839,-0.12197652459144592,0.1828564703464508,-0.012694384670287589,-0.056119492466942054,0.08412940395302022,0.4600843699630843,True
1.63333333333333,1,front_left_upper,0.12063051015138626,0.20644047856330872,0.02942100167274475,0.2080163210630417,0.008496834648450115,0.0012109320233358392,0.00856169437579339,0.04115876260112624,True
1.63333333333333,2,front_right_upper,0.12198812514543533,0.20709076523780823,-0.2704779803752899,0.2082149237394333,0.008619527005834836,-0.011257828197463425,0.008666316704798326,0.041621976701552994,True
1.63333333333333,3,rear_left_upper,0.12198812514543533,-0.26170530915260315,0.026672648265957832,0.20631533861160278,-0.010892692280222372,0.0011101683446944149,0.00858725221686515,0.041621976701552994,True
1.63333333333333,4,rear_right_upper,0.12198812514543533,-0.2607836127281189,-0.2732259929180145,0.20654244720935822,-0.010854329453116585,-0.011372205911492284,0.008596704925629648,0.041621976701552994,True
1.63333333333333,5,front_left_bot,0.2142179161310196,0.254573792219162,0.03520456701517105,0.10896183550357819,0.018606925871462773,0.0025731194208094333,0.007964075085498892,0.07309050043707607,True
1.63333333333333,6,front_right_bot,0.2146543711423874,0.2569689452648163,-0.27448731660842896,0.10933364927768707,0.018820255881543083,-0.020103291195304105,0.008007532792526481,0.07323941755743323,True
1.63333333333333,7,rear_left_bot,0.2146543711423874,-0.3095967173576355,0.030152838677167892,0.1099461019039154,-0.0226746832569665,0.0022083763424190217,0.008052388466152964,0.07323941755743323,True
1.63333333333333,8,rear_right_bot,0.2142179161310196,-0.3110243082046509,-0.2790229618549347,0.10993053764104843,-0.022732922334773316,-0.020393927915412363,0.008034878009501058,0.07309050043707607,True
1.63333333333333,9,front_left_wheel,0.059519216418266296,0.24917034804821014,0.09066081792116165,0.048946380615234375,0.005060095448438361,0.0018411195220781583,0.0009939921010214208,0.020307775335527967,True
1.63333333333333,10,front_right_wheel,0.059519216418266296,0.25280606746673584,-0.3299809694290161,0.04916009306907654,0.005133928821572797,-0.006701179392164181,0.0009983321255204519,0.020307775335527967,True
1.63333333333333,11,rear_left_wheel,0.059519216418266296,-0.304146945476532,0.08417343348264694,0.04987723380327225,-0.006176547837724485,0.0017093751763856014,0.0010128956584344539,0.020307775335527967,True
1.63333333333333,12,rear_right_wheel,0.059519216418266296,-0.3067552447319031,-0.33448728919029236,0.04982703551650047,-0.0062295165930103865,-0.006792692721466229,0.0010118762429044642,0.020307775335527967,True
1.6416666666666633,0,base_link,1.3484421968460083,-0.027595261111855507,-0.12197652459144592,0.18285539746284485,-0.012696148322614842,-0.056119492466942054,0.08412891033604233,0.4600843699630843,True
1.6416666666666633,1,front_left_upper,0.12063051015138626,0.20643678307533264,0.029420943930745125,0.20801568031311035,0.008496682546737811,0.0012109296467465846,0.008561668003319079,0.04115876260112624,True
1.6416666666666633,2,front_right_upper,0.12198812514543533,0.207086980342865,-0.2704780697822571,0.2082146853208542,0.00861936947102569,-0.01125783191875813,0.008666306781345782,0.041621976701552994,True
1.6416666666666633,3,rear_left_upper,0.12198812514543533,-0.2617091238498688,0.02667263150215149,0.20631562173366547,-0.010892851055463086,0.0011101676469516578,0.008587264000965045,0.041621976701552994,True
1.6416666666666633,4,rear_right_upper,0.12198812514543533,-0.2607874870300293,-0.2732260227203369,0.20654265582561493,-0.010854490709220434,-0.011372207151923852,0.008596713608650624,0.041621976701552994,True
1.6416666666666633,5,front_left_bot,0.2142179161310196,0.2545713782310486,0.03520449250936508,0.10896137356758118,0.018606749431863513,0.0025731139751427896,0.007964041322365702,0.07309050043707607,True
1.6416666666666633,6,front_right_bot,0.2146543711423874,0.25696760416030884,-0.2744874060153961,0.10933380573987961,0.018820157659830073,-0.020103297743418305,0.008007544251726333,0.07323941755743323,True
1.6416666666666633,7,rear_left_bot,0.2146543711423874,-0.30960288643836975,0.030152853578329086,0.10994687676429749,-0.02267513507684634,0.0022083774337713887,0.008052445216476037,0.07323941755743323,True
1.6416666666666633,8,rear_right_bot,0.2142179161310196,-0.3110303282737732,-0.2790229916572571,0.10993128269910812,-0.022733362344638134,-0.02039393009367902,0.008034932466167495,0.07309050043707607,True
1.6416666666666633,9,front_left_wheel,0.059519216418266296,0.2491687536239624,0.09066074341535568,0.04894588142633438,0.005060063069228948,0.0018411180090309896,0.0009939819636053896,0.020307775335527967,True
1.6416666666666633,10,front_right_wheel,0.059519216418266296,0.2528062164783478,-0.32998108863830566,0.049160104244947433,0.005133931847667135,-0.006701181813039651,0.0009983323524775272,0.020307775335527967,True
1.6416666666666633,11,rear_left_wheel,0.059519216418266296,-0.30415457487106323,0.08417345583438873,0.049877896904945374,-0.006176702773754572,0.001709375630299752,0.0010129091245542562,0.020307775335527967,True
1.6416666666666633,12,rear_right_wheel,0.059519216418266296,-0.30676257610321045,-0.33448728919029236,0.04982766509056091,-0.006229665476851797,-0.006792692721466229,0.0010118890281530406,0.020307775335527967,True
1.6499999999999966,0,base_link,1.3484421968460083,-0.027599144726991653,-0.1219765916466713,0.18285435438156128,-0.012697935113237935,-0.05611952331800318,0.08412843043064716,0.4600843699630843,True
1.6499999999999966,1,front_left_upper,0.12063051015138626,0.20643295347690582,0.029420964419841766,0.20801524817943573,0.008496524925205305,0.0012109304900524492,0.008561650217231752,0.04115876260112624,True
1.6499999999999966,2,front_right_upper,0.12198812514543533,0.20708318054676056,-0.2704780697822571,0.20821452140808105,0.00861921131600076,-0.01125783191875813,0.008666299958972157,0.041621976701552994,True
1.6499999999999966,3,rear_left_upper,0.12198812514543533,-0.26171302795410156,0.02667258121073246,0.20631563663482666,-0.010893013551998504,0.0011101655537233868,0.00858726462118083,0.041621976701552994,True
1.6499999999999966,4,rear_right_upper,0.12198812514543533,-0.2607913315296173,-0.2732260227203369,0.2065427005290985,-0.010854650724892716,-0.011372207151923852,0.008596715469297977,0.041621976701552994,True
1.6499999999999966,5,front_left_bot,0.2142179161310196,0.25456884503364563,0.035204529762268066,0.10896120220422745,0.018606564279197626,0.0025731166979761117,0.00796402879733242,0.07309050043707607,True
1.6499999999999966,6,front_right_bot,0.2146543711423874,0.25696608424186707,-0.2744874358177185,0.10933398455381393,0.018820046341888663,-0.020103299926123037,0.008007557347954733,0.07323941755743323,True
1.6499999999999966,7,rear_left_bot,0.2146543711423874,-0.30960899591445923,0.030152779072523117,0.10994737595319748,-0.022675582531316716,0.0022083719770095546,0.008052481776780323,0.07323941755743323,True
1.6499999999999966,8,rear_right_bot,0.2142179161310196,-0.3110364079475403,-0.2790229916572571,0.10993190109729767,-0.022733806711036263,-0.02039393009367902,0.008034977665200638,0.07309050043707607,True
1.6499999999999966,9,front_left_wheel,0.059519216418266296,0.2491670548915863,0.09066079556941986,0.0489455871284008,0.005060028571753499,0.0018411190681640076,0.0009939759870690728,0.020307775335527967,True
1.6499999999999966,10,front_right_wheel,0.059519216418266296,0.2528061270713806,-0.32998111844062805,0.049160219728946686,0.0051339300320105315,-0.006701182418258519,0.0009983346977006388,0.020307775335527967,True
1.6499999999999966,11,rear_left_wheel,0.059519216418266296,-0.3041621148586273,0.08417336642742157,0.049878254532814026,-0.006176855894128056,0.0017093738146431495,0.0010129163871806666,0.020307775335527967,True
1.6499999999999966,12,rear_right_wheel,0.059519216418266296,-0.306769996881485,-0.33448728919029236,0.04982820153236389,-0.0062298161763498115,-0.006792692721466229,0.0010118999220926563,0.020307775335527967,True
1.6583333333333299,0,base_link,1.3484421968460083,-0.027602940797805786,-0.12197659909725189,0.1828533113002777,-0.012699681626086791,-0.05611952674589885,0.084127950525252,0.4600843699630843,True
1.6583333333333299,1,front_left_upper,0.12063051015138626,0.2064291536808014,0.0294208824634552,0.20801469683647156,0.00849636853029951,0.0012109271168289908,0.008561627524637579,0.04115876260112624,True
1.6583333333333299,2,front_right_upper,0.12198812514543533,0.20707941055297852,-0.27047812938690186,0.20821426808834076,0.0086190544014074,-0.011257834399621266,0.008666289415303828,0.041621976701552994,True
1.6583333333333299,3,rear_left_upper,0.12198812514543533,-0.2617167830467224,0.026672575622797012,0.20631590485572815,-0.010893169846376081,0.0011101653211424676,0.008587275785064942,0.041621976701552994,True
1.6583333333333299,4,rear_right_upper,0.12198812514543533,-0.26079511642456055,-0.2732260227203369,0.2065429538488388,-0.010854808259701861,-0.011372207151923852,0.008596726012966304,0.041621976701552994,True
1.6583333333333299,5,front_left_bot,0.2142179161310196,0.2545663118362427,0.035204432904720306,0.10896085947751999,0.01860637912653174,0.002573109618609475,0.00796400374726586,0.07309050043707607,True
1.6583333333333299,6,front_right_bot,0.2146543711423874,0.25696465373039246,-0.2744874954223633,0.1093340665102005,0.018819941572061454,-0.020103304291532505,0.00800756335039275,0.07323941755743323,True
1.6583333333333299,7,rear_left_bot,0.2146543711423874,-0.30961504578590393,0.03015276789665222,0.10994812101125717,-0.022676025620377623,0.0022083711584952796,0.008052536344398661,0.07323941755743323,True
1.6583333333333299,8,rear_right_bot,0.2142179161310196,-0.31104233860969543,-0.27902302145957947,0.10993269085884094,-0.022734240186101106,-0.020393932271945678,0.008035035389267062,0.07309050043707607,True
1.6583333333333299,9,front_left_wheel,0.059519216418266296,0.24916526675224304,0.0906607136130333,0.04894521087408066,0.005059992258621447,0.001841117403812122,0.0009939683461808704,0.020307775335527967,True
1.6583333333333299,10,front_right_wheel,0.059519216418266296,0.2528061270713806,-0.3299811780452728,0.0491601824760437,0.0051339300320105315,-0.006701183628696253,0.0009983339411770544,0.020307775335527967,True
1.6583333333333299,11,rear_left_wheel,0.059519216418266296,-0.30416959524154663,0.08417335152626038,0.049878887832164764,-0.006177007804063805,0.0017093735120337157,0.0010129292480816016,0.020307775335527967,True
1.6583333333333299,12,rear_right_wheel,0.059519216418266296,-0.3067772686481476,-0.33448734879493713,0.049828916788101196,-0.006229963849753488,-0.006792693931903964,0.001011914447345477,0.020307775335527967,True
1.6666666666666632,0,base_link,1.3484421968460083,-0.027606777846813202,-0.12197661399841309,0.18285226821899414,-0.012701446992361885,-0.05611953360169022,0.08412747061985683,0.4600843699630843,True
1.6666666666666632,1,front_left_upper,0.12063051015138626,0.20642533898353577,0.02942091040313244,0.2080141305923462,0.008496211522080358,0.0012109282667915333,0.008561604218730048,0.04115876260112624,True
1.6666666666666632,2,front_right_upper,0.12198812514543533,0.20707565546035767,-0.27047812938690186,0.20821404457092285,0.008618898107029822,-0.011257834399621266,0.008666280112067068,0.041621976701552994,True
1.6666666666666632,3,rear_left_upper,0.12198812514543533,-0.2617206573486328,0.02667257748544216,0.2063160240650177,-0.01089333110247993,0.0011101653986694408,0.008587280746791215,0.041621976701552994,True
1.6666666666666632,4,rear_right_upper,0.12198812514543533,-0.26079893112182617,-0.2732259929180145,0.20654305815696716,-0.010854967034942573,-0.011372205911492284,0.008596730354476794,0.041621976701552994,True
1.6666666666666632,5,front_left_bot,0.2142179161310196,0.2545637786388397,0.03520446643233299,0.1089605912566185,0.01860619397386585,0.0025731120691594644,0.007963984142865942,0.07309050043707607,True
1.6666666666666632,6,front_right_bot,0.2146543711423874,0.25696319341659546,-0.2744874954223633,0.10933417826890945,0.01881983461952951,-0.020103304291532505,0.008007571535535501,0.07323941755743323,True
1.6666666666666632,7,rear_left_bot,0.2146543711423874,-0.3096211552619934,0.030152728781104088,0.1099487841129303,-0.022676473074848,0.002208368293695317,0.008052584909578983,0.07323941755743323,True
1.6666666666666632,8,rear_right_bot,0.2142179161310196,-0.31104832887649536,-0.2790229916572571,0.10993336141109467,-0.022734678017699267,-0.02039393009367902,0.008035084400266856,0.07309050043707607,True
1.6666666666666632,9,front_left_wheel,0.059519216418266296,0.24916347861289978,0.09066075831651688,0.04894483461976051,0.005059955945489396,0.0018411183116404232,0.000993960705292668,0.020307775335527967,True
1.6666666666666632,10,front_right_wheel,0.059519216418266296,0.2528060972690582,-0.3299811780452728,0.04916022717952728,0.005133929426791664,-0.006701183628696253,0.0009983348490053556,0.020307775335527967,True
1.6666666666666632,11,rear_left_wheel,0.059519216418266296,-0.30417710542678833,0.08417331427335739,0.049879372119903564,-0.006177160319218422,0.0017093727555101313,0.001012939082888199,0.020307775335527967,True
1.6666666666666632,12,rear_right_wheel,0.059519216418266296,-0.30678462982177734,-0.33448731899261475,0.049829479306936264,-0.006230113338813767,-0.006792693326685096,0.0010119258708516014,0.020307775335527967,True
1.6749999999999965,0,base_link,1.3484421968460083,-0.02761058509349823,-0.12197656184434891,0.18285119533538818,-0.01270319864705426,-0.056119509606420453,0.08412697700287894,0.4600843699630843,True
1.6749999999999965,1,front_left_upper,0.12063051015138626,0.2064216136932373,0.029420936480164528,0.2080135941505432,0.008496058193741343,0.0012109293400899065,0.00856158213944923,0.04115876260112624,True
1.6749999999999965,2,front_right_upper,0.12198812514543533,0.20707190036773682,-0.27047809958457947,0.2082137167453766,0.008618741812652245,-0.011257833159189698,0.008666266467319819,0.041621976701552994,True
1.6749999999999965,3,rear_left_upper,0.12198812514543533,-0.26172441244125366,0.026672597974538803,0.20631623268127441,-0.010893487396857507,0.0011101662514661438,0.00858728942981219,0.041621976701552994,True
1.6749999999999965,4,rear_right_upper,0.12198812514543533,-0.260802686214447,-0.2732259929180145,0.20654326677322388,-0.01085512332932015,-0.011372205911492284,0.00859673903749777,0.041621976701552994,True
1.6749999999999965,5,front_left_bot,0.2142179161310196,0.25456133484840393,0.03520449250936508,0.10896030068397522,0.018606015355999934,0.0025731139751427896,0.007963962904766031,0.07309050043707607,True
1.6749999999999965,6,front_right_bot,0.2146543711423874,0.2569615840911865,-0.2744874656200409,0.10933417826890945,0.0188197167534739,-0.020103302108827773,0.008007571535535501,0.07323941755743323,True
1.6749999999999965,7,rear_left_bot,0.2146543711423874,-0.3096272647380829,0.030152732506394386,0.109949491918087,-0.022676920529318374,0.0022083685665334083,0.008052636748816403,0.07323941755743323,True
1.6749999999999965,8,rear_right_bot,0.2142179161310196,-0.3110542297363281,-0.27902302145957947,0.10993409901857376,-0.022735109314497452,-0.020393932271945678,0.00803513831236663,0.07309050043707607,True
1.6749999999999965,9,front_left_wheel,0.059519216418266296,0.24916183948516846,0.09066075831651688,0.04894450306892395,0.005059922658451682,0.0018411183116404232,0.0009939539722327666,0.020307775335527967,True
1.6749999999999965,10,front_right_wheel,0.059519216418266296,0.2528058588504791,-0.32998114824295044,0.04916011914610863,0.005133924585040724,-0.006701183023477386,0.0009983326550869608,0.020307775335527967,True
1.6749999999999965,11,rear_left_wheel,0.059519216418266296,-0.3041846752166748,0.08417332172393799,0.049879949539899826,-0.006177314044810774,0.001709372906814848,0.001012950809003757,0.020307775335527967,True
1.6749999999999965,12,rear_right_wheel,0.059519216418266296,-0.30679184198379517,-0.33448734879493713,0.04983013868331909,-0.006230259801779709,-0.006792693931903964,0.0010119392613190455,0.020307775335527967,True
1.6833333333333298,0,base_link,1.3484421968460083,-0.027614418417215347,-0.1219765692949295,0.18285015225410461,-0.012704962299381515,-0.056119513034316136,0.08412649709748377,0.4600843699630843,True
1.6833333333333298,1,front_left_upper,0.12063051015138626,0.20641782879829407,0.029420951381325722,0.20801301300525665,0.008495902412148905,0.0012109299534032625,0.008561558220228345,0.04115876260112624,True
1.6833333333333298,2,front_right_upper,0.12198812514543533,0.20706811547279358,-0.2704780697822571,0.20821350812911987,0.0086185842778431,-0.01125783191875813,0.008666257784298843,0.041621976701552994,True
1.6833333333333298,3,rear_left_upper,0.12198812514543533,-0.26172828674316406,0.02667265757918358,0.20631635189056396,-0.010893648652961357,0.0011101687323292798,0.008587294391538464,0.041621976701552994,True
1.6833333333333298,4,rear_right_upper,0.12198812514543533,-0.2608065605163574,-0.2732259929180145,0.2065434455871582,-0.010855284585424,-0.011372205911492284,0.008596746480087177,0.041621976701552994,True
1.6833333333333298,5,front_left_bot,0.2142179161310196,0.2545586824417114,0.03520449623465538,0.10895995795726776,0.01860582149026742,0.0025731142474261217,0.00796393785469947,0.07309050043707607,True
1.6833333333333298,6,front_right_bot,0.2146543711423874,0.25696009397506714,-0.2744874954223633,0.10933434963226318,0.018819607618237224,-0.020103304291532505,0.008007584086087718,0.07323941755743323,True
1.6833333333333298,7,rear_left_bot,0.2146543711423874,-0.3096332550048828,0.030152762308716774,0.10995009541511536,-0.022677359252969813,0.002208370749238142,0.008052680948587259,0.07323941755743323,True
1.6833333333333298,8,rear_right_bot,0.2142179161310196,-0.31106024980545044,-0.27902305126190186,0.10993482917547226,-0.022735549324362267,-0.020393934450212335,0.008035191679899738,0.07309050043707607,True
1.6833333333333298,9,front_left_wheel,0.059519216418266296,0.24915993213653564,0.09066074341535568,0.04894405975937843,0.00505988392444416,0.0018411180090309896,0.0009939449696021122,0.020307775335527967,True
1.6833333333333298,10,front_right_wheel,0.059519216418266296,0.2528057098388672,-0.3299812078475952,0.049160223454236984,0.005133921558946386,-0.0067011842339151214,0.0009983347733529971,0.020307775335527967,True
1.6833333333333298,11,rear_left_wheel,0.059519216418266296,-0.3041920065879822,0.08417332172393799,0.04988040775060654,-0.0061774629286521845,0.001709372906814848,0.0010129601142438453,0.020307775335527967,True
1.6833333333333298,12,rear_right_wheel,0.059519216418266296,-0.3067992031574249,-0.3344874083995819,0.04983079433441162,-0.006230409290839988,-0.006792695142341699,0.001011952576134131,0.020307775335527967,True
1.691666666666663,0,base_link,1.3484421968460083,-0.027618231251835823,-0.1219765692949295,0.18284904956817627,-0.01270671652499565,-0.056119513034316136,0.08412598976892316,0.4600843699630843,True
1.691666666666663,1,front_left_upper,0.12063051015138626,0.20641401410102844,0.029420964419841766,0.20801249146461487,0.008495745403929753,0.0012109304900524492,0.008561536754260881,0.04115876260112624,True
1.691666666666663,2,front_right_upper,0.12198812514543533,0.20706434547901154,-0.2704780399799347,0.208213210105896,0.008618427363249739,-0.011257830678326562,0.008666245379983162,0.041621976701552994,True
1.691666666666663,3,rear_left_upper,0.12198812514543533,-0.2617321014404297,0.02667258121073246,0.20631644129753113,-0.01089380742820207,0.0011101655537233868,0.008587298112833167,0.041621976701552994,True
1.691666666666663,4,rear_right_upper,0.12198812514543533,-0.26081037521362305,-0.2732260227203369,0.20654350519180298,-0.010855443360664714,-0.011372207151923852,0.008596748960950314,0.041621976701552994,True
1.691666666666663,5,front_left_bot,0.2142179161310196,0.25455620884895325,0.03520447760820389,0.10895975679159164,0.018605640694134843,0.002573112886009461,0.007963923151399531,0.07309050043707607,True
1.691666666666663,6,front_right_bot,0.2146543711423874,0.25695857405662537,-0.2744874358177185,0.10933440178632736,0.018819496300295814,-0.020103299926123037,0.008007587905821003,0.07323941755743323,True
1.691666666666663,7,rear_left_bot,0.2146543711423874,-0.3096393346786499,0.030152659863233566,0.1099507212638855,-0.022677804524735456,0.0022083632461906205,0.008052726785386662,0.07323941755743323,True
1.691666666666663,8,rear_right_bot,0.2142179161310196,-0.3110661506652832,-0.27902308106422424,0.10993543267250061,-0.022735980621160452,-0.020393936628478992,0.008035235789799552,0.07309050043707607,True
1.691666666666663,9,front_left_wheel,0.059519216418266296,0.24915826320648193,0.09066072106361389,0.04894377291202545,0.005059850032187578,0.001841117555116839,0.0009939391443705122,0.020307775335527967,True
1.691666666666663,10,front_right_wheel,0.059519216418266296,0.25280559062957764,-0.32998114824295044,0.04916016012430191,0.0051339191380709165,-0.006701183023477386,0.0009983334872629038,0.020307775335527967,True
1.691666666666663,11,rear_left_wheel,0.059519216418266296,-0.3041994273662567,0.08417320251464844,0.049880895763635635,-0.006177613628150199,0.0017093704859393781,0.0010129700247028012,0.020307775335527967,True
1.691666666666663,12,rear_right_wheel,0.059519216418266296,-0.30680644512176514,-0.3344874382019043,0.04983130097389221,-0.006230556359024796,-0.006792695747560567,0.0010119628648548788,0.020307775335527967,True
1.6999999999999964,0,base_link,1.3484421968460083,-0.02762208878993988,-0.1219765841960907,0.18284806609153748,-0.012708491317983864,-0.056119519890107494,0.08412553728669342,0.4600843699630843,True
1.6999999999999964,1,front_left_upper,0.12063051015138626,0.20641018450260162,0.02942097932100296,0.2080119550228119,0.008495587782397247,0.0012109311033658052,0.008561514674980064,0.04115876260112624,True
1.6999999999999964,2,front_right_upper,0.12198812514543533,0.2070605605840683,-0.2704780697822571,0.20821300148963928,0.008618269828440593,-0.01125783191875813,0.008666236696962187,0.041621976701552994,True
1.6999999999999964,3,rear_left_upper,0.12198812514543533,-0.2617359459400177,0.02667262591421604,0.20631659030914307,-0.010893967443874351,0.001110167414370739,0.008587304314991008,0.041621976701552994,True
1.6999999999999964,4,rear_right_upper,0.12198812514543533,-0.26081421971321106,-0.27322596311569214,0.20654363930225372,-0.010855603376336995,-0.011372204671060716,0.00859675454289237,0.041621976701552994,True
1.6999999999999964,5,front_left_bot,0.2142179161310196,0.25455352663993835,0.03520451486110687,0.10895943641662598,0.01860544465013567,0.002573115608842783,0.007963899735032963,0.07309050043707607,True
1.6999999999999964,6,front_right_bot,0.2146543711423874,0.25695696473121643,-0.2744874358177185,0.10933451354503632,0.018819378434240204,-0.020103299926123037,0.008007596090963754,0.07323941755743323,True
1.6999999999999964,7,rear_left_bot,0.2146543711423874,-0.3096453547477722,0.03015270084142685,0.10995133221149445,-0.022678245431091627,0.002208366247409629,0.0080527715308337,0.07323941755743323,True
1.6999999999999964,8,rear_right_bot,0.2142179161310196,-0.31107205152511597,-0.27902305126190186,0.10993606597185135,-0.022736411917958638,-0.020393934450212335,0.008035282077966025,0.07309050043707607,True
1.6999999999999964,9,front_left_wheel,0.059519216418266296,0.24915628135204315,0.09066072851419449,0.04894343018531799,0.005059809785132889,0.0018411177064215558,0.0009939321843535356,0.020307775335527967,True
1.6999999999999964,10,front_right_wheel,0.059519216418266296,0.25280535221099854,-0.32998108863830566,0.04916021600365639,0.005133914296319976,-0.006701181813039651,0.0009983346220482803,0.020307775335527967,True
1.6999999999999964,11,rear_left_wheel,0.059519216418266296,-0.30420684814453125,0.08417324721813202,0.04988139122724533,-0.006177764327648213,0.0017093713937676794,0.0010129800864664737,0.020307775335527967,True
1.6999999999999964,12,rear_right_wheel,0.059519216418266296,-0.3068135976791382,-0.3344873785972595,0.049831874668598175,-0.006230701611553003,-0.006792694537122832,0.001011974515318079,0.020307775335527967,True
1.7083333333333297,0,base_link,1.3484421968460083,-0.02762589417397976,-0.12197660654783249,0.1828470528125763,-0.01271024211570232,-0.056119530173794535,0.08412507109288096,0.4600843699630843,True
1.7083333333333297,1,front_left_upper,0.12063051015138626,0.206406369805336,0.029420927166938782,0.2080114483833313,0.008495430774178097,0.001210928956769059,0.008561493822325957,0.04115876260112624,True
1.7083333333333297,2,front_right_upper,0.12198812514543533,0.20705677568912506,-0.2704780697822571,0.20821267366409302,0.008618112293631448,-0.01125783191875813,0.008666223052214936,0.041621976701552994,True
1.7083333333333297,3,rear_left_upper,0.12198812514543533,-0.2617398202419281,0.026672514155507088,0.20631688833236694,-0.010894128699978202,0.0011101627627523585,0.008587316719306688,0.041621976701552994,True
1.7083333333333297,4,rear_right_upper,0.12198812514543533,-0.2608179748058319,-0.2732260823249817,0.2065437138080597,-0.010855759670714572,-0.011372209632786989,0.008596757643971291,0.041621976701552994,True
1.7083333333333297,5,front_left_bot,0.2142179161310196,0.2545509338378906,0.03520451858639717,0.10895918309688568,0.018605255140936465,0.002573115881126115,0.007963881219766374,0.07309050043707607,True
1.7083333333333297,6,front_right_bot,0.2146543711423874,0.25695526599884033,-0.27448737621307373,0.10933451354503632,0.01881925402007039,-0.02010329556071357,0.008007596090963754,0.07323941755743323,True
1.7083333333333297,7,rear_left_bot,0.2146543711423874,-0.3096514344215393,0.030152607709169388,0.10995212942361832,-0.02267869070285727,0.002208359426457337,0.008052829918185322,0.07323941755743323,True
1.7083333333333297,8,rear_right_bot,0.2142179161310196,-0.31107795238494873,-0.27902311086654663,0.10993669182062149,-0.022736843214756823,-0.02039393880674565,0.008035327821565833,0.07309050043707607,True
1.7083333333333297,9,front_left_wheel,0.059519216418266296,0.24915443360805511,0.09066078811883926,0.04894312098622322,0.005059772261563102,0.0018411189168592908,0.0009939259052077851,0.020307775335527967,True
1.7083333333333297,10,front_right_wheel,0.059519216418266296,0.2528049647808075,-0.32998108863830566,0.04916006699204445,0.005133906428474698,-0.006701181813039651,0.0009983315959539427,0.020307775335527967,True
1.7083333333333297,11,rear_left_wheel,0.059519216418266296,-0.30421435832977295,0.08417315036058426,0.049882058054208755,-0.00617791684280283,0.0017093694268063599,0.0010129936282386347,0.020307775335527967,True
1.7083333333333297,12,rear_right_wheel,0.059519216418266296,-0.306820809841156,-0.3344874382019043,0.04983236640691757,-0.006230848074518944,-0.006792695747560567,0.001011984501429393,0.020307775335527967,True
1.716666666666663,0,base_link,1.3484421968460083,-0.027629690244793892,-0.12197662144899368,0.1828460395336151,-0.012711988628551175,-0.05611953702958589,0.08412460489906852,0.4600843699630843,True
1.716666666666663,1,front_left_upper,0.12063051015138626,0.20640265941619873,0.029420927166938782,0.20801080763339996,0.008495278059152437,0.001210928956769059,0.008561467449851647,0.04115876260112624,True
1.716666666666663,2,front_right_upper,0.12198812514543533,0.2070530652999878,-0.2704780697822571,0.20821239054203033,0.008617957859901224,-0.01125783191875813,0.00866621126811504,0.041621976701552994,True
1.716666666666663,3,rear_left_upper,0.12198812514543533,-0.26174354553222656,0.026672547683119774,0.2063169926404953,-0.01089428375392421,0.0011101641582378725,0.008587321060817176,0.041621976701552994,True
1.716666666666663,4,rear_right_upper,0.12198812514543533,-0.26082175970077515,-0.2732260227203369,0.2065439671278,-0.010855917205523717,-0.011372207151923852,0.008596768187639619,0.041621976701552994,True
1.716666666666663,5,front_left_bot,0.2142179161310196,0.25454840064048767,0.0352044440805912,0.10895876586437225,0.01860506998827058,0.0025731104354594714,0.00796385072403317,0.07309050043707607,True
1.716666666666663,6,front_right_bot,0.2146543711423874,0.2569538354873657,-0.2744874358177185,0.1093345656991005,0.01881914925024318,-0.020103299926123037,0.008007599910697038,0.07323941755743323,True
1.716666666666663,7,rear_left_bot,0.2146543711423874,-0.3096573054790497,0.030152633786201477,0.10995267331600189,-0.022679120695689774,0.002208361336323979,0.008052869752546708,0.07323941755743323,True
1.716666666666663,8,rear_right_bot,0.2142179161310196,-0.3110838532447815,-0.27902311086654663,0.10993747413158417,-0.02273727451155501,-0.02039393880674565,0.008035385001065591,0.07309050043707607,True
1.716666666666663,9,front_left_wheel,0.059519216418266296,0.24915260076522827,0.0906606987118721,0.04894261062145233,0.005059735040602749,0.0018411171012026881,0.0009939155408346786,0.020307775335527967,True
1.716666666666663,10,front_right_wheel,0.059519216418266296,0.25280484557151794,-0.32998111844062805,0.04916004464030266,0.0051339040075992284,-0.006701182418258519,0.0009983311420397921,0.020307775335527967,True
1.716666666666663,11,rear_left_wheel,0.059519216418266296,-0.3042215406894684,0.08417316526174545,0.04988247528672218,-0.0061780627005499035,0.0017093697294157937,0.00101300210130278,0.020307775335527967,True
1.716666666666663,12,rear_right_wheel,0.059519216418266296,-0.30682802200317383,-0.3344874978065491,0.04983307793736458,-0.006230994537484886,-0.006792696957998301,0.0010119989510298552,0.020307775335527967,True
1.7249999999999963,0,base_link,1.3484421968460083,-0.027633538469672203,-0.1219765916466713,0.18284502625465393,-0.012713759136669788,-0.05611952331800318,0.08412413870525606,0.4600843699630843,True
1.7249999999999963,1,front_left_upper,0.12063051015138626,0.2063988745212555,0.029420973733067513,0.20801030099391937,0.008495122277559998,0.0012109308733732967,0.008561446597197542,0.04115876260112624,True
1.7249999999999963,2,front_right_upper,0.12198812514543533,0.20704923570156097,-0.2704780399799347,0.20821213722229004,0.008617798464444725,-0.011257830678326562,0.008666200724446712,0.041621976701552994,True
1.7249999999999963,3,rear_left_upper,0.12198812514543533,-0.2617473900318146,0.02667256072163582,0.20631709694862366,-0.010894443769596491,0.0011101647009266837,0.008587325402327664,0.041621976701552994,True
1.7249999999999963,4,rear_right_upper,0.12198812514543533,-0.26082557439804077,-0.2732260525226593,0.20654410123825073,-0.010856075980764431,-0.01137220839235542,0.008596773769581676,0.041621976701552994,True
1.7249999999999963,5,front_left_bot,0.2142179161310196,0.25454583764076233,0.03520450368523598,0.10895846784114838,0.018604882657338034,0.0025731147919927865,0.007963828941366595,0.07309050043707607,True
1.7249999999999963,6,front_right_bot,0.2146543711423874,0.2569520175457001,-0.2744874060153961,0.10933463275432587,0.018819016105254435,-0.020103297743418305,0.008007604821782689,0.07323941755743323,True
1.7249999999999963,7,rear_left_bot,0.2146543711423874,-0.309663325548172,0.030152607709169388,0.10995324701070786,-0.02267956160204595,0.002208359426457337,0.00805291176961283,0.07323941755743323,True
1.7249999999999963,8,rear_right_bot,0.2142179161310196,-0.31108975410461426,-0.2790231704711914,0.1099381297826767,-0.022737705808353194,-0.020393943163278968,0.008035432922932058,0.07309050043707607,True
1.7249999999999963,9,front_left_wheel,0.059519216418266296,0.24915075302124023,0.09066075086593628,0.04894222319126129,0.005059697517032962,0.0018411181603357064,0.0009939076729894008,0.020307775335527967,True
1.7249999999999963,10,front_right_wheel,0.059519216418266296,0.25280439853668213,-0.32998108863830566,0.04916001856327057,0.005133894929316215,-0.006701181813039651,0.000998330612473283,0.020307775335527967,True
1.7249999999999963,11,rear_left_wheel,0.059519216418266296,-0.30422893166542053,0.08417309820652008,0.049882903695106506,-0.0061782127948290496,0.0017093683676733416,0.0010130108013240008,0.020307775335527967,True
1.7249999999999963,12,rear_right_wheel,0.059519216418266296,-0.30683520436286926,-0.33448755741119385,0.04983365163207054,-0.006231140395231959,-0.006792698168436037,0.001012010601493055,0.020307775335527967,True
1.7333333333333296,0,base_link,1.3484421968460083,-0.027637362480163574,-0.12197665125131607,0.18284407258033752,-0.012715518504127443,-0.05611955074116862,0.08412369993460905,0.4600843699630843,True
1.7333333333333296,1,front_left_upper,0.12063051015138626,0.20639503002166748,0.029420867562294006,0.2080097645521164,0.008494964042714135,0.0012109265035156348,0.008561424517916723,0.04115876260112624,True
1.7333333333333296,2,front_right_upper,0.12198812514543533,0.20704542100429535,-0.2704780697822571,0.20821183919906616,0.008617639689204013,-0.01125783191875813,0.008666188320131031,0.041621976701552994,True
1.7333333333333296,3,rear_left_upper,0.12198812514543533,-0.2617511749267578,0.026672545820474625,0.20631738007068634,-0.010894601304405636,0.0011101640807108996,0.008587337186427561,0.041621976701552994,True
1.7333333333333296,4,rear_right_upper,0.12198812514543533,-0.2608293890953064,-0.2732260227203369,0.20654429495334625,-0.010856234756005145,-0.011372207151923852,0.008596781832386867,0.041621976701552994,True
1.7333333333333296,5,front_left_bot,0.2142179161310196,0.2545430660247803,0.03520441800355911,0.1089581549167633,0.018604680078538886,0.002573108529476146,0.007963806069566691,0.07309050043707607,True
1.7333333333333296,6,front_right_bot,0.2146543711423874,0.25695037841796875,-0.27448737621307373,0.10933461785316467,0.018818896056494092,-0.02010329556071357,0.00800760373043032,0.07323941755743323,True
1.7333333333333296,7,rear_left_bot,0.2146543711423874,-0.30966925621032715,0.03015262261033058,0.10995399206876755,-0.022679995960287924,0.0022083605178097035,0.008052966337231168,0.07323941755743323,True
1.7333333333333296,8,rear_right_bot,0.2142179161310196,-0.31109562516212463,-0.27902311086654663,0.10993881523609161,-0.022738134926884725,-0.02039393880674565,0.00803548302306518,0.07309050043707607,True
1.7333333333333296,9,front_left_wheel,0.059519216418266296,0.2491486817598343,0.09066068381071091,0.04894189164042473,0.005059655454321669,0.0018411167985932545,0.0009939009399294995,0.020307775335527967,True
1.7333333333333296,10,front_right_wheel,0.059519216418266296,0.2528040111064911,-0.3299810588359833,0.04915989190340042,0.005133887061470938,-0.006701181207820784,0.000998328040293096,0.020307775335527967,True
1.7333333333333296,11,rear_left_wheel,0.059519216418266296,-0.30423614382743835,0.08417314291000366,0.04988357052206993,-0.0061783592577949915,0.001709369275501643,0.0010130243430961617,0.020307775335527967,True
1.7333333333333296,12,rear_right_wheel,0.059519216418266296,-0.3068423271179199,-0.3344874978065491,0.04983425885438919,-0.006231285042541298,-0.006792696957998301,0.0010120229328274808,0.020307775335527967,True
1.741666666666663,0,base_link,1.3484421968460083,-0.027641236782073975,-0.12197665870189667,0.18284305930137634,-0.012717301009880937,-0.05611955416906429,0.0841232337407966,0.4600843699630843,True
1.741666666666663,1,front_left_upper,0.12063051015138626,0.20639124512672424,0.029420889914035797,0.20800916850566864,0.008494808261121697,0.0012109274234856687,0.008561399985382481,0.04115876260112624,True
1.741666666666663,2,front_right_upper,0.12198812514543533,0.20704162120819092,-0.27047809958457947,0.20821160078048706,0.008617481534179083,-0.011257833159189698,0.008666178396678487,0.041621976701552994,True
1.741666666666663,3,rear_left_upper,0.12198812514543533,-0.2617550790309906,0.026672478765249252,0.20631742477416992,-0.010894763800941055,0.0011101612897398716,0.008587339047074915,0.041621976701552994,True
1.741666666666663,4,rear_right_upper,0.12198812514543533,-0.2608332931995392,-0.27322614192962646,0.20654447376728058,-0.010856397252540562,-0.011372212113650125,0.008596789274976277,0.041621976701552994,True
1.741666666666663,5,front_left_bot,0.2142179161310196,0.2545405626296997,0.035204436630010605,0.10895774513483047,0.018604497104139656,0.002573109890892807,0.00796377611840015,0.07309050043707607,True
1.741666666666663,6,front_right_bot,0.2146543711423874,0.25694864988327026,-0.2744874358177185,0.10933473706245422,0.018818769459619546,-0.020103299926123037,0.008007612461249255,0.07323941755743323,True
1.741666666666663,7,rear_left_bot,0.2146543711423874,-0.3096752166748047,0.03015252947807312,0.10995450615882874,-0.022680432501234627,0.0022083536968574113,0.00805300398888782,0.07323941755743323,True
1.741666666666663,8,rear_right_bot,0.2142179161310196,-0.3111014664173126,-0.27902325987815857,0.1099395751953125,-0.022738561867149596,-0.02039394969807894,0.008035538568864947,0.07309050043707607,True
1.741666666666663,9,front_left_wheel,0.059519216418266296,0.2491469532251358,0.0906606912612915,0.04894138127565384,0.005059620351627352,0.0018411169498979713,0.0009938905755563932,0.020307775335527967,True
1.741666666666663,10,front_right_wheel,0.059519216418266296,0.25280362367630005,-0.32998108863830566,0.049159932881593704,0.00513387919362566,-0.006701181813039651,0.0009983288724690388,0.020307775335527967,True
1.741666666666663,11,rear_left_wheel,0.059519216418266296,-0.30424344539642334,0.08417303115129471,0.04988395422697067,-0.006178507536417535,0.0017093670059308897,0.001013032135289081,0.020307775335527967,True
1.741666666666663,12,rear_right_wheel,0.059519216418266296,-0.3068494498729706,-0.334487646818161,0.049834925681352615,-0.006231429689850637,-0.006792699984092639,0.0010120364745996417,0.020307775335527967,True
1.7499999999999962,0,base_link,1.3484421968460083,-0.02764514461159706,-0.12197674065828323,0.18284210562705994,-0.01271909894116499,-0.05611959187591677,0.08412279497014959,0.4600843699630843,True
1.7499999999999962,1,front_left_upper,0.12063051015138626,0.20638728141784668,0.02942078746855259,0.20800870656967163,0.008494645119768985,0.001210923206956346,0.008561380972668443,0.04115876260112624,True
1.7499999999999962,2,front_right_upper,0.12198812514543533,0.2070378065109253,-0.27047818899154663,0.20821121335029602,0.00861732275893837,-0.011257836880484403,0.008666162271068102,0.041621976701552994,True
1.7499999999999962,3,rear_left_upper,0.12198812514543533,-0.2617589831352234,0.026672404259443283,0.2063177525997162,-0.010894926297476471,0.0011101581886609512,0.008587352691822163,0.041621976701552994,True
1.7499999999999962,4,rear_right_upper,0.12198812514543533,-0.260837197303772,-0.27322617173194885,0.20654457807540894,-0.01085655974907598,-0.011372213354081694,0.008596793616486765,0.041621976701552994,True
1.7499999999999962,5,front_left_bot,0.2142179161310196,0.25453758239746094,0.035204410552978516,0.10895746946334839,0.018604279277473906,0.0025731079849094815,0.007963755969433568,0.07309050043707607,True
1.7499999999999962,6,front_right_bot,0.2146543711423874,0.25694701075553894,-0.2744874358177185,0.10933459550142288,0.018818649410859204,-0.020103299926123037,0.008007602093401772,0.07323941755743323,True
1.7499999999999962,7,rear_left_bot,0.2146543711423874,-0.309681236743927,0.03015250526368618,0.10995528846979141,-0.022680873407590802,0.0022083519234098155,0.008053061284887076,0.07323941755743323,True
1.7499999999999962,8,rear_right_bot,0.2142179161310196,-0.3111073970794678,-0.2790232300758362,0.10994019359350204,-0.02273899534221444,-0.020393947519812283,0.00803558376789809,0.07309050043707607,True
1.7499999999999962,9,front_left_wheel,0.059519216418266296,0.24914461374282837,0.09066067636013031,0.048941127955913544,0.0050595728419462515,0.0018411166472885375,0.0009938854311960193,0.020307775335527967,True
1.7499999999999962,10,front_right_wheel,0.059519216418266296,0.2528032958507538,-0.3299810588359833,0.04915967211127281,0.005133872536218117,-0.006701181207820784,0.0009983235768039479,0.020307775335527967,True
1.7499999999999962,11,rear_left_wheel,0.059519216418266296,-0.3042507767677307,0.0841730460524559,0.04988465458154678,-0.006178656420258947,0.0017093673085403235,0.0010130463579324678,0.020307775335527967,True
1.7499999999999962,12,rear_right_wheel,0.059519216418266296,-0.306856632232666,-0.3344876170158386,0.049835436046123505,-0.006231575547597711,-0.006792699378873772,0.0010120468389727482,0.020307775335527967,True
1.7583333333333295,0,base_link,1.3484421968460083,-0.027649041265249252,-0.12197668105363846,0.18284113705158234,-0.012720891730605522,-0.05611956445275133,0.08412234934371121,0.4600843699630843,True
1.7583333333333295,1,front_left_upper,0.12063051015138626,0.20638346672058105,0.02942086197435856,0.20800814032554626,0.008494488111549833,0.0012109262735231262,0.008561357666760912,0.04115876260112624,True
1.7583333333333295,2,front_right_upper,0.12198812514543533,0.2070339322090149,-0.27047809958457947,0.20821106433868408,0.00861716150283452,-0.011257833159189698,0.00866615606891026,0.041621976701552994,True
1.7583333333333295,3,rear_left_upper,0.12198812514543533,-0.26176294684410095,0.026672448962926865,0.20631784200668335,-0.010895091274875026,0.0011101600493083033,0.008587356413116866,0.041621976701552994,True
1.7583333333333295,4,rear_right_upper,0.12198812514543533,-0.26084110140800476,-0.27322614192962646,0.2065446972846985,-0.010856722245611397,-0.011372212113650125,0.008596798578213037,0.041621976701552994,True
1.7583333333333295,5,front_left_bot,0.2142179161310196,0.25453507900238037,0.03520446643233299,0.10895711183547974,0.018604096303074674,0.0025731120691594644,0.007963729830233678,0.07309050043707607,True
1.7583333333333295,6,front_right_bot,0.2146543711423874,0.25694507360458374,-0.2744874060153961,0.10933474451303482,0.018818507535051522,-0.020103297743418305,0.008007613006925438,0.07323941755743323,True
1.7583333333333295,7,rear_left_bot,0.2146543711423874,-0.30968719720840454,0.030152497813105583,0.1099558174610138,-0.02268130994853751,0.002208351377733632,0.008053100027896096,0.07323941755743323,True
1.7583333333333295,8,rear_right_bot,0.2142179161310196,-0.31111323833465576,-0.2790232300758362,0.10994084924459457,-0.02273942228247931,-0.020393947519812283,0.008035631689764554,0.07309050043707607,True
1.7583333333333295,9,front_left_wheel,0.059519216418266296,0.24914291501045227,0.09066074341535568,0.04894062876701355,0.005059538344470802,0.0018411180090309896,0.0009938752937799882,0.020307775335527967,True
1.7583333333333295,10,front_right_wheel,0.059519216418266296,0.2528025805950165,-0.3299810588359833,0.04915975406765938,0.005133858010965296,-0.006701181207820784,0.0009983252411558336,0.020307775335527967,True
1.7583333333333295,11,rear_left_wheel,0.059519216418266296,-0.3042580187320709,0.08417300134897232,0.04988503456115723,-0.006178803488443755,0.0017093664007120223,0.0010130540744730289,0.020307775335527967,True
1.7583333333333295,12,rear_right_wheel,0.059519216418266296,-0.3068637251853943,-0.3344876170158386,0.04983600974082947,-0.006231719589688182,-0.006792699378873772,0.001012058489435948,0.020307775335527967,True
1.7666666666666628,0,base_link,1.3484421968460083,-0.02765292301774025,-0.12197669595479965,0.18284013867378235,-0.012722677664254695,-0.05611957130854269,0.08412189000569012,0.4600843699630843,True
1.7666666666666628,1,front_left_upper,0.12063051015138626,0.20637959241867065,0.02942083217203617,0.2080076038837433,0.008494328650077258,0.0012109250468964141,0.008561335587480094,0.04115876260112624,True
1.7666666666666628,2,front_right_upper,0.12198812514543533,0.20703010261058807,-0.27047815918922424,0.20821070671081543,0.008617002107378023,-0.011257835640052834,0.008666141183731444,0.041621976701552994,True
1.7666666666666628,3,rear_left_upper,0.12198812514543533,-0.26176682114601135,0.026672404259443283,0.2063179314136505,-0.010895252530978875,0.0011101581886609512,0.008587360134411571,0.041621976701552994,True
1.7666666666666628,4,rear_right_upper,0.12198812514543533,-0.2608449459075928,-0.27322623133659363,0.20654484629631042,-0.010856882261283679,-0.01137221583494483,0.008596804780370877,0.041621976701552994,True
1.7666666666666628,5,front_left_bot,0.2142179161310196,0.2545323073863983,0.0352044440805912,0.10895676165819168,0.018603893724275528,0.0025731104354594714,0.007963704235600453,0.07309050043707607,True
1.7666666666666628,6,front_right_bot,0.2146543711423874,0.25694337487220764,-0.2744874358177185,0.10933470726013184,0.018818383120881712,-0.020103299926123037,0.00800761027854452,0.07323941755743323,True
1.7666666666666628,7,rear_left_bot,0.2146543711423874,-0.3096931576728821,0.030152471736073494,0.10995633900165558,-0.022681746489484216,0.00220834946786699,0.008053138225228934,0.07323941755743323,True
1.7666666666666628,8,rear_right_bot,0.2142179161310196,-0.31111904978752136,-0.27902331948280334,0.1099414974451065,-0.022739847044477523,-0.020393954054612255,0.008035679067064355,0.07309050043707607,True
1.7666666666666628,9,front_left_wheel,0.059519216418266296,0.24914078414440155,0.09066075831651688,0.048940256237983704,0.005059495071321775,0.0018411183116404232,0.0009938677285441441,0.020307775335527967,True
1.7666666666666628,10,front_right_wheel,0.059519216418266296,0.2528022229671478,-0.3299810588359833,0.04915960133075714,0.005133850748338886,-0.006701181207820784,0.0009983221394091377,0.020307775335527967,True
1.7666666666666628,11,rear_left_wheel,0.059519216418266296,-0.30426520109176636,0.08417300879955292,0.04988544061779976,-0.006178949346190829,0.001709366552016739,0.0010130623205800988,0.020307775335527967,True
1.7666666666666628,12,rear_right_wheel,0.059519216418266296,-0.3068707585334778,-0.3344876766204834,0.04983658343553543,-0.006231862421340918,-0.006792700589311507,0.001012070139899148,0.020307775335527967,True
1.7749999999999961,0,base_link,1.3484421968460083,-0.02765681780874729,-0.12197673320770264,0.18283914029598236,-0.012724469596721308,-0.05611958844802109,0.08412143066766903,0.4600843699630843,True
1.7749999999999961,1,front_left_upper,0.12063051015138626,0.20637577772140503,0.029420796781778336,0.20800697803497314,0.008494171641858107,0.0012109235902771935,0.00856130982831914,0.04115876260112624,True
1.7749999999999961,2,front_right_upper,0.12198812514543533,0.20702633261680603,-0.27047818899154663,0.20821039378643036,0.008616845192784661,-0.011257836880484403,0.00866612815919998,0.041621976701552994,True
1.7749999999999961,3,rear_left_upper,0.12198812514543533,-0.26177066564559937,0.026672428473830223,0.20631814002990723,-0.010895412546651157,0.0011101591965116003,0.008587368817432547,0.041621976701552994,True
1.7749999999999961,4,rear_right_upper,0.12198812514543533,-0.26084887981414795,-0.27322620153427124,0.20654496550559998,-0.010857045998250664,-0.011372214594513262,0.00859680974209715,0.041621976701552994,True
1.7749999999999961,5,front_left_bot,0.2142179161310196,0.25452956557273865,0.03520439565181732,0.10895633697509766,0.018603693323743037,0.002573106895776153,0.007963673195300582,0.07309050043707607,True
1.7749999999999961,6,front_right_bot,0.2146543711423874,0.2569415867328644,-0.2744874954223633,0.10933471471071243,0.018818252158597698,-0.020103304291532505,0.008007610824220706,0.07323941755743323,True
1.7749999999999961,7,rear_left_bot,0.2146543711423874,-0.30969902873039246,0.030152469873428345,0.10995708405971527,-0.022682176482316723,0.0022083493314479443,0.008053192792847271,0.07323941755743323,True
1.7749999999999961,8,rear_right_bot,0.2142179161310196,-0.31112492084503174,-0.27902328968048096,0.10994213074445724,-0.02274027616300905,-0.020393951876345597,0.008035725355230826,0.07309050043707607,True
1.7749999999999961,9,front_left_wheel,0.059519216418266296,0.24913878738880157,0.0906606912612915,0.04893975332379341,0.00505945452165765,0.0018411169498979713,0.0009938575154757546,0.020307775335527967,True
1.7749999999999961,10,front_right_wheel,0.059519216418266296,0.25280165672302246,-0.32998114824295044,0.04915951192378998,0.005133839249180403,-0.006701183023477386,0.000998320323752535,0.020307775335527967,True
1.7749999999999961,11,rear_left_wheel,0.059519216418266296,-0.3042724132537842,0.08417298644781113,0.04988604038953781,-0.006179095809156771,0.0017093660981025885,0.0010130745006098078,0.020307775335527967,True
1.7749999999999961,12,rear_right_wheel,0.059519216418266296,-0.30687788128852844,-0.3344876766204834,0.049837108701467514,-0.006232007068650257,-0.006792700589311507,0.001012080806881688,0.020307775335527967,True
1.7833333333333294,0,base_link,1.3484421968460083,-0.02766069583594799,-0.12197669595479965,0.18283812701702118,-0.012726253816422641,-0.05611957130854269,0.08412096447385657,0.4600843699630843,True
1.7833333333333294,1,front_left_upper,0.12063051015138626,0.2063719630241394,0.02942083217203617,0.208006352186203,0.008494014633638957,0.0012109250468964141,0.008561284069158185,0.04115876260112624,True
1.7833333333333294,2,front_right_upper,0.12198812514543533,0.20702247321605682,-0.27047818899154663,0.2082100361585617,0.008616684556896596,-0.011257836880484403,0.008666113274021163,0.041621976701552994,True
1.7833333333333294,3,rear_left_upper,0.12198812514543533,-0.26177453994750977,0.026672447100281715,0.2063182294368744,-0.010895573802755005,0.0011101599717813304,0.008587372538727251,0.041621976701552994,True
1.7833333333333294,4,rear_right_upper,0.12198812514543533,-0.2608526945114136,-0.27322623133659363,0.20654523372650146,-0.010857204773491377,-0.01137221583494483,0.008596820905981262,0.041621976701552994,True
1.7833333333333294,5,front_left_bot,0.2142179161310196,0.25452685356140137,0.03520441800355911,0.10895594209432602,0.018603495101477203,0.002573108529476146,0.007963644333267371,0.07309050043707607,True
1.7833333333333294,6,front_right_bot,0.2146543711423874,0.25693967938423157,-0.2744874656200409,0.10933465510606766,0.018818112465494752,-0.020103302108827773,0.008007606458811238,0.07323941755743323,True
1.7833333333333294,7,rear_left_bot,0.2146543711423874,-0.30970489978790283,0.03015248477458954,0.10995763540267944,-0.022682606475149227,0.0022083504228003112,0.008053233172884842,0.07323941755743323,True
1.7833333333333294,8,rear_right_bot,0.2142179161310196,-0.3111307621002197,-0.2790234088897705,0.10994286835193634,-0.02274070310327392,-0.020393960589412227,0.0080357792673306,0.07309050043707607,True
1.7833333333333294,9,front_left_wheel,0.059519216418266296,0.24913671612739563,0.09066068381071091,0.04893932119011879,0.005059412458946358,0.0018411167985932545,0.0009938487398021756,0.020307775335527967,True
1.7833333333333294,10,front_right_wheel,0.059519216418266296,0.25280094146728516,-0.32998114824295044,0.049159370362758636,0.005133824723927582,-0.006701183023477386,0.0009983174489629142,0.020307775335527967,True
1.7833333333333294,11,rear_left_wheel,0.059519216418266296,-0.3042795658111572,0.08417295664548874,0.04988647997379303,-0.006179241061684977,0.001709365492883721,0.001013083427588104,0.020307775335527967,True
1.7833333333333294,12,rear_right_wheel,0.059519216418266296,-0.30688488483428955,-0.33448779582977295,0.049837805330753326,-0.006232149295084126,-0.006792703010186977,0.0010120949538727165,0.020307775335527967,True
1.7916666666666627,0,base_link,1.3484421968460083,-0.02766459435224533,-0.12197670340538025,0.1828371286392212,-0.012728047462837094,-0.056119574736438374,0.08412050513583548,0.4600843699630843,True
1.7916666666666627,1,front_left_upper,0.12063051015138626,0.20636805891990662,0.029420869424939156,0.20800574123859406,0.008493853945539668,0.0012109265801798041,0.008561258923310586,0.04115876260112624,True
1.7916666666666627,2,front_right_upper,0.12198812514543533,0.20701858401298523,-0.27047809958457947,0.2082098126411438,0.008616522680576963,-0.011257833159189698,0.008666103970784402,0.041621976701552994,True
1.7916666666666627,3,rear_left_upper,0.12198812514543533,-0.26177844405174255,0.026672441512346268,0.20631837844848633,-0.010895736299290424,0.0011101597392004113,0.008587378740885093,0.041621976701552994,True
1.7916666666666627,4,rear_right_upper,0.12198812514543533,-0.260856568813324,-0.27322614192962646,0.20654526352882385,-0.010857366029595228,-0.011372212113650125,0.00859682214641283,0.041621976701552994,True
1.7916666666666627,5,front_left_bot,0.2142179161310196,0.2545240521430969,0.035204410552978516,0.10895555466413498,0.018603290344411397,0.0025731079849094815,0.007963616015800824,0.07309050043707607,True
1.7916666666666627,6,front_right_bot,0.2146543711423874,0.2569378614425659,-0.2744874358177185,0.10933474451303482,0.01881797932050601,-0.020103299926123037,0.008007613006925438,0.07323941755743323,True
1.7916666666666627,7,rear_left_bot,0.2146543711423874,-0.3097107708454132,0.03015243634581566,0.10995826125144958,-0.022683036467981733,0.002208346875905119,0.008053279009684246,0.07323941755743323,True
1.7916666666666627,8,rear_right_bot,0.2142179161310196,-0.31113654375076294,-0.27902334928512573,0.10994340479373932,-0.022741125687005478,-0.020393956232878912,0.008035818476130436,0.07309050043707607,True
1.7916666666666627,9,front_left_wheel,0.059519216418266296,0.2491346150636673,0.09066067636013031,0.0489388033747673,0.005059369791016196,0.0018411166472885375,0.0009938382241243522,0.020307775335527967,True
1.7916666666666627,10,front_right_wheel,0.059519216418266296,0.2528003454208374,-0.32998108863830566,0.04915942996740341,0.005133812619550232,-0.006701181813039651,0.0009983186594006493,0.020307775335527967,True
1.7916666666666627,11,rear_left_wheel,0.059519216418266296,-0.3042866885662079,0.08417290449142456,0.049886979162693024,-0.006179385708994315,0.0017093644337507028,0.001013093565004135,0.020307775335527967,True
1.7916666666666627,12,rear_right_wheel,0.059519216418266296,-0.30689185857772827,-0.3344877362251282,0.04983828216791153,-0.0062322909162991266,-0.006792701799749242,0.001012104637374597,0.020307775335527967,True
1.799999999999996,0,base_link,1.3484421968460083,-0.027668483555316925,-0.12197674065828323,0.18283617496490479,-0.012729836824381946,-0.05611959187591677,0.08412006636518847,0.4600843699630843,True
1.799999999999996,1,front_left_upper,0.12063051015138626,0.2063642293214798,0.02942078560590744,0.20800533890724182,0.008493696324007162,0.0012109231302921764,0.008561242363849973,0.04115876260112624,True
1.799999999999996,2,front_right_upper,0.12198812514543533,0.2070147693157196,-0.27047818899154663,0.20820939540863037,0.00861636390533625,-0.011257836880484403,0.008666086604742449,0.041621976701552994,True
1.799999999999996,3,rear_left_upper,0.12198812514543533,-0.26178231835365295,0.026672331616282463,0.20631858706474304,-0.010895897555394272,0.001110155165109004,0.008587387423906068,0.041621976701552994,True
1.799999999999996,4,rear_right_upper,0.12198812514543533,-0.26086047291755676,-0.2732262909412384,0.20654542744159698,-0.010857528526130644,-0.011372218315807966,0.008596828968786455,0.041621976701552994,True
1.799999999999996,5,front_left_bot,0.2142179161310196,0.25452131032943726,0.035204436630010605,0.10895537585020065,0.01860308994387891,0.002573109890892807,0.007963602946200878,0.07309050043707607,True
1.799999999999996,6,front_right_bot,0.2146543711423874,0.25693604350090027,-0.2744874358177185,0.10933458805084229,0.018817846175517263,-0.020103299926123037,0.008007601547725587,0.07323941755743323,True
1.799999999999996,7,rear_left_bot,0.2146543711423874,-0.30971673130989075,0.03015235625207424,0.10995890945196152,-0.02268347300892844,0.002208341009886148,0.0080533264835122,0.07323941755743323,True
1.799999999999996,8,rear_right_bot,0.2142179161310196,-0.3111423850059509,-0.2790234088897705,0.10994415730237961,-0.02274155262727035,-0.020393960589412227,0.008035873477363537,0.07309050043707607,True
1.799999999999996,9,front_left_wheel,0.059519216418266296,0.24913251399993896,0.0906607136130333,0.04893864691257477,0.005059327123086036,0.001841117403812122,0.0009938350467252977,0.020307775335527967,True
1.799999999999996,10,front_right_wheel,0.059519216418266296,0.2527998387813568,-0.3299810588359833,0.04915914684534073,0.005133802330829484,-0.006701181207820784,0.0009983129098214078,0.020307775335527967,True
1.799999999999996,11,rear_left_wheel,0.059519216418266296,-0.3042938709259033,0.08417285233736038,0.0498875267803669,-0.006179531566741389,0.0017093633746176845,0.0010131046859008256,0.020307775335527967,True
1.799999999999996,12,rear_right_wheel,0.059519216418266296,-0.30689895153045654,-0.33448779582977295,0.04983888193964958,-0.006232434958389598,-0.006792703010186977,0.0010121168174043059,0.020307775335527967,True
1.8083333333333294,0,base_link,1.3484421968460083,-0.027672380208969116,-0.12197673320770264,0.18283522129058838,-0.012731629613822478,-0.05611958844802109,0.08411962759454146,0.4600843699630843,True
1.8083333333333294,1,front_left_upper,0.12063051015138626,0.20636039972305298,0.02942083775997162,0.20800460875034332,0.008493538702474655,0.0012109252768889227,0.008561212311495526,0.04115876260112624,True
1.8083333333333294,2,front_right_upper,0.12198812514543533,0.2070109248161316,-0.27047818899154663,0.2082090824842453,0.008616203889663969,-0.011257836880484403,0.008666073580210985,0.041621976701552994,True
1.8083333333333294,3,rear_left_upper,0.12198812514543533,-0.26178616285324097,0.026672394946217537,0.2063187062740326,-0.010896057571066554,0.0011101578010260862,0.008587392385632341,0.041621976701552994,True
1.8083333333333294,4,rear_right_upper,0.12198812514543533,-0.26086437702178955,-0.27322620153427124,0.20654559135437012,-0.010857691022666063,-0.011372214594513262,0.008596835791160079,0.041621976701552994,True
1.8083333333333294,5,front_left_bot,0.2142179161310196,0.2545185387134552,0.035204432904720306,0.10895483195781708,0.01860288736507976,0.002573109618609475,0.007963563192834379,0.07309050043707607,True
1.8083333333333294,6,front_right_bot,0.2146543711423874,0.2569339871406555,-0.2744874954223633,0.1093345582485199,0.01881769556889065,-0.020103304291532505,0.008007599365020854,0.07323941755743323,True
1.8083333333333294,7,rear_left_bot,0.2146543711423874,-0.30972254276275635,0.03015241213142872,0.10995947569608688,-0.02268389863635148,0.002208345102457523,0.008053367954902137,0.07323941755743323,True
1.8083333333333294,8,rear_right_bot,0.2142179161310196,-0.31114816665649414,-0.27902334928512573,0.10994473844766617,-0.022741975211001905,-0.020393956232878912,0.008035915953563358,0.07309050043707607,True
1.8083333333333294,9,front_left_wheel,0.059519216418266296,0.24913041293621063,0.0906606987118721,0.048937998712062836,0.0050592844551558755,0.0018411171012026881,0.000993821883214929,0.020307775335527967,True
1.8083333333333294,10,front_right_wheel,0.059519216418266296,0.2527989149093628,-0.32998114824295044,0.04915906488895416,0.00513378356904459,-0.006701183023477386,0.000998311245469522,0.020307775335527967,True
1.8083333333333294,11,rear_left_wheel,0.059519216418266296,-0.3043009042739868,0.08417288959026337,0.049887966364622116,-0.006179674398394126,0.001709364131141269,0.0010131136128791217,0.020307775335527967,True
1.8083333333333294,12,rear_right_wheel,0.059519216418266296,-0.3069058954715729,-0.33448776602745056,0.04983945190906525,-0.006232575974385732,-0.00679270240496811,0.0010121283922151475,0.020307775335527967,True
1.8166666666666627,0,base_link,1.3484421968460083,-0.02767626941204071,-0.12197671830654144,0.1828342080116272,-0.012733418975367332,-0.05611958159222973,0.084119161400729,0.4600843699630843,True
1.8166666666666627,1,front_left_upper,0.12063051015138626,0.20635655522346497,0.029420848935842514,0.20800399780273438,0.008493380467628792,0.0012109257368739395,0.008561187165647929,0.04115876260112624,True
1.8166666666666627,2,front_right_upper,0.12198812514543533,0.20700711011886597,-0.27047815918922424,0.20820873975753784,0.008616045114423255,-0.011257835640052834,0.008666059315247951,0.041621976701552994,True
1.8166666666666627,3,rear_left_upper,0.12198812514543533,-0.26179009675979614,0.02667238749563694,0.20631879568099976,-0.01089622130803354,0.0011101574909181942,0.008587396106927044,0.041621976701552994,True
1.8166666666666627,4,rear_right_upper,0.12198812514543533,-0.26086825132369995,-0.27322623133659363,0.20654578506946564,-0.010857852278769911,-0.01137221583494483,0.008596843853965272,0.041621976701552994,True
1.8166666666666627,5,front_left_bot,0.2142179161310196,0.25451576709747314,0.035204384475946426,0.10895441472530365,0.01860268478628061,0.0025731060789261563,0.007963532697101174,0.07309050043707607,True
1.8166666666666627,6,front_right_bot,0.2146543711423874,0.25693225860595703,-0.2744874656200409,0.1093345433473587,0.018817568972016103,-0.020103302108827773,0.008007598273668487,0.07323941755743323,True
1.8166666666666627,7,rear_left_bot,0.2146543711423874,-0.30972838401794434,0.03015233390033245,0.10995999723672867,-0.022684326446479254,0.0022083393728575974,0.008053406152234974,0.07323941755743323,True
1.8166666666666627,8,rear_right_bot,0.2142179161310196,-0.3111540675163269,-0.2790234088897705,0.10994546115398407,-0.02274240650780009,-0.020393960589412227,0.008035968776529803,0.07309050043707607,True
1.8166666666666627,9,front_left_wheel,0.059519216418266296,0.24912823736667633,0.0906606912612915,0.04893750697374344,0.005059240274178546,0.0018411169498979713,0.0009938118971036147,0.020307775335527967,True
1.8166666666666627,10,front_right_wheel,0.059519216418266296,0.2527984082698822,-0.32998111844062805,0.04915894940495491,0.005133773280323843,-0.006701182418258519,0.0009983089002464105,0.020307775335527967,True
1.8166666666666627,11,rear_left_wheel,0.059519216418266296,-0.3043079078197479,0.0841728001832962,0.04988837242126465,-0.006179816624827994,0.0017093623154846665,0.0010131218589861917,0.020307775335527967,True
1.8166666666666627,12,rear_right_wheel,0.059519216418266296,-0.30691298842430115,-0.3344878554344177,0.04984007403254509,-0.006232720016476203,-0.006792704220624712,0.001012141026159007,0.020307775335527967,True
1.824999999999996,0,base_link,1.3484421968460083,-0.02768019586801529,-0.12197672575712204,0.18283328413963318,-0.012735225476390584,-0.056119585020125415,0.08411873634166471,0.4600843699630843,True
1.824999999999996,1,front_left_upper,0.12063051015138626,0.20635269582271576,0.029420848935842514,0.208003431558609,0.008493221619469572,0.0012109257368739395,0.008561163859740399,0.04115876260112624,True
1.824999999999996,2,front_right_upper,0.12198812514543533,0.20700325071811676,-0.27047818899154663,0.20820841193199158,0.00861588447853519,-0.011257836880484403,0.008666045670500703,0.041621976701552994,True
1.824999999999996,3,rear_left_upper,0.12198812514543533,-0.26179391145706177,0.026672430336475372,0.20631903409957886,-0.010896380083274253,0.0011101592740385734,0.00858740603037959,0.041621976701552994,True
1.824999999999996,4,rear_right_upper,0.12198812514543533,-0.26087215542793274,-0.27322620153427124,0.20654591917991638,-0.01085801477530533,-0.011372214594513262,0.008596849435907328,0.041621976701552994,True
1.824999999999996,5,front_left_bot,0.2142179161310196,0.2545129656791687,0.03520437330007553,0.10895409435033798,0.018602480029214805,0.00257310526207616,0.007963509280734606,0.07309050043707607,True
1.824999999999996,6,front_right_bot,0.2146543711423874,0.25693023204803467,-0.27448752522468567,0.10933446884155273,0.018817420548094224,-0.020103306474237238,0.008007592816906653,0.07323941755743323,True
1.824999999999996,7,rear_left_bot,0.2146543711423874,-0.3097342848777771,0.03015236370265484,0.10996071994304657,-0.022684758622016493,0.002208341555562331,0.008053459082824763,0.07323941755743323,True
1.824999999999996,8,rear_right_bot,0.2142179161310196,-0.31115981936454773,-0.2790233790874481,0.10994602739810944,-0.022742826913264985,-0.02039395841114557,0.008036010163596296,0.07309050043707607,True
1.824999999999996,9,front_left_wheel,0.059519216418266296,0.249126136302948,0.09066065400838852,0.048937130719423294,0.005059197606248385,0.0018411161933743869,0.0009938042562154122,0.020307775335527967,True
1.824999999999996,10,front_right_wheel,0.059519216418266296,0.25279751420021057,-0.3299811780452728,0.049158837646245956,0.005133755123757817,-0.006701183628696253,0.0009983066306756573,0.020307775335527967,True
1.824999999999996,11,rear_left_wheel,0.059519216418266296,-0.30431506037712097,0.084172822535038,0.04988894239068031,-0.006179961877356201,0.001709362769398817,0.0010131334337970333,0.020307775335527967,True
1.824999999999996,12,rear_right_wheel,0.059519216418266296,-0.3069199025630951,-0.33448782563209534,0.04984058812260628,-0.0062328604272534685,-0.006792703615405844,0.0010121514661844719,0.020307775335527967,True
1.8333333333333293,0,base_link,1.3484421968460083,-0.02768407203257084,-0.12197667360305786,0.18283231556415558,-0.012737008839117997,-0.05611956102485565,0.08411829071522633,0.4600843699630843,True
1.8333333333333293,1,front_left_upper,0.12063051015138626,0.20634883642196655,0.02942086197435856,0.20800288021564484,0.008493062771310353,0.0012109262735231262,0.008561141167146223,0.04115876260112624,True
1.8333333333333293,2,front_right_upper,0.12198812514543533,0.20699939131736755,-0.27047812938690186,0.20820805430412292,0.008615723842647124,-0.011257834399621266,0.008666030785321886,0.041621976701552994,True
1.8333333333333293,3,rear_left_upper,0.12198812514543533,-0.26179784536361694,0.02667246013879776,0.2063191682100296,-0.01089654382024124,0.0011101605144701414,0.008587411612321646,0.041621976701552994,True
1.8333333333333293,4,rear_right_upper,0.12198812514543533,-0.2608760595321655,-0.27322614192962646,0.20654608309268951,-0.010858177271840746,-0.011372212113650125,0.008596856258280952,0.041621976701552994,True
1.8333333333333293,5,front_left_bot,0.2142179161310196,0.25451016426086426,0.035204410552978516,0.10895376652479172,0.018602275272149003,0.0025731079849094815,0.007963485319801374,0.07309050043707607,True
1.8333333333333293,6,front_right_bot,0.2146543711423874,0.2569282352924347,-0.2744874358177185,0.10933435708284378,0.018817274306877078,-0.020103299926123037,0.008007584631763903,0.07323941755743323,True
1.8333333333333293,7,rear_left_bot,0.2146543711423874,-0.3097400963306427,0.03015240654349327,0.10996130108833313,-0.022685184249439532,0.0022083446932003857,0.008053501645567066,0.07323941755743323,True
1.8333333333333293,8,rear_right_bot,0.2142179161310196,-0.3111655116081238,-0.2790233790874481,0.10994668304920197,-0.02274324296219657,-0.02039395841114557,0.00803605808546276,0.07309050043707607,True
1.8333333333333293,9,front_left_wheel,0.059519216418266296,0.2491239607334137,0.09066066890954971,0.048936739563941956,0.005059153425271056,0.0018411164959838207,0.000993796312717776,0.020307775335527967,True
1.8333333333333293,10,front_right_wheel,0.059519216418266296,0.2527967095375061,-0.32998108863830566,0.049158647656440735,0.005133738782848393,-0.006701181813039651,0.0009983027724053768,0.020307775335527967,True
1.8333333333333293,11,rear_left_wheel,0.059519216418266296,-0.30432209372520447,0.08417284488677979,0.04988943412899971,-0.006180104709008937,0.0017093632233129677,0.0010131434199083474,0.020307775335527967,True
1.8333333333333293,12,rear_right_wheel,0.059519216418266296,-0.30692675709724426,-0.3344878554344177,0.04984116554260254,-0.006232999627593,-0.006792704220624712,0.0010121631923000302,0.020307775335527967,True
1.8416666666666626,0,base_link,1.3484421968460083,-0.02768801525235176,-0.12197673320770264,0.18283137679100037,-0.01273882305290653,-0.05611958844802109,0.08411785880037068,0.4600843699630843,True
1.8416666666666626,1,front_left_upper,0.12063051015138626,0.20634490251541138,0.029420925304293633,0.20800229907035828,0.008492900856584353,0.0012109288801048894,0.008561117247925338,0.04115876260112624,True
1.8416666666666626,2,front_right_upper,0.12198812514543533,0.20699548721313477,-0.2704780697822571,0.20820777118206024,0.008615561346111706,-0.01125783191875813,0.008666019001221988,0.041621976701552994,True
1.8416666666666626,3,rear_left_upper,0.12198812514543533,-0.2618018090724945,0.026672355830669403,0.20631924271583557,-0.010896708797639792,0.001110156172959653,0.008587414713400566,0.041621976701552994,True
1.8416666666666626,4,rear_right_upper,0.12198812514543533,-0.26087987422943115,-0.27322623133659363,0.20654608309268951,-0.01085833604708146,-0.01137221583494483,0.008596856258280952,0.041621976701552994,True
1.8416666666666626,5,front_left_bot,0.2142179161310196,0.25450727343559265,0.0352044478058815,0.10895334184169769,0.018602063980283225,0.0025731107077428036,0.007963454279501504,0.07309050043707607,True
1.8416666666666626,6,front_right_bot,0.2146543711423874,0.2569262683391571,-0.27448737621307373,0.10933439433574677,0.018817130248364664,-0.02010329556071357,0.00800758736014482,0.07323941755743323,True
1.8416666666666626,7,rear_left_bot,0.2146543711423874,-0.3097459077835083,0.030152253806591034,0.10996182262897491,-0.02268560987686257,0.002208333506838626,0.008053539842899903,0.07323941755743323,True
1.8416666666666626,8,rear_right_bot,0.2142179161310196,-0.31117120385169983,-0.2790234684944153,0.10994718968868256,-0.022743659011128153,-0.02039396494594554,0.008036095115995939,0.07309050043707607,True
1.8416666666666626,9,front_left_wheel,0.059519216418266296,0.2491217404603958,0.0906606987118721,0.04893623664975166,0.0050591083364654255,0.0018411171012026881,0.0009937860996493866,0.020307775335527967,True
1.8416666666666626,10,front_right_wheel,0.059519216418266296,0.25279590487480164,-0.3299810588359833,0.04915858805179596,0.00513372244193897,-0.006701181207820784,0.0009983015619676417,0.020307775335527967,True
1.8416666666666626,11,rear_left_wheel,0.059519216418266296,-0.3043290972709656,0.08417268842458725,0.04988984018564224,-0.006180246935442806,0.0017093600459139131,0.0010131516660154174,0.020307775335527967,True
1.8416666666666626,12,rear_right_wheel,0.059519216418266296,-0.30693361163139343,-0.3344879150390625,0.04984157904982567,-0.006233138827932531,-0.006792705431062447,0.001012171589711817,0.020307775335527967,True
1.8499999999999959,0,base_link,1.3484421968460083,-0.027691932395100594,-0.12197671830654144,0.18283043801784515,-0.01274062526906018,-0.05611958159222973,0.08411742688551503,0.4600843699630843,True
1.8499999999999959,1,front_left_upper,0.12063051015138626,0.20634105801582336,0.029420850798487663,0.2080017477273941,0.00849274262173849,0.0012109258135381091,0.008561094555331163,0.04115876260112624,True
1.8499999999999959,2,front_right_upper,0.12198812514543533,0.20699161291122437,-0.27047815918922424,0.20820742845535278,0.008615400090007858,-0.011257835640052834,0.008666004736258956,0.041621976701552994,True
1.8499999999999959,3,rear_left_upper,0.12198812514543533,-0.2618057131767273,0.02667241543531418,0.20631933212280273,-0.010896871294175211,0.0011101586538227893,0.00858741843469527,0.041621976701552994,True
1.8499999999999959,4,rear_right_upper,0.12198812514543533,-0.2608838677406311,-0.27322620153427124,0.2065463811159134,-0.010858502264911581,-0.011372214594513262,0.008596868662596633,0.041621976701552994,True
1.8499999999999959,5,front_left_bot,0.2142179161310196,0.2545044422149658,0.035204414278268814,0.10895299911499023,0.01860185704495076,0.0025731082571928137,0.007963429229434943,0.07309050043707607,True
1.8499999999999959,6,front_right_bot,0.2146543711423874,0.25692424178123474,-0.2744874954223633,0.10933434218168259,0.01881698182444278,-0.020103304291532505,0.008007583540411535,0.07323941755743323,True
1.8499999999999959,7,rear_left_bot,0.2146543711423874,-0.3097516596317291,0.030152328312397003,0.10996229201555252,-0.022686031138876142,0.00220833896360046,0.008053574220499456,0.07323941755743323,True
1.8499999999999959,8,rear_right_bot,0.2142179161310196,-0.3111770749092102,-0.2790234386920929,0.10994797945022583,-0.02274408812965968,-0.020393962767678884,0.008036152840062361,0.07309050043707607,True
1.8499999999999959,9,front_left_wheel,0.059519216418266296,0.24911950528621674,0.09066066890954971,0.04893588274717331,0.0050590629450503605,0.0018411164959838207,0.0009937789126753347,0.020307775335527967,True
1.8499999999999959,10,front_right_wheel,0.059519216418266296,0.2527950704097748,-0.32998114824295044,0.04915843904018402,0.0051337054958106795,-0.006701183023477386,0.0009982985358733042,0.020307775335527967,True
1.8499999999999959,11,rear_left_wheel,0.059519216418266296,-0.3043360114097595,0.08417275547981262,0.049890194088220596,-0.006180387346220072,0.0017093614076563652,0.0010131588529894693,0.020307775335527967,True
1.8499999999999959,12,rear_right_wheel,0.059519216418266296,-0.30694064497947693,-0.3344879150390625,0.04984227567911148,-0.006233281659585267,-0.006792705431062447,0.0010121857367028455,0.020307775335527967,True
1.8583333333333292,0,base_link,1.3484421968460083,-0.02769584022462368,-0.12197674810886383,0.18282946944236755,-0.012742423200344234,-0.05611959530381245,0.08411698125907666,0.4600843699630843,True
1.8583333333333292,1,front_left_upper,0.12063051015138626,0.20633721351623535,0.029420841485261917,0.20800095796585083,0.008492584386892628,0.0012109254302172616,0.008561062049723293,0.04115876260112624,True
1.8583333333333292,2,front_right_upper,0.12198812514543533,0.20698776841163635,-0.27047812938690186,0.20820698142051697,0.008615240074335576,-0.011257834399621266,0.008665986129785435,0.041621976701552994,True
1.8583333333333292,3,rear_left_upper,0.12198812514543533,-0.2618095576763153,0.02667239122092724,0.20631961524486542,-0.010897031309847491,0.0011101576459721402,0.008587430218795168,0.041621976701552994,True
1.8583333333333292,4,rear_right_upper,0.12198812514543533,-0.2608877122402191,-0.27322620153427124,0.20654653012752533,-0.010858662280583863,-0.011372214594513262,0.008596874864754474,0.041621976701552994,True
1.8583333333333292,5,front_left_bot,0.2142179161310196,0.254501610994339,0.035204336047172546,0.10895238816738129,0.018601650109618298,0.0025731025392428377,0.007963384574968464,0.07309050043707607,True
1.8583333333333292,6,front_right_bot,0.2146543711423874,0.25692218542099,-0.2744874656200409,0.10933412611484528,0.01881683121781617,-0.020103302108827773,0.008007567715802218,0.07323941755743323,True
1.8583333333333292,7,rear_left_bot,0.2146543711423874,-0.3097574710845947,0.030152274295687675,0.10996308922767639,-0.02268645676629918,0.0022083350074481303,0.008053632607851078,0.07323941755743323,True
1.8583333333333292,8,rear_right_bot,0.2142179161310196,-0.31118279695510864,-0.2790234684944153,0.10994862020015717,-0.022744506356857923,-0.02039396494594554,0.008036199672795499,0.07309050043707607,True
1.8583333333333292,9,front_left_wheel,0.059519216418266296,0.24911725521087646,0.09066057950258255,0.048935189843177795,0.005059017251025862,0.0018411146803272182,0.0009937648413366647,0.020307775335527967,True
1.8583333333333292,10,front_right_wheel,0.059519216418266296,0.2527941167354584,-0.32998111844062805,0.04915817454457283,0.005133686128806918,-0.006701182418258519,0.0009982931645558548,0.020307775335527967,True
1.8583333333333292,11,rear_left_wheel,0.059519216418266296,-0.304343044757843,0.08417268097400665,0.049890849739313126,-0.006180530177872808,0.0017093598946091963,0.0010131721678045549,0.020307775335527967,True
1.8583333333333292,12,rear_right_wheel,0.059519216418266296,-0.3069475293159485,-0.3344879448413849,0.04984285682439804,-0.006233421465143666,-0.006792706036281315,0.0010121975384707622,0.020307775335527967,True
1.8666666666666625,0,base_link,1.3484421968460083,-0.027699772268533707,-0.12197671085596085,0.1828286349773407,-0.012744232272289244,-0.05611957816433405,0.08411659733476051,0.4600843699630843,True
1.8666666666666625,1,front_left_upper,0.12063051015138626,0.2063332498073578,0.029420867562294006,0.2080005258321762,0.008492421245539917,0.0012109265035156348,0.008561044263635966,0.04115876260112624,True
1.8666666666666625,2,front_right_upper,0.12198812514543533,0.20698389410972595,-0.27047812938690186,0.20820678770542145,0.008615078818231727,-0.011257834399621266,0.008665978066980242,0.041621976701552994,True
1.8666666666666625,3,rear_left_upper,0.12198812514543533,-0.26181352138519287,0.02667238563299179,0.20631974935531616,-0.010897196287246046,0.0011101574133912213,0.008587435800737224,0.041621976701552994,True
1.8666666666666625,4,rear_right_upper,0.12198812514543533,-0.2608916461467743,-0.27322620153427124,0.20654669404029846,-0.010858826017550848,-0.011372214594513262,0.008596881687128098,0.041621976701552994,True
1.8666666666666625,5,front_left_bot,0.2142179161310196,0.25449860095977783,0.03520442172884941,0.1089521050453186,0.01860143010468589,0.002573108801759478,0.007963363881435218,0.07309050043707607,True
1.8666666666666625,6,front_right_bot,0.2146543711423874,0.2569202482700348,-0.2744874358177185,0.10933423042297363,0.01881668934200849,-0.020103299926123037,0.008007575355268784,0.07323941755743323,True
1.8666666666666625,7,rear_left_bot,0.2146543711423874,-0.3097632825374603,0.03015226311981678,0.10996360331773758,-0.02268688239372222,0.0022083341889338553,0.008053670259507732,0.07323941755743323,True
1.8666666666666625,8,rear_right_bot,0.2142179161310196,-0.3111884593963623,-0.2790234684944153,0.10994922369718552,-0.022744920227522846,-0.02039396494594554,0.008036243782695313,0.07309050043707607,True
1.8666666666666625,9,front_left_wheel,0.059519216418266296,0.24911488592624664,0.09066067636013031,0.048934854567050934,0.005058969136125894,0.0018411166472885375,0.0009937580326244049,0.020307775335527967,True
1.8666666666666625,10,front_right_wheel,0.059519216418266296,0.2527933120727539,-0.32998108863830566,0.04915817826986313,0.005133669787897496,-0.006701181813039651,0.0009982932402082133,0.020307775335527967,True
1.8666666666666625,11,rear_left_wheel,0.059519216418266296,-0.30435001850128174,0.08417267352342606,0.049891259521245956,-0.006180671799087809,0.0017093597433044795,0.0010131804895639833,0.020307775335527967,True
1.8666666666666625,12,rear_right_wheel,0.059519216418266296,-0.3069542944431305,-0.3344879746437073,0.04984337091445923,-0.006233558849826594,-0.006792706641500182,0.0010122079784962272,0.020307775335527967,True
1.8749999999999958,0,base_link,1.3484421968460083,-0.027703698724508286,-0.12197677046060562,0.1828276515007019,-0.012746038773312497,-0.05611960558749949,0.08411614485253079,0.4600843699630843,True
1.8749999999999958,1,front_left_upper,0.12063051015138626,0.20632946491241455,0.02942083589732647,0.20799978077411652,0.008492265463947477,0.001210925200224753,0.008561013597968164,0.04115876260112624,True
1.8749999999999958,2,front_right_upper,0.12198812514543533,0.20698004961013794,-0.27047815918922424,0.20820623636245728,0.008614918802559445,-0.011257835640052834,0.008665955118996232,0.041621976701552994,True
1.8749999999999958,3,rear_left_upper,0.12198812514543533,-0.26181739568710327,0.02667238563299179,0.2063198983669281,-0.010897357543349894,0.0011101574133912213,0.008587442002895063,0.041621976701552994,True
1.8749999999999958,4,rear_right_upper,0.12198812514543533,-0.26089558005332947,-0.27322620153427124,0.2065468728542328,-0.010858989754517835,-0.011372214594513262,0.008596889129717506,0.041621976701552994,True
1.8749999999999958,5,front_left_bot,0.2142179161310196,0.25449585914611816,0.035204336047172546,0.10895152390003204,0.0186012297041534,0.0025731025392428377,0.007963321405235396,0.07309050043707607,True
1.8749999999999958,6,front_right_bot,0.2146543711423874,0.2569180428981781,-0.2744874954223633,0.10933391749858856,0.018816527821858206,-0.020103304291532505,0.008007552436869084,0.07323941755743323,True
1.8749999999999958,7,rear_left_bot,0.2146543711423874,-0.30976900458335876,0.03015226498246193,0.10996422171592712,-0.02268730147303106,0.002208334325352901,0.008053715550630954,0.07323941755743323,True
1.8749999999999958,8,rear_right_bot,0.2142179161310196,-0.3111943006515503,-0.2790234684944153,0.10994987934827805,-0.022745347167787717,-0.02039396494594554,0.008036291704561778,0.07309050043707607,True
1.8749999999999958,9,front_left_wheel,0.059519216418266296,0.2491128146648407,0.09066055715084076,0.04893423244357109,0.005058927073414601,0.0018411142264130676,0.0009937453986805453,0.020307775335527967,True
1.8749999999999958,10,front_right_wheel,0.059519216418266296,0.25279220938682556,-0.32998114824295044,0.04915780574083328,0.005133647394799397,-0.006701183023477386,0.0009982856749723692,0.020307775335527967,True
1.8749999999999958,11,rear_left_wheel,0.059519216418266296,-0.3043569028377533,0.08417265117168427,0.049891792237758636,-0.006180811604646208,0.001709359289390329,0.0010131913078512405,0.020307775335527967,True
1.8749999999999958,12,rear_right_wheel,0.059519216418266296,-0.3069612979888916,-0.3344879746437073,0.049843981862068176,-0.006233701076260463,-0.006792706641500182,0.0010122203854830113,0.020307775335527967,True
1.883333333333329,0,base_link,1.3484421968460083,-0.02770765870809555,-0.12197677046060562,0.18282677233219147,-0.012747860699866309,-0.05611960558749949,0.08411574036084056,0.4600843699630843,True
1.883333333333329,1,front_left_upper,0.12063051015138626,0.2063254714012146,0.02942083589732647,0.20799937844276428,0.008492101095968053,0.001210925200224753,0.00856099703850755,0.04115876260112624,True
1.883333333333329,2,front_right_upper,0.12198812514543533,0.20697611570358276,-0.27047815918922424,0.20820598304271698,0.008614755065592459,-0.011257835640052834,0.008665944575327905,0.041621976701552994,True
1.883333333333329,3,rear_left_upper,0.12198812514543533,-0.2618213891983032,0.02667231298983097,0.20632001757621765,-0.010897523761180016,0.001110154389839274,0.008587446964621336,0.041621976701552994,True
1.883333333333329,4,rear_right_upper,0.12198812514543533,-0.26089948415756226,-0.2732262909412384,0.20654690265655518,-0.010859152251053251,-0.011372218315807966,0.008596890370149074,0.041621976701552994,True
1.883333333333329,5,front_left_bot,0.2142179161310196,0.254492849111557,0.03520441800355911,0.10895133763551712,0.018601009699220992,0.002573108529476146,0.007963307791068786,0.07309050043707607,True
1.883333333333329,6,front_right_bot,0.2146543711423874,0.25691598653793335,-0.2744874358177185,0.10933394730091095,0.018816377215231595,-0.020103299926123037,0.008007554619573816,0.07323941755743323,True
1.883333333333329,7,rear_left_bot,0.2146543711423874,-0.30977484583854675,0.03015221282839775,0.10996469855308533,-0.022687729283158833,0.0022083305056196175,0.00805375047390669,0.07323941755743323,True
1.883333333333329,8,rear_right_bot,0.2142179161310196,-0.31119993329048157,-0.27902355790138245,0.10995037108659744,-0.022745758860185986,-0.020393971480745513,0.008036327645961627,0.07309050043707607,True
1.883333333333329,9,front_left_wheel,0.059519216418266296,0.2491103559732437,0.09066068381071091,0.04893401637673378,0.00505887714285803,0.0018411167985932545,0.0009937410108437558,0.020307775335527967,True
1.883333333333329,10,front_right_wheel,0.059519216418266296,0.25279125571250916,-0.3299810588359833,0.049157701432704926,0.005133628027795636,-0.006701181207820784,0.0009982835567063327,0.020307775335527967,True
1.883333333333329,11,rear_left_wheel,0.059519216418266296,-0.30436384677886963,0.08417264372110367,0.04989216476678848,-0.006180952620642341,0.0017093591380856119,0.0010131988730870845,0.020307775335527967,True
1.883333333333329,12,rear_right_wheel,0.059519216418266296,-0.30696800351142883,-0.33448803424835205,0.0498444028198719,-0.006233837250505656,-0.006792707851937917,0.0010122289341995153,0.020307775335527967,True
1.8916666666666624,0,base_link,1.3484421968460083,-0.02771158143877983,-0.12197677046060562,0.18282589316368103,-0.01274966548694172,-0.05611960558749949,0.08411533586915035,0.4600843699630843,True
1.8916666666666624,1,front_left_upper,0.12063051015138626,0.2063216269016266,0.029420873150229454,0.2079986184835434,0.00849194286112219,0.0012109267335081433,0.008560965759526392,0.04115876260112624,True
1.8916666666666624,2,front_right_upper,0.12198812514543533,0.20697224140167236,-0.27047809958457947,0.2082056701183319,0.00861459380948861,-0.011257833159189698,0.00866593155079644,0.041621976701552994,True
1.8916666666666624,3,rear_left_upper,0.12198812514543533,-0.2618252635002136,0.026672348380088806,0.20632027089595795,-0.010897685017283866,0.0011101558628517612,0.008587457508289665,0.041621976701552994,True
1.8916666666666624,4,rear_right_upper,0.12198812514543533,-0.26090335845947266,-0.2732262909412384,0.20654724538326263,-0.010859313507157102,-0.011372218315807966,0.008596904635112108,0.041621976701552994,True
1.8916666666666624,5,front_left_bot,0.2142179161310196,0.254489928483963,0.03520440310239792,0.10895068198442459,0.018600796229088556,0.002573107440342817,0.007963259869202322,0.07309050043707607,True
1.8916666666666624,6,front_right_bot,0.2146543711423874,0.2569138705730438,-0.2744874358177185,0.10933388024568558,0.018816222243195513,-0.020103299926123037,0.008007549708488167,0.07323941755743323,True
1.8916666666666624,7,rear_left_bot,0.2146543711423874,-0.3097805678844452,0.030152177438139915,0.10996542125940323,-0.02268814836246767,0.0022083279136577466,0.008053803404496478,0.07323941755743323,True
1.8916666666666624,8,rear_right_bot,0.2142179161310196,-0.3112056851387024,-0.2790236175060272,0.10995118319988251,-0.022746179265650885,-0.020393975837278828,0.008036387003728043,0.07309050043707607,True
1.8916666666666624,9,front_left_wheel,0.059519216418266296,0.24910804629325867,0.09066066145896912,0.0489332489669323,0.005058830238395797,0.001841116344679104,0.000993725426457917,0.020307775335527967,True
1.8916666666666624,10,front_right_wheel,0.059519216418266296,0.25279027223587036,-0.32998108863830566,0.04915761947631836,0.005133608055573008,-0.006701181813039651,0.000998281892354447,0.020307775335527967,True
1.8916666666666624,11,rear_left_wheel,0.059519216418266296,-0.3043707311153412,0.0841725766658783,0.04989274963736534,-0.00618109242620074,0.00170935777634316,0.0010132107505073597,0.020307775335527967,True
1.8916666666666624,12,rear_right_wheel,0.059519216418266296,-0.3069749176502228,-0.3344881534576416,0.0498451367020607,-0.0062339776612829224,-0.006792710272813387,0.001012243837714128,0.020307775335527967,True
1.8999999999999957,0,base_link,1.3484421968460083,-0.027715547010302544,-0.12197679281234741,0.18282490968704224,-0.01275148998441729,-0.05611961587118653,0.08411488338692062,0.4600843699630843,True
1.8999999999999957,1,front_left_upper,0.12063051015138626,0.206317737698555,0.029420820996165276,0.2079981416463852,0.008491782786336258,0.001210924586911397,0.008560946133498996,0.04115876260112624,True
1.8999999999999957,2,front_right_upper,0.12198812514543533,0.20696833729743958,-0.27047818899154663,0.2082051783800125,0.008614431312953192,-0.011257836880484403,0.008665911083675567,0.041621976701552994,True
1.8999999999999957,3,rear_left_upper,0.12198812514543533,-0.2618292570114136,0.026672298088669777,0.2063203901052475,-0.010897851235113987,0.00111015376962349,0.008587462470015936,0.041621976701552994,True
1.8999999999999957,4,rear_right_upper,0.12198812514543533,-0.2609073519706726,-0.2732263207435608,0.20654727518558502,-0.010859479724987223,-0.011372219556239533,0.008596905875543676,0.041621976701552994,True
1.8999999999999957,5,front_left_bot,0.2142179161310196,0.2544870376586914,0.035204414278268814,0.1089504212141037,0.01860058493722278,0.0025731082571928137,0.007963240809369068,0.07309050043707607,True
1.8999999999999957,6,front_right_bot,0.2146543711423874,0.2569117248058319,-0.2744874954223633,0.10933362692594528,0.0188160650884547,-0.020103304291532505,0.00800753115549793,0.07323941755743323,True
1.8999999999999957,7,rear_left_bot,0.2146543711423874,-0.309786319732666,0.03015218861401081,0.10996595770120621,-0.022688569624481243,0.0022083287321720216,0.00805384269318168,0.07323941755743323,True
1.8999999999999957,8,rear_right_bot,0.2142179161310196,-0.31121140718460083,-0.27902358770370483,0.1099516749382019,-0.022746597492849126,-0.02039397365901217,0.008036422945127892,0.07309050043707607,True
1.8999999999999957,9,front_left_wheel,0.059519216418266296,0.249105766415596,0.0906607061624527,0.048932984471321106,0.005058783939152431,0.0018411172525074051,0.0009937200551404677,0.020307775335527967,True
1.8999999999999957,10,front_right_wheel,0.059519216418266296,0.2527891993522644,-0.32998114824295044,0.04915725067257881,0.005133586267693777,-0.006701183023477386,0.0009982744027709615,0.020307775335527967,True
1.8999999999999957,11,rear_left_wheel,0.059519216418266296,-0.30437764525413513,0.0841725766658783,0.049893222749233246,-0.006181232836978006,0.00170935777634316,0.0010132203583568817,0.020307775335527967,True
1.8999999999999957,12,rear_right_wheel,0.059519216418266296,-0.3069817125797272,-0.33448803424835205,0.04984554648399353,-0.006234115651184718,-0.006792707851937917,0.0010122521594735565,0.020307775335527967,True
1.908333333333329,0,base_link,1.3484421968460083,-0.027719495818018913,-0.12197674810886383,0.18282398581504822,-0.012753306769127582,-0.05611959530381245,0.08411445832785633,0.4600843699630843,True
1.908333333333329,1,front_left_upper,0.12063051015138626,0.20631378889083862,0.029420850798487663,0.20799733698368073,0.008491620258296903,0.0012109258135381091,0.00856091301457777,0.04115876260112624,True
1.908333333333329,2,front_right_upper,0.12198812514543533,0.2069644182920456,-0.27047815918922424,0.20820479094982147,0.00861426819620199,-0.011257835640052834,0.008665894958065181,0.041621976701552994,True
1.908333333333329,3,rear_left_upper,0.12198812514543533,-0.261833131313324,0.026672430336475372,0.20632050931453705,-0.010898012491217838,0.0011101592740385734,0.00858746743174221,0.041621976701552994,True
1.908333333333329,4,rear_right_upper,0.12198812514543533,-0.2609112858772278,-0.27322617173194885,0.20654749870300293,-0.010859643461954208,-0.011372213354081694,0.008596915178780437,0.041621976701552994,True
1.908333333333329,5,front_left_bot,0.2142179161310196,0.25448405742645264,0.035204339772462845,0.10894984751939774,0.01860036711055703,0.00257310281152617,0.007963198877735911,0.07309050043707607,True
1.908333333333329,6,front_right_bot,0.2146543711423874,0.2569095492362976,-0.27448752522468567,0.10933350026607513,0.01881590575100915,-0.020103306474237238,0.008007521879002813,0.07323941755743323,True
1.908333333333329,7,rear_left_bot,0.2146543711423874,-0.30979201197624207,0.03015224263072014,0.10996650904417038,-0.022688986521085346,0.002208332688324351,0.008053883073219251,0.07323941755743323,True
1.908333333333329,8,rear_right_bot,0.2142179161310196,-0.3112170696258545,-0.27902349829673767,0.10995235294103622,-0.02274701136351405,-0.0203939671242122,0.00803647250069435,0.07309050043707607,True
1.908333333333329,9,front_left_wheel,0.059519216418266296,0.2491033375263214,0.09066056460142136,0.0489322766661644,0.005058734613814728,0.0018411143777177844,0.000993705681192364,0.020307775335527967,True
1.908333333333329,10,front_right_wheel,0.059519216418266296,0.25278809666633606,-0.3299812078475952,0.04915710166096687,0.005133563874595679,-0.0067011842339151214,0.000998271376676624,0.020307775335527967,True
1.908333333333329,11,rear_left_wheel,0.059519216418266296,-0.30438441038131714,0.08417259901762009,0.049893636256456375,-0.006181370221660935,0.0017093582302573106,0.0010132287557686687,0.020307775335527967,True
1.908333333333329,12,rear_right_wheel,0.059519216418266296,-0.3069884777069092,-0.33448803424835205,0.04984618350863457,-0.006234253035867647,-0.006792707851937917,0.00101226509602685,0.020307775335527967,True
1.9166666666666623,0,base_link,1.3484421968460083,-0.027723470702767372,-0.12197669595479965,0.1828230619430542,-0.012755135551472752,-0.05611957130854269,0.08411403326879204,0.4600843699630843,True
1.9166666666666623,1,front_left_upper,0.12063051015138626,0.20630988478660583,0.029420947656035423,0.20799681544303894,0.008491459570197616,0.0012109298000749235,0.008560891548610308,0.04115876260112624,True
1.9166666666666623,2,front_right_upper,0.12198812514543533,0.2069604992866516,-0.2704780697822571,0.20820452272891998,0.008614105079450788,-0.01125783191875813,0.008665883794181069,0.041621976701552994,True
1.9166666666666623,3,rear_left_upper,0.12198812514543533,-0.2618371546268463,0.02667240984737873,0.20632052421569824,-0.010898179949479527,0.0011101584212418704,0.008587468051957993,0.041621976701552994,True
1.9166666666666623,4,rear_right_upper,0.12198812514543533,-0.26091527938842773,-0.27322623133659363,0.2065475881099701,-0.010859809679784331,-0.01137221583494483,0.00859691890007514,0.041621976701552994,True
1.9166666666666623,5,front_left_bot,0.2142179161310196,0.25448113679885864,0.03520442917943001,0.10894950479269028,0.018600153640424593,0.0025731093463261428,0.00796317382766935,0.07309050043707607,True
1.9166666666666623,6,front_right_bot,0.2146543711423874,0.2569073438644409,-0.2744874358177185,0.10933350771665573,0.01881574423085887,-0.020103299926123037,0.008007522424678996,0.07323941755743323,True
1.9166666666666623,7,rear_left_bot,0.2146543711423874,-0.3097977638244629,0.03015218675136566,0.109966941177845,-0.02268940778309892,0.002208328595752976,0.008053914722437888,0.07323941755743323,True
1.9166666666666623,8,rear_right_bot,0.2142179161310196,-0.31122279167175293,-0.2790236175060272,0.10995285958051682,-0.02274742959071229,-0.020393975837278828,0.008036509531227528,0.07309050043707607,True
1.9166666666666623,9,front_left_wheel,0.059519216418266296,0.24910099804401398,0.09066063910722733,0.048931922763586044,0.005058687104133627,0.0018411158907649533,0.000993698494218312,0.020307775335527967,True
1.9166666666666623,10,front_right_wheel,0.059519216418266296,0.2527869939804077,-0.32998111844062805,0.0491570383310318,0.00513354148149758,-0.006701182418258519,0.0009982700905865304,0.020307775335527967,True
1.9166666666666623,11,rear_left_wheel,0.059519216418266296,-0.3043912649154663,0.08417253941297531,0.049893952906131744,-0.006181509422000466,0.0017093570198195756,0.0010132351862191362,0.020307775335527967,True
1.9166666666666623,12,rear_right_wheel,0.059519216418266296,-0.3069952726364136,-0.3344881534576416,0.049846626818180084,-0.006234391025769443,-0.006792710272813387,0.0010122740986575043,0.020307775335527967,True
1.9249999999999956,0,base_link,1.3484421968460083,-0.02772742509841919,-0.12197673320770264,0.18282216787338257,-0.012756954907104804,-0.05611958844802109,0.08411362192131046,0.4600843699630843,True
1.9249999999999956,1,front_left_upper,0.12063051015138626,0.20630598068237305,0.02942093275487423,0.20799608528614044,0.008491298882098328,0.0012109291867615675,0.00856086149625586,0.04115876260112624,True
1.9249999999999956,2,front_right_upper,0.12198812514543533,0.2069566249847412,-0.2704780399799347,0.20820403099060059,0.00861394382334694,-0.011257830678326562,0.008665863327060196,0.041621976701552994,True
1.9249999999999956,3,rear_left_upper,0.12198812514543533,-0.2618410587310791,0.02667240984737873,0.20632077753543854,-0.010898342446014944,0.0011101584212418704,0.008587478595626322,0.041621976701552994,True
1.9249999999999956,4,rear_right_upper,0.12198812514543533,-0.2609191834926605,-0.27322617173194885,0.20654776692390442,-0.010859972176319748,-0.011372213354081694,0.008596926342664549,0.041621976701552994,True
1.9249999999999956,5,front_left_bot,0.2142179161310196,0.2544780969619751,0.035204414278268814,0.1089489534497261,0.01859993145722553,0.0025731082571928137,0.007963133529736186,0.07309050043707607,True
1.9249999999999956,6,front_right_bot,0.2146543711423874,0.256905198097229,-0.27448734641075134,0.10933324694633484,0.018815587076118055,-0.020103293378008837,0.008007503326012579,0.07323941755743323,True
1.9249999999999956,7,rear_left_bot,0.2146543711423874,-0.30980345606803894,0.030152179300785065,0.10996764153242111,-0.022689824679703024,0.0022083280500767924,0.008053966015999127,0.07323941755743323,True
1.9249999999999956,8,rear_right_bot,0.2142179161310196,-0.311228483915329,-0.27902358770370483,0.10995352268218994,-0.022747845639643875,-0.02039397365901217,0.008036557997660657,0.07309050043707607,True
1.9249999999999956,9,front_left_wheel,0.059519216418266296,0.249098539352417,0.09066065400838852,0.04893125593662262,0.005058637173577056,0.0018411161933743869,0.0009936849524461511,0.020307775335527967,True
1.9249999999999956,10,front_right_wheel,0.059519216418266296,0.2527858018875122,-0.3299810588359833,0.04915667325258255,0.005133517272742879,-0.006701181207820784,0.0009982626766554031,0.020307775335527967,True
1.9249999999999956,11,rear_left_wheel,0.059519216418266296,-0.3043980896472931,0.08417252451181412,0.0498945415019989,-0.006181648017121129,0.0017093567172101417,0.0010132471392917696,0.020307775335527967,True
1.9249999999999956,12,rear_right_wheel,0.059519216418266296,-0.3070020377635956,-0.3344881534576416,0.04984722286462784,-0.006234528410452371,-0.006792710272813387,0.0010122862030348548,0.020307775335527967,True
1.933333333333329,0,base_link,1.3484421968460083,-0.027731411159038544,-0.12197673320770264,0.18282127380371094,-0.012758788831293494,-0.05611958844802109,0.08411321057382888,0.4600843699630843,True
1.933333333333329,1,front_left_upper,0.12063051015138626,0.2063019573688507,0.02942090481519699,0.20799562335014343,0.008491133287492193,0.0012109280367990248,0.008560842483541824,0.04115876260112624,True
1.933333333333329,2,front_right_upper,0.12198812514543533,0.20695272088050842,-0.27047809958457947,0.2082037478685379,0.008613781326811521,-0.011257833159189698,0.008665851542960299,0.041621976701552994,True
1.933333333333329,3,rear_left_upper,0.12198812514543533,-0.26184508204460144,0.026672372594475746,0.20632082223892212,-0.010898509904276635,0.0011101568707024103,0.008587480456273675,0.041621976701552994,True
1.933333333333329,4,rear_right_upper,0.12198812514543533,-0.2609231472015381,-0.27322623133659363,0.20654785633087158,-0.0108601371537183,-0.01137221583494483,0.008596930063959252,0.041621976701552994,True
1.933333333333329,5,front_left_bot,0.2142179161310196,0.25447502732276917,0.03520441800355911,0.10894868522882462,0.018599707095759803,0.002573108529476146,0.007963113925336269,0.07309050043707607,True
1.933333333333329,6,front_right_bot,0.2146543711423874,0.2569030523300171,-0.2744874358177185,0.10933317989110947,0.01881542992137724,-0.020103299926123037,0.008007498414926928,0.07323941755743323,True
1.933333333333329,7,rear_left_bot,0.2146543711423874,-0.3098091781139374,0.03015213832259178,0.10996806621551514,-0.022690243759011863,0.002208325048857784,0.008053997119541578,0.07323941755743323,True
1.933333333333329,8,rear_right_bot,0.2142179161310196,-0.31123411655426025,-0.2790236175060272,0.10995408147573471,-0.022748257332042145,-0.020393975837278828,0.008036598840160485,0.07309050043707607,True
1.933333333333329,9,front_left_wheel,0.059519216418266296,0.2490960955619812,0.09066063165664673,0.048930998891592026,0.005058587545629919,0.0018411157394602363,0.0009936797324334187,0.020307775335527967,True
1.933333333333329,10,front_right_wheel,0.059519216418266296,0.25278475880622864,-0.32998111844062805,0.04915653169155121,0.005133496090082516,-0.006701182418258519,0.0009982598018657824,0.020307775335527967,True
1.933333333333329,11,rear_left_wheel,0.059519216418266296,-0.3044048547744751,0.08417250216007233,0.04989489167928696,-0.0061817854018040574,0.0017093562632959911,0.0010132542506134632,0.020307775335527967,True
1.933333333333329,12,rear_right_wheel,0.059519216418266296,-0.3070087432861328,-0.3344881534576416,0.04984769597649574,-0.006234664584697565,-0.006792710272813387,0.0010122958108843769,0.020307775335527967,True
1.9416666666666622,0,base_link,1.3484421968460083,-0.027735374867916107,-0.12197671085596085,0.1828204095363617,-0.012760612471795146,-0.05611957816433405,0.08411281293793002,0.4600843699630843,True
1.9416666666666622,1,front_left_upper,0.12063051015138626,0.2062980681657791,0.029420970007777214,0.20799489319324493,0.008490973212706261,0.0012109307200449575,0.008560812431187377,0.04115876260112624,True
1.9416666666666622,2,front_right_upper,0.12198812514543533,0.20694875717163086,-0.2704780101776123,0.2082033008337021,0.008613616349412968,-0.011257829437894993,0.008665832936486779,0.041621976701552994,True
1.9416666666666622,3,rear_left_upper,0.12198812514543533,-0.261849045753479,0.02667243406176567,0.20632101595401764,-0.010898674881675188,0.0011101594290925194,0.008587488519078866,0.041621976701552994,True
1.9416666666666622,4,rear_right_upper,0.12198812514543533,-0.2609270513057709,-0.27322620153427124,0.2065480649471283,-0.01086029965025372,-0.011372214594513262,0.00859693874698023,0.041621976701552994,True
1.9416666666666622,5,front_left_bot,0.2142179161310196,0.2544720470905304,0.03520442172884941,0.10894809663295746,0.018599489269094053,0.002573108801759478,0.007963070904569783,0.07309050043707607,True
1.9416666666666622,6,front_right_bot,0.2146543711423874,0.2569005787372589,-0.2744874060153961,0.10933300852775574,0.018815248756884357,-0.020103297743418305,0.00800748586437471,0.07323941755743323,True
1.9416666666666622,7,rear_left_bot,0.2146543711423874,-0.3098149001598358,0.030152153223752975,0.10996875166893005,-0.0226906628383207,0.0022083261402101504,0.008054047321750451,0.07323941755743323,True
1.9416666666666622,8,rear_right_bot,0.2142179161310196,-0.3112397789955139,-0.2790236473083496,0.10995468497276306,-0.022748671202707068,-0.020393978015545485,0.0080366429500603,0.07309050043707607,True
1.9416666666666622,9,front_left_wheel,0.059519216418266296,0.2490936666727066,0.09066060930490494,0.04893031716346741,0.0050585382202922155,0.0018411152855460856,0.000993665888051824,0.020307775335527967,True
1.9416666666666622,10,front_right_wheel,0.059519216418266296,0.25278329849243164,-0.32998108863830566,0.0491563081741333,0.005133466434358007,-0.006701181813039651,0.000998255262724276,0.020307775335527967,True
1.9416666666666622,11,rear_left_wheel,0.059519216418266296,-0.3044116497039795,0.08417248725891113,0.049895428121089935,-0.006181923391705853,0.0017093559606865575,0.0010132651445530787,0.020307775335527967,True
1.9416666666666622,12,rear_right_wheel,0.059519216418266296,-0.30701547861099243,-0.33448824286460876,0.049848273396492004,-0.006234801364161626,-0.006792712088469989,0.0010123075369999352,0.020307775335527967,True
1.9499999999999955,0,base_link,1.3484421968460083,-0.02773936092853546,-0.12197669595479965,0.1828194409608841,-0.012762446395983834,-0.05611957130854269,0.08411236731149165,0.4600843699630843,True
1.9499999999999955,1,front_left_upper,0.12063051015138626,0.20629411935806274,0.029420975595712662,0.20799443125724792,0.008490810684666906,0.001210930950037466,0.008560793418473338,0.04115876260112624,True
1.9499999999999955,2,front_right_upper,0.12198812514543533,0.20694488286972046,-0.2704780399799347,0.20820298790931702,0.008613455093309118,-0.011257830678326562,0.008665819911955313,0.041621976701552994,True
1.9499999999999955,3,rear_left_upper,0.12198812514543533,-0.26185303926467896,0.026672394946217537,0.20632106065750122,-0.01089884109950531,0.0011101578010260862,0.008587490379726219,0.041621976701552994,True
1.9499999999999955,4,rear_right_upper,0.12198812514543533,-0.2609310448169708,-0.27322620153427124,0.2065480649471283,-0.01086046586808384,-0.011372214594513262,0.00859693874698023,0.041621976701552994,True
1.9499999999999955,5,front_left_bot,0.2142179161310196,0.254469096660614,0.0352044515311718,0.10894782096147537,0.01859927362069496,0.0025731109800261357,0.0079630507556032,0.07309050043707607,True
1.9499999999999955,6,front_right_bot,0.2146543711423874,0.25689858198165894,-0.27448737621307373,0.10933291912078857,0.01881510251566721,-0.02010329556071357,0.008007479316260509,0.07323941755743323,True
1.9499999999999955,7,rear_left_bot,0.2146543711423874,-0.30982059240341187,0.03015214577317238,0.10996916890144348,-0.022691079734924804,0.0022083255945339673,0.00805407787961672,0.07323941755743323,True
1.9499999999999955,8,rear_right_bot,0.2142179161310196,-0.31124547123908997,-0.2790236473083496,0.10995516180992126,-0.022749087251638652,-0.020393978015545485,0.00803667780232682,0.07309050043707607,True
1.9499999999999955,9,front_left_wheel,0.059519216418266296,0.2490912824869156,0.09066064655780792,0.04893002659082413,0.0050584898027828135,0.00184111604206967,0.0009936599871678657,0.020307775335527967,True
1.9499999999999955,10,front_right_wheel,0.059519216418266296,0.2527824342250824,-0.3299810588359833,0.04915616288781166,0.005133448883010848,-0.006701181207820784,0.0009982523122822968,0.020307775335527967,True
1.9499999999999955,11,rear_left_wheel,0.059519216418266296,-0.3044184446334839,0.08417247235774994,0.0498957633972168,-0.00618206138160765,0.0017093556580771237,0.0010132719532653382,0.020307775335527967,True
1.9499999999999955,12,rear_right_wheel,0.059519216418266296,-0.30702218413352966,-0.3344882130622864,0.049848657101392746,-0.006234937538406819,-0.006792711483251122,0.0010123153291928546,0.020307775335527967,True
1.9583333333333288,0,base_link,1.3484421968460083,-0.027743373066186905,-0.12197670340538025,0.18281859159469604,-0.012764292317807405,-0.056119574736438374,0.08411197653138415,0.4600843699630843,True
1.9583333333333288,1,front_left_upper,0.12063051015138626,0.2062901109457016,0.029420997947454453,0.20799364149570465,0.008490645703374126,0.0012109318700075002,0.008560760912865468,0.04115876260112624,True
1.9583333333333288,2,front_right_upper,0.12198812514543533,0.2069409191608429,-0.2704780101776123,0.2082025706768036,0.008613290115910565,-0.011257829437894993,0.00866580254591336,0.041621976701552994,True
1.9583333333333288,3,rear_left_upper,0.12198812514543533,-0.26185697317123413,0.026672402396798134,0.20632128417491913,-0.010899004836472295,0.0011101581111339783,0.00858749968296298,0.041621976701552994,True
1.9583333333333288,4,rear_right_upper,0.12198812514543533,-0.2609349489212036,-0.27322614192962646,0.2065483033657074,-0.010860628364619259,-0.011372212113650125,0.008596948670432774,0.041621976701552994,True
1.9583333333333288,5,front_left_bot,0.2142179161310196,0.2544659972190857,0.035204462707042694,0.10894715040922165,0.01859904708096258,0.0025731117968761322,0.007963001744603408,0.07309050043707607,True
1.9583333333333288,6,front_right_bot,0.2146543711423874,0.2568961977958679,-0.27448737621307373,0.10933274775743484,0.018814927899288528,-0.02010329556071357,0.008007466765708291,0.07323941755743323,True
1.9583333333333288,7,rear_left_bot,0.2146543711423874,-0.30982619524002075,0.0301520898938179,0.10996983200311661,-0.02269149008341471,0.002208321501962592,0.008054126444797041,0.07323941755743323,True
1.9583333333333288,8,rear_right_bot,0.2142179161310196,-0.31125110387802124,-0.2790236175060272,0.10995583981275558,-0.02274949894403692,-0.020393975837278828,0.008036727357893278,0.07309050043707607,True
1.9583333333333288,9,front_left_wheel,0.059519216418266296,0.24908870458602905,0.09066063165664673,0.04892929270863533,0.0050584374513507726,0.0018411157394602363,0.000993645083653253,0.020307775335527967,True
1.9583333333333288,10,front_right_wheel,0.059519216418266296,0.2527809739112854,-0.3299810588359833,0.04915592074394226,0.00513341922728634,-0.006701181207820784,0.000998247394878998,0.020307775335527967,True
1.9583333333333288,11,rear_left_wheel,0.059519216418266296,-0.30442509055137634,0.08417240530252457,0.049896299839019775,-0.006182196345415108,0.0017093542963346718,0.0010132828472049539,0.020307775335527967,True
1.9583333333333288,12,rear_right_wheel,0.059519216418266296,-0.3070289194583893,-0.3344882130622864,0.04984928295016289,-0.00623507431787088,-0.006792711483251122,0.0010123280387890727,0.020307775335527967,True
1.9666666666666621,0,base_link,1.3484421968460083,-0.027747375890612602,-0.12197672575712204,0.1828177273273468,-0.012766133954761375,-0.056119585020125415,0.08411157889548529,0.4600843699630843,True
1.9666666666666621,1,front_left_upper,0.12063051015138626,0.20628619194030762,0.029420992359519005,0.20799317955970764,0.008490484401961483,0.0012109316400149917,0.00856074190015143,0.04115876260112624,True
1.9666666666666621,2,front_right_upper,0.12198812514543533,0.20693697035312653,-0.2704780101776123,0.20820218324661255,0.008613125758727795,-0.011257829437894993,0.008665786420302975,0.041621976701552994,True
1.9666666666666621,3,rear_left_upper,0.12198812514543533,-0.26186102628707886,0.026672368869185448,0.2063213735818863,-0.010899173535165554,0.0011101567156484643,0.008587503404257683,0.041621976701552994,True
1.9666666666666621,4,rear_right_upper,0.12198812514543533,-0.2609390318393707,-0.273226261138916,0.20654840767383575,-0.010860798303744085,-0.011372217075376398,0.008596953011943262,0.041621976701552994,True
1.9666666666666621,5,front_left_bot,0.2142179161310196,0.25446292757987976,0.03520446643233299,0.10894685238599777,0.01859882271949686,0.0025731120691594644,0.007962979961936833,0.07309050043707607,True
1.9666666666666621,6,front_right_bot,0.2146543711423874,0.2568938732147217,-0.27448731660842896,0.10933253914117813,0.018814757648319313,-0.020103291195304105,0.008007451486775157,0.07323941755743323,True
1.9666666666666621,7,rear_left_bot,0.2146543711423874,-0.3098319470882416,0.030152086168527603,0.10997028648853302,-0.022691911345428282,0.0022083212291245003,0.008054159731044227,0.07323941755743323,True
1.9666666666666621,8,rear_right_bot,0.2142179161310196,-0.3112567365169525,-0.2790237069129944,0.10995642095804214,-0.022749910636435187,-0.0203939823720788,0.0080367698340931,0.07309050043707607,True
1.9666666666666621,9,front_left_wheel,0.059519216418266296,0.24908626079559326,0.09066066890954971,0.04892894998192787,0.005058387823403635,0.0018411164959838207,0.0009936381236362764,0.020307775335527967,True
1.9666666666666621,10,front_right_wheel,0.059519216418266296,0.2527797222137451,-0.3299810290336609,0.04915563762187958,0.005133393808093903,-0.0067011806026019164,0.0009982416452997565,0.020307775335527967,True
1.9666666666666621,11,rear_left_wheel,0.059519216418266296,-0.3044319152832031,0.08417238295078278,0.04989666864275932,-0.006182334940535771,0.001709353842420521,0.0010132903367884394,0.020307775335527967,True
1.9666666666666621,12,rear_right_wheel,0.059519216418266296,-0.30703556537628174,-0.33448827266693115,0.049849770963191986,-0.006235209281678338,-0.0067927126936888575,0.0010123379492480284,0.020307775335527967,True
1.9749999999999954,0,base_link,1.3484421968460083,-0.02775135636329651,-0.12197670340538025,0.18281684815883636,-0.012767965308028305,-0.056119574736438374,0.08411117440379508,0.4600843699630843,True
1.9749999999999954,1,front_left_upper,0.12063051015138626,0.20628225803375244,0.029420949518680573,0.20799238979816437,0.008490322487235483,0.001210929876739093,0.008560709394543559,0.04115876260112624,True
1.9749999999999954,2,front_right_upper,0.12198812514543533,0.20693300664424896,-0.2704780697822571,0.2082017958164215,0.008612960781329242,-0.01125783191875813,0.008665770294692591,0.041621976701552994,True
1.9749999999999954,3,rear_left_upper,0.12198812514543533,-0.2618649899959564,0.02667239122092724,0.206321582198143,-0.010899338512564107,0.0011101576459721402,0.00858751208727866,0.041621976701552994,True
1.9749999999999954,4,rear_right_upper,0.12198812514543533,-0.2609429657459259,-0.27322620153427124,0.20654863119125366,-0.01086096204071107,-0.011372214594513262,0.008596962315180022,0.041621976701552994,True
1.9749999999999954,5,front_left_bot,0.2142179161310196,0.25445982813835144,0.035204388201236725,0.10894620418548584,0.018598596179764476,0.0025731063512094885,0.007962932584637032,0.07309050043707607,True
1.9749999999999954,6,front_right_bot,0.2146543711423874,0.25689151883125305,-0.2744874358177185,0.10933241993188858,0.018814585214645362,-0.020103299926123037,0.008007442755956223,0.07323941755743323,True
1.9749999999999954,7,rear_left_bot,0.2146543711423874,-0.30983757972717285,0.030152080580592155,0.10997089743614197,-0.02269232387662292,0.0022083208198673625,0.008054204476491264,0.07323941755743323,True
1.9749999999999954,8,rear_right_bot,0.2142179161310196,-0.3112623691558838,-0.279023677110672,0.10995704680681229,-0.022750322328833457,-0.020393980193812142,0.008036815577692907,0.07309050043707607,True
1.9749999999999954,9,front_left_wheel,0.059519216418266296,0.24908365309238434,0.09066055715084076,0.04892824590206146,0.005058334866752726,0.0018411142264130676,0.000993623825340531,0.020307775335527967,True
1.9749999999999954,10,front_right_wheel,0.059519216418266296,0.2527782917022705,-0.32998111844062805,0.04915546625852585,0.005133364757588263,-0.006701182418258519,0.0009982381652912683,0.020307775335527967,True
1.9749999999999954,11,rear_left_wheel,0.059519216418266296,-0.3044385313987732,0.08417236059904099,0.049897171556949615,-0.006182469299124362,0.0017093533885063703,0.0010133005498568289,0.020307775335527967,True
1.9749999999999954,12,rear_right_wheel,0.059519216418266296,-0.3070422410964966,-0.33448827266693115,0.04985037446022034,-0.006235344850704664,-0.0067927126936888575,0.0010123502049300959,0.020307775335527967,True
1.9833333333333287,0,base_link,1.3484421968460083,-0.02775534614920616,-0.12197675555944443,0.1828160285949707,-0.012769800946164835,-0.05611959873170813,0.0841107973352703,0.4600843699630843,True
1.9833333333333287,1,front_left_upper,0.12063051015138626,0.20627833902835846,0.02942093089222908,0.20799188315868378,0.00849016118582284,0.001210929110097398,0.008560688541889452,0.04115876260112624,True
1.9833333333333287,2,front_right_upper,0.12198812514543533,0.20692908763885498,-0.2704780399799347,0.2082013636827469,0.00861279766457804,-0.011257830678326562,0.008665752308434853,0.041621976701552994,True
1.9833333333333287,3,rear_left_upper,0.12198812514543533,-0.261868953704834,0.026672368869185448,0.20632171630859375,-0.01089950348996266,0.0011101567156484643,0.008587517669220716,0.041621976701552994,True
1.9833333333333287,4,rear_right_upper,0.12198812514543533,-0.26094695925712585,-0.27322620153427124,0.2065487802028656,-0.010861128258541191,-0.011372214594513262,0.008596968517337863,0.041621976701552994,True
1.9833333333333287,5,front_left_bot,0.2142179161310196,0.25445687770843506,0.03520439937710762,0.10894583910703659,0.018598380531365383,0.002573107168059485,0.007962905900870476,0.07309050043707607,True
1.9833333333333287,6,front_right_bot,0.2146543711423874,0.2568891942501068,-0.27448737621307373,0.10933220386505127,0.018814414963676147,-0.02010329556071357,0.008007426931346904,0.07323941755743323,True
1.9833333333333287,7,rear_left_bot,0.2146543711423874,-0.3098432123661041,0.030152054503560066,0.10997138917446136,-0.02269273640781756,0.0022083189100007205,0.008054240491119368,0.07323941755743323,True
1.9833333333333287,8,rear_right_bot,0.2142179161310196,-0.31126806139945984,-0.2790236473083496,0.10995763540267944,-0.02275073837776504,-0.020393978015545485,0.008036858598459392,0.07309050043707607,True
1.9833333333333287,9,front_left_wheel,0.059519216418266296,0.24908125400543213,0.09066060930490494,0.04892783612012863,0.005058286146633891,0.0018411152855460856,0.0009936155035811026,0.020307775335527967,True
1.9833333333333287,10,front_right_wheel,0.059519216418266296,0.25277701020240784,-0.3299810588359833,0.04915514588356018,0.005133338733176959,-0.006701181207820784,0.0009982316591884424,0.020307775335527967,True
1.9833333333333287,11,rear_left_wheel,0.059519216418266296,-0.3044452667236328,0.0841723382472992,0.04989759251475334,-0.006182606078588423,0.0017093529345922197,0.0010133090985733327,0.020307775335527967,True
1.9833333333333287,12,rear_right_wheel,0.059519216418266296,-0.3070489764213562,-0.33448827266693115,0.04985085129737854,-0.0062354816301687255,-0.0067927126936888575,0.0010123598884319762,0.020307775335527967,True
1.991666666666662,0,base_link,1.3484421968460083,-0.027759335935115814,-0.12197671085596085,0.18281516432762146,-0.012771636584301365,-0.05611957816433405,0.08411039969937145,0.4600843699630843,True
1.991666666666662,1,front_left_upper,0.12063051015138626,0.2062743902206421,0.02942095696926117,0.20799115300178528,0.008489998657783484,0.001210930183395771,0.008560658489535005,0.04115876260112624,True
1.991666666666662,2,front_right_upper,0.12198812514543533,0.20692512392997742,-0.27047809958457947,0.20820094645023346,0.008612632687179487,-0.011257833159189698,0.008665734942392901,0.041621976701552994,True
1.991666666666662,3,rear_left_upper,0.12198812514543533,-0.26187288761138916,0.026672398671507835,0.2063218653202057,-0.010899667226929647,0.0011101579560800323,0.008587523871378556,0.041621976701552994,True
1.991666666666662,4,rear_right_upper,0.12198812514543533,-0.2609509229660034,-0.27322620153427124,0.2065490484237671,-0.010861293235939744,-0.011372214594513262,0.008596979681221976,0.041621976701552994,True
1.991666666666662,5,front_left_bot,0.2142179161310196,0.25445374846458435,0.035204410552978516,0.10894519835710526,0.018598151813366347,0.0025731079849094815,0.00796285906813734,0.07309050043707607,True
1.991666666666662,6,front_right_bot,0.2146543711423874,0.2568867802619934,-0.2744874656200409,0.10933202505111694,0.018814238164592732,-0.020103302108827773,0.008007413835118504,0.07323941755743323,True
1.991666666666662,7,rear_left_bot,0.2146543711423874,-0.3098488450050354,0.030152060091495514,0.10997191816568375,-0.022693148939012194,0.0022083193192578583,0.008054279234128388,0.07323941755743323,True
1.991666666666662,8,rear_right_bot,0.2142179161310196,-0.31127363443374634,-0.2790237069129944,0.10995833575725555,-0.022751145713629992,-0.0203939823720788,0.008036909787725845,0.07309050043707607,True
1.991666666666662,9,front_left_wheel,0.059519216418266296,0.24907860159873962,0.09066060930490494,0.048927146941423416,0.005058232282154681,0.0018411152855460856,0.0009936015078947909,0.020307775335527967,True
1.991666666666662,10,front_right_wheel,0.059519216418266296,0.2527755796909332,-0.32998114824295044,0.04915492236614227,0.005133309682671318,-0.006701183023477386,0.000998227120046936,0.020307775335527967,True
1.991666666666662,11,rear_left_wheel,0.059519216418266296,-0.3044518828392029,0.08417236804962158,0.04989798367023468,-0.006182740437177014,0.0017093535398110874,0.001013317042070969,0.020307775335527967,True
1.991666666666662,12,rear_right_wheel,0.059519216418266296,-0.3070555627346039,-0.3344883322715759,0.04985150694847107,-0.006235615383538448,-0.006792713904126593,0.0010123732032470618,0.020307775335527967,True
1.9999999999999953,0,base_link,1.3484421968460083,-0.02776334621012211,-0.12197679281234741,0.18281425535678864,-0.012773481649151016,-0.05611961587118653,0.08410998149609851,0.4600843699630843,True
1.9999999999999953,1,front_left_upper,0.12063051015138626,0.20627036690711975,0.02942088060081005,0.2079906016588211,0.008489833063177347,0.0012109270401648212,0.008560635796940832,0.04115876260112624,True
1.9999999999999953,2,front_right_upper,0.12198812514543533,0.20692116022109985,-0.27047809958457947,0.20820046961307526,0.008612467709780932,-0.011257833159189698,0.008665715095487811,0.041621976701552994,True
1.9999999999999953,3,rear_left_upper,0.12198812514543533,-0.2618768811225891,0.026672301813960075,0.20632196962833405,-0.010899833444759768,0.001110153924677436,0.008587528212889045,0.041621976701552994,True
1.9999999999999953,4,rear_right_upper,0.12198812514543533,-0.26095491647720337,-0.2732263207435608,0.20654897391796112,-0.010861459453769868,-0.011372219556239533,0.008596976580143056,0.041621976701552994,True
1.9999999999999953,5,front_left_bot,0.2142179161310196,0.25445061922073364,0.03520439937710762,0.1089448556303978,0.01859792309536731,0.002573107168059485,0.00796283401807078,0.07309050043707607,True
1.9999999999999953,6,front_right_bot,0.2146543711423874,0.25688448548316956,-0.2744874060153961,0.10933180153369904,0.01881407009632825,-0.020103297743418305,0.008007397464833001,0.07323941755743323,True
1.9999999999999953,7,rear_left_bot,0.2146543711423874,-0.3098543882369995,0.030151965096592903,0.10997244715690613,-0.022693554922092633,0.00220831236188652,0.008054317977137408,0.07323941755743323,True
1.9999999999999953,8,rear_right_bot,0.2142179161310196,-0.3112792372703552,-0.27902376651763916,0.10995868593454361,-0.022751555227761604,-0.020393986728612118,0.00803693538235907,0.07309050043707607,True
1.9999999999999953,9,front_left_wheel,0.059519216418266296,0.2490759789943695,0.09066060930490494,0.048926789313554764,0.005058179022894339,0.0018411152855460856,0.0009935942452683807,0.020307775335527967,True
1.9999999999999953,10,front_right_wheel,0.059519216418266296,0.2527742087841034,-0.3299810588359833,0.049154575914144516,0.0051332818426034115,-0.006701181207820784,0.000998220084377601,0.020307775335527967,True
1.9999999999999953,11,rear_left_wheel,0.059519216418266296,-0.30445846915245056,0.08417227119207382,0.04989846795797348,-0.006182874190546738,0.0017093515728497679,0.0010133268768775664,0.020307775335527967,True
1.9999999999999953,12,rear_right_wheel,0.059519216418266296,-0.30706217885017395,-0.3344883322715759,0.049851756542921066,-0.006235749742127039,-0.006792713904126593,0.0010123782719550774,0.020307775335527967,True
2.008333333333329,0,base_link,1.3484421968460083,-0.027767347171902657,-0.12197672575712204,0.18281343579292297,-0.012775322429131064,-0.056119585020125415,0.08410960442757373,0.4600843699630843,True
2.008333333333329,1,front_left_upper,0.12063051015138626,0.20626644790172577,0.02942095324397087,0.207989901304245,0.008489671761764704,0.001210930030067432,0.008560606971213096,0.04115876260112624,True
2.008333333333329,2,front_right_upper,0.12198812514543533,0.20691722631454468,-0.27047809958457947,0.2082001119852066,0.008612303972813947,-0.011257833159189698,0.008665700210308994,0.041621976701552994,True
2.008333333333329,3,rear_left_upper,0.12198812514543533,-0.26188090443611145,0.02667238935828209,0.20632211863994598,-0.010900000903021458,0.0011101575684451673,0.008587534415046885,0.041621976701552994,True
2.008333333333329,4,rear_right_upper,0.12198812514543533,-0.2609589099884033,-0.273226261138916,0.20654933154582977,-0.010861625671599989,-0.011372217075376398,0.008596991465321873,0.041621976701552994,True
2.008333333333329,5,front_left_bot,0.2142179161310196,0.2544475793838501,0.03520439565181732,0.10894428938627243,0.018597700912168242,0.002573106895776153,0.007962792631004287,0.07309050043707607,True
2.008333333333329,6,front_right_bot,0.2146543711423874,0.2568820118904114,-0.2744874954223633,0.10933162271976471,0.018813888931835367,-0.020103304291532505,0.008007384368604601,0.07323941755743323,True
2.008333333333329,7,rear_left_bot,0.2146543711423874,-0.3098600506782532,0.03015204519033432,0.10997296124696732,-0.022693969635992003,0.0022083182279054913,0.008054355628794061,0.07323941755743323,True
2.008333333333329,8,rear_right_bot,0.2142179161310196,-0.3112849295139313,-0.27902376651763916,0.10995946824550629,-0.02275197127669319,-0.020393986728612118,0.00803699256185883,0.07309050043707607,True
2.008333333333329,9,front_left_wheel,0.059519216418266296,0.24907350540161133,0.09066061675548553,0.04892607033252716,0.005058128789728334,0.0018411154368508024,0.0009935796443632015,0.020307775335527967,True
2.008333333333329,10,front_right_wheel,0.059519216418266296,0.2527727484703064,-0.3299812078475952,0.04915438964962959,0.005133252186878903,-0.0067011842339151214,0.000998216301759679,0.020307775335527967,True
2.008333333333329,11,rear_left_wheel,0.059519216418266296,-0.3044651448726654,0.0841723158955574,0.04989885538816452,-0.006183009759573063,0.001709352480678069,0.0010133347447228442,0.020307775335527967,True
2.008333333333329,12,rear_right_wheel,0.059519216418266296,-0.3070688843727112,-0.3344883918762207,0.049852512776851654,-0.0062358859163722325,-0.006792715114564327,0.0010123936293838407,0.020307775335527967,True
2.016666666666662,0,base_link,1.3484421968460083,-0.0277713555842638,-0.12197677791118622,0.18281251192092896,-0.012777166637006794,-0.05611960901539517,0.08410917936850944,0.4600843699630843,True
2.016666666666662,1,front_left_upper,0.12063051015138626,0.20626245439052582,0.02942090854048729,0.2079891413450241,0.00848950739378528,0.001210928190127364,0.008560575692231938,0.04115876260112624,True
2.016666666666662,2,front_right_upper,0.12198812514543533,0.2069132924079895,-0.2704780697822571,0.20819956064224243,0.008612140235846963,-0.01125783191875813,0.008665677262324985,0.041621976701552994,True
2.016666666666662,3,rear_left_upper,0.12198812514543533,-0.261884868144989,0.026672372594475746,0.20632223784923553,-0.010900165880420011,0.0011101568707024103,0.008587539376773158,0.041621976701552994,True
2.016666666666662,4,rear_right_upper,0.12198812514543533,-0.26096290349960327,-0.27322620153427124,0.20654943585395813,-0.01086179188943011,-0.011372214594513262,0.008596995806832361,0.041621976701552994,True
2.016666666666662,5,front_left_bot,0.2142179161310196,0.25444430112838745,0.03520432859659195,0.10894370079040527,0.01859746130283592,0.0025731019946761734,0.007962749610237801,0.07309050043707607,True
2.016666666666662,6,front_right_bot,0.2146543711423874,0.2568795680999756,-0.2744874656200409,0.10933126509189606,0.018813709950047216,-0.020103302108827773,0.008007358176147799,0.07323941755743323,True
2.016666666666662,7,rear_left_bot,0.2146543711423874,-0.30986571311950684,0.030151940882205963,0.10997352749109268,-0.022694384349891374,0.002208310588438924,0.008054397100184,0.07323941755743323,True
2.016666666666662,8,rear_right_bot,0.2142179161310196,-0.3112905025482178,-0.27902376651763916,0.10996000468730927,-0.02275237861255814,-0.020393986728612118,0.008037031770658665,0.07309050043707607,True
2.016666666666662,9,front_left_wheel,0.059519216418266296,0.24907076358795166,0.09066049009561539,0.04892546683549881,0.005058073109592521,0.0018411128646706155,0.0009935673886811343,0.020307775335527967,True
2.016666666666662,10,front_right_wheel,0.059519216418266296,0.25277119874954224,-0.3299811780452728,0.04915398731827736,0.005133220715497791,-0.006701183628696253,0.0009982081313049673,0.020307775335527967,True
2.016666666666662,11,rear_left_wheel,0.059519216418266296,-0.30447182059288025,0.08417217433452606,0.049899276345968246,-0.006183145328599389,0.0017093496058884483,0.001013343293439348,0.020307775335527967,True
2.016666666666662,12,rear_right_wheel,0.059519216418266296,-0.30707547068595886,-0.3344884216785431,0.04985295608639717,-0.006236019669741956,-0.006792715719783195,0.0010124026320144951,0.020307775335527967,True
2.0249999999999955,0,base_link,1.3484421968460083,-0.027775360271334648,-0.12197665870189667,0.18281176686286926,-0.012779009130934684,-0.05611955416906429,0.08410883657894146,0.4600843699630843,True
2.0249999999999955,1,front_left_upper,0.12063051015138626,0.20625847578048706,0.029420996084809303,0.2079887092113495,0.008489343639119214,0.0012109317933433306,0.008560557906144612,0.04115876260112624,True
2.0249999999999955,2,front_right_upper,0.12198812514543533,0.20690934360027313,-0.2704779803752899,0.2081993669271469,0.008611975878664193,-0.011257828197463425,0.008665669199519792,0.041621976701552994,True
2.0249999999999955,3,rear_left_upper,0.12198812514543533,-0.2618888318538666,0.026672448962926865,0.20632238686084747,-0.010900330857818566,0.0011101600493083033,0.008587545578930997,0.041621976701552994,True
2.0249999999999955,4,rear_right_upper,0.12198812514543533,-0.26096683740615845,-0.27322614192962646,0.20654959976673126,-0.010861955626397097,-0.011372212113650125,0.008597002629205985,0.041621976701552994,True
2.0249999999999955,5,front_left_bot,0.2142179161310196,0.2544412612915039,0.03520437702536583,0.1089434027671814,0.018597239119636854,0.002573105534359492,0.007962727827571226,0.07309050043707607,True
2.0249999999999955,6,front_right_bot,0.2146543711423874,0.25687724351882935,-0.27448737621307373,0.10933130234479904,0.018813539699078,-0.02010329556071357,0.008007360904528716,0.07323941755743323,True
2.0249999999999955,7,rear_left_bot,0.2146543711423874,-0.30987122654914856,0.030152037739753723,0.10997401177883148,-0.02269478815026708,0.002208317682229308,0.00805443256913592,0.07323941755743323,True
2.0249999999999955,8,rear_right_bot,0.2142179161310196,-0.3112959861755371,-0.2790237367153168,0.10996051877737045,-0.022752779413623123,-0.020393984550345457,0.008037069345758506,0.07309050043707607,True
2.0249999999999955,9,front_left_wheel,0.059519216418266296,0.2490682303905487,0.09066055715084076,0.04892513528466225,0.005058021665988782,0.0018411142264130676,0.000993560655621233,0.020307775335527967,True
2.0249999999999955,10,front_right_wheel,0.059519216418266296,0.2527698576450348,-0.32998108863830566,0.04915396124124527,0.005133193480648752,-0.006701181813039651,0.0009982076017384582,0.020307775335527967,True
2.0249999999999955,11,rear_left_wheel,0.059519216418266296,-0.3044782876968384,0.08417226374149323,0.049899667501449585,-0.006183276661093642,0.001709351421545051,0.0010133512369369841,0.020307775335527967,True
2.0249999999999955,12,rear_right_wheel,0.059519216418266296,-0.3070819079875946,-0.3344883918762207,0.04985346645116806,-0.006236150397017342,-0.006792715114564327,0.0010124129963876016,0.020307775335527967,True
2.0333333333333288,0,base_link,1.3484421968460083,-0.02777942270040512,-0.12197673320770264,0.1828109323978424,-0.012780878191054092,-0.05611958844802109,0.08410845265462533,0.4600843699630843,True
2.0333333333333288,1,front_left_upper,0.12063051015138626,0.2062544822692871,0.0294210072606802,0.20798803865909576,0.008489179271139789,0.0012109322533283477,0.008560530307043589,0.04115876260112624,True
2.0333333333333288,2,front_right_upper,0.12198812514543533,0.20690535008907318,-0.2704780101776123,0.20819881558418274,0.00861180966083407,-0.011257829437894993,0.008665646251535783,0.041621976701552994,True
2.0333333333333288,3,rear_left_upper,0.12198812514543533,-0.26189297437667847,0.026672380045056343,0.2063225656747818,-0.010900503277806527,0.0011101571808103021,0.008587553021520406,0.041621976701552994,True
2.0333333333333288,4,rear_right_upper,0.12198812514543533,-0.2609708607196808,-0.273226261138916,0.20654968917369843,-0.010862123084658786,-0.011372217075376398,0.00859700635050069,0.041621976701552994,True
2.0333333333333288,5,front_left_bot,0.2142179161310196,0.2544381022453308,0.0352044440805912,0.10894284397363663,0.018597008223371157,0.0025731104354594714,0.007962686985071398,0.07309050043707607,True
2.0333333333333288,6,front_right_bot,0.2146543711423874,0.2568747103214264,-0.27448734641075134,0.10933099687099457,0.01881335416917565,-0.020103293378008837,0.008007338531805196,0.07323941755743323,True
2.0333333333333288,7,rear_left_bot,0.2146543711423874,-0.3098769187927246,0.030151983723044395,0.10997457057237625,-0.022695205046871184,0.0022083137260769784,0.008054473494849673,0.07323941755743323,True
2.0333333333333288,8,rear_right_bot,0.2142179161310196,-0.31130164861679077,-0.27902379631996155,0.10996105521917343,-0.022753193284288046,-0.020393988906878775,0.008037108554558341,0.07309050043707607,True
2.0333333333333288,9,front_left_wheel,0.059519216418266296,0.2490655928850174,0.09066064655780792,0.04892450198531151,0.0050579681041190054,0.00184111604206967,0.000993547794720298,0.020307775335527967,True
2.0333333333333288,10,front_right_wheel,0.059519216418266296,0.25276824831962585,-0.3299810290336609,0.04915354773402214,0.005133160798829906,-0.0067011806026019164,0.0009981992043266714,0.020307775335527967,True
2.0333333333333288,11,rear_left_wheel,0.059519216418266296,-0.3044849932193756,0.08417224138975143,0.04990015923976898,-0.0061834128353388355,0.0017093509676309004,0.0010133612230482985,0.020307775335527967,True
2.0333333333333288,12,rear_right_wheel,0.059519216418266296,-0.30708858370780945,-0.3344884216785431,0.049853887408971786,-0.006236285966043668,-0.006792715719783195,0.0010124215451041054,0.020307775335527967,True
2.041666666666662,0,base_link,1.3484421968460083,-0.027783434838056564,-0.12197677791118622,0.18281009793281555,-0.012782724112877663,-0.05611960901539517,0.08410806873030918,0.4600843699630843,True
2.041666666666662,1,front_left_upper,0.12063051015138626,0.20625048875808716,0.02942090481519699,0.207987442612648,0.008489014903160366,0.0012109280367990248,0.008560505774509347,0.04115876260112624,True
2.041666666666662,2,front_right_upper,0.12198812514543533,0.20690137147903442,-0.2704780697822571,0.20819836854934692,0.008611644063219733,-0.01125783191875813,0.008665627645062263,0.041621976701552994,True
2.041666666666662,3,rear_left_upper,0.12198812514543533,-0.26189690828323364,0.02667228691279888,0.20632275938987732,-0.010900667014773513,0.001110153304461652,0.008587561084325599,0.041621976701552994,True
2.041666666666662,4,rear_right_upper,0.12198812514543533,-0.2609748840332031,-0.2732263207435608,0.20654982328414917,-0.010862290542920476,-0.011372219556239533,0.008597011932442746,0.041621976701552994,True
2.041666666666662,5,front_left_bot,0.2142179161310196,0.2544349133968353,0.03520437330007553,0.108942411839962,0.018596775148838805,0.00257310526207616,0.007962655400204865,0.07309050043707607,True
2.041666666666662,6,front_right_bot,0.2146543711423874,0.25687217712402344,-0.2744874060153961,0.1093306839466095,0.0188131686392733,-0.020103297743418305,0.008007315613405494,0.07323941755743323,True
2.041666666666662,7,rear_left_bot,0.2146543711423874,-0.30988240242004395,0.030151935294270515,0.10997514426708221,-0.022695606664542154,0.0022083101791817864,0.008054515511915793,0.07323941755743323,True
2.041666666666662,8,rear_right_bot,0.2142179161310196,-0.31130725145339966,-0.2790238559246063,0.1099616214632988,-0.022753602798419658,-0.02039399326341209,0.008037149941624834,0.07309050043707607,True
2.041666666666662,9,front_left_wheel,0.059519216418266296,0.24906288087368011,0.09066058695316315,0.04892406985163689,0.005057913029202061,0.001841114831631935,0.000993539019046719,0.020307775335527967,True
2.041666666666662,10,front_right_wheel,0.059519216418266296,0.2527666687965393,-0.32998108863830566,0.04915321618318558,0.005133128722229927,-0.006701181813039651,0.0009981924712667701,0.020307775335527967,True
2.041666666666662,11,rear_left_wheel,0.059519216418266296,-0.3044915199279785,0.08417217433452606,0.04990067705512047,-0.006183545378270824,0.0017093496058884483,0.0010133717387261216,0.020307775335527967,True
2.041666666666662,12,rear_right_wheel,0.059519216418266296,-0.30709514021873474,-0.33448848128318787,0.04985439032316208,-0.006236419114194524,-0.00679271693022093,0.0010124317581724949,0.020307775335527967,True
2.0499999999999954,0,base_link,1.3484421968460083,-0.027787482365965843,-0.12197676301002502,0.1828092634677887,-0.01278458631720571,-0.056119602159603814,0.08410768480599305,0.4600843699630843,True
2.0499999999999954,1,front_left_upper,0.12063051015138626,0.20624655485153198,0.02942097932100296,0.20798666775226593,0.008488852988434367,0.0012109311033658052,0.008560473882214831,0.04115876260112624,True
2.0499999999999954,2,front_right_upper,0.12198812514543533,0.20689740777015686,-0.2704780101776123,0.2081979513168335,0.008611479085821178,-0.011257829437894993,0.00866561027902031,0.041621976701552994,True
2.0499999999999954,3,rear_left_upper,0.12198812514543533,-0.26190096139907837,0.026672344654798508,0.20632284879684448,-0.010900835713466771,0.0011101557077978152,0.008587564805620304,0.041621976701552994,True
2.0499999999999954,4,rear_right_upper,0.12198812514543533,-0.2609788775444031,-0.27322620153427124,0.20655009150505066,-0.010862456760750597,-0.011372214594513262,0.008597023096326858,0.041621976701552994,True
2.0499999999999954,5,front_left_bot,0.2142179161310196,0.2544317841529846,0.03520439565181732,0.10894171893596649,0.018596546430839765,0.002573106895776153,0.007962604755505077,0.07309050043707607,True
2.0499999999999954,6,front_right_bot,0.2146543711423874,0.25686976313591003,-0.27448737621307373,0.10933049023151398,0.018812991840189884,-0.02010329556071357,0.008007301425824726,0.07323941755743323,True
2.0499999999999954,7,rear_left_bot,0.2146543711423874,-0.30988800525665283,0.030151918530464172,0.10997561365365982,-0.02269601701303206,0.002208308951410374,0.008054549889515346,0.07323941755743323,True
2.0499999999999954,8,rear_right_bot,0.2142179161310196,-0.31131279468536377,-0.27902382612228394,0.1099623590707779,-0.022754007956017952,-0.020393991085145433,0.008037203853724608,0.07309050043707607,True
2.0499999999999954,9,front_left_wheel,0.059519216418266296,0.24906025826931,0.09066055715084076,0.0489233136177063,0.0050578597699417185,0.0018411142264130676,0.0009935236616179554,0.020307775335527967,True
2.0499999999999954,10,front_right_wheel,0.059519216418266296,0.25276511907577515,-0.32998108863830566,0.04915295168757439,0.005133097250848815,-0.006701181813039651,0.0009981870999493207,0.020307775335527967,True
2.0499999999999954,11,rear_left_wheel,0.059519216418266296,-0.3044980466365814,0.08417214453220367,0.049901027232408524,-0.006183677921202812,0.001709349000669581,0.0010133788500478152,0.020307775335527967,True
2.0499999999999954,12,rear_right_wheel,0.059519216418266296,-0.3071017563343048,-0.3344884514808655,0.04985504969954491,-0.0062365534727831145,-0.0067927163250020624,0.001012445148639939,0.020307775335527967,True
2.0583333333333287,0,base_link,1.3484421968460083,-0.027791544795036316,-0.12197676301002502,0.18280847370624542,-0.01278645537732512,-0.056119602159603814,0.08410732144905099,0.4600843699630843,True
2.0583333333333287,1,front_left_upper,0.12063051015138626,0.20624247193336487,0.029420964419841766,0.20798617601394653,0.008488684940574807,0.0012109304900524492,0.008560453642874083,0.04115876260112624,True
2.0583333333333287,2,front_right_upper,0.12198812514543533,0.20689332485198975,-0.2704780399799347,0.20819760859012604,0.008611309146696352,-0.011257830678326562,0.008665596014057276,0.041621976701552994,True
2.0583333333333287,3,rear_left_upper,0.12198812514543533,-0.2619050145149231,0.026672299951314926,0.20632301270961761,-0.010901004412160029,0.001110153847150463,0.008587571627993928,0.041621976701552994,True
2.0583333333333287,4,rear_right_upper,0.12198812514543533,-0.2609829604625702,-0.2732262909412384,0.20655010640621185,-0.010862626699875423,-0.011372218315807966,0.008597023716542642,0.041621976701552994,True
2.0583333333333287,5,front_left_bot,0.2142179161310196,0.25442856550216675,0.0352044403553009,0.10894135385751724,0.018596311178040757,0.0025731101631761392,0.007962578071738523,0.07309050043707607,True
2.0583333333333287,6,front_right_bot,0.2146543711423874,0.2568671703338623,-0.27448737621307373,0.10933034121990204,0.018812801944878065,-0.02010329556071357,0.00800729051230106,0.07323941755743323,True
2.0583333333333287,7,rear_left_bot,0.2146543711423874,-0.30989357829093933,0.03015192598104477,0.10997611284255981,-0.02269642517881723,0.002208309497086557,0.008054586449819634,0.07323941755743323,True
2.0583333333333287,8,rear_right_bot,0.2142179161310196,-0.31131836771965027,-0.2790238559246063,0.10996267944574356,-0.022754415291882907,-0.02039399326341209,0.008037227270091176,0.07309050043707607,True
2.0583333333333287,9,front_left_wheel,0.059519216418266296,0.24905748665332794,0.09066065400838852,0.04892292991280556,0.0050578034845870385,0.0018411161933743869,0.000993515869425036,0.020307775335527967,True
2.0583333333333287,10,front_right_wheel,0.059519216418266296,0.2527635097503662,-0.3299810588359833,0.049152739346027374,0.0051330645690299695,-0.006701181207820784,0.0009981827877648896,0.020307775335527967,True
2.0583333333333287,11,rear_left_wheel,0.059519216418266296,-0.3045045733451843,0.08417218178510666,0.049901463091373444,-0.0061838104641348006,0.0017093497571931654,0.0010133877013737526,0.020307775335527967,True
2.0583333333333287,12,rear_right_wheel,0.059519216418266296,-0.30710816383361816,-0.33448848128318787,0.04985535144805908,-0.006236683594839632,-0.00679271693022093,0.0010124512764809726,0.020307775335527967,True
2.066666666666662,0,base_link,1.3484421968460083,-0.027795571833848953,-0.1219768077135086,0.18280762434005737,-0.012788308154940049,-0.05611962272697789,0.0841069306689435,0.4600843699630843,True
2.066666666666662,1,front_left_upper,0.12063051015138626,0.2062385082244873,0.029420919716358185,0.20798537135124207,0.008488521799222095,0.0012109286501123808,0.008560420523952854,0.04115876260112624,True
2.066666666666662,2,front_right_upper,0.12198812514543533,0.20688936114311218,-0.2704780697822571,0.20819714665412903,0.0086111441692978,-0.01125783191875813,0.00866557678736797,0.041621976701552994,True
2.066666666666662,3,rear_left_upper,0.12198812514543533,-0.26190900802612305,0.02667231485247612,0.20632308721542358,-0.01090117062999015,0.001110154467366247,0.008587574729072848,0.041621976701552994,True
2.066666666666662,4,rear_right_upper,0.12198812514543533,-0.2609870135784149,-0.273226261138916,0.20655038952827454,-0.010862795398568681,-0.011372217075376398,0.008597035500642539,0.041621976701552994,True
2.066666666666662,5,front_left_bot,0.2142179161310196,0.2544252872467041,0.03520433232188225,0.10894070565700531,0.01859607156870843,0.0025731022669595056,0.007962530694438722,0.07309050043707607,True
2.066666666666662,6,front_right_bot,0.2146543711423874,0.25686460733413696,-0.2744874656200409,0.10933012515306473,0.018812614232270982,-0.020103302108827773,0.00800727468769174,0.07323941755743323,True
2.066666666666662,7,rear_left_bot,0.2146543711423874,-0.30989912152290344,0.030151868239045143,0.10997660458087921,-0.022696831161897666,0.0022083052680961363,0.008054622464447736,0.07323941755743323,True
2.066666666666662,8,rear_right_bot,0.2142179161310196,-0.31132400035858154,-0.2790238857269287,0.10996341705322266,-0.022754826984281176,-0.020393995441678747,0.008037281182190948,0.07309050043707607,True
2.066666666666662,9,front_left_wheel,0.059519216418266296,0.24905472993850708,0.09066051989793777,0.04892216995358467,0.0050577475018417925,0.0018411134698894831,0.0009935004363439142,0.020307775335527967,True
2.066666666666662,10,front_right_wheel,0.059519216418266296,0.2527617812156677,-0.3299811780452728,0.049152445048093796,0.005133029466335653,-0.006701183628696253,0.000998176811228573,0.020307775335527967,True
2.066666666666662,11,rear_left_wheel,0.059519216418266296,-0.30451107025146484,0.0841720774769783,0.04990183562040329,-0.006183942401847922,0.0017093476389271288,0.0010133952666095969,0.020307775335527967,True
2.066666666666662,12,rear_right_wheel,0.059519216418266296,-0.307114839553833,-0.33448857069015503,0.04985605180263519,-0.006236819163865958,-0.006792718745877532,0.0010124654991243596,0.020307775335527967,True
2.0749999999999953,0,base_link,1.3484421968460083,-0.027799587696790695,-0.12197675555944443,0.18280673027038574,-0.012790155790711457,-0.05611959873170813,0.08410651932146192,0.4600843699630843,True
2.0749999999999953,1,front_left_upper,0.12063051015138626,0.20623451471328735,0.02942090667784214,0.20798470079898834,0.00848835743124267,0.0012109281134631944,0.008560392924851832,0.04115876260112624,True
2.0749999999999953,2,front_right_upper,0.12198812514543533,0.2068854123353958,-0.2704780697822571,0.20819664001464844,0.00861097981211503,-0.01125783191875813,0.008665555700031314,0.041621976701552994,True
2.0749999999999953,3,rear_left_upper,0.12198812514543533,-0.261913001537323,0.02667239122092724,0.20632320642471313,-0.010901336847820272,0.0011101576459721402,0.008587579690799119,0.041621976701552994,True
2.0749999999999953,4,rear_right_upper,0.12198812514543533,-0.2609909772872925,-0.27322623133659363,0.20655052363872528,-0.010862960375967234,-0.01137221583494483,0.008597041082584595,0.041621976701552994,True
2.0749999999999953,5,front_left_bot,0.2142179161310196,0.2544221580028534,0.03520430251955986,0.10894019901752472,0.018595842850709393,0.0025731000886928482,0.007962493663905544,0.07309050043707607,True
2.0749999999999953,6,front_right_bot,0.2146543711423874,0.2568621039390564,-0.2744874358177185,0.10932978987693787,0.018812430885073363,-0.020103299926123037,0.008007250132263489,0.07323941755743323,True
2.0749999999999953,7,rear_left_bot,0.2146543711423874,-0.30990463495254517,0.030151935294270515,0.10997709631919861,-0.022697234962273372,0.0022083101791817864,0.008054658479075839,0.07323941755743323,True
2.0749999999999953,8,rear_right_bot,0.2142179161310196,-0.31132951378822327,-0.2790238559246063,0.10996396094560623,-0.022755229963612813,-0.02039399326341209,0.008037320935557448,0.07309050043707607,True
2.0749999999999953,9,front_left_wheel,0.059519216418266296,0.24905210733413696,0.09066049009561539,0.0489216074347496,0.00505769424258145,0.0018411128646706155,0.0009934890128377896,0.020307775335527967,True
2.0749999999999953,10,front_right_wheel,0.059519216418266296,0.2527602016925812,-0.32998114824295044,0.049152109771966934,0.005132997389735674,-0.006701183023477386,0.0009981700025163132,0.020307775335527967,True
2.0749999999999953,11,rear_left_wheel,0.059519216418266296,-0.30451756715774536,0.08417212963104248,0.04990224540233612,-0.006184074339561042,0.001709348698060147,0.0010134035883690253,0.020307775335527967,True
2.0749999999999953,12,rear_right_wheel,0.059519216418266296,-0.30712127685546875,-0.33448857069015503,0.049856528639793396,-0.006236949891141344,-0.006792718745877532,0.00101247518262624,0.020307775335527967,True
2.0833333333333286,0,base_link,1.3484421968460083,-0.027803678065538406,-0.12197678536176682,0.18280594050884247,-0.012792037705439664,-0.05611961244329085,0.08410615596451985,0.4600843699630843,True
2.0833333333333286,1,front_left_upper,0.12063051015138626,0.20623046159744263,0.029420994222164154,0.20798413455486298,0.008488190610009824,0.0012109317166791613,0.008560369618944302,0.04115876260112624,True
2.0833333333333286,2,front_right_upper,0.12198812514543533,0.20688143372535706,-0.2704780101776123,0.20819619297981262,0.008610814214500691,-0.011257829437894993,0.008665537093557793,0.041621976701552994,True
2.0833333333333286,3,rear_left_upper,0.12198812514543533,-0.2619171142578125,0.02667231485247612,0.20632335543632507,-0.010901508027376666,0.001110154467366247,0.00858758589295696,0.041621976701552994,True
2.0833333333333286,4,rear_right_upper,0.12198812514543533,-0.2609950304031372,-0.2732262909412384,0.20655061304569244,-0.010863129074660494,-0.011372218315807966,0.0085970448038793,0.041621976701552994,True
2.0833333333333286,5,front_left_bot,0.2142179161310196,0.25441884994506836,0.03520442545413971,0.1089397445321083,0.01859560106311041,0.00257310907404281,0.007962460445339017,0.07309050043707607,True
2.0833333333333286,6,front_right_bot,0.2146543711423874,0.25685957074165344,-0.27448737621307373,0.10932953655719757,0.018812245355171016,-0.02010329556071357,0.008007231579273253,0.07323941755743323,True
2.0833333333333286,7,rear_left_bot,0.2146543711423874,-0.30991026759147644,0.030151868239045143,0.10997763276100159,-0.022697647493468007,0.0022083052680961363,0.008054697767761044,0.07323941755743323,True
2.0833333333333286,8,rear_right_bot,0.2142179161310196,-0.3113350570201874,-0.2790239155292511,0.10996447503566742,-0.02275563512121111,-0.020393997619945405,0.00803735851065729,0.07309050043707607,True
2.0833333333333286,9,front_left_wheel,0.059519216418266296,0.2490493208169937,0.09066059440374374,0.048921141773462296,0.005057637654617336,0.0018411149829366518,0.0009934795562929844,0.020307775335527967,True
2.0833333333333286,10,front_right_wheel,0.059519216418266296,0.2527585029602051,-0.32998108863830566,0.04915174841880798,0.0051329628922602245,-0.006701181813039651,0.0009981626642375444,0.020307775335527967,True
2.0833333333333286,11,rear_left_wheel,0.059519216418266296,-0.30452415347099304,0.0841720774769783,0.049902696162462234,-0.006184208092930766,0.0017093476389271288,0.0010134127423043965,0.020307775335527967,True
2.0833333333333286,12,rear_right_wheel,0.059519216418266296,-0.30712777376174927,-0.3344886302947998,0.049856968224048615,-0.0062370818288544645,-0.0067927199563152674,0.0010124841096045359,0.020307775335527967,True
2.091666666666662,0,base_link,1.3484421968460083,-0.02780774235725403,-0.12197673320770264,0.18280506134033203,-0.012793907622532992,-0.05611958844802109,0.08410575147282964,0.4600843699630843,True
2.091666666666662,1,front_left_upper,0.12063051015138626,0.20622646808624268,0.0294210035353899,0.2079833298921585,0.008488026242030398,0.0012109321000000088,0.008560336500023075,0.04115876260112624,True
2.091666666666662,2,front_right_upper,0.12198812514543533,0.20687738060951233,-0.2704780101776123,0.2081957459449768,0.008610645515807433,-0.011257829437894993,0.008665518487084271,0.041621976701552994,True
2.091666666666662,3,rear_left_upper,0.12198812514543533,-0.26192113757133484,0.02667238377034664,0.20632344484329224,-0.010901675485638355,0.0011101573358642482,0.008587589614251665,0.041621976701552994,True
2.091666666666662,4,rear_right_upper,0.12198812514543533,-0.26099908351898193,-0.27322620153427124,0.20655077695846558,-0.010863297773353752,-0.011372214594513262,0.008597051626252924,0.041621976701552994,True
2.091666666666662,5,front_left_bot,0.2142179161310196,0.2544155418872833,0.03520438075065613,0.10893905162811279,0.01859535927551143,0.002573105806642824,0.00796240980063923,0.07309050043707607,True
2.091666666666662,6,front_right_bot,0.2146543711423874,0.2568569481372833,-0.27448737621307373,0.10932928323745728,0.018812053277154465,-0.02010329556071357,0.008007213026283018,0.07323941755743323,True
2.091666666666662,7,rear_left_bot,0.2146543711423874,-0.3099157214164734,0.030151886865496635,0.10997810959815979,-0.022698046928434246,0.0022083066322865943,0.00805473269103678,0.07323941755743323,True
2.091666666666662,8,rear_right_bot,0.2142179161310196,-0.3113406002521515,-0.2790238857269287,0.10996503382921219,-0.022756040278809404,-0.020393995441678747,0.008037399353157119,0.07309050043707607,True
2.091666666666662,9,front_left_wheel,0.059519216418266296,0.2490464150905609,0.09066052734851837,0.0489203967154026,0.0050575786457777525,0.0018411136211942,0.0009934644258212963,0.020307775335527967,True
2.091666666666662,10,front_right_wheel,0.059519216418266296,0.2527567744255066,-0.32998111844062805,0.0491514652967453,0.005132927789565908,-0.006701182418258519,0.000998156914658303,0.020307775335527967,True
2.091666666666662,11,rear_left_wheel,0.059519216418266296,-0.30453047156333923,0.0841720774769783,0.049903031438589096,-0.006184336399330681,0.0017093476389271288,0.0010134195510166563,0.020307775335527967,True
2.091666666666662,12,rear_right_wheel,0.059519216418266296,-0.3071343004703522,-0.3344886302947998,0.04985746368765831,-0.006237214371786453,-0.0067927199563152674,0.0010124941713682085,0.020307775335527967,True
2.099999999999995,0,base_link,1.3484421968460083,-0.0278118047863245,-0.12197677791118622,0.18280433118343353,-0.012795776682652402,-0.05611960901539517,0.08410541553905303,0.4600843699630843,True
2.099999999999995,1,front_left_upper,0.12063051015138626,0.20622244477272034,0.02942103147506714,0.20798279345035553,0.008487860647424263,0.0012109332499625513,0.008560314420742256,0.04115876260112624,True
2.099999999999995,2,front_right_upper,0.12198812514543533,0.2068733274936676,-0.2704779803752899,0.2081952840089798,0.008610476817114176,-0.011257828197463425,0.008665499260394966,0.041621976701552994,True
2.099999999999995,3,rear_left_upper,0.12198812514543533,-0.2619251608848572,0.026672322303056717,0.20632369816303253,-0.010901842943900047,0.001110154777474139,0.008587600157919994,0.041621976701552994,True
2.099999999999995,4,rear_right_upper,0.12198812514543533,-0.2610030770301819,-0.273226261138916,0.2065509706735611,-0.010863463991183873,-0.011372217075376398,0.008597059689058117,0.041621976701552994,True
2.099999999999995,5,front_left_bot,0.2142179161310196,0.25441238284111023,0.0352044478058815,0.10893862694501877,0.01859512837924573,0.0025731107077428036,0.007962378760339362,0.07309050043707607,True
2.099999999999995,6,front_right_bot,0.2146543711423874,0.25685426592826843,-0.27448737621307373,0.10932902991771698,0.018811856833728446,-0.02010329556071357,0.008007194473292784,0.07323941755743323,True
2.099999999999995,7,rear_left_bot,0.2146543711423874,-0.3099213242530823,0.030151838436722755,0.10997875779867172,-0.02269845727692415,0.0022083030853914027,0.008054780164864734,0.07323941755743323,True
2.099999999999995,8,rear_right_bot,0.2142179161310196,-0.3113461434841156,-0.2790238857269287,0.10996565222740173,-0.022756445436407702,-0.020393995441678747,0.008037444552190262,0.07309050043707607,True
2.099999999999995,9,front_left_wheel,0.059519216418266296,0.24904373288154602,0.09066058695316315,0.04891996085643768,0.005057524176079675,0.001841114831631935,0.0009934555744953587,0.020307775335527967,True
2.099999999999995,10,front_right_wheel,0.059519216418266296,0.25275498628616333,-0.32998108863830566,0.04915112629532814,0.0051328914764338564,-0.006701181813039651,0.0009981500302936848,0.020307775335527967,True
2.099999999999995,11,rear_left_wheel,0.059519216418266296,-0.3045370280742645,0.08417204022407532,0.04990362748503685,-0.006184469547481536,0.0017093468824035446,0.0010134316553940068,0.020307775335527967,True
2.099999999999995,12,rear_right_wheel,0.059519216418266296,-0.3071407377719879,-0.3344886004924774,0.049858007580041885,-0.006237345099061839,-0.0067927193510964,0.001012505216612541,0.020307775335527967,True
2.1083333333333285,0,base_link,1.3484421968460083,-0.02781587280333042,-0.12197674065828323,0.1828034222126007,-0.01279764831369357,-0.05611959187591677,0.08410499733578009,0.4600843699630843,True
2.1083333333333285,1,front_left_upper,0.12063051015138626,0.2062183916568756,0.02942100167274475,0.20798200368881226,0.008487693826191415,0.0012109320233358392,0.008560281915134386,0.04115876260112624,True
2.1083333333333285,2,front_right_upper,0.12198812514543533,0.20686933398246765,-0.27047795057296753,0.20819474756717682,0.008610310599284054,-0.011257826957031859,0.008665476932626742,0.041621976701552994,True
2.1083333333333285,3,rear_left_upper,0.12198812514543533,-0.26192915439605713,0.026672350242733955,0.2063237577676773,-0.010902009161730168,0.0011101559403787341,0.008587602638783129,0.041621976701552994,True
2.1083333333333285,4,rear_right_upper,0.12198812514543533,-0.261007159948349,-0.273226261138916,0.20655113458633423,-0.0108636339303087,-0.011372217075376398,0.008597066511431741,0.041621976701552994,True
2.1083333333333285,5,front_left_bot,0.2142179161310196,0.2544091045856476,0.03520434349775314,0.10893800109624863,0.018594888769913408,0.002573103083809502,0.007962333016739554,0.07309050043707607,True
2.1083333333333285,6,front_right_bot,0.2146543711423874,0.2568517029285431,-0.27448737621307373,0.10932864993810654,0.018811669121121363,-0.02010329556071357,0.00800716664380743,0.07323941755743323,True
2.1083333333333285,7,rear_left_bot,0.2146543711423874,-0.3099268078804016,0.03015185333788395,0.10997918993234634,-0.02269885889459512,0.0022083041767437693,0.00805481181408337,0.07323941755743323,True
2.1083333333333285,8,rear_right_bot,0.2142179161310196,-0.3113516867160797,-0.2790239453315735,0.1099662110209465,-0.022756850594005996,-0.020393999798212062,0.00803748539469009,0.07309050043707607,True
2.1083333333333285,9,front_left_wheel,0.059519216418266296,0.24904091656208038,0.09066048264503479,0.04891923442482948,0.005057466982896694,0.0018411127133658987,0.0009934408222854628,0.020307775335527967,True
2.1083333333333285,10,front_right_wheel,0.059519216418266296,0.25275322794914246,-0.32998114824295044,0.04915069788694382,0.005132855768520673,-0.006701183023477386,0.000998141330272464,0.020307775335527967,True
2.1083333333333285,11,rear_left_wheel,0.059519216418266296,-0.3045434355735779,0.08417201787233353,0.04990395903587341,-0.006184599669538055,0.001709346428489394,0.0010134383884539081,0.020307775335527967,True
2.1083333333333285,12,rear_right_wheel,0.059519216418266296,-0.30714720487594604,-0.3344886898994446,0.049858540296554565,-0.006237476431556092,-0.006792721166753003,0.0010125160348997979,0.020307775335527967,True
2.116666666666662,0,base_link,1.3484421968460083,-0.027819974347949028,-0.12197675555944443,0.18280267715454102,-0.012799535370265297,-0.05611959873170813,0.0841046545462121,0.4600843699630843,True
2.116666666666662,1,front_left_upper,0.12063051015138626,0.2062142789363861,0.02942103147506714,0.20798148214817047,0.008487524551705143,0.0012109332499625513,0.008560260449166924,0.04115876260112624,True
2.116666666666662,2,front_right_upper,0.12198812514543533,0.20686526596546173,-0.27047792077064514,0.20819449424743652,0.008610141280375013,-0.01125782571660029,0.008665466388958412,0.041621976701552994,True
2.116666666666662,3,rear_left_upper,0.12198812514543533,-0.2619333267211914,0.026672378182411194,0.20632371306419373,-0.010902182822149697,0.0011101571032833292,0.008587600778135777,0.041621976701552994,True
2.116666666666662,4,rear_right_upper,0.12198812514543533,-0.2610112428665161,-0.27322623133659363,0.206551194190979,-0.010863803869433525,-0.01137221583494483,0.008597068992294878,0.041621976701552994,True
2.116666666666662,5,front_left_bot,0.2142179161310196,0.254405677318573,0.03520437702536583,0.1089375764131546,0.018594638269247794,0.002573105534359492,0.007962301976439684,0.07309050043707607,True
2.116666666666662,6,front_right_bot,0.2146543711423874,0.2568489909172058,-0.27448737621307373,0.10932864248752594,0.01881147049499061,-0.02010329556071357,0.008007166098131248,0.07323941755743323,True
2.116666666666662,7,rear_left_bot,0.2146543711423874,-0.30993223190307617,0.030151842162013054,0.10997945070266724,-0.02269925614685662,0.0022083033582294942,0.008054830912749788,0.07323941755743323,True
2.116666666666662,8,rear_right_bot,0.2142179161310196,-0.3113572597503662,-0.2790239453315735,0.10996662825345993,-0.02275725792987095,-0.020393999798212062,0.008037515890423294,0.07309050043707607,True
2.116666666666662,9,front_left_wheel,0.059519216418266296,0.2490379810333252,0.09066051244735718,0.04891876131296158,0.005057407368838243,0.0018411133185847661,0.0009934312144359407,0.020307775335527967,True
2.116666666666662,10,front_right_wheel,0.059519216418266296,0.2527513802051544,-0.32998111844062805,0.04915064573287964,0.005132818244950886,-0.006701182418258519,0.000998140271139446,0.020307775335527967,True
2.116666666666662,11,rear_left_wheel,0.059519216418266296,-0.3045497238636017,0.08417199552059174,0.04990413784980774,-0.006184727370719103,0.0017093459745752431,0.0010134420197671131,0.020307775335527967,True
2.116666666666662,12,rear_right_wheel,0.059519216418266296,-0.30715370178222656,-0.3344886898994446,0.04985890910029411,-0.006237608369269213,-0.006792721166753003,0.0010125235244832836,0.020307775335527967,True
2.124999999999995,0,base_link,1.3484421968460083,-0.02782401442527771,-0.12197674065828323,0.18280181288719177,-0.012801394146697665,-0.05611959187591677,0.08410425691031326,0.4600843699630843,True
2.124999999999995,1,front_left_upper,0.12063051015138626,0.20621025562286377,0.02942105010151863,0.20798084139823914,0.008487358957099008,0.0012109340166042465,0.008560234076692612,0.04115876260112624,True
2.124999999999995,2,front_right_upper,0.12198812514543533,0.20686137676239014,-0.27047795057296753,0.20819388329982758,0.00860997940405538,-0.011257826957031859,0.008665440960111266,0.041621976701552994,True
2.124999999999995,3,rear_left_upper,0.12198812514543533,-0.26193737983703613,0.026672303676605225,0.20632390677928925,-0.010902351520842957,0.001110154002204409,0.00858760884094097,0.041621976701552994,True
2.124999999999995,4,rear_right_upper,0.12198812514543533,-0.26101526618003845,-0.273226261138916,0.20655129849910736,-0.010863971327695215,-0.011372217075376398,0.008597073333805366,0.041621976701552994,True
2.124999999999995,5,front_left_bot,0.2142179161310196,0.25440239906311035,0.03520446643233299,0.10893706977367401,0.018594398659915468,0.0025731120691594644,0.007962264945906506,0.07309050043707607,True
2.124999999999995,6,front_right_bot,0.2146543711423874,0.25684648752212524,-0.27448731660842896,0.10932818055152893,0.018811287147792993,-0.020103291195304105,0.008007132266207877,0.07323941755743323,True
2.124999999999995,7,rear_left_bot,0.2146543711423874,-0.30993780493736267,0.030151788145303726,0.1099800318479538,-0.022699664312641792,0.002208299402077165,0.008054873475492092,0.07323941755743323,True
2.124999999999995,8,rear_right_bot,0.2142179161310196,-0.31136268377304077,-0.27902400493621826,0.1099671870470047,-0.022757654374402615,-0.020394004154745377,0.008037556732923123,0.07309050043707607,True
2.124999999999995,9,front_left_wheel,0.059519216418266296,0.24903517961502075,0.09066062420606613,0.048918258398771286,0.005057350478264695,0.0018411155881555195,0.0009934210013675512,0.020307775335527967,True
2.124999999999995,10,front_right_wheel,0.059519216418266296,0.2527497708797455,-0.3299810290336609,0.049150120466947556,0.00513278556313204,-0.0067011806026019164,0.0009981296041569059,0.020307775335527967,True
2.124999999999995,11,rear_left_wheel,0.059519216418266296,-0.3045562207698822,0.08417197316884995,0.04990464821457863,-0.006184859308432223,0.0017093455206610925,0.0010134523841402196,0.020307775335527967,True
2.124999999999995,12,rear_right_wheel,0.059519216418266296,-0.30716004967689514,-0.33448874950408936,0.049859363585710526,-0.006237737280887995,-0.006792722377190738,0.0010125327540710133,0.020307775335527967,True
2.1333333333333284,0,base_link,1.3484421968460083,-0.027828112244606018,-0.12197671830654144,0.18280094861984253,-0.012803279489321551,-0.05611958159222973,0.0841038592744144,0.4600843699630843,True
2.1333333333333284,1,front_left_upper,0.12063051015138626,0.20620626211166382,0.02942100167274475,0.20798003673553467,0.008487194589119583,0.0012109320233358392,0.008560200957771385,0.04115876260112624,True
2.1333333333333284,2,front_right_upper,0.12198812514543533,0.20685729384422302,-0.27047795057296753,0.20819348096847534,0.008609809464930554,-0.011257826957031859,0.008665424214285098,0.041621976701552994,True
2.1333333333333284,3,rear_left_upper,0.12198812514543533,-0.26194143295288086,0.026672376319766045,0.20632398128509521,-0.010902520219536214,0.001110157025756356,0.00858761194201989,0.041621976701552994,True
2.1333333333333284,4,rear_right_upper,0.12198812514543533,-0.26101934909820557,-0.27322623133659363,0.20655149221420288,-0.01086414126682004,-0.01137221583494483,0.008597081396610558,0.041621976701552994,True
2.1333333333333284,5,front_left_bot,0.2142179161310196,0.2543991804122925,0.035204365849494934,0.10893634706735611,0.01859416340711646,0.0025731047175094955,0.007962212122940062,0.07309050043707607,True
2.1333333333333284,6,front_right_bot,0.2146543711423874,0.2568437159061432,-0.2744874060153961,0.10932797193527222,0.018811084156252773,-0.020103297743418305,0.008007116987274743,0.07323941755743323,True
2.1333333333333284,7,rear_left_bot,0.2146543711423874,-0.3099432587623596,0.030151810497045517,0.109980508685112,-0.02270006374760803,0.002208301039105715,0.008054908398767829,0.07323941755743323,True
2.1333333333333284,8,rear_right_bot,0.2142179161310196,-0.3113682270050049,-0.27902400493621826,0.10996772348880768,-0.02275805953200091,-0.020394004154745377,0.008037595941722958,0.07309050043707607,True
2.1333333333333284,9,front_left_wheel,0.059519216418266296,0.2490324079990387,0.09066049009561539,0.04891745001077652,0.005057294192910016,0.0018411128646706155,0.0009934045848057696,0.020307775335527967,True
2.1333333333333284,10,front_right_wheel,0.059519216418266296,0.2527478039264679,-0.32998114824295044,0.049149878323078156,0.0051327456186867826,-0.006701183023477386,0.000998124686753607,0.020307775335527967,True
2.1333333333333284,11,rear_left_wheel,0.059519216418266296,-0.3045625388622284,0.08417195826768875,0.04990502446889877,-0.0061849876148321395,0.001709345218051659,0.0010134600250284221,0.020307775335527967,True
2.1333333333333284,12,rear_right_wheel,0.059519216418266296,-0.3071664571762085,-0.33448877930641174,0.049859896302223206,-0.006237867402944514,-0.006792722982409605,0.0010125435723582705,0.020307775335527967,True
2.1416666666666617,0,base_link,1.3484421968460083,-0.027832238003611565,-0.12197676301002502,0.18280017375946045,-0.012805177686554238,-0.056119602159603814,0.0841035027732637,0.4600843699630843,True
2.1416666666666617,1,front_left_upper,0.12063051015138626,0.2062021791934967,0.02942105010151863,0.20797942578792572,0.008487026541260023,0.0012109340166042465,0.008560175811923788,0.04115876260112624,True
2.1416666666666617,2,front_right_upper,0.12198812514543533,0.2068532109260559,-0.27047795057296753,0.20819289982318878,0.008609639525805728,-0.011257826957031859,0.00866540002586952,0.041621976701552994,True
2.1416666666666617,3,rear_left_upper,0.12198812514543533,-0.2619454860687256,0.02667228877544403,0.20632421970367432,-0.010902688918229472,0.001110153381988625,0.008587621865472435,0.041621976701552994,True
2.1416666666666617,4,rear_right_upper,0.12198812514543533,-0.2610234022140503,-0.273226261138916,0.20655158162117004,-0.010864309965513299,-0.011372217075376398,0.008597085117905261,0.041621976701552994,True
2.1416666666666617,5,front_left_bot,0.2142179161310196,0.25439587235450745,0.035204410552978516,0.1089358851313591,0.018593921619517475,0.0025731079849094815,0.00796217835980687,0.07309050043707607,True
2.1416666666666617,6,front_right_bot,0.2146543711423874,0.2568410038948059,-0.27448737621307373,0.10932756960391998,0.018810885530122022,-0.02010329556071357,0.00800708752076084,0.07323941755743323,True
2.1416666666666617,7,rear_left_bot,0.2146543711423874,-0.3099488317966461,0.030151743441820145,0.10998111218214035,-0.0227004719133932,0.0022082961280200644,0.008054952598538683,0.07323941755743323,True
2.1416666666666617,8,rear_right_bot,0.2142179161310196,-0.3113737404346466,-0.2790239751338959,0.10996823012828827,-0.02275846251133255,-0.02039400197647872,0.008037632972256136,0.07309050043707607,True
2.1416666666666617,9,front_left_wheel,0.059519216418266296,0.2490295022726059,0.09066053479909897,0.048916954547166824,0.005057235184070431,0.0018411137724989167,0.000993394523042097,0.020307775335527967,True
2.1416666666666617,10,front_right_wheel,0.059519216418266296,0.25274592638015747,-0.32998108863830566,0.04914938658475876,0.005132707489898128,-0.006701181813039651,0.000998114700642293,0.020307775335527967,True
2.1416666666666617,11,rear_left_wheel,0.059519216418266296,-0.3045690357685089,0.08417191356420517,0.04990553483366966,-0.00618511955254526,0.0017093443102233574,0.0010134703894015284,0.020307775335527967,True
2.1416666666666617,12,rear_right_wheel,0.059519216418266296,-0.3071729242801666,-0.33448871970176697,0.04986032471060753,-0.006237998735438767,-0.00679272177197187,0.001012552272379491,0.020307775335527967,True
2.149999999999995,0,base_link,1.3484421968460083,-0.027836346998810768,-0.12197673320770264,0.18279939889907837,-0.012807068171021644,-0.05611958844802109,0.084103146272113,0.4600843699630843,True
2.149999999999995,1,front_left_upper,0.12063051015138626,0.20619818568229675,0.029421094805002213,0.207978755235672,0.0084868621732806,0.0012109358565443146,0.008560148212822765,0.04115876260112624,True
2.149999999999995,2,front_right_upper,0.12198812514543533,0.2068491280078888,-0.27047795057296753,0.20819248259067535,0.008609469586680902,-0.011257826957031859,0.008665382659827567,0.041621976701552994,True
2.149999999999995,3,rear_left_upper,0.12198812514543533,-0.2619496285915375,0.02667233534157276,0.20632430911064148,-0.010902861338217433,0.00111015532016295,0.008587625586767138,0.041621976701552994,True
2.149999999999995,4,rear_right_upper,0.12198812514543533,-0.2610275447368622,-0.273226261138916,0.20655186474323273,-0.010864482385501261,-0.011372217075376398,0.008597096902005158,0.041621976701552994,True
2.149999999999995,5,front_left_bot,0.2142179161310196,0.2543925940990448,0.035204432904720306,0.10893529653549194,0.018593682010185148,0.002573109618609475,0.007962135339040385,0.07309050043707607,True
2.149999999999995,6,front_right_bot,0.2146543711423874,0.25683820247650146,-0.27448737621307373,0.10932724922895432,0.01881068035587707,-0.02010329556071357,0.008007064056684955,0.07323941755743323,True
2.149999999999995,7,rear_left_bot,0.2146543711423874,-0.30995428562164307,0.030151735991239548,0.10998155921697617,-0.02270087134835944,0.002208295582343881,0.008054985339109685,0.07323941755743323,True
2.149999999999995,8,rear_right_bot,0.2142179161310196,-0.3113793730735779,-0.27902400493621826,0.10996893048286438,-0.022758874203730815,-0.020394004154745377,0.008037684161522587,0.07309050043707607,True
2.149999999999995,9,front_left_wheel,0.059519216418266296,0.24902671575546265,0.09066054224967957,0.04891634359955788,0.005057178596106318,0.0018411139238036338,0.0009933821160553126,0.020307775335527967,True
2.149999999999995,10,front_right_wheel,0.059519216418266296,0.2527439594268799,-0.32998108863830566,0.04914906993508339,0.005132667545452872,-0.006701181813039651,0.0009981082701918254,0.020307775335527967,True
2.149999999999995,11,rear_left_wheel,0.059519216418266296,-0.3045753538608551,0.0841718539595604,0.04990588128566742,-0.006185247858945176,0.0017093430997856226,0.0010134774250708635,0.020307775335527967,True
2.149999999999995,12,rear_right_wheel,0.059519216418266296,-0.30717945098876953,-0.33448880910873413,0.049860965460538864,-0.006238131278370755,-0.0067927235876284724,0.001012565284585143,0.020307775335527967,True
2.1583333333333283,0,base_link,1.3484421968460083,-0.02784043736755848,-0.12197673320770264,0.18279866874217987,-0.012808950085749853,-0.05611958844802109,0.08410281033833639,0.4600843699630843,True
2.1583333333333283,1,front_left_upper,0.12063051015138626,0.20619410276412964,0.029421009123325348,0.2079780250787735,0.00848669412542104,0.0012109323299925173,0.008560118160468318,0.04115876260112624,True
2.1583333333333283,2,front_right_upper,0.12198812514543533,0.20684508979320526,-0.2704780101776123,0.20819205045700073,0.008609301508203427,-0.011257829437894993,0.00866536467356983,0.041621976701552994,True
2.1583333333333283,3,rear_left_upper,0.12198812514543533,-0.2619536519050598,0.026672400534152985,0.2063244879245758,-0.010903028796479124,0.0011101580336070052,0.008587633029356547,0.041621976701552994,True
2.1583333333333283,4,rear_right_upper,0.12198812514543533,-0.2610316276550293,-0.27322620153427124,0.20655202865600586,-0.010864652324626087,-0.011372214594513262,0.008597103724378783,0.041621976701552994,True
2.1583333333333283,5,front_left_bot,0.2142179161310196,0.25438910722732544,0.03520430997014046,0.108934685587883,0.01859342715298622,0.0025731006332595126,0.007962090684573906,0.07309050043707607,True
2.1583333333333283,6,front_right_bot,0.2146543711423874,0.25683555006980896,-0.2744874358177185,0.10932707786560059,0.018810486095155787,-0.020103299926123037,0.008007051506132738,0.07323941755743323,True
2.1583333333333283,7,rear_left_bot,0.2146543711423874,-0.30995973944664,0.030151790007948875,0.10998210310935974,-0.022701270783325674,0.0022082995384962107,0.008055025173471073,0.07323941755743323,True
2.1583333333333283,8,rear_right_bot,0.2142179161310196,-0.3113848567008972,-0.2790239453315735,0.10996942222118378,-0.022759275004795798,-0.020393999798212062,0.008037720102922436,0.07309050043707607,True
2.1583333333333283,9,front_left_wheel,0.059519216418266296,0.24902358651161194,0.09066039323806763,0.04891570284962654,0.005057115048125228,0.001841110897709296,0.0009933691038496609,0.020307775335527967,True
2.1583333333333283,10,front_right_wheel,0.059519216418266296,0.25274208188056946,-0.3299812078475952,0.04914877191185951,0.0051326294166642175,-0.0067011842339151214,0.0009981022180031503,0.020307775335527967,True
2.1583333333333283,11,rear_left_wheel,0.059519216418266296,-0.3045816719532013,0.08417189866304398,0.04990633949637413,-0.006185376165345091,0.0017093440076139238,0.0010134867303109518,0.020307775335527967,True
2.1583333333333283,12,rear_right_wheel,0.059519216418266296,-0.30718573927879333,-0.33448874950408936,0.049861468374729156,-0.006238258979551803,-0.006792722377190738,0.0010125754976535325,0.020307775335527967,True
2.1666666666666616,0,base_link,1.3484421968460083,-0.027844581753015518,-0.12197667360305786,0.18279781937599182,-0.012810856852721738,-0.05611956102485565,0.08410241955822888,0.4600843699630843,True
2.1666666666666616,1,front_left_upper,0.12063051015138626,0.2061900496482849,0.029421145096421242,0.20797733962535858,0.008486527304188191,0.0012109379264768913,0.008560089948053939,0.04115876260112624,True
2.1666666666666616,2,front_right_upper,0.12198812514543533,0.2068411111831665,-0.27047792077064514,0.2081916183233261,0.008609135910589089,-0.01125782571660029,0.008665346687312094,0.041621976701552994,True
2.1666666666666616,3,rear_left_upper,0.12198812514543533,-0.2619578242301941,0.026672402396798134,0.2063244879245758,-0.010903202456898653,0.0011101581111339783,0.008587633029356547,0.041621976701552994,True
2.1666666666666616,4,rear_right_upper,0.12198812514543533,-0.2610357403755188,-0.27322620153427124,0.20655211806297302,-0.010864823504182481,-0.011372214594513262,0.008597107445673487,0.041621976701552994,True
2.1666666666666616,5,front_left_bot,0.2142179161310196,0.2543858289718628,0.03520447388291359,0.10893407464027405,0.018593187543653897,0.0025731126137261287,0.007962046030107427,0.07309050043707607,True
2.1666666666666616,6,front_right_bot,0.2146543711423874,0.2568328380584717,-0.27448737621307373,0.10932682454586029,0.018810287469025036,-0.02010329556071357,0.008007032953142501,0.07323941755743323,True
2.1666666666666616,7,rear_left_bot,0.2146543711423874,-0.30996519327163696,0.03015175834298134,0.10998239368200302,-0.022701670218291913,0.0022082972193724314,0.008055046454842224,0.07323941755743323,True
2.1666666666666616,8,rear_right_bot,0.2142179161310196,-0.31139039993286133,-0.27902400493621826,0.10996992886066437,-0.022759680162394092,-0.020394004154745377,0.008037757133455612,0.07309050043707607,True
2.1666666666666616,9,front_left_wheel,0.059519216418266296,0.24902084469795227,0.09066055715084076,0.04891502857208252,0.005057059367989415,0.0018411142264130676,0.000993355410772783,0.020307775335527967,True
2.1666666666666616,10,front_right_wheel,0.059519216418266296,0.25274020433425903,-0.32998111844062805,0.04914850741624832,0.005132591287875563,-0.006701182418258519,0.000998096846685701,0.020307775335527967,True
2.1666666666666616,11,rear_left_wheel,0.059519216418266296,-0.3045879900455475,0.084171824157238,0.04990658164024353,-0.006185504471745006,0.001709342494566755,0.0010134916477142503,0.020307775335527967,True
2.1666666666666616,12,rear_right_wheel,0.059519216418266296,-0.30719223618507385,-0.33448880910873413,0.04986186325550079,-0.0062383909172649245,-0.0067927235876284724,0.0010125835168035271,0.020307775335527967,True
