sim_time_s,sim_step,macro_state,subphase,profile_id,phase_elapsed_s,profile_fraction,command_epoch,base_x_m,base_y_m,base_z_m,base_roll_rad,base_pitch_rad,base_yaw_rad,active_leg,geometry_support_candidate_count,robot_state_finite,joint_limit_violation,stability_state,retry_count,controller_terminal,controller_terminal_outcome
1.5666666666666635,188,,,fsm50-gate-c-successful-recording-profiles-v1,,,,-0.003989968448877335,-0.000993184745311737,0.09901051968336105,-3.8795075004099296e-05,-0.012018071330770567,0.0030498701370338887,,4,True,False,stable,0,False,
1.63333333333333,196,S1_APPROACH_AND_PRE_FR_SHIFT,PRELOAD,v010_20260806_220745_363972_manual:S1_APPROACH_AND_PRE_FR_SHIFT:ALTERNATE_PROFILE_3:segments-0-4,0.04166666666666652,0.0,0,-0.004020538181066513,-0.0009933039546012878,0.09900183975696564,-3.801701551617001e-05,-0.012015386625265804,0.003050028860425154,FR,4,True,False,stable,0,False,RUNNING
1.6999999999999964,204,S1_APPROACH_AND_PRE_FR_SHIFT,PRELOAD,v010_20260806_220745_363972_manual:S1_APPROACH_AND_PRE_FR_SHIFT:ALTERNATE_PROFILE_3:segments-0-4,0.10833333333333295,0.0,1,-0.00395878404378891,-0.000682145357131958,0.09825477749109268,-0.003213035451836592,-0.015647937114131788,0.0031031757720259346,FR,4,True,False,recoverable,0,False,RUNNING
1.7666666666666628,212,S1_APPROACH_AND_PRE_FR_SHIFT,PRELOAD,v010_20260806_220745_363972_manual:S1_APPROACH_AND_PRE_FR_SHIFT:ALTERNATE_PROFILE_3:segments-0-4,0.17499999999999938,0.0,1,-0.004534689709544182,-0.0001528412103652954,0.0974646806716919,-0.008673625406955468,-0.02007979865094036,0.00320795478580394,FR,4,True,False,recoverable,0,False,RUNNING
1.8333333333333293,220,S1_APPROACH_AND_PRE_FR_SHIFT,PRELOAD,v010_20260806_220745_363972_manual:S1_APPROACH_AND_PRE_FR_SHIFT:ALTERNATE_PROFILE_3:segments-0-4,0.2416666666666658,0.0,1,-0.005187783390283585,0.0005165785551071167,0.09660942852497101,-0.015627090259004207,-0.025526510869910406,0.003374486269680665,FR,3,True,False,recoverable,0,False,RUNNING
1.8999999999999957,228,S1_APPROACH_AND_PRE_FR_SHIFT,PRELOAD,v010_20260806_220745_363972_manual:S1_APPROACH_AND_PRE_FR_SHIFT:ALTERNATE_PROFILE_3:segments-0-4,0.30833333333333224,0.2,2,-0.005882464349269867,0.0013684183359146118,0.09564774483442307,-0.02457101555574345,-0.03225560418433911,0.003650648887978649,FR,3,True,False,recoverable,0,False,RUNNING
1.9666666666666621,236,S1_APPROACH_AND_PRE_FR_SHIFT,PRELOAD,v010_20260806_220745_363972_manual:S1_APPROACH_AND_PRE_FR_SHIFT:ALTERNATE_PROFILE_3:segments-0-4,0.37499999999999867,0.2,2,-0.006571413949131966,0.0020994767546653748,0.09484222531318665,-0.03230793905703442,-0.03784860115731027,0.003928657497215562,FR,3,True,False,recoverable,0,False,RUNNING
2.0333333333333288,244,S1_APPROACH_AND_PRE_FR_SHIFT,PRELOAD,v010_20260806_220745_363972_manual:S1_APPROACH_AND_PRE_FR_SHIFT:ALTERNATE_PROFILE_3:segments-0-4,0.4416666666666653,0.4,3,-0.007276205345988274,0.0031139105558395386,0.09371072798967361,-0.0431682496514289,-0.04597689963398891,0.0043998222916661195,FR,2,True,False,recoverable,0,False,RUNNING
2.099999999999995,252,S1_APPROACH_AND_PRE_FR_SHIFT,PRELOAD,v010_20260806_220745_363972_manual:S1_APPROACH_AND_PRE_FR_SHIFT:ALTERNATE_PROFILE_3:segments-0-4,0.5083333333333317,0.4,3,-0.00846673920750618,0.004432648420333862,0.09226203709840775,-0.05749528581167242,-0.0562066349815214,0.005139355578855819,FR,2,True,False,recoverable,0,False,RUNNING
2.1666666666666616,260,S1_APPROACH_AND_PRE_FR_SHIFT,PRELOAD,v010_20260806_220745_363972_manual:S1_APPROACH_AND_PRE_FR_SHIFT:ALTERNATE_PROFILE_3:segments-0-4,0.5749999999999982,0.4,3,-0.009242668747901917,0.0057274699211120605,0.09083934873342514,-0.07183733267997207,-0.06700103351794931,0.0060564778684952005,FR,2,True,False,recoverable,0,False,RUNNING
2.233333333333328,268,S1_APPROACH_AND_PRE_FR_SHIFT,PRELOAD,v010_20260806_220745_363972_manual:S1_APPROACH_AND_PRE_FR_SHIFT:ALTERNATE_PROFILE_3:segments-0-4,0.6416666666666646,0.4,3,-0.01012401096522808,0.007025979459285736,0.08936057239770889,-0.08650615930040238,-0.07791232951722289,0.007131831789308463,FR,2,True,False,recoverable,0,False,RUNNING
2.2999999999999945,276,S1_APPROACH_AND_PRE_FR_SHIFT,PRELOAD,v010_20260806_220745_363972_manual:S1_APPROACH_AND_PRE_FR_SHIFT:ALTERNATE_PROFILE_3:segments-0-4,0.708333333333331,0.4,3,-0.01106659322977066,0.008358597755432129,0.08777333796024323,-0.10191560473514068,-0.08934603790816724,0.008443402278159092,FR,2,True,False,recoverable,0,False,RUNNING
2.366666666666661,284,S1_APPROACH_AND_PRE_FR_SHIFT,PRELOAD,v010_20260806_220745_363972_manual:S1_APPROACH_AND_PRE_FR_SHIFT:ALTERNATE_PROFILE_3:segments-0-4,0.7749999999999975,0.4,3,-0.012305095791816711,0.010050803422927856,0.08567439019680023,-0.1219690742119515,-0.10418430181494012,0.010399223000868662,FR,2,True,False,recoverable,0,False,RUNNING
2.4333333333333274,292,S1_APPROACH_AND_PRE_FR_SHIFT,PRELOAD,v010_20260806_220745_363972_manual:S1_APPROACH_AND_PRE_FR_SHIFT:ALTERNATE_PROFILE_3:segments-0-4,0.8416666666666639,0.6,4,-0.014230329543352127,0.012741729617118835,0.08211304992437363,-0.15522076599358464,-0.12876534765472844,0.014308429816504308,FR,2,True,False,recoverable,0,False,RUNNING
2.499999999999994,300,S1_APPROACH_AND_PRE_FR_SHIFT,PRELOAD,v010_20260806_220745_363972_manual:S1_APPROACH_AND_PRE_FR_SHIFT:ALTERNATE_PROFILE_3:segments-0-4,0.9083333333333303,0.6,4,-0.01710714027285576,0.016362003982067108,0.07681380957365036,-0.20315853643829693,-0.16333429818271017,0.021284307656748012,FR,2,True,False,recoverable,0,False,RUNNING
2.56666666666666,308,S1_APPROACH_AND_PRE_FR_SHIFT,ADVANCE,v010_20260806_220745_363972_manual:S1_APPROACH_AND_PRE_FR_SHIFT:ALTERNATE_PROFILE_3:segments-0-4,0.9749999999999968,0.8,5,-0.018532171845436096,0.01891952008008957,0.07296989113092422,-0.2385081599349422,-0.1877016884758326,0.02872717388936425,FR,3,True,False,recoverable,0,False,RUNNING
2.6333333333333266,316,S1_APPROACH_AND_PRE_FR_SHIFT,ADVANCE,v010_20260806_220745_363972_manual:S1_APPROACH_AND_PRE_FR_SHIFT:ALTERNATE_PROFILE_3:segments-0-4,1.0416666666666632,0.8,5,-0.017658676952123642,0.01918422430753708,0.07238209992647171,-0.24347417018160566,-0.1912165225939055,0.029687029311185237,FR,3,True,False,recoverable,0,False,RUNNING
2.699999999999993,324,S1_APPROACH_AND_PRE_FR_SHIFT,ADVANCE,v010_20260806_220745_363972_manual:S1_APPROACH_AND_PRE_FR_SHIFT:ALTERNATE_PROFILE_3:segments-0-4,1.1083333333333296,0.8,5,-0.016682107001543045,0.01933255046606064,0.07201346755027771,-0.24633332088055038,-0.19325673002939642,0.03006086158790255,FR,3,True,False,recoverable,0,False,RUNNING
2.7666666666666595,332,S1_APPROACH_AND_PRE_FR_SHIFT,ADVANCE,v010_20260806_220745_363972_manual:S1_APPROACH_AND_PRE_FR_SHIFT:ALTERNATE_PROFILE_3:segments-0-4,1.174999999999996,0.8,5,-0.015722215175628662,0.019429318606853485,0.07174858450889587,-0.24818423620129712,-0.19446546148141686,0.030278769187004978,FR,3,True,False,recoverable,0,False,RUNNING
2.833333333333326,340,S1_APPROACH_AND_PRE_FR_SHIFT,ADVANCE,v010_20260806_220745_363972_manual:S1_APPROACH_AND_PRE_FR_SHIFT:ALTERNATE_PROFILE_3:segments-0-4,1.2416666666666625,0.8,5,-0.014726608991622925,0.019451141357421875,0.07153213769197464,-0.24945725671528632,-0.1952426985347424,0.030363186098569868,FR,3,True,False,recoverable,0,False,RUNNING
2.8999999999999924,348,S1_APPROACH_AND_PRE_FR_SHIFT,ADVANCE,v010_20260806_220745_363972_manual:S1_APPROACH_AND_PRE_FR_SHIFT:ALTERNATE_PROFILE_3:segments-0-4,1.308333333333329,0.8,5,-0.01372310146689415,0.019475683569908142,0.07143546640872955,-0.24938137359437199,-0.19509906205048186,0.030374580191190804,FR,3,True,False,recoverable,0,False,RUNNING
2.966666666666659,356,S1_APPROACH_AND_PRE_FR_SHIFT,ADVANCE,v010_20260806_220745_363972_manual:S1_APPROACH_AND_PRE_FR_SHIFT:ALTERNATE_PROFILE_3:segments-0-4,1.3749999999999953,0.8,5,-0.012912403792142868,0.019428931176662445,0.07149683684110641,-0.24909253419602426,-0.19512621873848748,0.030220765845681757,FR,3,True,False,recoverable,0,False,RUNNING
3.033333333333325,364,S1_APPROACH_AND_PRE_FR_SHIFT,ADVANCE,v010_20260806_220745_363972_manual:S1_APPROACH_AND_PRE_FR_SHIFT:ALTERNATE_PROFILE_3:segments-0-4,1.4416666666666618,0.8,5,-0.012095659971237183,0.019385308027267456,0.07159338146448135,-0.24877901378519754,-0.19528525512729178,0.030070551026851338,FR,3,True,False,recoverable,0,False,RUNNING
3.0999999999999917,372,S1_APPROACH_AND_PRE_FR_SHIFT,ADVANCE,v010_20260806_220745_363972_manual:S1_APPROACH_AND_PRE_FR_SHIFT:ALTERNATE_PROFILE_3:segments-0-4,1.5083333333333282,0.8,5,-0.011238720268011093,0.01933266967535019,0.07168491929769516,-0.2484448194601038,-0.1954327865144685,0.02993369017369202,FR,3,True,False,recoverable,0,False,RUNNING
3.166666666666658,380,S1_APPROACH_AND_PRE_FR_SHIFT,ADVANCE,v010_20260806_220745_363972_manual:S1_APPROACH_AND_PRE_FR_SHIFT:ALTERNATE_PROFILE_3:segments-0-4,1.5749999999999946,0.8,5,-0.010323774069547653,0.01926882565021515,0.07177168130874634,-0.24798974367060092,-0.19561369464505599,0.029789995692688042,FR,3,True,False,recoverable,0,False,RUNNING
3.2333333333333245,388,S1_APPROACH_AND_PRE_FR_SHIFT,ADVANCE,v010_20260806_220745_363972_manual:S1_APPROACH_AND_PRE_FR_SHIFT:ALTERNATE_PROFILE_3:segments-0-4,1.641666666666661,0.8,5,-0.00939783826470375,0.019207701086997986,0.0718560442328453,-0.2476146274068198,-0.19575608851755977,0.029640670979868902,FR,3,True,False,recoverable,0,False,RUNNING
3.299999999999991,396,S1_APPROACH_AND_PRE_FR_SHIFT,ADVANCE,v010_20260806_220745_363972_manual:S1_APPROACH_AND_PRE_FR_SHIFT:ALTERNATE_PROFILE_3:segments-0-4,1.7083333333333275,0.8,5,-0.008555345237255096,0.019161060452461243,0.07193612307310104,-0.24751220420564943,-0.195801688028315,0.02960959747763026,FR,3,True,False,recoverable,0,False,RUNNING
3.3666666666666574,404,S1_APPROACH_AND_PRE_FR_SHIFT,ADVANCE,v010_20260806_220745_363972_manual:S1_APPROACH_AND_PRE_FR_SHIFT:ALTERNATE_PROFILE_3:segments-0-4,1.774999999999994,0.8,5,-0.007676485925912857,0.01912613958120346,0.07200789451599121,-0.2473748533587024,-0.19586353291607783,0.029580704269277554,FR,3,True,False,recoverable,0,False,RUNNING
3.433333333333324,412,S1_APPROACH_AND_PRE_FR_SHIFT,ADVANCE,v010_20260806_220745_363972_manual:S1_APPROACH_AND_PRE_FR_SHIFT:ALTERNATE_PROFILE_3:segments-0-4,1.8416666666666603,0.8,5,-0.006755780428647995,0.019078843295574188,0.07206372171640396,-0.24715235141214642,-0.19591203419983186,0.029491127300910948,FR,3,True,False,recoverable,0,False,RUNNING
3.4999999999999902,420,S1_APPROACH_AND_PRE_FR_SHIFT,ADVANCE,v010_20260806_220745_363972_manual:S1_APPROACH_AND_PRE_FR_SHIFT:ALTERNATE_PROFILE_3:segments-0-4,1.9083333333333268,0.8,5,-0.005799897015094757,0.019020527601242065,0.07210884243249893,-0.2470490261707825,-0.19601968994123656,0.029385180540213503,FR,3,True,False,recoverable,0,False,RUNNING
3.5666666666666567,428,S1_APPROACH_AND_PRE_FR_SHIFT,ADVANCE,v010_20260806_220745_363972_manual:S1_APPROACH_AND_PRE_FR_SHIFT:ALTERNATE_PROFILE_3:segments-0-4,1.9749999999999932,0.8,5,-0.004837140440940857,0.018962807953357697,0.07213142514228821,-0.2469268965503211,-0.1961225115496394,0.0292305964390867,FR,3,True,False,recoverable,0,False,RUNNING
3.633333333333323,436,S1_APPROACH_AND_PRE_FR_SHIFT,ADVANCE,v010_20260806_220745_363972_manual:S1_APPROACH_AND_PRE_FR_SHIFT:ALTERNATE_PROFILE_3:segments-0-4,2.04166666666666,0.8,5,-0.003867410123348236,0.018929407000541687,0.07214414328336716,-0.246644179549097,-0.19619718196014335,0.029089488147229666,FR,3,True,False,recoverable,0,False,RUNNING
3.6999999999999895,444,S1_APPROACH_AND_PRE_FR_SHIFT,ADVANCE,v010_20260806_220745_363972_manual:S1_APPROACH_AND_PRE_FR_SHIFT:ALTERNATE_PROFILE_3:segments-0-4,2.1083333333333263,0.8,5,-0.002871476113796234,0.018889501690864563,0.07211579382419586,-0.2465562980463863,-0.1962758154660323,0.028952621884945195,FR,3,True,False,recoverable,0,False,RUNNING
3.766666666666656,452,S1_APPROACH_AND_PRE_FR_SHIFT,ADVANCE,v010_20260806_220745_363972_manual:S1_APPROACH_AND_PRE_FR_SHIFT:ALTERNATE_PROFILE_3:segments-0-4,2.1749999999999927,0.8,5,-0.0018577203154563904,0.018853016197681427,0.07210028171539307,-0.24627161811035544,-0.19635032515347903,0.028842534666593016,FR,3,True,False,recoverable,0,False,RUNNING
3.8333333333333224,460,S1_APPROACH_AND_PRE_FR_SHIFT,ADVANCE,v010_20260806_220745_363972_manual:S1_APPROACH_AND_PRE_FR_SHIFT:ALTERNATE_PROFILE_3:segments-0-4,2.241666666666659,0.8,5,-0.0008039623498916626,0.018822647631168365,0.07205142080783844,-0.24609992344832496,-0.19638138484092454,0.028798383858102166,FR,3,True,False,recoverable,0,False,RUNNING
3.899999999999989,468,S1_APPROACH_AND_PRE_FR_SHIFT,ADVANCE,v010_20260806_220745_363972_manual:S1_APPROACH_AND_PRE_FR_SHIFT:ALTERNATE_PROFILE_3:segments-0-4,2.3083333333333256,0.8,5,0.0002546943724155426,0.018826887011528015,0.071977898478508,-0.24593751631566294,-0.19646786233265842,0.028911230949734138,FR,3,True,False,recoverable,0,False,RUNNING
3.9666666666666552,476,S1_APPROACH_AND_PRE_FR_SHIFT,ADVANCE,v010_20260806_220745_363972_manual:S1_APPROACH_AND_PRE_FR_SHIFT:ALTERNATE_PROFILE_3:segments-0-4,2.374999999999992,0.8,5,0.0013090968132019043,0.018829308450222015,0.0718802660703659,-0.2457044161478639,-0.1964992352566107,0.02897390420825096,FR,3,True,False,recoverable,0,False,RUNNING
4.0333333333333234,484,S1_APPROACH_AND_PRE_FR_SHIFT,ADVANCE,v010_20260806_220745_363972_manual:S1_APPROACH_AND_PRE_FR_SHIFT:ALTERNATE_PROFILE_3:segments-0-4,2.4416666666666593,0.8,5,0.002152644097805023,0.018866822123527527,0.07182391732931137,-0.24615576067930736,-0.19622006508472464,0.029116339857363845,FR,3,True,False,recoverable,0,False,RUNNING
4.099999999999993,492,S1_APPROACH_AND_PRE_FR_SHIFT,ADVANCE,v010_20260806_220745_363972_manual:S1_APPROACH_AND_PRE_FR_SHIFT:ALTERNATE_PROFILE_3:segments-0-4,2.5083333333333293,0.8,5,0.0030701272189617157,0.018912196159362793,0.0717451199889183,-0.24674671014439642,-0.19604337404906108,0.02926022231485663,FR,3,True,False,recoverable,0,False,RUNNING
4.166666666666663,500,S1_APPROACH_AND_PRE_FR_SHIFT,ADVANCE,v010_20260806_220745_363972_manual:S1_APPROACH_AND_PRE_FR_SHIFT:ALTERNATE_PROFILE_3:segments-0-4,2.5749999999999993,0.8,5,0.004019174724817276,0.018963664770126343,0.07165049016475677,-0.24745122964431368,-0.195905184405138,0.02944517792263822,FR,3,True,False,recoverable,0,False,RUNNING
4.233333333333333,508,S1_APPROACH_AND_PRE_FR_SHIFT,ADVANCE,v010_20260806_220745_363972_manual:S1_APPROACH_AND_PRE_FR_SHIFT:ALTERNATE_PROFILE_3:segments-0-4,2.6416666666666693,0.8,5,0.005015164613723755,0.019007086753845215,0.07152411341667175,-0.24817743431302783,-0.19577508573959979,0.02962538376137227,FR,3,True,False,recoverable,0,False,RUNNING
4.300000000000003,516,S1_APPROACH_AND_PRE_FR_SHIFT,ADVANCE,v010_20260806_220745_363972_manual:S1_APPROACH_AND_PRE_FR_SHIFT:ALTERNATE_PROFILE_3:segments-0-4,2.7083333333333393,0.8,5,0.006022021174430847,0.019041001796722412,0.0713731124997139,-0.2488665952585416,-0.19563137869575115,0.029794651342380313,FR,3,True,False,recoverable,0,False,RUNNING
4.366666666666673,524,S1_APPROACH_AND_PRE_FR_SHIFT,ADVANCE,v010_20260806_220745_363972_manual:S1_APPROACH_AND_PRE_FR_SHIFT:ALTERNATE_PROFILE_3:segments-0-4,2.7750000000000092,0.8,5,0.0070680491626262665,0.019078075885772705,0.07120062410831451,-0.24965147279472932,-0.19551552507875555,0.02997540342289641,FR,3,True,False,recoverable,0,False,RUNNING
4.433333333333343,532,S1_APPROACH_AND_PRE_FR_SHIFT,ADVANCE,v010_20260806_220745_363972_manual:S1_APPROACH_AND_PRE_FR_SHIFT:ALTERNATE_PROFILE_3:segments-0-4,2.841666666666679,0.8,5,0.00785529613494873,0.019111208617687225,0.07123132050037384,-0.25024314851750645,-0.19580380898565033,0.030064339878960934,FR,3,True,False,recoverable,0,False,RUNNING
4.500000000000013,540,S1_APPROACH_AND_PRE_FR_SHIFT,ADVANCE,v010_20260806_220745_363972_manual:S1_APPROACH_AND_PRE_FR_SHIFT:ALTERNATE_PROFILE_3:segments-0-4,2.908333333333349,0.8,5,0.008620407432317734,0.019132062792778015,0.07130138576030731,-0.25076300276948194,-0.19622169442441717,0.030186670181928082,FR,3,True,False,recoverable,0,False,RUNNING
4.566666666666683,548,S1_APPROACH_AND_PRE_FR_SHIFT,ADVANCE,v010_20260806_220745_363972_manual:S1_APPROACH_AND_PRE_FR_SHIFT:ALTERNATE_PROFILE_3:segments-0-4,2.975000000000019,0.8,5,0.009442135691642761,0.019146941602230072,0.0713561400771141,-0.2513438939833161,-0.19672170982364573,0.030304356649436794,FR,3,True,False,recoverable,0,False,RUNNING
4.633333333333353,556,S1_APPROACH_AND_PRE_FR_SHIFT,ADVANCE,v010_20260806_220745_363972_manual:S1_APPROACH_AND_PRE_FR_SHIFT:ALTERNATE_PROFILE_3:segments-0-4,3.041666666666689,0.8,5,0.010294787585735321,0.01916319876909256,0.07140026241540909,-0.2518846678031819,-0.1972345707355361,0.030433616290753328,FR,3,True,False,recoverable,0,False,RUNNING
4.700000000000023,564,S1_APPROACH_AND_PRE_FR_SHIFT,ADVANCE,v010_20260806_220745_363972_manual:S1_APPROACH_AND_PRE_FR_SHIFT:ALTERNATE_PROFILE_3:segments-0-4,3.108333333333359,0.8,5,0.011168396100401878,0.01917671412229538,0.07142845541238785,-0.252501595601619,-0.1977936097565116,0.03059015337542306,FR,3,True,False,recoverable,0,False,RUNNING
4.766666666666693,572,S1_APPROACH_AND_PRE_FR_SHIFT,ADVANCE,v010_20260806_220745_363972_manual:S1_APPROACH_AND_PRE_FR_SHIFT:ALTERNATE_PROFILE_3:segments-0-4,3.175000000000029,0.8,5,0.012007327750325203,0.01912468671798706,0.07151281088590622,-0.2523403592415656,-0.19775551686982323,0.030561791453581316,FR,3,True,False,recoverable,0,False,RUNNING
4.833333333333363,580,S1_APPROACH_AND_PRE_FR_SHIFT,ADVANCE,v010_20260806_220745_363972_manual:S1_APPROACH_AND_PRE_FR_SHIFT:ALTERNATE_PROFILE_3:segments-0-4,3.241666666666699,0.8,5,0.012895140796899796,0.019074663519859314,0.07159130275249481,-0.25218219954661447,-0.19774110052840402,0.030612555993115763,FR,3,True,False,recoverable,0,False,RUNNING
4.900000000000033,588,S1_APPROACH_AND_PRE_FR_SHIFT,ADVANCE,v010_20260806_220745_363972_manual:S1_APPROACH_AND_PRE_FR_SHIFT:ALTERNATE_PROFILE_3:segments-0-4,3.308333333333369,0.8,5,0.013812081888318062,0.019028760492801666,0.0716569647192955,-0.2519724704016062,-0.19773344966522044,0.03054450452543019,FR,3,True,False,recoverable,0,False,RUNNING
4.966666666666703,596,S1_APPROACH_AND_PRE_FR_SHIFT,ADVANCE,v010_20260806_220745_363972_manual:S1_APPROACH_AND_PRE_FR_SHIFT:ALTERNATE_PROFILE_3:segments-0-4,3.375000000000039,0.8,5,0.014732137322425842,0.01898900419473648,0.07169976085424423,-0.25166486943751815,-0.1977042725904828,0.030429882251216744,FR,3,True,False,recoverable,0,False,RUNNING
5.033333333333373,604,S1_APPROACH_AND_PRE_FR_SHIFT,ADVANCE,v010_20260806_220745_363972_manual:S1_APPROACH_AND_PRE_FR_SHIFT:ALTERNATE_PROFILE_3:segments-0-4,3.441666666666709,0.8,5,0.015682540833950043,0.01897641271352768,0.07172660529613495,-0.2515500420764057,-0.19774176943106309,0.030321913908610134,FR,3,True,False,recoverable,0,False,RUNNING
5.100000000000043,612,S1_APPROACH_AND_PRE_FR_SHIFT,ADVANCE,v010_20260806_220745_363972_manual:S1_APPROACH_AND_PRE_FR_SHIFT:ALTERNATE_PROFILE_3:segments-0-4,3.508333333333379,0.8,5,0.016618456691503525,0.019005529582500458,0.07174822688102722,-0.2513683344934046,-0.1976941582315549,0.030312223695442186,FR,3,True,False,recoverable,0,False,RUNNING
5.166666666666713,620,S1_APPROACH_AND_PRE_FR_SHIFT,ADVANCE,v010_20260806_220745_363972_manual:S1_APPROACH_AND_PRE_FR_SHIFT:ALTERNATE_PROFILE_3:segments-0-4,3.575000000000049,0.8,5,0.017567550763487816,0.0190119668841362,0.07174313068389893,-0.2512612618842824,-0.19769592102807293,0.030312959930912778,FR,3,True,False,recoverable,0,False,RUNNING
5.233333333333383,628,S1_APPROACH_AND_PRE_FR_SHIFT,ADVANCE,v010_20260806_220745_363972_manual:S1_APPROACH_AND_PRE_FR_SHIFT:ALTERNATE_PROFILE_3:segments-0-4,3.641666666666719,0.8,5,0.01855861023068428,0.019034750759601593,0.07171418517827988,-0.25109037997690364,-0.1977118354832531,0.030308530235459246,FR,3,True,False,recoverable,0,False,RUNNING
5.300000000000053,636,S1_APPROACH_AND_PRE_FR_SHIFT,ADVANCE,v010_20260806_220745_363972_manual:S1_APPROACH_AND_PRE_FR_SHIFT:ALTERNATE_PROFILE_3:segments-0-4,3.708333333333389,0.8,5,0.019607063382864,0.01903761923313141,0.071663498878479,-0.25093442478846506,-0.19774538434777625,0.030319884239142704,FR,3,True,False,recoverable,0,False,RUNNING
5.366666666666723,644,S1_APPROACH_AND_PRE_FR_SHIFT,ADVANCE,v010_20260806_220745_363972_manual:S1_APPROACH_AND_PRE_FR_SHIFT:ALTERNATE_PROFILE_3:segments-0-4,3.775000000000059,0.8,5,0.02065565064549446,0.019036442041397095,0.07158908247947693,-0.25084605184226283,-0.19778129521546708,0.030321713244047175,FR,3,True,False,recoverable,0,False,RUNNING
5.433333333333393,652,S1_APPROACH_AND_PRE_FR_SHIFT,ADVANCE,v010_20260806_220745_363972_manual:S1_APPROACH_AND_PRE_FR_SHIFT:ALTERNATE_PROFILE_3:segments-0-4,3.841666666666729,0.8,5,0.021709874272346497,0.0190248042345047,0.07148883491754532,-0.2506200394923854,-0.19776367487752355,0.0303188717368398,FR,3,True,False,recoverable,0,False,RUNNING
5.500000000000063,660,S1_APPROACH_AND_PRE_FR_SHIFT,ADVANCE,v010_20260806_220745_363972_manual:S1_APPROACH_AND_PRE_FR_SHIFT:ALTERNATE_PROFILE_3:segments-0-4,3.908333333333399,0.8,5,0.02279280684888363,0.018996402621269226,0.07136019319295883,-0.25046971399331586,-0.19776467186991809,0.03028264295145346,FR,3,True,False,recoverable,0,False,RUNNING
5.566666666666733,668,S1_APPROACH_AND_PRE_FR_SHIFT,ADVANCE,v010_20260806_220745_363972_manual:S1_APPROACH_AND_PRE_FR_SHIFT:ALTERNATE_PROFILE_3:segments-0-4,3.975000000000069,0.8,5,0.023919520899653435,0.01899559050798416,0.07121595740318298,-0.25017326689781677,-0.19776924836146523,0.03034412143323511,FR,3,True,False,recoverable,0,False,RUNNING
5.633333333333403,676,S1_APPROACH_AND_PRE_FR_SHIFT,ADVANCE,v010_20260806_220745_363972_manual:S1_APPROACH_AND_PRE_FR_SHIFT:ALTERNATE_PROFILE_3:segments-0-4,4.041666666666739,0.8,5,0.025011911988258362,0.018926851451396942,0.07109683752059937,-0.24936149068132443,-0.1973084603492755,0.03023972202849325,FR,3,True,False,recoverable,0,False,RUNNING
5.700000000000073,684,S1_APPROACH_AND_PRE_FR_SHIFT,ADVANCE,v010_20260806_220745_363972_manual:S1_APPROACH_AND_PRE_FR_SHIFT:ALTERNATE_PROFILE_3:segments-0-4,4.108333333333409,0.8,5,0.025989869609475136,0.018863841891288757,0.07101079076528549,-0.24886603928153733,-0.19655820596948834,0.03005158139397474,FR,3,True,False,recoverable,0,False,RUNNING
5.766666666666743,692,S1_APPROACH_AND_PRE_FR_SHIFT,ADVANCE,v010_20260806_220745_363972_manual:S1_APPROACH_AND_PRE_FR_SHIFT:ALTERNATE_PROFILE_3:segments-0-4,4.175000000000079,0.8,5,0.026901986449956894,0.018826112151145935,0.07093506306409836,-0.24886267032152998,-0.19575084923335934,0.030001667261908303,FR,3,True,False,recoverable,0,False,RUNNING
5.833333333333413,700,S1_APPROACH_AND_PRE_FR_SHIFT,ADVANCE,v010_20260806_220745_363972_manual:S1_APPROACH_AND_PRE_FR_SHIFT:ALTERNATE_PROFILE_3:segments-0-4,4.241666666666749,0.8,5,0.027637053281068802,0.018797054886817932,0.0710165947675705,-0.24880748029068595,-0.19537027548692992,0.02992541322807863,FR,3,True,False,recoverable,0,False,RUNNING
5.900000000000083,708,S1_APPROACH_AND_PRE_FR_SHIFT,ADVANCE,v010_20260806_220745_363972_manual:S1_APPROACH_AND_PRE_FR_SHIFT:ALTERNATE_PROFILE_3:segments-0-4,4.308333333333419,0.8,5,0.02833104319870472,0.018755652010440826,0.07116192579269409,-0.24860474376038524,-0.19520647160389007,0.029853863970097195,FR,3,True,False,recoverable,0,False,RUNNING
5.966666666666753,716,S1_APPROACH_AND_PRE_FR_SHIFT,ADVANCE,v010_20260806_220745_363972_manual:S1_APPROACH_AND_PRE_FR_SHIFT:ALTERNATE_PROFILE_3:segments-0-4,4.375000000000089,0.8,5,0.029116056859493256,0.018721863627433777,0.0712963193655014,-0.24855938777303452,-0.19516345528383755,0.0297865700843626,FR,3,True,False,recoverable,0,False,RUNNING
6.033333333333423,724,S1_APPROACH_AND_PRE_FR_SHIFT,ADVANCE,v010_20260806_220745_363972_manual:S1_APPROACH_AND_PRE_FR_SHIFT:ALTERNATE_PROFILE_3:segments-0-4,4.441666666666759,0.8,5,0.029942356050014496,0.01868845522403717,0.07142367959022522,-0.24863296589249345,-0.19518742778972212,0.02981964320944957,FR,3,True,False,recoverable,0,False,RUNNING
6.100000000000093,732,S1_APPROACH_AND_PRE_FR_SHIFT,ADVANCE,v010_20260806_220745_363972_manual:S1_APPROACH_AND_PRE_FR_SHIFT:ALTERNATE_PROFILE_3:segments-0-4,4.508333333333429,0.8,5,0.03077045828104019,0.01864265650510788,0.071540467441082,-0.2485533192590642,-0.19519535939886726,0.029809124124164973,FR,3,True,False,recoverable,0,False,RUNNING
6.166666666666763,740,S1_APPROACH_AND_PRE_FR_SHIFT,ADVANCE,v010_20260806_220745_363972_manual:S1_APPROACH_AND_PRE_FR_SHIFT:ALTERNATE_PROFILE_3:segments-0-4,4.575000000000099,0.8,5,0.03163640573620796,0.018597833812236786,0.07164935022592545,-0.2484966527964421,-0.19523325812973857,0.02977168416960337,FR,3,True,False,recoverable,0,False,RUNNING
6.233333333333433,748,S1_APPROACH_AND_PRE_FR_SHIFT,ADVANCE,v010_20260806_220745_363972_manual:S1_APPROACH_AND_PRE_FR_SHIFT:ALTERNATE_PROFILE_3:segments-0-4,4.641666666666769,0.8,5,0.0325208455324173,0.01856251060962677,0.07173837721347809,-0.24858267685321664,-0.19530737333737808,0.02978280908992967,FR,3,True,False,recoverable,0,False,RUNNING
6.300000000000103,756,S1_APPROACH_AND_PRE_FR_SHIFT,ADVANCE,v010_20260806_220745_363972_manual:S1_APPROACH_AND_PRE_FR_SHIFT:ALTERNATE_PROFILE_3:segments-0-4,4.708333333333439,0.8,5,0.03342371806502342,0.018516525626182556,0.07182136923074722,-0.24863796097185137,-0.19537448124161214,0.02977575231542965,FR,3,True,False,recoverable,0,False,RUNNING
6.366666666666773,764,S1_APPROACH_AND_PRE_FR_SHIFT,ADVANCE,v010_20260806_220745_363972_manual:S1_APPROACH_AND_PRE_FR_SHIFT:ALTERNATE_PROFILE_3:segments-0-4,4.775000000000109,0.8,5,0.03432106226682663,0.01846228539943695,0.07187972217798233,-0.24870347275305643,-0.1954430680301986,0.02979156031578682,FR,3,True,False,recoverable,0,False,RUNNING
6.433333333333443,772,S1_APPROACH_AND_PRE_FR_SHIFT,ADVANCE,v010_20260806_220745_363972_manual:S1_APPROACH_AND_PRE_FR_SHIFT:ALTERNATE_PROFILE_3:segments-0-4,4.841666666666779,0.8,5,0.03525654599070549,0.01841377466917038,0.071930892765522,-0.2487356902258583,-0.1955172206263806,0.029752761326608722,FR,3,True,False,recoverable,0,False,RUNNING
6.500000000000113,780,S1_APPROACH_AND_PRE_FR_SHIFT,ADVANCE,v010_20260806_220745_363972_manual:S1_APPROACH_AND_PRE_FR_SHIFT:ALTERNATE_PROFILE_3:segments-0-4,4.908333333333449,0.8,5,0.036221180111169815,0.01837349683046341,0.0719635933637619,-0.2489064308845837,-0.19562972723831357,0.02971525028621553,FR,3,True,False,recoverable,0,False,RUNNING
6.566666666666783,788,S1_APPROACH_AND_PRE_FR_SHIFT,ADVANCE,v010_20260806_220745_363972_manual:S1_APPROACH_AND_PRE_FR_SHIFT:ALTERNATE_PROFILE_3:segments-0-4,4.975000000000119,0.8,5,0.037203382700681686,0.01832650601863861,0.07197684794664383,-0.24898720320214882,-0.1957381637053953,0.029667801031594773,FR,3,True,False,recoverable,0,False,RUNNING
6.633333333333453,796,S1_APPROACH_AND_PRE_FR_SHIFT,ADVANCE,v010_20260806_220745_363972_manual:S1_APPROACH_AND_PRE_FR_SHIFT:ALTERNATE_PROFILE_3:segments-0-4,5.041666666666789,0.8,5,0.03819844499230385,0.018268704414367676,0.07196847349405289,-0.24900486020796955,-0.19584048907721224,0.02960035211985851,FR,3,True,False,recoverable,0,False,RUNNING
6.700000000000123,804,S1_APPROACH_AND_PRE_FR_SHIFT,ADVANCE,v010_20260806_220745_363972_manual:S1_APPROACH_AND_PRE_FR_SHIFT:ALTERNATE_PROFILE_3:segments-0-4,5.108333333333459,0.8,5,0.039204444736242294,0.018223963677883148,0.07193818688392639,-0.24906270375101824,-0.19595582751214752,0.029586869700506606,FR,3,True,False,recoverable,0,False,RUNNING
6.766666666666793,812,S1_APPROACH_AND_PRE_FR_SHIFT,ADVANCE,v010_20260806_220745_363972_manual:S1_APPROACH_AND_PRE_FR_SHIFT:ALTERNATE_PROFILE_3:segments-0-4,5.175000000000129,0.8,5,0.040234338492155075,0.018234796822071075,0.07188765704631805,-0.24917141379792568,-0.19607537508588962,0.02966178972633411,FR,3,True,False,recoverable,0,False,RUNNING
6.833333333333463,820,S1_APPROACH_AND_PRE_FR_SHIFT,ADVANCE,v010_20260806_220745_363972_manual:S1_APPROACH_AND_PRE_FR_SHIFT:ALTERNATE_PROFILE_3:segments-0-4,5.241666666666799,0.8,5,0.04123901575803757,0.01827654242515564,0.07180974632501602,-0.24936863017647098,-0.19615708306261495,0.029715056370005512,FR,3,True,False,recoverable,0,False,RUNNING
6.900000000000133,828,S1_APPROACH_AND_PRE_FR_SHIFT,ADVANCE,v010_20260806_220745_363972_manual:S1_APPROACH_AND_PRE_FR_SHIFT:ALTERNATE_PROFILE_3:segments-0-4,5.308333333333469,0.8,5,0.042275164276361465,0.018304429948329926,0.07171128690242767,-0.24954963797871912,-0.19625200635656967,0.029738963646637476,FR,3,True,False,recoverable,0,False,RUNNING
6.966666666666803,836,S1_APPROACH_AND_PRE_FR_SHIFT,ADVANCE,v010_20260806_220745_363972_manual:S1_APPROACH_AND_PRE_FR_SHIFT:ALTERNATE_PROFILE_3:segments-0-4,5.3750000000001386,0.8,5,0.04335062950849533,0.018309369683265686,0.071586474776268,-0.2497947026797778,-0.19636689420806924,0.029846525505919957,FR,3,True,False,recoverable,0,False,RUNNING
7.033333333333473,844,S1_APPROACH_AND_PRE_FR_SHIFT,ADVANCE,v010_20260806_220745_363972_manual:S1_APPROACH_AND_PRE_FR_SHIFT:ALTERNATE_PROFILE_3:segments-0-4,5.4416666666668085,0.8,5,0.044440995901823044,0.01831679791212082,0.07143788039684296,-0.24985692891294753,-0.19644160477489872,0.029905992802091885,FR,3,True,False,recoverable,0,False,RUNNING
7.100000000000143,852,S1_APPROACH_AND_PRE_FR_SHIFT,ADVANCE,v010_20260806_220745_363972_manual:S1_APPROACH_AND_PRE_FR_SHIFT:ALTERNATE_PROFILE_3:segments-0-4,5.5083333333334785,0.8,5,0.045560792088508606,0.018313094973564148,0.07125192135572433,-0.25003508159907545,-0.1965383651671894,0.029969810099980235,FR,3,True,False,recoverable,0,False,RUNNING
7.166666666666813,860,S1_APPROACH_AND_PRE_FR_SHIFT,ADVANCE,v010_20260806_220745_363972_manual:S1_APPROACH_AND_PRE_FR_SHIFT:ALTERNATE_PROFILE_3:segments-0-4,5.5750000000001485,0.8,5,0.04666115343570709,0.01829567551612854,0.07107491046190262,-0.24982661128485847,-0.19635392697614776,0.0299721037175178,FR,3,True,False,recoverable,0,False,RUNNING
7.233333333333483,868,S1_APPROACH_AND_PRE_FR_SHIFT,ADVANCE,v010_20260806_220745_363972_manual:S1_APPROACH_AND_PRE_FR_SHIFT:ALTERNATE_PROFILE_3:segments-0-4,5.6416666666668185,0.8,5,0.04781327396631241,0.018218234181404114,0.07093045115470886,-0.24898604413809586,-0.19573838621109074,0.029837718234904928,FR,3,True,False,recoverable,0,False,RUNNING
7.300000000000153,876,S1_APPROACH_AND_PRE_FR_SHIFT,ADVANCE,v010_20260806_220745_363972_manual:S1_APPROACH_AND_PRE_FR_SHIFT:ALTERNATE_PROFILE_3:segments-0-4,5.7083333333334885,0.8,5,0.048747267574071884,0.018186338245868683,0.070852130651474,-0.24888307469439613,-0.19501023969817802,0.029744864894796084,FR,3,True,False,recoverable,0,False,RUNNING
7.366666666666823,884,S1_APPROACH_AND_PRE_FR_SHIFT,ADVANCE,v010_20260806_220745_363972_manual:S1_APPROACH_AND_PRE_FR_SHIFT:ALTERNATE_PROFILE_3:segments-0-4,5.7750000000001585,0.8,5,0.04948480799794197,0.018162347376346588,0.07092790305614471,-0.2488590604404385,-0.1946371933206779,0.029695463341363807,FR,3,True,False,recoverable,0,False,RUNNING
7.4333333333334926,892,S1_APPROACH_AND_PRE_FR_SHIFT,ADVANCE,v010_20260806_220745_363972_manual:S1_APPROACH_AND_PRE_FR_SHIFT:ALTERNATE_PROFILE_3:segments-0-4,5.841666666666828,0.8,5,0.050308164209127426,0.01813361793756485,0.07099635899066925,-0.2487977628022539,-0.19439107250047594,0.02960090889201635,FR,3,True,False,recoverable,0,False,RUNNING
7.5000000000001625,900,S1_APPROACH_AND_PRE_FR_SHIFT,ADVANCE,v010_20260806_220745_363972_manual:S1_APPROACH_AND_PRE_FR_SHIFT:ALTERNATE_PROFILE_3:segments-0-4,5.908333333333498,0.8,5,0.051193512976169586,0.018101654946804047,0.07105052471160889,-0.24881786041591444,-0.19418218872744558,0.029556033829490895,FR,3,True,False,recoverable,0,False,RUNNING
7.5666666666668325,908,S1_APPROACH_AND_PRE_FR_SHIFT,ADVANCE,v010_20260806_220745_363972_manual:S1_APPROACH_AND_PRE_FR_SHIFT:ALTERNATE_PROFILE_3:segments-0-4,5.975000000000168,0.8,5,0.05212412774562836,0.018063895404338837,0.07109031826257706,-0.24884773191423246,-0.19401219788442606,0.029548501806699566,FR,3,True,False,recoverable,0,False,RUNNING
7.6333333333335025,916,S1_APPROACH_AND_PRE_FR_SHIFT,ADVANCE,v010_20260806_220745_363972_manual:S1_APPROACH_AND_PRE_FR_SHIFT:ALTERNATE_PROFILE_3:segments-0-4,6.041666666666838,0.8,5,0.053092096000909805,0.018025420606136322,0.07111053913831711,-0.24900677426636023,-0.19387135875803052,0.029561591872176097,FR,3,True,False,recoverable,0,False,RUNNING
7.7000000000001725,924,S1_APPROACH_AND_PRE_FR_SHIFT,ADVANCE,v010_20260806_220745_363972_manual:S1_APPROACH_AND_PRE_FR_SHIFT:ALTERNATE_PROFILE_3:segments-0-4,6.108333333333508,0.8,5,0.05407804250717163,0.017973318696022034,0.07110658288002014,-0.24919051940484058,-0.19374407719053555,0.029609911076319644,FR,3,True,False,recoverable,0,False,RUNNING
7.7666666666668425,932,S1_APPROACH_AND_PRE_FR_SHIFT,ADVANCE,v010_20260806_220745_363972_manual:S1_APPROACH_AND_PRE_FR_SHIFT:ALTERNATE_PROFILE_3:segments-0-4,6.175000000000178,0.8,5,0.055059514939785004,0.017936095595359802,0.07108825445175171,-0.24934481604633565,-0.1935888057743348,0.029569400604750905,FR,3,True,False,recoverable,0,False,RUNNING
7.8333333333335124,940,S1_APPROACH_AND_PRE_FR_SHIFT,ADVANCE,v010_20260806_220745_363972_manual:S1_APPROACH_AND_PRE_FR_SHIFT:ALTERNATE_PROFILE_3:segments-0-4,6.241666666666848,0.8,5,0.05607456713914871,0.01789902150630951,0.07106101512908936,-0.2494383757209128,-0.1934431874452599,0.029478065511883887,FR,3,True,False,recoverable,0,False,RUNNING
7.900000000000182,948,S1_APPROACH_AND_PRE_FR_SHIFT,ADVANCE,v010_20260806_220745_363972_manual:S1_APPROACH_AND_PRE_FR_SHIFT:ALTERNATE_PROFILE_3:segments-0-4,6.308333333333518,0.8,5,0.0569588765501976,0.01784811168909073,0.0712675079703331,-0.2494631395488618,-0.19395154263908437,0.029500395585287463,FR,3,True,False,recoverable,0,False,RUNNING
7.966666666666852,956,S1_APPROACH_AND_PRE_FR_SHIFT,ADVANCE,v010_20260806_220745_363972_manual:S1_APPROACH_AND_PRE_FR_SHIFT:ALTERNATE_PROFILE_3:segments-0-4,6.375000000000188,0.8,5,0.05773148313164711,0.017834819853305817,0.07138543576002121,-0.24947805801045791,-0.19413845707443267,0.029513677335950467,FR,3,True,False,recoverable,0,False,RUNNING
8.033333333333518,964,S1_APPROACH_AND_PRE_FR_SHIFT,ADVANCE,v010_20260806_220745_363972_manual:S1_APPROACH_AND_PRE_FR_SHIFT:ALTERNATE_PROFILE_3:segments-0-4,6.441666666666855,0.8,5,0.058566950261592865,0.017821870744228363,0.0714920163154602,-0.2495096303729129,-0.19441239717736808,0.029570837386361216,FR,3,True,False,recoverable,0,False,RUNNING
8.10000000000018,972,S1_APPROACH_AND_PRE_FR_SHIFT,ADVANCE,v010_20260806_220745_363972_manual:S1_APPROACH_AND_PRE_FR_SHIFT:ALTERNATE_PROFILE_3:segments-0-4,6.508333333333518,0.8,5,0.05943802744150162,0.01780048757791519,0.0715886652469635,-0.2495039245869023,-0.19472884439322366,0.029606464458175597,FR,3,True,False,recoverable,0,False,RUNNING
8.166666666666844,980,S1_APPROACH_AND_PRE_FR_SHIFT,ADVANCE,v010_20260806_220745_363972_manual:S1_APPROACH_AND_PRE_FR_SHIFT:ALTERNATE_PROFILE_3:segments-0-4,6.5750000000001805,0.8,5,0.06034111976623535,0.017786972224712372,0.07165496796369553,-0.24943250647001947,-0.19509488571124284,0.029600656126867037,FR,3,True,False,recoverable,0,False,RUNNING
8.233333333333507,988,S1_APPROACH_AND_PRE_FR_SHIFT,ADVANCE,v010_20260806_220745_363972_manual:S1_APPROACH_AND_PRE_FR_SHIFT:ALTERNATE_PROFILE_3:segments-0-4,6.641666666666843,0.8,5,0.06125171482563019,0.017783895134925842,0.07170750945806503,-0.24940352276901656,-0.19546001377743671,0.029546972095124642,FR,3,True,False,recoverable,0,False,RUNNING
8.30000000000017,996,S1_APPROACH_AND_PRE_FR_SHIFT,ADVANCE,v010_20260806_220745_363972_manual:S1_APPROACH_AND_PRE_FR_SHIFT:ALTERNATE_PROFILE_3:segments-0-4,6.708333333333506,0.8,5,0.06220191717147827,0.017770789563655853,0.07174589484930038,-0.2493627039643344,-0.19586209244487315,0.029471987985928757,FR,3,True,False,recoverable,0,False,RUNNING
8.366666666666832,1004,S1_APPROACH_AND_PRE_FR_SHIFT,ADVANCE,v010_20260806_220745_363972_manual:S1_APPROACH_AND_PRE_FR_SHIFT:ALTERNATE_PROFILE_3:segments-0-4,6.775000000000169,0.8,5,0.06316716223955154,0.017768800258636475,0.07177188992500305,-0.2493072691975736,-0.19625940914129453,0.029418771981234982,FR,3,True,False,recoverable,0,False,RUNNING
8.433333333333495,1012,S1_APPROACH_AND_PRE_FR_SHIFT,ADVANCE,v010_20260806_220745_363972_manual:S1_APPROACH_AND_PRE_FR_SHIFT:ALTERNATE_PROFILE_3:segments-0-4,6.841666666666832,0.8,5,0.06412962079048157,0.017724789679050446,0.07183077931404114,-0.24881060919933773,-0.19629863315914658,0.029262232522208113,FR,3,True,False,recoverable,0,False,RUNNING
8.500000000000158,1020,S1_APPROACH_AND_PRE_FR_SHIFT,ADVANCE,v010_20260806_220745_363972_manual:S1_APPROACH_AND_PRE_FR_SHIFT:ALTERNATE_PROFILE_3:segments-0-4,6.908333333333495,0.8,5,0.06511476635932922,0.017688371241092682,0.07187151908874512,-0.24822998071986094,-0.19630385077076107,0.029074128109703085,FR,3,True,False,recoverable,0,False,RUNNING
8.566666666666821,1028,S1_APPROACH_AND_PRE_FR_SHIFT,ADVANCE,v010_20260806_220745_363972_manual:S1_APPROACH_AND_PRE_FR_SHIFT:ALTERNATE_PROFILE_3:segments-0-4,6.975000000000158,0.8,5,0.06613784283399582,0.01763106882572174,0.07189418375492096,-0.24772134994121003,-0.19633515035719062,0.02893219964210143,FR,3,True,False,recoverable,0,False,RUNNING
8.633333333333484,1036,S1_APPROACH_AND_PRE_FR_SHIFT,ADVANCE,v010_20260806_220745_363972_manual:S1_APPROACH_AND_PRE_FR_SHIFT:ALTERNATE_PROFILE_3:segments-0-4,7.041666666666821,0.8,5,0.06716331839561462,0.017584972083568573,0.0718887522816658,-0.2471675229057683,-0.1963301602565623,0.028789474599248743,FR,3,True,False,recoverable,0,False,RUNNING
8.700000000000147,1044,S1_APPROACH_AND_PRE_FR_SHIFT,ADVANCE,v010_20260806_220745_363972_manual:S1_APPROACH_AND_PRE_FR_SHIFT:ALTERNATE_PROFILE_3:segments-0-4,7.1083333333334835,0.8,5,0.0682092159986496,0.017559953033924103,0.0718754455447197,-0.24665510439869087,-0.19637780930205723,0.02876777587340884,FR,3,True,False,recoverable,0,False,RUNNING
8.76666666666681,1052,S1_APPROACH_AND_PRE_FR_SHIFT,ADVANCE,v010_20260806_220745_363972_manual:S1_APPROACH_AND_PRE_FR_SHIFT:ALTERNATE_PROFILE_3:segments-0-4,7.175000000000146,0.8,5,0.06922565400600433,0.01754620671272278,0.07183574885129929,-0.24602138875287036,-0.1963539433401443,0.02882526247796765,FR,3,True,False,recoverable,0,False,RUNNING
8.833333333333472,1060,S1_APPROACH_AND_PRE_FR_SHIFT,ADVANCE,v010_20260806_220745_363972_manual:S1_APPROACH_AND_PRE_FR_SHIFT:ALTERNATE_PROFILE_3:segments-0-4,7.241666666666809,0.8,5,0.0701192170381546,0.017551593482494354,0.07181689888238907,-0.24593144308801412,-0.1961800445383644,0.02885091440794089,FR,3,True,False,recoverable,0,False,RUNNING
8.900000000000135,1068,S1_APPROACH_AND_PRE_FR_SHIFT,ADVANCE,v010_20260806_220745_363972_manual:S1_APPROACH_AND_PRE_FR_SHIFT:ALTERNATE_PROFILE_3:segments-0-4,7.308333333333472,0.8,5,0.07098353654146194,0.017572909593582153,0.07180020213127136,-0.2461791724858281,-0.195940000851299,0.028904586584959237,FR,3,True,False,recoverable,0,False,RUNNING
8.966666666666798,1076,S1_APPROACH_AND_PRE_FR_SHIFT,ADVANCE,v010_20260806_220745_363972_manual:S1_APPROACH_AND_PRE_FR_SHIFT:ALTERNATE_PROFILE_3:segments-0-4,7.375000000000135,0.8,5,0.07190863788127899,0.017616435885429382,0.0717633068561554,-0.24659753073756435,-0.19579387395981315,0.029001356329062578,FR,3,True,False,recoverable,0,False,RUNNING
9.033333333333461,1084,S1_APPROACH_AND_PRE_FR_SHIFT,ADVANCE,v010_20260806_220745_363972_manual:S1_APPROACH_AND_PRE_FR_SHIFT:ALTERNATE_PROFILE_3:segments-0-4,7.441666666666798,0.8,5,0.07288773357868195,0.01765073835849762,0.07170142233371735,-0.24697509706691984,-0.19564790305834848,0.02909340337636089,FR,3,True,False,recoverable,0,False,RUNNING
9.100000000000124,1092,S1_APPROACH_AND_PRE_FR_SHIFT,ADVANCE,v010_20260806_220745_363972_manual:S1_APPROACH_AND_PRE_FR_SHIFT:ALTERNATE_PROFILE_3:segments-0-4,7.508333333333461,0.8,5,0.07387363910675049,0.01766766607761383,0.07161787897348404,-0.24738548490320336,-0.19549962518901498,0.02921142834944421,FR,3,True,False,recoverable,0,False,RUNNING
9.166666666666787,1100,S1_APPROACH_AND_PRE_FR_SHIFT,ADVANCE,v010_20260806_220745_363972_manual:S1_APPROACH_AND_PRE_FR_SHIFT:ALTERNATE_PROFILE_3:segments-0-4,7.575000000000124,0.8,5,0.07489214837551117,0.01768989861011505,0.07150570303201675,-0.24779170159306863,-0.19533569021872266,0.029312806210234115,FR,3,True,False,recoverable,0,False,RUNNING
9.23333333333345,1108,S1_APPROACH_AND_PRE_FR_SHIFT,ADVANCE,v010_20260806_220745_363972_manual:S1_APPROACH_AND_PRE_FR_SHIFT:ALTERNATE_PROFILE_3:segments-0-4,7.6416666666667865,0.8,5,0.07594761997461319,0.017701350152492523,0.07136841118335724,-0.24823065658130178,-0.1951845164522452,0.029459305102917947,FR,3,True,False,recoverable,0,False,RUNNING
9.300000000000113,1116,S1_APPROACH_AND_PRE_FR_SHIFT,ADVANCE,v010_20260806_220745_363972_manual:S1_APPROACH_AND_PRE_FR_SHIFT:ALTERNATE_PROFILE_3:segments-0-4,7.708333333333449,0.8,5,0.07702314853668213,0.01771831512451172,0.07120373845100403,-0.2486942014470828,-0.1950435854348862,0.029548791942996425,FR,3,True,False,recoverable,0,False,RUNNING
9.366666666666775,1124,S1_APPROACH_AND_PRE_FR_SHIFT,ADVANCE,v010_20260806_220745_363972_manual:S1_APPROACH_AND_PRE_FR_SHIFT:ALTERNATE_PROFILE_3:segments-0-4,7.775000000000112,0.8,5,0.0778619647026062,0.017719373106956482,0.07122130692005157,-0.24901276641090528,-0.1952538032353856,0.02963646909789899,FR,3,True,False,recoverable,0,False,RUNNING
9.433333333333438,1132,S1_APPROACH_AND_PRE_FR_SHIFT,ADVANCE,v010_20260806_220745_363972_manual:S1_APPROACH_AND_PRE_FR_SHIFT:ALTERNATE_PROFILE_3:segments-0-4,7.841666666666775,0.8,5,0.0786571130156517,0.01772010326385498,0.07129804790019989,-0.24921423363569567,-0.19562555329263215,0.02963461078473998,FR,3,True,False,recoverable,0,False,RUNNING
9.500000000000101,1140,S1_APPROACH_AND_PRE_FR_SHIFT,ADVANCE,v010_20260806_220745_363972_manual:S1_APPROACH_AND_PRE_FR_SHIFT:ALTERNATE_PROFILE_3:segments-0-4,7.908333333333438,0.8,5,0.0795043408870697,0.017717823386192322,0.07136285305023193,-0.24951016600126608,-0.196070306337256,0.029694083770905016,FR,3,True,False,recoverable,0,False,RUNNING
9.566666666666764,1148,S1_APPROACH_AND_PRE_FR_SHIFT,ADVANCE,v010_20260806_220745_363972_manual:S1_APPROACH_AND_PRE_FR_SHIFT:ALTERNATE_PROFILE_3:segments-0-4,7.975000000000101,0.8,5,0.08038897812366486,0.017710916697978973,0.07140801846981049,-0.24980544080838732,-0.19657511256734217,0.029780038656257522,FR,3,True,False,recoverable,0,False,RUNNING
9.633333333333427,1156,S1_APPROACH_AND_PRE_FR_SHIFT,ADVANCE,v010_20260806_220745_363972_manual:S1_APPROACH_AND_PRE_FR_SHIFT:ALTERNATE_PROFILE_3:segments-0-4,8.041666666666764,0.8,5,0.08123602718114853,0.017679579555988312,0.07149656116962433,-0.2493526481006887,-0.1965490697601581,0.029692844134587965,FR,3,True,False,recoverable,0,False,RUNNING
9.70000000000009,1164,S1_APPROACH_AND_PRE_FR_SHIFT,ADVANCE,v010_20260806_220745_363972_manual:S1_APPROACH_AND_PRE_FR_SHIFT:ALTERNATE_PROFILE_3:segments-0-4,8.108333333333427,0.8,5,0.08210664987564087,0.017633363604545593,0.07157283276319504,-0.24884578087705891,-0.19648439211097737,0.029482800560152615,FR,3,True,False,recoverable,0,False,RUNNING
9.766666666666753,1172,S1_APPROACH_AND_PRE_FR_SHIFT,ADVANCE,v010_20260806_220745_363972_manual:S1_APPROACH_AND_PRE_FR_SHIFT:ALTERNATE_PROFILE_3:segments-0-4,8.17500000000009,0.8,5,0.08303467184305191,0.017596282064914703,0.07164430618286133,-0.24830555276366992,-0.19646383460612332,0.02931396295541405,FR,3,True,False,recoverable,0,False,RUNNING
9.833333333333416,1180,S1_APPROACH_AND_PRE_FR_SHIFT,ADVANCE,v010_20260806_220745_363972_manual:S1_APPROACH_AND_PRE_FR_SHIFT:ALTERNATE_PROFILE_3:segments-0-4,8.241666666666752,0.8,5,0.08398495614528656,0.017552964389324188,0.07171141356229782,-0.24789028004533092,-0.19645371603136064,0.029153664199347007,FR,3,True,False,recoverable,0,False,RUNNING
9.900000000000079,1188,S1_APPROACH_AND_PRE_FR_SHIFT,ADVANCE,v010_20260806_220745_363972_manual:S1_APPROACH_AND_PRE_FR_SHIFT:ALTERNATE_PROFILE_3:segments-0-4,8.308333333333415,0.8,5,0.0848814994096756,0.01751842349767685,0.07177547365427017,-0.2476534181414309,-0.1963692225045393,0.028996355768572037,FR,3,True,False,recoverable,0,False,RUNNING
9.966666666666741,1196,S1_APPROACH_AND_PRE_FR_SHIFT,ADVANCE,v010_20260806_220745_363972_manual:S1_APPROACH_AND_PRE_FR_SHIFT:ALTERNATE_PROFILE_3:segments-0-4,8.375000000000078,0.8,5,0.08580285310745239,0.01747773587703705,0.07182002067565918,-0.2474465708833935,-0.19629303910770546,0.028852458509566376,FR,3,True,False,recoverable,0,False,RUNNING
10.033333333333404,1204,S1_APPROACH_AND_PRE_FR_SHIFT,ADVANCE,v010_20260806_220745_363972_manual:S1_APPROACH_AND_PRE_FR_SHIFT:ALTERNATE_PROFILE_3:segments-0-4,8.441666666666741,0.8,5,0.0867626816034317,0.017454661428928375,0.07184471935033798,-0.24722694961089567,-0.196207377901974,0.028786858515612464,FR,3,True,False,recoverable,0,False,RUNNING
10.100000000000067,1212,S1_APPROACH_AND_PRE_FR_SHIFT,ADVANCE,v010_20260806_220745_363972_manual:S1_APPROACH_AND_PRE_FR_SHIFT:ALTERNATE_PROFILE_3:segments-0-4,8.508333333333404,0.8,5,0.08776558190584183,0.01743149757385254,0.07185161113739014,-0.24697021096550448,-0.19614976620240435,0.0287328230820056,FR,3,True,False,recoverable,0,False,RUNNING
10.16666666666673,1220,S1_APPROACH_AND_PRE_FR_SHIFT,ADVANCE,v010_20260806_220745_363972_manual:S1_APPROACH_AND_PRE_FR_SHIFT:ALTERNATE_PROFILE_3:segments-0-4,8.575000000000067,0.8,5,0.08879296481609344,0.01740516722202301,0.07183640450239182,-0.24672753414179419,-0.19608976220294372,0.02867778633206748,FR,3,True,False,recoverable,0,False,RUNNING
10.233333333333393,1228,S1_APPROACH_AND_PRE_FR_SHIFT,ADVANCE,v010_20260806_220745_363972_manual:S1_APPROACH_AND_PRE_FR_SHIFT:ALTERNATE_PROFILE_3:segments-0-4,8.64166666666673,0.8,5,0.08983743190765381,0.01737162470817566,0.07179716229438782,-0.2464921526278787,-0.19601895914089038,0.02862833085674222,FR,3,True,False,recoverable,0,False,RUNNING
10.300000000000056,1236,S1_APPROACH_AND_PRE_FR_SHIFT,ADVANCE,v010_20260806_220745_363972_manual:S1_APPROACH_AND_PRE_FR_SHIFT:ALTERNATE_PROFILE_3:segments-0-4,8.708333333333393,0.8,5,0.09090620279312134,0.017335757613182068,0.0717318058013916,-0.24630688168452378,-0.19596183682187768,0.02858946242462073,FR,3,True,False,recoverable,0,False,RUNNING
10.366666666666719,1244,S1_APPROACH_AND_PRE_FR_SHIFT,ADVANCE,v010_20260806_220745_363972_manual:S1_APPROACH_AND_PRE_FR_SHIFT:ALTERNATE_PROFILE_3:segments-0-4,8.775000000000055,0.8,5,0.09198274463415146,0.017291277647018433,0.07164337486028671,-0.24611510971704734,-0.19587798346079224,0.0285578129584412,FR,3,True,False,recoverable,0,False,RUNNING
10.433333333333382,1252,S1_APPROACH_AND_PRE_FR_SHIFT,ADVANCE,v010_20260806_220745_363972_manual:S1_APPROACH_AND_PRE_FR_SHIFT:ALTERNATE_PROFILE_3:segments-0-4,8.841666666666718,0.8,5,0.09308381378650665,0.017240256071090698,0.07152893394231796,-0.24591084647763445,-0.19581763414070588,0.028530810916275358,FR,3,True,False,recoverable,0,False,RUNNING
10.500000000000044,1260,S1_APPROACH_AND_PRE_FR_SHIFT,ADVANCE,v010_20260806_220745_363972_manual:S1_APPROACH_AND_PRE_FR_SHIFT:ALTERNATE_PROFILE_3:segments-0-4,8.908333333333381,0.8,5,0.09404532611370087,0.017233476042747498,0.0714399591088295,-0.24605234290284012,-0.19556334336613163,0.028405618857264107,FR,3,True,False,recoverable,0,False,RUNNING
10.566666666666707,1268,S1_APPROACH_AND_PRE_FR_SHIFT,ADVANCE,v010_20260806_220745_363972_manual:S1_APPROACH_AND_PRE_FR_SHIFT:ALTERNATE_PROFILE_3:segments-0-4,8.975000000000044,0.8,5,0.09476655721664429,0.017250053584575653,0.07149380445480347,-0.24639410887769472,-0.19549429381892938,0.028305552174731605,FR,3,True,False,recoverable,0,False,RUNNING
10.63333333333337,1276,S1_APPROACH_AND_PRE_FR_SHIFT,ADVANCE,v010_20260806_220745_363972_manual:S1_APPROACH_AND_PRE_FR_SHIFT:ALTERNATE_PROFILE_3:segments-0-4,9.041666666666707,0.8,5,0.0955333262681961,0.017263785004615784,0.07156170159578323,-0.24682781580763694,-0.19561976738967318,0.028233968621858754,FR,3,True,False,recoverable,0,False,RUNNING
10.700000000000033,1284,S1_APPROACH_AND_PRE_FR_SHIFT,ADVANCE,v010_20260806_220745_363972_manual:S1_APPROACH_AND_PRE_FR_SHIFT:ALTERNATE_PROFILE_3:segments-0-4,9.10833333333337,0.8,5,0.09635736048221588,0.01727738231420517,0.07162019610404968,-0.24721951996483554,-0.19578062387775877,0.02817163442202729,FR,3,True,False,recoverable,0,False,RUNNING
10.766666666666696,1292,S1_APPROACH_AND_PRE_FR_SHIFT,ADVANCE,v010_20260806_220745_363972_manual:S1_APPROACH_AND_PRE_FR_SHIFT:ALTERNATE_PROFILE_3:segments-0-4,9.175000000000033,0.8,5,0.097234345972538,0.017299935221672058,0.07166160643100739,-0.2477918407935912,-0.19602173350526333,0.02816493284732983,FR,3,True,False,recoverable,0,False,RUNNING
10.833333333333359,1300,S1_APPROACH_AND_PRE_FR_SHIFT,ADVANCE,v010_20260806_220745_363972_manual:S1_APPROACH_AND_PRE_FR_SHIFT:ALTERNATE_PROFILE_3:segments-0-4,9.241666666666696,0.8,5,0.09814347326755524,0.017320916056632996,0.07169532030820847,-0.24838369053780432,-0.1962822569612695,0.028157506298382134,FR,3,True,False,recoverable,0,False,RUNNING
10.900000000000022,1308,S1_APPROACH_AND_PRE_FR_SHIFT,ADVANCE,v010_20260806_220745_363972_manual:S1_APPROACH_AND_PRE_FR_SHIFT:ALTERNATE_PROFILE_3:segments-0-4,9.308333333333358,0.8,5,0.0990772694349289,0.017330490052700043,0.07171409577131271,-0.24892204951114266,-0.19654871633005822,0.02815092746075509,FR,3,True,False,recoverable,0,False,RUNNING
10.966666666666685,1316,S1_APPROACH_AND_PRE_FR_SHIFT,ADVANCE,v010_20260806_220745_363972_manual:S1_APPROACH_AND_PRE_FR_SHIFT:ALTERNATE_PROFILE_3:segments-0-4,9.375000000000021,0.8,5,0.09999552369117737,0.017315559089183807,0.07173679769039154,-0.24915857473580735,-0.19660194822062008,0.028059200561739855,FR,3,True,False,recoverable,0,False,RUNNING
11.033333333333347,1324,S1_APPROACH_AND_PRE_FR_SHIFT,ADVANCE,v010_20260806_220745_363972_manual:S1_APPROACH_AND_PRE_FR_SHIFT:ALTERNATE_PROFILE_3:segments-0-4,9.441666666666684,0.8,5,0.10094472765922546,0.01727457344532013,0.07178691774606705,-0.24903518944529865,-0.19637880913572553,0.02789920917264062,FR,3,True,False,recoverable,0,False,RUNNING
11.10000000000001,1332,S1_APPROACH_AND_PRE_FR_SHIFT,ADVANCE,v010_20260806_220745_363972_manual:S1_APPROACH_AND_PRE_FR_SHIFT:ALTERNATE_PROFILE_3:segments-0-4,9.508333333333347,0.8,5,0.10191985964775085,0.01726381480693817,0.07181563973426819,-0.2490688021690445,-0.19618883152349217,0.027868209607024078,FR,3,True,False,recoverable,0,False,RUNNING
11.166666666666673,1340,S1_APPROACH_AND_PRE_FR_SHIFT,ADVANCE,v010_20260806_220745_363972_manual:S1_APPROACH_AND_PRE_FR_SHIFT:ALTERNATE_PROFILE_3:segments-0-4,9.57500000000001,0.8,5,0.10291905701160431,0.017256304621696472,0.0718250572681427,-0.2490835591838648,-0.1959926395485409,0.027906202132168913,FR,3,True,False,recoverable,0,False,RUNNING
11.233333333333336,1348,S1_APPROACH_AND_PRE_FR_SHIFT,ADVANCE,v010_20260806_220745_363972_manual:S1_APPROACH_AND_PRE_FR_SHIFT:ALTERNATE_PROFILE_3:segments-0-4,9.641666666666673,0.8,5,0.1039358377456665,0.017254531383514404,0.07181951403617859,-0.2491631946566693,-0.1957905698769605,0.027916724597353577,FR,3,True,False,recoverable,0,False,RUNNING
11.299999999999999,1356,S1_APPROACH_AND_PRE_FR_SHIFT,ADVANCE,v010_20260806_220745_363972_manual:S1_APPROACH_AND_PRE_FR_SHIFT:ALTERNATE_PROFILE_3:segments-0-4,9.708333333333336,0.8,5,0.10497608780860901,0.01723349094390869,0.07178672403097153,-0.24915124894222757,-0.1955943539298128,0.027905465177523785,FR,3,True,False,recoverable,0,False,RUNNING
11.366666666666662,1364,S1_APPROACH_AND_PRE_FR_SHIFT,ADVANCE,v010_20260806_220745_363972_manual:S1_APPROACH_AND_PRE_FR_SHIFT:ALTERNATE_PROFILE_3:segments-0-4,9.774999999999999,0.8,5,0.10602372884750366,0.017219647765159607,0.0717281848192215,-0.24915066091223206,-0.1953688456662319,0.027936626857478962,FR,3,True,False,recoverable,0,False,RUNNING
11.433333333333325,1372,S1_APPROACH_AND_PRE_FR_SHIFT,ADVANCE,v010_20260806_220745_363972_manual:S1_APPROACH_AND_PRE_FR_SHIFT:ALTERNATE_PROFILE_3:segments-0-4,9.841666666666661,0.8,5,0.10709170997142792,0.017195135354995728,0.07165665179491043,-0.24913274122634632,-0.19513480814522619,0.027941837194327232,FR,3,True,False,recoverable,0,False,RUNNING
11.499999999999988,1380,S1_APPROACH_AND_PRE_FR_SHIFT,ADVANCE,v010_20260806_220745_363972_manual:S1_APPROACH_AND_PRE_FR_SHIFT:ALTERNATE_PROFILE_3:segments-0-4,9.908333333333324,0.8,5,0.10818994045257568,0.017159610986709595,0.07155614346265793,-0.24912772777041892,-0.19491310109595747,0.027942199120255477,FR,3,True,False,recoverable,0,False,RUNNING
11.56666666666665,1388,S1_APPROACH_AND_PRE_FR_SHIFT,ADVANCE,v010_20260806_220745_363972_manual:S1_APPROACH_AND_PRE_FR_SHIFT:ALTERNATE_PROFILE_3:segments-0-4,9.974999999999987,0.8,5,0.10929200053215027,0.017149828374385834,0.07142207026481628,-0.24911871179916467,-0.19468406982649783,0.027845567929313808,FR,3,True,False,recoverable,0,False,RUNNING
11.633333333333313,1396,S1_APPROACH_AND_PRE_FR_SHIFT,ADVANCE,v010_20260806_220745_363972_manual:S1_APPROACH_AND_PRE_FR_SHIFT:ALTERNATE_PROFILE_3:segments-0-4,10.04166666666665,0.8,5,0.11012205481529236,0.017140820622444153,0.07148851454257965,-0.2489426158290461,-0.19483437129219025,0.027703260559575924,FR,3,True,False,recoverable,0,False,RUNNING
11.699999999999976,1404,S1_APPROACH_AND_PRE_FR_SHIFT,ADVANCE,v010_20260806_220745_363972_manual:S1_APPROACH_AND_PRE_FR_SHIFT:ALTERNATE_PROFILE_3:segments-0-4,10.108333333333313,0.8,5,0.11100475490093231,0.017133235931396484,0.07155823707580566,-0.24884434710485176,-0.19511883857726792,0.027572514045556266,FR,3,True,False,recoverable,0,False,RUNNING
11.766666666666639,1412,S1_APPROACH_AND_PRE_FR_SHIFT,ADVANCE,v010_20260806_220745_363972_manual:S1_APPROACH_AND_PRE_FR_SHIFT:ALTERNATE_PROFILE_3:segments-0-4,10.174999999999976,0.8,5,0.11194100975990295,0.017110638320446014,0.07161842286586761,-0.24861720194347472,-0.19542877144138598,0.027418803731104214,FR,3,True,False,recoverable,0,False,RUNNING
11.833333333333302,1420,S1_APPROACH_AND_PRE_FR_SHIFT,ADVANCE,v010_20260806_220745_363972_manual:S1_APPROACH_AND_PRE_FR_SHIFT:ALTERNATE_PROFILE_3:segments-0-4,10.241666666666639,0.8,5,0.11290694773197174,0.017089739441871643,0.0716608315706253,-0.2484180198269189,-0.19577986352676605,0.027271584382451967,FR,3,True,False,recoverable,0,False,RUNNING
11.899999999999965,1428,S1_APPROACH_AND_PRE_FR_SHIFT,ADVANCE,v010_20260806_220745_363972_manual:S1_APPROACH_AND_PRE_FR_SHIFT:ALTERNATE_PROFILE_3:segments-0-4,10.308333333333302,0.8,5,0.11388032138347626,0.017066173255443573,0.07168503105640411,-0.2482962431893824,-0.19614200508014848,0.027144178764183974,FR,3,True,False,recoverable,0,False,RUNNING
11.966666666666628,1436,S1_APPROACH_AND_PRE_FR_SHIFT,ADVANCE,v010_20260806_220745_363972_manual:S1_APPROACH_AND_PRE_FR_SHIFT:ALTERNATE_PROFILE_3:segments-0-4,10.374999999999964,0.8,5,0.11489464342594147,0.01703469455242157,0.07169023156166077,-0.24811713350969375,-0.19653674019187586,0.026988199476359897,FR,3,True,False,recoverable,0,False,RUNNING
12.03333333333329,1444,S1_APPROACH_AND_PRE_FR_SHIFT,ADVANCE,v010_20260806_220745_363972_manual:S1_APPROACH_AND_PRE_FR_SHIFT:ALTERNATE_PROFILE_3:segments-0-4,10.441666666666627,0.8,5,0.11590549349784851,0.01699424535036087,0.07167290896177292,-0.24796492788350763,-0.1968998857500598,0.026828395546211994,FR,3,True,False,recoverable,0,False,RUNNING
12.099999999999953,1452,S1_APPROACH_AND_PRE_FR_SHIFT,ADVANCE,v010_20260806_220745_363972_manual:S1_APPROACH_AND_PRE_FR_SHIFT:ALTERNATE_PROFILE_3:segments-0-4,10.50833333333329,0.8,5,0.11694374680519104,0.01696200668811798,0.07162803411483765,-0.24782782421715785,-0.1972834970636629,0.02671713318899909,FR,3,True,False,recoverable,0,False,RUNNING
12.166666666666616,1460,S1_APPROACH_AND_PRE_FR_SHIFT,ADVANCE,v010_20260806_220745_363972_manual:S1_APPROACH_AND_PRE_FR_SHIFT:ALTERNATE_PROFILE_3:segments-0-4,10.574999999999953,0.8,5,0.11795075982809067,0.01693112403154373,0.07158461213111877,-0.24783023472888013,-0.19758979808740296,0.026616939599176465,FR,3,True,False,recoverable,0,False,RUNNING
12.23333333333328,1468,S1_APPROACH_AND_PRE_FR_SHIFT,ADVANCE,v010_20260806_220745_363972_manual:S1_APPROACH_AND_PRE_FR_SHIFT:ALTERNATE_PROFILE_3:segments-0-4,10.641666666666616,0.8,5,0.11878584325313568,0.016915641725063324,0.07156585901975632,-0.24840988656195642,-0.19766890363471395,0.026561806815223316,FR,3,True,False,recoverable,0,False,RUNNING
12.299999999999942,1476,S1_APPROACH_AND_PRE_FR_SHIFT,ADVANCE,v010_20260806_220745_363972_manual:S1_APPROACH_AND_PRE_FR_SHIFT:ALTERNATE_PROFILE_3:segments-0-4,10.708333333333279,0.8,5,0.11969652771949768,0.016902297735214233,0.0715293362736702,-0.24904110886262737,-0.19783655623819688,0.026539219970156316,FR,3,True,False,recoverable,0,False,RUNNING
12.366666666666605,1484,S1_APPROACH_AND_PRE_FR_SHIFT,ADVANCE,v010_20260806_220745_363972_manual:S1_APPROACH_AND_PRE_FR_SHIFT:ALTERNATE_PROFILE_3:segments-0-4,10.774999999999942,0.8,5,0.12060931324958801,0.0168604776263237,0.07150710374116898,-0.24933900636698425,-0.19774375783441805,0.02649907016020716,FR,3,True,False,recoverable,0,False,RUNNING
12.433333333333268,1492,S1_APPROACH_AND_PRE_FR_SHIFT,ADVANCE,v010_20260806_220745_363972_manual:S1_APPROACH_AND_PRE_FR_SHIFT:ALTERNATE_PROFILE_3:segments-0-4,10.841666666666605,0.8,5,0.12157842516899109,0.01685776561498642,0.07148981094360352,-0.24949336115041504,-0.19755143513728363,0.02656178873537375,FR,3,True,False,recoverable,0,False,RUNNING
12.49999999999993,1500,S1_APPROACH_AND_PRE_FR_SHIFT,ADVANCE,v010_20260806_220745_363972_manual:S1_APPROACH_AND_PRE_FR_SHIFT:ALTERNATE_PROFILE_3:segments-0-4,10.908333333333267,0.8,5,0.12257450819015503,0.016854509711265564,0.07145041972398758,-0.24962924601823266,-0.19735808796861984,0.02662165280349083,FR,3,True,False,recoverable,0,False,RUNNING
12.566666666666594,1508,S1_APPROACH_AND_PRE_FR_SHIFT,ADVANCE,v010_20260806_220745_363972_manual:S1_APPROACH_AND_PRE_FR_SHIFT:ALTERNATE_PROFILE_3:segments-0-4,10.97499999999993,0.8,5,0.12358634173870087,0.01683967560529709,0.07138767093420029,-0.2498599221753779,-0.19716889330634585,0.026706957449964448,FR,3,True,False,recoverable,0,False,RUNNING
12.633333333333256,1516,S1_APPROACH_AND_PRE_FR_SHIFT,ADVANCE,v010_20260806_220745_363972_manual:S1_APPROACH_AND_PRE_FR_SHIFT:ALTERNATE_PROFILE_3:segments-0-4,11.041666666666593,0.8,5,0.12463957071304321,0.01682678610086441,0.07129643112421036,-0.2500682584955708,-0.1969931089610235,0.026798246886163123,FR,3,True,False,recoverable,0,False,RUNNING
12.69999999999992,1524,S1_APPROACH_AND_PRE_FR_SHIFT,ADVANCE,v010_20260806_220745_363972_manual:S1_APPROACH_AND_PRE_FR_SHIFT:ALTERNATE_PROFILE_3:segments-0-4,11.108333333333256,0.8,5,0.12568186223506927,0.016800329089164734,0.07117817550897598,-0.2503210287713928,-0.19679967523607061,0.026880457726973016,FR,3,True,False,recoverable,0,False,RUNNING
12.766666666666582,1532,S1_APPROACH_AND_PRE_FR_SHIFT,ADVANCE,v010_20260806_220745_363972_manual:S1_APPROACH_AND_PRE_FR_SHIFT:ALTERNATE_PROFILE_3:segments-0-4,11.174999999999919,0.8,5,0.12675124406814575,0.016774415969848633,0.07104035466909409,-0.250513922106309,-0.19658446214515515,0.02695327282490949,FR,3,True,False,recoverable,0,False,RUNNING
12.833333333333245,1540,S1_APPROACH_AND_PRE_FR_SHIFT,ADVANCE,v010_20260806_220745_363972_manual:S1_APPROACH_AND_PRE_FR_SHIFT:ALTERNATE_PROFILE_3:segments-0-4,11.241666666666582,0.8,5,0.12784622609615326,0.016787394881248474,0.070876345038414,-0.25070373657979217,-0.1963964072504731,0.026874560519816407,FR,3,True,False,recoverable,0,False,RUNNING
12.899999999999908,1548,S1_APPROACH_AND_PRE_FR_SHIFT,ADVANCE,v010_20260806_220745_363972_manual:S1_APPROACH_AND_PRE_FR_SHIFT:ALTERNATE_PROFILE_3:segments-0-4,11.308333333333245,0.8,5,0.1286100149154663,0.01676885038614273,0.07096416503190994,-0.2502505653787731,-0.19622636621976391,0.026680680885183532,FR,3,True,False,recoverable,0,False,RUNNING
12.96666666666657,1556,S1_APPROACH_AND_PRE_FR_SHIFT,ADVANCE,v010_20260806_220745_363972_manual:S1_APPROACH_AND_PRE_FR_SHIFT:ALTERNATE_PROFILE_3:segments-0-4,11.374999999999908,0.8,5,0.12938709557056427,0.016727745532989502,0.07109955698251724,-0.2497195827011512,-0.19613710756530295,0.026478821198396205,FR,3,True,False,recoverable,0,False,RUNNING
13.033333333333234,1564,S1_APPROACH_AND_PRE_FR_SHIFT,ADVANCE,v010_20260806_220745_363972_manual:S1_APPROACH_AND_PRE_FR_SHIFT:ALTERNATE_PROFILE_3:segments-0-4,11.44166666666657,0.8,5,0.13025900721549988,0.016692832112312317,0.07123275846242905,-0.2491823780079707,-0.19613856842257815,0.02629089867064946,FR,3,True,False,recoverable,0,False,RUNNING
13.099999999999897,1572,S1_APPROACH_AND_PRE_FR_SHIFT,ADVANCE,v010_20260806_220745_363972_manual:S1_APPROACH_AND_PRE_FR_SHIFT:ALTERNATE_PROFILE_3:segments-0-4,11.508333333333233,0.8,5,0.13115698099136353,0.016649365425109863,0.0713549479842186,-0.24861635890275835,-0.1961495551220155,0.026087023707111908,FR,3,True,False,recoverable,0,False,RUNNING
13.16666666666656,1580,S1_APPROACH_AND_PRE_FR_SHIFT,ADVANCE,v010_20260806_220745_363972_manual:S1_APPROACH_AND_PRE_FR_SHIFT:ALTERNATE_PROFILE_3:segments-0-4,11.574999999999896,0.8,5,0.13209925591945648,0.016599543392658234,0.0714569091796875,-0.24809226199725715,-0.19622149672476027,0.02590556496933056,FR,3,True,False,recoverable,0,False,RUNNING
13.233333333333222,1588,S1_APPROACH_AND_PRE_FR_SHIFT,ADVANCE,v010_20260806_220745_363972_manual:S1_APPROACH_AND_PRE_FR_SHIFT:ALTERNATE_PROFILE_3:segments-0-4,11.64166666666656,0.8,5,0.13304059207439423,0.01654256135225296,0.0715399757027626,-0.24751995461668289,-0.19624976077679263,0.025751003292511516,FR,3,True,False,recoverable,0,False,RUNNING
13.299999999999885,1596,S1_APPROACH_AND_PRE_FR_SHIFT,ADVANCE,v010_20260806_220745_363972_manual:S1_APPROACH_AND_PRE_FR_SHIFT:ALTERNATE_PROFILE_3:segments-0-4,11.708333333333222,0.8,5,0.13402767479419708,0.01648438721895218,0.07161185890436172,-0.2470055867845737,-0.19634285739762783,0.025604313261017277,FR,3,True,False,recoverable,0,False,RUNNING
13.366666666666548,1604,S1_APPROACH_AND_PRE_FR_SHIFT,ADVANCE,v010_20260806_220745_363972_manual:S1_APPROACH_AND_PRE_FR_SHIFT:ALTERNATE_PROFILE_3:segments-0-4,11.774999999999885,0.8,5,0.13504166901111603,0.016442030668258667,0.07166387885808945,-0.24632090855692731,-0.19640586737668606,0.02536047214021702,FR,3,True,False,recoverable,0,False,RUNNING
13.433333333333211,1612,S1_APPROACH_AND_PRE_FR_SHIFT,ADVANCE,v010_20260806_220745_363972_manual:S1_APPROACH_AND_PRE_FR_SHIFT:ALTERNATE_PROFILE_3:segments-0-4,11.841666666666548,0.8,5,0.13607002794742584,0.01638668030500412,0.07169210910797119,-0.24568966889491137,-0.19645374262534782,0.025166883645968717,FR,3,True,False,recoverable,0,False,RUNNING
13.499999999999874,1620,S1_APPROACH_AND_PRE_FR_SHIFT,ADVANCE,v010_20260806_220745_363972_manual:S1_APPROACH_AND_PRE_FR_SHIFT:ALTERNATE_PROFILE_3:segments-0-4,11.90833333333321,0.8,5,0.1371154487133026,0.016328513622283936,0.0716981589794159,-0.2451565069292935,-0.19652373039014037,0.025016876011847027,FR,3,True,False,recoverable,0,False,RUNNING
13.566666666666537,1628,S1_APPROACH_AND_PRE_FR_SHIFT,ADVANCE,v010_20260806_220745_363972_manual:S1_APPROACH_AND_PRE_FR_SHIFT:ALTERNATE_PROFILE_3:segments-0-4,11.974999999999874,0.8,5,0.13790562748908997,0.016324885189533234,0.07174402475357056,-0.2452095063183668,-0.19623345600803,0.02487748956281653,FR,3,True,False,recoverable,0,False,RUNNING
13.6333333333332,1636,S1_APPROACH_AND_PRE_FR_SHIFT,ADVANCE,v010_20260806_220745_363972_manual:S1_APPROACH_AND_PRE_FR_SHIFT:ALTERNATE_PROFILE_3:segments-0-4,12.041666666666536,0.8,5,0.13870751857757568,0.01633189618587494,0.0717647522687912,-0.24551208930826865,-0.19601516096714583,0.02489704505414697,FR,3,True,False,recoverable,0,False,RUNNING
13.699999999999863,1644,S1_APPROACH_AND_PRE_FR_SHIFT,ADVANCE,v010_20260806_220745_363972_manual:S1_APPROACH_AND_PRE_FR_SHIFT:ALTERNATE_PROFILE_3:segments-0-4,12.1083333333332,0.8,5,0.13955798745155334,0.016382388770580292,0.07179193198680878,-0.2457858070859419,-0.19585951909317773,0.025000274485244896,FR,3,True,False,recoverable,0,False,RUNNING
13.766666666666525,1652,S1_APPROACH_AND_PRE_FR_SHIFT,ADVANCE,v010_20260806_220745_363972_manual:S1_APPROACH_AND_PRE_FR_SHIFT:ALTERNATE_PROFILE_3:segments-0-4,12.174999999999862,0.8,5,0.1404518336057663,0.016388781368732452,0.0717841386795044,-0.2461602260398332,-0.1957147671446953,0.025048042639069092,FR,3,True,False,recoverable,0,False,RUNNING
13.833333333333188,1660,S1_APPROACH_AND_PRE_FR_SHIFT,ADVANCE,v010_20260806_220745_363972_manual:S1_APPROACH_AND_PRE_FR_SHIFT:ALTERNATE_PROFILE_3:segments-0-4,12.241666666666525,0.8,5,0.14140550792217255,0.016429148614406586,0.07176057249307632,-0.24674799872211814,-0.1956573470323278,0.02507747607409321,FR,3,True,False,recoverable,0,False,RUNNING
13.899999999999851,1668,S1_APPROACH_AND_PRE_FR_SHIFT,ADVANCE,v010_20260806_220745_363972_manual:S1_APPROACH_AND_PRE_FR_SHIFT:ALTERNATE_PROFILE_3:segments-0-4,12.308333333333188,0.8,5,0.14237837493419647,0.01645677536725998,0.07171815633773804,-0.24726132335777948,-0.19556428222004496,0.025097174552111065,FR,3,True,False,recoverable,0,False,RUNNING
13.966666666666514,1676,S1_APPROACH_AND_PRE_FR_SHIFT,ADVANCE,v010_20260806_220745_363972_manual:S1_APPROACH_AND_PRE_FR_SHIFT:ALTERNATE_PROFILE_3:segments-0-4,12.37499999999985,0.8,5,0.14336839318275452,0.016484156250953674,0.0716540664434433,-0.2477860226960399,-0.19548518139951823,0.02510827892409215,FR,3,True,False,recoverable,0,False,RUNNING
14.033333333333177,1684,S1_APPROACH_AND_PRE_FR_SHIFT,ADVANCE,v010_20260806_220745_363972_manual:S1_APPROACH_AND_PRE_FR_SHIFT:ALTERNATE_PROFILE_3:segments-0-4,12.441666666666514,0.8,5,0.14436295628547668,0.016511671245098114,0.07156550139188766,-0.2484051064190898,-0.19541258828174574,0.02514154285798443,FR,3,True,False,recoverable,0,False,RUNNING
14.09999999999984,1692,S1_APPROACH_AND_PRE_FR_SHIFT,ADVANCE,v010_20260806_220745_363972_manual:S1_APPROACH_AND_PRE_FR_SHIFT:ALTERNATE_PROFILE_3:segments-0-4,12.508333333333177,0.8,5,0.14537975192070007,0.016517944633960724,0.0714573934674263,-0.24895438051099594,-0.19532170848962038,0.025149110287037844,FR,3,True,False,recoverable,0,False,RUNNING
14.166666666666503,1700,S1_APPROACH_AND_PRE_FR_SHIFT,ADVANCE,v010_20260806_220745_363972_manual:S1_APPROACH_AND_PRE_FR_SHIFT:ALTERNATE_PROFILE_3:segments-0-4,12.57499999999984,0.8,5,0.14642412960529327,0.016527019441127777,0.07133600860834122,-0.24951026901679793,-0.19524483838929763,0.025166637332621145,FR,3,True,False,recoverable,0,False,RUNNING
14.233333333333166,1708,S1_APPROACH_AND_PRE_FR_SHIFT,ADVANCE,v010_20260806_220745_363972_manual:S1_APPROACH_AND_PRE_FR_SHIFT:ALTERNATE_PROFILE_3:segments-0-4,12.641666666666502,0.8,5,0.1474885642528534,0.01652994006872177,0.07118645310401917,-0.25011737732240946,-0.19515508831520295,0.025203691682651436,FR,3,True,False,recoverable,0,False,RUNNING
14.299999999999828,1716,S1_APPROACH_AND_PRE_FR_SHIFT,ADVANCE,v010_20260806_220745_363972_manual:S1_APPROACH_AND_PRE_FR_SHIFT:ALTERNATE_PROFILE_3:segments-0-4,12.708333333333165,0.8,5,0.14857226610183716,0.016529828310012817,0.07101297378540039,-0.2507548804352255,-0.19506707212710206,0.025254377745307213,FR,3,True,False,recoverable,0,False,RUNNING
14.366666666666491,1724,S1_APPROACH_AND_PRE_FR_SHIFT,ADVANCE,v010_20260806_220745_363972_manual:S1_APPROACH_AND_PRE_FR_SHIFT:ALTERNATE_PROFILE_3:segments-0-4,12.774999999999828,0.8,5,0.1496683657169342,0.016530804336071014,0.07081428915262222,-0.2514132960064299,-0.19497318468763003,0.025309347922013205,FR,3,True,False,recoverable,0,False,RUNNING
14.433333333333154,1732,S1_APPROACH_AND_PRE_FR_SHIFT,ADVANCE,v010_20260806_220745_363972_manual:S1_APPROACH_AND_PRE_FR_SHIFT:ALTERNATE_PROFILE_3:segments-0-4,12.841666666666491,0.8,5,0.1503874510526657,0.01651930809020996,0.07089663296937943,-0.25155856173539304,-0.19513276560107692,0.02524615525555411,FR,3,True,False,recoverable,0,False,RUNNING
14.499999999999817,1740,S1_APPROACH_AND_PRE_FR_SHIFT,ADVANCE,v010_20260806_220745_363972_manual:S1_APPROACH_AND_PRE_FR_SHIFT:ALTERNATE_PROFILE_3:segments-0-4,12.908333333333154,0.8,5,0.15112340450286865,0.016457580029964447,0.07105490565299988,-0.25113265033355175,-0.19506400010914074,0.025094074830923237,FR,3,True,False,recoverable,0,False,RUNNING
14.56666666666648,1748,S1_APPROACH_AND_PRE_FR_SHIFT,ADVANCE,v010_20260806_220745_363972_manual:S1_APPROACH_AND_PRE_FR_SHIFT:ALTERNATE_PROFILE_3:segments-0-4,12.974999999999817,0.8,5,0.15192793309688568,0.016407735645771027,0.07119075953960419,-0.25067297482759404,-0.19505976906842357,0.024911015973744278,FR,3,True,False,recoverable,0,False,RUNNING
14.633333333333143,1756,S1_APPROACH_AND_PRE_FR_SHIFT,ADVANCE,v010_20260806_220745_363972_manual:S1_APPROACH_AND_PRE_FR_SHIFT:ALTERNATE_PROFILE_3:segments-0-4,13.04166666666648,0.8,5,0.15277895331382751,0.016369402408599854,0.07132551074028015,-0.25026016485350927,-0.19513914693603382,0.024680469072661776,FR,3,True,False,recoverable,0,False,RUNNING
14.699999999999806,1764,S1_APPROACH_AND_PRE_FR_SHIFT,ADVANCE,v010_20260806_220745_363972_manual:S1_APPROACH_AND_PRE_FR_SHIFT:ALTERNATE_PROFILE_3:segments-0-4,13.108333333333142,0.8,5,0.15366831421852112,0.016332030296325684,0.07145792990922928,-0.24986384159336955,-0.19526113855999516,0.02445064609235345,FR,3,True,False,recoverable,0,False,RUNNING
14.766666666666469,1772,S1_APPROACH_AND_PRE_FR_SHIFT,ADVANCE,v010_20260806_220745_363972_manual:S1_APPROACH_AND_PRE_FR_SHIFT:ALTERNATE_PROFILE_3:segments-0-4,13.174999999999805,0.8,5,0.15454432368278503,0.016290105879306793,0.07156889140605927,-0.24946287091535502,-0.1953445895676375,0.02419684282249054,FR,3,True,False,recoverable,0,False,RUNNING
14.833333333333131,1780,S1_APPROACH_AND_PRE_FR_SHIFT,ADVANCE,v010_20260806_220745_363972_manual:S1_APPROACH_AND_PRE_FR_SHIFT:ALTERNATE_PROFILE_3:segments-0-4,13.241666666666468,0.8,5,0.15549345314502716,0.016276255249977112,0.07166756689548492,-0.24906385519126908,-0.195494240309425,0.024081787088357322,FR,3,True,False,recoverable,0,False,RUNNING
14.899999999999794,1788,S1_APPROACH_AND_PRE_FR_SHIFT,ADVANCE,v010_20260806_220745_363972_manual:S1_APPROACH_AND_PRE_FR_SHIFT:ALTERNATE_PROFILE_3:segments-0-4,13.308333333333131,0.8,5,0.15643909573554993,0.016252338886260986,0.07176505774259567,-0.24867442293454997,-0.19565947522383156,0.023837133935326955,FR,3,True,False,recoverable,0,False,RUNNING
14.966666666666457,1796,S1_APPROACH_AND_PRE_FR_SHIFT,ADVANCE,v010_20260806_220745_363972_manual:S1_APPROACH_AND_PRE_FR_SHIFT:ALTERNATE_PROFILE_3:segments-0-4,13.374999999999794,0.8,5,0.15742196142673492,0.01620890200138092,0.07182338088750839,-0.24839744924829923,-0.1958276121851476,0.023687859101473033,FR,3,True,False,recoverable,0,False,RUNNING
15.03333333333312,1804,S1_APPROACH_AND_PRE_FR_SHIFT,ADVANCE,v010_20260806_220745_363972_manual:S1_APPROACH_AND_PRE_FR_SHIFT:ALTERNATE_PROFILE_3:segments-0-4,13.441666666666457,0.8,5,0.15839582681655884,0.016158327460289,0.0718861073255539,-0.24801059309997842,-0.19598020306978697,0.023429136808374374,FR,3,True,False,recoverable,0,False,RUNNING
15.099999999999783,1812,S1_APPROACH_AND_PRE_FR_SHIFT,ADVANCE,v010_20260806_220745_363972_manual:S1_APPROACH_AND_PRE_FR_SHIFT:ALTERNATE_PROFILE_3:segments-0-4,13.50833333333312,0.8,5,0.15939830243587494,0.016123324632644653,0.07191585004329681,-0.24763392338655538,-0.1961579769040641,0.023253022548400254,FR,3,True,False,recoverable,0,False,RUNNING
15.166666666666446,1820,S1_APPROACH_AND_PRE_FR_SHIFT,ADVANCE,v010_20260806_220745_363972_manual:S1_APPROACH_AND_PRE_FR_SHIFT:ALTERNATE_PROFILE_3:segments-0-4,13.574999999999783,0.8,5,0.1604028046131134,0.016075067222118378,0.07192026823759079,-0.2474622701533022,-0.19639287016459395,0.02298869935655878,FR,3,True,False,recoverable,0,False,RUNNING
15.233333333333109,1828,S1_APPROACH_AND_PRE_FR_SHIFT,ADVANCE,v010_20260806_220745_363972_manual:S1_APPROACH_AND_PRE_FR_SHIFT:ALTERNATE_PROFILE_3:segments-0-4,13.641666666666445,0.8,5,0.1614159345626831,0.016041725873947144,0.07189562171697617,-0.24718542037786964,-0.19657719196939652,0.022739156114154283,FR,3,True,False,recoverable,0,False,RUNNING
15.299999999999772,1836,S1_APPROACH_AND_PRE_FR_SHIFT,ADVANCE,v010_20260806_220745_363972_manual:S1_APPROACH_AND_PRE_FR_SHIFT:ALTERNATE_PROFILE_3:segments-0-4,13.708333333333108,0.8,5,0.16245631873607635,0.015999943017959595,0.0718555599451065,-0.24690332682860255,-0.19675985075679828,0.02254528253391686,FR,3,True,False,recoverable,0,False,RUNNING
15.366666666666434,1844,S1_APPROACH_AND_PRE_FR_SHIFT,ADVANCE,v010_20260806_220745_363972_manual:S1_APPROACH_AND_PRE_FR_SHIFT:ALTERNATE_PROFILE_3:segments-0-4,13.774999999999771,0.8,5,0.16355884075164795,0.015963859856128693,0.07179375737905502,-0.24657798945990564,-0.1969073518844394,0.022370912429768915,FR,3,True,False,recoverable,0,False,RUNNING
15.433333333333097,1852,S1_APPROACH_AND_PRE_FR_SHIFT,ADVANCE,v010_20260806_220745_363972_manual:S1_APPROACH_AND_PRE_FR_SHIFT:ALTERNATE_PROFILE_3:segments-0-4,13.841666666666434,0.8,5,0.16441994905471802,0.01596083492040634,0.07176755368709564,-0.2469206114366882,-0.19670780946121796,0.022303177130613076,FR,3,True,False,recoverable,0,False,RUNNING
15.49999999999976,1860,S2_FR_TRAVERSE,FACE_CLEAR,v010_20260806_220745_363972_manual:S2_FR_TRAVERSE:ALTERNATE_PROFILE_3:segments-5-20,0.05833333333333002,0.0,6,0.16444635391235352,0.015956968069076538,0.07175105810165405,-0.24692440242896344,-0.19665994926585995,0.02228566732715641,FR,3,True,False,recoverable,0,False,RUNNING
15.566666666666423,1868,S2_FR_TRAVERSE,FACE_CLEAR,v010_20260806_220745_363972_manual:S2_FR_TRAVERSE:ALTERNATE_PROFILE_3:segments-5-20,0.1249999999999929,0.0,6,0.16440406441688538,0.015951290726661682,0.07173142582178116,-0.24689127339548514,-0.19655512966268493,0.02225227055763113,FR,3,True,False,recoverable,0,False,RUNNING
15.633333333333086,1876,S2_FR_TRAVERSE,FACE_CLEAR,v010_20260806_220745_363972_manual:S2_FR_TRAVERSE:ALTERNATE_PROFILE_3:segments-5-20,0.19166666666665577,0.0625,7,0.16432714462280273,0.01594381034374237,0.07171283662319183,-0.24682664702560098,-0.19640386207358748,0.022208366415989254,FR,3,True,False,recoverable,0,False,RUNNING
15.699999999999749,1884,S2_FR_TRAVERSE,FACE_CLEAR,v010_20260806_220745_363972_manual:S2_FR_TRAVERSE:ALTERNATE_PROFILE_3:segments-5-20,0.25833333333331865,0.0625,7,0.16434279084205627,0.01593133807182312,0.07168569415807724,-0.24670331252653155,-0.19636180700316175,0.02216953469099889,FR,3,True,False,recoverable,0,False,RUNNING
15.766666666666412,1892,S2_FR_TRAVERSE,FACE_CLEAR,v010_20260806_220745_363972_manual:S2_FR_TRAVERSE:ALTERNATE_PROFILE_3:segments-5-20,0.3249999999999815,0.0625,7,0.1643635779619217,0.015924178063869476,0.0716685876250267,-0.2466660120288665,-0.19632416126042898,0.0221516427654234,FR,3,True,False,recoverable,0,False,RUNNING
15.833333333333075,1900,S2_FR_TRAVERSE,FACE_CLEAR,v010_20260806_220745_363972_manual:S2_FR_TRAVERSE:ALTERNATE_PROFILE_3:segments-5-20,0.3916666666666444,0.125,8,0.16427046060562134,0.015904530882835388,0.07164843380451202,-0.24648014225619277,-0.19611551660382928,0.022097521386337513,FR,3,True,False,recoverable,0,False,RUNNING
15.899999999999737,1908,S2_FR_TRAVERSE,FACE_CLEAR,v010_20260806_220745_363972_manual:S2_FR_TRAVERSE:ALTERNATE_PROFILE_3:segments-5-20,0.4583333333333073,0.125,8,0.16424503922462463,0.0158863365650177,0.07162243127822876,-0.24625497243251485,-0.19599176412546193,0.022025974917663213,FR,3,True,False,recoverable,0,False,RUNNING
15.9666666666664,1916,S2_FR_TRAVERSE,FACE_CLEAR,v010_20260806_220745_363972_manual:S2_FR_TRAVERSE:ALTERNATE_PROFILE_3:segments-5-20,0.5249999999999702,0.125,8,0.1643291711807251,0.015886008739471436,0.07161100208759308,-0.24631494118909286,-0.1960435500520331,0.022040941726222566,FR,3,True,False,recoverable,0,False,RUNNING
16.033333333333065,1924,S2_FR_TRAVERSE,FACE_CLEAR,v010_20260806_220745_363972_manual:S2_FR_TRAVERSE:ALTERNATE_PROFILE_3:segments-5-20,0.5916666666666348,0.125,8,0.16438427567481995,0.015881970524787903,0.07160240411758423,-0.2463130356796937,-0.19603294473611116,0.022035281295353277,FR,3,True,False,recoverable,0,False,RUNNING
16.099999999999728,1932,S2_FR_TRAVERSE,FACE_CLEAR,v010_20260806_220745_363972_manual:S2_FR_TRAVERSE:ALTERNATE_PROFILE_3:segments-5-20,0.6583333333332977,0.1875,9,0.16440241038799286,0.015868373215198517,0.07159409672021866,-0.2461992202117348,-0.19592575419453087,0.022007093642273667,FR,3,True,False,recoverable,0,False,RUNNING
16.16666666666639,1940,S2_FR_TRAVERSE,FACE_CLEAR,v010_20260806_220745_363972_manual:S2_FR_TRAVERSE:ALTERNATE_PROFILE_3:segments-5-20,0.7249999999999606,0.1875,9,0.16444778442382812,0.01586734503507614,0.07158809900283813,-0.24621475397252263,-0.19591397502888425,0.022000754971840543,FR,3,True,False,recoverable,0,False,RUNNING
16.233333333333054,1948,S2_FR_TRAVERSE,FACE_CLEAR,v010_20260806_220745_363972_manual:S2_FR_TRAVERSE:ALTERNATE_PROFILE_3:segments-5-20,0.7916666666666234,0.1875,9,0.16447456181049347,0.015862487256526947,0.07158175110816956,-0.24618784274896335,-0.19585856472151894,0.021984473247386803,FR,3,True,False,recoverable,0,False,RUNNING
16.299999999999716,1956,S2_FR_TRAVERSE,TOP_PLACE,v010_20260806_220745_363972_manual:S2_FR_TRAVERSE:ALTERNATE_PROFILE_3:segments-5-20,0.8583333333332863,0.25,10,0.1645042896270752,0.015856638550758362,0.07157531380653381,-0.24615976336642117,-0.19582377660786734,0.02197715528793503,FR,3,True,False,recoverable,0,False,RUNNING
16.36666666666638,1964,S2_FR_TRAVERSE,TOP_PLACE,v010_20260806_220745_363972_manual:S2_FR_TRAVERSE:ALTERNATE_PROFILE_3:segments-5-20,0.9249999999999492,0.3125,11,0.16452598571777344,0.01584956794977188,0.0715700089931488,-0.24609945427826482,-0.19575257609124555,0.02195415851387461,FR,3,True,False,recoverable,0,False,RUNNING
16.433333333333042,1972,S2_FR_TRAVERSE,TOP_PLACE,v010_20260806_220745_363972_manual:S2_FR_TRAVERSE:ALTERNATE_PROFILE_3:segments-5-20,0.9916666666666121,0.375,12,0.16548016667366028,0.015017680823802948,0.07175504416227341,-0.23546071202957888,-0.17774047549653577,0.016973776886277662,FR,3,True,False,recoverable,0,False,RUNNING
16.499999999999705,1980,S2_FR_TRAVERSE,TOP_PLACE,v010_20260806_220745_363972_manual:S2_FR_TRAVERSE:ALTERNATE_PROFILE_3:segments-5-20,1.058333333333275,0.375,12,0.17078590393066406,0.011600226163864136,0.06789328902959824,-0.20698104122693292,-0.13605951714635686,0.008032314850920912,FR,3,True,False,recoverable,0,False,RUNNING
16.566666666666368,1988,S2_FR_TRAVERSE,TOP_PLACE,v010_20260806_220745_363972_manual:S2_FR_TRAVERSE:ALTERNATE_PROFILE_3:segments-5-20,1.1249999999999378,0.375,12,0.1758090853691101,0.007456928491592407,0.06363213807344437,-0.16664455355138877,-0.07681831890495183,-0.0016477859829215514,FR,3,True,False,recoverable,0,False,RUNNING
16.63333333333303,1996,S2_FR_TRAVERSE,TOP_PLACE,v010_20260806_220745_363972_manual:S2_FR_TRAVERSE:ALTERNATE_PROFILE_3:segments-5-20,1.1916666666666007,0.375,12,0.18350419402122498,0.00391995906829834,0.06397457420825958,-0.125507814360077,-0.03508972628974427,-0.005988972474098537,FR,4,True,False,recoverable,0,False,RUNNING
16.699999999999694,2004,S2_FR_TRAVERSE,TOP_PLACE,v010_20260806_220745_363972_manual:S2_FR_TRAVERSE:ALTERNATE_PROFILE_3:segments-5-20,1.2583333333332636,0.375,12,0.18488773703575134,0.002358458936214447,0.0714138075709343,-0.10441344306118917,-0.03389953665219918,-0.00946638577763913,FR,4,True,False,recoverable,0,False,RUNNING
16.766666666666357,2012,S2_FR_TRAVERSE,TOP_PLACE,v010_20260806_220745_363972_manual:S2_FR_TRAVERSE:ALTERNATE_PROFILE_3:segments-5-20,1.3249999999999265,0.375,12,0.19087842106819153,-0.0014267638325691223,0.0766371488571167,-0.0851098887631302,-0.036086704954555536,-0.01685892033471276,FR,4,True,False,recoverable,0,False,RUNNING
16.83333333333302,2020,S2_FR_TRAVERSE,TOP_PLACE,v010_20260806_220745_363972_manual:S2_FR_TRAVERSE:ALTERNATE_PROFILE_3:segments-5-20,1.3916666666665893,0.375,12,0.20114338397979736,-0.0038971751928329468,0.07961340993642807,-0.06395433963316371,-0.045904388056138945,-0.018254878721893044,FR,4,True,False,recoverable,0,False,RUNNING
16.899999999999682,2028,S2_FR_TRAVERSE,TOP_PLACE,v010_20260806_220745_363972_manual:S2_FR_TRAVERSE:ALTERNATE_PROFILE_3:segments-5-20,1.4583333333332522,0.375,12,0.20262308418750763,-0.0046893879771232605,0.08265598863363266,-0.0529700655030967,-0.04625344244703805,-0.018211379159048923,FR,4,True,False,recoverable,0,False,RUNNING
16.966666666666345,2036,S2_FR_TRAVERSE,TOP_PLACE,v010_20260806_220745_363972_manual:S2_FR_TRAVERSE:ALTERNATE_PROFILE_3:segments-5-20,1.524999999999915,0.375,12,0.1972452700138092,-0.004434205591678619,0.08547112345695496,-0.05346391662703989,-0.04160543029714134,-0.018568432317431816,FR,3,True,False,recoverable,0,False,RUNNING
17.033333333333008,2044,S2_FR_TRAVERSE,TOP_PLACE,v010_20260806_220745_363972_manual:S2_FR_TRAVERSE:ALTERNATE_PROFILE_3:segments-5-20,1.591666666666578,0.375,12,0.19062791764736176,-0.003681086003780365,0.08581505715847015,-0.060421435627312926,-0.032554471899449974,-0.019315467353309645,FR,3,True,False,recoverable,0,False,RUNNING
17.09999999999967,2052,S2_FR_TRAVERSE,TOP_PLACE,v010_20260806_220745_363972_manual:S2_FR_TRAVERSE:ALTERNATE_PROFILE_3:segments-5-20,1.6583333333332408,0.375,12,0.1831643432378769,-0.0027273446321487427,0.08587914705276489,-0.0692582006147225,-0.027293672430621498,-0.01982387040821636,FR,3,True,False,recoverable,0,False,RUNNING
17.166666666666334,2060,S2_FR_TRAVERSE,TOP_PLACE,v010_20260806_220745_363972_manual:S2_FR_TRAVERSE:ALTERNATE_PROFILE_3:segments-5-20,1.7249999999999037,0.375,12,0.1778649091720581,-0.0021464303135871887,0.0855759009718895,-0.07470207347104371,-0.023566372346004262,-0.02019837369580805,FR,3,True,False,recoverable,0,False,RUNNING
17.233333333332997,2068,S2_FR_TRAVERSE,TOP_PLACE,v010_20260806_220745_363972_manual:S2_FR_TRAVERSE:ALTERNATE_PROFILE_3:segments-5-20,1.7916666666665666,0.375,12,0.17763005197048187,-0.002283044159412384,0.08512897044420242,-0.07376556882514225,-0.024290221847072798,-0.019491147294466438,FR,3,True,False,recoverable,0,False,RUNNING
17.29999999999966,2076,S2_FR_TRAVERSE,TOP_PLACE,v010_20260806_220745_363972_manual:S2_FR_TRAVERSE:ALTERNATE_PROFILE_3:segments-5-20,1.8583333333332295,0.375,12,0.1777796596288681,-0.0030883178114891052,0.08334936946630478,-0.07395786720806091,-0.028516218943426024,-0.01565166962825602,FR,3,True,False,recoverable,0,False,RUNNING
17.366666666666323,2084,S2_FR_TRAVERSE,TOP_PLACE,v010_20260806_220745_363972_manual:S2_FR_TRAVERSE:ALTERNATE_PROFILE_3:segments-5-20,1.9249999999998924,0.375,12,0.17851777374744415,-0.0041841790080070496,0.08100438117980957,-0.07325024098228813,-0.034384865788232466,-0.010500527592357865,FR,3,True,False,recoverable,0,False,RUNNING
17.433333333332985,2092,S2_FR_TRAVERSE,TOP_PLACE,v010_20260806_220745_363972_manual:S2_FR_TRAVERSE:ALTERNATE_PROFILE_3:segments-5-20,1.9916666666665552,0.375,12,0.17877866327762604,-0.00424724817276001,0.07979682087898254,-0.07555889708407218,-0.03596386109774672,-0.009501266198457384,FR,4,True,False,recoverable,0,False,RUNNING
17.49999999999965,2100,S2_FR_TRAVERSE,TOP_PLACE,v010_20260806_220745_363972_manual:S2_FR_TRAVERSE:ALTERNATE_PROFILE_3:segments-5-20,2.058333333333218,0.375,12,0.17576678097248077,-0.0041893646121025085,0.08059088885784149,-0.07497640392527084,-0.03299570801089127,-0.009656648419482605,FR,3,True,False,recoverable,0,False,RUNNING
17.56666666666631,2108,S2_FR_TRAVERSE,TOP_PLACE,v010_20260806_220745_363972_manual:S2_FR_TRAVERSE:ALTERNATE_PROFILE_3:segments-5-20,2.124999999999881,0.375,12,0.1725633293390274,-0.004180833697319031,0.0813821405172348,-0.07446725804324392,-0.034014127119279314,-0.008687330284460434,FR,3,True,False,recoverable,0,False,RUNNING
17.633333333332974,2116,S2_FR_TRAVERSE,TOP_PLACE,v010_20260806_220745_363972_manual:S2_FR_TRAVERSE:ALTERNATE_PROFILE_3:segments-5-20,2.191666666666544,0.4375,13,0.17243564128875732,-0.004455797374248505,0.08213162422180176,-0.07054770776597315,-0.03347893816438568,-0.008538234244574627,FR,3,True,False,recoverable,0,False,RUNNING
17.699999999999637,2124,S2_FR_TRAVERSE,TOP_PLACE,v010_20260806_220745_363972_manual:S2_FR_TRAVERSE:ALTERNATE_PROFILE_3:segments-5-20,2.2583333333332067,0.5,14,0.17287784814834595,-0.004674799740314484,0.08281601220369339,-0.06752896856721849,-0.03323542669876708,-0.008370918132062779,FR,3,True,False,recoverable,0,False,RUNNING
17.7666666666663,2132,S2_FR_TRAVERSE,TOP_PLACE,v010_20260806_220745_363972_manual:S2_FR_TRAVERSE:ALTERNATE_PROFILE_3:segments-5-20,2.3249999999998696,0.5,14,0.1734739989042282,-0.004890218377113342,0.08345242589712143,-0.06488641893781814,-0.03308291656912048,-0.00814921306871099,FR,3,True,False,recoverable,0,False,RUNNING
17.833333333332963,2140,S2_FR_TRAVERSE,TOP_PLACE,v010_20260806_220745_363972_manual:S2_FR_TRAVERSE:ALTERNATE_PROFILE_3:segments-5-20,2.3916666666665325,0.5,14,0.1739828884601593,-0.0050923749804496765,0.08406461030244827,-0.0624113069580607,-0.03286509975018214,-0.007984450433013499,FR,3,True,False,recoverable,0,False,RUNNING
17.899999999999626,2148,S2_FR_TRAVERSE,TOP_PLACE,v010_20260806_220745_363972_manual:S2_FR_TRAVERSE:ALTERNATE_PROFILE_3:segments-5-20,2.4583333333331954,0.5,14,0.17457757890224457,-0.005231715738773346,0.08455218374729156,-0.0603827986497115,-0.03274824883403303,-0.007894236970992057,FR,3,True,False,recoverable,0,False,RUNNING
17.96666666666629,2156,S2_FR_TRAVERSE,TOP_PLACE,v010_20260806_220745_363972_manual:S2_FR_TRAVERSE:ALTERNATE_PROFILE_3:segments-5-20,2.5249999999998582,0.5,14,0.17508839070796967,-0.005361869931221008,0.08506520092487335,-0.05835185914215984,-0.03259546560997862,-0.007781557432200291,FR,3,True,False,recoverable,0,False,RUNNING
18.03333333333295,2164,S2_FR_TRAVERSE,TOP_PLACE,v010_20260806_220745_363972_manual:S2_FR_TRAVERSE:ALTERNATE_PROFILE_3:segments-5-20,2.591666666666521,0.5,14,0.17555567622184753,-0.005491502583026886,0.08555292338132858,-0.0565252606618094,-0.032441482940178956,-0.007716341309231808,FR,3,True,False,recoverable,0,False,RUNNING
18.099999999999614,2172,S2_FR_TRAVERSE,TOP_PLACE,v010_20260806_220745_363972_manual:S2_FR_TRAVERSE:ALTERNATE_PROFILE_3:segments-5-20,2.658333333333184,0.5,14,0.17597420513629913,-0.0056295692920684814,0.08603457361459732,-0.054751276197164446,-0.03226370854422822,-0.007704167159657797,FR,3,True,False,recoverable,0,False,RUNNING
18.166666666666277,2180,S2_FR_TRAVERSE,TOP_PLACE,v010_20260806_220745_363972_manual:S2_FR_TRAVERSE:ALTERNATE_PROFILE_3:segments-5-20,2.724999999999847,0.5,14,0.17630235850811005,-0.0057707056403160095,0.08656453341245651,-0.05287090543220549,-0.032040427810367436,-0.007675157030836893,FR,3,True,False,recoverable,0,False,RUNNING
18.23333333333294,2188,S2_FR_TRAVERSE,TOP_PLACE,v010_20260806_220745_363972_manual:S2_FR_TRAVERSE:ALTERNATE_PROFILE_3:segments-5-20,2.7916666666665098,0.5,14,0.17661680281162262,-0.005906395614147186,0.08705472201108932,-0.05111988490992006,-0.03182957505504253,-0.007672797986001854,FR,3,True,False,recoverable,0,False,RUNNING
18.299999999999603,2196,S2_FR_TRAVERSE,TOP_PLACE,v010_20260806_220745_363972_manual:S2_FR_TRAVERSE:ALTERNATE_PROFILE_3:segments-5-20,2.8583333333331726,0.5,14,0.17692580819129944,-0.00605049729347229,0.0875035896897316,-0.049447539961645054,-0.03157304237081548,-0.007640882356399035,FR,3,True,False,recoverable,0,False,RUNNING
18.366666666666266,2204,S2_FR_TRAVERSE,TOP_PLACE,v010_20260806_220745_363972_manual:S2_FR_TRAVERSE:ALTERNATE_PROFILE_3:segments-5-20,2.9249999999998355,0.5,14,0.17728786170482635,-0.00617402046918869,0.0879390761256218,-0.04781630461584188,-0.03129987832345213,-0.007675634419682513,FR,3,True,False,recoverable,0,False,RUNNING
18.43333333333293,2212,S2_FR_TRAVERSE,TOP_PLACE,v010_20260806_220745_363972_manual:S2_FR_TRAVERSE:ALTERNATE_PROFILE_3:segments-5-20,2.9916666666664984,0.5,14,0.1776903122663498,-0.006303772330284119,0.08830966055393219,-0.046375041099831954,-0.031033678059497482,-0.007633650352530285,FR,3,True,False,recoverable,0,False,RUNNING
18.49999999999959,2220,S2_FR_TRAVERSE,TOP_PLACE,v010_20260806_220745_363972_manual:S2_FR_TRAVERSE:ALTERNATE_PROFILE_3:segments-5-20,3.0583333333331613,0.5,14,0.17814308404922485,-0.006403103470802307,0.08860370516777039,-0.04521237462187852,-0.030887360115490516,-0.0076321217550598805,FR,3,True,False,recoverable,0,False,RUNNING
18.566666666666254,2228,S2_FR_TRAVERSE,TOP_PLACE,v010_20260806_220745_363972_manual:S2_FR_TRAVERSE:ALTERNATE_PROFILE_3:segments-5-20,3.124999999999824,0.5,14,0.1785338819026947,-0.006478123366832733,0.08887990564107895,-0.04426606140013,-0.030883433614057734,-0.007630922903602326,FR,3,True,False,recoverable,0,False,RUNNING
18.633333333332917,2236,S2_FR_TRAVERSE,TOP_PLACE,v010_20260806_220745_363972_manual:S2_FR_TRAVERSE:ALTERNATE_PROFILE_3:segments-5-20,3.191666666666487,0.5,14,0.17890481650829315,-0.006518565118312836,0.0891052857041359,-0.04347098394422059,-0.03091206045509949,-0.007555135108006369,FR,3,True,False,recoverable,0,False,RUNNING
18.69999999999958,2244,S2_FR_TRAVERSE,TOP_PLACE,v010_20260806_220745_363972_manual:S2_FR_TRAVERSE:ALTERNATE_PROFILE_3:segments-5-20,3.25833333333315,0.5,14,0.1792992502450943,-0.006560012698173523,0.08930566161870956,-0.042731230523820704,-0.03092180134558567,-0.0074844845394740145,FR,3,True,False,recoverable,0,False,RUNNING
18.766666666666243,2252,S2_FR_TRAVERSE,TOP_PLACE,v010_20260806_220745_363972_manual:S2_FR_TRAVERSE:ALTERNATE_PROFILE_3:segments-5-20,3.3249999999998128,0.5,14,0.17974917590618134,-0.00658629834651947,0.08942405879497528,-0.04222061565853706,-0.030926930549328803,-0.007408366898500374,FR,3,True,False,recoverable,0,False,RUNNING
18.833333333332906,2260,S2_FR_TRAVERSE,TOP_PLACE,v010_20260806_220745_363972_manual:S2_FR_TRAVERSE:ALTERNATE_PROFILE_3:segments-5-20,3.3916666666664756,0.5,14,0.1802193820476532,-0.006597898900508881,0.08946724236011505,-0.0419406036601599,-0.031045822380181196,-0.007310178815705915,FR,3,True,False,recoverable,0,False,RUNNING
18.89999999999957,2268,S2_FR_TRAVERSE,TOP_PLACE,v010_20260806_220745_363972_manual:S2_FR_TRAVERSE:ALTERNATE_PROFILE_3:segments-5-20,3.4583333333331385,0.5,14,0.1806453913450241,-0.006537437438964844,0.08936439454555511,-0.04253243631787759,-0.031434365534828854,-0.007265219766061615,FR,3,True,False,recoverable,0,False,RUNNING
18.96666666666623,2276,S2_FR_TRAVERSE,TOP_PLACE,v010_20260806_220745_363972_manual:S2_FR_TRAVERSE:ALTERNATE_PROFILE_3:segments-5-20,3.5249999999998014,0.5,14,0.18065854907035828,-0.006442338228225708,0.08936673402786255,-0.04346179926076347,-0.03229966698566252,-0.007203904830497655,FR,3,True,False,recoverable,0,False,RUNNING
19.033333333332894,2284,S2_FR_TRAVERSE,TOP_PLACE,v010_20260806_220745_363972_manual:S2_FR_TRAVERSE:ALTERNATE_PROFILE_3:segments-5-20,3.5916666666664643,0.5,14,0.18099336326122284,-0.006455190479755402,0.08942793309688568,-0.043451258702003843,-0.032653305328557744,-0.007192077452589833,FR,3,True,False,recoverable,0,False,RUNNING
19.099999999999557,2292,S2_FR_TRAVERSE,TOP_PLACE,v010_20260806_220745_363972_manual:S2_FR_TRAVERSE:ALTERNATE_PROFILE_3:segments-5-20,3.658333333333127,0.5,14,0.18163730204105377,-0.006474688649177551,0.08947230130434036,-0.043371041058632605,-0.03302399527350924,-0.007205032963961583,FR,3,True,False,recoverable,0,False,RUNNING
19.16666666666622,2300,S2_FR_TRAVERSE,TOP_PLACE,v010_20260806_220745_363972_manual:S2_FR_TRAVERSE:ALTERNATE_PROFILE_3:segments-5-20,3.72499999999979,0.5,14,0.18246741592884064,-0.006498783826828003,0.08947830647230148,-0.04328004997837666,-0.03333300343433689,-0.007213458668420222,FR,3,True,False,recoverable,0,False,RUNNING
19.233333333332883,2308,S2_FR_TRAVERSE,TOP_PLACE,v010_20260806_220745_363972_manual:S2_FR_TRAVERSE:ALTERNATE_PROFILE_3:segments-5-20,3.791666666666453,0.5,14,0.18339920043945312,-0.006516605615615845,0.08944906294345856,-0.043245947337031805,-0.03363029340116791,-0.0071909835391722405,FR,3,True,False,recoverable,0,False,RUNNING
19.299999999999546,2316,S2_FR_TRAVERSE,TOP_PLACE,v010_20260806_220745_363972_manual:S2_FR_TRAVERSE:ALTERNATE_PROFILE_3:segments-5-20,3.858333333333116,0.5,14,0.18437480926513672,-0.006525486707687378,0.08939091116189957,-0.043298271344814745,-0.03391850833300431,-0.0071870791322949665,FR,3,True,False,recoverable,0,False,RUNNING
19.36666666666621,2324,S2_FR_TRAVERSE,TOP_PLACE,v010_20260806_220745_363972_manual:S2_FR_TRAVERSE:ALTERNATE_PROFILE_3:segments-5-20,3.9249999999997787,0.5,14,0.1853608787059784,-0.006534069776535034,0.08932816982269287,-0.04336339219679715,-0.03421384615031642,-0.007184404486610164,FR,3,True,False,recoverable,0,False,RUNNING
19.43333333333287,2332,S2_FR_TRAVERSE,TOP_PLACE,v010_20260806_220745_363972_manual:S2_FR_TRAVERSE:ALTERNATE_PROFILE_3:segments-5-20,3.9916666666664415,0.5,14,0.18606337904930115,-0.006563529372215271,0.08941934257745743,-0.04316038722836386,-0.03448259080245125,-0.007196270135783387,FR,3,True,False,recoverable,0,False,RUNNING
19.499999999999535,2340,S2_FR_TRAVERSE,TOP_PLACE,v010_20260806_220745_363972_manual:S2_FR_TRAVERSE:ALTERNATE_PROFILE_3:segments-5-20,4.058333333333104,0.5,14,0.18685777485370636,-0.00659739226102829,0.08949988335371017,-0.04291372342650241,-0.034728483875512854,-0.00721593080783101,FR,3,True,False,recoverable,0,False,RUNNING
19.566666666666197,2348,S2_FR_TRAVERSE,TOP_PLACE,v010_20260806_220745_363972_manual:S2_FR_TRAVERSE:ALTERNATE_PROFILE_3:segments-5-20,4.124999999999767,0.5,14,0.18771079182624817,-0.006623364984989166,0.08955783396959305,-0.04276311807238517,-0.03506321761645724,-0.007235657704465572,FR,3,True,False,recoverable,0,False,RUNNING
19.63333333333286,2356,S2_FR_TRAVERSE,TOP_PLACE,v010_20260806_220745_363972_manual:S2_FR_TRAVERSE:ALTERNATE_PROFILE_3:segments-5-20,4.19166666666643,0.5,14,0.18860578536987305,-0.0066530704498291016,0.08960524946451187,-0.042594749976385265,-0.03536361905266768,-0.007250641833068758,FR,3,True,False,recoverable,0,False,RUNNING
19.699999999999523,2364,S2_FR_TRAVERSE,TOP_PLACE,v010_20260806_220745_363972_manual:S2_FR_TRAVERSE:ALTERNATE_PROFILE_3:segments-5-20,4.258333333333093,0.5,14,0.1894543170928955,-0.006692975759506226,0.08965514600276947,-0.04230000458802431,-0.03549624269390145,-0.0072582372407403095,FR,3,True,False,recoverable,0,False,RUNNING
19.766666666666186,2372,S2_FR_TRAVERSE,TOP_PLACE,v010_20260806_220745_363972_manual:S2_FR_TRAVERSE:ALTERNATE_PROFILE_3:segments-5-20,4.324999999999756,0.5,14,0.19026857614517212,-0.006728224456310272,0.08971741795539856,-0.04202322030915001,-0.03545845889227005,-0.0072637885208527726,FR,3,True,False,recoverable,0,False,RUNNING
19.83333333333285,2380,S2_FR_TRAVERSE,TOP_PLACE,v010_20260806_220745_363972_manual:S2_FR_TRAVERSE:ALTERNATE_PROFILE_3:segments-5-20,4.391666666666419,0.5,14,0.19115252792835236,-0.006760299205780029,0.08976235240697861,-0.04181752184087463,-0.03542581800161409,-0.007275601428708503,FR,3,True,False,recoverable,0,False,RUNNING
19.899999999999512,2388,S2_FR_TRAVERSE,TOP_PLACE,v010_20260806_220745_363972_manual:S2_FR_TRAVERSE:ALTERNATE_PROFILE_3:segments-5-20,4.458333333333082,0.5,14,0.19206514954566956,-0.006784409284591675,0.08978624641895294,-0.04168097924593027,-0.03539224772931867,-0.007278887646425022,FR,3,True,False,recoverable,0,False,RUNNING
19.966666666666175,2396,S2_FR_TRAVERSE,TOP_PLACE,v010_20260806_220745_363972_manual:S2_FR_TRAVERSE:ALTERNATE_PROFILE_3:segments-5-20,4.524999999999745,0.5,14,0.19300329685211182,-0.006769508123397827,0.08976619690656662,-0.04182633448947988,-0.03557343025701101,-0.007239543772571741,FR,3,True,False,recoverable,0,False,RUNNING
20.033333333332838,2404,S2_FR_TRAVERSE,TOP_PLACE,v010_20260806_220745_363972_manual:S2_FR_TRAVERSE:ALTERNATE_PROFILE_3:segments-5-20,4.591666666666407,0.5,14,0.19389675557613373,-0.006776891648769379,0.08979646116495132,-0.041818247231668236,-0.035713643511299825,-0.007223724507468869,FR,3,True,False,recoverable,0,False,RUNNING
20.0999999999995,2412,S2_FR_TRAVERSE,TOP_PLACE,v010_20260806_220745_363972_manual:S2_FR_TRAVERSE:ALTERNATE_PROFILE_3:segments-5-20,4.65833333333307,0.5,14,0.194802924990654,-0.0067887082695961,0.08984038233757019,-0.041769921307984986,-0.03584991903511013,-0.007215056341997935,FR,3,True,False,recoverable,0,False,RUNNING
20.166666666666163,2420,S2_FR_TRAVERSE,TOP_PLACE,v010_20260806_220745_363972_manual:S2_FR_TRAVERSE:ALTERNATE_PROFILE_3:segments-5-20,4.724999999999733,0.5,14,0.19574004411697388,-0.0067954882979393005,0.0898643508553505,-0.041805350103969685,-0.03600820124289247,-0.007193737361599137,FR,3,True,False,recoverable,0,False,RUNNING
20.233333333332826,2428,S2_FR_TRAVERSE,TOP_PLACE,v010_20260806_220745_363972_manual:S2_FR_TRAVERSE:ALTERNATE_PROFILE_3:segments-5-20,4.791666666666396,0.5,14,0.1967061460018158,-0.006795085966587067,0.0898650735616684,-0.04191038024052263,-0.036195702644387755,-0.007183971903924643,FR,3,True,False,recoverable,0,False,RUNNING
20.29999999999949,2436,S2_FR_TRAVERSE,TOP_PLACE,v010_20260806_220745_363972_manual:S2_FR_TRAVERSE:ALTERNATE_PROFILE_3:segments-5-20,4.858333333333059,0.5,14,0.1976829320192337,-0.0067899152636528015,0.08984370529651642,-0.04207453954563016,-0.03638226566157432,-0.007171901869519745,FR,3,True,False,recoverable,0,False,RUNNING
20.366666666666152,2444,S2_FR_TRAVERSE,TOP_PLACE,v010_20260806_220745_363972_manual:S2_FR_TRAVERSE:ALTERNATE_PROFILE_3:segments-5-20,4.924999999999722,0.5,14,0.19867970049381256,-0.006782844662666321,0.08980211615562439,-0.042284260252001646,-0.03657558557055577,-0.007156662776906431,FR,3,True,False,recoverable,0,False,RUNNING
20.433333333332815,2452,S2_FR_TRAVERSE,TOP_PLACE,v010_20260806_220745_363972_manual:S2_FR_TRAVERSE:ALTERNATE_PROFILE_3:segments-5-20,4.991666666666385,0.5,14,0.19969257712364197,-0.006774239242076874,0.0897415280342102,-0.04251520052605683,-0.036763202167674744,-0.007141788552516545,FR,3,True,False,recoverable,0,False,RUNNING
20.499999999999478,2460,S2_FR_TRAVERSE,TOP_PLACE,v010_20260806_220745_363972_manual:S2_FR_TRAVERSE:ALTERNATE_PROFILE_3:segments-5-20,5.058333333333048,0.5,14,0.20071834325790405,-0.006763823330402374,0.08965864777565002,-0.04276811072150953,-0.03694606860258021,-0.007132572035285891,FR,3,True,False,recoverable,0,False,RUNNING
20.56666666666614,2468,S2_FR_TRAVERSE,TOP_PLACE,v010_20260806_220745_363972_manual:S2_FR_TRAVERSE:ALTERNATE_PROFILE_3:segments-5-20,5.1249999999997105,0.5,14,0.20175965130329132,-0.0067513808608055115,0.08955264091491699,-0.04304669456002415,-0.03712251529519073,-0.007124932719844431,FR,3,True,False,recoverable,0,False,RUNNING
20.633333333332804,2476,S2_FR_TRAVERSE,TOP_PLACE,v010_20260806_220745_363972_manual:S2_FR_TRAVERSE:ALTERNATE_PROFILE_3:segments-5-20,5.191666666666373,0.5,14,0.20280721783638,-0.006738878786563873,0.08942747116088867,-0.0433381774602188,-0.03729198784758698,-0.007096100227079939,FR,3,True,False,recoverable,0,False,RUNNING
20.699999999999466,2484,S2_FR_TRAVERSE,TOP_PLACE,v010_20260806_220745_363972_manual:S2_FR_TRAVERSE:ALTERNATE_PROFILE_3:segments-5-20,5.258333333333036,0.5,14,0.20385414361953735,-0.006720840930938721,0.08927826583385468,-0.04361842125914198,-0.03741162159595717,-0.0070591642151752,FR,3,True,False,recoverable,0,False,RUNNING
20.76666666666613,2492,S2_FR_TRAVERSE,TOP_PLACE,v010_20260806_220745_363972_manual:S2_FR_TRAVERSE:ALTERNATE_PROFILE_3:segments-5-20,5.324999999999699,0.5,14,0.20492306351661682,-0.006700895726680756,0.08909808844327927,-0.043950942271708725,-0.03756765516541578,-0.0070104688640411856,FR,3,True,False,recoverable,0,False,RUNNING
20.833333333332792,2500,S2_FR_TRAVERSE,TOP_PLACE,v010_20260806_220745_363972_manual:S2_FR_TRAVERSE:ALTERNATE_PROFILE_3:segments-5-20,5.391666666666362,0.5,14,0.20601671934127808,-0.0066723451018333435,0.08889155834913254,-0.04430025539400039,-0.03771615077707354,-0.006959122727100971,FR,3,True,False,recoverable,0,False,RUNNING
20.899999999999455,2508,S2_FR_TRAVERSE,TOP_PLACE,v010_20260806_220745_363972_manual:S2_FR_TRAVERSE:ALTERNATE_PROFILE_3:segments-5-20,5.458333333333025,0.5,14,0.2071436047554016,-0.006637729704380035,0.08865509182214737,-0.04471145338537021,-0.03788782800008134,-0.00691694737849307,FR,3,True,False,recoverable,0,False,RUNNING
20.966666666666118,2516,S2_FR_TRAVERSE,TOP_PLACE,v010_20260806_220745_363972_manual:S2_FR_TRAVERSE:ALTERNATE_PROFILE_3:segments-5-20,5.524999999999688,0.5,14,0.20810174942016602,-0.006672509014606476,0.08863150328397751,-0.0443349512908419,-0.03786988521650288,-0.0069450573302015295,FR,3,True,False,recoverable,0,False,RUNNING
21.03333333333278,2524,S2_FR_TRAVERSE,TOP_PLACE,v010_20260806_220745_363972_manual:S2_FR_TRAVERSE:ALTERNATE_PROFILE_3:segments-5-20,5.591666666666351,0.5,14,0.20897755026817322,-0.006753735244274139,0.08874130994081497,-0.043469625788848165,-0.03772356333471351,-0.006978955933766801,FR,3,True,False,recoverable,0,False,RUNNING
21.099999999999444,2532,S2_FR_TRAVERSE,TOP_PLACE,v010_20260806_220745_363972_manual:S2_FR_TRAVERSE:ALTERNATE_PROFILE_3:segments-5-20,5.6583333333330135,0.5,14,0.20982608199119568,-0.006814807653427124,0.08885223418474197,-0.04282435894592621,-0.03758383495587111,-0.00701026716695357,FR,3,True,False,recoverable,0,False,RUNNING
21.166666666666107,2540,S2_FR_TRAVERSE,TOP_PLACE,v010_20260806_220745_363972_manual:S2_FR_TRAVERSE:ALTERNATE_PROFILE_3:segments-5-20,5.724999999999676,0.5,14,0.21066883206367493,-0.006850533187389374,0.08896122127771378,-0.04254078695937751,-0.037549787871518796,-0.007001738021872324,FR,3,True,False,recoverable,0,False,RUNNING
21.23333333333277,2548,S2_FR_TRAVERSE,TOP_PLACE,v010_20260806_220745_363972_manual:S2_FR_TRAVERSE:ALTERNATE_PROFILE_3:segments-5-20,5.791666666666339,0.5,14,0.21156075596809387,-0.006884299218654633,0.0890548825263977,-0.04224333098525285,-0.03754400588366956,-0.007006283972895293,FR,3,True,False,recoverable,0,False,RUNNING
21.299999999999432,2556,S2_FR_TRAVERSE,TOP_PLACE,v010_20260806_220745_363972_manual:S2_FR_TRAVERSE:ALTERNATE_PROFILE_3:segments-5-20,5.858333333333002,0.5,14,0.21248747408390045,-0.006919443607330322,0.08913350850343704,-0.04196330346981823,-0.03755860717641919,-0.007003812525008558,FR,3,True,False,recoverable,0,False,RUNNING
21.366666666666095,2564,S2_FR_TRAVERSE,TOP_PLACE,v010_20260806_220745_363972_manual:S2_FR_TRAVERSE:ALTERNATE_PROFILE_3:segments-5-20,5.924999999999665,0.5,14,0.2133103460073471,-0.006947152316570282,0.08923037350177765,-0.041758370733618634,-0.0374388359965754,-0.007000629894847766,FR,3,True,False,recoverable,0,False,RUNNING
21.433333333332758,2572,S2_FR_TRAVERSE,TOP_PLACE,v010_20260806_220745_363972_manual:S2_FR_TRAVERSE:ALTERNATE_PROFILE_3:segments-5-20,5.991666666666328,0.5,14,0.2141404002904892,-0.006960839033126831,0.08931151777505875,-0.041667556587110514,-0.03735487778560383,-0.006983111587179262,FR,3,True,False,recoverable,0,False,RUNNING
21.49999999999942,2580,S2_FR_TRAVERSE,TOP_PLACE,v010_20260806_220745_363972_manual:S2_FR_TRAVERSE:ALTERNATE_PROFILE_3:segments-5-20,6.058333333332991,0.5,14,0.21501672267913818,-0.006969556212425232,0.0893709808588028,-0.04168844016958263,-0.03734976076227901,-0.0069781985020892275,FR,3,True,False,recoverable,0,False,RUNNING
21.566666666666084,2588,S2_FR_TRAVERSE,TOP_PLACE,v010_20260806_220745_363972_manual:S2_FR_TRAVERSE:ALTERNATE_PROFILE_3:segments-5-20,6.124999999999654,0.5,14,0.21591922640800476,-0.006973236799240112,0.08941265195608139,-0.0417744491941285,-0.03736717652801918,-0.006948954763960312,FR,3,True,False,recoverable,0,False,RUNNING
21.633333333332747,2596,S2_FR_TRAVERSE,TOP_PLACE,v010_20260806_220745_363972_manual:S2_FR_TRAVERSE:ALTERNATE_PROFILE_3:segments-5-20,6.1916666666663165,0.5,14,0.21686282753944397,-0.006970934569835663,0.08943437039852142,-0.041923452278383115,-0.03742215383958276,-0.006937991718674706,FR,3,True,False,recoverable,0,False,RUNNING
21.69999999999941,2604,S2_FR_TRAVERSE,TOP_PLACE,v010_20260806_220745_363972_manual:S2_FR_TRAVERSE:ALTERNATE_PROFILE_3:segments-5-20,6.258333333332979,0.5,14,0.2178400754928589,-0.006957985460758209,0.08943835645914078,-0.04213399585945681,-0.03749852344226503,-0.006919098812536578,FR,3,True,False,recoverable,0,False,RUNNING
21.766666666666072,2612,S2_FR_TRAVERSE,TOP_PLACE,v010_20260806_220745_363972_manual:S2_FR_TRAVERSE:ALTERNATE_PROFILE_3:segments-5-20,6.324999999999642,0.5,14,0.21882423758506775,-0.006942480802536011,0.08942380547523499,-0.042359640850374115,-0.03758024511173558,-0.006908199010115665,FR,3,True,False,recoverable,0,False,RUNNING
21.833333333332735,2620,S2_FR_TRAVERSE,TOP_PLACE,v010_20260806_220745_363972_manual:S2_FR_TRAVERSE:ALTERNATE_PROFILE_3:segments-5-20,6.391666666666305,0.5,14,0.21984495222568512,-0.006925590336322784,0.08938603848218918,-0.04262294958424339,-0.03765814889858251,-0.006893712936916161,FR,3,True,False,recoverable,0,False,RUNNING
21.899999999999398,2628,S2_FR_TRAVERSE,TOP_PLACE,v010_20260806_220745_363972_manual:S2_FR_TRAVERSE:ALTERNATE_PROFILE_3:segments-5-20,6.458333333332968,0.5,14,0.2208704948425293,-0.006908826529979706,0.08932699263095856,-0.04290520841167158,-0.03773760041881278,-0.006875274317480428,FR,3,True,False,recoverable,0,False,RUNNING
21.96666666666606,2636,S2_FR_TRAVERSE,TOP_PLACE,v010_20260806_220745_363972_manual:S2_FR_TRAVERSE:ALTERNATE_PROFILE_3:segments-5-20,6.524999999999631,0.5,14,0.2219221144914627,-0.006890289485454559,0.08924783021211624,-0.04319854434126111,-0.03782916727874551,-0.006865854834010126,FR,3,True,False,recoverable,0,False,RUNNING
22.033333333332724,2644,S2_FR_TRAVERSE,TOP_PLACE,v010_20260806_220745_363972_manual:S2_FR_TRAVERSE:ALTERNATE_PROFILE_3:segments-5-20,6.591666666666294,0.5,14,0.2229873239994049,-0.006870836019515991,0.08914422988891602,-0.04352111428156508,-0.037911088469778066,-0.0068507125234862805,FR,3,True,False,recoverable,0,False,RUNNING
22.099999999999387,2652,S2_FR_TRAVERSE,TOP_PLACE,v010_20260806_220745_363972_manual:S2_FR_TRAVERSE:ALTERNATE_PROFILE_3:segments-5-20,6.658333333332957,0.5625,15,0.22314026951789856,-0.00685746967792511,0.0891050398349762,-0.043709111597705366,-0.038074013831308005,-0.006837528653679894,FR,3,True,False,recoverable,0,False,RUNNING
22.16666666666605,2660,S2_FR_TRAVERSE,TOP_PLACE,v010_20260806_220745_363972_manual:S2_FR_TRAVERSE:ALTERNATE_PROFILE_3:segments-5-20,6.7249999999996195,0.625,16,0.22314782440662384,-0.006855294108390808,0.08910077065229416,-0.043729660714050274,-0.03801611899085682,-0.006842219585100629,FR,3,True,False,recoverable,0,False,RUNNING
22.233333333332713,2668,S2_FR_TRAVERSE,TOP_PLACE,v010_20260806_220745_363972_manual:S2_FR_TRAVERSE:ALTERNATE_PROFILE_3:segments-5-20,6.791666666666282,0.6875,17,0.2231968194246292,-0.00684964656829834,0.08907683938741684,-0.0438098201093872,-0.03806981519265428,-0.006834516125737731,FR,3,True,False,recoverable,0,False,RUNNING
22.299999999999375,2676,S2_FR_TRAVERSE,TOP_PLACE,v010_20260806_220745_363972_manual:S2_FR_TRAVERSE:ALTERNATE_PROFILE_3:segments-5-20,6.858333333332945,0.6875,17,0.22328811883926392,-0.006836116313934326,0.08903393894433975,-0.04397570652165012,-0.03824790240970683,-0.006830156997446761,FR,4,True,False,recoverable,0,False,RUNNING
22.36666666666604,2684,S2_FR_TRAVERSE,TOP_PLACE,v010_20260806_220745_363972_manual:S2_FR_TRAVERSE:ALTERNATE_PROFILE_3:segments-5-20,6.924999999999608,0.75,18,0.22334769368171692,-0.006829604506492615,0.089011549949646,-0.04406617624324387,-0.03829576722999449,-0.006822989986152045,FR,4,True,False,recoverable,0,False,RUNNING
22.4333333333327,2692,S2_FR_TRAVERSE,TOP_PLACE,v010_20260806_220745_363972_manual:S2_FR_TRAVERSE:ALTERNATE_PROFILE_3:segments-5-20,6.991666666666271,0.8125,19,0.2233951985836029,-0.006824158132076263,0.08899440616369247,-0.044131710521959314,-0.03831561155537477,-0.006822996055754087,FR,4,True,False,recoverable,0,False,RUNNING
22.499999999999364,2700,S2_FR_TRAVERSE,TOP_PLACE,v010_20260806_220745_363972_manual:S2_FR_TRAVERSE:ALTERNATE_PROFILE_3:segments-5-20,7.058333333332934,0.875,20,0.22300580143928528,-0.006892457604408264,0.08924887329339981,-0.043201403427532294,-0.036785359437176854,-0.006900492795650956,FR,4,True,False,recoverable,0,False,RUNNING
22.566666666666027,2708,S2_FR_TRAVERSE,TOP_PLACE,v010_20260806_220745_363972_manual:S2_FR_TRAVERSE:ALTERNATE_PROFILE_3:segments-5-20,7.124999999999597,0.875,20,0.22134904563426971,-0.007118590176105499,0.09018921852111816,-0.03933491288921037,-0.03165240247527413,-0.007030672915379576,FR,4,True,False,recoverable,0,False,RUNNING
22.63333333333269,2716,S2_FR_TRAVERSE,TOP_PLACE,v010_20260806_220745_363972_manual:S2_FR_TRAVERSE:ALTERNATE_PROFILE_3:segments-5-20,7.19166666666626,0.9375,21,0.22101391851902008,-0.007171414792537689,0.09036210179328918,-0.038590643679717554,-0.0306539944506948,-0.007063000202769344,FR,4,True,False,recoverable,0,False,RUNNING
22.699999999999353,2724,S3_FL_TRAVERSE,UNLOAD,v010_20260806_220745_363972_manual:S3_FL_TRAVERSE:ALTERNATE_PROFILE_3:segments-21-41,0.05833333333333002,0.0,22,0.22031350433826447,-0.007096625864505768,0.08972896635532379,-0.03984783120527769,-0.027418344635505913,-0.007206645120047365,FL,4,True,False,recoverable,0,False,RUNNING
22.766666666666016,2732,S3_FL_TRAVERSE,UNLOAD,v010_20260806_220745_363972_manual:S3_FL_TRAVERSE:ALTERNATE_PROFILE_3:segments-21-41,0.1249999999999929,0.0,22,0.2198493331670761,-0.007065027952194214,0.08937292546033859,-0.0404269568700346,-0.025445253715743625,-0.007301999028765795,FL,4,True,False,recoverable,0,False,RUNNING
22.83333333333268,2740,S3_FL_TRAVERSE,UNLOAD,v010_20260806_220745_363972_manual:S3_FL_TRAVERSE:ALTERNATE_PROFILE_3:segments-21-41,0.19166666666665577,0.0,22,0.21960943937301636,-0.007055751979351044,0.08919651806354523,-0.040640247550669126,-0.02440139593071659,-0.007348021381853133,FL,4,True,False,recoverable,0,False,RUNNING
22.89999999999934,2748,S3_FL_TRAVERSE,UNLOAD,v010_20260806_220745_363972_manual:S3_FL_TRAVERSE:ALTERNATE_PROFILE_3:segments-21-41,0.25833333333331865,0.0,22,0.21944919228553772,-0.007052227854728699,0.08908458054065704,-0.04073882132995466,-0.023790307975760445,-0.0073752726204406975,FL,3,True,False,recoverable,0,False,RUNNING
22.966666666666004,2756,S3_FL_TRAVERSE,UNLOAD,v010_20260806_220745_363972_manual:S3_FL_TRAVERSE:ALTERNATE_PROFILE_3:segments-21-41,0.3249999999999815,0.0,22,0.21937569975852966,-0.007051020860671997,0.08901729434728622,-0.040787531150947846,-0.023464221610332497,-0.00738998054176278,FL,3,True,False,recoverable,0,False,RUNNING
23.033333333332667,2764,S3_FL_TRAVERSE,UNLOAD,v010_20260806_220745_363972_manual:S3_FL_TRAVERSE:ALTERNATE_PROFILE_3:segments-21-41,0.3916666666666444,0.0,22,0.21934832632541656,-0.007052421569824219,0.08897273242473602,-0.04078888196039833,-0.023285772860025,-0.007397536225153156,FL,3,True,False,recoverable,0,False,RUNNING
23.09999999999933,2772,S3_FL_TRAVERSE,UNLOAD,v010_20260806_220745_363972_manual:S3_FL_TRAVERSE:ALTERNATE_PROFILE_3:segments-21-41,0.4583333333333073,0.047619047619047616,23,0.21938912570476532,-0.007050074636936188,0.08891717344522476,-0.04085738325504876,-0.023187042646262295,-0.00740354593767559,FL,3,True,False,recoverable,0,False,RUNNING
23.166666666665993,2780,S3_FL_TRAVERSE,UNLOAD,v010_20260806_220745_363972_manual:S3_FL_TRAVERSE:ALTERNATE_PROFILE_3:segments-21-41,0.5249999999999702,0.047619047619047616,23,0.2193598449230194,-0.007058955729007721,0.0889112576842308,-0.04073056076240718,-0.023116513283099938,-0.007402703526120277,FL,3,True,False,recoverable,0,False,RUNNING
23.233333333332656,2788,S3_FL_TRAVERSE,UNLOAD,v010_20260806_220745_363972_manual:S3_FL_TRAVERSE:ALTERNATE_PROFILE_3:segments-21-41,0.591666666666633,0.047619047619047616,23,0.21933503448963165,-0.00706849992275238,0.08891422301530838,-0.040583988394801374,-0.02309127859234445,-0.007400870306374903,FL,3,True,False,recoverable,0,False,RUNNING
23.29999999999932,2796,S3_FL_TRAVERSE,UNLOAD,v010_20260806_220745_363972_manual:S3_FL_TRAVERSE:ALTERNATE_PROFILE_3:segments-21-41,0.6583333333332959,0.09523809523809523,24,0.21932926774024963,-0.007075555622577667,0.08891139924526215,-0.04048700080898798,-0.023063160988116962,-0.007399031104440468,FL,3,True,False,recoverable,0,False,RUNNING
23.36666666666598,2804,S3_FL_TRAVERSE,UNLOAD,v010_20260806_220745_363972_manual:S3_FL_TRAVERSE:ALTERNATE_PROFILE_3:segments-21-41,0.7249999999999588,0.14285714285714285,25,0.21933315694332123,-0.007080979645252228,0.08890613913536072,-0.04041304419220555,-0.023039713933898875,-0.007397757727037183,FL,3,True,False,recoverable,0,False,RUNNING
23.433333333332644,2812,S3_FL_TRAVERSE,UNLOAD,v010_20260806_220745_363972_manual:S3_FL_TRAVERSE:ALTERNATE_PROFILE_3:segments-21-41,0.7916666666666217,0.19047619047619047,26,0.2192910611629486,-0.007083311676979065,0.08887278288602829,-0.040394671620914445,-0.02291315063468234,-0.007402905570658252,FL,3,True,False,recoverable,0,False,RUNNING
23.499999999999307,2820,S3_FL_TRAVERSE,UNLOAD,v010_20260806_220745_363972_manual:S3_FL_TRAVERSE:ALTERNATE_PROFILE_3:segments-21-41,0.8583333333332845,0.19047619047619047,26,0.21932309865951538,-0.007087983191013336,0.0888822004199028,-0.04032656965935268,-0.022977519011082317,-0.007398216341183439,FL,3,True,False,recoverable,0,False,RUNNING
23.56666666666597,2828,S3_FL_TRAVERSE,FACE_CLEAR,v010_20260806_220745_363972_manual:S3_FL_TRAVERSE:ALTERNATE_PROFILE_3:segments-21-41,0.9249999999999474,0.23809523809523808,27,0.21926873922348022,-0.007082432508468628,0.08880219608545303,-0.040440187732743556,-0.02276205173048201,-0.007410717689891685,FL,3,True,False,recoverable,0,False,RUNNING
23.633333333332633,2836,S3_FL_TRAVERSE,FACE_CLEAR,v010_20260806_220745_363972_manual:S3_FL_TRAVERSE:ALTERNATE_PROFILE_3:segments-21-41,0.9916666666666103,0.23809523809523808,27,0.21927617490291595,-0.0070829614996910095,0.08877702802419662,-0.04044543729342366,-0.02273111382728983,-0.007412512922867978,FL,3,True,False,recoverable,0,False,RUNNING
23.699999999999296,2844,S3_FL_TRAVERSE,FACE_CLEAR,v010_20260806_220745_363972_manual:S3_FL_TRAVERSE:ALTERNATE_PROFILE_3:segments-21-41,1.0583333333332732,0.23809523809523808,27,0.21935299038887024,-0.007096871733665466,0.08885356783866882,-0.04021439472870773,-0.022992101073638166,-0.007394833979878405,FL,3,True,False,recoverable,0,False,RUNNING
23.76666666666596,2852,S3_FL_TRAVERSE,FACE_CLEAR,v010_20260806_220745_363972_manual:S3_FL_TRAVERSE:ALTERNATE_PROFILE_3:segments-21-41,1.124999999999936,0.23809523809523808,27,0.2193661481142044,-0.00710345059633255,0.08887062966823578,-0.040115291298012876,-0.02302640769898898,-0.007390269450965631,FL,3,True,False,recoverable,0,False,RUNNING
23.83333333333262,2860,S3_FL_TRAVERSE,FACE_CLEAR,v010_20260806_220745_363972_manual:S3_FL_TRAVERSE:ALTERNATE_PROFILE_3:segments-21-41,1.191666666666599,0.23809523809523808,27,0.2193756103515625,-0.007111825048923492,0.08890139311552048,-0.039983295751881906,-0.023064041819637074,-0.007384548401337627,FL,3,True,False,recoverable,0,False,RUNNING
23.899999999999284,2868,S3_FL_TRAVERSE,FACE_CLEAR,v010_20260806_220745_363972_manual:S3_FL_TRAVERSE:ALTERNATE_PROFILE_3:segments-21-41,1.2583333333332618,0.23809523809523808,27,0.21937653422355652,-0.007114939391613007,0.08890198916196823,-0.03994238875346199,-0.023062541183717592,-0.0073830264939603,FL,3,True,False,recoverable,0,False,RUNNING
23.966666666665947,2876,S3_FL_TRAVERSE,FACE_CLEAR,v010_20260806_220745_363972_manual:S3_FL_TRAVERSE:ALTERNATE_PROFILE_3:segments-21-41,1.3249999999999247,0.23809523809523808,27,0.21936681866645813,-0.00711388885974884,0.08887551724910736,-0.039973666780895555,-0.023012973049455036,-0.007385477373843306,FL,3,True,False,recoverable,0,False,RUNNING
24.03333333333261,2884,S3_FL_TRAVERSE,FACE_CLEAR,v010_20260806_220745_363972_manual:S3_FL_TRAVERSE:ALTERNATE_PROFILE_3:segments-21-41,1.3916666666665876,0.2857142857142857,28,0.21932482719421387,-0.007105402648448944,0.08879434317350388,-0.040130046932131666,-0.02279422298543661,-0.007399435919064166,FL,3,True,False,recoverable,0,False,RUNNING
24.099999999999273,2892,S3_FL_TRAVERSE,FACE_CLEAR,v010_20260806_220745_363972_manual:S3_FL_TRAVERSE:ALTERNATE_PROFILE_3:segments-21-41,1.4583333333332504,0.2857142857142857,28,0.21933145821094513,-0.007107436656951904,0.0887930616736412,-0.04010268678147852,-0.022807732980569206,-0.007398259356148132,FL,3,True,False,recoverable,0,False,RUNNING
24.166666666665936,2900,S3_FL_TRAVERSE,FACE_CLEAR,v010_20260806_220745_363972_manual:S3_FL_TRAVERSE:ALTERNATE_PROFILE_3:segments-21-41,1.5249999999999133,0.3333333333333333,29,0.21933577954769135,-0.007109157741069794,0.08878904581069946,-0.04008188199028905,-0.02280993061819371,-0.007397489889550259,FL,3,True,False,recoverable,0,False,RUNNING
24.2333333333326,2908,S3_FL_TRAVERSE,FACE_CLEAR,v010_20260806_220745_363972_manual:S3_FL_TRAVERSE:ALTERNATE_PROFILE_3:segments-21-41,1.5916666666665762,0.3333333333333333,29,0.21934111416339874,-0.007111348211765289,0.08878973871469498,-0.04004929850547252,-0.022822288909718515,-0.007395926594101388,FL,3,True,False,recoverable,0,False,RUNNING
24.29999999999926,2916,S3_FL_TRAVERSE,FACE_CLEAR,v010_20260806_220745_363972_manual:S3_FL_TRAVERSE:ALTERNATE_PROFILE_3:segments-21-41,1.658333333333239,0.38095238095238093,30,0.21935006976127625,-0.007114492356777191,0.08879926800727844,-0.040001504058638664,-0.022861614825753898,-0.007392499512238624,FL,3,True,False,recoverable,0,False,RUNNING
24.366666666665925,2924,S3_FL_TRAVERSE,FACE_CLEAR,v010_20260806_220745_363972_manual:S3_FL_TRAVERSE:ALTERNATE_PROFILE_3:segments-21-41,1.724999999999902,0.42857142857142855,31,0.21933743357658386,-0.007111646234989166,0.0887647420167923,-0.040058002893124806,-0.022770914504279982,-0.007398286879321397,FL,3,True,False,recoverable,0,False,RUNNING
24.433333333332588,2932,S3_FL_TRAVERSE,FACE_CLEAR,v010_20260806_220745_363972_manual:S3_FL_TRAVERSE:ALTERNATE_PROFILE_3:segments-21-41,1.7916666666665648,0.42857142857142855,31,0.21934698522090912,-0.007115103304386139,0.08877620100975037,-0.04000402417788163,-0.022810804275537746,-0.007394552040414412,FL,3,True,False,recoverable,0,False,RUNNING
24.49999999999925,2940,S3_FL_TRAVERSE,FACE_CLEAR,v010_20260806_220745_363972_manual:S3_FL_TRAVERSE:ALTERNATE_PROFILE_3:segments-21-41,1.8583333333332277,0.47619047619047616,32,0.21935343742370605,-0.007118068635463715,0.08878526836633682,-0.03995646047461556,-0.022848042580639546,-0.00739190991102321,FL,3,True,False,recoverable,0,False,RUNNING
24.566666666665913,2948,S3_FL_TRAVERSE,FACE_CLEAR,v010_20260806_220745_363972_manual:S3_FL_TRAVERSE:ALTERNATE_PROFILE_3:segments-21-41,1.9249999999998906,0.47619047619047616,32,0.21935658156871796,-0.00712142139673233,0.08879716694355011,-0.03989702912958338,-0.022881895559208613,-0.007389776178554599,FL,3,True,False,recoverable,0,False,RUNNING
24.633333333332576,2956,S3_FL_TRAVERSE,TOP_PLACE,v010_20260806_220745_363972_manual:S3_FL_TRAVERSE:ALTERNATE_PROFILE_3:segments-21-41,1.9916666666665535,0.5238095238095238,33,0.22017338871955872,-0.007159411907196045,0.08889925479888916,-0.039324503384319906,-0.022665956957113695,-0.007350469481130098,FL,3,True,False,recoverable,0,False,RUNNING
24.69999999999924,2964,S3_FL_TRAVERSE,TOP_PLACE,v010_20260806_220745_363972_manual:S3_FL_TRAVERSE:ALTERNATE_PROFILE_3:segments-21-41,2.0583333333332163,0.5238095238095238,33,0.22113537788391113,-0.007200255990028381,0.08898227661848068,-0.03889108252951275,-0.02259296701881737,-0.0073154368290787595,FL,3,True,False,recoverable,0,False,RUNNING
24.766666666665902,2972,S3_FL_TRAVERSE,TOP_PLACE,v010_20260806_220745_363972_manual:S3_FL_TRAVERSE:ALTERNATE_PROFILE_3:segments-21-41,2.124999999999879,0.5238095238095238,33,0.22212955355644226,-0.007236503064632416,0.08905062079429626,-0.03843868758200798,-0.02254121527052839,-0.007282291542756193,FL,3,True,False,recoverable,0,False,RUNNING
24.833333333332565,2980,S3_FL_TRAVERSE,TOP_PLACE,v010_20260806_220745_363972_manual:S3_FL_TRAVERSE:ALTERNATE_PROFILE_3:segments-21-41,2.191666666666542,0.5238095238095238,33,0.22308826446533203,-0.007268145680427551,0.08910586684942245,-0.03803033701385804,-0.02249456412252493,-0.007220593635291855,FL,3,True,False,recoverable,0,False,RUNNING
24.899999999999228,2988,S3_FL_TRAVERSE,TOP_PLACE,v010_20260806_220745_363972_manual:S3_FL_TRAVERSE:ALTERNATE_PROFILE_3:segments-21-41,2.258333333333205,0.5238095238095238,33,0.2241116166114807,-0.007294416427612305,0.08911839127540588,-0.037664114599153295,-0.022395850057477247,-0.0071710821626131335,FL,3,True,False,recoverable,0,False,RUNNING
24.96666666666589,2996,S3_FL_TRAVERSE,TOP_PLACE,v010_20260806_220745_363972_manual:S3_FL_TRAVERSE:ALTERNATE_PROFILE_3:segments-21-41,2.324999999999868,0.5238095238095238,33,0.2251526266336441,-0.007331185042858124,0.08914081752300262,-0.037224591665000945,-0.022413971468000737,-0.007130164317996336,FL,3,True,False,recoverable,0,False,RUNNING
25.033333333332553,3004,S3_FL_TRAVERSE,TOP_PLACE,v010_20260806_220745_363972_manual:S3_FL_TRAVERSE:ALTERNATE_PROFILE_3:segments-21-41,2.3916666666665307,0.5238095238095238,33,0.22619372606277466,-0.007370308041572571,0.08911103010177612,-0.036798885083401144,-0.022305860670116882,-0.007077170627076176,FL,3,True,False,recoverable,0,False,RUNNING
25.099999999999216,3012,S3_FL_TRAVERSE,TOP_PLACE,v010_20260806_220745_363972_manual:S3_FL_TRAVERSE:ALTERNATE_PROFILE_3:segments-21-41,2.4583333333331936,0.5238095238095238,33,0.22728317975997925,-0.0074015334248542786,0.08905145525932312,-0.03639039347588682,-0.022222641954052914,-0.007019592906536195,FL,3,True,False,recoverable,0,False,RUNNING
25.16666666666588,3020,S3_FL_TRAVERSE,TOP_PLACE,v010_20260806_220745_363972_manual:S3_FL_TRAVERSE:ALTERNATE_PROFILE_3:segments-21-41,2.5249999999998565,0.5238095238095238,33,0.2283957153558731,-0.0074393972754478455,0.08895901590585709,-0.0360779471689757,-0.022132503091146352,-0.00697706659728076,FL,3,True,False,recoverable,0,False,RUNNING
25.233333333332542,3028,S3_FL_TRAVERSE,TOP_PLACE,v010_20260806_220745_363972_manual:S3_FL_TRAVERSE:ALTERNATE_PROFILE_3:segments-21-41,2.5916666666665193,0.5238095238095238,33,0.2293117493391037,-0.007475592195987701,0.08898157626390457,-0.03570272194778688,-0.022296300605036214,-0.006943675451748628,FL,3,True,False,recoverable,0,False,RUNNING
25.299999999999205,3036,S3_FL_TRAVERSE,TOP_PLACE,v010_20260806_220745_363972_manual:S3_FL_TRAVERSE:ALTERNATE_PROFILE_3:segments-21-41,2.6583333333331822,0.5238095238095238,33,0.23006120324134827,-0.007517106831073761,0.08915288746356964,-0.03514524731956374,-0.02276507158302047,-0.0069255439281068545,FL,3,True,False,recoverable,0,False,RUNNING
25.366666666665868,3044,S3_FL_TRAVERSE,TOP_PLACE,v010_20260806_220745_363972_manual:S3_FL_TRAVERSE:ALTERNATE_PROFILE_3:segments-21-41,2.724999999999845,0.5238095238095238,33,0.23091207444667816,-0.007555000483989716,0.0893164873123169,-0.034665345354484026,-0.02341395217346315,-0.006889368726866449,FL,3,True,False,recoverable,0,False,RUNNING
25.43333333333253,3052,S3_FL_TRAVERSE,TOP_PLACE,v010_20260806_220745_363972_manual:S3_FL_TRAVERSE:ALTERNATE_PROFILE_3:segments-21-41,2.791666666666508,0.5238095238095238,33,0.2317860722541809,-0.0075812265276908875,0.08944907784461975,-0.034370135060274934,-0.023962596307954175,-0.006860443552423005,FL,3,True,False,recoverable,0,False,RUNNING
25.499999999999194,3060,S3_FL_TRAVERSE,TOP_PLACE,v010_20260806_220745_363972_manual:S3_FL_TRAVERSE:ALTERNATE_PROFILE_3:segments-21-41,2.858333333333171,0.5238095238095238,33,0.23266595602035522,-0.007569342851638794,0.08947915583848953,-0.03477534250905729,-0.024044365317626947,-0.00688738084213722,FL,3,True,False,recoverable,0,False,RUNNING
25.566666666665856,3068,S3_FL_TRAVERSE,TOP_PLACE,v010_20260806_220745_363972_manual:S3_FL_TRAVERSE:ALTERNATE_PROFILE_3:segments-21-41,2.9249999999998337,0.5238095238095238,33,0.23362033069133759,-0.007533840835094452,0.08947096765041351,-0.03543431471696091,-0.0240836323107598,-0.006912287696377656,FL,3,True,False,recoverable,0,False,RUNNING
25.63333333333252,3076,S3_FL_TRAVERSE,TOP_PLACE,v010_20260806_220745_363972_manual:S3_FL_TRAVERSE:ALTERNATE_PROFILE_3:segments-21-41,2.9916666666664966,0.5238095238095238,33,0.23460453748703003,-0.007498942315578461,0.08945227414369583,-0.036085641264859754,-0.024153004487049847,-0.006953162609540302,FL,3,True,False,recoverable,0,False,RUNNING
25.699999999999182,3084,S3_FL_TRAVERSE,TOP_PLACE,v010_20260806_220745_363972_manual:S3_FL_TRAVERSE:ALTERNATE_PROFILE_3:segments-21-41,3.0583333333331595,0.5238095238095238,33,0.2356126308441162,-0.007458694279193878,0.08940450847148895,-0.03678137570001327,-0.02422674415985123,-0.006988033716888662,FL,3,True,False,recoverable,0,False,RUNNING
25.766666666665845,3092,S3_FL_TRAVERSE,TOP_PLACE,v010_20260806_220745_363972_manual:S3_FL_TRAVERSE:ALTERNATE_PROFILE_3:segments-21-41,3.1249999999998224,0.5238095238095238,33,0.23665408790111542,-0.007415689527988434,0.08931542187929153,-0.03755925473026463,-0.02431366957369463,-0.007026658902102831,FL,3,True,False,recoverable,0,False,RUNNING
25.833333333332508,3100,S3_FL_TRAVERSE,TOP_PLACE,v010_20260806_220745_363972_manual:S3_FL_TRAVERSE:ALTERNATE_PROFILE_3:segments-21-41,3.1916666666664852,0.5238095238095238,33,0.23758800327777863,-0.007392890751361847,0.08926644921302795,-0.038005276058465515,-0.02422223176351113,-0.007033964588929535,FL,3,True,False,recoverable,0,False,RUNNING
25.89999999999917,3108,S3_FL_TRAVERSE,TOP_PLACE,v010_20260806_220745_363972_manual:S3_FL_TRAVERSE:ALTERNATE_PROFILE_3:segments-21-41,3.258333333333148,0.5238095238095238,33,0.23838846385478973,-0.007408618927001953,0.0893450677394867,-0.037875565695631046,-0.02393783240274203,-0.007032527853948927,FL,3,True,False,recoverable,0,False,RUNNING
25.966666666665834,3116,S3_FL_TRAVERSE,TOP_PLACE,v010_20260806_220745_363972_manual:S3_FL_TRAVERSE:ALTERNATE_PROFILE_3:segments-21-41,3.324999999999811,0.5238095238095238,33,0.2392566204071045,-0.007425978779792786,0.08940791338682175,-0.03779399123157489,-0.023738418683550228,-0.007019462446037744,FL,3,True,False,recoverable,0,False,RUNNING
26.033333333332497,3124,S3_FL_TRAVERSE,TOP_PLACE,v010_20260806_220745_363972_manual:S3_FL_TRAVERSE:ALTERNATE_PROFILE_3:segments-21-41,3.391666666666474,0.5238095238095238,33,0.24017509818077087,-0.0074380189180374146,0.08946821838617325,-0.03770147654918869,-0.0235966800557816,-0.00700354454207644,FL,3,True,False,recoverable,0,False,RUNNING
26.09999999999916,3132,S3_FL_TRAVERSE,TOP_PLACE,v010_20260806_220745_363972_manual:S3_FL_TRAVERSE:ALTERNATE_PROFILE_3:segments-21-41,3.4583333333331367,0.5238095238095238,33,0.2411360740661621,-0.007453121244907379,0.08951077610254288,-0.03763832100569547,-0.023493241991761424,-0.006992988132697816,FL,3,True,False,recoverable,0,False,RUNNING
26.166666666665822,3140,S3_FL_TRAVERSE,TOP_PLACE,v010_20260806_220745_363972_manual:S3_FL_TRAVERSE:ALTERNATE_PROFILE_3:segments-21-41,3.5249999999997996,0.5238095238095238,33,0.2421375811100006,-0.007465355098247528,0.08953908085823059,-0.03760703239403366,-0.023393216766456226,-0.006972762597870393,FL,3,True,False,recoverable,0,False,RUNNING
26.233333333332485,3148,S3_FL_TRAVERSE,TOP_PLACE,v010_20260806_220745_363972_manual:S3_FL_TRAVERSE:ALTERNATE_PROFILE_3:segments-21-41,3.5916666666664625,0.5238095238095238,33,0.24314704537391663,-0.0074820443987846375,0.08956705778837204,-0.03747453126545589,-0.02329686350508113,-0.006968924312480249,FL,3,True,False,recoverable,0,False,RUNNING
26.299999999999148,3156,S3_FL_TRAVERSE,TOP_PLACE,v010_20260806_220745_363972_manual:S3_FL_TRAVERSE:ALTERNATE_PROFILE_3:segments-21-41,3.6583333333331254,0.5238095238095238,33,0.24417667090892792,-0.007501222193241119,0.08957498520612717,-0.03734799525954415,-0.023206666282070083,-0.006944914976231804,FL,3,True,False,recoverable,0,False,RUNNING
26.36666666666581,3164,S3_FL_TRAVERSE,TOP_PLACE,v010_20260806_220745_363972_manual:S3_FL_TRAVERSE:ALTERNATE_PROFILE_3:segments-21-41,3.7249999999997883,0.5238095238095238,33,0.24522864818572998,-0.007521376013755798,0.08956779539585114,-0.037195108219492894,-0.0231195129954388,-0.006940531575557291,FL,3,True,False,recoverable,0,False,RUNNING
26.433333333332474,3172,S3_FL_TRAVERSE,TOP_PLACE,v010_20260806_220745_363972_manual:S3_FL_TRAVERSE:ALTERNATE_PROFILE_3:segments-21-41,3.791666666666451,0.5238095238095238,33,0.24628756940364838,-0.007545776665210724,0.08954408019781113,-0.037012932435980014,-0.02302231758191807,-0.006916815173497138,FL,3,True,False,recoverable,0,False,RUNNING
26.499999999999137,3180,S3_FL_TRAVERSE,TOP_PLACE,v010_20260806_220745_363972_manual:S3_FL_TRAVERSE:ALTERNATE_PROFILE_3:segments-21-41,3.858333333333114,0.5238095238095238,33,0.24737387895584106,-0.007567964494228363,0.08950048685073853,-0.03686446405687542,-0.022959787782378963,-0.006912279344269672,FL,3,True,False,recoverable,0,False,RUNNING
26.5666666666658,3188,S3_FL_TRAVERSE,TOP_PLACE,v010_20260806_220745_363972_manual:S3_FL_TRAVERSE:ALTERNATE_PROFILE_3:segments-21-41,3.924999999999777,0.5238095238095238,33,0.24837183952331543,-0.007589556276798248,0.08947919309139252,-0.036775892036643144,-0.022980058003202908,-0.006901683217874916,FL,3,True,False,recoverable,0,False,RUNNING
26.633333333332462,3196,S3_FL_TRAVERSE,TOP_PLACE,v010_20260806_220745_363972_manual:S3_FL_TRAVERSE:ALTERNATE_PROFILE_3:segments-21-41,3.9916666666664398,0.5238095238095238,33,0.24941296875476837,-0.007606387138366699,0.089450903236866,-0.03667277440051561,-0.02304919808946517,-0.006889456743769418,FL,3,True,False,recoverable,0,False,RUNNING
26.699999999999125,3204,S3_FL_TRAVERSE,TOP_PLACE,v010_20260806_220745_363972_manual:S3_FL_TRAVERSE:ALTERNATE_PROFILE_3:segments-21-41,4.058333333333103,0.5238095238095238,33,0.2504648268222809,-0.007629126310348511,0.0894099697470665,-0.036517168018502744,-0.023100266936398172,-0.006886517030045952,FL,3,True,False,recoverable,0,False,RUNNING
26.766666666665788,3212,S3_FL_TRAVERSE,TOP_PLACE,v010_20260806_220745_363972_manual:S3_FL_TRAVERSE:ALTERNATE_PROFILE_3:segments-21-41,4.1249999999997655,0.5238095238095238,33,0.25153136253356934,-0.007632039487361908,0.08933643996715546,-0.03655773292080368,-0.023046006990233608,-0.006876708238907101,FL,3,True,False,recoverable,0,False,RUNNING
26.83333333333245,3220,S3_FL_TRAVERSE,TOP_PLACE,v010_20260806_220745_363972_manual:S3_FL_TRAVERSE:ALTERNATE_PROFILE_3:segments-21-41,4.191666666666428,0.5238095238095238,33,0.2526244521141052,-0.0076302289962768555,0.08923126012086868,-0.03661278005346533,-0.0229866803184233,-0.006872794317696193,FL,3,True,False,recoverable,0,False,RUNNING
26.899999999999114,3228,S3_FL_TRAVERSE,TOP_PLACE,v010_20260806_220745_363972_manual:S3_FL_TRAVERSE:ALTERNATE_PROFILE_3:segments-21-41,4.258333333333091,0.5238095238095238,33,0.25372204184532166,-0.0076318830251693726,0.08907889574766159,-0.036704457548193466,-0.02288206320650879,-0.00687767684739392,FL,3,True,False,recoverable,0,False,RUNNING
26.966666666665777,3236,S3_FL_TRAVERSE,TOP_PLACE,v010_20260806_220745_363972_manual:S3_FL_TRAVERSE:ALTERNATE_PROFILE_3:segments-21-41,4.324999999999754,0.5238095238095238,33,0.2548711895942688,-0.007631726562976837,0.08890435844659805,-0.0367791270278362,-0.022826836837420005,-0.006871352069074631,FL,3,True,False,recoverable,0,False,RUNNING
27.03333333333244,3244,S3_FL_TRAVERSE,TOP_PLACE,v010_20260806_220745_363972_manual:S3_FL_TRAVERSE:ALTERNATE_PROFILE_3:segments-21-41,4.391666666666417,0.5238095238095238,33,0.25599077343940735,-0.007636725902557373,0.08873724937438965,-0.03684246209906754,-0.02283198345474886,-0.00687627576398506,FL,3,True,False,recoverable,0,False,RUNNING
27.099999999999103,3252,S3_FL_TRAVERSE,TOP_PLACE,v010_20260806_220745_363972_manual:S3_FL_TRAVERSE:ALTERNATE_PROFILE_3:segments-21-41,4.45833333333308,0.5238095238095238,33,0.2568596601486206,-0.007643960416316986,0.08875123411417007,-0.036677509643596104,-0.023172325376114314,-0.006865971766242398,FL,3,True,False,recoverable,0,False,RUNNING
27.166666666665765,3260,S3_FL_TRAVERSE,TOP_PLACE,v010_20260806_220745_363972_manual:S3_FL_TRAVERSE:ALTERNATE_PROFILE_3:segments-21-41,4.524999999999743,0.5238095238095238,33,0.2578137516975403,-0.007655762135982513,0.08873473852872849,-0.03661050633236944,-0.023602191825580227,-0.006868472809078661,FL,3,True,False,recoverable,0,False,RUNNING
27.23333333333243,3268,S3_FL_TRAVERSE,TOP_PLACE,v010_20260806_220745_363972_manual:S3_FL_TRAVERSE:ALTERNATE_PROFILE_3:segments-21-41,4.591666666666406,0.5238095238095238,33,0.2586679458618164,-0.007684424519538879,0.0887957364320755,-0.03618910309236505,-0.023861260992879843,-0.006846965789749417,FL,3,True,False,recoverable,0,False,RUNNING
27.29999999999909,3276,S3_FL_TRAVERSE,TOP_PLACE,v010_20260806_220745_363972_manual:S3_FL_TRAVERSE:ALTERNATE_PROFILE_3:segments-21-41,4.6583333333330685,0.5238095238095238,33,0.2594400942325592,-0.007712990045547485,0.0889042541384697,-0.0358295597527162,-0.023742039679057355,-0.006820865471272882,FL,3,True,False,recoverable,0,False,RUNNING
27.366666666665754,3284,S3_FL_TRAVERSE,TOP_PLACE,v010_20260806_220745_363972_manual:S3_FL_TRAVERSE:ALTERNATE_PROFILE_3:segments-21-41,4.724999999999731,0.5238095238095238,33,0.26030969619750977,-0.0077241286635398865,0.08897823840379715,-0.03578881130873763,-0.023552819683340095,-0.006832803584296545,FL,3,True,False,recoverable,0,False,RUNNING
27.433333333332417,3292,S3_FL_TRAVERSE,TOP_PLACE,v010_20260806_220745_363972_manual:S3_FL_TRAVERSE:ALTERNATE_PROFILE_3:segments-21-41,4.791666666666394,0.5238095238095238,33,0.26121482253074646,-0.0077338069677352905,0.0890531837940216,-0.03569723081656063,-0.023422316885202236,-0.006821604531049847,FL,3,True,False,recoverable,0,False,RUNNING
27.49999999999908,3300,S3_FL_TRAVERSE,TOP_PLACE,v010_20260806_220745_363972_manual:S3_FL_TRAVERSE:ALTERNATE_PROFILE_3:segments-21-41,4.858333333333057,0.5238095238095238,33,0.26217663288116455,-0.007745824754238129,0.08911119401454926,-0.03567318188060293,-0.023325090599112135,-0.006810479828466511,FL,3,True,False,recoverable,0,False,RUNNING
27.566666666665743,3308,S3_FL_TRAVERSE,TOP_PLACE,v010_20260806_220745_363972_manual:S3_FL_TRAVERSE:ALTERNATE_PROFILE_3:segments-21-41,4.92499999999972,0.5238095238095238,33,0.26312845945358276,-0.007758110761642456,0.08916494250297546,-0.035543936992241426,-0.02322398418401359,-0.006794503910342497,FL,3,True,False,recoverable,0,False,RUNNING
27.633333333332406,3316,S3_FL_TRAVERSE,TOP_PLACE,v010_20260806_220745_363972_manual:S3_FL_TRAVERSE:ALTERNATE_PROFILE_3:segments-21-41,4.991666666666383,0.5238095238095238,33,0.26409491896629333,-0.007772013545036316,0.0892043486237526,-0.0354273147665635,-0.023137045424803784,-0.006758628533321182,FL,3,True,False,recoverable,0,False,RUNNING
27.69999999999907,3324,S3_FL_TRAVERSE,TOP_PLACE,v010_20260806_220745_363972_manual:S3_FL_TRAVERSE:ALTERNATE_PROFILE_3:segments-21-41,5.058333333333046,0.5238095238095238,33,0.2650918662548065,-0.007782734930515289,0.08921780437231064,-0.03534683421672126,-0.023043320496406366,-0.006737547526790714,FL,3,True,False,recoverable,0,False,RUNNING
27.76666666666573,3332,S3_FL_TRAVERSE,TOP_PLACE,v010_20260806_220745_363972_manual:S3_FL_TRAVERSE:ALTERNATE_PROFILE_3:segments-21-41,5.124999999999709,0.5238095238095238,33,0.2661227583885193,-0.00780370831489563,0.08922187238931656,-0.03518465233834935,-0.02297606612507528,-0.006721263109425393,FL,3,True,False,recoverable,0,False,RUNNING
27.833333333332394,3340,S3_FL_TRAVERSE,TOP_PLACE,v010_20260806_220745_363972_manual:S3_FL_TRAVERSE:ALTERNATE_PROFILE_3:segments-21-41,5.1916666666663716,0.5238095238095238,33,0.26716291904449463,-0.007817365229129791,0.08920611441135406,-0.035024933612421226,-0.02290138827390357,-0.0067003797892391925,FL,3,True,False,recoverable,0,False,RUNNING
27.899999999999057,3348,S3_FL_TRAVERSE,TOP_PLACE,v010_20260806_220745_363972_manual:S3_FL_TRAVERSE:ALTERNATE_PROFILE_3:segments-21-41,5.258333333333034,0.5238095238095238,33,0.2682194709777832,-0.0078396275639534,0.08917837589979172,-0.034799500518107346,-0.022824334302707132,-0.006689464803571187,FL,3,True,False,recoverable,0,False,RUNNING
27.96666666666572,3356,S3_FL_TRAVERSE,TOP_PLACE,v010_20260806_220745_363972_manual:S3_FL_TRAVERSE:ALTERNATE_PROFILE_3:segments-21-41,5.324999999999697,0.5238095238095238,33,0.26925426721572876,-0.007869638502597809,0.08916845917701721,-0.034474406894163104,-0.022733409046114168,-0.0066563985789106165,FL,3,True,False,recoverable,0,False,RUNNING
28.033333333332383,3364,S3_FL_TRAVERSE,TOP_PLACE,v010_20260806_220745_363972_manual:S3_FL_TRAVERSE:ALTERNATE_PROFILE_3:segments-21-41,5.39166666666636,0.5238095238095238,33,0.270037978887558,-0.007887296378612518,0.0892835482954979,-0.03434878860513805,-0.022979289734232466,-0.006660814630955482,FL,3,True,False,recoverable,0,False,RUNNING
28.099999999999046,3372,S3_FL_TRAVERSE,TOP_PLACE,v010_20260806_220745_363972_manual:S3_FL_TRAVERSE:ALTERNATE_PROFILE_3:segments-21-41,5.458333333333023,0.5238095238095238,33,0.2708747088909149,-0.007912248373031616,0.0894191786646843,-0.0341185495845793,-0.023352601181153784,-0.006639365043158888,FL,3,True,False,recoverable,0,False,RUNNING
28.16666666666571,3380,S3_FL_TRAVERSE,TOP_PLACE,v010_20260806_220745_363972_manual:S3_FL_TRAVERSE:ALTERNATE_PROFILE_3:segments-21-41,5.524999999999686,0.5238095238095238,33,0.2717339098453522,-0.007944762706756592,0.08958787471055984,-0.03371347323315743,-0.023831761590864704,-0.006622109077391957,FL,3,True,False,recoverable,0,False,RUNNING
28.23333333333237,3388,S3_FL_TRAVERSE,TOP_PLACE,v010_20260806_220745_363972_manual:S3_FL_TRAVERSE:ALTERNATE_PROFILE_3:segments-21-41,5.591666666666349,0.5238095238095238,33,0.27257734537124634,-0.00796905905008316,0.08973774313926697,-0.03351918900779841,-0.024153263584527157,-0.006609328711800461,FL,3,True,False,recoverable,0,False,RUNNING
28.299999999999034,3396,S3_FL_TRAVERSE,TOP_PLACE,v010_20260806_220745_363972_manual:S3_FL_TRAVERSE:ALTERNATE_PROFILE_3:segments-21-41,5.658333333333012,0.5238095238095238,33,0.273459792137146,-0.007950030267238617,0.08980472385883331,-0.03384660568587094,-0.024233314178251572,-0.006612349938600325,FL,3,True,False,recoverable,0,False,RUNNING
28.366666666665697,3404,S3_FL_TRAVERSE,TOP_PLACE,v010_20260806_220745_363972_manual:S3_FL_TRAVERSE:ALTERNATE_PROFILE_3:segments-21-41,5.724999999999675,0.5238095238095238,33,0.27437588572502136,-0.007924295961856842,0.08983755856752396,-0.0342238426497772,-0.024236989625193918,-0.006600576166495583,FL,3,True,False,recoverable,0,False,RUNNING
28.43333333333236,3412,S3_FL_TRAVERSE,TOP_PLACE,v010_20260806_220745_363972_manual:S3_FL_TRAVERSE:ALTERNATE_PROFILE_3:segments-21-41,5.7916666666663374,0.5238095238095238,33,0.27534785866737366,-0.007902674376964569,0.08986061066389084,-0.034759532205053845,-0.024321566647050617,-0.0066190934088752465,FL,3,True,False,recoverable,0,False,RUNNING
28.499999999999023,3420,S3_FL_TRAVERSE,TOP_PLACE,v010_20260806_220745_363972_manual:S3_FL_TRAVERSE:ALTERNATE_PROFILE_3:segments-21-41,5.858333333333,0.5238095238095238,33,0.2763482928276062,-0.007868282496929169,0.0898425355553627,-0.035321767663731136,-0.02435578082089906,-0.006616693405759017,FL,3,True,False,recoverable,0,False,RUNNING
28.566666666665686,3428,S3_FL_TRAVERSE,TOP_PLACE,v010_20260806_220745_363972_manual:S3_FL_TRAVERSE:ALTERNATE_PROFILE_3:segments-21-41,5.924999999999663,0.5238095238095238,33,0.27736547589302063,-0.007836513221263885,0.08979107439517975,-0.03592242919168076,-0.024363913784423243,-0.006631736143556244,FL,3,True,False,recoverable,0,False,RUNNING
28.63333333333235,3436,S3_FL_TRAVERSE,TOP_PLACE,v010_20260806_220745_363972_manual:S3_FL_TRAVERSE:ALTERNATE_PROFILE_3:segments-21-41,5.991666666666326,0.5238095238095238,33,0.2783912718296051,-0.007799334824085236,0.08971244841814041,-0.036532925485903193,-0.024347866231404836,-0.00664377568500673,FL,3,True,False,recoverable,0,False,RUNNING
28.69999999999901,3444,S3_FL_TRAVERSE,TOP_PLACE,v010_20260806_220745_363972_manual:S3_FL_TRAVERSE:ALTERNATE_PROFILE_3:segments-21-41,6.058333333332989,0.5238095238095238,33,0.2794592082500458,-0.0077621713280677795,0.08959445357322693,-0.03721990356883347,-0.024349263093818206,-0.006667805691483164,FL,3,True,False,recoverable,0,False,RUNNING
28.766666666665675,3452,S3_FL_TRAVERSE,TOP_PLACE,v010_20260806_220745_363972_manual:S3_FL_TRAVERSE:ALTERNATE_PROFILE_3:segments-21-41,6.124999999999652,0.5238095238095238,33,0.28055134415626526,-0.007720045745372772,0.08944789320230484,-0.037934267337338894,-0.024356287132086187,-0.006683564352097853,FL,3,True,False,recoverable,0,False,RUNNING
28.833333333332337,3460,S3_FL_TRAVERSE,TOP_PLACE,v010_20260806_220745_363972_manual:S3_FL_TRAVERSE:ALTERNATE_PROFILE_3:segments-21-41,6.191666666666315,0.5238095238095238,33,0.2816692292690277,-0.007683351635932922,0.08927636593580246,-0.038649446605934105,-0.024353439325997935,-0.006708540727553409,FL,3,True,False,recoverable,0,False,RUNNING
28.899999999999,3468,S3_FL_TRAVERSE,TOP_PLACE,v010_20260806_220745_363972_manual:S3_FL_TRAVERSE:ALTERNATE_PROFILE_3:segments-21-41,6.258333333332978,0.5238095238095238,33,0.2828042209148407,-0.007641807198524475,0.08906836062669754,-0.03940859556234313,-0.024341078331877278,-0.006726944921483332,FL,3,True,False,recoverable,0,False,RUNNING
28.966666666665663,3476,S3_FL_TRAVERSE,TOP_PLACE,v010_20260806_220745_363972_manual:S3_FL_TRAVERSE:ALTERNATE_PROFILE_3:segments-21-41,6.3249999999996405,0.5238095238095238,33,0.2839689552783966,-0.007601924240589142,0.08883450925350189,-0.04015242409895827,-0.0243339458374508,-0.006762404200959167,FL,3,True,False,recoverable,0,False,RUNNING
29.033333333332326,3484,S3_FL_TRAVERSE,TOP_PLACE,v010_20260806_220745_363972_manual:S3_FL_TRAVERSE:ALTERNATE_PROFILE_3:segments-21-41,6.391666666666303,0.5238095238095238,33,0.28501778841018677,-0.007587745785713196,0.08865721523761749,-0.04064033449304809,-0.024078487701820937,-0.006777735515735309,FL,3,True,False,recoverable,0,False,RUNNING
29.09999999999899,3492,S3_FL_TRAVERSE,TOP_PLACE,v010_20260806_220745_363972_manual:S3_FL_TRAVERSE:ALTERNATE_PROFILE_3:segments-21-41,6.458333333332966,0.5238095238095238,33,0.28599637746810913,-0.007588312029838562,0.08855529129505157,-0.04080742133756971,-0.023733231969556214,-0.006778891544696124,FL,3,True,False,recoverable,0,False,RUNNING
29.16666666666565,3500,S3_FL_TRAVERSE,TOP_PLACE,v010_20260806_220745_363972_manual:S3_FL_TRAVERSE:ALTERNATE_PROFILE_3:segments-21-41,6.524999999999629,0.5238095238095238,33,0.2870122194290161,-0.0076087042689323425,0.08849001675844193,-0.0407298874321226,-0.023520244345756537,-0.006776432347146117,FL,3,True,False,recoverable,0,False,RUNNING
29.233333333332315,3508,S3_FL_TRAVERSE,TOP_PLACE,v010_20260806_220745_363972_manual:S3_FL_TRAVERSE:ALTERNATE_PROFILE_3:segments-21-41,6.591666666666292,0.5238095238095238,33,0.28801706433296204,-0.007642045617103577,0.08848720043897629,-0.040334837008973376,-0.02337033374123553,-0.006741789300007361,FL,3,True,False,recoverable,0,False,RUNNING
29.299999999998978,3516,S3_FL_TRAVERSE,TOP_PLACE,v010_20260806_220745_363972_manual:S3_FL_TRAVERSE:ALTERNATE_PROFILE_3:segments-21-41,6.658333333332955,0.5238095238095238,33,0.28903692960739136,-0.0076759085059165955,0.08846724033355713,-0.03996632341804004,-0.023201588348623983,-0.006708202002132891,FL,3,True,False,recoverable,0,False,RUNNING
29.36666666666564,3524,S3_FL_TRAVERSE,TOP_PLACE,v010_20260806_220745_363972_manual:S3_FL_TRAVERSE:ALTERNATE_PROFILE_3:segments-21-41,6.724999999999618,0.5238095238095238,33,0.2901042401790619,-0.007709629833698273,0.08840905874967575,-0.039665006231968426,-0.02304456007654149,-0.006677524436983235,FL,3,True,False,recoverable,0,False,RUNNING
29.433333333332303,3532,S3_FL_TRAVERSE,TOP_PLACE,v010_20260806_220745_363972_manual:S3_FL_TRAVERSE:ALTERNATE_PROFILE_3:segments-21-41,6.791666666666281,0.5238095238095238,33,0.2910228967666626,-0.007739342749118805,0.08842302113771439,-0.03933167052122553,-0.0230083895047572,-0.006662636452185016,FL,3,True,False,recoverable,0,False,RUNNING
29.499999999998966,3540,S3_FL_TRAVERSE,TOP_PLACE,v010_20260806_220745_363972_manual:S3_FL_TRAVERSE:ALTERNATE_PROFILE_3:segments-21-41,6.8583333333329435,0.5238095238095238,33,0.29183170199394226,-0.007769249379634857,0.08855374902486801,-0.03894374067597713,-0.02331737296031503,-0.006638518006553364,FL,3,True,False,recoverable,0,False,RUNNING
29.56666666666563,3548,S3_FL_TRAVERSE,TOP_PLACE,v010_20260806_220745_363972_manual:S3_FL_TRAVERSE:ALTERNATE_PROFILE_3:segments-21-41,6.924999999999606,0.5238095238095238,33,0.29270219802856445,-0.007805049419403076,0.08867704123258591,-0.038578358378233625,-0.02370709676225085,-0.006633916920781144,FL,3,True,False,recoverable,0,False,RUNNING
29.633333333332292,3556,S3_FL_TRAVERSE,TOP_PLACE,v010_20260806_220745_363972_manual:S3_FL_TRAVERSE:ALTERNATE_PROFILE_3:segments-21-41,6.991666666666269,0.5238095238095238,33,0.29357022047042847,-0.007848799228668213,0.08881600946187973,-0.038092635975025,-0.024078688190004527,-0.006601553460883056,FL,3,True,False,recoverable,0,False,RUNNING
29.699999999998955,3564,S3_FL_TRAVERSE,TOP_PLACE,v010_20260806_220745_363972_manual:S3_FL_TRAVERSE:ALTERNATE_PROFILE_3:segments-21-41,7.058333333332932,0.5238095238095238,33,0.29434025287628174,-0.007864631712436676,0.08892165124416351,-0.038027853434146275,-0.023908088663426245,-0.006608675146720187,FL,3,True,False,recoverable,0,False,RUNNING
29.766666666665618,3572,S3_FL_TRAVERSE,TOP_PLACE,v010_20260806_220745_363972_manual:S3_FL_TRAVERSE:ALTERNATE_PROFILE_3:segments-21-41,7.124999999999595,0.5238095238095238,33,0.29518401622772217,-0.007868096232414246,0.08900439739227295,-0.038132900703518234,-0.023729938034633996,-0.006612145854081901,FL,3,True,False,recoverable,0,False,RUNNING
29.83333333333228,3580,S3_FL_TRAVERSE,TOP_PLACE,v010_20260806_220745_363972_manual:S3_FL_TRAVERSE:ALTERNATE_PROFILE_3:segments-21-41,7.191666666666258,0.5238095238095238,33,0.2960672676563263,-0.00787787139415741,0.089088074862957,-0.03822684791889949,-0.023609647035339368,-0.006609981893176288,FL,3,True,False,recoverable,0,False,RUNNING
29.899999999998943,3588,S3_FL_TRAVERSE,TOP_PLACE,v010_20260806_220745_363972_manual:S3_FL_TRAVERSE:ALTERNATE_PROFILE_3:segments-21-41,7.258333333332921,0.5238095238095238,33,0.29696065187454224,-0.007884904742240906,0.08917368948459625,-0.03825366389205414,-0.023522259841939102,-0.006600466519648585,FL,3,True,False,recoverable,0,False,RUNNING
29.966666666665606,3596,S3_FL_TRAVERSE,TOP_PLACE,v010_20260806_220745_363972_manual:S3_FL_TRAVERSE:ALTERNATE_PROFILE_3:segments-21-41,7.324999999999584,0.5238095238095238,33,0.29787391424179077,-0.00790068507194519,0.0892457515001297,-0.038270435594969066,-0.023439441778215973,-0.006592233083554715,FL,3,True,False,recoverable,0,False,RUNNING
30.03333333333227,3604,S3_FL_TRAVERSE,TOP_PLACE,v010_20260806_220745_363972_manual:S3_FL_TRAVERSE:ALTERNATE_PROFILE_3:segments-21-41,7.3916666666662465,0.5238095238095238,33,0.29880669713020325,-0.007916100323200226,0.08931148052215576,-0.038250769303060955,-0.02337567246523033,-0.0065948586439028576,FL,3,True,False,recoverable,0,False,RUNNING
30.099999999998932,3612,S3_FL_TRAVERSE,TOP_PLACE,v010_20260806_220745_363972_manual:S3_FL_TRAVERSE:ALTERNATE_PROFILE_3:segments-21-41,7.458333333332909,0.5238095238095238,33,0.29974913597106934,-0.007929377257823944,0.089358389377594,-0.03822111209183284,-0.023307852571152102,-0.00658335219561837,FL,3,True,False,recoverable,0,False,RUNNING
30.166666666665595,3620,S3_FL_TRAVERSE,TOP_PLACE,v010_20260806_220745_363972_manual:S3_FL_TRAVERSE:ALTERNATE_PROFILE_3:segments-21-41,7.524999999999572,0.5238095238095238,33,0.3007124960422516,-0.007945798337459564,0.08939674496650696,-0.038142063100922885,-0.023239708501148183,-0.006559713965299496,FL,3,True,False,recoverable,0,False,RUNNING
30.233333333332258,3628,S3_FL_TRAVERSE,TOP_PLACE,v010_20260806_220745_363972_manual:S3_FL_TRAVERSE:ALTERNATE_PROFILE_3:segments-21-41,7.591666666666235,0.5238095238095238,33,0.3017059564590454,-0.007956050336360931,0.08940919488668442,-0.038057371052397905,-0.02316882896840534,-0.0065394715338123665,FL,3,True,False,recoverable,0,False,RUNNING
30.29999999999892,3636,S3_FL_TRAVERSE,TOP_PLACE,v010_20260806_220745_363972_manual:S3_FL_TRAVERSE:ALTERNATE_PROFILE_3:segments-21-41,7.658333333332898,0.5238095238095238,33,0.3027208745479584,-0.007969409227371216,0.08940058201551437,-0.0379646348080463,-0.02309497835165028,-0.006514583517542007,FL,3,True,False,recoverable,0,False,RUNNING
30.366666666665584,3644,S3_FL_TRAVERSE,TOP_PLACE,v010_20260806_220745_363972_manual:S3_FL_TRAVERSE:ALTERNATE_PROFILE_3:segments-21-41,7.724999999999561,0.5238095238095238,33,0.3037818372249603,-0.007977686822414398,0.08937574177980423,-0.03786576299269177,-0.023038360374869393,-0.00650492188413209,FL,3,True,False,recoverable,0,False,RUNNING
30.433333333332246,3652,S3_FL_TRAVERSE,TOP_PLACE,v010_20260806_220745_363972_manual:S3_FL_TRAVERSE:ALTERNATE_PROFILE_3:segments-21-41,7.791666666666224,0.5238095238095238,33,0.3048139810562134,-0.007999680936336517,0.08934841305017471,-0.03764563528023105,-0.022939594857161332,-0.006480389037164152,FL,3,True,False,recoverable,0,False,RUNNING
30.49999999999891,3660,S3_FL_TRAVERSE,TOP_PLACE,v010_20260806_220745_363972_manual:S3_FL_TRAVERSE:ALTERNATE_PROFILE_3:segments-21-41,7.858333333332887,0.5238095238095238,33,0.3058415651321411,-0.008029729127883911,0.08935072273015976,-0.03724940097344083,-0.022814628631461834,-0.006458263213552485,FL,3,True,False,recoverable,0,False,RUNNING
30.566666666665572,3668,S3_FL_TRAVERSE,TOP_PLACE,v010_20260806_220745_363972_manual:S3_FL_TRAVERSE:ALTERNATE_PROFILE_3:segments-21-41,7.9249999999995495,0.5238095238095238,33,0.3068956732749939,-0.008059017360210419,0.08933345228433609,-0.03686390842420725,-0.02268877189369013,-0.006433383480573187,FL,3,True,False,recoverable,0,False,RUNNING
30.633333333332235,3676,S3_FL_TRAVERSE,TOP_PLACE,v010_20260806_220745_363972_manual:S3_FL_TRAVERSE:ALTERNATE_PROFILE_3:segments-21-41,7.991666666666212,0.5238095238095238,33,0.30799373984336853,-0.008094914257526398,0.08928347378969193,-0.036511756672355344,-0.022568132591850584,-0.006413656571839208,FL,3,True,False,recoverable,0,False,RUNNING
30.699999999998898,3684,S3_FL_TRAVERSE,TOP_PLACE,v010_20260806_220745_363972_manual:S3_FL_TRAVERSE:ALTERNATE_PROFILE_3:segments-21-41,8.058333333332875,0.5238095238095238,33,0.30902400612831116,-0.008127659559249878,0.08927667886018753,-0.03613620746967573,-0.022582335455728457,-0.006399024027372707,FL,3,True,False,recoverable,0,False,RUNNING
30.76666666666556,3692,S3_FL_TRAVERSE,TOP_PLACE,v010_20260806_220745_363972_manual:S3_FL_TRAVERSE:ALTERNATE_PROFILE_3:segments-21-41,8.124999999999538,0.5238095238095238,33,0.30998480319976807,-0.008163169026374817,0.08932097256183624,-0.03571993598185791,-0.02274878460207754,-0.006368489610373822,FL,3,True,False,recoverable,0,False,RUNNING
30.833333333332224,3700,S3_FL_TRAVERSE,TOP_PLACE,v010_20260806_220745_363972_manual:S3_FL_TRAVERSE:ALTERNATE_PROFILE_3:segments-21-41,8.191666666666201,0.5238095238095238,33,0.3109998106956482,-0.008198335766792297,0.08934970200061798,-0.03531270529991769,-0.02297305427124029,-0.0063525869831162094,FL,3,True,False,recoverable,0,False,RUNNING
30.899999999998887,3708,S3_FL_TRAVERSE,TOP_PLACE,v010_20260806_220745_363972_manual:S3_FL_TRAVERSE:ALTERNATE_PROFILE_3:segments-21-41,8.258333333332864,0.5238095238095238,33,0.312036395072937,-0.008232831954956055,0.0893554612994194,-0.034910113186800394,-0.02320232092283124,-0.006311328164501261,FL,3,True,False,recoverable,0,False,RUNNING
30.96666666666555,3716,S3_FL_TRAVERSE,TOP_PLACE,v010_20260806_220745_363972_manual:S3_FL_TRAVERSE:ALTERNATE_PROFILE_3:segments-21-41,8.324999999999527,0.5238095238095238,33,0.31310656666755676,-0.008238106966018677,0.08929073810577393,-0.034941628854887975,-0.02316122338435926,-0.006308823617587271,FL,3,True,False,recoverable,0,False,RUNNING
31.033333333332212,3724,S3_FL_TRAVERSE,TOP_PLACE,v010_20260806_220745_363972_manual:S3_FL_TRAVERSE:ALTERNATE_PROFILE_3:segments-21-41,8.39166666666619,0.5238095238095238,33,0.3142026960849762,-0.008239813148975372,0.08919212222099304,-0.035044238372584115,-0.023094807316982796,-0.006293163283281736,FL,3,True,False,recoverable,0,False,RUNNING
31.099999999998875,3732,S3_FL_TRAVERSE,TOP_PLACE,v010_20260806_220745_363972_manual:S3_FL_TRAVERSE:ALTERNATE_PROFILE_3:segments-21-41,8.458333333332853,0.5238095238095238,33,0.31514114141464233,-0.008224934339523315,0.08914295583963394,-0.03532811922410215,-0.02320433839662879,-0.006319772650299758,FL,3,True,False,recoverable,0,False,RUNNING
31.166666666665538,3740,S3_FL_TRAVERSE,TOP_PLACE,v010_20260806_220745_363972_manual:S3_FL_TRAVERSE:ALTERNATE_PROFILE_3:segments-21-41,8.524999999999515,0.5238095238095238,33,0.3160414397716522,-0.008214756846427917,0.08914709836244583,-0.03554604317267051,-0.02348319781291588,-0.006332432129623152,FL,3,True,False,recoverable,0,False,RUNNING
31.2333333333322,3748,S3_FL_TRAVERSE,TOP_PLACE,v010_20260806_220745_363972_manual:S3_FL_TRAVERSE:ALTERNATE_PROFILE_3:segments-21-41,8.591666666666178,0.5238095238095238,33,0.31700098514556885,-0.008205823600292206,0.08914900571107864,-0.03569163962926837,-0.02384842601852555,-0.006340939794253115,FL,3,True,False,recoverable,0,False,RUNNING
31.299999999998864,3756,S3_FL_TRAVERSE,TOP_PLACE,v010_20260806_220745_363972_manual:S3_FL_TRAVERSE:ALTERNATE_PROFILE_3:segments-21-41,8.658333333332841,0.5238095238095238,33,0.3179935812950134,-0.008200570940971375,0.0891287699341774,-0.035822503869308145,-0.024253128097861974,-0.006334295891105372,FL,3,True,False,recoverable,0,False,RUNNING
31.366666666665527,3764,S3_FL_TRAVERSE,TOP_PLACE,v010_20260806_220745_363972_manual:S3_FL_TRAVERSE:ALTERNATE_PROFILE_3:segments-21-41,8.724999999999504,0.5238095238095238,33,0.319018691778183,-0.008157938718795776,0.08902182430028915,-0.03650627401017701,-0.024307027972421916,-0.006347940927281929,FL,3,True,False,recoverable,0,False,RUNNING
31.43333333333219,3772,S3_FL_TRAVERSE,TOP_PLACE,v010_20260806_220745_363972_manual:S3_FL_TRAVERSE:ALTERNATE_PROFILE_3:segments-21-41,8.791666666666167,0.5238095238095238,33,0.31988897919654846,-0.008146077394485474,0.0890299379825592,-0.03673377603810184,-0.024068142425415336,-0.006363009122186684,FL,3,True,False,recoverable,0,False,RUNNING
31.499999999998852,3780,S3_FL_TRAVERSE,TOP_PLACE,v010_20260806_220745_363972_manual:S3_FL_TRAVERSE:ALTERNATE_PROFILE_3:segments-21-41,8.85833333333283,0.5238095238095238,33,0.32069045305252075,-0.00815899670124054,0.08910875767469406,-0.03671755721646302,-0.023842804477357094,-0.006363227974443737,FL,3,True,False,recoverable,0,False,RUNNING
31.566666666665515,3788,S3_FL_TRAVERSE,TOP_PLACE,v010_20260806_220745_363972_manual:S3_FL_TRAVERSE:ALTERNATE_PROFILE_3:segments-21-41,8.924999999999493,0.5238095238095238,33,0.3215774595737457,-0.008159585297107697,0.08917228132486343,-0.03670167545854785,-0.02365057375936878,-0.006346499911452587,FL,3,True,False,recoverable,0,False,RUNNING
31.63333333333218,3796,S3_FL_TRAVERSE,TOP_PLACE,v010_20260806_220745_363972_manual:S3_FL_TRAVERSE:ALTERNATE_PROFILE_3:segments-21-41,8.991666666666156,0.5238095238095238,33,0.3223947286605835,-0.008183196187019348,0.08931665867567062,-0.03642830474921693,-0.023615175204117284,-0.006322338597408151,FL,3,True,False,recoverable,0,False,RUNNING
31.69999999999884,3804,S3_FL_TRAVERSE,TOP_PLACE,v010_20260806_220745_363972_manual:S3_FL_TRAVERSE:ALTERNATE_PROFILE_3:segments-21-41,9.058333333332818,0.5238095238095238,33,0.32321545481681824,-0.008196413516998291,0.08945450186729431,-0.036238620280957944,-0.023653057648156763,-0.006301484345910834,FL,3,True,False,recoverable,0,False,RUNNING
31.766666666665504,3812,S3_FL_TRAVERSE,TOP_PLACE,v010_20260806_220745_363972_manual:S3_FL_TRAVERSE:ALTERNATE_PROFILE_3:segments-21-41,9.124999999999481,0.5238095238095238,33,0.3240489065647125,-0.00822022557258606,0.08957961201667786,-0.03603569891590921,-0.02370569837541015,-0.006295550006638687,FL,3,True,False,recoverable,0,False,RUNNING
31.833333333332167,3820,S3_FL_TRAVERSE,TOP_PLACE,v010_20260806_220745_363972_manual:S3_FL_TRAVERSE:ALTERNATE_PROFILE_3:segments-21-41,9.191666666666144,0.5238095238095238,33,0.32494640350341797,-0.008230611681938171,0.08969612419605255,-0.0358715254861678,-0.02385155730021445,-0.006258437176509223,FL,3,True,False,recoverable,0,False,RUNNING
31.89999999999883,3828,S3_FL_TRAVERSE,TOP_PLACE,v010_20260806_220745_363972_manual:S3_FL_TRAVERSE:ALTERNATE_PROFILE_3:segments-21-41,9.258333333332807,0.5238095238095238,33,0.32583382725715637,-0.008227623999118805,0.08977650851011276,-0.035902163511206585,-0.023792016269647928,-0.006234276399017078,FL,3,True,False,recoverable,0,False,RUNNING
31.966666666665493,3836,S3_FL_TRAVERSE,TOP_PLACE,v010_20260806_220745_363972_manual:S3_FL_TRAVERSE:ALTERNATE_PROFILE_3:segments-21-41,9.32499999999947,0.5238095238095238,33,0.3267715275287628,-0.0082240030169487,0.08983424305915833,-0.036052780724374484,-0.023749197746413066,-0.006206447045274054,FL,3,True,False,recoverable,0,False,RUNNING
32.03333333333216,3844,S3_FL_TRAVERSE,TOP_PLACE,v010_20260806_220745_363972_manual:S3_FL_TRAVERSE:ALTERNATE_PROFILE_3:segments-21-41,9.391666666666136,0.5238095238095238,33,0.3277428448200226,-0.008219748735427856,0.0898672491312027,-0.03618219338371993,-0.02371948296849425,-0.006173735147796421,FL,3,True,False,recoverable,0,False,RUNNING
32.09999999999882,3852,S3_FL_TRAVERSE,TOP_PLACE,v010_20260806_220745_363972_manual:S3_FL_TRAVERSE:ALTERNATE_PROFILE_3:segments-21-41,9.4583333333328,0.5238095238095238,33,0.32872578501701355,-0.008215062320232391,0.08986946940422058,-0.03636302852522605,-0.023656521509100175,-0.006166319095959439,FL,3,True,False,recoverable,0,False,RUNNING
32.166666666665485,3860,S3_FL_TRAVERSE,TOP_PLACE,v010_20260806_220745_363972_manual:S3_FL_TRAVERSE:ALTERNATE_PROFILE_3:segments-21-41,9.524999999999462,0.5238095238095238,33,0.32975083589553833,-0.00820857286453247,0.08987018465995789,-0.03651581281801146,-0.023624179279677842,-0.006155138967761577,FL,3,True,False,recoverable,0,False,RUNNING
32.23333333333215,3868,S3_FL_TRAVERSE,TOP_PLACE,v010_20260806_220745_363972_manual:S3_FL_TRAVERSE:ALTERNATE_PROFILE_3:segments-21-41,9.591666666666125,0.5238095238095238,33,0.3307519555091858,-0.008200988173484802,0.08983755856752396,-0.036690323104810775,-0.023528848859735753,-0.006140895674601401,FL,3,True,False,recoverable,0,False,RUNNING
32.29999999999881,3876,S3_FL_TRAVERSE,TOP_PLACE,v010_20260806_220745_363972_manual:S3_FL_TRAVERSE:ALTERNATE_PROFILE_3:segments-21-41,9.658333333332788,0.5238095238095238,33,0.33180612325668335,-0.008193336427211761,0.08980806916952133,-0.03681841933651057,-0.023501931553741643,-0.006137201540801646,FL,3,True,False,recoverable,0,False,RUNNING
32.36666666666547,3884,S3_FL_TRAVERSE,TOP_PLACE,v010_20260806_220745_363972_manual:S3_FL_TRAVERSE:ALTERNATE_PROFILE_3:segments-21-41,9.72499999999945,0.5238095238095238,33,0.33291617035865784,-0.008191749453544617,0.0897417888045311,-0.03697272214287291,-0.023484786040365583,-0.006131924171684863,FL,3,True,False,recoverable,0,False,RUNNING
32.433333333332136,3892,S3_FL_TRAVERSE,TOP_PLACE,v010_20260806_220745_363972_manual:S3_FL_TRAVERSE:ALTERNATE_PROFILE_3:segments-21-41,9.791666666666114,0.5238095238095238,33,0.3340098261833191,-0.008190423250198364,0.0896485298871994,-0.037116643999654794,-0.023415737793747025,-0.006121997915753176,FL,3,True,False,recoverable,0,False,RUNNING
32.4999999999988,3900,S3_FL_TRAVERSE,TOP_PLACE,v010_20260806_220745_363972_manual:S3_FL_TRAVERSE:ALTERNATE_PROFILE_3:segments-21-41,9.858333333332777,0.5238095238095238,33,0.33515024185180664,-0.008188657462596893,0.08953620493412018,-0.037251936101692036,-0.023381215718258522,-0.006130812188992402,FL,3,True,False,recoverable,0,False,RUNNING
32.56666666666546,3908,S3_FL_TRAVERSE,TOP_PLACE,v010_20260806_220745_363972_manual:S3_FL_TRAVERSE:ALTERNATE_PROFILE_3:segments-21-41,9.92499999999944,0.5238095238095238,33,0.3362930417060852,-0.008185796439647675,0.08938691765069962,-0.03742741813313647,-0.0233178306615584,-0.006122100341706845,FL,3,True,False,recoverable,0,False,RUNNING
32.633333333332125,3916,S3_FL_TRAVERSE,TOP_PLACE,v010_20260806_220745_363972_manual:S3_FL_TRAVERSE:ALTERNATE_PROFILE_3:segments-21-41,9.991666666666102,0.5238095238095238,33,0.3373318910598755,-0.008210070431232452,0.08930698037147522,-0.037222727274053145,-0.023106107458345158,-0.0061183073099138315,FL,3,True,False,recoverable,0,False,RUNNING
32.69999999999879,3924,S3_FL_TRAVERSE,TOP_PLACE,v010_20260806_220745_363972_manual:S3_FL_TRAVERSE:ALTERNATE_PROFILE_3:segments-21-41,10.058333333332765,0.5238095238095238,33,0.33829888701438904,-0.008249916136264801,0.08929222822189331,-0.036853199936123376,-0.02289939610293786,-0.006098123039192655,FL,3,True,False,recoverable,0,False,RUNNING
32.76666666666545,3932,S3_FL_TRAVERSE,TOP_PLACE,v010_20260806_220745_363972_manual:S3_FL_TRAVERSE:ALTERNATE_PROFILE_3:segments-21-41,10.124999999999428,0.5238095238095238,33,0.3391696512699127,-0.00826813280582428,0.08935113251209259,-0.036613584571282484,-0.022974236510693097,-0.006067484188703103,FL,3,True,False,recoverable,0,False,RUNNING
32.833333333332114,3940,S3_FL_TRAVERSE,TOP_PLACE,v010_20260806_220745_363972_manual:S3_FL_TRAVERSE:ALTERNATE_PROFILE_3:segments-21-41,10.191666666666091,0.5714285714285714,34,0.3391883075237274,-0.00825713574886322,0.08931663632392883,-0.036814375508119654,-0.022959101908941158,-0.006075032078551659,FL,3,True,False,recoverable,0,False,RUNNING
32.899999999998776,3948,S3_FL_TRAVERSE,TOP_PLACE,v010_20260806_220745_363972_manual:S3_FL_TRAVERSE:ALTERNATE_PROFILE_3:segments-21-41,10.258333333332754,0.6190476190476191,35,0.3390842378139496,-0.008247315883636475,0.08926763385534286,-0.036965268846171066,-0.02279323643195734,-0.006086539772327606,FL,3,True,False,recoverable,0,False,RUNNING
32.96666666666544,3956,S3_FL_TRAVERSE,TOP_PLACE,v010_20260806_220745_363972_manual:S3_FL_TRAVERSE:ALTERNATE_PROFILE_3:segments-21-41,10.324999999999417,0.6190476190476191,35,0.33906376361846924,-0.008239254355430603,0.08924144506454468,-0.03709047055410309,-0.02276277992099396,-0.0060914328895980635,FL,3,True,False,recoverable,0,False,RUNNING
33.0333333333321,3964,S3_FL_TRAVERSE,TOP_PLACE,v010_20260806_220745_363972_manual:S3_FL_TRAVERSE:ALTERNATE_PROFILE_3:segments-21-41,10.39166666666608,0.6190476190476191,35,0.33905133605003357,-0.008233070373535156,0.0892227441072464,-0.03718533920552969,-0.022751883524805762,-0.006094409388370909,FL,3,True,False,recoverable,0,False,RUNNING
33.099999999998765,3972,S3_FL_TRAVERSE,TOP_PLACE,v010_20260806_220745_363972_manual:S3_FL_TRAVERSE:ALTERNATE_PROFILE_3:segments-21-41,10.458333333332742,0.6666666666666666,36,0.3389795124530792,-0.008226022124290466,0.08918368816375732,-0.03729711434279782,-0.022630813045284158,-0.006102467546487365,FL,3,True,False,recoverable,0,False,RUNNING
33.16666666666543,3980,S3_FL_TRAVERSE,TOP_PLACE,v010_20260806_220745_363972_manual:S3_FL_TRAVERSE:ALTERNATE_PROFILE_3:segments-21-41,10.524999999999405,0.6666666666666666,36,0.33895453810691833,-0.008220404386520386,0.08916223794221878,-0.03738401576268066,-0.022599140226992106,-0.0061063006297105895,FL,3,True,False,recoverable,0,False,RUNNING
33.23333333333209,3988,S3_FL_TRAVERSE,TOP_PLACE,v010_20260806_220745_363972_manual:S3_FL_TRAVERSE:ALTERNATE_PROFILE_3:segments-21-41,10.591666666666068,0.6666666666666666,36,0.33894094824790955,-0.008215948939323425,0.08914804458618164,-0.037452788835037366,-0.02259366352529394,-0.006108403355998272,FL,3,True,False,recoverable,0,False,RUNNING
33.299999999998754,3996,S3_FL_TRAVERSE,TOP_PLACE,v010_20260806_220745_363972_manual:S3_FL_TRAVERSE:ALTERNATE_PROFILE_3:segments-21-41,10.658333333332731,0.7142857142857143,37,0.3388882875442505,-0.008210338652133942,0.08911631256341934,-0.03754917684904676,-0.02250731793090941,-0.0061134520533278214,FL,3,True,False,recoverable,0,False,RUNNING
33.36666666666542,4004,S3_FL_TRAVERSE,TOP_PLACE,v010_20260806_220745_363972_manual:S3_FL_TRAVERSE:ALTERNATE_PROFILE_3:segments-21-41,10.724999999999394,0.7619047619047619,38,0.3388417661190033,-0.00820527970790863,0.08909207582473755,-0.037625299242446036,-0.022440968433926196,-0.006118856280856826,FL,3,True,False,recoverable,0,False,RUNNING
33.43333333333208,4012,S3_FL_TRAVERSE,TOP_PLACE,v010_20260806_220745_363972_manual:S3_FL_TRAVERSE:ALTERNATE_PROFILE_3:segments-21-41,10.791666666666057,0.7619047619047619,38,0.33881622552871704,-0.008202195167541504,0.0890813022851944,-0.03767238376627768,-0.022429291366545916,-0.0061202733809294875,FL,3,True,False,recoverable,0,False,RUNNING
33.49999999999874,4020,S3_FL_TRAVERSE,TOP_PLACE,v010_20260806_220745_363972_manual:S3_FL_TRAVERSE:ALTERNATE_PROFILE_3:segments-21-41,10.85833333333272,0.8095238095238095,39,0.3387592136859894,-0.0081963911652565,0.0890500620007515,-0.03776597641309436,-0.022335858698748913,-0.006126949020317901,FL,3,True,False,recoverable,0,False,RUNNING
33.566666666665405,4028,S3_FL_TRAVERSE,TOP_PLACE,v010_20260806_220745_363972_manual:S3_FL_TRAVERSE:ALTERNATE_PROFILE_3:segments-21-41,10.924999999999383,0.8095238095238095,39,0.33874157071113586,-0.008192867040634155,0.08904165774583817,-0.037817152782140886,-0.022340014582376784,-0.006128263067425206,FL,3,True,False,recoverable,0,False,RUNNING
33.63333333333207,4036,S3_FL_TRAVERSE,TOP_PLACE,v010_20260806_220745_363972_manual:S3_FL_TRAVERSE:ALTERNATE_PROFILE_3:segments-21-41,10.991666666666045,0.8571428571428571,40,0.3387160897254944,-0.008198767900466919,0.0890846848487854,-0.03770715917856771,-0.022469325166518013,-0.006120458293391617,FL,3,True,False,recoverable,0,False,RUNNING
33.69999999999873,4044,S3_FL_TRAVERSE,TOP_PLACE,v010_20260806_220745_363972_manual:S3_FL_TRAVERSE:ALTERNATE_PROFILE_3:segments-21-41,11.058333333332708,0.8571428571428571,40,0.33866581320762634,-0.008187651634216309,0.08902768790721893,-0.03788889474984005,-0.0223235743762531,-0.006131377699080142,FL,3,True,False,recoverable,0,False,RUNNING
33.766666666665394,4052,S3_FL_TRAVERSE,TOP_PLACE,v010_20260806_220745_363972_manual:S3_FL_TRAVERSE:ALTERNATE_PROFILE_3:segments-21-41,11.124999999999371,0.9047619047619048,41,0.3386703133583069,-0.008196331560611725,0.08910226821899414,-0.03772776478822033,-0.02256460278516996,-0.006118043713144071,FL,3,True,False,recoverable,0,False,RUNNING
33.83333333333206,4060,S3_FL_TRAVERSE,TOP_PLACE,v010_20260806_220745_363972_manual:S3_FL_TRAVERSE:ALTERNATE_PROFILE_3:segments-21-41,11.191666666666034,0.9047619047619048,41,0.33860838413238525,-0.008181743323802948,0.0890171229839325,-0.03796707691139121,-0.02233631611648363,-0.0061341745771034675,FL,3,True,False,recoverable,0,False,RUNNING
33.89999999999872,4068,S3_FL_TRAVERSE,TOP_PLACE,v010_20260806_220745_363972_manual:S3_FL_TRAVERSE:ALTERNATE_PROFILE_3:segments-21-41,11.258333333332697,0.9047619047619048,41,0.3385379910469055,-0.008166678249835968,0.0889265313744545,-0.038224119025316854,-0.022094762110898933,-0.006149718617253746,FL,4,True,False,recoverable,0,False,RUNNING
33.96666666666538,4076,S3_FL_TRAVERSE,TOP_PLACE,v010_20260806_220745_363972_manual:S3_FL_TRAVERSE:ALTERNATE_PROFILE_3:segments-21-41,11.32499999999936,0.9047619047619048,41,0.3386847972869873,-0.008189380168914795,0.08916157484054565,-0.03765311274591159,-0.022872153928145577,-0.006111761266018939,FL,4,True,False,recoverable,0,False,RUNNING
34.033333333332045,4084,S3_FL_TRAVERSE,TOP_PLACE,v010_20260806_220745_363972_manual:S3_FL_TRAVERSE:ALTERNATE_PROFILE_3:segments-21-41,11.391666666666023,0.9523809523809523,42,0.3396444618701935,-0.008344367146492004,0.09033383429050446,-0.03499311071053254,-0.026512543080805022,-0.005898487890455549,FL,4,True,False,recoverable,0,False,RUNNING
34.09999999999871,4092,S4_FRONT_PAIR_ADVANCE,ADVANCE,v010_20260806_220745_363972_manual:S4_FRONT_PAIR_ADVANCE:ALTERNATE_PROFILE_3:segments-42-43,0.05833333333333002,0.0,43,0.34110942482948303,-0.008475497364997864,0.09109646826982498,-0.03296499401171113,-0.028666302705866405,-0.00573312954187322,,4,True,False,recoverable,0,False,RUNNING
34.16666666666537,4100,S4_FRONT_PAIR_ADVANCE,ADVANCE,v010_20260806_220745_363972_manual:S4_FRONT_PAIR_ADVANCE:ALTERNATE_PROFILE_3:segments-42-43,0.1249999999999929,0.0,43,0.3423510193824768,-0.008542805910110474,0.09150167554616928,-0.03190141514383152,-0.029774143266813,-0.005659812867665466,,4,True,False,recoverable,0,False,RUNNING
34.233333333332034,4108,S4_FRONT_PAIR_ADVANCE,ADVANCE,v010_20260806_220745_363972_manual:S4_FRONT_PAIR_ADVANCE:ALTERNATE_PROFILE_3:segments-42-43,0.19166666666665577,0.0,43,0.34348440170288086,-0.008573867380619049,0.0917244404554367,-0.03143060268164006,-0.03022593708439261,-0.0056211475521477944,,4,True,False,recoverable,0,False,RUNNING
34.2999999999987,4116,S4_FRONT_PAIR_ADVANCE,ADVANCE,v010_20260806_220745_363972_manual:S4_FRONT_PAIR_ADVANCE:ALTERNATE_PROFILE_3:segments-42-43,0.25833333333331865,0.0,43,0.3445604145526886,-0.008599109947681427,0.09185267239809036,-0.031108737061993078,-0.03038975201047323,-0.005608852905324529,,4,True,False,recoverable,0,False,RUNNING
34.36666666666536,4124,S4_FRONT_PAIR_ADVANCE,ADVANCE,v010_20260806_220745_363972_manual:S4_FRONT_PAIR_ADVANCE:ALTERNATE_PROFILE_3:segments-42-43,0.3249999999999815,0.0,43,0.34560805559158325,-0.008612126111984253,0.09191334992647171,-0.03088336744580546,-0.030429522147182194,-0.005600502150889281,,4,True,False,recoverable,0,False,RUNNING
34.43333333333202,4132,S4_FRONT_PAIR_ADVANCE,ADVANCE,v010_20260806_220745_363972_manual:S4_FRONT_PAIR_ADVANCE:ALTERNATE_PROFILE_3:segments-42-43,0.3916666666666444,0.0,43,0.3466581404209137,-0.008622966706752777,0.09191662073135376,-0.030697150789859257,-0.030361102773238967,-0.0055795913083885405,,4,True,False,recoverable,0,False,RUNNING
34.499999999998685,4140,S4_FRONT_PAIR_ADVANCE,ADVANCE,v010_20260806_220745_363972_manual:S4_FRONT_PAIR_ADVANCE:ALTERNATE_PROFILE_3:segments-42-43,0.4583333333333073,0.0,43,0.347566157579422,-0.008620187640190125,0.09189452975988388,-0.03083292507546775,-0.030307687598767695,-0.005590973948798925,,4,True,False,recoverable,0,False,RUNNING
34.56666666666535,4148,S4_FRONT_PAIR_ADVANCE,ADVANCE,v010_20260806_220745_363972_manual:S4_FRONT_PAIR_ADVANCE:ALTERNATE_PROFILE_3:segments-42-43,0.5249999999999702,0.0,43,0.3484971523284912,-0.008614197373390198,0.091850645840168,-0.031042219566424036,-0.030346011045321537,-0.005605084877789217,,4,True,False,recoverable,0,False,RUNNING
34.63333333333201,4156,S4_FRONT_PAIR_ADVANCE,ADVANCE,v010_20260806_220745_363972_manual:S4_FRONT_PAIR_ADVANCE:ALTERNATE_PROFILE_3:segments-42-43,0.591666666666633,0.0,43,0.349429190158844,-0.008606038987636566,0.09181396663188934,-0.031291283478287656,-0.03037720638060322,-0.005620718433516765,,4,True,False,recoverable,0,False,RUNNING
34.699999999998674,4164,S4_FRONT_PAIR_ADVANCE,ADVANCE,v010_20260806_220745_363972_manual:S4_FRONT_PAIR_ADVANCE:ALTERNATE_PROFILE_3:segments-42-43,0.6583333333332959,0.0,43,0.35033881664276123,-0.008615449070930481,0.09192696958780289,-0.031193702557135182,-0.030530681836010157,-0.005639251726193682,,4,True,False,recoverable,0,False,RUNNING
34.76666666666534,4172,S4_FRONT_PAIR_ADVANCE,ADVANCE,v010_20260806_220745_363972_manual:S4_FRONT_PAIR_ADVANCE:ALTERNATE_PROFILE_3:segments-42-43,0.7249999999999588,0.0,43,0.35128721594810486,-0.008628495037555695,0.09202264994382858,-0.031150243535480026,-0.030761144602479973,-0.005621203858168746,,4,True,False,recoverable,0,False,RUNNING
34.833333333332,4180,S4_FRONT_PAIR_ADVANCE,ADVANCE,v010_20260806_220745_363972_manual:S4_FRONT_PAIR_ADVANCE:ALTERNATE_PROFILE_3:segments-42-43,0.7916666666666217,0.0,43,0.3522025942802429,-0.008643016219139099,0.09217135608196259,-0.03097774725518519,-0.030769648102272076,-0.0056346873973656345,,4,True,False,recoverable,0,False,RUNNING
34.89999999999866,4188,S4_FRONT_PAIR_ADVANCE,ADVANCE,v010_20260806_220745_363972_manual:S4_FRONT_PAIR_ADVANCE:ALTERNATE_PROFILE_3:segments-42-43,0.8583333333332845,0.0,43,0.3531481921672821,-0.008654467761516571,0.09232015907764435,-0.0307819150513821,-0.030874112861007413,-0.005620256626505233,,4,True,False,recoverable,0,False,RUNNING
34.966666666665326,4196,S4_FRONT_PAIR_ADVANCE,ADVANCE,v010_20260806_220745_363972_manual:S4_FRONT_PAIR_ADVANCE:ALTERNATE_PROFILE_3:segments-42-43,0.9249999999999474,0.0,43,0.3540956974029541,-0.008670419454574585,0.09243589639663696,-0.030619207043655297,-0.030935722556613754,-0.0056243505008055075,,4,True,False,recoverable,0,False,RUNNING
35.03333333333199,4204,S4_FRONT_PAIR_ADVANCE,ADVANCE,v010_20260806_220745_363972_manual:S4_FRONT_PAIR_ADVANCE:ALTERNATE_PROFILE_3:segments-42-43,0.9916666666666103,0.0,43,0.35506346821784973,-0.008688390254974365,0.09252823144197464,-0.030517577287603577,-0.031059336362033146,-0.005609953242648316,,4,True,False,recoverable,0,False,RUNNING
35.09999999999865,4212,S4_FRONT_PAIR_ADVANCE,ADVANCE,v010_20260806_220745_363972_manual:S4_FRONT_PAIR_ADVANCE:ALTERNATE_PROFILE_3:segments-42-43,1.0583333333332732,0.0,43,0.35601159930229187,-0.008703134953975677,0.0926169827580452,-0.030378761457666822,-0.031156811206195636,-0.005616633475501898,,4,True,False,recoverable,0,False,RUNNING
35.166666666665314,4220,S4_FRONT_PAIR_ADVANCE,ADVANCE,v010_20260806_220745_363972_manual:S4_FRONT_PAIR_ADVANCE:ALTERNATE_PROFILE_3:segments-42-43,1.124999999999936,0.0,43,0.3569372296333313,-0.008741773664951324,0.092740997672081,-0.029988966146946676,-0.031043714631218067,-0.00558750102725325,,4,True,False,recoverable,0,False,RUNNING
35.23333333333198,4228,S4_FRONT_PAIR_ADVANCE,ADVANCE,v010_20260806_220745_363972_manual:S4_FRONT_PAIR_ADVANCE:ALTERNATE_PROFILE_3:segments-42-43,1.191666666666599,0.0,43,0.35787245631217957,-0.008769877254962921,0.0928274467587471,-0.029679945093352155,-0.030982324531543273,-0.005571323716751157,,4,True,False,recoverable,0,False,RUNNING
35.29999999999864,4236,S4_FRONT_PAIR_ADVANCE,ADVANCE,v010_20260806_220745_363972_manual:S4_FRONT_PAIR_ADVANCE:ALTERNATE_PROFILE_3:segments-42-43,1.2583333333332618,0.0,43,0.3588520884513855,-0.008799165487289429,0.09290377050638199,-0.02934927002949129,-0.030871632048868176,-0.0055621401363482835,,4,True,False,recoverable,0,False,RUNNING
35.3666666666653,4244,S4_FRONT_PAIR_ADVANCE,ADVANCE,v010_20260806_220745_363972_manual:S4_FRONT_PAIR_ADVANCE:ALTERNATE_PROFILE_3:segments-42-43,1.3249999999999247,0.0,43,0.35984763503074646,-0.008827559649944305,0.09295275062322617,-0.029033519450241303,-0.030784624970730416,-0.005556303404465864,,4,True,False,recoverable,0,False,RUNNING
35.433333333331966,4252,S4_FRONT_PAIR_ADVANCE,ADVANCE,v010_20260806_220745_363972_manual:S4_FRONT_PAIR_ADVANCE:ALTERNATE_PROFILE_3:segments-42-43,1.3916666666665876,0.0,43,0.3608722686767578,-0.008856810629367828,0.09298191964626312,-0.028737474643090868,-0.030752376329359333,-0.005545174391279137,,4,True,False,recoverable,0,False,RUNNING
35.49999999999863,4260,S4_FRONT_PAIR_ADVANCE,ADVANCE,v010_20260806_220745_363972_manual:S4_FRONT_PAIR_ADVANCE:ALTERNATE_PROFILE_3:segments-42-43,1.4583333333332504,0.0,43,0.3619091212749481,-0.008886151015758514,0.09298723936080933,-0.02843685811907481,-0.030723304579782593,-0.0055372630494731866,,4,True,False,recoverable,0,False,RUNNING
35.56666666666529,4268,S4_FRONT_PAIR_ADVANCE,ADVANCE,v010_20260806_220745_363972_manual:S4_FRONT_PAIR_ADVANCE:ALTERNATE_PROFILE_3:segments-42-43,1.5249999999999133,0.0,43,0.36294716596603394,-0.008916713297367096,0.09297960996627808,-0.028108258468858803,-0.030675341261088316,-0.005528098120030421,,4,True,False,recoverable,0,False,RUNNING
35.633333333331954,4276,S4_FRONT_PAIR_ADVANCE,ADVANCE,v010_20260806_220745_363972_manual:S4_FRONT_PAIR_ADVANCE:ALTERNATE_PROFILE_3:segments-42-43,1.5916666666665762,0.0,43,0.3640066087245941,-0.008946031332015991,0.09294767677783966,-0.027782334079619032,-0.03063963006763389,-0.00550958532157849,,4,True,False,recoverable,0,False,RUNNING
35.69999999999862,4284,S4_FRONT_PAIR_ADVANCE,ADVANCE,v010_20260806_220745_363972_manual:S4_FRONT_PAIR_ADVANCE:ALTERNATE_PROFILE_3:segments-42-43,1.658333333333239,0.0,43,0.3650624454021454,-0.00897207111120224,0.09289833158254623,-0.027446793866046655,-0.030614115806154765,-0.005476597089619983,,4,True,False,recoverable,0,False,RUNNING
35.76666666666528,4292,S4_FRONT_PAIR_ADVANCE,ADVANCE,v010_20260806_220745_363972_manual:S4_FRONT_PAIR_ADVANCE:ALTERNATE_PROFILE_3:segments-42-43,1.724999999999902,0.0,43,0.36607033014297485,-0.008985325694084167,0.09282542020082474,-0.02733430181343448,-0.030649843265852503,-0.005453356623077553,,4,True,False,recoverable,0,False,RUNNING
35.83333333333194,4300,S4_FRONT_PAIR_ADVANCE,ADVANCE,v010_20260806_220745_363972_manual:S4_FRONT_PAIR_ADVANCE:ALTERNATE_PROFILE_3:segments-42-43,1.7916666666665648,0.0,43,0.3669637143611908,-0.00898066908121109,0.09274918586015701,-0.027576180198795677,-0.030800751894440342,-0.005454851540260247,,4,True,False,recoverable,0,False,RUNNING
35.899999999998606,4308,S4_FRONT_PAIR_ADVANCE,ADVANCE,v010_20260806_220745_363972_manual:S4_FRONT_PAIR_ADVANCE:ALTERNATE_PROFILE_3:segments-42-43,1.8583333333332277,0.0,43,0.3678863048553467,-0.008973225951194763,0.09268014878034592,-0.02778360440674044,-0.03095487417642149,-0.005455716112643236,,4,True,False,recoverable,0,False,RUNNING
35.96666666666527,4316,S4_FRONT_PAIR_ADVANCE,ADVANCE,v010_20260806_220745_363972_manual:S4_FRONT_PAIR_ADVANCE:ALTERNATE_PROFILE_3:segments-42-43,1.9249999999998906,0.0,43,0.36880025267601013,-0.00893748551607132,0.09262333810329437,-0.028406372256450225,-0.030796033515033898,-0.005487931145218561,,4,True,False,recoverable,0,False,RUNNING
36.03333333333193,4324,S4_FRONT_PAIR_ADVANCE,ADVANCE,v010_20260806_220745_363972_manual:S4_FRONT_PAIR_ADVANCE:ALTERNATE_PROFILE_3:segments-42-43,1.9916666666665535,0.0,43,0.3697715699672699,-0.008903279900550842,0.09257335215806961,-0.02899813182425236,-0.030736409439649618,-0.005516435006756503,,4,True,False,recoverable,0,False,RUNNING
36.099999999998595,4332,S4_FRONT_PAIR_ADVANCE,ADVANCE,v010_20260806_220745_363972_manual:S4_FRONT_PAIR_ADVANCE:ALTERNATE_PROFILE_3:segments-42-43,2.0583333333332163,0.0,43,0.37078163027763367,-0.008868806064128876,0.09249664843082428,-0.029629079195153736,-0.030702352178298548,-0.005545725795628279,,4,True,False,recoverable,0,False,RUNNING
36.16666666666526,4340,S4_FRONT_PAIR_ADVANCE,ADVANCE,v010_20260806_220745_363972_manual:S4_FRONT_PAIR_ADVANCE:ALTERNATE_PROFILE_3:segments-42-43,2.124999999999879,0.0,43,0.3717566728591919,-0.008840218186378479,0.09241718798875809,-0.030168677076979206,-0.030587816781042883,-0.005574532648831146,,4,True,False,recoverable,0,False,RUNNING
36.23333333333192,4348,S4_FRONT_PAIR_ADVANCE,ADVANCE,v010_20260806_220745_363972_manual:S4_FRONT_PAIR_ADVANCE:ALTERNATE_PROFILE_3:segments-42-43,2.191666666666542,0.0,43,0.37266334891319275,-0.0088319331407547,0.09240034222602844,-0.030423710534346546,-0.030207843926719522,-0.005583612868966406,,4,True,False,recoverable,0,False,RUNNING
36.29999999999858,4356,S4_FRONT_PAIR_ADVANCE,ADVANCE,v010_20260806_220745_363972_manual:S4_FRONT_PAIR_ADVANCE:ALTERNATE_PROFILE_3:segments-42-43,2.258333333333205,0.0,43,0.37360888719558716,-0.008828729391098022,0.09235981851816177,-0.03073197582692866,-0.02987174430538775,-0.005614800775895919,,4,True,False,recoverable,0,False,RUNNING
36.366666666665246,4364,S4_FRONT_PAIR_ADVANCE,ADVANCE,v010_20260806_220745_363972_manual:S4_FRONT_PAIR_ADVANCE:ALTERNATE_PROFILE_3:segments-42-43,2.324999999999868,0.0,43,0.3745548129081726,-0.008835561573505402,0.09238555282354355,-0.030736608929619387,-0.02964985086092178,-0.005612101370951224,,4,True,False,recoverable,0,False,RUNNING
36.43333333333191,4372,S4_FRONT_PAIR_ADVANCE,ADVANCE,v010_20260806_220745_363972_manual:S4_FRONT_PAIR_ADVANCE:ALTERNATE_PROFILE_3:segments-42-43,2.3916666666665307,0.0,43,0.3755098879337311,-0.008849680423736572,0.09243214130401611,-0.030664221088688694,-0.029545427961212112,-0.005602115890499679,,4,True,False,recoverable,0,False,RUNNING
36.49999999999857,4380,S4_FRONT_PAIR_ADVANCE,ADVANCE,v010_20260806_220745_363972_manual:S4_FRONT_PAIR_ADVANCE:ALTERNATE_PROFILE_3:segments-42-43,2.4583333333331936,0.0,43,0.37646710872650146,-0.008863098919391632,0.09246370196342468,-0.03059289389710861,-0.029426810111751328,-0.005597499304309405,,4,True,False,recoverable,0,False,RUNNING
36.566666666665235,4388,S4_FRONT_PAIR_ADVANCE,ADVANCE,v010_20260806_220745_363972_manual:S4_FRONT_PAIR_ADVANCE:ALTERNATE_PROFILE_3:segments-42-43,2.5249999999998565,0.0,43,0.3774215281009674,-0.008877009153366089,0.09247355163097382,-0.03051381446357072,-0.029272420184994884,-0.005594867020390731,,4,True,False,recoverable,0,False,RUNNING
36.6333333333319,4396,S4_FRONT_PAIR_ADVANCE,ADVANCE,v010_20260806_220745_363972_manual:S4_FRONT_PAIR_ADVANCE:ALTERNATE_PROFILE_3:segments-42-43,2.5916666666665193,0.0,43,0.378429114818573,-0.008892342448234558,0.09245727211236954,-0.030466464339203463,-0.02919880025518707,-0.005583889958190151,,4,True,False,recoverable,0,False,RUNNING
36.69999999999856,4404,S4_FRONT_PAIR_ADVANCE,ADVANCE,v010_20260806_220745_363972_manual:S4_FRONT_PAIR_ADVANCE:ALTERNATE_PROFILE_3:segments-42-43,2.6583333333331822,0.0,43,0.3794158399105072,-0.008919909596443176,0.09250303357839584,-0.030214266603147192,-0.02922250958034294,-0.005568415670441439,,4,True,False,recoverable,0,False,RUNNING
36.76666666666522,4412,S4_FRONT_PAIR_ADVANCE,ADVANCE,v010_20260806_220745_363972_manual:S4_FRONT_PAIR_ADVANCE:ALTERNATE_PROFILE_3:segments-42-43,2.724999999999845,0.0,43,0.38038864731788635,-0.008959241211414337,0.09260840713977814,-0.029708910989368516,-0.029391227656805647,-0.005542008316046345,,4,True,False,recoverable,0,False,RUNNING
36.833333333331886,4420,S4_FRONT_PAIR_ADVANCE,ADVANCE,v010_20260806_220745_363972_manual:S4_FRONT_PAIR_ADVANCE:ALTERNATE_PROFILE_3:segments-42-43,2.791666666666508,0.0,43,0.3813810646533966,-0.009001269936561584,0.09269889444112778,-0.029188927069746382,-0.029589639628989344,-0.005503886997767318,,4,True,False,recoverable,0,False,RUNNING
36.89999999999855,4428,S4_FRONT_PAIR_ADVANCE,ADVANCE,v010_20260806_220745_363972_manual:S4_FRONT_PAIR_ADVANCE:ALTERNATE_PROFILE_3:segments-42-43,2.858333333333171,0.0,43,0.38240161538124084,-0.009045466780662537,0.09278203547000885,-0.028610685753536272,-0.029825560283832646,-0.005474864255409335,,4,True,False,recoverable,0,False,RUNNING
36.96666666666521,4436,S4_FRONT_PAIR_ADVANCE,ADVANCE,v010_20260806_220745_363972_manual:S4_FRONT_PAIR_ADVANCE:ALTERNATE_PROFILE_3:segments-42-43,2.9249999999998337,0.0,43,0.38343629240989685,-0.00908639281988144,0.09283264726400375,-0.028111944411635018,-0.030076455760513647,-0.005439628366387064,,4,True,False,recoverable,0,False,RUNNING
37.033333333331875,4444,S4_FRONT_PAIR_ADVANCE,ADVANCE,v010_20260806_220745_363972_manual:S4_FRONT_PAIR_ADVANCE:ALTERNATE_PROFILE_3:segments-42-43,2.9916666666664966,0.0,43,0.3844851553440094,-0.009125292301177979,0.09287943691015244,-0.027587824247927936,-0.03033313633802729,-0.005407256073100334,,4,True,False,recoverable,0,False,RUNNING
37.09999999999854,4452,S4_FRONT_PAIR_ADVANCE,ADVANCE,v010_20260806_220745_363972_manual:S4_FRONT_PAIR_ADVANCE:ALTERNATE_PROFILE_3:segments-42-43,3.0583333333331595,0.0,43,0.3855331540107727,-0.009162835776805878,0.09289611876010895,-0.02709205692161422,-0.0305964710793564,-0.005377304846194517,,4,True,False,recoverable,0,False,RUNNING
37.1666666666652,4460,S4_FRONT_PAIR_ADVANCE,ADVANCE,v010_20260806_220745_363972_manual:S4_FRONT_PAIR_ADVANCE:ALTERNATE_PROFILE_3:segments-42-43,3.1249999999998224,0.0,43,0.3865917921066284,-0.00920068472623825,0.09289209544658661,-0.026599214988094682,-0.03085082804059139,-0.005360778194540092,,4,True,False,recoverable,0,False,RUNNING
37.23333333333186,4468,S4_FRONT_PAIR_ADVANCE,ADVANCE,v010_20260806_220745_363972_manual:S4_FRONT_PAIR_ADVANCE:ALTERNATE_PROFILE_3:segments-42-43,3.1916666666664852,0.0,43,0.3876534104347229,-0.009240947663784027,0.092866912484169,-0.026118966665788973,-0.031081086281576086,-0.005345837462004234,,4,True,False,recoverable,0,False,RUNNING
37.299999999998526,4476,S4_FRONT_PAIR_ADVANCE,ADVANCE,v010_20260806_220745_363972_manual:S4_FRONT_PAIR_ADVANCE:ALTERNATE_PROFILE_3:segments-42-43,3.258333333333148,0.0,43,0.3886764943599701,-0.009286172688007355,0.09286901354789734,-0.025500663711792288,-0.031075189561803534,-0.005306028876607031,,4,True,False,recoverable,0,False,RUNNING
37.36666666666519,4484,S4_FRONT_PAIR_ADVANCE,ADVANCE,v010_20260806_220745_363972_manual:S4_FRONT_PAIR_ADVANCE:ALTERNATE_PROFILE_3:segments-42-43,3.324999999999811,0.0,43,0.3895447254180908,-0.009300731122493744,0.09286577999591827,-0.02537466355525671,-0.031236581766979413,-0.005294498338763796,,4,True,False,recoverable,0,False,RUNNING
37.43333333333185,4492,S4_FRONT_PAIR_ADVANCE,ADVANCE,v010_20260806_220745_363972_manual:S4_FRONT_PAIR_ADVANCE:ALTERNATE_PROFILE_3:segments-42-43,3.391666666666474,0.0,43,0.3904270529747009,-0.009310401976108551,0.09283751249313354,-0.025349950996873215,-0.03146537967287325,-0.0052809543044531485,,4,True,False,recoverable,0,False,RUNNING
37.499999999998515,4500,S4_FRONT_PAIR_ADVANCE,ADVANCE,v010_20260806_220745_363972_manual:S4_FRONT_PAIR_ADVANCE:ALTERNATE_PROFILE_3:segments-42-43,3.4583333333331367,0.0,43,0.3913048207759857,-0.009298942983150482,0.09283921122550964,-0.02560721714585209,-0.03145169622075197,-0.005289650491087571,,4,True,False,recoverable,0,False,RUNNING
37.56666666666518,4508,S4_FRONT_PAIR_ADVANCE,ADVANCE,v010_20260806_220745_363972_manual:S4_FRONT_PAIR_ADVANCE:ALTERNATE_PROFILE_3:segments-42-43,3.5249999999997996,0.0,43,0.3922104835510254,-0.009282968938350677,0.09285734593868256,-0.025879582335312328,-0.03141953196776795,-0.005290452813570234,,4,True,False,recoverable,0,False,RUNNING
37.63333333333184,4516,S4_FRONT_PAIR_ADVANCE,ADVANCE,v010_20260806_220745_363972_manual:S4_FRONT_PAIR_ADVANCE:ALTERNATE_PROFILE_3:segments-42-43,3.5916666666664625,0.0,43,0.3931664228439331,-0.009268581867218018,0.09288949519395828,-0.02610857038511841,-0.031459546802543155,-0.005290217070216073,,4,True,False,recoverable,0,False,RUNNING
37.699999999998504,4524,S4_FRONT_PAIR_ADVANCE,ADVANCE,v010_20260806_220745_363972_manual:S4_FRONT_PAIR_ADVANCE:ALTERNATE_PROFILE_3:segments-42-43,3.6583333333331254,0.0,43,0.39412087202072144,-0.009252399206161499,0.09288305044174194,-0.026454971873976715,-0.03149792033108404,-0.005302802982520955,,4,True,False,recoverable,0,False,RUNNING
37.76666666666517,4532,S4_FRONT_PAIR_ADVANCE,ADVANCE,v010_20260806_220745_363972_manual:S4_FRONT_PAIR_ADVANCE:ALTERNATE_PROFILE_3:segments-42-43,3.7249999999997883,0.0,43,0.39506685733795166,-0.00921957939863205,0.09285609424114227,-0.02698483073353651,-0.03165050983413465,-0.0053192167644564815,,4,True,False,recoverable,0,False,RUNNING
37.83333333333183,4540,S4_FRONT_PAIR_ADVANCE,ADVANCE,v010_20260806_220745_363972_manual:S4_FRONT_PAIR_ADVANCE:ALTERNATE_PROFILE_3:segments-42-43,3.791666666666451,0.0,43,0.3960151970386505,-0.0091843381524086,0.09279950708150864,-0.027571060527800527,-0.03177603785995174,-0.005333609057915302,,4,True,False,recoverable,0,False,RUNNING
37.89999999999849,4548,S4_FRONT_PAIR_ADVANCE,ADVANCE,v010_20260806_220745_363972_manual:S4_FRONT_PAIR_ADVANCE:ALTERNATE_PROFILE_3:segments-42-43,3.858333333333114,0.0,43,0.3969622552394867,-0.009144879877567291,0.09274586290121078,-0.02821743788879926,-0.03177345362824133,-0.005357948637860752,,4,True,False,recoverable,0,False,RUNNING
37.966666666665155,4556,S4_FRONT_PAIR_ADVANCE,ADVANCE,v010_20260806_220745_363972_manual:S4_FRONT_PAIR_ADVANCE:ALTERNATE_PROFILE_3:segments-42-43,3.924999999999777,0.0,43,0.39793363213539124,-0.009100846946239471,0.09266071766614914,-0.02892125410663632,-0.03177390373831655,-0.005379655803680663,,4,True,False,recoverable,0,False,RUNNING
38.03333333333182,4564,S4_FRONT_PAIR_ADVANCE,ADVANCE,v010_20260806_220745_363972_manual:S4_FRONT_PAIR_ADVANCE:ALTERNATE_PROFILE_3:segments-42-43,3.9916666666664398,0.0,43,0.3989279866218567,-0.009058408439159393,0.09256189316511154,-0.02962030668897279,-0.0318148324479531,-0.00540056443148395,,4,True,False,recoverable,0,False,RUNNING
38.09999999999848,4572,S4_FRONT_PAIR_ADVANCE,ADVANCE,v010_20260806_220745_363972_manual:S4_FRONT_PAIR_ADVANCE:ALTERNATE_PROFILE_3:segments-42-43,4.058333333333103,0.0,43,0.399774968624115,-0.009049586951732635,0.09252433478832245,-0.029937544205521353,-0.03141186221064843,-0.005413752238972747,,4,True,False,recoverable,0,False,RUNNING
38.166666666665144,4580,S4_FRONT_PAIR_ADVANCE,ADVANCE,v010_20260806_220745_363972_manual:S4_FRONT_PAIR_ADVANCE:ALTERNATE_PROFILE_3:segments-42-43,4.1249999999997655,0.0,43,0.4006516635417938,-0.009038731455802917,0.09249601513147354,-0.03022973732932818,-0.030998717194510736,-0.005410746617558566,,4,True,False,recoverable,0,False,RUNNING
38.23333333333181,4588,S4_FRONT_PAIR_ADVANCE,ADVANCE,v010_20260806_220745_363972_manual:S4_FRONT_PAIR_ADVANCE:ALTERNATE_PROFILE_3:segments-42-43,4.191666666666428,0.0,43,0.40155959129333496,-0.009035170078277588,0.09250972419977188,-0.03030964013871578,-0.030707555736548424,-0.005423191238182878,,4,True,False,recoverable,0,False,RUNNING
38.29999999999847,4596,S4_FRONT_PAIR_ADVANCE,ADVANCE,v010_20260806_220745_363972_manual:S4_FRONT_PAIR_ADVANCE:ALTERNATE_PROFILE_3:segments-42-43,4.258333333333091,0.0,43,0.4024392068386078,-0.009066440165042877,0.09265885502099991,-0.0299429989143843,-0.030598623069061092,-0.005394373593725519,,4,True,False,recoverable,0,False,RUNNING
38.36666666666513,4604,S4_FRONT_PAIR_ADVANCE,ADVANCE,v010_20260806_220745_363972_manual:S4_FRONT_PAIR_ADVANCE:ALTERNATE_PROFILE_3:segments-42-43,4.324999999999754,0.0,43,0.40336909890174866,-0.009092003107070923,0.09278476238250732,-0.02965540858330652,-0.030604635260159687,-0.00537116398280358,,4,True,False,recoverable,0,False,RUNNING
38.433333333331795,4612,S4_FRONT_PAIR_ADVANCE,ADVANCE,v010_20260806_220745_363972_manual:S4_FRONT_PAIR_ADVANCE:ALTERNATE_PROFILE_3:segments-42-43,4.391666666666417,0.0,43,0.4042917490005493,-0.009119510650634766,0.09287760406732559,-0.029383488930345297,-0.03059240212627481,-0.005344336208216805,,4,True,False,recoverable,0,False,RUNNING
38.49999999999846,4620,S4_FRONT_PAIR_ADVANCE,ADVANCE,v010_20260806_220745_363972_manual:S4_FRONT_PAIR_ADVANCE:ALTERNATE_PROFILE_3:segments-42-43,4.45833333333308,0.0,43,0.40523603558540344,-0.00914829969406128,0.09296434372663498,-0.02905950031909034,-0.030577874158403167,-0.005320609530639849,,4,True,False,recoverable,0,False,RUNNING
38.56666666666512,4628,S4_FRONT_PAIR_ADVANCE,ADVANCE,v010_20260806_220745_363972_manual:S4_FRONT_PAIR_ADVANCE:ALTERNATE_PROFILE_3:segments-42-43,4.524999999999743,0.0,43,0.4061870872974396,-0.00917244702577591,0.093035489320755,-0.028763009601068402,-0.030585816759933448,-0.0052848093915455335,,4,True,False,recoverable,0,False,RUNNING
38.633333333331784,4636,S4_FRONT_PAIR_ADVANCE,ADVANCE,v010_20260806_220745_363972_manual:S4_FRONT_PAIR_ADVANCE:ALTERNATE_PROFILE_3:segments-42-43,4.591666666666406,0.0,43,0.4071674942970276,-0.00919710099697113,0.09310062974691391,-0.02844105452098397,-0.030604710155127328,-0.005264786793047151,,4,True,False,recoverable,0,False,RUNNING
38.69999999999845,4644,S4_FRONT_PAIR_ADVANCE,ADVANCE,v010_20260806_220745_363972_manual:S4_FRONT_PAIR_ADVANCE:ALTERNATE_PROFILE_3:segments-42-43,4.6583333333330685,0.0,43,0.4081854522228241,-0.009225301444530487,0.0931459292769432,-0.028137287051721745,-0.030633966502602798,-0.005236251942832598,,4,True,False,recoverable,0,False,RUNNING
38.76666666666511,4652,S4_FRONT_PAIR_ADVANCE,ADVANCE,v010_20260806_220745_363972_manual:S4_FRONT_PAIR_ADVANCE:ALTERNATE_PROFILE_3:segments-42-43,4.724999999999731,0.0,43,0.4091900587081909,-0.009252145886421204,0.09316811710596085,-0.027812690403421707,-0.03065608104904038,-0.005215508572811439,,4,True,False,recoverable,0,False,RUNNING
38.83333333333177,4660,S4_FRONT_PAIR_ADVANCE,ADVANCE,v010_20260806_220745_363972_manual:S4_FRONT_PAIR_ADVANCE:ALTERNATE_PROFILE_3:segments-42-43,4.791666666666394,0.0,43,0.41023340821266174,-0.00927957147359848,0.0931665450334549,-0.027505264299155355,-0.030718032141224608,-0.005181377024349262,,4,True,False,recoverable,0,False,RUNNING
38.899999999998435,4668,S4_FRONT_PAIR_ADVANCE,ADVANCE,v010_20260806_220745_363972_manual:S4_FRONT_PAIR_ADVANCE:ALTERNATE_PROFILE_3:segments-42-43,4.858333333333057,0.0,43,0.4112798869609833,-0.009301990270614624,0.09315557032823563,-0.027267949399948754,-0.03077213954290569,-0.0051763119951357475,,4,True,False,recoverable,0,False,RUNNING
38.9666666666651,4676,S4_FRONT_PAIR_ADVANCE,ADVANCE,v010_20260806_220745_363972_manual:S4_FRONT_PAIR_ADVANCE:ALTERNATE_PROFILE_3:segments-42-43,4.92499999999972,0.0,43,0.41232386231422424,-0.00932372361421585,0.09312625974416733,-0.02705593261991229,-0.0308202921568157,-0.005160823279190589,,4,True,False,recoverable,0,False,RUNNING
39.03333333333176,4684,S4_FRONT_PAIR_ADVANCE,ADVANCE,v010_20260806_220745_363972_manual:S4_FRONT_PAIR_ADVANCE:ALTERNATE_PROFILE_3:segments-42-43,4.991666666666383,0.0,43,0.4133739471435547,-0.009339913725852966,0.09306906163692474,-0.026895023898551775,-0.03087191465658172,-0.005148214999410164,,4,True,False,recoverable,0,False,RUNNING
39.099999999998424,4692,S4_FRONT_PAIR_ADVANCE,ADVANCE,v010_20260806_220745_363972_manual:S4_FRONT_PAIR_ADVANCE:ALTERNATE_PROFILE_3:segments-42-43,5.058333333333046,0.0,43,0.4143277704715729,-0.009335853159427643,0.09301872551441193,-0.026980949591696755,-0.030935011387177178,-0.005166613465527088,,4,True,False,recoverable,0,False,RUNNING
39.16666666666509,4700,S4_FRONT_PAIR_ADVANCE,ADVANCE,v010_20260806_220745_363972_manual:S4_FRONT_PAIR_ADVANCE:ALTERNATE_PROFILE_3:segments-42-43,5.124999999999709,0.0,43,0.41522055864334106,-0.009324528276920319,0.09296070039272308,-0.02721297392797838,-0.031061042469305505,-0.005184400982836945,,4,True,False,recoverable,0,False,RUNNING
39.23333333333175,4708,S4_FRONT_PAIR_ADVANCE,ADVANCE,v010_20260806_220745_363972_manual:S4_FRONT_PAIR_ADVANCE:ALTERNATE_PROFILE_3:segments-42-43,5.1916666666663716,0.0,43,0.4161340892314911,-0.009310036897659302,0.09289476275444031,-0.0275254566165485,-0.03113389273433564,-0.005212390262972564,,4,True,False,recoverable,0,False,RUNNING
39.29999999999841,4716,S4_FRONT_PAIR_ADVANCE,ADVANCE,v010_20260806_220745_363972_manual:S4_FRONT_PAIR_ADVANCE:ALTERNATE_PROFILE_3:segments-42-43,5.258333333333034,0.0,43,0.41707509756088257,-0.009275659918785095,0.09283823519945145,-0.028079107275901568,-0.0310593256074987,-0.005243999443255974,,4,True,False,recoverable,0,False,RUNNING
39.366666666665076,4724,S4_FRONT_PAIR_ADVANCE,ADVANCE,v010_20260806_220745_363972_manual:S4_FRONT_PAIR_ADVANCE:ALTERNATE_PROFILE_3:segments-42-43,5.324999999999697,0.0,43,0.41805922985076904,-0.00923842191696167,0.09276428073644638,-0.028691233777466133,-0.031041363517668192,-0.005278250402218304,,4,True,False,recoverable,0,False,RUNNING
39.43333333333174,4732,S4_FRONT_PAIR_ADVANCE,ADVANCE,v010_20260806_220745_363972_manual:S4_FRONT_PAIR_ADVANCE:ALTERNATE_PROFILE_3:segments-42-43,5.39166666666636,0.0,43,0.41903600096702576,-0.009216345846652985,0.09273314476013184,-0.029104658378751157,-0.03113391432752021,-0.005314021787023975,,4,True,False,recoverable,0,False,RUNNING
39.4999999999984,4740,S4_FRONT_PAIR_ADVANCE,ADVANCE,v010_20260806_220745_363972_manual:S4_FRONT_PAIR_ADVANCE:ALTERNATE_PROFILE_3:segments-42-43,5.458333333333023,0.0,43,0.4200130105018616,-0.009210564196109772,0.09277207404375076,-0.029262736416333642,-0.031364156347455596,-0.005336500383550736,,4,True,False,recoverable,0,False,RUNNING
39.566666666665064,4748,S4_FRONT_PAIR_ADVANCE,ADVANCE,v010_20260806_220745_363972_manual:S4_FRONT_PAIR_ADVANCE:ALTERNATE_PROFILE_3:segments-42-43,5.524999999999686,0.0,43,0.4209590256214142,-0.009208142757415771,0.09281722456216812,-0.029385209300030954,-0.03152280540308711,-0.005360806330968942,,4,True,False,recoverable,0,False,RUNNING
39.63333333333173,4756,S4_FRONT_PAIR_ADVANCE,ADVANCE,v010_20260806_220745_363972_manual:S4_FRONT_PAIR_ADVANCE:ALTERNATE_PROFILE_3:segments-42-43,5.591666666666349,0.0,43,0.42186039686203003,-0.009219072759151459,0.09292767196893692,-0.029213164240247107,-0.03140234334014885,-0.005353308440806217,,4,True,False,recoverable,0,False,RUNNING
39.69999999999839,4764,S4_FRONT_PAIR_ADVANCE,ADVANCE,v010_20260806_220745_363972_manual:S4_FRONT_PAIR_ADVANCE:ALTERNATE_PROFILE_3:segments-42-43,5.658333333333012,0.0,43,0.42276400327682495,-0.009231120347976685,0.09302975237369537,-0.029108645199130156,-0.0312807090248553,-0.00536103649623428,,4,True,False,recoverable,0,False,RUNNING
39.76666666666505,4772,S4_FRONT_PAIR_ADVANCE,ADVANCE,v010_20260806_220745_363972_manual:S4_FRONT_PAIR_ADVANCE:ALTERNATE_PROFILE_3:segments-42-43,5.724999999999675,0.0,43,0.4237147867679596,-0.009246289730072021,0.09309809654951096,-0.02899600976151368,-0.031144551285145813,-0.005364099771715324,,4,True,False,recoverable,0,False,RUNNING
39.833333333331716,4780,S4_FRONT_PAIR_ADVANCE,ADVANCE,v010_20260806_220745_363972_manual:S4_FRONT_PAIR_ADVANCE:ALTERNATE_PROFILE_3:segments-42-43,5.7916666666663374,0.0,43,0.4246830344200134,-0.009261347353458405,0.09314711391925812,-0.02891237372243128,-0.031070118392921522,-0.00536176356026424,,4,True,False,recoverable,0,False,RUNNING
39.89999999999838,4788,S4_FRONT_PAIR_ADVANCE,ADVANCE,v010_20260806_220745_363972_manual:S4_FRONT_PAIR_ADVANCE:ALTERNATE_PROFILE_3:segments-42-43,5.858333333333,0.0,43,0.42565205693244934,-0.009275652468204498,0.09318657219409943,-0.02875518484719525,-0.030944985249440844,-0.00534784121277923,,4,True,False,recoverable,0,False,RUNNING
39.96666666666504,4796,S4_FRONT_PAIR_ADVANCE,ADVANCE,v010_20260806_220745_363972_manual:S4_FRONT_PAIR_ADVANCE:ALTERNATE_PROFILE_3:segments-42-43,5.924999999999663,0.0,43,0.4266318678855896,-0.00928659737110138,0.09320832043886185,-0.028652556254562818,-0.030850080226396445,-0.005320983040445008,,4,True,False,recoverable,0,False,RUNNING
40.033333333331704,4804,S4_FRONT_PAIR_ADVANCE,ADVANCE,v010_20260806_220745_363972_manual:S4_FRONT_PAIR_ADVANCE:ALTERNATE_PROFILE_3:segments-42-43,5.991666666666326,0.0,43,0.4276154041290283,-0.009297505021095276,0.093196339905262,-0.028599882391632678,-0.03075980370511894,-0.005297717266575962,,4,True,False,recoverable,0,False,RUNNING
40.09999999999837,4812,S4_FRONT_PAIR_ADVANCE,ADVANCE,v010_20260806_220745_363972_manual:S4_FRONT_PAIR_ADVANCE:ALTERNATE_PROFILE_3:segments-42-43,6.058333333332989,0.0,43,0.428617388010025,-0.009310193359851837,0.09318314492702484,-0.028436242252050742,-0.03060484715568574,-0.005278590660661859,,4,True,False,recoverable,0,False,RUNNING
40.16666666666503,4820,S4_FRONT_PAIR_ADVANCE,ADVANCE,v010_20260806_220745_363972_manual:S4_FRONT_PAIR_ADVANCE:ALTERNATE_PROFILE_3:segments-42-43,6.124999999999652,0.0,43,0.42964085936546326,-0.009327255189418793,0.09314107894897461,-0.02827698962139328,-0.030487571491882467,-0.0052466932719314316,,4,True,False,recoverable,0,False,RUNNING
40.23333333333169,4828,S4_FRONT_PAIR_ADVANCE,ADVANCE,v010_20260806_220745_363972_manual:S4_FRONT_PAIR_ADVANCE:ALTERNATE_PROFILE_3:segments-42-43,6.191666666666315,0.0,43,0.4307057559490204,-0.009341076016426086,0.09305461496114731,-0.02820406233462966,-0.030444161545769163,-0.005225078916756983,,4,True,False,recoverable,0,False,RUNNING
40.299999999998356,4836,S4_FRONT_PAIR_ADVANCE,ADVANCE,v010_20260806_220745_363972_manual:S4_FRONT_PAIR_ADVANCE:ALTERNATE_PROFILE_3:segments-42-43,6.258333333332978,0.0,43,0.4317511320114136,-0.009358391165733337,0.09295225888490677,-0.02809477390766207,-0.03032545487899434,-0.005195819254564033,,4,True,False,recoverable,0,False,RUNNING
40.36666666666502,4844,S4_FRONT_PAIR_ADVANCE,ADVANCE,v010_20260806_220745_363972_manual:S4_FRONT_PAIR_ADVANCE:ALTERNATE_PROFILE_3:segments-42-43,6.3249999999996405,0.0,43,0.4328225553035736,-0.009374678134918213,0.09284358471632004,-0.02798882589378659,-0.03019709264798655,-0.005176625112000607,,4,True,False,recoverable,0,False,RUNNING
40.43333333333168,4852,S4_FRONT_PAIR_ADVANCE,ADVANCE,v010_20260806_220745_363972_manual:S4_FRONT_PAIR_ADVANCE:ALTERNATE_PROFILE_3:segments-42-43,6.391666666666303,0.0,43,0.43384790420532227,-0.00940006971359253,0.09280240535736084,-0.02773047309041099,-0.030297236146842762,-0.005162135694590756,,4,True,False,recoverable,0,False,RUNNING
40.499999999998344,4860,S4_FRONT_PAIR_ADVANCE,ADVANCE,v010_20260806_220745_363972_manual:S4_FRONT_PAIR_ADVANCE:ALTERNATE_PROFILE_3:segments-42-43,6.458333333332966,0.0,43,0.4349055588245392,-0.009425260126590729,0.09276443719863892,-0.027415097753067573,-0.03040344310835552,-0.005145771386999037,,4,True,False,recoverable,0,False,RUNNING
40.56666666666501,4868,S4_FRONT_PAIR_ADVANCE,ADVANCE,v010_20260806_220745_363972_manual:S4_FRONT_PAIR_ADVANCE:ALTERNATE_PROFILE_3:segments-42-43,6.524999999999629,0.0,43,0.4359695017337799,-0.009448684751987457,0.09270701557397842,-0.02717649221099788,-0.03048460634873066,-0.005133441480387535,,4,True,False,recoverable,0,False,RUNNING
40.63333333333167,4876,S4_FRONT_PAIR_ADVANCE,ADVANCE,v010_20260806_220745_363972_manual:S4_FRONT_PAIR_ADVANCE:ALTERNATE_PROFILE_3:segments-42-43,6.591666666666292,0.0,43,0.43692389130592346,-0.009469211101531982,0.09271451085805893,-0.026862599419170012,-0.030710598113693872,-0.005131293676908471,,4,True,False,recoverable,0,False,RUNNING
40.69999999999833,4884,S4_FRONT_PAIR_ADVANCE,ADVANCE,v010_20260806_220745_363972_manual:S4_FRONT_PAIR_ADVANCE:ALTERNATE_PROFILE_3:segments-42-43,6.658333333332955,0.0,43,0.43784019351005554,-0.009485550224781036,0.09272743761539459,-0.02671184920199749,-0.031080453307245192,-0.005128061110730596,,4,True,False,recoverable,0,False,RUNNING
40.766666666664996,4892,S4_FRONT_PAIR_ADVANCE,ADVANCE,v010_20260806_220745_363972_manual:S4_FRONT_PAIR_ADVANCE:ALTERNATE_PROFILE_3:segments-42-43,6.724999999999618,0.0,43,0.43879595398902893,-0.009497866034507751,0.0927126482129097,-0.026631251200494494,-0.03150729272848761,-0.005120459259342309,,4,True,False,recoverable,0,False,RUNNING
40.83333333333166,4900,S4_FRONT_PAIR_ADVANCE,ADVANCE,v010_20260806_220745_363972_manual:S4_FRONT_PAIR_ADVANCE:ALTERNATE_PROFILE_3:segments-42-43,6.791666666666281,0.0,43,0.43970778584480286,-0.009485997259616852,0.09271440654993057,-0.02687817871932669,-0.03171663348236647,-0.005139150376724391,,4,True,False,recoverable,0,False,RUNNING
40.89999999999832,4908,S4_FRONT_PAIR_ADVANCE,ADVANCE,v010_20260806_220745_363972_manual:S4_FRONT_PAIR_ADVANCE:ALTERNATE_PROFILE_3:segments-42-43,6.8583333333329435,0.0,43,0.4406430423259735,-0.00946815311908722,0.0927201509475708,-0.027254801790962912,-0.031880479749199345,-0.00516276845394492,,4,True,False,recoverable,0,False,RUNNING
40.966666666664985,4916,S4_FRONT_PAIR_ADVANCE,ADVANCE,v010_20260806_220745_363972_manual:S4_FRONT_PAIR_ADVANCE:ALTERNATE_PROFILE_3:segments-42-43,6.924999999999606,0.0,43,0.44157540798187256,-0.009457513689994812,0.09273567795753479,-0.027547180933550103,-0.03198103923001007,-0.005177391237211035,,4,True,False,recoverable,0,False,RUNNING
41.03333333333165,4924,S4_FRONT_PAIR_ADVANCE,ADVANCE,v010_20260806_220745_363972_manual:S4_FRONT_PAIR_ADVANCE:ALTERNATE_PROFILE_3:segments-42-43,6.991666666666269,0.0,43,0.4424341917037964,-0.009461410343647003,0.09280739724636078,-0.027644546641949073,-0.031771659758795555,-0.005186287526782446,,4,True,False,recoverable,0,False,RUNNING
41.09999999999831,4932,S4_FRONT_PAIR_ADVANCE,ADVANCE,v010_20260806_220745_363972_manual:S4_FRONT_PAIR_ADVANCE:ALTERNATE_PROFILE_3:segments-42-43,7.058333333332932,0.0,43,0.4433223009109497,-0.009462565183639526,0.09286732226610184,-0.027799714742019335,-0.031575277141313425,-0.005196773820934242,,4,True,False,recoverable,0,False,RUNNING
41.16666666666497,4940,S4_FRONT_PAIR_ADVANCE,ADVANCE,v010_20260806_220745_363972_manual:S4_FRONT_PAIR_ADVANCE:ALTERNATE_PROFILE_3:segments-42-43,7.124999999999595,0.0,43,0.4442371428012848,-0.009463705122470856,0.09291643649339676,-0.027940576281125663,-0.0313898195698649,-0.005205232703443388,,4,True,False,recoverable,0,False,RUNNING
41.233333333331636,4948,S4_FRONT_PAIR_ADVANCE,ADVANCE,v010_20260806_220745_363972_manual:S4_FRONT_PAIR_ADVANCE:ALTERNATE_PROFILE_3:segments-42-43,7.191666666666258,0.0,43,0.4451862871646881,-0.009467214345932007,0.09295342862606049,-0.02807793647524956,-0.031237481526034734,-0.005212331417346918,,4,True,False,recoverable,0,False,RUNNING
41.2999999999983,4956,S4_FRONT_PAIR_ADVANCE,ADVANCE,v010_20260806_220745_363972_manual:S4_FRONT_PAIR_ADVANCE:ALTERNATE_PROFILE_3:segments-42-43,7.258333333332921,0.0,43,0.4461345970630646,-0.009472057223320007,0.09296345710754395,-0.028214643624553934,-0.03106573502657973,-0.005222006532734439,,4,True,False,recoverable,0,False,RUNNING
41.36666666666496,4964,S4_FRONT_PAIR_ADVANCE,ADVANCE,v010_20260806_220745_363972_manual:S4_FRONT_PAIR_ADVANCE:ALTERNATE_PROFILE_3:segments-42-43,7.324999999999584,0.0,43,0.4471055269241333,-0.009470544755458832,0.09295031428337097,-0.028383862360672953,-0.0308175050906822,-0.0052486664268596135,,4,True,False,recoverable,0,False,RUNNING
41.433333333331625,4972,S4_FRONT_PAIR_ADVANCE,ADVANCE,v010_20260806_220745_363972_manual:S4_FRONT_PAIR_ADVANCE:ALTERNATE_PROFILE_3:segments-42-43,7.3916666666662465,0.0,43,0.4480794072151184,-0.0094747394323349,0.09292343258857727,-0.028498523382931372,-0.0306170103224571,-0.0052601699378444205,,4,True,False,recoverable,0,False,RUNNING
41.49999999999829,4980,S4_FRONT_PAIR_ADVANCE,ADVANCE,v010_20260806_220745_363972_manual:S4_FRONT_PAIR_ADVANCE:ALTERNATE_PROFILE_3:segments-42-43,7.458333333332909,0.0,43,0.44907158613204956,-0.009484194219112396,0.09287930279970169,-0.028577245583184908,-0.030442839067268,-0.005258599489922339,,4,True,False,recoverable,0,False,RUNNING
41.56666666666495,4988,S4_FRONT_PAIR_ADVANCE,ADVANCE,v010_20260806_220745_363972_manual:S4_FRONT_PAIR_ADVANCE:ALTERNATE_PROFILE_3:segments-42-43,7.524999999999572,0.0,43,0.4500694274902344,-0.009494304656982422,0.0928049236536026,-0.028680547150764277,-0.030246374668125207,-0.005256099443343661,,4,True,False,recoverable,0,False,RUNNING
41.63333333333161,4996,S4_FRONT_PAIR_ADVANCE,ADVANCE,v010_20260806_220745_363972_manual:S4_FRONT_PAIR_ADVANCE:ALTERNATE_PROFILE_3:segments-42-43,7.591666666666235,0.0,43,0.45111173391342163,-0.00950479507446289,0.0927208960056305,-0.028760348894100656,-0.030045355084025924,-0.005264573936867202,,4,True,False,recoverable,0,False,RUNNING
41.699999999998276,5004,S4_FRONT_PAIR_ADVANCE,ADVANCE,v010_20260806_220745_363972_manual:S4_FRONT_PAIR_ADVANCE:ALTERNATE_PROFILE_3:segments-42-43,7.658333333332898,0.0,43,0.45215997099876404,-0.009519115090370178,0.09261216968297958,-0.028828971910486136,-0.02984323498103997,-0.005262031097971942,,4,True,False,recoverable,0,False,RUNNING
41.76666666666494,5012,S4_FRONT_PAIR_ADVANCE,ADVANCE,v010_20260806_220745_363972_manual:S4_FRONT_PAIR_ADVANCE:ALTERNATE_PROFILE_3:segments-42-43,7.724999999999561,0.0,43,0.45322185754776,-0.009534597396850586,0.09248977154493332,-0.028855094952372554,-0.02963701677994566,-0.005260342780520029,,4,True,False,recoverable,0,False,RUNNING
41.8333333333316,5020,S4_FRONT_PAIR_ADVANCE,ADVANCE,v010_20260806_220745_363972_manual:S4_FRONT_PAIR_ADVANCE:ALTERNATE_PROFILE_3:segments-42-43,7.791666666666224,0.0,43,0.4542238116264343,-0.009582392871379852,0.09255415946245193,-0.02827239793610367,-0.029841056568438155,-0.005211433142881283,,4,True,False,recoverable,0,False,RUNNING
41.899999999998265,5028,S4_FRONT_PAIR_ADVANCE,ADVANCE,v010_20260806_220745_363972_manual:S4_FRONT_PAIR_ADVANCE:ALTERNATE_PROFILE_3:segments-42-43,7.858333333332887,0.0,43,0.4552515149116516,-0.009625345468521118,0.09262265264987946,-0.02766707560630314,-0.030061238584374227,-0.005178077739656738,,4,True,False,recoverable,0,False,RUNNING
41.96666666666493,5036,S4_FRONT_PAIR_ADVANCE,ADVANCE,v010_20260806_220745_363972_manual:S4_FRONT_PAIR_ADVANCE:ALTERNATE_PROFILE_3:segments-42-43,7.9249999999995495,0.0,43,0.4561839699745178,-0.009650461375713348,0.09267837554216385,-0.027325275635356496,-0.03034386226438412,-0.00515977744357298,,4,True,False,recoverable,0,False,RUNNING
42.03333333333159,5044,S4_FRONT_PAIR_ADVANCE,ADVANCE,v010_20260806_220745_363972_manual:S4_FRONT_PAIR_ADVANCE:ALTERNATE_PROFILE_3:segments-42-43,7.991666666666212,0.0,43,0.45705410838127136,-0.009654834866523743,0.09271449595689774,-0.027293990348584717,-0.030708352042748428,-0.0051652925395931455,,4,True,False,recoverable,0,False,RUNNING
42.09999999999825,5052,S4_FRONT_PAIR_ADVANCE,ADVANCE,v010_20260806_220745_363972_manual:S4_FRONT_PAIR_ADVANCE:ALTERNATE_PROFILE_3:segments-42-43,8.058333333332875,0.0,43,0.45797625184059143,-0.009659074246883392,0.0927233099937439,-0.027305075518206982,-0.031159557737833184,-0.005163701244006354,,4,True,False,recoverable,0,False,RUNNING
42.166666666664916,5060,S4_FRONT_PAIR_ADVANCE,ADVANCE,v010_20260806_220745_363972_manual:S4_FRONT_PAIR_ADVANCE:ALTERNATE_PROFILE_3:segments-42-43,8.124999999999538,0.0,43,0.4588852822780609,-0.00966218113899231,0.09273172914981842,-0.027342054786403572,-0.03151297805785531,-0.005165729682753093,,4,True,False,recoverable,0,False,RUNNING
42.23333333333158,5068,S4_FRONT_PAIR_ADVANCE,ADVANCE,v010_20260806_220745_363972_manual:S4_FRONT_PAIR_ADVANCE:ALTERNATE_PROFILE_3:segments-42-43,8.191666666666201,0.0,43,0.45978087186813354,-0.009646028280258179,0.09277442842721939,-0.027658875617924416,-0.03158259620980077,-0.005187751098676134,,4,True,False,recoverable,0,False,RUNNING
42.29999999999824,5076,S4_FRONT_PAIR_ADVANCE,ADVANCE,v010_20260806_220745_363972_manual:S4_FRONT_PAIR_ADVANCE:ALTERNATE_PROFILE_3:segments-42-43,8.258333333332864,0.0,43,0.46072348952293396,-0.009626924991607666,0.09280187636613846,-0.028029793668316327,-0.031724197577033285,-0.0052134836520192915,,4,True,False,recoverable,0,False,RUNNING
42.366666666664905,5084,S4_FRONT_PAIR_ADVANCE,ADVANCE,v010_20260806_220745_363972_manual:S4_FRONT_PAIR_ADVANCE:ALTERNATE_PROFILE_3:segments-42-43,8.324999999999527,0.0,43,0.4616756737232208,-0.009608440101146698,0.09280885756015778,-0.028398361454579524,-0.03185436145024805,-0.005241605175257116,,4,True,False,recoverable,0,False,RUNNING
42.43333333333157,5092,S4_FRONT_PAIR_ADVANCE,ADVANCE,v010_20260806_220745_363972_manual:S4_FRONT_PAIR_ADVANCE:ALTERNATE_PROFILE_3:segments-42-43,8.39166666666619,0.0,43,0.46265777945518494,-0.0095863938331604,0.09279881417751312,-0.02884385121003559,-0.03206740224067209,-0.005272696857935053,,4,True,False,recoverable,0,False,RUNNING
42.49999999999823,5100,S4_FRONT_PAIR_ADVANCE,ADVANCE,v010_20260806_220745_363972_manual:S4_FRONT_PAIR_ADVANCE:ALTERNATE_PROFILE_3:segments-42-43,8.458333333332853,0.0,43,0.4636434316635132,-0.009565740823745728,0.09277831017971039,-0.02925527483459105,-0.03225854787531712,-0.005302699880642763,,4,True,False,recoverable,0,False,RUNNING
42.566666666664894,5108,S4_FRONT_PAIR_ADVANCE,ADVANCE,v010_20260806_220745_363972_manual:S4_FRONT_PAIR_ADVANCE:ALTERNATE_PROFILE_3:segments-42-43,8.524999999999515,0.0,43,0.4646296203136444,-0.00955277681350708,0.09275025874376297,-0.02959364016026525,-0.03234975880363407,-0.005325391756539896,,4,True,False,recoverable,0,False,RUNNING
42.63333333333156,5116,S4_FRONT_PAIR_ADVANCE,ADVANCE,v010_20260806_220745_363972_manual:S4_FRONT_PAIR_ADVANCE:ALTERNATE_PROFILE_3:segments-42-43,8.591666666666178,0.0,43,0.46559908986091614,-0.009547226130962372,0.09275200963020325,-0.029783290554769627,-0.03229290384509181,-0.0053430500815085545,,4,True,False,recoverable,0,False,RUNNING
42.69999999999822,5124,S4_FRONT_PAIR_ADVANCE,ADVANCE,v010_20260806_220745_363972_manual:S4_FRONT_PAIR_ADVANCE:ALTERNATE_PROFILE_3:segments-42-43,8.658333333332841,0.0,43,0.4665873646736145,-0.009538725018501282,0.09274063259363174,-0.029985407798352175,-0.032253815161911226,-0.0053463624360125675,,4,True,False,recoverable,0,False,RUNNING
42.76666666666488,5132,S4_FRONT_PAIR_ADVANCE,ADVANCE,v010_20260806_220745_363972_manual:S4_FRONT_PAIR_ADVANCE:ALTERNATE_PROFILE_3:segments-42-43,8.724999999999504,0.0,43,0.4675675332546234,-0.009526662528514862,0.0927264392375946,-0.030149664581900062,-0.03223686189941728,-0.005338948181369084,,4,True,False,recoverable,0,False,RUNNING
42.833333333331545,5140,S4_FRONT_PAIR_ADVANCE,ADVANCE,v010_20260806_220745_363972_manual:S4_FRONT_PAIR_ADVANCE:ALTERNATE_PROFILE_3:segments-42-43,8.791666666666167,0.0,43,0.46859559416770935,-0.009512253105640411,0.0926811695098877,-0.030392107853584524,-0.0322416749942896,-0.005337081108388299,,4,True,False,recoverable,0,False,RUNNING
42.89999999999821,5148,S4_FRONT_PAIR_ADVANCE,ADVANCE,v010_20260806_220745_363972_manual:S4_FRONT_PAIR_ADVANCE:ALTERNATE_PROFILE_3:segments-42-43,8.85833333333283,0.0,43,0.4695957601070404,-0.009501300752162933,0.09264285862445831,-0.030548094523237885,-0.03207523657634398,-0.005335706854524241,,4,True,False,recoverable,0,False,RUNNING
42.96666666666487,5156,S4_FRONT_PAIR_ADVANCE,ADVANCE,v010_20260806_220745_363972_manual:S4_FRONT_PAIR_ADVANCE:ALTERNATE_PROFILE_3:segments-42-43,8.924999999999493,0.0,43,0.47054532170295715,-0.009504444897174835,0.09264668822288513,-0.030481720464166393,-0.03167140728208205,-0.005324612422438042,,4,True,False,recoverable,0,False,RUNNING
43.033333333331534,5164,S4_FRONT_PAIR_ADVANCE,ADVANCE,v010_20260806_220745_363972_manual:S4_FRONT_PAIR_ADVANCE:ALTERNATE_PROFILE_3:segments-42-43,8.991666666666156,0.0,43,0.4715358018875122,-0.00951153039932251,0.09261848032474518,-0.030438830344527747,-0.031290831294721565,-0.005312534283057444,,4,True,False,recoverable,0,False,RUNNING
43.0999999999982,5172,S4_FRONT_PAIR_ADVANCE,ADVANCE,v010_20260806_220745_363972_manual:S4_FRONT_PAIR_ADVANCE:ALTERNATE_PROFILE_3:segments-42-43,9.058333333332818,0.0,43,0.4725322127342224,-0.009523749351501465,0.09254952520132065,-0.030442084613160808,-0.03083718335600913,-0.005333715391794994,,4,True,False,recoverable,0,False,RUNNING
43.16666666666486,5180,S4_FRONT_PAIR_ADVANCE,ADVANCE,v010_20260806_220745_363972_manual:S4_FRONT_PAIR_ADVANCE:ALTERNATE_PROFILE_3:segments-42-43,9.124999999999481,0.0,43,0.4735298454761505,-0.009530708193778992,0.09249034523963928,-0.03040876107235307,-0.030474105737888293,-0.005313247138841038,,4,True,False,recoverable,0,False,RUNNING
43.23333333333152,5188,S4_FRONT_PAIR_ADVANCE,ADVANCE,v010_20260806_220745_363972_manual:S4_FRONT_PAIR_ADVANCE:ALTERNATE_PROFILE_3:segments-42-43,9.191666666666144,0.0,43,0.4744851589202881,-0.009563371539115906,0.09252524375915527,-0.029953337504166642,-0.03024045800822792,-0.005283779938034781,,4,True,False,recoverable,0,False,RUNNING
43.299999999998185,5196,S4_FRONT_PAIR_ADVANCE,ADVANCE,v010_20260806_220745_363972_manual:S4_FRONT_PAIR_ADVANCE:ALTERNATE_PROFILE_3:segments-42-43,9.258333333332807,0.0,43,0.47537901997566223,-0.009596310555934906,0.09263177216053009,-0.029534996859692356,-0.030273961402762152,-0.005256099460979297,,4,True,False,recoverable,0,False,RUNNING
43.36666666666485,5204,S4_FRONT_PAIR_ADVANCE,ADVANCE,v010_20260806_220745_363972_manual:S4_FRONT_PAIR_ADVANCE:ALTERNATE_PROFILE_3:segments-42-43,9.32499999999947,0.0,43,0.47628113627433777,-0.009623713791370392,0.09273175150156021,-0.029149937236378636,-0.03037405039404272,-0.005229134992814006,,4,True,False,recoverable,0,False,RUNNING
43.43333333333151,5212,S4_FRONT_PAIR_ADVANCE,ADVANCE,v010_20260806_220745_363972_manual:S4_FRONT_PAIR_ADVANCE:ALTERNATE_PROFILE_3:segments-42-43,9.391666666666133,0.0,43,0.4772126078605652,-0.009654432535171509,0.09280748665332794,-0.02876681254840125,-0.030474512921705523,-0.005204074106538545,,4,True,False,recoverable,0,False,RUNNING
43.499999999998174,5220,S4_FRONT_PAIR_ADVANCE,ADVANCE,v010_20260806_220745_363972_manual:S4_FRONT_PAIR_ADVANCE:ALTERNATE_PROFILE_3:segments-42-43,9.458333333332796,0.0,43,0.478167861700058,-0.009680159389972687,0.09286832064390182,-0.02844244071999059,-0.030589636312656373,-0.005189464362010274,,4,True,False,recoverable,0,False,RUNNING
43.56666666666484,5228,S4_FRONT_PAIR_ADVANCE,ADVANCE,v010_20260806_220745_363972_manual:S4_FRONT_PAIR_ADVANCE:ALTERNATE_PROFILE_3:segments-42-43,9.524999999999459,0.0,43,0.4791342318058014,-0.009697318077087402,0.0929252952337265,-0.02830321341249006,-0.030569907070232476,-0.005177383572918472,,4,True,False,recoverable,0,False,RUNNING
43.6333333333315,5236,S4_FRONT_PAIR_ADVANCE,ADVANCE,v010_20260806_220745_363972_manual:S4_FRONT_PAIR_ADVANCE:ALTERNATE_PROFILE_3:segments-42-43,9.591666666666121,0.0,43,0.4801250100135803,-0.009714365005493164,0.09298361837863922,-0.02811925933943857,-0.030562682119553403,-0.005163479926560914,,4,True,False,recoverable,0,False,RUNNING
43.69999999999816,5244,S4_FRONT_PAIR_ADVANCE,ADVANCE,v010_20260806_220745_363972_manual:S4_FRONT_PAIR_ADVANCE:ALTERNATE_PROFILE_3:segments-42-43,9.658333333332784,0.0,43,0.4811283349990845,-0.00973203033208847,0.09302839636802673,-0.027900118599243243,-0.03057746464336509,-0.005140174643670342,,4,True,False,recoverable,0,False,RUNNING
43.766666666664825,5252,S4_FRONT_PAIR_ADVANCE,ADVANCE,v010_20260806_220745_363972_manual:S4_FRONT_PAIR_ADVANCE:ALTERNATE_PROFILE_3:segments-42-43,9.724999999999447,0.0,43,0.4821542501449585,-0.009750306606292725,0.09305938333272934,-0.027670984990237565,-0.030603577160945073,-0.005131396230974402,,4,True,False,recoverable,0,False,RUNNING
43.83333333333149,5260,S4_FRONT_PAIR_ADVANCE,ADVANCE,v010_20260806_220745_363972_manual:S4_FRONT_PAIR_ADVANCE:ALTERNATE_PROFILE_3:segments-42-43,9.79166666666611,0.0,43,0.48318228125572205,-0.00976593792438507,0.09306298941373825,-0.027470633512506632,-0.03061117443136256,-0.005129254466959703,,4,True,False,recoverable,0,False,RUNNING
43.89999999999815,5268,S4_FRONT_PAIR_ADVANCE,ADVANCE,v010_20260806_220745_363972_manual:S4_FRONT_PAIR_ADVANCE:ALTERNATE_PROFILE_3:segments-42-43,9.858333333332773,0.0,43,0.4842301309108734,-0.009780578315258026,0.0930362269282341,-0.02730318483785869,-0.03063870878686989,-0.005128144180186865,,4,True,False,recoverable,0,False,RUNNING
43.966666666664814,5276,S4_FRONT_PAIR_ADVANCE,ADVANCE,v010_20260806_220745_363972_manual:S4_FRONT_PAIR_ADVANCE:ALTERNATE_PROFILE_3:segments-42-43,9.924999999999436,0.0,43,0.48524051904678345,-0.009798966348171234,0.0930384173989296,-0.027041648172080997,-0.030739334373329326,-0.005126323152839631,,4,True,False,recoverable,0,False,RUNNING
44.03333333333148,5284,S4_FRONT_PAIR_ADVANCE,ADVANCE,v010_20260806_220745_363972_manual:S4_FRONT_PAIR_ADVANCE:ALTERNATE_PROFILE_3:segments-42-43,9.991666666666099,0.0,43,0.4861851632595062,-0.009808234870433807,0.0930371880531311,-0.026935763306688638,-0.030873225364827166,-0.005132230872131557,,4,True,False,recoverable,0,False,RUNNING
44.09999999999814,5292,S4_FRONT_PAIR_ADVANCE,ADVANCE,v010_20260806_220745_363972_manual:S4_FRONT_PAIR_ADVANCE:ALTERNATE_PROFILE_3:segments-42-43,10.058333333332762,0.0,43,0.48717424273490906,-0.009816475212574005,0.09300639480352402,-0.026899299634043684,-0.031068375958947243,-0.005130419402583867,,4,True,False,recoverable,0,False,RUNNING
44.1666666666648,5300,S4_FRONT_PAIR_ADVANCE,ADVANCE,v010_20260806_220745_363972_manual:S4_FRONT_PAIR_ADVANCE:ALTERNATE_PROFILE_3:segments-42-43,10.124999999999424,0.0,43,0.4881766140460968,-0.009817764163017273,0.09294875711202621,-0.026983053058968285,-0.031333974155469436,-0.0051448984480126055,,4,True,False,recoverable,0,False,RUNNING
44.233333333331466,5308,S4_FRONT_PAIR_ADVANCE,ADVANCE,v010_20260806_220745_363972_manual:S4_FRONT_PAIR_ADVANCE:ALTERNATE_PROFILE_3:segments-42-43,10.191666666666087,0.0,43,0.4891252815723419,-0.009798027575016022,0.0928899347782135,-0.02733603447190014,-0.03150299542782294,-0.005170340267092023,,4,True,False,recoverable,0,False,RUNNING
44.29999999999813,5316,S4_FRONT_PAIR_ADVANCE,ADVANCE,v010_20260806_220745_363972_manual:S4_FRONT_PAIR_ADVANCE:ALTERNATE_PROFILE_3:segments-42-43,10.25833333333275,0.0,43,0.4901101291179657,-0.00977625697851181,0.0928255245089531,-0.02774422692526488,-0.031623560260505244,-0.005206962770903882,,4,True,False,recoverable,0,False,RUNNING
44.36666666666479,5324,S4_FRONT_PAIR_ADVANCE,ADVANCE,v010_20260806_220745_363972_manual:S4_FRONT_PAIR_ADVANCE:ALTERNATE_PROFILE_3:segments-42-43,10.324999999999413,0.0,43,0.4911159873008728,-0.009758763015270233,0.0927504152059555,-0.02812955956138593,-0.031731492622249995,-0.005237045475424852,,4,True,False,recoverable,0,False,RUNNING
44.433333333331454,5332,S4_FRONT_PAIR_ADVANCE,ADVANCE,v010_20260806_220745_363972_manual:S4_FRONT_PAIR_ADVANCE:ALTERNATE_PROFILE_3:segments-42-43,10.391666666666076,0.0,43,0.49214282631874084,-0.009728029370307922,0.092656709253788,-0.028634188783230374,-0.03185425375439723,-0.005258394366242755,,4,True,False,recoverable,0,False,RUNNING
44.49999999999812,5340,S4_FRONT_PAIR_ADVANCE,ADVANCE,v010_20260806_220745_363972_manual:S4_FRONT_PAIR_ADVANCE:ALTERNATE_PROFILE_3:segments-42-43,10.458333333332739,0.0,43,0.4930151402950287,-0.009724967181682587,0.09269358962774277,-0.028707701169644415,-0.03145592464328044,-0.005239465008694744,,4,True,False,recoverable,0,False,RUNNING
44.56666666666478,5348,S4_FRONT_PAIR_ADVANCE,ADVANCE,v010_20260806_220745_363972_manual:S4_FRONT_PAIR_ADVANCE:ALTERNATE_PROFILE_3:segments-42-43,10.524999999999402,0.0,43,0.4939557909965515,-0.009719610214233398,0.09269656985998154,-0.028850962968909676,-0.03115611026585278,-0.005239119332670858,,4,True,False,recoverable,0,False,RUNNING
44.63333333333144,5356,S4_FRONT_PAIR_ADVANCE,ADVANCE,v010_20260806_220745_363972_manual:S4_FRONT_PAIR_ADVANCE:ALTERNATE_PROFILE_3:segments-42-43,10.591666666666065,0.0,43,0.49491459131240845,-0.009713172912597656,0.0926646739244461,-0.029033103446706333,-0.030851327854598366,-0.005238845382888599,,4,True,False,recoverable,0,False,RUNNING
44.699999999998106,5364,S4_FRONT_PAIR_ADVANCE,ADVANCE,v010_20260806_220745_363972_manual:S4_FRONT_PAIR_ADVANCE:ALTERNATE_PROFILE_3:segments-42-43,10.658333333332727,0.0,43,0.4958755373954773,-0.009709015488624573,0.09261858463287354,-0.029190397036757847,-0.03052133991157219,-0.00522988982285086,,4,True,False,recoverable,0,False,RUNNING
44.76666666666477,5372,S4_FRONT_PAIR_ADVANCE,ADVANCE,v010_20260806_220745_363972_manual:S4_FRONT_PAIR_ADVANCE:ALTERNATE_PROFILE_3:segments-42-43,10.72499999999939,0.0,43,0.4968898296356201,-0.009706124663352966,0.09257300198078156,-0.029318523047021434,-0.030212779144632825,-0.0052305538980895174,,4,True,False,recoverable,0,False,RUNNING
44.83333333333143,5380,S4_FRONT_PAIR_ADVANCE,ADVANCE,v010_20260806_220745_363972_manual:S4_FRONT_PAIR_ADVANCE:ALTERNATE_PROFILE_3:segments-42-43,10.791666666666053,0.0,43,0.49781662225723267,-0.009698741137981415,0.09250471740961075,-0.029557606068959998,-0.029900042737620487,-0.005233535266220662,,4,True,False,recoverable,0,False,RUNNING
44.899999999998094,5388,S4_FRONT_PAIR_ADVANCE,ADVANCE,v010_20260806_220745_363972_manual:S4_FRONT_PAIR_ADVANCE:ALTERNATE_PROFILE_3:segments-42-43,10.858333333332716,0.0,43,0.498719185590744,-0.009690538048744202,0.09242186695337296,-0.029909456191079042,-0.029627838687015066,-0.005242406675025436,,4,True,False,recoverable,0,False,RUNNING
44.96666666666476,5396,S4_FRONT_PAIR_ADVANCE,ADVANCE,v010_20260806_220745_363972_manual:S4_FRONT_PAIR_ADVANCE:ALTERNATE_PROFILE_3:segments-42-43,10.924999999999379,0.0,43,0.49964776635169983,-0.009684540331363678,0.09232714027166367,-0.030260599148550775,-0.029396895998908,-0.0052488465917124435,,4,True,False,recoverable,0,False,RUNNING
45.03333333333142,5404,S4_FRONT_PAIR_ADVANCE,ADVANCE,v010_20260806_220745_363972_manual:S4_FRONT_PAIR_ADVANCE:ALTERNATE_PROFILE_3:segments-42-43,10.991666666666042,0.0,43,0.500579833984375,-0.009697675704956055,0.09233256429433823,-0.03025595543703738,-0.029375073725277864,-0.005252260818678207,,4,True,False,recoverable,0,False,RUNNING
45.09999999999808,5412,S4_FRONT_PAIR_ADVANCE,ADVANCE,v010_20260806_220745_363972_manual:S4_FRONT_PAIR_ADVANCE:ALTERNATE_PROFILE_3:segments-42-43,11.058333333332705,0.0,43,0.5015257000923157,-0.009707197546958923,0.09238138794898987,-0.030289739938418474,-0.029320257188163407,-0.005243541644429637,,4,True,False,recoverable,0,False,RUNNING
45.166666666664746,5420,S4_FRONT_PAIR_ADVANCE,ADVANCE,v010_20260806_220745_363972_manual:S4_FRONT_PAIR_ADVANCE:ALTERNATE_PROFILE_3:segments-42-43,11.124999999999368,0.0,43,0.5024935007095337,-0.009712964296340942,0.09243285655975342,-0.03034799774140479,-0.029270634015095807,-0.00523078561789479,,4,True,False,recoverable,0,False,RUNNING
45.23333333333141,5428,S4_FRONT_PAIR_ADVANCE,ADVANCE,v010_20260806_220745_363972_manual:S4_FRONT_PAIR_ADVANCE:ALTERNATE_PROFILE_3:segments-42-43,11.19166666666603,0.0,43,0.5034857392311096,-0.009715557098388672,0.09246677905321121,-0.03042996119929767,-0.029255223485995963,-0.005226886176058332,,4,True,False,recoverable,0,False,RUNNING
45.29999999999807,5436,S4_FRONT_PAIR_ADVANCE,ADVANCE,v010_20260806_220745_363972_manual:S4_FRONT_PAIR_ADVANCE:ALTERNATE_PROFILE_3:segments-42-43,11.258333333332693,0.0,43,0.5045096278190613,-0.009716637432575226,0.09247786551713943,-0.030536650168215912,-0.029262162256752863,-0.005227314542164315,,4,True,False,recoverable,0,False,RUNNING
45.366666666664734,5444,S4_FRONT_PAIR_ADVANCE,ADVANCE,v010_20260806_220745_363972_manual:S4_FRONT_PAIR_ADVANCE:ALTERNATE_PROFILE_3:segments-42-43,11.324999999999356,0.0,43,0.5055304765701294,-0.0097227543592453,0.09249722957611084,-0.03052328710069523,-0.029299529924503877,-0.005228687880803206,,4,True,False,recoverable,0,False,RUNNING
45.4333333333314,5452,S4_FRONT_PAIR_ADVANCE,ADVANCE,v010_20260806_220745_363972_manual:S4_FRONT_PAIR_ADVANCE:ALTERNATE_PROFILE_3:segments-42-43,11.39166666666602,0.0,43,0.5065599083900452,-0.009736575186252594,0.092524953186512,-0.03042632892886181,-0.029388485629609492,-0.005220129812966298,,4,True,False,recoverable,0,False,RUNNING
45.49999999999806,5460,S4_FRONT_PAIR_ADVANCE,ADVANCE,v010_20260806_220745_363972_manual:S4_FRONT_PAIR_ADVANCE:ALTERNATE_PROFILE_3:segments-42-43,11.458333333332682,0.0,43,0.507597029209137,-0.009748555719852448,0.0925198495388031,-0.030388440576099986,-0.029472641799880576,-0.005215345898552749,,4,True,False,recoverable,0,False,RUNNING
45.56666666666472,5468,S4_FRONT_PAIR_ADVANCE,ADVANCE,v010_20260806_220745_363972_manual:S4_FRONT_PAIR_ADVANCE:ALTERNATE_PROFILE_3:segments-42-43,11.524999999999345,0.0,43,0.5086444020271301,-0.009759843349456787,0.09250098466873169,-0.030350206702010628,-0.029572242986334266,-0.005211706105471801,,4,True,False,recoverable,0,False,RUNNING
45.633333333331386,5476,S4_FRONT_PAIR_ADVANCE,ADVANCE,v010_20260806_220745_363972_manual:S4_FRONT_PAIR_ADVANCE:ALTERNATE_PROFILE_3:segments-42-43,11.591666666666008,0.0,43,0.5096551775932312,-0.009783335030078888,0.09251666069030762,-0.030134498927148486,-0.029706617651025644,-0.005200885218888392,,4,True,False,recoverable,0,False,RUNNING
45.69999999999805,5484,S4_FRONT_PAIR_ADVANCE,ADVANCE,v010_20260806_220745_363972_manual:S4_FRONT_PAIR_ADVANCE:ALTERNATE_PROFILE_3:segments-42-43,11.65833333333267,0.0,43,0.5105936527252197,-0.009829580783843994,0.0926205962896347,-0.029541413585474657,-0.029663959058077415,-0.005175606215503041,,4,True,False,recoverable,0,False,RUNNING
45.76666666666471,5492,S4_FRONT_PAIR_ADVANCE,ADVANCE,v010_20260806_220745_363972_manual:S4_FRONT_PAIR_ADVANCE:ALTERNATE_PROFILE_3:segments-42-43,11.724999999999334,0.0,43,0.5115729570388794,-0.009877830743789673,0.09272176772356033,-0.0289437674957005,-0.02970915429687177,-0.0051410408251817835,,4,True,False,recoverable,0,False,RUNNING
45.833333333331375,5500,S4_FRONT_PAIR_ADVANCE,ADVANCE,v010_20260806_220745_363972_manual:S4_FRONT_PAIR_ADVANCE:ALTERNATE_PROFILE_3:segments-42-43,11.791666666665996,0.0,43,0.5125219821929932,-0.009913824498653412,0.09280908852815628,-0.02852783470028274,-0.02979867870022637,-0.005118851703138195,,4,True,False,recoverable,0,False,RUNNING
45.89999999999804,5508,S4_FRONT_PAIR_ADVANCE,ADVANCE,v010_20260806_220745_363972_manual:S4_FRONT_PAIR_ADVANCE:ALTERNATE_PROFILE_3:segments-42-43,11.85833333333266,0.0,43,0.513450562953949,-0.009938143193721771,0.09287306666374207,-0.028328635669201203,-0.03000304615245583,-0.005101429794976539,,4,True,False,recoverable,0,False,RUNNING
45.9666666666647,5516,S4_FRONT_PAIR_ADVANCE,ADVANCE,v010_20260806_220745_363972_manual:S4_FRONT_PAIR_ADVANCE:ALTERNATE_PROFILE_3:segments-42-43,11.924999999999322,0.0,43,0.5143901109695435,-0.009964384138584137,0.09293465316295624,-0.02806724042749717,-0.030185091390043637,-0.005088200260200288,,4,True,False,recoverable,0,False,RUNNING
46.03333333333136,5524,S4_FRONT_PAIR_ADVANCE,ADVANCE,v010_20260806_220745_363972_manual:S4_FRONT_PAIR_ADVANCE:ALTERNATE_PROFILE_3:segments-42-43,11.991666666665985,0.0,43,0.515363335609436,-0.009993158280849457,0.09298423677682877,-0.027802421015413473,-0.030400902386345213,-0.005067935910911461,,4,True,False,recoverable,0,False,RUNNING
46.099999999998026,5532,S4_FRONT_PAIR_ADVANCE,ADVANCE,v010_20260806_220745_363972_manual:S4_FRONT_PAIR_ADVANCE:ALTERNATE_PROFILE_3:segments-42-43,12.058333333332648,0.0,43,0.5163284540176392,-0.010013878345489502,0.09302651137113571,-0.027630164839572934,-0.03050992895376623,-0.005056649748906167,,4,True,False,recoverable,0,False,RUNNING
46.16666666666469,5540,S4_FRONT_PAIR_ADVANCE,ADVANCE,v010_20260806_220745_363972_manual:S4_FRONT_PAIR_ADVANCE:ALTERNATE_PROFILE_3:segments-42-43,12.12499999999931,0.0,43,0.5173110365867615,-0.010020516812801361,0.09307108074426651,-0.02758486201489352,-0.030541642361968494,-0.005055812221265225,,4,True,False,recoverable,0,False,RUNNING
46.23333333333135,5548,S4_FRONT_PAIR_ADVANCE,ADVANCE,v010_20260806_220745_363972_manual:S4_FRONT_PAIR_ADVANCE:ALTERNATE_PROFILE_3:segments-42-43,12.191666666665974,0.0,43,0.5182735323905945,-0.010021507740020752,0.09310169517993927,-0.02761984546751355,-0.030633342244448056,-0.005050529196986899,,4,True,False,recoverable,0,False,RUNNING
46.299999999998015,5556,S4_FRONT_PAIR_ADVANCE,ADVANCE,v010_20260806_220745_363972_manual:S4_FRONT_PAIR_ADVANCE:ALTERNATE_PROFILE_3:segments-42-43,12.258333333332637,0.0,43,0.5191960334777832,-0.010013625025749207,0.09311056137084961,-0.02778872619655568,-0.030763724803108506,-0.00505599816026722,,4,True,False,recoverable,0,False,RUNNING
46.36666666666468,5564,S4_FRONT_PAIR_ADVANCE,ADVANCE,v010_20260806_220745_363972_manual:S4_FRONT_PAIR_ADVANCE:ALTERNATE_PROFILE_3:segments-42-43,12.3249999999993,0.0,43,0.5201559066772461,-0.010003916919231415,0.09309543669223785,-0.027981988204166093,-0.03088131621128988,-0.005065315374349801,,4,True,False,recoverable,0,False,RUNNING
46.43333333333134,5572,S4_FRONT_PAIR_ADVANCE,ADVANCE,v010_20260806_220745_363972_manual:S4_FRONT_PAIR_ADVANCE:ALTERNATE_PROFILE_3:segments-42-43,12.391666666665962,0.0,43,0.5211321115493774,-0.010000906884670258,0.09308256953954697,-0.028098607870566224,-0.031060427250952077,-0.005066935981607011,,4,True,False,recoverable,0,False,RUNNING
46.499999999998,5580,S4_FRONT_PAIR_ADVANCE,ADVANCE,v010_20260806_220745_363972_manual:S4_FRONT_PAIR_ADVANCE:ALTERNATE_PROFILE_3:segments-42-43,12.458333333332625,0.0,43,0.5221035480499268,-0.009999267756938934,0.09309379011392593,-0.028175104135638795,-0.031223397260713787,-0.0050741756615390494,,4,True,False,recoverable,0,False,RUNNING
46.566666666664666,5588,S4_FRONT_PAIR_ADVANCE,ADVANCE,v010_20260806_220745_363972_manual:S4_FRONT_PAIR_ADVANCE:ALTERNATE_PROFILE_3:segments-42-43,12.524999999999288,0.0,43,0.5230920314788818,-0.009992539882659912,0.09310483932495117,-0.02835073597199143,-0.0313222795270756,-0.005084159452739038,,4,True,False,recoverable,0,False,RUNNING
46.63333333333133,5596,S4_FRONT_PAIR_ADVANCE,ADVANCE,v010_20260806_220745_363972_manual:S4_FRONT_PAIR_ADVANCE:ALTERNATE_PROFILE_3:segments-42-43,12.591666666665951,0.0,43,0.5240548253059387,-0.009988561272621155,0.0931239128112793,-0.0284948633696952,-0.03127774390876034,-0.005093057093050035,,4,True,False,recoverable,0,False,RUNNING
46.69999999999799,5604,S4_FRONT_PAIR_ADVANCE,ADVANCE,v010_20260806_220745_363972_manual:S4_FRONT_PAIR_ADVANCE:ALTERNATE_PROFILE_3:segments-42-43,12.658333333332614,0.0,43,0.5250343680381775,-0.009987905621528625,0.09314451366662979,-0.028613991350662584,-0.031233917158715013,-0.0050984590044107604,,4,True,False,recoverable,0,False,RUNNING
46.766666666664655,5612,S4_FRONT_PAIR_ADVANCE,ADVANCE,v010_20260806_220745_363972_manual:S4_FRONT_PAIR_ADVANCE:ALTERNATE_PROFILE_3:segments-42-43,12.724999999999277,0.0,43,0.5260390639305115,-0.009984508156776428,0.09313880652189255,-0.028774626194906658,-0.031249367486557683,-0.005100820720384948,,4,True,False,recoverable,0,False,RUNNING
46.83333333333132,5620,S4_FRONT_PAIR_ADVANCE,ADVANCE,v010_20260806_220745_363972_manual:S4_FRONT_PAIR_ADVANCE:ALTERNATE_PROFILE_3:segments-42-43,12.79166666666594,0.0,43,0.527023196220398,-0.009991884231567383,0.09313412010669708,-0.028802987723208964,-0.031151619959251926,-0.005094548178299862,,4,True,False,recoverable,0,False,RUNNING
46.89999999999798,5628,S4_FRONT_PAIR_ADVANCE,ADVANCE,v010_20260806_220745_363972_manual:S4_FRONT_PAIR_ADVANCE:ALTERNATE_PROFILE_3:segments-42-43,12.858333333332602,0.0,43,0.5280150771141052,-0.010001972317695618,0.09313858300447464,-0.02876051492861902,-0.03098460515432793,-0.005091590312533403,,4,True,False,recoverable,0,False,RUNNING
46.96666666666464,5636,S4_FRONT_PAIR_ADVANCE,ADVANCE,v010_20260806_220745_363972_manual:S4_FRONT_PAIR_ADVANCE:ALTERNATE_PROFILE_3:segments-42-43,12.924999999999265,0.0,43,0.5290295481681824,-0.010013803839683533,0.09312494844198227,-0.02872921291094996,-0.030810804682068926,-0.0050824741529319,,4,True,False,recoverable,0,False,RUNNING
47.033333333331306,5644,S4_FRONT_PAIR_ADVANCE,ADVANCE,v010_20260806_220745_363972_manual:S4_FRONT_PAIR_ADVANCE:ALTERNATE_PROFILE_3:segments-42-43,12.991666666665928,0.0,43,0.5300403833389282,-0.010026462376117706,0.09308864176273346,-0.02870098720634899,-0.03061205825918565,-0.005071496487541708,,4,True,False,recoverable,0,False,RUNNING
47.09999999999797,5652,S4_FRONT_PAIR_ADVANCE,ADVANCE,v010_20260806_220745_363972_manual:S4_FRONT_PAIR_ADVANCE:ALTERNATE_PROFILE_3:segments-42-43,13.058333333332591,0.0,43,0.5310797691345215,-0.01003517210483551,0.09304928034543991,-0.028634560562148914,-0.03043204981652812,-0.005039635318268867,,4,True,False,recoverable,0,False,RUNNING
47.16666666666463,5660,S4_FRONT_PAIR_ADVANCE,ADVANCE,v010_20260806_220745_363972_manual:S4_FRONT_PAIR_ADVANCE:ALTERNATE_PROFILE_3:segments-42-43,13.124999999999254,0.0,43,0.5321024060249329,-0.010044842958450317,0.09299290180206299,-0.02854842075134678,-0.03020431043916869,-0.005011481296588515,,4,True,False,recoverable,0,False,RUNNING
47.233333333331295,5668,S4_FRONT_PAIR_ADVANCE,ADVANCE,v010_20260806_220745_363972_manual:S4_FRONT_PAIR_ADVANCE:ALTERNATE_PROFILE_3:segments-42-43,13.191666666665917,0.0,43,0.5331581234931946,-0.010054022073745728,0.09290744364261627,-0.028468859761477627,-0.02999232803027342,-0.004985866952905009,,4,True,False,recoverable,0,False,RUNNING
47.29999999999796,5676,S4_FRONT_PAIR_ADVANCE,ADVANCE,v010_20260806_220745_363972_manual:S4_FRONT_PAIR_ADVANCE:ALTERNATE_PROFILE_3:segments-42-43,13.25833333333258,0.0,43,0.5342110395431519,-0.010063014924526215,0.09280041605234146,-0.028422647243368994,-0.029780485325167264,-0.004961252486220849,,4,True,False,recoverable,0,False,RUNNING
47.36666666666462,5684,S4_FRONT_PAIR_ADVANCE,ADVANCE,v010_20260806_220745_363972_manual:S4_FRONT_PAIR_ADVANCE:ALTERNATE_PROFILE_3:segments-42-43,13.324999999999243,0.0,43,0.5352785587310791,-0.01006247103214264,0.09267483651638031,-0.028462609682140105,-0.029585211435306253,-0.004955516033315623,,4,True,False,recoverable,0,False,RUNNING
47.433333333331284,5692,S4_FRONT_PAIR_ADVANCE,ADVANCE,v010_20260806_220745_363972_manual:S4_FRONT_PAIR_ADVANCE:ALTERNATE_PROFILE_3:segments-42-43,13.391666666665905,0.0,43,0.536287248134613,-0.01009909063577652,0.09269385039806366,-0.02794191613929083,-0.02970519407591455,-0.00492146296418742,,4,True,False,recoverable,0,False,RUNNING
47.49999999999795,5700,S4_FRONT_PAIR_ADVANCE,ADVANCE,v010_20260806_220745_363972_manual:S4_FRONT_PAIR_ADVANCE:ALTERNATE_PROFILE_3:segments-42-43,13.458333333332568,0.0,43,0.5373016595840454,-0.010145537555217743,0.09273167699575424,-0.027331674353339254,-0.0299310731408926,-0.004883071916441032,,4,True,False,recoverable,0,False,RUNNING
47.56666666666461,5708,S4_FRONT_PAIR_ADVANCE,ADVANCE,v010_20260806_220745_363972_manual:S4_FRONT_PAIR_ADVANCE:ALTERNATE_PROFILE_3:segments-42-43,13.524999999999231,0.0,43,0.5381834506988525,-0.01016659289598465,0.09277044236660004,-0.027052339569639105,-0.03021883518255994,-0.004861049058437713,,4,True,False,recoverable,0,False,RUNNING
47.63333333333127,5716,S4_FRONT_PAIR_ADVANCE,ADVANCE,v010_20260806_220745_363972_manual:S4_FRONT_PAIR_ADVANCE:ALTERNATE_PROFILE_3:segments-42-43,13.591666666665894,0.0,43,0.5390620827674866,-0.010169796645641327,0.09279835224151611,-0.02709157806137118,-0.03058158649791725,-0.004857614570469388,,4,True,False,recoverable,0,False,RUNNING
47.699999999997935,5724,S4_FRONT_PAIR_ADVANCE,ADVANCE,v010_20260806_220745_363972_manual:S4_FRONT_PAIR_ADVANCE:ALTERNATE_PROFILE_3:segments-42-43,13.658333333332557,0.0,43,0.5399983525276184,-0.010173410177230835,0.09282191842794418,-0.02710347684666273,-0.03103659925171426,-0.004851230287766638,,4,True,False,recoverable,0,False,RUNNING
47.7666666666646,5732,S4_FRONT_PAIR_ADVANCE,ADVANCE,v010_20260806_220745_363972_manual:S4_FRONT_PAIR_ADVANCE:ALTERNATE_PROFILE_3:segments-42-43,13.72499999999922,0.0,43,0.5409480929374695,-0.010178476572036743,0.09282618016004562,-0.02711194042760271,-0.031462542392148796,-0.0048512247868140335,,4,True,False,recoverable,0,False,RUNNING
47.83333333333126,5740,S4_FRONT_PAIR_ADVANCE,ADVANCE,v010_20260806_220745_363972_manual:S4_FRONT_PAIR_ADVANCE:ALTERNATE_PROFILE_3:segments-42-43,13.791666666665883,0.0,43,0.5418753027915955,-0.010172106325626373,0.09282711148262024,-0.02726540177978912,-0.031731132701463244,-0.004861799226948119,,4,True,False,recoverable,0,False,RUNNING
47.899999999997924,5748,S4_FRONT_PAIR_ADVANCE,ADVANCE,v010_20260806_220745_363972_manual:S4_FRONT_PAIR_ADVANCE:ALTERNATE_PROFILE_3:segments-42-43,13.858333333332546,0.0,43,0.5428321361541748,-0.0101555734872818,0.0928407832980156,-0.02760366308589563,-0.03190303940280008,-0.004888419054829709,,4,True,False,recoverable,0,False,RUNNING
47.96666666666459,5756,S4_FRONT_PAIR_ADVANCE,ADVANCE,v010_20260806_220745_363972_manual:S4_FRONT_PAIR_ADVANCE:ALTERNATE_PROFILE_3:segments-42-43,13.924999999999208,0.0,43,0.543768048286438,-0.010139890015125275,0.09285680204629898,-0.027907821194476393,-0.03195770046629405,-0.00490443366242049,,4,True,False,recoverable,0,False,RUNNING
48.03333333333125,5764,S4_FRONT_PAIR_ADVANCE,ADVANCE,v010_20260806_220745_363972_manual:S4_FRONT_PAIR_ADVANCE:ALTERNATE_PROFILE_3:segments-42-43,13.991666666665871,0.0,43,0.5446442365646362,-0.010142415761947632,0.09294076263904572,-0.027954402784220993,-0.031748553426216596,-0.004907376099028085,,4,True,False,recoverable,0,False,RUNNING
48.09999999999791,5772,S4_FRONT_PAIR_ADVANCE,ADVANCE,v010_20260806_220745_363972_manual:S4_FRONT_PAIR_ADVANCE:ALTERNATE_PROFILE_3:segments-42-43,14.058333333332534,0.0,43,0.5455601811408997,-0.010144755244255066,0.09302780777215958,-0.028016732796204317,-0.031603169710117694,-0.004900965704173565,,4,True,False,recoverable,0,False,RUNNING
48.166666666664575,5780,S4_FRONT_PAIR_ADVANCE,ADVANCE,v010_20260806_220745_363972_manual:S4_FRONT_PAIR_ADVANCE:ALTERNATE_PROFILE_3:segments-42-43,14.124999999999197,0.0,43,0.5465021133422852,-0.010143473744392395,0.09307661652565002,-0.028142730301800947,-0.031448446887308065,-0.004897021128663773,,4,True,False,recoverable,0,False,RUNNING
48.23333333333124,5788,S4_FRONT_PAIR_ADVANCE,ADVANCE,v010_20260806_220745_363972_manual:S4_FRONT_PAIR_ADVANCE:ALTERNATE_PROFILE_3:segments-42-43,14.19166666666586,0.0,43,0.5474582314491272,-0.010142236948013306,0.09311375766992569,-0.02825506526110299,-0.03127540386317925,-0.004895920696486914,,4,True,False,recoverable,0,False,RUNNING
48.2999999999979,5796,S4_FRONT_PAIR_ADVANCE,ADVANCE,v010_20260806_220745_363972_manual:S4_FRONT_PAIR_ADVANCE:ALTERNATE_PROFILE_3:segments-42-43,14.258333333332523,0.0,43,0.548434317111969,-0.010141856968402863,0.09313427656888962,-0.028368995956464117,-0.031103443874152,-0.004894502381212423,,4,True,False,recoverable,0,False,RUNNING
48.366666666664564,5804,S4_FRONT_PAIR_ADVANCE,ADVANCE,v010_20260806_220745_363972_manual:S4_FRONT_PAIR_ADVANCE:ALTERNATE_PROFILE_3:segments-42-43,14.324999999999186,0.0,43,0.5494190454483032,-0.010141849517822266,0.09314180165529251,-0.028460407565351925,-0.03090644449349026,-0.004896435458943976,,4,True,False,recoverable,0,False,RUNNING
48.43333333333123,5812,S4_FRONT_PAIR_ADVANCE,ADVANCE,v010_20260806_220745_363972_manual:S4_FRONT_PAIR_ADVANCE:ALTERNATE_PROFILE_3:segments-42-43,14.391666666665849,0.0,43,0.550421953201294,-0.010139018297195435,0.09310883283615112,-0.028614919630117804,-0.030691887886057322,-0.004899162545453089,,4,True,False,recoverable,0,False,RUNNING
48.49999999999789,5820,S4_FRONT_PAIR_ADVANCE,ADVANCE,v010_20260806_220745_363972_manual:S4_FRONT_PAIR_ADVANCE:ALTERNATE_PROFILE_3:segments-42-43,14.458333333332511,0.0,43,0.5514574646949768,-0.010135069489479065,0.0930633619427681,-0.028784628918854326,-0.030490649359002718,-0.004905947933000623,,4,True,False,recoverable,0,False,RUNNING
48.56666666666455,5828,S4_FRONT_PAIR_ADVANCE,ADVANCE,v010_20260806_220745_363972_manual:S4_FRONT_PAIR_ADVANCE:ALTERNATE_PROFILE_3:segments-42-43,14.524999999999174,0.0,43,0.5525010824203491,-0.010132692754268646,0.0929943323135376,-0.028934542691134126,-0.03033903368801199,-0.004910560263857877,,4,True,False,recoverable,0,False,RUNNING
48.633333333331215,5836,S4_FRONT_PAIR_ADVANCE,ADVANCE,v010_20260806_220745_363972_manual:S4_FRONT_PAIR_ADVANCE:ALTERNATE_PROFILE_3:segments-42-43,14.591666666665837,0.0,43,0.5535053014755249,-0.0101638063788414,0.09306778758764267,-0.028570916659208412,-0.030356223389163488,-0.004892773450151774,,4,True,False,recoverable,0,False,RUNNING
48.69999999999788,5844,S4_FRONT_PAIR_ADVANCE,ADVANCE,v010_20260806_220745_363972_manual:S4_FRONT_PAIR_ADVANCE:ALTERNATE_PROFILE_3:segments-42-43,14.6583333333325,0.0,43,0.554537296295166,-0.010194152593612671,0.09312941133975983,-0.028225608702422914,-0.03040831783622381,-0.004873457063589838,,4,True,False,recoverable,0,False,RUNNING
48.76666666666454,5852,S4_FRONT_PAIR_ADVANCE,ADVANCE,v010_20260806_220745_363972_manual:S4_FRONT_PAIR_ADVANCE:ALTERNATE_PROFILE_3:segments-42-43,14.724999999999163,0.0,43,0.5555388927459717,-0.010210223495960236,0.09315496683120728,-0.028106869788212634,-0.030531387143887465,-0.004868101914509205,,4,True,False,recoverable,0,False,RUNNING
48.833333333331204,5860,S4_FRONT_PAIR_ADVANCE,ADVANCE,v010_20260806_220745_363972_manual:S4_FRONT_PAIR_ADVANCE:ALTERNATE_PROFILE_3:segments-42-43,14.791666666665826,0.0,43,0.5565620064735413,-0.010225877165794373,0.09315818548202515,-0.028014843759069926,-0.0307041219884828,-0.004859498278601465,,4,True,False,recoverable,0,False,RUNNING
48.89999999999787,5868,S4_FRONT_PAIR_ADVANCE,ADVANCE,v010_20260806_220745_363972_manual:S4_FRONT_PAIR_ADVANCE:ALTERNATE_PROFILE_3:segments-42-43,14.858333333332489,0.0,43,0.5575838088989258,-0.010239280760288239,0.09314805269241333,-0.02790655146715485,-0.030841256672462295,-0.00486460795427784,,4,True,False,recoverable,0,False,RUNNING
48.96666666666453,5876,S4_FRONT_PAIR_ADVANCE,ADVANCE,v010_20260806_220745_363972_manual:S4_FRONT_PAIR_ADVANCE:ALTERNATE_PROFILE_3:segments-42-43,14.924999999999152,0.0,43,0.5586231350898743,-0.010260544717311859,0.09313906729221344,-0.027754600100361276,-0.030946626641194158,-0.0048511185035727536,,4,True,False,recoverable,0,False,RUNNING
49.03333333333119,5884,S4_FRONT_PAIR_ADVANCE,ADVANCE,v010_20260806_220745_363972_manual:S4_FRONT_PAIR_ADVANCE:ALTERNATE_PROFILE_3:segments-42-43,14.991666666665814,0.0,43,0.5596667528152466,-0.010265924036502838,0.09310238808393478,-0.027760554827980725,-0.030993907661551634,-0.004871073557582853,,4,True,False,recoverable,0,False,RUNNING
49.099999999997856,5892,S4_FRONT_PAIR_ADVANCE,ADVANCE,v010_20260806_220745_363972_manual:S4_FRONT_PAIR_ADVANCE:ALTERNATE_PROFILE_3:segments-42-43,15.058333333332477,0.0,43,0.5607227683067322,-0.010275706648826599,0.09305501729249954,-0.027751462925048147,-0.03101433253680539,-0.004878281178726966,,4,True,False,recoverable,0,False,RUNNING
49.16666666666452,5900,S4_FRONT_PAIR_ADVANCE,ADVANCE,v010_20260806_220745_363972_manual:S4_FRONT_PAIR_ADVANCE:ALTERNATE_PROFILE_3:segments-42-43,15.12499999999914,0.0,43,0.5617818236351013,-0.01027803122997284,0.09299751371145248,-0.027719530923774084,-0.031053846521357953,-0.00486365161189591,,4,True,False,recoverable,0,False,RUNNING
49.23333333333118,5908,S4_FRONT_PAIR_ADVANCE,ADVANCE,v010_20260806_220745_363972_manual:S4_FRONT_PAIR_ADVANCE:ALTERNATE_PROFILE_3:segments-42-43,15.191666666665803,0.0,43,0.5628761053085327,-0.010285034775733948,0.09286633878946304,-0.027796461497869265,-0.03119528524733445,-0.0048754227339373405,,4,True,False,recoverable,0,False,RUNNING
49.299999999997844,5916,S4_FRONT_PAIR_ADVANCE,ADVANCE,v010_20260806_220745_363972_manual:S4_FRONT_PAIR_ADVANCE:ALTERNATE_PROFILE_3:segments-42-43,15.258333333332466,0.0,43,0.563957929611206,-0.010292641818523407,0.09276821464300156,-0.027768319188423797,-0.03122736128652319,-0.004871518682343519,,4,True,False,recoverable,0,False,RUNNING
49.36666666666451,5924,S4_FRONT_PAIR_ADVANCE,ADVANCE,v010_20260806_220745_363972_manual:S4_FRONT_PAIR_ADVANCE:ALTERNATE_PROFILE_3:segments-42-43,15.324999999999129,0.0,43,0.5650275945663452,-0.010287046432495117,0.09261539578437805,-0.02791916068575,-0.03138034689790073,-0.0049147995689153125,,4,True,False,recoverable,0,False,RUNNING
49.43333333333117,5932,S4_FRONT_PAIR_ADVANCE,ADVANCE,v010_20260806_220745_363972_manual:S4_FRONT_PAIR_ADVANCE:ALTERNATE_PROFILE_3:segments-42-43,15.391666666665792,0.0,43,0.5658567547798157,-0.010291717946529388,0.09253916889429092,-0.028020295245181705,-0.03116657838680342,-0.004925435391727284,,4,True,False,recoverable,0,False,RUNNING
49.49999999999783,5940,S4_FRONT_PAIR_ADVANCE,ADVANCE,v010_20260806_220745_363972_manual:S4_FRONT_PAIR_ADVANCE:ALTERNATE_PROFILE_3:segments-42-43,15.458333333332455,0.0,43,0.5667291879653931,-0.010293453931808472,0.09248661249876022,-0.02800490769595628,-0.031001133328486783,-0.00491728126439704,,4,True,False,recoverable,0,False,RUNNING
49.566666666664496,5948,S4_FRONT_PAIR_ADVANCE,ADVANCE,v010_20260806_220745_363972_manual:S4_FRONT_PAIR_ADVANCE:ALTERNATE_PROFILE_3:segments-42-43,15.524999999999118,0.0,43,0.5676239132881165,-0.010321199893951416,0.09251441806554794,-0.027732506209087338,-0.031001714196166916,-0.0049108313349038035,,4,True,False,recoverable,0,False,RUNNING
49.63333333333116,5956,S4_FRONT_PAIR_ADVANCE,ADVANCE,v010_20260806_220745_363972_manual:S4_FRONT_PAIR_ADVANCE:ALTERNATE_PROFILE_3:segments-42-43,15.59166666666578,0.0,43,0.5685259699821472,-0.010343223810195923,0.09253799170255661,-0.02757442435164449,-0.030918756180889243,-0.004906138548890995,,4,True,False,recoverable,0,False,RUNNING
49.69999999999782,5964,S4_FRONT_PAIR_ADVANCE,ADVANCE,v010_20260806_220745_363972_manual:S4_FRONT_PAIR_ADVANCE:ALTERNATE_PROFILE_3:segments-42-43,15.658333333332443,0.0,43,0.5694432854652405,-0.010352246463298798,0.09260626882314682,-0.02749653924955288,-0.03076127150747336,-0.00489791343702484,,4,True,False,recoverable,0,False,RUNNING
49.766666666664484,5972,S4_FRONT_PAIR_ADVANCE,ADVANCE,v010_20260806_220745_363972_manual:S4_FRONT_PAIR_ADVANCE:ALTERNATE_PROFILE_3:segments-42-43,15.724999999999106,0.0,43,0.570421576499939,-0.010366387665271759,0.09265641123056412,-0.027465635634526246,-0.030679837170408862,-0.004904524289431433,,4,True,False,recoverable,0,False,RUNNING
49.83333333333115,5980,S4_FRONT_PAIR_ADVANCE,ADVANCE,v010_20260806_220745_363972_manual:S4_FRONT_PAIR_ADVANCE:ALTERNATE_PROFILE_3:segments-42-43,15.791666666665769,0.0,43,0.5714062452316284,-0.010373584926128387,0.09267107397317886,-0.02747688128047513,-0.03052740841548513,-0.004901203160985301,,4,True,False,recoverable,0,False,RUNNING
49.89999999999781,5988,S4_FRONT_PAIR_ADVANCE,ADVANCE,v010_20260806_220745_363972_manual:S4_FRONT_PAIR_ADVANCE:ALTERNATE_PROFILE_3:segments-42-43,15.858333333332432,0.0,43,0.5724126696586609,-0.010376527905464172,0.09267288446426392,-0.02746946801986038,-0.030448429956684977,-0.004883216950211196,,4,True,False,recoverable,0,False,RUNNING
49.96666666666447,5996,S4_FRONT_PAIR_ADVANCE,ADVANCE,v010_20260806_220745_363972_manual:S4_FRONT_PAIR_ADVANCE:ALTERNATE_PROFILE_3:segments-42-43,15.924999999999095,0.0,43,0.573388397693634,-0.010407954454421997,0.09276118874549866,-0.027069643924620156,-0.030458577971737958,-0.00486435801298815,,4,True,False,recoverable,0,False,RUNNING
50.033333333331136,6004,S4_FRONT_PAIR_ADVANCE,ADVANCE,v010_20260806_220745_363972_manual:S4_FRONT_PAIR_ADVANCE:ALTERNATE_PROFILE_3:segments-42-43,15.991666666665758,0.0,43,0.5743685364723206,-0.010437697172164917,0.09284819662570953,-0.026668532102540995,-0.030420419486908504,-0.004849904690363861,,4,True,False,recoverable,0,False,RUNNING
50.0999999999978,6012,S4_FRONT_PAIR_ADVANCE,ADVANCE,v010_20260806_220745_363972_manual:S4_FRONT_PAIR_ADVANCE:ALTERNATE_PROFILE_3:segments-42-43,16.05833333333242,0.0,43,0.5753649473190308,-0.01046905666589737,0.09291442483663559,-0.026259454103202916,-0.030397680636597306,-0.004825056092747601,,4,True,False,recoverable,0,False,RUNNING
50.16666666666446,6020,S4_FRONT_PAIR_ADVANCE,ADVANCE,v010_20260806_220745_363972_manual:S4_FRONT_PAIR_ADVANCE:ALTERNATE_PROFILE_3:segments-42-43,16.124999999999083,0.0,43,0.5763832926750183,-0.010500192642211914,0.09296078234910965,-0.025865632753337083,-0.030442600364648475,-0.004802957037558855,,4,True,False,recoverable,0,False,RUNNING
50.233333333331124,6028,S4_FRONT_PAIR_ADVANCE,ADVANCE,v010_20260806_220745_363972_manual:S4_FRONT_PAIR_ADVANCE:ALTERNATE_PROFILE_3:segments-42-43,16.191666666665746,0.0,43,0.5773965120315552,-0.010520614683628082,0.09299076348543167,-0.025619749151203238,-0.030551392433007623,-0.004782982021191107,,4,True,False,recoverable,0,False,RUNNING
50.29999999999779,6036,S4_FRONT_PAIR_ADVANCE,ADVANCE,v010_20260806_220745_363972_manual:S4_FRONT_PAIR_ADVANCE:ALTERNATE_PROFILE_3:segments-42-43,16.25833333333241,0.0,43,0.5782891511917114,-0.0105142742395401,0.09300090372562408,-0.02582630417224828,-0.03072630928753811,-0.00478783947501543,,4,True,False,recoverable,0,False,RUNNING
50.36666666666445,6044,S4_FRONT_PAIR_ADVANCE,ADVANCE,v010_20260806_220745_363972_manual:S4_FRONT_PAIR_ADVANCE:ALTERNATE_PROFILE_3:segments-42-43,16.324999999999072,0.0,43,0.5792075395584106,-0.010511338710784912,0.09300123900175095,-0.026000036595983652,-0.03093187733897869,-0.004789355515131896,,4,True,False,recoverable,0,False,RUNNING
50.43333333333111,6052,S4_FRONT_PAIR_ADVANCE,ADVANCE,v010_20260806_220745_363972_manual:S4_FRONT_PAIR_ADVANCE:ALTERNATE_PROFILE_3:segments-42-43,16.391666666665735,0.0,43,0.5801541805267334,-0.010511219501495361,0.0929906889796257,-0.026129654187421657,-0.031156784818135226,-0.004792502794325976,,4,True,False,recoverable,0,False,RUNNING
50.499999999997776,6060,S4_FRONT_PAIR_ADVANCE,ADVANCE,v010_20260806_220745_363972_manual:S4_FRONT_PAIR_ADVANCE:ALTERNATE_PROFILE_3:segments-42-43,16.458333333332398,0.0,43,0.5810976028442383,-0.010506823658943176,0.092964768409729,-0.026307746850576595,-0.031341457651399805,-0.004798007086853579,,4,True,False,recoverable,0,False,RUNNING
50.56666666666444,6068,S4_FRONT_PAIR_ADVANCE,ADVANCE,v010_20260806_220745_363972_manual:S4_FRONT_PAIR_ADVANCE:ALTERNATE_PROFILE_3:segments-42-43,16.52499999999906,0.0,43,0.5820261240005493,-0.010485172271728516,0.0929659754037857,-0.026748477746536558,-0.03131029240499829,-0.004815317174480341,,4,True,False,recoverable,0,False,RUNNING
50.6333333333311,6076,S4_FRONT_PAIR_ADVANCE,ADVANCE,v010_20260806_220745_363972_manual:S4_FRONT_PAIR_ADVANCE:ALTERNATE_PROFILE_3:segments-42-43,16.591666666665724,0.0,43,0.5829571485519409,-0.010464362800121307,0.09294895827770233,-0.027217243492294187,-0.03128256970496001,-0.0048434312459746404,,4,True,False,recoverable,0,False,RUNNING
50.699999999997765,6084,S4_FRONT_PAIR_ADVANCE,ADVANCE,v010_20260806_220745_363972_manual:S4_FRONT_PAIR_ADVANCE:ALTERNATE_PROFILE_3:segments-42-43,16.658333333332386,0.0,43,0.5839110612869263,-0.010439194738864899,0.09291762113571167,-0.027714415951937195,-0.03130007081183683,-0.004873270086358712,,4,True,False,recoverable,0,False,RUNNING
50.76666666666443,6092,S4_FRONT_PAIR_ADVANCE,ADVANCE,v010_20260806_220745_363972_manual:S4_FRONT_PAIR_ADVANCE:ALTERNATE_PROFILE_3:segments-42-43,16.72499999999905,0.0,43,0.5848997831344604,-0.01041199266910553,0.09286504983901978,-0.028184593563911897,-0.031283411352536365,-0.004897991278782872,,4,True,False,recoverable,0,False,RUNNING
50.83333333333109,6100,S4_FRONT_PAIR_ADVANCE,ADVANCE,v010_20260806_220745_363972_manual:S4_FRONT_PAIR_ADVANCE:ALTERNATE_PROFILE_3:segments-42-43,16.791666666665712,0.0,43,0.5859111547470093,-0.010377652943134308,0.09277848899364471,-0.02875333513623927,-0.031274005561842365,-0.004921673314163235,,4,True,False,recoverable,0,False,RUNNING
50.89999999999775,6108,S4_FRONT_PAIR_ADVANCE,ADVANCE,v010_20260806_220745_363972_manual:S4_FRONT_PAIR_ADVANCE:ALTERNATE_PROFILE_3:segments-42-43,16.858333333332375,0.0,43,0.5869477987289429,-0.01034402847290039,0.09270986914634705,-0.02926944258278829,-0.03131569033956627,-0.004935176409412871,,4,True,False,recoverable,0,False,RUNNING
50.966666666664416,6116,S4_FRONT_PAIR_ADVANCE,ADVANCE,v010_20260806_220745_363972_manual:S4_FRONT_PAIR_ADVANCE:ALTERNATE_PROFILE_3:segments-42-43,16.924999999999038,0.0,43,0.5880054235458374,-0.010311335325241089,0.09261336922645569,-0.029849114940225838,-0.03138225069072926,-0.00496275706220999,,4,True,False,recoverable,0,False,RUNNING
51.03333333333108,6124,S4_FRONT_PAIR_ADVANCE,ADVANCE,v010_20260806_220745_363972_manual:S4_FRONT_PAIR_ADVANCE:ALTERNATE_PROFILE_3:segments-42-43,16.9916666666657,0.0,43,0.5890638828277588,-0.010279372334480286,0.09249968826770782,-0.030412203218777273,-0.03148332330823441,-0.004991814253456588,,4,True,False,recoverable,0,False,RUNNING
51.09999999999774,6132,S4_FRONT_PAIR_ADVANCE,ADVANCE,v010_20260806_220745_363972_manual:S4_FRONT_PAIR_ADVANCE:ALTERNATE_PROFILE_3:segments-42-43,17.058333333332364,0.0,43,0.5900483131408691,-0.010285042226314545,0.09250974655151367,-0.03047088727620411,-0.03178727517623768,-0.004992297448756976,,4,True,False,recoverable,0,False,RUNNING
51.166666666664405,6140,S4_FRONT_PAIR_ADVANCE,ADVANCE,v010_20260806_220745_363972_manual:S4_FRONT_PAIR_ADVANCE:ALTERNATE_PROFILE_3:segments-42-43,17.124999999999027,0.0,43,0.5910151600837708,-0.010290198028087616,0.09255757182836533,-0.030432837368711645,-0.03192452195372392,-0.0050075012418631625,,4,True,False,recoverable,0,False,RUNNING
51.23333333333107,6148,S4_FRONT_PAIR_ADVANCE,ADVANCE,v010_20260806_220745_363972_manual:S4_FRONT_PAIR_ADVANCE:ALTERNATE_PROFILE_3:segments-42-43,17.19166666666569,0.0,43,0.5919701457023621,-0.01030781865119934,0.0926385447382927,-0.030261571126263386,-0.03191325678381527,-0.005000061528438431,,4,True,False,recoverable,0,False,RUNNING
51.29999999999773,6156,S4_FRONT_PAIR_ADVANCE,ADVANCE,v010_20260806_220745_363972_manual:S4_FRONT_PAIR_ADVANCE:ALTERNATE_PROFILE_3:segments-42-43,17.258333333332352,0.0,43,0.5929439067840576,-0.010326303541660309,0.0927046611905098,-0.03007986402797796,-0.031934909844461276,-0.004992163347780164,,4,True,False,recoverable,0,False,RUNNING
51.36666666666439,6164,S4_FRONT_PAIR_ADVANCE,ADVANCE,v010_20260806_220745_363972_manual:S4_FRONT_PAIR_ADVANCE:ALTERNATE_PROFILE_3:segments-42-43,17.324999999999015,0.0,43,0.5939564108848572,-0.010340087115764618,0.09273543953895569,-0.029971978552535423,-0.032049537683041564,-0.004992487725794282,,4,True,False,recoverable,0,False,RUNNING
51.433333333331056,6172,S4_FRONT_PAIR_ADVANCE,ADVANCE,v010_20260806_220745_363972_manual:S4_FRONT_PAIR_ADVANCE:ALTERNATE_PROFILE_3:segments-42-43,17.391666666665678,0.0,43,0.5949689745903015,-0.010355554521083832,0.09275933355093002,-0.029843123392033516,-0.032106161737985695,-0.004991878952505017,,4,True,False,recoverable,0,False,RUNNING
51.49999999999772,6180,S4_FRONT_PAIR_ADVANCE,ADVANCE,v010_20260806_220745_363972_manual:S4_FRONT_PAIR_ADVANCE:ALTERNATE_PROFILE_3:segments-42-43,17.45833333333234,0.0,43,0.595994770526886,-0.010372430086135864,0.09277833253145218,-0.029675683226418576,-0.032164981420933055,-0.004993226048559841,,4,True,False,recoverable,0,False,RUNNING
51.56666666666438,6188,S4_FRONT_PAIR_ADVANCE,ADVANCE,v010_20260806_220745_363972_manual:S4_FRONT_PAIR_ADVANCE:ALTERNATE_PROFILE_3:segments-42-43,17.524999999999004,0.0,43,0.5970052480697632,-0.010399051010608673,0.09281091392040253,-0.029378396492145773,-0.03210041772007691,-0.004982896080567067,,4,True,False,recoverable,0,False,RUNNING
51.633333333331045,6196,S4_FRONT_PAIR_ADVANCE,ADVANCE,v010_20260806_220745_363972_manual:S4_FRONT_PAIR_ADVANCE:ALTERNATE_PROFILE_3:segments-42-43,17.591666666665667,0.0,43,0.5980392694473267,-0.010422825813293457,0.09280727803707123,-0.02913948269538856,-0.032079816183574805,-0.0049735165891355,,4,True,False,recoverable,0,False,RUNNING
51.69999999999771,6204,S4_FRONT_PAIR_ADVANCE,ADVANCE,v010_20260806_220745_363972_manual:S4_FRONT_PAIR_ADVANCE:ALTERNATE_PROFILE_3:segments-42-43,17.65833333333233,0.0,43,0.5990871787071228,-0.010446883738040924,0.09277813136577606,-0.028914012296991844,-0.032067743480708,-0.004963600018129163,,4,True,False,recoverable,0,False,RUNNING
51.76666666666437,6212,S4_FRONT_PAIR_ADVANCE,ADVANCE,v010_20260806_220745_363972_manual:S4_FRONT_PAIR_ADVANCE:ALTERNATE_PROFILE_3:segments-42-43,17.724999999998992,0.0,43,0.5999937057495117,-0.010459721088409424,0.09277986735105515,-0.028879937736111715,-0.03197785961880394,-0.0049604595625094006,,4,True,False,recoverable,0,False,RUNNING
51.83333333333103,6220,S4_FRONT_PAIR_ADVANCE,ADVANCE,v010_20260806_220745_363972_manual:S4_FRONT_PAIR_ADVANCE:ALTERNATE_PROFILE_3:segments-42-43,17.791666666665655,0.0,43,0.6008447408676147,-0.010467737913131714,0.09279175102710724,-0.02892520854575807,-0.03188696614818705,-0.004959019963471482,,4,True,False,recoverable,0,False,RUNNING
51.899999999997696,6228,S4_FRONT_PAIR_ADVANCE,ADVANCE,v010_20260806_220745_363972_manual:S4_FRONT_PAIR_ADVANCE:ALTERNATE_PROFILE_3:segments-42-43,17.858333333332318,0.0,43,0.6017104983329773,-0.010478191077709198,0.09278855472803116,-0.0289392341425389,-0.0318082256240248,-0.004954530509867332,,4,True,False,recoverable,0,False,RUNNING
51.96666666666436,6236,S4_FRONT_PAIR_ADVANCE,ADVANCE,v010_20260806_220745_363972_manual:S4_FRONT_PAIR_ADVANCE:ALTERNATE_PROFILE_3:segments-42-43,17.92499999999898,0.0,43,0.6026166081428528,-0.010489054024219513,0.09277618676424026,-0.028926771876323247,-0.031757590195603466,-0.0049373263295930305,,4,True,False,recoverable,0,False,RUNNING
52.03333333333102,6244,S4_FRONT_PAIR_ADVANCE,ADVANCE,v010_20260806_220745_363972_manual:S4_FRONT_PAIR_ADVANCE:ALTERNATE_PROFILE_3:segments-42-43,17.991666666665644,0.0,43,0.6035147905349731,-0.010481156408786774,0.09277283400297165,-0.029140162011762394,-0.03148269604381663,-0.00493210555697097,,4,True,False,recoverable,0,False,RUNNING
52.099999999997685,6252,S4_FRONT_PAIR_ADVANCE,ADVANCE,v010_20260806_220745_363972_manual:S4_FRONT_PAIR_ADVANCE:ALTERNATE_PROFILE_3:segments-42-43,18.058333333332307,0.0,43,0.6044456958770752,-0.01046789437532425,0.09275338798761368,-0.02948962056106271,-0.0311618177164025,-0.004938678289244247,,4,True,False,recoverable,0,False,RUNNING
52.16666666666435,6260,S4_FRONT_PAIR_ADVANCE,ADVANCE,v010_20260806_220745_363972_manual:S4_FRONT_PAIR_ADVANCE:ALTERNATE_PROFILE_3:segments-42-43,18.12499999999897,0.0,43,0.605369508266449,-0.010469481348991394,0.09277261048555374,-0.029692276280655055,-0.030930097534473934,-0.0049581913720650305,,4,True,False,recoverable,0,False,RUNNING
52.23333333333101,6268,S4_FRONT_PAIR_ADVANCE,ADVANCE,v010_20260806_220745_363972_manual:S4_FRONT_PAIR_ADVANCE:ALTERNATE_PROFILE_3:segments-42-43,18.191666666665633,0.0,43,0.6063214540481567,-0.010474428534507751,0.09282702207565308,-0.029752722660934587,-0.030835792188093313,-0.004954107347381577,,4,True,False,recoverable,0,False,RUNNING
52.299999999997674,6276,S4_FRONT_PAIR_ADVANCE,ADVANCE,v010_20260806_220745_363972_manual:S4_FRONT_PAIR_ADVANCE:ALTERNATE_PROFILE_3:segments-42-43,18.258333333332295,0.0,43,0.607293426990509,-0.010480783879756927,0.09286089241504669,-0.02980546420997103,-0.030753742353035497,-0.004949903132039244,,4,True,False,recoverable,0,False,RUNNING
52.36666666666434,6284,S4_FRONT_PAIR_ADVANCE,ADVANCE,v010_20260806_220745_363972_manual:S4_FRONT_PAIR_ADVANCE:ALTERNATE_PROFILE_3:segments-42-43,18.32499999999896,0.0,43,0.6082847118377686,-0.010487385094165802,0.09288960695266724,-0.02983496338232229,-0.030656888797369625,-0.004951351637692012,,4,True,False,recoverable,0,False,RUNNING
52.433333333331,6292,S4_FRONT_PAIR_ADVANCE,ADVANCE,v010_20260806_220745_363972_manual:S4_FRONT_PAIR_ADVANCE:ALTERNATE_PROFILE_3:segments-42-43,18.39166666666562,0.0,43,0.60927814245224,-0.010493680834770203,0.09289063513278961,-0.02983308085974134,-0.03046612933762402,-0.004963013046971781,,4,True,False,recoverable,0,False,RUNNING
52.49999999999766,6300,S4_FRONT_PAIR_ADVANCE,ADVANCE,v010_20260806_220745_363972_manual:S4_FRONT_PAIR_ADVANCE:ALTERNATE_PROFILE_3:segments-42-43,18.458333333332284,0.0,43,0.6102984547615051,-0.010497264564037323,0.09288203716278076,-0.029832844833003955,-0.03032781929578734,-0.004960894167659536,,4,True,False,recoverable,0,False,RUNNING
52.566666666664325,6308,S4_FRONT_PAIR_ADVANCE,ADVANCE,v010_20260806_220745_363972_manual:S4_FRONT_PAIR_ADVANCE:ALTERNATE_PROFILE_3:segments-42-43,18.524999999998947,0.0,43,0.6113234162330627,-0.010504074394702911,0.09285270422697067,-0.029804195401733357,-0.03021624377009921,-0.004965498938048258,,4,True,False,recoverable,0,False,RUNNING
52.63333333333099,6316,S4_FRONT_PAIR_ADVANCE,ADVANCE,v010_20260806_220745_363972_manual:S4_FRONT_PAIR_ADVANCE:ALTERNATE_PROFILE_3:segments-42-43,18.59166666666561,0.0,43,0.6123265027999878,-0.01052207499742508,0.09283005446195602,-0.02964518597911075,-0.029983007471766174,-0.004967152499701822,,4,True,False,recoverable,0,False,RUNNING
52.69999999999765,6324,S4_FRONT_PAIR_ADVANCE,ADVANCE,v010_20260806_220745_363972_manual:S4_FRONT_PAIR_ADVANCE:ALTERNATE_PROFILE_3:segments-42-43,18.658333333332273,0.0,43,0.6133637428283691,-0.010536983609199524,0.09279122203588486,-0.02951390133761637,-0.029815991816874565,-0.0049518095888469475,,4,True,False,recoverable,0,False,RUNNING
52.766666666664314,6332,S4_FRONT_PAIR_ADVANCE,ADVANCE,v010_20260806_220745_363972_manual:S4_FRONT_PAIR_ADVANCE:ALTERNATE_PROFILE_3:segments-42-43,18.724999999998936,0.0,43,0.6144304871559143,-0.01055055856704712,0.09272146970033646,-0.02941303855417239,-0.02964034863247706,-0.004948596989150871,,4,True,False,recoverable,0,False,RUNNING
52.83333333333098,6340,S4_FRONT_PAIR_ADVANCE,ADVANCE,v010_20260806_220745_363972_manual:S4_FRONT_PAIR_ADVANCE:ALTERNATE_PROFILE_3:segments-42-43,18.7916666666656,0.0,43,0.6155043244361877,-0.010563567280769348,0.09264322370290756,-0.029287707681315767,-0.02950816154908965,-0.004926737899687996,,4,True,False,recoverable,0,False,RUNNING
52.89999999999764,6348,S4_FRONT_PAIR_ADVANCE,ADVANCE,v010_20260806_220745_363972_manual:S4_FRONT_PAIR_ADVANCE:ALTERNATE_PROFILE_3:segments-42-43,18.85833333333226,0.0,43,0.6166045069694519,-0.010579526424407959,0.09252754598855972,-0.029169509818090692,-0.029316955956127103,-0.004919628709423768,,4,True,False,recoverable,0,False,RUNNING
52.9666666666643,6356,S4_FRONT_PAIR_ADVANCE,ADVANCE,v010_20260806_220745_363972_manual:S4_FRONT_PAIR_ADVANCE:ALTERNATE_PROFILE_3:segments-42-43,18.924999999998924,0.0,43,0.6175784468650818,-0.010621145367622375,0.09256177395582199,-0.02865361120877879,-0.029393215905308655,-0.004894345225679412,,4,True,False,recoverable,0,False,RUNNING
53.033333333330965,6364,S4_FRONT_PAIR_ADVANCE,ADVANCE,v010_20260806_220745_363972_manual:S4_FRONT_PAIR_ADVANCE:ALTERNATE_PROFILE_3:segments-42-43,18.991666666665587,0.0,43,0.618529200553894,-0.010664008557796478,0.09264475107192993,-0.028095909640406907,-0.029656024898301207,-0.004872038362679688,,4,True,False,recoverable,0,False,RUNNING
53.09999999999763,6372,S4_FRONT_PAIR_ADVANCE,ADVANCE,v010_20260806_220745_363972_manual:S4_FRONT_PAIR_ADVANCE:ALTERNATE_PROFILE_3:segments-42-43,19.05833333333225,0.0,43,0.6195130348205566,-0.010703995823860168,0.09270011633634567,-0.027592697306185476,-0.029934242155562688,-0.004851149506471328,,4,True,False,recoverable,0,False,RUNNING
53.16666666666429,6380,S4_FRONT_PAIR_ADVANCE,ADVANCE,v010_20260806_220745_363972_manual:S4_FRONT_PAIR_ADVANCE:ALTERNATE_PROFILE_3:segments-42-43,19.124999999998913,0.0,43,0.6205256581306458,-0.010743871331214905,0.09274344891309738,-0.027109440688314324,-0.03027111540775792,-0.004826982567979836,,4,True,False,recoverable,0,False,RUNNING
53.233333333330954,6388,S4_FRONT_PAIR_ADVANCE,ADVANCE,v010_20260806_220745_363972_manual:S4_FRONT_PAIR_ADVANCE:ALTERNATE_PROFILE_3:segments-42-43,19.191666666665576,0.0,43,0.6215383410453796,-0.010772831737995148,0.09275785833597183,-0.02679918880106359,-0.030524198067531788,-0.004814410072511608,,4,True,False,recoverable,0,False,RUNNING
53.29999999999762,6396,S4_FRONT_PAIR_ADVANCE,ADVANCE,v010_20260806_220745_363972_manual:S4_FRONT_PAIR_ADVANCE:ALTERNATE_PROFILE_3:segments-42-43,19.25833333333224,0.0,43,0.6225495934486389,-0.010796666145324707,0.09277602285146713,-0.026554351441161705,-0.03074049137514549,-0.0048114505211460405,,4,True,False,recoverable,0,False,RUNNING
53.36666666666428,6404,S4_FRONT_PAIR_ADVANCE,ADVANCE,v010_20260806_220745_363972_manual:S4_FRONT_PAIR_ADVANCE:ALTERNATE_PROFILE_3:segments-42-43,19.3249999999989,0.0,43,0.6234263777732849,-0.01078682392835617,0.09280579537153244,-0.026708984264322392,-0.03098453996660429,-0.0048279595265272295,,4,True,False,recoverable,0,False,RUNNING
53.43333333333094,6412,S4_FRONT_PAIR_ADVANCE,ADVANCE,v010_20260806_220745_363972_manual:S4_FRONT_PAIR_ADVANCE:ALTERNATE_PROFILE_3:segments-42-43,19.391666666665564,0.0,43,0.6243783235549927,-0.010777547955513,0.0927993431687355,-0.02694226467240409,-0.031402260392570894,-0.0048550124525431814,,4,True,False,recoverable,0,False,RUNNING
53.499999999997605,6420,S4_FRONT_PAIR_ADVANCE,ADVANCE,v010_20260806_220745_363972_manual:S4_FRONT_PAIR_ADVANCE:ALTERNATE_PROFILE_3:segments-42-43,19.458333333332227,0.0,43,0.6253140568733215,-0.010768860578536987,0.09275613725185394,-0.027139515209133696,-0.031726995101049905,-0.004858509735936076,,4,True,False,recoverable,0,False,RUNNING
53.56666666666427,6428,S4_FRONT_PAIR_ADVANCE,ADVANCE,v010_20260806_220745_363972_manual:S4_FRONT_PAIR_ADVANCE:ALTERNATE_PROFILE_3:segments-42-43,19.52499999999889,0.0,43,0.6262512803077698,-0.010766461491584778,0.09275779873132706,-0.027198793008742582,-0.03198980545134206,-0.004873684092365402,,4,True,False,recoverable,0,False,RUNNING
53.63333333333093,6436,S4_FRONT_PAIR_ADVANCE,ADVANCE,v010_20260806_220745_363972_manual:S4_FRONT_PAIR_ADVANCE:ALTERNATE_PROFILE_3:segments-42-43,19.591666666665553,0.0,43,0.6270720362663269,-0.010767586529254913,0.09282993525266647,-0.027236259683129517,-0.031731961497997216,-0.004880277847908873,,4,True,False,recoverable,0,False,RUNNING
53.699999999997594,6444,S4_FRONT_PAIR_ADVANCE,ADVANCE,v010_20260806_220745_363972_manual:S4_FRONT_PAIR_ADVANCE:ALTERNATE_PROFILE_3:segments-42-43,19.658333333332216,0.0,43,0.6279696226119995,-0.01076456904411316,0.09289707988500595,-0.02735364450458075,-0.03153714977448216,-0.004899699347494058,,4,True,False,recoverable,0,False,RUNNING
53.76666666666426,6452,S4_FRONT_PAIR_ADVANCE,ADVANCE,v010_20260806_220745_363972_manual:S4_FRONT_PAIR_ADVANCE:ALTERNATE_PROFILE_3:segments-42-43,19.72499999999888,0.0,43,0.6288849711418152,-0.010761991143226624,0.0929560586810112,-0.027464731489275657,-0.031345246196670486,-0.00489762717391935,,4,True,False,recoverable,0,False,RUNNING
53.83333333333092,6460,S4_FRONT_PAIR_ADVANCE,ADVANCE,v010_20260806_220745_363972_manual:S4_FRONT_PAIR_ADVANCE:ALTERNATE_PROFILE_3:segments-42-43,19.79166666666554,0.0,43,0.629816472530365,-0.01075655221939087,0.09300342202186584,-0.027605254958611786,-0.03119861218311267,-0.004905429401833064,,4,True,False,recoverable,0,False,RUNNING
53.89999999999758,6468,S4_FRONT_PAIR_ADVANCE,ADVANCE,v010_20260806_220745_363972_manual:S4_FRONT_PAIR_ADVANCE:ALTERNATE_PROFILE_3:segments-42-43,19.858333333332205,0.0,43,0.6307971477508545,-0.010753162205219269,0.09303949028253555,-0.027697729405699097,-0.031075284044458956,-0.004888260240724867,,4,True,False,recoverable,0,False,RUNNING
53.966666666664246,6476,S4_FRONT_PAIR_ADVANCE,ADVANCE,v010_20260806_220745_363972_manual:S4_FRONT_PAIR_ADVANCE:ALTERNATE_PROFILE_3:segments-42-43,19.924999999998867,0.0,43,0.631747305393219,-0.010746650397777557,0.09305489808320999,-0.027819774507941132,-0.03094432199268762,-0.004869055456286306,,4,True,False,recoverable,0,False,RUNNING
54.03333333333091,6484,S4_FRONT_PAIR_ADVANCE,ADVANCE,v010_20260806_220745_363972_manual:S4_FRONT_PAIR_ADVANCE:ALTERNATE_PROFILE_3:segments-42-43,19.99166666666553,0.0,43,0.6326584219932556,-0.010736264288425446,0.09305675327777863,-0.028048391554300105,-0.03080484129696896,-0.004857871444715513,,4,True,False,recoverable,0,False,RUNNING
54.09999999999757,6492,S4_FRONT_PAIR_ADVANCE,ADVANCE,v010_20260806_220745_363972_manual:S4_FRONT_PAIR_ADVANCE:ALTERNATE_PROFILE_3:segments-42-43,20.058333333332193,0.0,43,0.6335870027542114,-0.010724090039730072,0.0930396318435669,-0.02828724812306087,-0.030670610897667403,-0.0048505252142340225,,4,True,False,recoverable,0,False,RUNNING
54.166666666664234,6500,S4_FRONT_PAIR_ADVANCE,ADVANCE,v010_20260806_220745_363972_manual:S4_FRONT_PAIR_ADVANCE:ALTERNATE_PROFILE_3:segments-42-43,20.124999999998856,0.0,43,0.6345430612564087,-0.010713256895542145,0.09300478547811508,-0.02853247326082185,-0.030563443925904193,-0.00483425971734032,,4,True,False,recoverable,0,False,RUNNING
54.2333333333309,6508,S4_FRONT_PAIR_ADVANCE,ADVANCE,v010_20260806_220745_363972_manual:S4_FRONT_PAIR_ADVANCE:ALTERNATE_PROFILE_3:segments-42-43,20.19166666666552,0.0,43,0.635515570640564,-0.01070326566696167,0.09296190738677979,-0.028745495255890215,-0.030394477498749725,-0.004832124383639573,,4,True,False,recoverable,0,False,RUNNING
54.29999999999756,6516,S4_FRONT_PAIR_ADVANCE,ADVANCE,v010_20260806_220745_363972_manual:S4_FRONT_PAIR_ADVANCE:ALTERNATE_PROFILE_3:segments-42-43,20.258333333332182,0.0,43,0.6364926099777222,-0.010687559843063354,0.09289437532424927,-0.029113807472260656,-0.03017351757137945,-0.004827651855518447,,4,True,False,recoverable,0,False,RUNNING
54.36666666666422,6524,S4_FRONT_PAIR_ADVANCE,ADVANCE,v010_20260806_220745_363972_manual:S4_FRONT_PAIR_ADVANCE:ALTERNATE_PROFILE_3:segments-42-43,20.324999999998845,0.0,43,0.6375002264976501,-0.010669313371181488,0.0928225964307785,-0.029480343687875853,-0.02993495874275646,-0.004836005939227021,,4,True,False,recoverable,0,False,RUNNING
54.433333333330886,6532,S4_FRONT_PAIR_ADVANCE,ADVANCE,v010_20260806_220745_363972_manual:S4_FRONT_PAIR_ADVANCE:ALTERNATE_PROFILE_3:segments-42-43,20.391666666665508,0.0,43,0.6385348439216614,-0.01065228134393692,0.09277703613042831,-0.029700382688893825,-0.029803538634365075,-0.004860137430764909,,4,True,False,recoverable,0,False,RUNNING
54.49999999999755,6540,S4_FRONT_PAIR_ADVANCE,ADVANCE,v010_20260806_220745_363972_manual:S4_FRONT_PAIR_ADVANCE:ALTERNATE_PROFILE_3:segments-42-43,20.45833333333217,0.0,43,0.6395294666290283,-0.01067952811717987,0.09285939484834671,-0.029431280355756827,-0.029959338125844334,-0.0048296819425469725,,4,True,False,recoverable,0,False,RUNNING
54.56666666666421,6548,S4_FRONT_PAIR_ADVANCE,ADVANCE,v010_20260806_220745_363972_manual:S4_FRONT_PAIR_ADVANCE:ALTERNATE_PROFILE_3:segments-42-43,20.524999999998833,0.0,43,0.6405409574508667,-0.010699905455112457,0.09292487800121307,-0.029190090332221093,-0.030140107010771123,-0.004816940723349454,,4,True,False,recoverable,0,False,RUNNING
54.633333333330874,6556,S4_FRONT_PAIR_ADVANCE,ADVANCE,v010_20260806_220745_363972_manual:S4_FRONT_PAIR_ADVANCE:ALTERNATE_PROFILE_3:segments-42-43,20.591666666665496,0.0,43,0.6415494084358215,-0.010715827345848083,0.09297730028629303,-0.02895432778557806,-0.030336177299442782,-0.004797215019941868,,4,True,False,recoverable,0,False,RUNNING
54.69999999999754,6564,S4_FRONT_PAIR_ADVANCE,ADVANCE,v010_20260806_220745_363972_manual:S4_FRONT_PAIR_ADVANCE:ALTERNATE_PROFILE_3:segments-42-43,20.65833333333216,0.0,43,0.642596423625946,-0.010734006762504578,0.09301284700632095,-0.028762589198810643,-0.0305893547923822,-0.004790352158154042,,4,True,False,recoverable,0,False,RUNNING
54.7666666666642,6572,S4_FRONT_PAIR_ADVANCE,ADVANCE,v010_20260806_220745_363972_manual:S4_FRONT_PAIR_ADVANCE:ALTERNATE_PROFILE_3:segments-42-43,20.724999999998822,0.0,43,0.6436108350753784,-0.010756775736808777,0.09303845465183258,-0.02852484055641007,-0.03070124260603759,-0.0047851797741644535,,4,True,False,recoverable,0,False,RUNNING
54.83333333333086,6580,S4_FRONT_PAIR_ADVANCE,ADVANCE,v010_20260806_220745_363972_manual:S4_FRONT_PAIR_ADVANCE:ALTERNATE_PROFILE_3:segments-42-43,20.791666666665485,0.0,43,0.6445991396903992,-0.010792501270771027,0.09310773015022278,-0.028107639239602557,-0.030658782601536077,-0.0047643317973812575,,4,True,False,recoverable,0,False,RUNNING
54.899999999997526,6588,S4_FRONT_PAIR_ADVANCE,ADVANCE,v010_20260806_220745_363972_manual:S4_FRONT_PAIR_ADVANCE:ALTERNATE_PROFILE_3:segments-42-43,20.858333333332148,0.0,43,0.6456048488616943,-0.01082661747932434,0.09317518770694733,-0.027658680526543314,-0.030651551145413364,-0.0047356952381457105,,4,True,False,recoverable,0,False,RUNNING
54.96666666666419,6596,S4_FRONT_PAIR_ADVANCE,ADVANCE,v010_20260806_220745_363972_manual:S4_FRONT_PAIR_ADVANCE:ALTERNATE_PROFILE_3:segments-42-43,20.92499999999881,0.0,43,0.646555483341217,-0.01084175705909729,0.09321288764476776,-0.02758679927148092,-0.030725348198120533,-0.004726865724694695,,4,True,False,recoverable,0,False,RUNNING
55.03333333333085,6604,S4_FRONT_PAIR_ADVANCE,ADVANCE,v010_20260806_220745_363972_manual:S4_FRONT_PAIR_ADVANCE:ALTERNATE_PROFILE_3:segments-42-43,20.991666666665473,0.0,43,0.6475092172622681,-0.010853782296180725,0.09322382509708405,-0.027558972103125953,-0.03078521609763874,-0.0047273226420445034,,4,True,False,recoverable,0,False,RUNNING
55.099999999997515,6612,S4_FRONT_PAIR_ADVANCE,ADVANCE,v010_20260806_220745_363972_manual:S4_FRONT_PAIR_ADVANCE:ALTERNATE_PROFILE_3:segments-42-43,21.058333333332136,0.0,43,0.6484839916229248,-0.010869786143302917,0.09322452545166016,-0.027487948276788406,-0.03086382484466477,-0.004721468743443202,,4,True,False,recoverable,0,False,RUNNING
55.16666666666418,6620,S4_FRONT_PAIR_ADVANCE,ADVANCE,v010_20260806_220745_363972_manual:S4_FRONT_PAIR_ADVANCE:ALTERNATE_PROFILE_3:segments-42-43,21.1249999999988,0.0,43,0.6494697332382202,-0.010886989533901215,0.09319660812616348,-0.027402795400835865,-0.03097588850170979,-0.004715357419411169,,4,True,False,recoverable,0,False,RUNNING
55.23333333333084,6628,S4_FRONT_PAIR_ADVANCE,ADVANCE,v010_20260806_220745_363972_manual:S4_FRONT_PAIR_ADVANCE:ALTERNATE_PROFILE_3:segments-42-43,21.191666666665462,0.0,43,0.6504485011100769,-0.01089508831501007,0.09319287538528442,-0.02736809541634632,-0.03095429527638332,-0.004701300591137638,,4,True,False,recoverable,0,False,RUNNING
55.2999999999975,6636,S4_FRONT_PAIR_ADVANCE,ADVANCE,v010_20260806_220745_363972_manual:S4_FRONT_PAIR_ADVANCE:ALTERNATE_PROFILE_3:segments-42-43,21.258333333332125,0.0,43,0.6514295339584351,-0.010893359780311584,0.09320347011089325,-0.027370158911194035,-0.030859962041069403,-0.004687039732937036,,4,True,False,recoverable,0,False,RUNNING
55.366666666664166,6644,S4_FRONT_PAIR_ADVANCE,ADVANCE,v010_20260806_220745_363972_manual:S4_FRONT_PAIR_ADVANCE:ALTERNATE_PROFILE_3:segments-42-43,21.324999999998788,0.0,43,0.6524377465248108,-0.010887742042541504,0.09316583722829819,-0.027450471486316283,-0.03077068868832257,-0.004678839527215262,,4,True,False,recoverable,0,False,RUNNING
55.43333333333083,6652,S4_FRONT_PAIR_ADVANCE,ADVANCE,v010_20260806_220745_363972_manual:S4_FRONT_PAIR_ADVANCE:ALTERNATE_PROFILE_3:segments-42-43,21.39166666666545,0.0,43,0.6534713506698608,-0.010881833732128143,0.09309227764606476,-0.027549457026278187,-0.030688421840102505,-0.004662483525749776,,4,True,False,recoverable,0,False,RUNNING
55.49999999999749,6660,S4_FRONT_PAIR_ADVANCE,ADVANCE,v010_20260806_220745_363972_manual:S4_FRONT_PAIR_ADVANCE:ALTERNATE_PROFILE_3:segments-42-43,21.458333333332114,0.0,43,0.6544014811515808,-0.010859407484531403,0.09300846606492996,-0.0278692504225236,-0.030664657795849058,-0.004658618508882975,,4,True,False,recoverable,0,False,RUNNING
55.566666666664155,6668,S4_FRONT_PAIR_ADVANCE,ADVANCE,v010_20260806_220745_363972_manual:S4_FRONT_PAIR_ADVANCE:ALTERNATE_PROFILE_3:segments-42-43,21.524999999998776,0.0,43,0.6553334593772888,-0.010840490460395813,0.09291579574346542,-0.0283166299785928,-0.030725325508318576,-0.004661667235922239,,4,True,False,recoverable,0,False,RUNNING
55.63333333333082,6676,S4_FRONT_PAIR_ADVANCE,ADVANCE,v010_20260806_220745_363972_manual:S4_FRONT_PAIR_ADVANCE:ALTERNATE_PROFILE_3:segments-42-43,21.59166666666544,0.0,43,0.6562952399253845,-0.010812506079673767,0.0928044244647026,-0.028723579526949785,-0.030802192192027875,-0.004675032320816038,,4,True,False,recoverable,0,False,RUNNING
55.69999999999748,6684,S4_FRONT_PAIR_ADVANCE,ADVANCE,v010_20260806_220745_363972_manual:S4_FRONT_PAIR_ADVANCE:ALTERNATE_PROFILE_3:segments-42-43,21.658333333332102,0.0,43,0.6572845578193665,-0.010786481201648712,0.09267942607402802,-0.029095451134515834,-0.030871884809001687,-0.004692278792219905,,4,True,False,recoverable,0,False,RUNNING
55.76666666666414,6692,S4_FRONT_PAIR_ADVANCE,ADVANCE,v010_20260806_220745_363972_manual:S4_FRONT_PAIR_ADVANCE:ALTERNATE_PROFILE_3:segments-42-43,21.724999999998765,0.0,43,0.65821373462677,-0.010758817195892334,0.09258849173784256,-0.029564648148119307,-0.030650078398550336,-0.004707062161943451,,4,True,False,recoverable,0,False,RUNNING
55.833333333330806,6700,S4_FRONT_PAIR_ADVANCE,ADVANCE,v010_20260806_220745_363972_manual:S4_FRONT_PAIR_ADVANCE:ALTERNATE_PROFILE_3:segments-42-43,21.791666666665428,0.0,43,0.6591418981552124,-0.010749749839305878,0.09260763972997665,-0.029735119772876423,-0.030561535947219755,-0.00469926390880214,,4,True,False,recoverable,0,False,RUNNING
55.89999999999747,6708,S4_FRONT_PAIR_ADVANCE,ADVANCE,v010_20260806_220745_363972_manual:S4_FRONT_PAIR_ADVANCE:ALTERNATE_PROFILE_3:segments-42-43,21.85833333333209,0.0,43,0.6600661277770996,-0.010763563215732574,0.09270783513784409,-0.029599699441082292,-0.030599713232129292,-0.004707302612433637,,4,True,False,recoverable,0,False,RUNNING
55.96666666666413,6716,S4_FRONT_PAIR_ADVANCE,ADVANCE,v010_20260806_220745_363972_manual:S4_FRONT_PAIR_ADVANCE:ALTERNATE_PROFILE_3:segments-42-43,21.924999999998754,0.0,43,0.6610317826271057,-0.010776877403259277,0.09281481057405472,-0.029424227349088155,-0.030713711945078905,-0.004694577827679558,,4,True,False,recoverable,0,False,RUNNING
56.033333333330795,6724,S4_FRONT_PAIR_ADVANCE,ADVANCE,v010_20260806_220745_363972_manual:S4_FRONT_PAIR_ADVANCE:ALTERNATE_PROFILE_3:segments-42-43,21.991666666665417,0.0,43,0.6620153188705444,-0.010785996913909912,0.09290379285812378,-0.0292881577469578,-0.0308047205321184,-0.004686893701424554,,4,True,False,recoverable,0,False,RUNNING
56.09999999999746,6732,S4_FRONT_PAIR_ADVANCE,ADVANCE,v010_20260806_220745_363972_manual:S4_FRONT_PAIR_ADVANCE:ALTERNATE_PROFILE_3:segments-42-43,22.05833333333208,0.0,43,0.6629800200462341,-0.010797157883644104,0.09296516329050064,-0.029228575485861927,-0.030903622854415995,-0.004692289112594561,,4,True,False,recoverable,0,False,RUNNING
56.16666666666412,6740,S4_FRONT_PAIR_ADVANCE,ADVANCE,v010_20260806_220745_363972_manual:S4_FRONT_PAIR_ADVANCE:ALTERNATE_PROFILE_3:segments-42-43,22.124999999998742,0.0,43,0.6639156341552734,-0.01082388311624527,0.09307298809289932,-0.028937130870352802,-0.03080530642836876,-0.004681018098236949,,4,True,False,recoverable,0,False,RUNNING
56.23333333333078,6748,S4_FRONT_PAIR_ADVANCE,ADVANCE,v010_20260806_220745_363972_manual:S4_FRONT_PAIR_ADVANCE:ALTERNATE_PROFILE_3:segments-42-43,22.191666666665405,0.0,43,0.6648870706558228,-0.010848931968212128,0.0931357592344284,-0.028687379961004355,-0.030755869245565857,-0.004670934600327401,,4,True,False,recoverable,0,False,RUNNING
56.299999999997446,6756,S4_FRONT_PAIR_ADVANCE,ADVANCE,v010_20260806_220745_363972_manual:S4_FRONT_PAIR_ADVANCE:ALTERNATE_PROFILE_3:segments-42-43,22.258333333332068,0.0,43,0.6658697724342346,-0.010873973369598389,0.09319646656513214,-0.028416964176976645,-0.030673820244340816,-0.004664880645880755,,4,True,False,recoverable,0,False,RUNNING
56.36666666666411,6764,S4_FRONT_PAIR_ADVANCE,ADVANCE,v010_20260806_220745_363972_manual:S4_FRONT_PAIR_ADVANCE:ALTERNATE_PROFILE_3:segments-42-43,22.32499999999873,0.0,43,0.6668839454650879,-0.010898098349571228,0.09324146807193756,-0.02816560059068449,-0.030635732942121047,-0.0046596738374690755,,4,True,False,recoverable,0,False,RUNNING
56.43333333333077,6772,S4_FRONT_PAIR_ADVANCE,ADVANCE,v010_20260806_220745_363972_manual:S4_FRONT_PAIR_ADVANCE:ALTERNATE_PROFILE_3:segments-42-43,22.391666666665394,0.0,43,0.6678778529167175,-0.010927267372608185,0.09327258914709091,-0.027859478767043682,-0.030542455234662102,-0.00464773461000872,,4,True,False,recoverable,0,False,RUNNING
56.499999999997435,6780,S4_FRONT_PAIR_ADVANCE,ADVANCE,v010_20260806_220745_363972_manual:S4_FRONT_PAIR_ADVANCE:ALTERNATE_PROFILE_3:segments-42-43,22.458333333332057,0.0,43,0.6689167022705078,-0.010952822864055634,0.09328565746545792,-0.027597110221326642,-0.0304795739486064,-0.00464389053540452,,4,True,False,recoverable,0,False,RUNNING
56.5666666666641,6788,S4_FRONT_PAIR_ADVANCE,ADVANCE,v010_20260806_220745_363972_manual:S4_FRONT_PAIR_ADVANCE:ALTERNATE_PROFILE_3:segments-42-43,22.52499999999872,0.0,43,0.6699368953704834,-0.01098129153251648,0.09326455742120743,-0.027319978356069873,-0.03042620431744713,-0.004633948987100073,,4,True,False,recoverable,0,False,RUNNING
56.63333333333076,6796,S4_FRONT_PAIR_ADVANCE,ADVANCE,v010_20260806_220745_363972_manual:S4_FRONT_PAIR_ADVANCE:ALTERNATE_PROFILE_3:segments-42-43,22.591666666665382,0.0,43,0.6710023880004883,-0.01100710779428482,0.09322451800107956,-0.027087612969642627,-0.030411300604437225,-0.004627844881804055,,4,True,False,recoverable,0,False,RUNNING
56.699999999997424,6804,S4_FRONT_PAIR_ADVANCE,ADVANCE,v010_20260806_220745_363972_manual:S4_FRONT_PAIR_ADVANCE:ALTERNATE_PROFILE_3:segments-42-43,22.658333333332045,0.0,43,0.6720693707466125,-0.011029422283172607,0.09316744655370712,-0.026834468261813307,-0.030379619359456635,-0.0046162220765392495,,4,True,False,recoverable,0,False,RUNNING
56.76666666666409,6812,S4_FRONT_PAIR_ADVANCE,ADVANCE,v010_20260806_220745_363972_manual:S4_FRONT_PAIR_ADVANCE:ALTERNATE_PROFILE_3:segments-42-43,22.72499999999871,0.0,43,0.6729906797409058,-0.011025205254554749,0.09312719851732254,-0.02694975465419537,-0.03047466914080986,-0.004601499311258205,,4,True,False,recoverable,0,False,RUNNING
56.83333333333075,6820,S4_FRONT_PAIR_ADVANCE,ADVANCE,v010_20260806_220745_363972_manual:S4_FRONT_PAIR_ADVANCE:ALTERNATE_PROFILE_3:segments-42-43,22.79166666666537,0.0,43,0.6739153861999512,-0.011012546718120575,0.09306437522172928,-0.02721100237691792,-0.030639269902311226,-0.004599990454341406,,4,True,False,recoverable,0,False,RUNNING
56.89999999999741,6828,S4_FRONT_PAIR_ADVANCE,ADVANCE,v010_20260806_220745_363972_manual:S4_FRONT_PAIR_ADVANCE:ALTERNATE_PROFILE_3:segments-42-43,22.858333333332034,0.0,43,0.6748464107513428,-0.011002086102962494,0.09298297017812729,-0.02747515517440015,-0.03081162544804398,-0.004590856513945278,,4,True,False,recoverable,0,False,RUNNING
56.966666666664075,6836,S4_FRONT_PAIR_ADVANCE,ADVANCE,v010_20260806_220745_363972_manual:S4_FRONT_PAIR_ADVANCE:ALTERNATE_PROFILE_3:segments-42-43,22.924999999998697,0.0,43,0.6758117079734802,-0.010992705821990967,0.09287340193986893,-0.02772903653770716,-0.030988343040239213,-0.0045847458144354595,,4,True,False,recoverable,0,False,RUNNING
57.03333333333074,6844,S4_FRONT_PAIR_ADVANCE,ADVANCE,v010_20260806_220745_363972_manual:S4_FRONT_PAIR_ADVANCE:ALTERNATE_PROFILE_3:segments-42-43,22.99166666666536,0.0,43,0.6767780184745789,-0.010977283120155334,0.09277846664190292,-0.02803944113909593,-0.031078848392138012,-0.004593548947204359,,4,True,False,recoverable,0,False,RUNNING
57.0999999999974,6852,S4_FRONT_PAIR_ADVANCE,ADVANCE,v010_20260806_220745_363972_manual:S4_FRONT_PAIR_ADVANCE:ALTERNATE_PROFILE_3:segments-42-43,23.058333333332023,0.0,43,0.6777498722076416,-0.010941572487354279,0.09270540624856949,-0.02865115379394418,-0.03095421766458503,-0.004620037841485857,,4,True,False,recoverable,0,False,RUNNING
57.166666666664064,6860,S4_FRONT_PAIR_ADVANCE,ADVANCE,v010_20260806_220745_363972_manual:S4_FRONT_PAIR_ADVANCE:ALTERNATE_PROFILE_3:segments-42-43,23.124999999998685,0.0,43,0.6787713766098022,-0.010903574526309967,0.09261366724967957,-0.02928229534599553,-0.030906792833572963,-0.004651603394112749,,4,True,False,recoverable,0,False,RUNNING
57.23333333333073,6868,S4_FRONT_PAIR_ADVANCE,ADVANCE,v010_20260806_220745_363972_manual:S4_FRONT_PAIR_ADVANCE:ALTERNATE_PROFILE_3:segments-42-43,23.19166666666535,0.0,43,0.6797133088111877,-0.010880395770072937,0.09256178140640259,-0.029690422971707146,-0.030629945544796765,-0.004668348757227471,,4,True,False,recoverable,0,False,RUNNING
57.29999999999739,6876,S4_FRONT_PAIR_ADVANCE,ADVANCE,v010_20260806_220745_363972_manual:S4_FRONT_PAIR_ADVANCE:ALTERNATE_PROFILE_3:segments-42-43,23.25833333333201,0.0,43,0.6806461215019226,-0.010870054364204407,0.09252358227968216,-0.029988868053822268,-0.030254906326183266,-0.004674892272008973,,4,True,False,recoverable,0,False,RUNNING
57.36666666666405,6884,S4_FRONT_PAIR_ADVANCE,ADVANCE,v010_20260806_220745_363972_manual:S4_FRONT_PAIR_ADVANCE:ALTERNATE_PROFILE_3:segments-42-43,23.324999999998674,0.0,43,0.6816136240959167,-0.010862357914447784,0.09246952086687088,-0.030347205534888955,-0.029875483018007784,-0.0047154903895428564,,4,True,False,recoverable,0,False,RUNNING
57.433333333330715,6892,S4_FRONT_PAIR_ADVANCE,ADVANCE,v010_20260806_220745_363972_manual:S4_FRONT_PAIR_ADVANCE:ALTERNATE_PROFILE_3:segments-42-43,23.391666666665337,0.0,43,0.682539165019989,-0.010874524712562561,0.09249943494796753,-0.030301370995450497,-0.029682958614732136,-0.004706188768589349,,4,True,False,recoverable,0,False,RUNNING
57.49999999999738,6900,S4_FRONT_PAIR_ADVANCE,ADVANCE,v010_20260806_220745_363972_manual:S4_FRONT_PAIR_ADVANCE:ALTERNATE_PROFILE_3:segments-42-43,23.458333333332,0.0,43,0.6835088729858398,-0.010885395109653473,0.09253054112195969,-0.0302375658391629,-0.029546373911935795,-0.004699827429408745,,4,True,False,recoverable,0,False,RUNNING
57.56666666666404,6908,S4_FRONT_PAIR_ADVANCE,ADVANCE,v010_20260806_220745_363972_manual:S4_FRONT_PAIR_ADVANCE:ALTERNATE_PROFILE_3:segments-42-43,23.524999999998663,0.0,43,0.6844885349273682,-0.01089489459991455,0.0925496369600296,-0.03021414293835684,-0.02939435811827718,-0.004697493683621309,,4,True,False,recoverable,0,False,RUNNING
57.633333333330704,6916,S4_FRONT_PAIR_ADVANCE,ADVANCE,v010_20260806_220745_363972_manual:S4_FRONT_PAIR_ADVANCE:ALTERNATE_PROFILE_3:segments-42-43,23.591666666665326,0.0,43,0.685486912727356,-0.010903827846050262,0.09255007654428482,-0.030221270793306342,-0.029281915742779066,-0.004690301589573702,,4,True,False,recoverable,0,False,RUNNING
57.69999999999737,6924,S4_FRONT_PAIR_ADVANCE,ADVANCE,v010_20260806_220745_363972_manual:S4_FRONT_PAIR_ADVANCE:ALTERNATE_PROFILE_3:segments-42-43,23.65833333333199,0.0,43,0.6864973902702332,-0.010914623737335205,0.09252939373254776,-0.0301667994518048,-0.02912067046467814,-0.0046813656559550965,,4,True,False,recoverable,0,False,RUNNING
57.76666666666403,6932,S4_FRONT_PAIR_ADVANCE,ADVANCE,v010_20260806_220745_363972_manual:S4_FRONT_PAIR_ADVANCE:ALTERNATE_PROFILE_3:segments-42-43,23.72499999999865,0.0,43,0.6874726414680481,-0.010947920382022858,0.09261411428451538,-0.029723033082324418,-0.029192522058476715,-0.004648652199542968,,4,True,False,recoverable,0,False,RUNNING
57.83333333333069,6940,S4_FRONT_PAIR_ADVANCE,ADVANCE,v010_20260806_220745_363972_manual:S4_FRONT_PAIR_ADVANCE:ALTERNATE_PROFILE_3:segments-42-43,23.791666666665314,0.0,43,0.6884505748748779,-0.010994188487529755,0.09272214025259018,-0.029088254315596446,-0.029334276402731452,-0.004609741942650462,,4,True,False,recoverable,0,False,RUNNING
57.899999999997355,6948,S4_FRONT_PAIR_ADVANCE,ADVANCE,v010_20260806_220745_363972_manual:S4_FRONT_PAIR_ADVANCE:ALTERNATE_PROFILE_3:segments-42-43,23.858333333331977,0.0,43,0.6894636750221252,-0.01103353500366211,0.09280302375555038,-0.028561585608680162,-0.029525704560972234,-0.004570677416703361,,4,True,False,recoverable,0,False,RUNNING
57.96666666666402,6956,S4_FRONT_PAIR_ADVANCE,ADVANCE,v010_20260806_220745_363972_manual:S4_FRONT_PAIR_ADVANCE:ALTERNATE_PROFILE_3:segments-42-43,23.92499999999864,0.0,43,0.6904926896095276,-0.011073336005210876,0.09287572652101517,-0.02803808061705454,-0.029768181005600997,-0.004536372337720343,,4,True,False,recoverable,0,False,RUNNING
58.03333333333068,6964,S4_FRONT_PAIR_ADVANCE,ADVANCE,v010_20260806_220745_363972_manual:S4_FRONT_PAIR_ADVANCE:ALTERNATE_PROFILE_3:segments-42-43,23.991666666665303,0.0,43,0.6915234923362732,-0.011108636856079102,0.0929136872291565,-0.02757030394022084,-0.02998141562889579,-0.00449732840031228,,4,True,False,recoverable,0,False,RUNNING
58.099999999997344,6972,S4_FRONT_PAIR_ADVANCE,ADVANCE,v010_20260806_220745_363972_manual:S4_FRONT_PAIR_ADVANCE:ALTERNATE_PROFILE_3:segments-42-43,24.058333333331966,0.0,43,0.6925684213638306,-0.011142097413539886,0.09293559193611145,-0.027111625585900967,-0.03018886822385026,-0.004473935260072712,,4,True,False,recoverable,0,False,RUNNING
58.16666666666401,6980,S4_FRONT_PAIR_ADVANCE,ADVANCE,v010_20260806_220745_363972_manual:S4_FRONT_PAIR_ADVANCE:ALTERNATE_PROFILE_3:segments-42-43,24.12499999999863,0.0,43,0.6936135292053223,-0.01117793470621109,0.09295324236154556,-0.026608626405702017,-0.030385660893636045,-0.0044552401538159175,,4,True,False,recoverable,0,False,RUNNING
58.23333333333067,6988,S4_FRONT_PAIR_ADVANCE,ADVANCE,v010_20260806_220745_363972_manual:S4_FRONT_PAIR_ADVANCE:ALTERNATE_PROFILE_3:segments-42-43,24.19166666666529,0.0,43,0.6946620345115662,-0.011212915182113647,0.09293059259653091,-0.026162901928118928,-0.03055997493485548,-0.004433281894340425,,4,True,False,recoverable,0,False,RUNNING
58.29999999999733,6996,S4_FRONT_PAIR_ADVANCE,ADVANCE,v010_20260806_220745_363972_manual:S4_FRONT_PAIR_ADVANCE:ALTERNATE_PROFILE_3:segments-42-43,24.258333333331954,0.0,43,0.6956557035446167,-0.011231206357479095,0.09289862960577011,-0.025933284566582823,-0.030753015238098667,-0.004419352340775787,,4,True,False,recoverable,0,False,RUNNING
58.366666666663995,7004,S4_FRONT_PAIR_ADVANCE,ADVANCE,v010_20260806_220745_363972_manual:S4_FRONT_PAIR_ADVANCE:ALTERNATE_PROFILE_3:segments-42-43,24.324999999998617,0.0,43,0.696526288986206,-0.011233508586883545,0.0929124504327774,-0.02594636019353986,-0.030961788680425605,-0.004406709692168991,,4,True,False,recoverable,0,False,RUNNING
58.43333333333066,7012,S4_FRONT_PAIR_ADVANCE,ADVANCE,v010_20260806_220745_363972_manual:S4_FRONT_PAIR_ADVANCE:ALTERNATE_PROFILE_3:segments-42-43,24.39166666666528,0.0,43,0.6974323987960815,-0.011240698397159576,0.09292156249284744,-0.02589836280313845,-0.03120730305383863,-0.004394201370863861,,4,True,False,recoverable,0,False,RUNNING
58.49999999999732,7020,S4_FRONT_PAIR_ADVANCE,ADVANCE,v010_20260806_220745_363972_manual:S4_FRONT_PAIR_ADVANCE:ALTERNATE_PROFILE_3:segments-42-43,24.458333333331943,0.0,43,0.6983581185340881,-0.01125352829694748,0.09291300177574158,-0.025832518958989695,-0.03144944944949364,-0.00438479653151008,,4,True,False,recoverable,0,False,RUNNING
58.566666666663984,7028,S4_FRONT_PAIR_ADVANCE,ADVANCE,v010_20260806_220745_363972_manual:S4_FRONT_PAIR_ADVANCE:ALTERNATE_PROFILE_3:segments-42-43,24.524999999998606,0.0,43,0.6992964744567871,-0.01126822829246521,0.09288519620895386,-0.02570396347636145,-0.03169420220940905,-0.004373191860741441,,4,True,False,recoverable,0,False,RUNNING
58.63333333333065,7036,S4_FRONT_PAIR_ADVANCE,ADVANCE,v010_20260806_220745_363972_manual:S4_FRONT_PAIR_ADVANCE:ALTERNATE_PROFILE_3:segments-42-43,24.59166666666527,0.0,43,0.7002186179161072,-0.011257119476795197,0.09288738667964935,-0.025973499358724908,-0.031589197630061225,-0.004387448436415482,,4,True,False,recoverable,0,False,RUNNING
58.69999999999731,7044,S4_FRONT_PAIR_ADVANCE,ADVANCE,v010_20260806_220745_363972_manual:S4_FRONT_PAIR_ADVANCE:ALTERNATE_PROFILE_3:segments-42-43,24.65833333333193,0.0,43,0.701137363910675,-0.011232659220695496,0.09286694973707199,-0.026443453796014663,-0.031575875490105286,-0.004405163129102011,,4,True,False,recoverable,0,False,RUNNING
58.76666666666397,7052,S4_FRONT_PAIR_ADVANCE,ADVANCE,v010_20260806_220745_363972_manual:S4_FRONT_PAIR_ADVANCE:ALTERNATE_PROFILE_3:segments-42-43,24.724999999998595,0.0,43,0.7020761966705322,-0.01120450347661972,0.09283805638551712,-0.026971630890652448,-0.031611914050479695,-0.004426956685713183,,4,True,False,recoverable,0,False,RUNNING
58.833333333330636,7060,S4_FRONT_PAIR_ADVANCE,ADVANCE,v010_20260806_220745_363972_manual:S4_FRONT_PAIR_ADVANCE:ALTERNATE_PROFILE_3:segments-42-43,24.791666666665257,0.0,43,0.7030430436134338,-0.011175915598869324,0.09278842061758041,-0.027516036224828337,-0.03170789997562556,-0.0044392811939237675,,4,True,False,recoverable,0,False,RUNNING
58.8999999999973,7068,S4_FRONT_PAIR_ADVANCE,ADVANCE,v010_20260806_220745_363972_manual:S4_FRONT_PAIR_ADVANCE:ALTERNATE_PROFILE_3:segments-42-43,24.85833333333192,0.0,43,0.7040326595306396,-0.011148877441883087,0.09271656721830368,-0.02808043786872363,-0.03182039991510229,-0.004460128004680862,,4,True,False,recoverable,0,False,RUNNING
58.96666666666396,7076,S4_FRONT_PAIR_ADVANCE,ADVANCE,v010_20260806_220745_363972_manual:S4_FRONT_PAIR_ADVANCE:ALTERNATE_PROFILE_3:segments-42-43,24.924999999998583,0.0,43,0.7050241827964783,-0.011119082570075989,0.09264086186885834,-0.02866652275484347,-0.0318394792520728,-0.004491283092377145,,4,True,False,recoverable,0,False,RUNNING
59.033333333330624,7084,S4_FRONT_PAIR_ADVANCE,ADVANCE,v010_20260806_220745_363972_manual:S4_FRONT_PAIR_ADVANCE:ALTERNATE_PROFILE_3:segments-42-43,24.991666666665246,0.0,43,0.7060244679450989,-0.011081285774707794,0.09256633371114731,-0.02930372357959645,-0.03187468575912752,-0.004513069354076736,,4,True,False,recoverable,0,False,RUNNING
59.09999999999729,7092,S4_FRONT_PAIR_ADVANCE,ADVANCE,v010_20260806_220745_363972_manual:S4_FRONT_PAIR_ADVANCE:ALTERNATE_PROFILE_3:segments-42-43,25.05833333333191,0.0,43,0.7070472836494446,-0.011038608849048615,0.09249050915241241,-0.029915047248493268,-0.031888694076878686,-0.004546078376446405,,4,True,False,recoverable,0,False,RUNNING
59.16666666666395,7100,S4_FRONT_PAIR_ADVANCE,ADVANCE,v010_20260806_220745_363972_manual:S4_FRONT_PAIR_ADVANCE:ALTERNATE_PROFILE_3:segments-42-43,25.124999999998572,0.0,43,0.7078898549079895,-0.011038132011890411,0.09250842779874802,-0.030006770764726597,-0.031338561343564886,-0.004536791496726795,,4,True,False,recoverable,0,False,RUNNING
59.23333333333061,7108,S4_FRONT_PAIR_ADVANCE,ADVANCE,v010_20260806_220745_363972_manual:S4_FRONT_PAIR_ADVANCE:ALTERNATE_PROFILE_3:segments-42-43,25.191666666665235,0.0,43,0.7088152170181274,-0.011029891669750214,0.0924849733710289,-0.03022064135820812,-0.030958542691210646,-0.004524991444605764,,4,True,False,recoverable,0,False,RUNNING
59.299999999997276,7116,S4_FRONT_PAIR_ADVANCE,ADVANCE,v010_20260806_220745_363972_manual:S4_FRONT_PAIR_ADVANCE:ALTERNATE_PROFILE_3:segments-42-43,25.258333333331898,0.0,43,0.7097417712211609,-0.011033765971660614,0.0924975648522377,-0.030271024470167364,-0.030703619718949103,-0.004518258160470966,,4,True,False,recoverable,0,False,RUNNING
59.36666666666394,7124,S4_FRONT_PAIR_ADVANCE,ADVANCE,v010_20260806_220745_363972_manual:S4_FRONT_PAIR_ADVANCE:ALTERNATE_PROFILE_3:segments-42-43,25.32499999999856,0.0,43,0.7106342911720276,-0.011061720550060272,0.09263055771589279,-0.02990967967484969,-0.03065323616564954,-0.0044866826099314435,,4,True,False,recoverable,0,False,RUNNING
59.4333333333306,7132,S4_FRONT_PAIR_ADVANCE,ADVANCE,v010_20260806_220745_363972_manual:S4_FRONT_PAIR_ADVANCE:ALTERNATE_PROFILE_3:segments-42-43,25.391666666665223,0.0,43,0.7115450501441956,-0.011086247861385345,0.09274528920650482,-0.029622414391042826,-0.030572607673518444,-0.004454923317256649,,4,True,False,recoverable,0,False,RUNNING
59.499999999997264,7140,S4_FRONT_PAIR_ADVANCE,ADVANCE,v010_20260806_220745_363972_manual:S4_FRONT_PAIR_ADVANCE:ALTERNATE_PROFILE_3:segments-42-43,25.458333333331886,0.0,43,0.7124913930892944,-0.011109523475170135,0.09285493195056915,-0.029298712257570622,-0.030517588966634503,-0.0044345339491952615,,4,True,False,recoverable,0,False,RUNNING
59.56666666666393,7148,S4_FRONT_PAIR_ADVANCE,ADVANCE,v010_20260806_220745_363972_manual:S4_FRONT_PAIR_ADVANCE:ALTERNATE_PROFILE_3:segments-42-43,25.52499999999855,0.0,43,0.7134361863136292,-0.011137641966342926,0.09295137226581573,-0.028930470667191614,-0.030454320032718786,-0.004404041038416316,,4,True,False,recoverable,0,False,RUNNING
59.63333333333059,7156,S4_FRONT_PAIR_ADVANCE,ADVANCE,v010_20260806_220745_363972_manual:S4_FRONT_PAIR_ADVANCE:ALTERNATE_PROFILE_3:segments-42-43,25.591666666665212,0.5,44,0.7134965658187866,-0.011137261986732483,0.09293834865093231,-0.028962898604323727,-0.030559123146393023,-0.004399589070871759,,4,True,False,stable,0,False,RUNNING
59.69999999999725,7164,S5_PRE_RR_COM_SHIFT,PRELOAD,v010_20260806_220745_363972_manual:S5_PRE_RR_COM_SHIFT:ALTERNATE_PROFILE_3:segments-44-60,0.05833333333333002,0.0,45,0.7130429148674011,-0.010945148766040802,0.09175675362348557,-0.032146119797267975,-0.027520029840099266,-0.00456336963709937,RR,4,True,False,recoverable,0,False,RUNNING
59.766666666663916,7172,S5_PRE_RR_COM_SHIFT,PRELOAD,v010_20260806_220745_363972_manual:S5_PRE_RR_COM_SHIFT:ALTERNATE_PROFILE_3:segments-44-60,0.1249999999999929,0.0,45,0.7129309773445129,-0.010853946208953857,0.09115973114967346,-0.03370127594013775,-0.026180895814395224,-0.004646494528523776,RR,3,True,False,recoverable,0,False,RUNNING
59.83333333333058,7180,S5_PRE_RR_COM_SHIFT,PRELOAD,v010_20260806_220745_363972_manual:S5_PRE_RR_COM_SHIFT:ALTERNATE_PROFILE_3:segments-44-60,0.19166666666665577,0.0,45,0.7129082083702087,-0.010806970298290253,0.09081820398569107,-0.03452476679951142,-0.02549581890633253,-0.004690492363518339,RR,3,True,False,recoverable,0,False,RUNNING
59.89999999999724,7188,S5_PRE_RR_COM_SHIFT,PRELOAD,v010_20260806_220745_363972_manual:S5_PRE_RR_COM_SHIFT:ALTERNATE_PROFILE_3:segments-44-60,0.25833333333331865,0.0,45,0.7129240036010742,-0.010771982371807098,0.09055016934871674,-0.03513464304403453,-0.025005377508081298,-0.004721374646320769,RR,3,True,False,recoverable,0,False,RUNNING
59.966666666663905,7196,S5_PRE_RR_COM_SHIFT,PRELOAD,v010_20260806_220745_363972_manual:S5_PRE_RR_COM_SHIFT:ALTERNATE_PROFILE_3:segments-44-60,0.3249999999999815,0.058823529411764705,46,0.7129326462745667,-0.010745413601398468,0.09031656384468079,-0.035613846414055884,-0.024556403796360392,-0.004750250646340151,RR,3,True,False,recoverable,0,False,RUNNING
60.03333333333057,7204,S5_PRE_RR_COM_SHIFT,PRELOAD,v010_20260806_220745_363972_manual:S5_PRE_RR_COM_SHIFT:ALTERNATE_PROFILE_3:segments-44-60,0.3916666666666444,0.058823529411764705,46,0.7129648923873901,-0.01072954386472702,0.09015744179487228,-0.035909170208669926,-0.024312416628007736,-0.004767135721661917,RR,3,True,False,recoverable,0,False,RUNNING
60.09999999999723,7212,S5_PRE_RR_COM_SHIFT,PRELOAD,v010_20260806_220745_363972_manual:S5_PRE_RR_COM_SHIFT:ALTERNATE_PROFILE_3:segments-44-60,0.4583333333333073,0.11764705882352941,47,0.7129883170127869,-0.010717839002609253,0.09002628922462463,-0.036137492226954566,-0.024114695674583124,-0.004779804011642257,RR,3,True,False,recoverable,0,False,RUNNING
60.16666666666389,7220,S5_PRE_RR_COM_SHIFT,PRELOAD,v010_20260806_220745_363972_manual:S5_PRE_RR_COM_SHIFT:ALTERNATE_PROFILE_3:segments-44-60,0.5249999999999702,0.17647058823529413,48,0.7130006551742554,-0.010702133178710938,0.08987484127283096,-0.03642842340434578,-0.02385735968413362,-0.004797433424745928,RR,3,True,False,recoverable,0,False,RUNNING
60.233333333330556,7228,S5_PRE_RR_COM_SHIFT,PRELOAD,v010_20260806_220745_363972_manual:S5_PRE_RR_COM_SHIFT:ALTERNATE_PROFILE_3:segments-44-60,0.591666666666633,0.23529411764705882,49,0.7134376764297485,-0.01046571135520935,0.08752131462097168,-0.04131528207357161,-0.01666135183268435,-0.005228630144629291,RR,3,True,False,recoverable,0,False,RUNNING
60.29999999999722,7236,S5_PRE_RR_COM_SHIFT,PRELOAD,v010_20260806_220745_363972_manual:S5_PRE_RR_COM_SHIFT:ALTERNATE_PROFILE_3:segments-44-60,0.6583333333332959,0.23529411764705882,49,0.7143369913101196,-0.01070520281791687,0.08178192377090454,-0.041565890834564495,0.0018599109606747823,-0.006007060120201577,RR,3,True,False,recoverable,0,False,RUNNING
60.36666666666388,7244,S5_PRE_RR_COM_SHIFT,PRELOAD,v010_20260806_220745_363972_manual:S5_PRE_RR_COM_SHIFT:ALTERNATE_PROFILE_3:segments-44-60,0.7249999999999588,0.23529411764705882,49,0.7159197330474854,-0.010820895433425903,0.07729680836200714,-0.04318517862361039,0.015553548567050513,-0.0066756290604115835,RR,3,True,False,recoverable,0,False,RUNNING
60.433333333330545,7252,S5_PRE_RR_COM_SHIFT,PRELOAD,v010_20260806_220745_363972_manual:S5_PRE_RR_COM_SHIFT:ALTERNATE_PROFILE_3:segments-44-60,0.7916666666666217,0.23529411764705882,49,0.7160747647285461,-0.010955631732940674,0.07461608946323395,-0.04309741145867924,0.02469852075531603,-0.007075485244317891,RR,3,True,False,recoverable,0,False,RUNNING
60.49999999999721,7260,S5_PRE_RR_COM_SHIFT,PRELOAD,v010_20260806_220745_363972_manual:S5_PRE_RR_COM_SHIFT:ALTERNATE_PROFILE_3:segments-44-60,0.8583333333332845,0.23529411764705882,49,0.7161539793014526,-0.010931439697742462,0.07579080760478973,-0.04273197392077849,0.020961351169206582,-0.006927613466717176,RR,3,True,False,recoverable,0,False,RUNNING
60.56666666666387,7268,S5_PRE_RR_COM_SHIFT,PRELOAD,v010_20260806_220745_363972_manual:S5_PRE_RR_COM_SHIFT:ALTERNATE_PROFILE_3:segments-44-60,0.9249999999999474,0.23529411764705882,49,0.7151418924331665,-0.01080232858657837,0.07873798161745071,-0.04249591183717748,0.0117239228151405,-0.0064999421708234785,RR,3,True,False,recoverable,0,False,RUNNING
60.63333333333053,7276,S5_PRE_RR_COM_SHIFT,PRELOAD,v010_20260806_220745_363972_manual:S5_PRE_RR_COM_SHIFT:ALTERNATE_PROFILE_3:segments-44-60,0.9916666666666103,0.23529411764705882,49,0.715068519115448,-0.010744206607341766,0.0804501324892044,-0.04209322682389727,0.005853770375526524,-0.00621464071150413,RR,3,True,False,recoverable,0,False,RUNNING
60.699999999997196,7284,S5_PRE_RR_COM_SHIFT,PRELOAD,v010_20260806_220745_363972_manual:S5_PRE_RR_COM_SHIFT:ALTERNATE_PROFILE_3:segments-44-60,1.0583333333332732,0.23529411764705882,49,0.7147619128227234,-0.010672584176063538,0.08185973763465881,-0.04227259639028973,0.0009558256358626191,-0.006031918313394844,RR,3,True,False,recoverable,0,False,RUNNING
60.76666666666386,7292,S5_PRE_RR_COM_SHIFT,PRELOAD,v010_20260806_220745_363972_manual:S5_PRE_RR_COM_SHIFT:ALTERNATE_PROFILE_3:segments-44-60,1.124999999999936,0.23529411764705882,49,0.7143537998199463,-0.010587237775325775,0.08306152373552322,-0.04264268878281474,-0.0029292634028637086,-0.005858540346260065,RR,3,True,False,recoverable,0,False,RUNNING
60.83333333333052,7300,S5_PRE_RR_COM_SHIFT,PRELOAD,v010_20260806_220745_363972_manual:S5_PRE_RR_COM_SHIFT:ALTERNATE_PROFILE_3:segments-44-60,1.191666666666599,0.23529411764705882,49,0.7139039039611816,-0.01053028553724289,0.08459270745515823,-0.0423751197685443,-0.007629449562641408,-0.005641512666847226,RR,3,True,False,recoverable,0,False,RUNNING
60.899999999997185,7308,S5_PRE_RR_COM_SHIFT,PRELOAD,v010_20260806_220745_363972_manual:S5_PRE_RR_COM_SHIFT:ALTERNATE_PROFILE_3:segments-44-60,1.2583333333332618,0.23529411764705882,49,0.7135026454925537,-0.010464973747730255,0.0858970582485199,-0.042386654700253004,-0.011723740300999593,-0.005467046982511445,RR,3,True,False,recoverable,0,False,RUNNING
60.96666666666385,7316,S5_PRE_RR_COM_SHIFT,PRELOAD,v010_20260806_220745_363972_manual:S5_PRE_RR_COM_SHIFT:ALTERNATE_PROFILE_3:segments-44-60,1.3249999999999247,0.23529411764705882,49,0.713129997253418,-0.010393016040325165,0.08717666566371918,-0.04251293443258794,-0.015873808997471806,-0.005284721373118945,RR,3,True,False,recoverable,0,False,RUNNING
61.03333333333051,7324,S5_PRE_RR_COM_SHIFT,PRELOAD,v010_20260806_220745_363972_manual:S5_PRE_RR_COM_SHIFT:ALTERNATE_PROFILE_3:segments-44-60,1.3916666666665876,0.23529411764705882,49,0.7129682302474976,-0.010338418185710907,0.08859572559595108,-0.04248180699251025,-0.02074215150617413,-0.005095832456497047,RR,3,True,False,recoverable,0,False,RUNNING
61.09999999999717,7332,S5_PRE_RR_COM_SHIFT,PRELOAD,v010_20260806_220745_363972_manual:S5_PRE_RR_COM_SHIFT:ALTERNATE_PROFILE_3:segments-44-60,1.4583333333332504,0.23529411764705882,49,0.712594211101532,-0.010282881557941437,0.09011915326118469,-0.04243063562670104,-0.025601695416136525,-0.00491523853078816,RR,3,True,False,recoverable,0,False,RUNNING
61.166666666663836,7340,S5_PRE_RR_COM_SHIFT,PRELOAD,v010_20260806_220745_363972_manual:S5_PRE_RR_COM_SHIFT:ALTERNATE_PROFILE_3:segments-44-60,1.5249999999999133,0.23529411764705882,49,0.7120765447616577,-0.010251201689243317,0.09147213399410248,-0.04191291284985273,-0.029687697439630123,-0.004716464338711982,RR,3,True,False,recoverable,0,False,RUNNING
61.2333333333305,7348,S5_PRE_RR_COM_SHIFT,PRELOAD,v010_20260806_220745_363972_manual:S5_PRE_RR_COM_SHIFT:ALTERNATE_PROFILE_3:segments-44-60,1.5916666666665762,0.23529411764705882,50,0.7122672200202942,-0.01021081954240799,0.09145938605070114,-0.0424651078222469,-0.030049135136499764,-0.004699103453712242,RR,3,True,False,recoverable,0,False,RUNNING
61.29999999999716,7356,S5_PRE_RR_COM_SHIFT,PRELOAD,v010_20260806_220745_363972_manual:S5_PRE_RR_COM_SHIFT:ALTERNATE_PROFILE_3:segments-44-60,1.658333333333239,0.23529411764705882,50,0.7121496200561523,-0.010237745940685272,0.09168843179941177,-0.04193539306095002,-0.030433066062326805,-0.0046760934257227636,RR,3,True,False,recoverable,0,False,RUNNING
61.366666666663825,7364,S5_PRE_RR_COM_SHIFT,PRELOAD,v010_20260806_220745_363972_manual:S5_PRE_RR_COM_SHIFT:ALTERNATE_PROFILE_3:segments-44-60,1.724999999999902,0.23529411764705882,50,0.712253212928772,-0.01022186130285263,0.091529980301857,-0.04226954634412685,-0.030101325066443516,-0.004693597674097196,RR,3,True,False,recoverable,0,False,RUNNING
61.43333333333049,7372,S5_PRE_RR_COM_SHIFT,PRELOAD,v010_20260806_220745_363972_manual:S5_PRE_RR_COM_SHIFT:ALTERNATE_PROFILE_3:segments-44-60,1.7916666666665648,0.23529411764705882,50,0.712252676486969,-0.01021488755941391,0.09170541912317276,-0.0422614079520389,-0.030762281230103945,-0.004665725413284759,RR,3,True,False,recoverable,0,False,RUNNING
61.49999999999715,7380,S5_PRE_RR_COM_SHIFT,PRELOAD,v010_20260806_220745_363972_manual:S5_PRE_RR_COM_SHIFT:ALTERNATE_PROFILE_3:segments-44-60,1.8583333333332277,0.23529411764705882,50,0.7122869491577148,-0.010225661098957062,0.09162542223930359,-0.04216532081686899,-0.030421471295101008,-0.004678156857791342,RR,3,True,False,recoverable,0,False,RUNNING
61.566666666663814,7388,S5_PRE_RR_COM_SHIFT,PRELOAD,v010_20260806_220745_363972_manual:S5_PRE_RR_COM_SHIFT:ALTERNATE_PROFILE_3:segments-44-60,1.9249999999998906,0.23529411764705882,50,0.7122755646705627,-0.010211214423179626,0.09172095358371735,-0.04231350412358245,-0.030751420968246446,-0.004665725167308128,RR,3,True,False,recoverable,0,False,RUNNING
61.63333333333048,7396,S5_PRE_RR_COM_SHIFT,PRELOAD,v010_20260806_220745_363972_manual:S5_PRE_RR_COM_SHIFT:ALTERNATE_PROFILE_3:segments-44-60,1.9916666666665535,0.23529411764705882,50,0.7123607397079468,-0.010217495262622833,0.09171302616596222,-0.04224289081183156,-0.03075893165558467,-0.004663524572044355,RR,3,True,False,recoverable,0,False,RUNNING
61.69999999999714,7404,S5_PRE_RR_COM_SHIFT,PRELOAD,v010_20260806_220745_363972_manual:S5_PRE_RR_COM_SHIFT:ALTERNATE_PROFILE_3:segments-44-60,2.0583333333332163,0.23529411764705882,50,0.7123363018035889,-0.010212048888206482,0.09170082956552505,-0.042323865459075724,-0.030672487565622707,-0.004668489176721924,RR,3,True,False,recoverable,0,False,RUNNING
61.7666666666638,7412,S5_PRE_RR_COM_SHIFT,PRELOAD,v010_20260806_220745_363972_manual:S5_PRE_RR_COM_SHIFT:ALTERNATE_PROFILE_3:segments-44-60,2.124999999999879,0.23529411764705882,50,0.7123481631278992,-0.010213613510131836,0.09174678474664688,-0.04227802221227578,-0.030821385222298492,-0.004661160577269381,RR,3,True,False,recoverable,0,False,RUNNING
61.833333333330465,7420,S5_PRE_RR_COM_SHIFT,PRELOAD,v010_20260806_220745_363972_manual:S5_PRE_RR_COM_SHIFT:ALTERNATE_PROFILE_3:segments-44-60,2.191666666666542,0.23529411764705882,50,0.7123699188232422,-0.010216884315013885,0.09179671108722687,-0.04220767890547445,-0.030995018774278366,-0.004652428195778154,RR,3,True,False,recoverable,0,False,RUNNING
61.89999999999713,7428,S5_PRE_RR_COM_SHIFT,PRELOAD,v010_20260806_220745_363972_manual:S5_PRE_RR_COM_SHIFT:ALTERNATE_PROFILE_3:segments-44-60,2.258333333333205,0.23529411764705882,50,0.7123721837997437,-0.010213539004325867,0.09181780368089676,-0.04224531406329616,-0.03102037561908553,-0.004651462299937159,RR,3,True,False,recoverable,0,False,RUNNING
61.96666666666379,7436,S5_PRE_RR_COM_SHIFT,PRELOAD,v010_20260806_220745_363972_manual:S5_PRE_RR_COM_SHIFT:ALTERNATE_PROFILE_3:segments-44-60,2.324999999999868,0.23529411764705882,50,0.712385356426239,-0.010212890803813934,0.09184733778238297,-0.04223998260465615,-0.031097488497360153,-0.004647762494511339,RR,3,True,False,recoverable,0,False,RUNNING
62.033333333330454,7444,S5_PRE_RR_COM_SHIFT,PRELOAD,v010_20260806_220745_363972_manual:S5_PRE_RR_COM_SHIFT:ALTERNATE_PROFILE_3:segments-44-60,2.3916666666665307,0.23529411764705882,50,0.7124084234237671,-0.010213859379291534,0.09188682585954666,-0.04220926856833622,-0.03122080894913409,-0.004641731758214032,RR,3,True,False,recoverable,0,False,RUNNING
62.09999999999712,7452,S5_PRE_RR_COM_SHIFT,PRELOAD,v010_20260806_220745_363972_manual:S5_PRE_RR_COM_SHIFT:ALTERNATE_PROFILE_3:segments-44-60,2.4583333333331936,0.23529411764705882,50,0.7124283313751221,-0.010214172303676605,0.09192260354757309,-0.042186961669417766,-0.03132917464240368,-0.004636364749335308,RR,3,True,False,recoverable,0,False,RUNNING
62.16666666666378,7460,S5_PRE_RR_COM_SHIFT,PRELOAD,v010_20260806_220745_363972_manual:S5_PRE_RR_COM_SHIFT:ALTERNATE_PROFILE_3:segments-44-60,2.5249999999998565,0.23529411764705882,50,0.7124468088150024,-0.01021440327167511,0.09195680171251297,-0.04216775106352772,-0.03142975280778793,-0.004631496919441764,RR,3,True,False,recoverable,0,False,RUNNING
62.23333333333044,7468,S5_PRE_RR_COM_SHIFT,PRELOAD,v010_20260806_220745_363972_manual:S5_PRE_RR_COM_SHIFT:ALTERNATE_PROFILE_3:segments-44-60,2.5916666666665193,0.23529411764705882,50,0.7124647498130798,-0.01021450012922287,0.09199028462171555,-0.04215063424192479,-0.03152795605182802,-0.004626670270812668,RR,3,True,False,recoverable,0,False,RUNNING
62.299999999997105,7476,S5_PRE_RR_COM_SHIFT,PRELOAD,v010_20260806_220745_363972_manual:S5_PRE_RR_COM_SHIFT:ALTERNATE_PROFILE_3:segments-44-60,2.6583333333331822,0.23529411764705882,50,0.7124822735786438,-0.010214470326900482,0.09202342480421066,-0.04213492768053624,-0.031624737143923484,-0.004622091293376424,RR,3,True,False,recoverable,0,False,RUNNING
62.36666666666377,7484,S5_PRE_RR_COM_SHIFT,PRELOAD,v010_20260806_220745_363972_manual:S5_PRE_RR_COM_SHIFT:ALTERNATE_PROFILE_3:segments-44-60,2.724999999999845,0.23529411764705882,50,0.7125003337860107,-0.01021452248096466,0.09205672889947891,-0.04211956101690941,-0.031720916941747127,-0.004617491607768596,RR,3,True,False,recoverable,0,False,RUNNING
62.43333333333043,7492,S5_PRE_RR_COM_SHIFT,PRELOAD,v010_20260806_220745_363972_manual:S5_PRE_RR_COM_SHIFT:ALTERNATE_PROFILE_3:segments-44-60,2.791666666666508,0.23529411764705882,50,0.7125182151794434,-0.010214477777481079,0.09208991378545761,-0.042104735338982346,-0.03181763823278502,-0.0046126271106084376,RR,3,True,False,recoverable,0,False,RUNNING
62.499999999997094,7500,S5_PRE_RR_COM_SHIFT,PRELOAD,v010_20260806_220745_363972_manual:S5_PRE_RR_COM_SHIFT:ALTERNATE_PROFILE_3:segments-44-60,2.858333333333171,0.23529411764705882,50,0.7125360369682312,-0.010214544832706451,0.09212344884872437,-0.04208983085899164,-0.03191515513890896,-0.004607951194967998,RR,3,True,False,recoverable,0,False,RUNNING
62.56666666666376,7508,S5_PRE_RR_COM_SHIFT,PRELOAD,v010_20260806_220745_363972_manual:S5_PRE_RR_COM_SHIFT:ALTERNATE_PROFILE_3:segments-44-60,2.9249999999998337,0.23529411764705882,50,0.712554395198822,-0.010214351117610931,0.09215711057186127,-0.04207542008117609,-0.03201311597035038,-0.00460334005191554,RR,3,True,False,recoverable,0,False,RUNNING
62.63333333333042,7516,SAFE_STOP,SAFE_STOP,,2.9333333333331666,1.0,50,0.7125074863433838,-0.010000817477703094,0.09174105525016785,-0.045321138362346365,-0.03188194982672352,-0.0046541126603011065,,3,True,False,recoverable,0,True,SAFE_STOP
