start_time_s,end_time_s,sample_count,source_version,source_fast_segment,source_step,source_event_indices,support_legs,primary_diagonal,wheel_contact_classes
1.5083333333333304,2.233333333333328,88,v003_20260805_224517_157723_manual,,,[],"[""FL"", ""FR"", ""RL"", ""RR""]",BALANCED,"{""FL"": ""GROUND"", ""FR"": ""GROUND"", ""RL"": ""GROUND"", ""RR"": ""GROUND""}"
2.2416666666666614,2.2416666666666614,1,v003_20260805_224517_157723_manual,0,1,[0],"[""FL"", ""FR"", ""RL"", ""RR""]",FL_RR,"{""FL"": ""GROUND"", ""FR"": ""GROUND"", ""RL"": ""GROUND"", ""RR"": ""GROUND""}"
2.2499999999999947,2.499999999999994,31,v003_20260805_224517_157723_manual,0,1,[0],"[""FL"", ""RR""]",FL_RR,"{""FL"": ""GROUND"", ""FR"": ""AIR"", ""RL"": ""AIR"", ""RR"": ""GROUND""}"
2.508333333333327,2.6333333333333266,16,v003_20260805_224517_157723_manual,1,1,[1],"[""FL"", ""RR""]",FL_RR,"{""FL"": ""GROUND"", ""FR"": ""AIR"", ""RL"": ""AIR"", ""RR"": ""GROUND""}"
2.64166666666666,2.699999999999993,8,v003_20260805_224517_157723_manual,2,1,[2],"[""FL"", ""RR""]",FL_RR,"{""FL"": ""GROUND"", ""FR"": ""AIR"", ""RL"": ""AIR"", ""RR"": ""GROUND""}"
2.7083333333333264,2.8999999999999924,24,v003_20260805_224517_157723_manual,3,2,[0],"[""FL"", ""RR""]",FL_RR,"{""FL"": ""GROUND"", ""FR"": ""AIR"", ""RL"": ""AIR"", ""RR"": ""GROUND""}"
2.9083333333333257,3.2333333333333245,40,v003_20260805_224517_157723_manual,4,2,[1],"[""FL"", ""RR""]",FL_RR,"{""FL"": ""GROUND"", ""FR"": ""AIR"", ""RL"": ""AIR"", ""RR"": ""GROUND""}"
3.241666666666658,3.2833333333333243,6,v003_20260805_224517_157723_manual,5,2,[2],"[""FL"", ""RR""]",FL_RR,"{""FL"": ""GROUND"", ""FR"": ""AIR"", ""RL"": ""AIR"", ""RR"": ""GROUND""}"
3.2916666666666576,3.2916666666666576,1,v003_20260805_224517_157723_manual,5,2,[2],"[""FL"", ""RL""]",FR_RL,"{""FL"": ""GROUND"", ""FR"": ""AIR"", ""RL"": ""GROUND"", ""RR"": ""AIR""}"
3.299999999999991,3.299999999999991,1,v003_20260805_224517_157723_manual,5,2,[2],"[""FL"", ""RL"", ""RR""]",BALANCED,"{""FL"": ""GROUND"", ""FR"": ""AIR"", ""RL"": ""GROUND"", ""RR"": ""GROUND""}"
3.3083333333333242,3.333333333333324,4,v003_20260805_224517_157723_manual,5,2,[2],"[""FL"", ""RL"", ""RR""]",FL_RR,"{""FL"": ""GROUND"", ""FR"": ""AIR"", ""RL"": ""GROUND"", ""RR"": ""GROUND""}"
3.3416666666666575,3.3416666666666575,1,v003_20260805_224517_157723_manual,5,2,[2],"[""FL"", ""RR""]",FL_RR,"{""FL"": ""GROUND"", ""FR"": ""AIR"", ""RL"": ""AIR"", ""RR"": ""GROUND""}"
3.3499999999999908,3.3666666666666574,3,v003_20260805_224517_157723_manual,5,2,[2],"[""FL"", ""RL"", ""RR""]",FL_RR,"{""FL"": ""GROUND"", ""FR"": ""AIR"", ""RL"": ""GROUND"", ""RR"": ""GROUND""}"
3.3749999999999907,3.3916666666666573,3,v003_20260805_224517_157723_manual,6,3,[0],"[""FL"", ""RL"", ""RR""]",FL_RR,"{""FL"": ""GROUND"", ""FR"": ""AIR"", ""RL"": ""GROUND"", ""RR"": ""GROUND""}"
3.3999999999999906,3.3999999999999906,1,v003_20260805_224517_157723_manual,6,3,[0],"[""FL"", ""RR""]",FL_RR,"{""FL"": ""GROUND"", ""FR"": ""AIR"", ""RL"": ""AIR"", ""RR"": ""GROUND""}"
3.408333333333324,3.408333333333324,1,v003_20260805_224517_157723_manual,6,3,[0],"[""FL"", ""RL"", ""RR""]",FL_RR,"{""FL"": ""GROUND"", ""FR"": ""AIR"", ""RL"": ""GROUND"", ""RR"": ""GROUND""}"
3.416666666666657,3.416666666666657,1,v003_20260805_224517_157723_manual,6,3,[0],"[""FL"", ""RR""]",FL_RR,"{""FL"": ""GROUND"", ""FR"": ""AIR"", ""RL"": ""AIR"", ""RR"": ""GROUND""}"
3.4249999999999905,3.4249999999999905,1,v003_20260805_224517_157723_manual,6,3,[0],"[""FL"", ""RL"", ""RR""]",FL_RR,"{""FL"": ""GROUND"", ""FR"": ""AIR"", ""RL"": ""GROUND"", ""RR"": ""GROUND""}"
3.433333333333324,3.433333333333324,1,v003_20260805_224517_157723_manual,6,3,[0],"[""FL"", ""RR""]",FL_RR,"{""FL"": ""GROUND"", ""FR"": ""AIR"", ""RL"": ""AIR"", ""RR"": ""GROUND""}"
3.441666666666657,3.441666666666657,1,v003_20260805_224517_157723_manual,6,3,[0],"[""FL"", ""RL"", ""RR""]",FL_RR,"{""FL"": ""GROUND"", ""FR"": ""AIR"", ""RL"": ""GROUND"", ""RR"": ""GROUND""}"
3.4499999999999904,3.4499999999999904,1,v003_20260805_224517_157723_manual,6,3,[0],"[""FL"", ""RR""]",FL_RR,"{""FL"": ""GROUND"", ""FR"": ""AIR"", ""RL"": ""AIR"", ""RR"": ""GROUND""}"
3.4583333333333237,3.466666666666657,2,v003_20260805_224517_157723_manual,6,3,[0],"[""FL"", ""RL"", ""RR""]",FL_RR,"{""FL"": ""GROUND"", ""FR"": ""AIR"", ""RL"": ""GROUND"", ""RR"": ""GROUND""}"
3.4749999999999903,3.4749999999999903,1,v003_20260805_224517_157723_manual,6,3,[0],"[""FL"", ""RR""]",FL_RR,"{""FL"": ""GROUND"", ""FR"": ""AIR"", ""RL"": ""AIR"", ""RR"": ""GROUND""}"
3.4833333333333236,3.4833333333333236,1,v003_20260805_224517_157723_manual,6,3,[0],"[""FL"", ""RL"", ""RR""]",FL_RR,"{""FL"": ""GROUND"", ""FR"": ""AIR"", ""RL"": ""GROUND"", ""RR"": ""GROUND""}"
3.491666666666657,3.491666666666657,1,v003_20260805_224517_157723_manual,6,3,[0],"[""FL"", ""RR""]",FL_RR,"{""FL"": ""GROUND"", ""FR"": ""AIR"", ""RL"": ""AIR"", ""RR"": ""GROUND""}"
3.4999999999999902,3.4999999999999902,1,v003_20260805_224517_157723_manual,6,3,[0],"[""FL"", ""RL"", ""RR""]",FL_RR,"{""FL"": ""GROUND"", ""FR"": ""AIR"", ""RL"": ""GROUND"", ""RR"": ""GROUND""}"
3.5083333333333235,3.5083333333333235,1,v003_20260805_224517_157723_manual,6,3,[0],"[""FL"", ""RR""]",FL_RR,"{""FL"": ""GROUND"", ""FR"": ""AIR"", ""RL"": ""AIR"", ""RR"": ""GROUND""}"
3.516666666666657,3.516666666666657,1,v003_20260805_224517_157723_manual,6,3,[0],"[""FL"", ""RL"", ""RR""]",FL_RR,"{""FL"": ""GROUND"", ""FR"": ""AIR"", ""RL"": ""GROUND"", ""RR"": ""GROUND""}"
3.52499999999999,3.52499999999999,1,v003_20260805_224517_157723_manual,6,3,[0],"[""FL"", ""RR""]",FL_RR,"{""FL"": ""GROUND"", ""FR"": ""AIR"", ""RL"": ""AIR"", ""RR"": ""GROUND""}"
3.5333333333333234,3.5333333333333234,1,v003_20260805_224517_157723_manual,6,3,[0],"[""FL"", ""RL"", ""RR""]",FL_RR,"{""FL"": ""GROUND"", ""FR"": ""AIR"", ""RL"": ""GROUND"", ""RR"": ""GROUND""}"
3.5416666666666567,3.5416666666666567,1,v003_20260805_224517_157723_manual,6,3,[0],"[""FL"", ""RR""]",FL_RR,"{""FL"": ""GROUND"", ""FR"": ""AIR"", ""RL"": ""AIR"", ""RR"": ""GROUND""}"
3.54999999999999,3.54999999999999,1,v003_20260805_224517_157723_manual,6,3,[0],"[""FL"", ""RL"", ""RR""]",FL_RR,"{""FL"": ""GROUND"", ""FR"": ""AIR"", ""RL"": ""GROUND"", ""RR"": ""GROUND""}"
3.5583333333333234,3.5583333333333234,1,v003_20260805_224517_157723_manual,6,3,[0],"[""FL"", ""RR""]",FL_RR,"{""FL"": ""GROUND"", ""FR"": ""AIR"", ""RL"": ""AIR"", ""RR"": ""GROUND""}"
3.5666666666666567,3.5666666666666567,1,v003_20260805_224517_157723_manual,6,3,[0],"[""FL"", ""RL"", ""RR""]",FL_RR,"{""FL"": ""GROUND"", ""FR"": ""AIR"", ""RL"": ""GROUND"", ""RR"": ""GROUND""}"
3.57499999999999,3.57499999999999,1,v003_20260805_224517_157723_manual,6,3,[0],"[""FL"", ""RR""]",FL_RR,"{""FL"": ""GROUND"", ""FR"": ""AIR"", ""RL"": ""AIR"", ""RR"": ""GROUND""}"
3.5833333333333233,3.5833333333333233,1,v003_20260805_224517_157723_manual,6,3,[0],"[""FL"", ""RL"", ""RR""]",FL_RR,"{""FL"": ""GROUND"", ""FR"": ""AIR"", ""RL"": ""GROUND"", ""RR"": ""GROUND""}"
3.5916666666666566,3.5916666666666566,1,v003_20260805_224517_157723_manual,6,3,[0],"[""FL"", ""RR""]",FL_RR,"{""FL"": ""GROUND"", ""FR"": ""AIR"", ""RL"": ""AIR"", ""RR"": ""GROUND""}"
3.59999999999999,3.6166666666666565,3,v003_20260805_224517_157723_manual,6,3,[0],"[""FL"", ""RL"", ""RR""]",FL_RR,"{""FL"": ""GROUND"", ""FR"": ""AIR"", ""RL"": ""GROUND"", ""RR"": ""GROUND""}"
3.62499999999999,3.62499999999999,1,v003_20260805_224517_157723_manual,6,3,[0],"[""FL"", ""RR""]",FL_RR,"{""FL"": ""GROUND"", ""FR"": ""AIR"", ""RL"": ""AIR"", ""RR"": ""GROUND""}"
3.633333333333323,3.633333333333323,1,v003_20260805_224517_157723_manual,6,3,[0],"[""FL"", ""RL"", ""RR""]",FL_RR,"{""FL"": ""GROUND"", ""FR"": ""AIR"", ""RL"": ""GROUND"", ""RR"": ""GROUND""}"
3.6416666666666564,3.6416666666666564,1,v003_20260805_224517_157723_manual,6,3,[0],"[""FL"", ""RR""]",FL_RR,"{""FL"": ""GROUND"", ""FR"": ""AIR"", ""RL"": ""AIR"", ""RR"": ""GROUND""}"
3.6499999999999897,3.6499999999999897,1,v003_20260805_224517_157723_manual,6,3,[0],"[""FL"", ""RL"", ""RR""]",FL_RR,"{""FL"": ""GROUND"", ""FR"": ""AIR"", ""RL"": ""GROUND"", ""RR"": ""GROUND""}"
3.658333333333323,3.658333333333323,1,v003_20260805_224517_157723_manual,6,3,[0],"[""FL"", ""RR""]",FL_RR,"{""FL"": ""GROUND"", ""FR"": ""AIR"", ""RL"": ""AIR"", ""RR"": ""GROUND""}"
3.6666666666666563,3.6749999999999896,2,v003_20260805_224517_157723_manual,6,3,[0],"[""FL"", ""RL"", ""RR""]",FL_RR,"{""FL"": ""GROUND"", ""FR"": ""AIR"", ""RL"": ""GROUND"", ""RR"": ""GROUND""}"
3.683333333333323,3.683333333333323,1,v003_20260805_224517_157723_manual,6,3,[0],"[""FL"", ""RR""]",FL_RR,"{""FL"": ""GROUND"", ""FR"": ""AIR"", ""RL"": ""AIR"", ""RR"": ""GROUND""}"
3.691666666666656,3.708333333333323,3,v003_20260805_224517_157723_manual,6,3,[0],"[""FL"", ""RL"", ""RR""]",FL_RR,"{""FL"": ""GROUND"", ""FR"": ""AIR"", ""RL"": ""GROUND"", ""RR"": ""GROUND""}"
3.716666666666656,3.716666666666656,1,v003_20260805_224517_157723_manual,6,3,[0],"[""FL"", ""RR""]",FL_RR,"{""FL"": ""GROUND"", ""FR"": ""AIR"", ""RL"": ""AIR"", ""RR"": ""GROUND""}"
3.7249999999999894,3.7249999999999894,1,v003_20260805_224517_157723_manual,6,3,[0],"[""FL"", ""RL"", ""RR""]",FL_RR,"{""FL"": ""GROUND"", ""FR"": ""AIR"", ""RL"": ""GROUND"", ""RR"": ""GROUND""}"
3.7333333333333227,3.7333333333333227,1,v003_20260805_224517_157723_manual,6,3,[0],"[""FL"", ""RR""]",FL_RR,"{""FL"": ""GROUND"", ""FR"": ""AIR"", ""RL"": ""AIR"", ""RR"": ""GROUND""}"
3.741666666666656,3.741666666666656,1,v003_20260805_224517_157723_manual,6,3,[0],"[""FL"", ""RL"", ""RR""]",FL_RR,"{""FL"": ""GROUND"", ""FR"": ""AIR"", ""RL"": ""GROUND"", ""RR"": ""GROUND""}"
3.7499999999999893,3.7499999999999893,1,v003_20260805_224517_157723_manual,6,3,[0],"[""FL"", ""RR""]",FL_RR,"{""FL"": ""GROUND"", ""FR"": ""AIR"", ""RL"": ""AIR"", ""RR"": ""GROUND""}"
3.7583333333333226,3.7749999999999893,3,v003_20260805_224517_157723_manual,6,3,[0],"[""FL"", ""RL"", ""RR""]",FL_RR,"{""FL"": ""GROUND"", ""FR"": ""AIR"", ""RL"": ""GROUND"", ""RR"": ""GROUND""}"
3.7833333333333226,3.7833333333333226,1,v003_20260805_224517_157723_manual,6,3,[0],"[""FL"", ""RR""]",FL_RR,"{""FL"": ""GROUND"", ""FR"": ""AIR"", ""RL"": ""AIR"", ""RR"": ""GROUND""}"
3.791666666666656,3.824999999999989,5,v003_20260805_224517_157723_manual,6,3,[0],"[""FL"", ""RL"", ""RR""]",FL_RR,"{""FL"": ""GROUND"", ""FR"": ""AIR"", ""RL"": ""GROUND"", ""RR"": ""GROUND""}"
3.8333333333333224,3.8416666666666557,2,v003_20260805_224517_157723_manual,6,3,[0],"[""FL"", ""RR""]",FL_RR,"{""FL"": ""GROUND"", ""FR"": ""AIR"", ""RL"": ""AIR"", ""RR"": ""GROUND""}"
3.849999999999989,3.8583333333333223,2,v003_20260805_224517_157723_manual,6,3,[0],"[""FL"", ""RL"", ""RR""]",FL_RR,"{""FL"": ""GROUND"", ""FR"": ""AIR"", ""RL"": ""GROUND"", ""RR"": ""GROUND""}"
3.8666666666666556,3.8666666666666556,1,v003_20260805_224517_157723_manual,6,3,[0],"[""FL"", ""RR""]",FL_RR,"{""FL"": ""GROUND"", ""FR"": ""AIR"", ""RL"": ""AIR"", ""RR"": ""GROUND""}"
3.874999999999989,3.874999999999989,1,v003_20260805_224517_157723_manual,6,3,[0],"[""FL"", ""RL"", ""RR""]",FL_RR,"{""FL"": ""GROUND"", ""FR"": ""AIR"", ""RL"": ""GROUND"", ""RR"": ""GROUND""}"
3.883333333333322,3.883333333333322,1,v003_20260805_224517_157723_manual,6,3,[0],"[""FL"", ""RR""]",FL_RR,"{""FL"": ""GROUND"", ""FR"": ""AIR"", ""RL"": ""AIR"", ""RR"": ""GROUND""}"
3.8916666666666555,3.8916666666666555,1,v003_20260805_224517_157723_manual,6,3,[0],"[""FL"", ""RL"", ""RR""]",FL_RR,"{""FL"": ""GROUND"", ""FR"": ""AIR"", ""RL"": ""GROUND"", ""RR"": ""GROUND""}"
3.899999999999989,3.899999999999989,1,v003_20260805_224517_157723_manual,6,3,[0],"[""FL"", ""RR""]",FL_RR,"{""FL"": ""GROUND"", ""FR"": ""AIR"", ""RL"": ""AIR"", ""RR"": ""GROUND""}"
3.908333333333322,3.908333333333322,1,v003_20260805_224517_157723_manual,6,3,[0],"[""FL"", ""RL"", ""RR""]",FL_RR,"{""FL"": ""GROUND"", ""FR"": ""AIR"", ""RL"": ""GROUND"", ""RR"": ""GROUND""}"
3.9166666666666554,3.9166666666666554,1,v003_20260805_224517_157723_manual,6,3,[0],"[""FL"", ""RR""]",FL_RR,"{""FL"": ""GROUND"", ""FR"": ""AIR"", ""RL"": ""AIR"", ""RR"": ""GROUND""}"
3.9249999999999887,3.9249999999999887,1,v003_20260805_224517_157723_manual,6,3,[0],"[""FL"", ""RL"", ""RR""]",FL_RR,"{""FL"": ""GROUND"", ""FR"": ""AIR"", ""RL"": ""GROUND"", ""RR"": ""GROUND""}"
3.933333333333322,3.9416666666666553,2,v003_20260805_224517_157723_manual,6,3,[0],"[""FL"", ""RR""]",FL_RR,"{""FL"": ""GROUND"", ""FR"": ""AIR"", ""RL"": ""AIR"", ""RR"": ""GROUND""}"
3.9499999999999886,3.9499999999999886,1,v003_20260805_224517_157723_manual,6,3,[0],"[""FL"", ""RL"", ""RR""]",FL_RR,"{""FL"": ""GROUND"", ""FR"": ""AIR"", ""RL"": ""GROUND"", ""RR"": ""GROUND""}"
3.958333333333322,3.958333333333322,1,v003_20260805_224517_157723_manual,6,3,[0],"[""FL"", ""RR""]",FL_RR,"{""FL"": ""GROUND"", ""FR"": ""AIR"", ""RL"": ""AIR"", ""RR"": ""GROUND""}"
3.9666666666666552,3.9666666666666552,1,v003_20260805_224517_157723_manual,6,3,[0],"[""FL"", ""RL"", ""RR""]",FL_RR,"{""FL"": ""GROUND"", ""FR"": ""AIR"", ""RL"": ""GROUND"", ""RR"": ""GROUND""}"
3.9749999999999885,3.983333333333322,2,v003_20260805_224517_157723_manual,6,3,[0],"[""FL"", ""RR""]",FL_RR,"{""FL"": ""GROUND"", ""FR"": ""AIR"", ""RL"": ""AIR"", ""RR"": ""GROUND""}"
3.991666666666655,4.008333333333322,3,v003_20260805_224517_157723_manual,6,3,[0],"[""FL"", ""RL"", ""RR""]",FL_RR,"{""FL"": ""GROUND"", ""FR"": ""AIR"", ""RL"": ""GROUND"", ""RR"": ""GROUND""}"
4.016666666666656,4.016666666666656,1,v003_20260805_224517_157723_manual,6,3,[0],"[""FL"", ""RR""]",FL_RR,"{""FL"": ""GROUND"", ""FR"": ""AIR"", ""RL"": ""AIR"", ""RR"": ""GROUND""}"
4.02499999999999,4.02499999999999,1,v003_20260805_224517_157723_manual,6,3,[0],"[""FL"", ""RL"", ""RR""]",FL_RR,"{""FL"": ""GROUND"", ""FR"": ""AIR"", ""RL"": ""GROUND"", ""RR"": ""GROUND""}"
4.0333333333333234,4.0333333333333234,1,v003_20260805_224517_157723_manual,6,3,[0],"[""FL"", ""RR""]",FL_RR,"{""FL"": ""GROUND"", ""FR"": ""AIR"", ""RL"": ""AIR"", ""RR"": ""GROUND""}"
4.041666666666657,4.041666666666657,1,v003_20260805_224517_157723_manual,6,3,[0],"[""FL"", ""RL"", ""RR""]",FL_RR,"{""FL"": ""GROUND"", ""FR"": ""AIR"", ""RL"": ""GROUND"", ""RR"": ""GROUND""}"
4.049999999999991,4.049999999999991,1,v003_20260805_224517_157723_manual,6,3,[0],"[""FL"", ""RR""]",FL_RR,"{""FL"": ""GROUND"", ""FR"": ""AIR"", ""RL"": ""AIR"", ""RR"": ""GROUND""}"
4.058333333333325,4.074999999999992,3,v003_20260805_224517_157723_manual,6,3,[0],"[""FL"", ""RL"", ""RR""]",FL_RR,"{""FL"": ""GROUND"", ""FR"": ""AIR"", ""RL"": ""GROUND"", ""RR"": ""GROUND""}"
4.083333333333326,4.083333333333326,1,v003_20260805_224517_157723_manual,6,3,[0],"[""FL"", ""RR""]",FL_RR,"{""FL"": ""GROUND"", ""FR"": ""AIR"", ""RL"": ""AIR"", ""RR"": ""GROUND""}"
4.09166666666666,4.099999999999993,2,v003_20260805_224517_157723_manual,6,3,[0],"[""FL"", ""RL"", ""RR""]",FL_RR,"{""FL"": ""GROUND"", ""FR"": ""AIR"", ""RL"": ""GROUND"", ""RR"": ""GROUND""}"
4.108333333333327,4.108333333333327,1,v003_20260805_224517_157723_manual,6,3,[0],"[""FL"", ""RR""]",FL_RR,"{""FL"": ""GROUND"", ""FR"": ""AIR"", ""RL"": ""AIR"", ""RR"": ""GROUND""}"
4.116666666666661,4.116666666666661,1,v003_20260805_224517_157723_manual,6,3,[0],"[""FL"", ""RL"", ""RR""]",FL_RR,"{""FL"": ""GROUND"", ""FR"": ""AIR"", ""RL"": ""GROUND"", ""RR"": ""GROUND""}"
4.124999999999995,4.124999999999995,1,v003_20260805_224517_157723_manual,6,3,[0],"[""FL"", ""RR""]",FL_RR,"{""FL"": ""GROUND"", ""FR"": ""AIR"", ""RL"": ""AIR"", ""RR"": ""GROUND""}"
4.133333333333328,4.141666666666662,2,v003_20260805_224517_157723_manual,6,3,[0],"[""FL"", ""RL"", ""RR""]",FL_RR,"{""FL"": ""GROUND"", ""FR"": ""AIR"", ""RL"": ""GROUND"", ""RR"": ""GROUND""}"
4.149999999999996,4.149999999999996,1,v003_20260805_224517_157723_manual,6,3,[0],"[""FL"", ""RR""]",FL_RR,"{""FL"": ""GROUND"", ""FR"": ""AIR"", ""RL"": ""AIR"", ""RR"": ""GROUND""}"
4.15833333333333,4.15833333333333,1,v003_20260805_224517_157723_manual,6,3,[0],"[""FL"", ""RL"", ""RR""]",FL_RR,"{""FL"": ""GROUND"", ""FR"": ""AIR"", ""RL"": ""GROUND"", ""RR"": ""GROUND""}"
4.166666666666663,4.166666666666663,1,v003_20260805_224517_157723_manual,6,3,[0],"[""FL"", ""RR""]",FL_RR,"{""FL"": ""GROUND"", ""FR"": ""AIR"", ""RL"": ""AIR"", ""RR"": ""GROUND""}"
4.174999999999997,4.183333333333331,2,v003_20260805_224517_157723_manual,6,3,[0],"[""FL"", ""RL"", ""RR""]",FL_RR,"{""FL"": ""GROUND"", ""FR"": ""AIR"", ""RL"": ""GROUND"", ""RR"": ""GROUND""}"
4.191666666666665,4.191666666666665,1,v003_20260805_224517_157723_manual,6,3,[0],"[""FL"", ""RR""]",FL_RR,"{""FL"": ""GROUND"", ""FR"": ""AIR"", ""RL"": ""AIR"", ""RR"": ""GROUND""}"
4.199999999999998,4.199999999999998,1,v003_20260805_224517_157723_manual,6,3,[0],"[""FL"", ""RL"", ""RR""]",FL_RR,"{""FL"": ""GROUND"", ""FR"": ""AIR"", ""RL"": ""GROUND"", ""RR"": ""GROUND""}"
4.208333333333332,4.208333333333332,1,v003_20260805_224517_157723_manual,6,3,[0],"[""FL"", ""RR""]",FL_RR,"{""FL"": ""GROUND"", ""FR"": ""AIR"", ""RL"": ""AIR"", ""RR"": ""GROUND""}"
4.216666666666666,4.233333333333333,3,v003_20260805_224517_157723_manual,6,3,[0],"[""FL"", ""RL"", ""RR""]",FL_RR,"{""FL"": ""GROUND"", ""FR"": ""AIR"", ""RL"": ""GROUND"", ""RR"": ""GROUND""}"
4.241666666666667,4.250000000000001,2,v003_20260805_224517_157723_manual,6,3,[0],"[""FL"", ""RR""]",FL_RR,"{""FL"": ""GROUND"", ""FR"": ""AIR"", ""RL"": ""AIR"", ""RR"": ""GROUND""}"
4.258333333333335,4.258333333333335,1,v003_20260805_224517_157723_manual,6,3,[0],"[""FL"", ""RL"", ""RR""]",FL_RR,"{""FL"": ""GROUND"", ""FR"": ""AIR"", ""RL"": ""GROUND"", ""RR"": ""GROUND""}"
4.266666666666668,4.266666666666668,1,v003_20260805_224517_157723_manual,6,3,[0],"[""FL"", ""RR""]",FL_RR,"{""FL"": ""GROUND"", ""FR"": ""AIR"", ""RL"": ""AIR"", ""RR"": ""GROUND""}"
4.275000000000002,4.275000000000002,1,v003_20260805_224517_157723_manual,6,3,[0],"[""FL"", ""RL"", ""RR""]",FL_RR,"{""FL"": ""GROUND"", ""FR"": ""AIR"", ""RL"": ""GROUND"", ""RR"": ""GROUND""}"
4.283333333333336,4.283333333333336,1,v003_20260805_224517_157723_manual,6,3,[0],"[""FL"", ""RR""]",FL_RR,"{""FL"": ""GROUND"", ""FR"": ""AIR"", ""RL"": ""AIR"", ""RR"": ""GROUND""}"
4.29166666666667,4.29166666666667,1,v003_20260805_224517_157723_manual,6,3,[0],"[""FL"", ""RL"", ""RR""]",FL_RR,"{""FL"": ""GROUND"", ""FR"": ""AIR"", ""RL"": ""GROUND"", ""RR"": ""GROUND""}"
4.300000000000003,4.300000000000003,1,v003_20260805_224517_157723_manual,6,3,[0],"[""FL"", ""RR""]",FL_RR,"{""FL"": ""GROUND"", ""FR"": ""AIR"", ""RL"": ""AIR"", ""RR"": ""GROUND""}"
4.308333333333337,4.308333333333337,1,v003_20260805_224517_157723_manual,6,3,[0],"[""FL"", ""RL"", ""RR""]",FL_RR,"{""FL"": ""GROUND"", ""FR"": ""AIR"", ""RL"": ""GROUND"", ""RR"": ""GROUND""}"
4.316666666666671,4.325000000000005,2,v003_20260805_224517_157723_manual,6,3,[0],"[""FL"", ""RR""]",FL_RR,"{""FL"": ""GROUND"", ""FR"": ""AIR"", ""RL"": ""AIR"", ""RR"": ""GROUND""}"
4.333333333333338,4.341666666666672,2,v003_20260805_224517_157723_manual,6,3,[0],"[""FL"", ""RL"", ""RR""]",FL_RR,"{""FL"": ""GROUND"", ""FR"": ""AIR"", ""RL"": ""GROUND"", ""RR"": ""GROUND""}"
4.350000000000006,4.35833333333334,2,v003_20260805_224517_157723_manual,6,3,[0],"[""FL"", ""RR""]",FL_RR,"{""FL"": ""GROUND"", ""FR"": ""AIR"", ""RL"": ""AIR"", ""RR"": ""GROUND""}"
4.366666666666673,4.375000000000007,2,v003_20260805_224517_157723_manual,6,3,[0],"[""FL"", ""RL"", ""RR""]",FL_RR,"{""FL"": ""GROUND"", ""FR"": ""AIR"", ""RL"": ""GROUND"", ""RR"": ""GROUND""}"
4.383333333333341,4.391666666666675,2,v003_20260805_224517_157723_manual,6,3,[0],"[""FL"", ""RR""]",FL_RR,"{""FL"": ""GROUND"", ""FR"": ""AIR"", ""RL"": ""AIR"", ""RR"": ""GROUND""}"
4.400000000000008,4.408333333333342,2,v003_20260805_224517_157723_manual,6,3,[0],"[""FL"", ""RL"", ""RR""]",FL_RR,"{""FL"": ""GROUND"", ""FR"": ""AIR"", ""RL"": ""GROUND"", ""RR"": ""GROUND""}"
4.416666666666676,4.42500000000001,2,v003_20260805_224517_157723_manual,6,3,[0],"[""FL"", ""RR""]",FL_RR,"{""FL"": ""GROUND"", ""FR"": ""AIR"", ""RL"": ""AIR"", ""RR"": ""GROUND""}"
4.433333333333343,4.433333333333343,1,v003_20260805_224517_157723_manual,6,3,[0],"[""FL"", ""RL"", ""RR""]",FL_RR,"{""FL"": ""GROUND"", ""FR"": ""AIR"", ""RL"": ""GROUND"", ""RR"": ""GROUND""}"
4.441666666666677,4.441666666666677,1,v003_20260805_224517_157723_manual,6,3,[0],"[""FL"", ""RR""]",FL_RR,"{""FL"": ""GROUND"", ""FR"": ""AIR"", ""RL"": ""AIR"", ""RR"": ""GROUND""}"
4.450000000000011,4.450000000000011,1,v003_20260805_224517_157723_manual,6,3,[0],"[""FL"", ""RL"", ""RR""]",FL_RR,"{""FL"": ""GROUND"", ""FR"": ""AIR"", ""RL"": ""GROUND"", ""RR"": ""GROUND""}"
4.458333333333345,4.525000000000015,9,v003_20260805_224517_157723_manual,6,3,[0],"[""FL"", ""RR""]",FL_RR,"{""FL"": ""GROUND"", ""FR"": ""AIR"", ""RL"": ""AIR"", ""RR"": ""GROUND""}"
4.533333333333348,4.533333333333348,1,v003_20260805_224517_157723_manual,6,3,[0],"[""FL"", ""RL"", ""RR""]",FL_RR,"{""FL"": ""GROUND"", ""FR"": ""AIR"", ""RL"": ""GROUND"", ""RR"": ""GROUND""}"
4.541666666666682,4.55833333333335,3,v003_20260805_224517_157723_manual,6,3,[0],"[""FL"", ""RR""]",FL_RR,"{""FL"": ""GROUND"", ""FR"": ""AIR"", ""RL"": ""AIR"", ""RR"": ""GROUND""}"
4.566666666666683,4.566666666666683,1,v003_20260805_224517_157723_manual,6,3,[0],"[""FL"", ""RL"", ""RR""]",FL_RR,"{""FL"": ""GROUND"", ""FR"": ""AIR"", ""RL"": ""GROUND"", ""RR"": ""GROUND""}"
4.575000000000017,4.5916666666666845,3,v003_20260805_224517_157723_manual,6,3,[0],"[""FL"", ""RR""]",FL_RR,"{""FL"": ""GROUND"", ""FR"": ""AIR"", ""RL"": ""AIR"", ""RR"": ""GROUND""}"
4.600000000000018,4.600000000000018,1,v003_20260805_224517_157723_manual,6,3,[0],"[""FL"", ""RL"", ""RR""]",FL_RR,"{""FL"": ""GROUND"", ""FR"": ""AIR"", ""RL"": ""GROUND"", ""RR"": ""GROUND""}"
4.608333333333352,4.6250000000000195,3,v003_20260805_224517_157723_manual,6,3,[0],"[""FL"", ""RR""]",FL_RR,"{""FL"": ""GROUND"", ""FR"": ""AIR"", ""RL"": ""AIR"", ""RR"": ""GROUND""}"
4.633333333333353,4.633333333333353,1,v003_20260805_224517_157723_manual,6,3,[0],"[""FL"", ""RL"", ""RR""]",FL_RR,"{""FL"": ""GROUND"", ""FR"": ""AIR"", ""RL"": ""GROUND"", ""RR"": ""GROUND""}"
4.641666666666687,4.650000000000021,2,v003_20260805_224517_157723_manual,6,3,[0],"[""FL"", ""RR""]",FL_RR,"{""FL"": ""GROUND"", ""FR"": ""AIR"", ""RL"": ""AIR"", ""RR"": ""GROUND""}"
4.6583333333333545,4.6583333333333545,1,v003_20260805_224517_157723_manual,6,3,[0],"[""FL"", ""RL"", ""RR""]",FL_RR,"{""FL"": ""GROUND"", ""FR"": ""AIR"", ""RL"": ""GROUND"", ""RR"": ""GROUND""}"
4.666666666666688,4.666666666666688,1,v003_20260805_224517_157723_manual,6,3,[0],"[""FL"", ""RR""]",FL_RR,"{""FL"": ""GROUND"", ""FR"": ""AIR"", ""RL"": ""AIR"", ""RR"": ""GROUND""}"
4.675000000000022,4.8583333333333645,23,v003_20260805_224517_157723_manual,6,3,[0],"[""FL"", ""RL"", ""RR""]",FL_RR,"{""FL"": ""GROUND"", ""FR"": ""AIR"", ""RL"": ""GROUND"", ""RR"": ""GROUND""}"
4.866666666666698,4.866666666666698,1,v003_20260805_224517_157723_manual,6,3,[0],"[""FL"", ""RR""]",FL_RR,"{""FL"": ""GROUND"", ""FR"": ""AIR"", ""RL"": ""AIR"", ""RR"": ""GROUND""}"
4.875000000000032,4.875000000000032,1,v003_20260805_224517_157723_manual,6,3,[0],"[""FL"", ""RL"", ""RR""]",FL_RR,"{""FL"": ""GROUND"", ""FR"": ""AIR"", ""RL"": ""GROUND"", ""RR"": ""GROUND""}"
4.883333333333366,4.883333333333366,1,v003_20260805_224517_157723_manual,6,3,[0],"[""FL"", ""RR""]",FL_RR,"{""FL"": ""GROUND"", ""FR"": ""AIR"", ""RL"": ""AIR"", ""RR"": ""GROUND""}"
4.8916666666666995,4.916666666666701,4,v003_20260805_224517_157723_manual,6,3,[0],"[""FL"", ""RL"", ""RR""]",FL_RR,"{""FL"": ""GROUND"", ""FR"": ""AIR"", ""RL"": ""GROUND"", ""RR"": ""GROUND""}"
4.9250000000000345,4.9250000000000345,1,v003_20260805_224517_157723_manual,6,3,[0],"[""FL"", ""RR""]",FL_RR,"{""FL"": ""GROUND"", ""FR"": ""AIR"", ""RL"": ""AIR"", ""RR"": ""GROUND""}"
4.933333333333368,4.941666666666702,2,v003_20260805_224517_157723_manual,6,3,[0],"[""FL"", ""RL"", ""RR""]",FL_RR,"{""FL"": ""GROUND"", ""FR"": ""AIR"", ""RL"": ""GROUND"", ""RR"": ""GROUND""}"
4.950000000000036,4.950000000000036,1,v003_20260805_224517_157723_manual,6,3,[0],"[""FL"", ""RR""]",FL_RR,"{""FL"": ""GROUND"", ""FR"": ""AIR"", ""RL"": ""AIR"", ""RR"": ""GROUND""}"
4.9583333333333695,4.975000000000037,3,v003_20260805_224517_157723_manual,6,3,[0],"[""FL"", ""RL"", ""RR""]",FL_RR,"{""FL"": ""GROUND"", ""FR"": ""AIR"", ""RL"": ""GROUND"", ""RR"": ""GROUND""}"
4.983333333333371,4.983333333333371,1,v003_20260805_224517_157723_manual,6,3,[0],"[""FL"", ""RR""]",FL_RR,"{""FL"": ""GROUND"", ""FR"": ""AIR"", ""RL"": ""AIR"", ""RR"": ""GROUND""}"
4.991666666666704,4.991666666666704,1,v003_20260805_224517_157723_manual,6,3,[0],"[""FL"", ""RL"", ""RR""]",FL_RR,"{""FL"": ""GROUND"", ""FR"": ""AIR"", ""RL"": ""GROUND"", ""RR"": ""GROUND""}"
5.000000000000038,5.000000000000038,1,v003_20260805_224517_157723_manual,6,3,[0],"[""FL"", ""RR""]",FL_RR,"{""FL"": ""GROUND"", ""FR"": ""AIR"", ""RL"": ""AIR"", ""RR"": ""GROUND""}"
5.008333333333372,5.008333333333372,1,v003_20260805_224517_157723_manual,6,3,[0],"[""FL"", ""RL"", ""RR""]",FL_RR,"{""FL"": ""GROUND"", ""FR"": ""AIR"", ""RL"": ""GROUND"", ""RR"": ""GROUND""}"
5.016666666666706,5.016666666666706,1,v003_20260805_224517_157723_manual,6,3,[0],"[""FL"", ""RR""]",FL_RR,"{""FL"": ""GROUND"", ""FR"": ""AIR"", ""RL"": ""AIR"", ""RR"": ""GROUND""}"
5.025000000000039,5.025000000000039,1,v003_20260805_224517_157723_manual,6,3,[0],"[""FL"", ""RL"", ""RR""]",FL_RR,"{""FL"": ""GROUND"", ""FR"": ""AIR"", ""RL"": ""GROUND"", ""RR"": ""GROUND""}"
5.033333333333373,5.033333333333373,1,v003_20260805_224517_157723_manual,6,3,[0],"[""FL"", ""RR""]",FL_RR,"{""FL"": ""GROUND"", ""FR"": ""AIR"", ""RL"": ""AIR"", ""RR"": ""GROUND""}"
5.041666666666707,5.041666666666707,1,v003_20260805_224517_157723_manual,6,3,[0],"[""FL"", ""RL"", ""RR""]",FL_RR,"{""FL"": ""GROUND"", ""FR"": ""AIR"", ""RL"": ""GROUND"", ""RR"": ""GROUND""}"
5.050000000000041,5.075000000000042,4,v003_20260805_224517_157723_manual,6,3,[0],"[""FL"", ""RR""]",FL_RR,"{""FL"": ""GROUND"", ""FR"": ""AIR"", ""RL"": ""AIR"", ""RR"": ""GROUND""}"
5.083333333333376,5.483333333333396,49,v003_20260805_224517_157723_manual,6,3,[0],"[""FL"", ""RL"", ""RR""]",FL_RR,"{""FL"": ""GROUND"", ""FR"": ""AIR"", ""RL"": ""GROUND"", ""RR"": ""GROUND""}"
5.491666666666729,5.491666666666729,1,v003_20260805_224517_157723_manual,6,3,[0],"[""FL"", ""RR""]",FL_RR,"{""FL"": ""GROUND"", ""FR"": ""AIR"", ""RL"": ""AIR"", ""RR"": ""GROUND""}"
5.500000000000063,5.591666666666734,12,v003_20260805_224517_157723_manual,6,3,[0],"[""FL"", ""RL"", ""RR""]",FL_RR,"{""FL"": ""GROUND"", ""FR"": ""AIR"", ""RL"": ""GROUND"", ""RR"": ""GROUND""}"
5.600000000000068,5.600000000000068,1,v003_20260805_224517_157723_manual,6,3,[0],"[""FL"", ""RR""]",FL_RR,"{""FL"": ""GROUND"", ""FR"": ""AIR"", ""RL"": ""AIR"", ""RR"": ""GROUND""}"
5.608333333333402,5.633333333333403,4,v003_20260805_224517_157723_manual,6,3,[0],"[""FL"", ""RL"", ""RR""]",FL_RR,"{""FL"": ""GROUND"", ""FR"": ""AIR"", ""RL"": ""GROUND"", ""RR"": ""GROUND""}"
5.641666666666737,5.641666666666737,1,v003_20260805_224517_157723_manual,6,3,[0],"[""FL"", ""RR""]",FL_RR,"{""FL"": ""GROUND"", ""FR"": ""AIR"", ""RL"": ""AIR"", ""RR"": ""GROUND""}"
5.6500000000000705,5.758333333333409,14,v003_20260805_224517_157723_manual,6,3,[0],"[""FL"", ""RL"", ""RR""]",FL_RR,"{""FL"": ""GROUND"", ""FR"": ""AIR"", ""RL"": ""GROUND"", ""RR"": ""GROUND""}"
5.766666666666743,5.775000000000077,2,v003_20260805_224517_157723_manual,6,3,[0],"[""FL"", ""RR""]",FL_RR,"{""FL"": ""GROUND"", ""FR"": ""AIR"", ""RL"": ""AIR"", ""RR"": ""GROUND""}"
5.7833333333334105,5.800000000000078,3,v003_20260805_224517_157723_manual,6,3,[0],"[""FL"", ""RL"", ""RR""]",FL_RR,"{""FL"": ""GROUND"", ""FR"": ""AIR"", ""RL"": ""GROUND"", ""RR"": ""GROUND""}"
5.808333333333412,5.808333333333412,1,v003_20260805_224517_157723_manual,6,3,[0],"[""FL"", ""RR""]",FL_RR,"{""FL"": ""GROUND"", ""FR"": ""AIR"", ""RL"": ""AIR"", ""RR"": ""GROUND""}"
5.8166666666667455,5.841666666666747,4,v003_20260805_224517_157723_manual,6,3,[0],"[""FL"", ""RL"", ""RR""]",FL_RR,"{""FL"": ""GROUND"", ""FR"": ""AIR"", ""RL"": ""GROUND"", ""RR"": ""GROUND""}"
5.8500000000000805,5.8500000000000805,1,v003_20260805_224517_157723_manual,6,3,[0],"[""FL"", ""RR""]",FL_RR,"{""FL"": ""GROUND"", ""FR"": ""AIR"", ""RL"": ""AIR"", ""RR"": ""GROUND""}"
5.858333333333414,5.891666666666749,5,v003_20260805_224517_157723_manual,6,3,[0],"[""FL"", ""RL"", ""RR""]",FL_RR,"{""FL"": ""GROUND"", ""FR"": ""AIR"", ""RL"": ""GROUND"", ""RR"": ""GROUND""}"
5.900000000000083,5.900000000000083,1,v003_20260805_224517_157723_manual,6,3,[0],"[""FL"", ""RR""]",FL_RR,"{""FL"": ""GROUND"", ""FR"": ""AIR"", ""RL"": ""AIR"", ""RR"": ""GROUND""}"
5.908333333333417,5.925000000000084,3,v003_20260805_224517_157723_manual,6,3,[0],"[""FL"", ""RL"", ""RR""]",FL_RR,"{""FL"": ""GROUND"", ""FR"": ""AIR"", ""RL"": ""GROUND"", ""RR"": ""GROUND""}"
5.933333333333418,5.933333333333418,1,v003_20260805_224517_157723_manual,6,3,[0],"[""FL"", ""RR""]",FL_RR,"{""FL"": ""GROUND"", ""FR"": ""AIR"", ""RL"": ""AIR"", ""RR"": ""GROUND""}"
5.941666666666752,5.941666666666752,1,v003_20260805_224517_157723_manual,6,3,[0],"[""FL"", ""RL"", ""RR""]",FL_RR,"{""FL"": ""GROUND"", ""FR"": ""AIR"", ""RL"": ""GROUND"", ""RR"": ""GROUND""}"
5.950000000000085,5.975000000000087,4,v003_20260805_224517_157723_manual,6,3,[0],"[""FL"", ""RR""]",FL_RR,"{""FL"": ""GROUND"", ""FR"": ""AIR"", ""RL"": ""AIR"", ""RR"": ""GROUND""}"
5.98333333333342,5.991666666666754,2,v003_20260805_224517_157723_manual,6,3,[0],"[""FL"", ""RL"", ""RR""]",FL_RR,"{""FL"": ""GROUND"", ""FR"": ""AIR"", ""RL"": ""GROUND"", ""RR"": ""GROUND""}"
6.000000000000088,6.000000000000088,1,v003_20260805_224517_157723_manual,6,3,[0],"[""FL"", ""RR""]",FL_RR,"{""FL"": ""GROUND"", ""FR"": ""AIR"", ""RL"": ""AIR"", ""RR"": ""GROUND""}"
6.008333333333422,6.025000000000089,3,v003_20260805_224517_157723_manual,6,3,[0],"[""FL"", ""RL"", ""RR""]",FL_RR,"{""FL"": ""GROUND"", ""FR"": ""AIR"", ""RL"": ""GROUND"", ""RR"": ""GROUND""}"
6.033333333333423,6.05000000000009,3,v003_20260805_224517_157723_manual,6,3,[0],"[""FL"", ""RR""]",FL_RR,"{""FL"": ""GROUND"", ""FR"": ""AIR"", ""RL"": ""AIR"", ""RR"": ""GROUND""}"
6.058333333333424,6.066666666666758,2,v003_20260805_224517_157723_manual,6,3,[0],"[""FL"", ""RL"", ""RR""]",FL_RR,"{""FL"": ""GROUND"", ""FR"": ""AIR"", ""RL"": ""GROUND"", ""RR"": ""GROUND""}"
6.075000000000092,6.091666666666759,3,v003_20260805_224517_157723_manual,6,3,[0],"[""FL"", ""RR""]",FL_RR,"{""FL"": ""GROUND"", ""FR"": ""AIR"", ""RL"": ""AIR"", ""RR"": ""GROUND""}"
6.100000000000093,6.100000000000093,1,v003_20260805_224517_157723_manual,6,3,[0],"[""FL"", ""RL"", ""RR""]",FL_RR,"{""FL"": ""GROUND"", ""FR"": ""AIR"", ""RL"": ""GROUND"", ""RR"": ""GROUND""}"
6.108333333333427,6.108333333333427,1,v003_20260805_224517_157723_manual,6,3,[0],"[""FL"", ""RR""]",FL_RR,"{""FL"": ""GROUND"", ""FR"": ""AIR"", ""RL"": ""AIR"", ""RR"": ""GROUND""}"
6.11666666666676,6.11666666666676,1,v003_20260805_224517_157723_manual,6,3,[0],"[""FL"", ""RL"", ""RR""]",FL_RR,"{""FL"": ""GROUND"", ""FR"": ""AIR"", ""RL"": ""GROUND"", ""RR"": ""GROUND""}"
6.125000000000094,6.166666666666763,6,v003_20260805_224517_157723_manual,6,3,[0],"[""FL"", ""RR""]",FL_RR,"{""FL"": ""GROUND"", ""FR"": ""AIR"", ""RL"": ""AIR"", ""RR"": ""GROUND""}"
6.175000000000097,6.175000000000097,1,v003_20260805_224517_157723_manual,6,3,[0],"[""FL"", ""RL"", ""RR""]",FL_RR,"{""FL"": ""GROUND"", ""FR"": ""AIR"", ""RL"": ""GROUND"", ""RR"": ""GROUND""}"
6.18333333333343,6.18333333333343,1,v003_20260805_224517_157723_manual,6,3,[0],"[""FL"", ""RR""]",FL_RR,"{""FL"": ""GROUND"", ""FR"": ""AIR"", ""RL"": ""AIR"", ""RR"": ""GROUND""}"
6.191666666666764,6.191666666666764,1,v003_20260805_224517_157723_manual,6,3,[0],"[""FL"", ""RL"", ""RR""]",FL_RR,"{""FL"": ""GROUND"", ""FR"": ""AIR"", ""RL"": ""GROUND"", ""RR"": ""GROUND""}"
6.200000000000098,6.375000000000107,22,v003_20260805_224517_157723_manual,6,3,[0],"[""FL"", ""RR""]",FL_RR,"{""FL"": ""GROUND"", ""FR"": ""AIR"", ""RL"": ""AIR"", ""RR"": ""GROUND""}"
6.38333333333344,6.400000000000108,3,v003_20260805_224517_157723_manual,6,3,[0],"[""FL"", ""RL"", ""RR""]",FL_RR,"{""FL"": ""GROUND"", ""FR"": ""AIR"", ""RL"": ""GROUND"", ""RR"": ""GROUND""}"
6.408333333333442,6.408333333333442,1,v003_20260805_224517_157723_manual,6,3,[0],"[""FL"", ""RR""]",FL_RR,"{""FL"": ""GROUND"", ""FR"": ""AIR"", ""RL"": ""AIR"", ""RR"": ""GROUND""}"
6.416666666666775,6.425000000000109,2,v003_20260805_224517_157723_manual,6,3,[0],"[""FL"", ""RL"", ""RR""]",FL_RR,"{""FL"": ""GROUND"", ""FR"": ""AIR"", ""RL"": ""GROUND"", ""RR"": ""GROUND""}"
6.433333333333443,6.433333333333443,1,v003_20260805_224517_157723_manual,6,3,[0],"[""FL"", ""RR""]",FL_RR,"{""FL"": ""GROUND"", ""FR"": ""AIR"", ""RL"": ""AIR"", ""RR"": ""GROUND""}"
6.441666666666777,6.45000000000011,2,v003_20260805_224517_157723_manual,6,3,[0],"[""FL"", ""RL"", ""RR""]",FL_RR,"{""FL"": ""GROUND"", ""FR"": ""AIR"", ""RL"": ""GROUND"", ""RR"": ""GROUND""}"
6.458333333333444,6.458333333333444,1,v003_20260805_224517_157723_manual,6,3,[0],"[""FL"", ""RR""]",FL_RR,"{""FL"": ""GROUND"", ""FR"": ""AIR"", ""RL"": ""AIR"", ""RR"": ""GROUND""}"
6.466666666666778,7.200000000000148,89,v003_20260805_224517_157723_manual,6,3,[0],"[""FL"", ""RL"", ""RR""]",FL_RR,"{""FL"": ""GROUND"", ""FR"": ""AIR"", ""RL"": ""GROUND"", ""RR"": ""GROUND""}"
7.208333333333481,7.208333333333481,1,v003_20260805_224517_157723_manual,6,3,[0],"[""FL"", ""RR""]",FL_RR,"{""FL"": ""GROUND"", ""FR"": ""AIR"", ""RL"": ""AIR"", ""RR"": ""GROUND""}"
7.216666666666815,7.216666666666815,1,v003_20260805_224517_157723_manual,6,3,[0],"[""FL"", ""RL"", ""RR""]",FL_RR,"{""FL"": ""GROUND"", ""FR"": ""AIR"", ""RL"": ""GROUND"", ""RR"": ""GROUND""}"
7.225000000000149,7.225000000000149,1,v003_20260805_224517_157723_manual,6,3,[0],"[""FL"", ""RR""]",FL_RR,"{""FL"": ""GROUND"", ""FR"": ""AIR"", ""RL"": ""AIR"", ""RR"": ""GROUND""}"
7.233333333333483,7.241666666666816,2,v003_20260805_224517_157723_manual,6,3,[0],"[""FL"", ""RL"", ""RR""]",FL_RR,"{""FL"": ""GROUND"", ""FR"": ""AIR"", ""RL"": ""GROUND"", ""RR"": ""GROUND""}"
7.25000000000015,7.25000000000015,1,v003_20260805_224517_157723_manual,6,3,[0],"[""FL"", ""RR""]",FL_RR,"{""FL"": ""GROUND"", ""FR"": ""AIR"", ""RL"": ""AIR"", ""RR"": ""GROUND""}"
7.258333333333484,7.275000000000151,3,v003_20260805_224517_157723_manual,6,3,[0],"[""FL"", ""RL"", ""RR""]",FL_RR,"{""FL"": ""GROUND"", ""FR"": ""AIR"", ""RL"": ""GROUND"", ""RR"": ""GROUND""}"
7.283333333333485,7.283333333333485,1,v003_20260805_224517_157723_manual,6,3,[0],"[""FL"", ""RR""]",FL_RR,"{""FL"": ""GROUND"", ""FR"": ""AIR"", ""RL"": ""AIR"", ""RR"": ""GROUND""}"
7.291666666666819,7.300000000000153,2,v003_20260805_224517_157723_manual,6,3,[0],"[""FL"", ""RL"", ""RR""]",FL_RR,"{""FL"": ""GROUND"", ""FR"": ""AIR"", ""RL"": ""GROUND"", ""RR"": ""GROUND""}"
7.308333333333486,7.308333333333486,1,v003_20260805_224517_157723_manual,6,3,[0],"[""FL"", ""RR""]",FL_RR,"{""FL"": ""GROUND"", ""FR"": ""AIR"", ""RL"": ""AIR"", ""RR"": ""GROUND""}"
7.31666666666682,7.325000000000154,2,v003_20260805_224517_157723_manual,6,3,[0],"[""FL"", ""RL"", ""RR""]",FL_RR,"{""FL"": ""GROUND"", ""FR"": ""AIR"", ""RL"": ""GROUND"", ""RR"": ""GROUND""}"
7.333333333333488,7.341666666666821,2,v003_20260805_224517_157723_manual,6,3,[0],"[""FL"", ""RR""]",FL_RR,"{""FL"": ""GROUND"", ""FR"": ""AIR"", ""RL"": ""AIR"", ""RR"": ""GROUND""}"
7.350000000000155,7.350000000000155,1,v003_20260805_224517_157723_manual,6,3,[0],"[""FL"", ""RL"", ""RR""]",FL_RR,"{""FL"": ""GROUND"", ""FR"": ""AIR"", ""RL"": ""GROUND"", ""RR"": ""GROUND""}"
7.358333333333489,7.358333333333489,1,v003_20260805_224517_157723_manual,6,3,[0],"[""FL"", ""RR""]",FL_RR,"{""FL"": ""GROUND"", ""FR"": ""AIR"", ""RL"": ""AIR"", ""RR"": ""GROUND""}"
7.366666666666823,7.366666666666823,1,v003_20260805_224517_157723_manual,6,3,[0],"[""FL"", ""RL"", ""RR""]",FL_RR,"{""FL"": ""GROUND"", ""FR"": ""AIR"", ""RL"": ""GROUND"", ""RR"": ""GROUND""}"
7.375000000000156,7.375000000000156,1,v003_20260805_224517_157723_manual,6,3,[0],"[""FL"", ""RR""]",FL_RR,"{""FL"": ""GROUND"", ""FR"": ""AIR"", ""RL"": ""AIR"", ""RR"": ""GROUND""}"
7.38333333333349,7.391666666666824,2,v003_20260805_224517_157723_manual,6,3,[0],"[""FL"", ""RL"", ""RR""]",FL_RR,"{""FL"": ""GROUND"", ""FR"": ""AIR"", ""RL"": ""GROUND"", ""RR"": ""GROUND""}"
7.400000000000158,7.408333333333491,2,v003_20260805_224517_157723_manual,6,3,[0],"[""FL"", ""RR""]",FL_RR,"{""FL"": ""GROUND"", ""FR"": ""AIR"", ""RL"": ""AIR"", ""RR"": ""GROUND""}"
7.416666666666825,7.416666666666825,1,v003_20260805_224517_157723_manual,6,3,[0],"[""FL"", ""RL"", ""RR""]",FL_RR,"{""FL"": ""GROUND"", ""FR"": ""AIR"", ""RL"": ""GROUND"", ""RR"": ""GROUND""}"
7.425000000000159,7.425000000000159,1,v003_20260805_224517_157723_manual,6,3,[0],"[""FL"", ""RR""]",FL_RR,"{""FL"": ""GROUND"", ""FR"": ""AIR"", ""RL"": ""AIR"", ""RR"": ""GROUND""}"
7.4333333333334926,7.4333333333334926,1,v003_20260805_224517_157723_manual,6,3,[0],"[""FL"", ""RL"", ""RR""]",FL_RR,"{""FL"": ""GROUND"", ""FR"": ""AIR"", ""RL"": ""GROUND"", ""RR"": ""GROUND""}"
7.441666666666826,7.483333333333495,6,v003_20260805_224517_157723_manual,6,3,[0],"[""FL"", ""RR""]",FL_RR,"{""FL"": ""GROUND"", ""FR"": ""AIR"", ""RL"": ""AIR"", ""RR"": ""GROUND""}"
7.491666666666829,7.491666666666829,1,v003_20260805_224517_157723_manual,6,3,[0],"[""FL"", ""RL"", ""RR""]",FL_RR,"{""FL"": ""GROUND"", ""FR"": ""AIR"", ""RL"": ""GROUND"", ""RR"": ""GROUND""}"
7.5000000000001625,7.5000000000001625,1,v003_20260805_224517_157723_manual,6,3,[0],"[""FL"", ""RR""]",FL_RR,"{""FL"": ""GROUND"", ""FR"": ""AIR"", ""RL"": ""AIR"", ""RR"": ""GROUND""}"
7.508333333333496,7.51666666666683,2,v003_20260805_224517_157723_manual,6,3,[0],"[""FL"", ""RL"", ""RR""]",FL_RR,"{""FL"": ""GROUND"", ""FR"": ""AIR"", ""RL"": ""GROUND"", ""RR"": ""GROUND""}"
7.525000000000164,7.525000000000164,1,v003_20260805_224517_157723_manual,6,3,[0],"[""FL"", ""RR""]",FL_RR,"{""FL"": ""GROUND"", ""FR"": ""AIR"", ""RL"": ""AIR"", ""RR"": ""GROUND""}"
7.5333333333334975,7.5333333333334975,1,v003_20260805_224517_157723_manual,6,3,[0],"[""FL"", ""RL"", ""RR""]",FL_RR,"{""FL"": ""GROUND"", ""FR"": ""AIR"", ""RL"": ""GROUND"", ""RR"": ""GROUND""}"
7.541666666666831,7.541666666666831,1,v003_20260805_224517_157723_manual,6,3,[0],"[""FL"", ""RR""]",FL_RR,"{""FL"": ""GROUND"", ""FR"": ""AIR"", ""RL"": ""AIR"", ""RR"": ""GROUND""}"
7.550000000000165,7.5666666666668325,3,v003_20260805_224517_157723_manual,6,3,[0],"[""FL"", ""RL"", ""RR""]",FL_RR,"{""FL"": ""GROUND"", ""FR"": ""AIR"", ""RL"": ""GROUND"", ""RR"": ""GROUND""}"
7.575000000000166,7.6000000000001675,4,v003_20260805_224517_157723_manual,6,3,[0],"[""FL"", ""RR""]",FL_RR,"{""FL"": ""GROUND"", ""FR"": ""AIR"", ""RL"": ""AIR"", ""RR"": ""GROUND""}"
7.608333333333501,7.608333333333501,1,v003_20260805_224517_157723_manual,6,3,[0],"[""FL"", ""RL"", ""RR""]",FL_RR,"{""FL"": ""GROUND"", ""FR"": ""AIR"", ""RL"": ""GROUND"", ""RR"": ""GROUND""}"
7.616666666666835,7.808333333333511,24,v003_20260805_224517_157723_manual,6,3,[0],"[""FL"", ""RR""]",FL_RR,"{""FL"": ""GROUND"", ""FR"": ""AIR"", ""RL"": ""AIR"", ""RR"": ""GROUND""}"
7.816666666666845,7.816666666666845,1,v003_20260805_224517_157723_manual,6,3,[0],"[""FL"", ""RL"", ""RR""]",FL_RR,"{""FL"": ""GROUND"", ""FR"": ""AIR"", ""RL"": ""GROUND"", ""RR"": ""GROUND""}"
7.825000000000179,7.950000000000185,16,v003_20260805_224517_157723_manual,6,3,[0],"[""FL"", ""RR""]",FL_RR,"{""FL"": ""GROUND"", ""FR"": ""AIR"", ""RL"": ""AIR"", ""RR"": ""GROUND""}"
7.958333333333519,7.958333333333519,1,v003_20260805_224517_157723_manual,6,3,[0],"[""FL"", ""RL"", ""RR""]",FL_RR,"{""FL"": ""GROUND"", ""FR"": ""AIR"", ""RL"": ""GROUND"", ""RR"": ""GROUND""}"
7.966666666666852,7.966666666666852,1,v003_20260805_224517_157723_manual,6,3,[0],"[""FL"", ""RR""]",FL_RR,"{""FL"": ""GROUND"", ""FR"": ""AIR"", ""RL"": ""AIR"", ""RR"": ""GROUND""}"
7.975000000000186,8.050000000000184,10,v003_20260805_224517_157723_manual,6,3,[0],"[""FL"", ""RL"", ""RR""]",FL_RR,"{""FL"": ""GROUND"", ""FR"": ""AIR"", ""RL"": ""GROUND"", ""RR"": ""GROUND""}"
8.058333333333517,8.058333333333517,1,v003_20260805_224517_157723_manual,6,3,[0],"[""FL"", ""RR""]",FL_RR,"{""FL"": ""GROUND"", ""FR"": ""AIR"", ""RL"": ""AIR"", ""RR"": ""GROUND""}"
8.06666666666685,8.083333333333515,3,v003_20260805_224517_157723_manual,6,3,[0],"[""FL"", ""RL"", ""RR""]",FL_RR,"{""FL"": ""GROUND"", ""FR"": ""AIR"", ""RL"": ""GROUND"", ""RR"": ""GROUND""}"
8.091666666666848,8.091666666666848,1,v003_20260805_224517_157723_manual,6,3,[0],"[""FL"", ""RR""]",FL_RR,"{""FL"": ""GROUND"", ""FR"": ""AIR"", ""RL"": ""AIR"", ""RR"": ""GROUND""}"
8.10000000000018,8.12500000000018,4,v003_20260805_224517_157723_manual,6,3,[0],"[""FL"", ""RL"", ""RR""]",FL_RR,"{""FL"": ""GROUND"", ""FR"": ""AIR"", ""RL"": ""GROUND"", ""RR"": ""GROUND""}"
8.133333333333512,8.133333333333512,1,v003_20260805_224517_157723_manual,6,3,[0],"[""FL"", ""RR""]",FL_RR,"{""FL"": ""GROUND"", ""FR"": ""AIR"", ""RL"": ""AIR"", ""RR"": ""GROUND""}"
8.141666666666845,8.200000000000175,8,v003_20260805_224517_157723_manual,6,3,[0],"[""FL"", ""RL"", ""RR""]",FL_RR,"{""FL"": ""GROUND"", ""FR"": ""AIR"", ""RL"": ""GROUND"", ""RR"": ""GROUND""}"
8.208333333333508,8.208333333333508,1,v003_20260805_224517_157723_manual,6,3,[0],"[""FL"", ""RR""]",FL_RR,"{""FL"": ""GROUND"", ""FR"": ""AIR"", ""RL"": ""AIR"", ""RR"": ""GROUND""}"
8.21666666666684,8.24166666666684,4,v003_20260805_224517_157723_manual,6,3,[0],"[""FL"", ""RL"", ""RR""]",FL_RR,"{""FL"": ""GROUND"", ""FR"": ""AIR"", ""RL"": ""GROUND"", ""RR"": ""GROUND""}"
8.250000000000172,8.250000000000172,1,v003_20260805_224517_157723_manual,6,3,[0],"[""FL"", ""RR""]",FL_RR,"{""FL"": ""GROUND"", ""FR"": ""AIR"", ""RL"": ""AIR"", ""RR"": ""GROUND""}"
8.258333333333505,8.283333333333504,4,v003_20260805_224517_157723_manual,6,3,[0],"[""FL"", ""RL"", ""RR""]",FL_RR,"{""FL"": ""GROUND"", ""FR"": ""AIR"", ""RL"": ""GROUND"", ""RR"": ""GROUND""}"
8.291666666666837,8.291666666666837,1,v003_20260805_224517_157723_manual,6,3,[0],"[""FL"", ""RR""]",FL_RR,"{""FL"": ""GROUND"", ""FR"": ""AIR"", ""RL"": ""AIR"", ""RR"": ""GROUND""}"
8.30000000000017,8.308333333333502,2,v003_20260805_224517_157723_manual,6,3,[0],"[""FL"", ""RL"", ""RR""]",FL_RR,"{""FL"": ""GROUND"", ""FR"": ""AIR"", ""RL"": ""GROUND"", ""RR"": ""GROUND""}"
8.316666666666835,8.316666666666835,1,v003_20260805_224517_157723_manual,6,3,[0],"[""FL"", ""RR""]",FL_RR,"{""FL"": ""GROUND"", ""FR"": ""AIR"", ""RL"": ""AIR"", ""RR"": ""GROUND""}"
8.325000000000168,8.333333333333501,2,v003_20260805_224517_157723_manual,6,3,[0],"[""FL"", ""RL"", ""RR""]",FL_RR,"{""FL"": ""GROUND"", ""FR"": ""AIR"", ""RL"": ""GROUND"", ""RR"": ""GROUND""}"
8.341666666666834,8.341666666666834,1,v003_20260805_224517_157723_manual,6,3,[0],"[""FL"", ""RR""]",FL_RR,"{""FL"": ""GROUND"", ""FR"": ""AIR"", ""RL"": ""AIR"", ""RR"": ""GROUND""}"
8.350000000000167,8.350000000000167,1,v003_20260805_224517_157723_manual,6,3,[0],"[""FL"", ""RL"", ""RR""]",FL_RR,"{""FL"": ""GROUND"", ""FR"": ""AIR"", ""RL"": ""GROUND"", ""RR"": ""GROUND""}"
8.3583333333335,8.3583333333335,1,v003_20260805_224517_157723_manual,6,3,[0],"[""FL"", ""RR""]",FL_RR,"{""FL"": ""GROUND"", ""FR"": ""AIR"", ""RL"": ""AIR"", ""RR"": ""GROUND""}"
8.366666666666832,8.408333333333497,6,v003_20260805_224517_157723_manual,6,3,[0],"[""FL"", ""RL"", ""RR""]",FL_RR,"{""FL"": ""GROUND"", ""FR"": ""AIR"", ""RL"": ""GROUND"", ""RR"": ""GROUND""}"
8.41666666666683,8.41666666666683,1,v003_20260805_224517_157723_manual,6,3,[0],"[""FL"", ""RR""]",FL_RR,"{""FL"": ""GROUND"", ""FR"": ""AIR"", ""RL"": ""AIR"", ""RR"": ""GROUND""}"
8.425000000000162,8.425000000000162,1,v003_20260805_224517_157723_manual,6,3,[0],"[""FL"", ""RL"", ""RR""]",FL_RR,"{""FL"": ""GROUND"", ""FR"": ""AIR"", ""RL"": ""GROUND"", ""RR"": ""GROUND""}"
8.433333333333495,8.433333333333495,1,v003_20260805_224517_157723_manual,6,3,[0],"[""FL"", ""RR""]",FL_RR,"{""FL"": ""GROUND"", ""FR"": ""AIR"", ""RL"": ""AIR"", ""RR"": ""GROUND""}"
8.441666666666828,8.450000000000161,2,v003_20260805_224517_157723_manual,6,3,[0],"[""FL"", ""RL"", ""RR""]",FL_RR,"{""FL"": ""GROUND"", ""FR"": ""AIR"", ""RL"": ""GROUND"", ""RR"": ""GROUND""}"
8.458333333333494,8.458333333333494,1,v003_20260805_224517_157723_manual,6,3,[0],"[""FL"", ""RR""]",FL_RR,"{""FL"": ""GROUND"", ""FR"": ""AIR"", ""RL"": ""AIR"", ""RR"": ""GROUND""}"
8.466666666666827,9.041666666666794,70,v003_20260805_224517_157723_manual,6,3,[0],"[""FL"", ""RL"", ""RR""]",FL_RR,"{""FL"": ""GROUND"", ""FR"": ""AIR"", ""RL"": ""GROUND"", ""RR"": ""GROUND""}"
9.050000000000127,9.050000000000127,1,v003_20260805_224517_157723_manual,6,3,[0],"[""FL"", ""RR""]",FL_RR,"{""FL"": ""GROUND"", ""FR"": ""AIR"", ""RL"": ""AIR"", ""RR"": ""GROUND""}"
9.05833333333346,9.05833333333346,1,v003_20260805_224517_157723_manual,6,3,[0],"[""FL"", ""RL"", ""RR""]",FL_RR,"{""FL"": ""GROUND"", ""FR"": ""AIR"", ""RL"": ""GROUND"", ""RR"": ""GROUND""}"
9.066666666666793,9.066666666666793,1,v003_20260805_224517_157723_manual,6,3,[0],"[""FL"", ""RR""]",FL_RR,"{""FL"": ""GROUND"", ""FR"": ""AIR"", ""RL"": ""AIR"", ""RR"": ""GROUND""}"
9.075000000000125,9.108333333333457,5,v003_20260805_224517_157723_manual,6,3,[0],"[""FL"", ""RL"", ""RR""]",FL_RR,"{""FL"": ""GROUND"", ""FR"": ""AIR"", ""RL"": ""GROUND"", ""RR"": ""GROUND""}"
9.11666666666679,9.11666666666679,1,v003_20260805_224517_157723_manual,6,3,[0],"[""FL"", ""RR""]",FL_RR,"{""FL"": ""GROUND"", ""FR"": ""AIR"", ""RL"": ""AIR"", ""RR"": ""GROUND""}"
9.125000000000123,9.133333333333455,2,v003_20260805_224517_157723_manual,6,3,[0],"[""FL"", ""RL"", ""RR""]",FL_RR,"{""FL"": ""GROUND"", ""FR"": ""AIR"", ""RL"": ""GROUND"", ""RR"": ""GROUND""}"
9.141666666666788,9.141666666666788,1,v003_20260805_224517_157723_manual,6,3,[0],"[""FL"", ""RR""]",FL_RR,"{""FL"": ""GROUND"", ""FR"": ""AIR"", ""RL"": ""AIR"", ""RR"": ""GROUND""}"
9.150000000000121,9.158333333333454,2,v003_20260805_224517_157723_manual,6,3,[0],"[""FL"", ""RL"", ""RR""]",FL_RR,"{""FL"": ""GROUND"", ""FR"": ""AIR"", ""RL"": ""GROUND"", ""RR"": ""GROUND""}"
9.166666666666787,9.166666666666787,1,v003_20260805_224517_157723_manual,6,3,[0],"[""FL"", ""RR""]",FL_RR,"{""FL"": ""GROUND"", ""FR"": ""AIR"", ""RL"": ""AIR"", ""RR"": ""GROUND""}"
9.17500000000012,9.17500000000012,1,v003_20260805_224517_157723_manual,6,3,[0],"[""FL"", ""RL"", ""RR""]",FL_RR,"{""FL"": ""GROUND"", ""FR"": ""AIR"", ""RL"": ""GROUND"", ""RR"": ""GROUND""}"
9.183333333333453,9.183333333333453,1,v003_20260805_224517_157723_manual,6,3,[0],"[""FL"", ""RR""]",FL_RR,"{""FL"": ""GROUND"", ""FR"": ""AIR"", ""RL"": ""AIR"", ""RR"": ""GROUND""}"
9.191666666666785,9.200000000000118,2,v003_20260805_224517_157723_manual,6,3,[0],"[""FL"", ""RL"", ""RR""]",FL_RR,"{""FL"": ""GROUND"", ""FR"": ""AIR"", ""RL"": ""GROUND"", ""RR"": ""GROUND""}"
9.208333333333451,9.216666666666784,2,v003_20260805_224517_157723_manual,6,3,[0],"[""FL"", ""RR""]",FL_RR,"{""FL"": ""GROUND"", ""FR"": ""AIR"", ""RL"": ""AIR"", ""RR"": ""GROUND""}"
9.225000000000117,9.23333333333345,2,v003_20260805_224517_157723_manual,6,3,[0],"[""FL"", ""RL"", ""RR""]",FL_RR,"{""FL"": ""GROUND"", ""FR"": ""AIR"", ""RL"": ""GROUND"", ""RR"": ""GROUND""}"
9.241666666666783,9.250000000000115,2,v003_20260805_224517_157723_manual,6,3,[0],"[""FL"", ""RR""]",FL_RR,"{""FL"": ""GROUND"", ""FR"": ""AIR"", ""RL"": ""AIR"", ""RR"": ""GROUND""}"
9.258333333333448,9.258333333333448,1,v003_20260805_224517_157723_manual,6,3,[0],"[""FL"", ""RL"", ""RR""]",FL_RR,"{""FL"": ""GROUND"", ""FR"": ""AIR"", ""RL"": ""GROUND"", ""RR"": ""GROUND""}"
9.266666666666781,9.266666666666781,1,v003_20260805_224517_157723_manual,6,3,[0],"[""FL"", ""RR""]",FL_RR,"{""FL"": ""GROUND"", ""FR"": ""AIR"", ""RL"": ""AIR"", ""RR"": ""GROUND""}"
9.275000000000114,9.283333333333447,2,v003_20260805_224517_157723_manual,6,3,[0],"[""FL"", ""RL"", ""RR""]",FL_RR,"{""FL"": ""GROUND"", ""FR"": ""AIR"", ""RL"": ""GROUND"", ""RR"": ""GROUND""}"
9.29166666666678,9.29166666666678,1,v003_20260805_224517_157723_manual,6,3,[0],"[""FL"", ""RR""]",FL_RR,"{""FL"": ""GROUND"", ""FR"": ""AIR"", ""RL"": ""AIR"", ""RR"": ""GROUND""}"
9.300000000000113,9.300000000000113,1,v003_20260805_224517_157723_manual,6,3,[0],"[""FL"", ""RL"", ""RR""]",FL_RR,"{""FL"": ""GROUND"", ""FR"": ""AIR"", ""RL"": ""GROUND"", ""RR"": ""GROUND""}"
9.308333333333445,9.316666666666778,2,v003_20260805_224517_157723_manual,6,3,[0],"[""FL"", ""RR""]",FL_RR,"{""FL"": ""GROUND"", ""FR"": ""AIR"", ""RL"": ""AIR"", ""RR"": ""GROUND""}"
9.325000000000111,9.325000000000111,1,v003_20260805_224517_157723_manual,6,3,[0],"[""FL"", ""RL"", ""RR""]",FL_RR,"{""FL"": ""GROUND"", ""FR"": ""AIR"", ""RL"": ""GROUND"", ""RR"": ""GROUND""}"
9.333333333333444,9.333333333333444,1,v003_20260805_224517_157723_manual,6,3,[0],"[""FL"", ""RR""]",FL_RR,"{""FL"": ""GROUND"", ""FR"": ""AIR"", ""RL"": ""AIR"", ""RR"": ""GROUND""}"
9.341666666666777,9.35000000000011,2,v003_20260805_224517_157723_manual,6,3,[0],"[""FL"", ""RL"", ""RR""]",FL_RR,"{""FL"": ""GROUND"", ""FR"": ""AIR"", ""RL"": ""GROUND"", ""RR"": ""GROUND""}"
9.358333333333443,9.358333333333443,1,v003_20260805_224517_157723_manual,6,3,[0],"[""FL"", ""RR""]",FL_RR,"{""FL"": ""GROUND"", ""FR"": ""AIR"", ""RL"": ""AIR"", ""RR"": ""GROUND""}"
9.366666666666775,9.366666666666775,1,v003_20260805_224517_157723_manual,6,3,[0],"[""FL"", ""RL"", ""RR""]",FL_RR,"{""FL"": ""GROUND"", ""FR"": ""AIR"", ""RL"": ""GROUND"", ""RR"": ""GROUND""}"
9.375000000000108,9.375000000000108,1,v003_20260805_224517_157723_manual,6,3,[0],"[""FL"", ""RR""]",FL_RR,"{""FL"": ""GROUND"", ""FR"": ""AIR"", ""RL"": ""AIR"", ""RR"": ""GROUND""}"
9.383333333333441,9.400000000000107,3,v003_20260805_224517_157723_manual,6,3,[0],"[""FL"", ""RL"", ""RR""]",FL_RR,"{""FL"": ""GROUND"", ""FR"": ""AIR"", ""RL"": ""GROUND"", ""RR"": ""GROUND""}"
9.40833333333344,9.40833333333344,1,v003_20260805_224517_157723_manual,6,3,[0],"[""FL"", ""RR""]",FL_RR,"{""FL"": ""GROUND"", ""FR"": ""AIR"", ""RL"": ""AIR"", ""RR"": ""GROUND""}"
9.416666666666773,9.416666666666773,1,v003_20260805_224517_157723_manual,6,3,[0],"[""FL"", ""RL"", ""RR""]",FL_RR,"{""FL"": ""GROUND"", ""FR"": ""AIR"", ""RL"": ""GROUND"", ""RR"": ""GROUND""}"
9.425000000000106,9.5250000000001,13,v003_20260805_224517_157723_manual,6,3,[0],"[""FL"", ""RR""]",FL_RR,"{""FL"": ""GROUND"", ""FR"": ""AIR"", ""RL"": ""AIR"", ""RR"": ""GROUND""}"
9.533333333333433,9.558333333333431,4,v003_20260805_224517_157723_manual,6,3,[0],"[""FL"", ""RL"", ""RR""]",FL_RR,"{""FL"": ""GROUND"", ""FR"": ""AIR"", ""RL"": ""GROUND"", ""RR"": ""GROUND""}"
9.566666666666764,9.566666666666764,1,v003_20260805_224517_157723_manual,6,3,[0],"[""FL"", ""RR""]",FL_RR,"{""FL"": ""GROUND"", ""FR"": ""AIR"", ""RL"": ""AIR"", ""RR"": ""GROUND""}"
9.575000000000097,9.783333333333418,26,v003_20260805_224517_157723_manual,6,3,[0],"[""FL"", ""RL"", ""RR""]",FL_RR,"{""FL"": ""GROUND"", ""FR"": ""AIR"", ""RL"": ""GROUND"", ""RR"": ""GROUND""}"
9.791666666666751,9.791666666666751,1,v003_20260805_224517_157723_manual,6,3,[0],"[""FL"", ""RR""]",FL_RR,"{""FL"": ""GROUND"", ""FR"": ""AIR"", ""RL"": ""AIR"", ""RR"": ""GROUND""}"
9.800000000000084,9.81666666666675,3,v003_20260805_224517_157723_manual,6,3,[0],"[""FL"", ""RL"", ""RR""]",FL_RR,"{""FL"": ""GROUND"", ""FR"": ""AIR"", ""RL"": ""GROUND"", ""RR"": ""GROUND""}"
9.825000000000083,9.825000000000083,1,v003_20260805_224517_157723_manual,6,3,[0],"[""FL"", ""RR""]",FL_RR,"{""FL"": ""GROUND"", ""FR"": ""AIR"", ""RL"": ""AIR"", ""RR"": ""GROUND""}"
9.833333333333416,9.833333333333416,1,v003_20260805_224517_157723_manual,6,3,[0],"[""FL"", ""RL"", ""RR""]",FL_RR,"{""FL"": ""GROUND"", ""FR"": ""AIR"", ""RL"": ""GROUND"", ""RR"": ""GROUND""}"
9.841666666666748,9.850000000000081,2,v003_20260805_224517_157723_manual,6,3,[0],"[""FL"", ""RR""]",FL_RR,"{""FL"": ""GROUND"", ""FR"": ""AIR"", ""RL"": ""AIR"", ""RR"": ""GROUND""}"
9.858333333333414,9.858333333333414,1,v003_20260805_224517_157723_manual,6,3,[0],"[""FL"", ""RL"", ""RR""]",FL_RR,"{""FL"": ""GROUND"", ""FR"": ""AIR"", ""RL"": ""GROUND"", ""RR"": ""GROUND""}"
9.866666666666747,9.866666666666747,1,v003_20260805_224517_157723_manual,6,3,[0],"[""FL"", ""RR""]",FL_RR,"{""FL"": ""GROUND"", ""FR"": ""AIR"", ""RL"": ""AIR"", ""RR"": ""GROUND""}"
9.87500000000008,9.87500000000008,1,v003_20260805_224517_157723_manual,6,3,[0],"[""FL"", ""RL"", ""RR""]",FL_RR,"{""FL"": ""GROUND"", ""FR"": ""AIR"", ""RL"": ""GROUND"", ""RR"": ""GROUND""}"
9.883333333333413,9.891666666666746,2,v003_20260805_224517_157723_manual,6,3,[0],"[""FL"", ""RR""]",FL_RR,"{""FL"": ""GROUND"", ""FR"": ""AIR"", ""RL"": ""AIR"", ""RR"": ""GROUND""}"
9.900000000000079,9.900000000000079,1,v003_20260805_224517_157723_manual,6,3,[0],"[""FL"", ""RL"", ""RR""]",FL_RR,"{""FL"": ""GROUND"", ""FR"": ""AIR"", ""RL"": ""GROUND"", ""RR"": ""GROUND""}"
9.908333333333411,9.966666666666741,8,v003_20260805_224517_157723_manual,6,3,[0],"[""FL"", ""RR""]",FL_RR,"{""FL"": ""GROUND"", ""FR"": ""AIR"", ""RL"": ""AIR"", ""RR"": ""GROUND""}"
9.975000000000074,9.975000000000074,1,v003_20260805_224517_157723_manual,6,3,[0],"[""FL"", ""RL"", ""RR""]",FL_RR,"{""FL"": ""GROUND"", ""FR"": ""AIR"", ""RL"": ""GROUND"", ""RR"": ""GROUND""}"
9.983333333333407,9.99166666666674,2,v003_20260805_224517_157723_manual,6,3,[0],"[""FL"", ""RR""]",FL_RR,"{""FL"": ""GROUND"", ""FR"": ""AIR"", ""RL"": ""AIR"", ""RR"": ""GROUND""}"
10.000000000000073,10.141666666666731,18,v003_20260805_224517_157723_manual,6,3,[0],"[""FL"", ""RL"", ""RR""]",FL_RR,"{""FL"": ""GROUND"", ""FR"": ""AIR"", ""RL"": ""GROUND"", ""RR"": ""GROUND""}"
10.150000000000064,10.150000000000064,1,v003_20260805_224517_157723_manual,6,3,[0],"[""FL"", ""RR""]",FL_RR,"{""FL"": ""GROUND"", ""FR"": ""AIR"", ""RL"": ""AIR"", ""RR"": ""GROUND""}"
10.158333333333397,10.22500000000006,9,v003_20260805_224517_157723_manual,6,3,[0],"[""FL"", ""RL"", ""RR""]",FL_RR,"{""FL"": ""GROUND"", ""FR"": ""AIR"", ""RL"": ""GROUND"", ""RR"": ""GROUND""}"
10.233333333333393,10.233333333333393,1,v003_20260805_224517_157723_manual,6,3,[0],"[""FL"", ""RR""]",FL_RR,"{""FL"": ""GROUND"", ""FR"": ""AIR"", ""RL"": ""AIR"", ""RR"": ""GROUND""}"
10.241666666666726,10.291666666666723,7,v003_20260805_224517_157723_manual,6,3,[0],"[""FL"", ""RL"", ""RR""]",FL_RR,"{""FL"": ""GROUND"", ""FR"": ""AIR"", ""RL"": ""GROUND"", ""RR"": ""GROUND""}"
10.300000000000056,10.308333333333389,2,v003_20260805_224517_157723_manual,6,3,[0],"[""FL"", ""RR""]",FL_RR,"{""FL"": ""GROUND"", ""FR"": ""AIR"", ""RL"": ""AIR"", ""RR"": ""GROUND""}"
10.316666666666721,10.51666666666671,25,v003_20260805_224517_157723_manual,6,3,[0],"[""FL"", ""RL"", ""RR""]",FL_RR,"{""FL"": ""GROUND"", ""FR"": ""AIR"", ""RL"": ""GROUND"", ""RR"": ""GROUND""}"
10.525000000000043,10.525000000000043,1,v003_20260805_224517_157723_manual,6,3,[0],"[""FL"", ""RR""]",FL_RR,"{""FL"": ""GROUND"", ""FR"": ""AIR"", ""RL"": ""AIR"", ""RR"": ""GROUND""}"
10.533333333333376,10.63333333333337,13,v003_20260805_224517_157723_manual,6,3,[0],"[""FL"", ""RL"", ""RR""]",FL_RR,"{""FL"": ""GROUND"", ""FR"": ""AIR"", ""RL"": ""GROUND"", ""RR"": ""GROUND""}"
10.641666666666703,10.641666666666703,1,v003_20260805_224517_157723_manual,6,3,[0],"[""FL"", ""RR""]",FL_RR,"{""FL"": ""GROUND"", ""FR"": ""AIR"", ""RL"": ""AIR"", ""RR"": ""GROUND""}"
10.650000000000036,10.733333333333364,11,v003_20260805_224517_157723_manual,6,3,[0],"[""FL"", ""RL"", ""RR""]",FL_RR,"{""FL"": ""GROUND"", ""FR"": ""AIR"", ""RL"": ""GROUND"", ""RR"": ""GROUND""}"
10.741666666666697,10.741666666666697,1,v003_20260805_224517_157723_manual,6,3,[0],"[""FL"", ""RR""]",FL_RR,"{""FL"": ""GROUND"", ""FR"": ""AIR"", ""RL"": ""AIR"", ""RR"": ""GROUND""}"
10.75000000000003,10.75000000000003,1,v003_20260805_224517_157723_manual,6,3,[0],"[""FL"", ""RL"", ""RR""]",FL_RR,"{""FL"": ""GROUND"", ""FR"": ""AIR"", ""RL"": ""GROUND"", ""RR"": ""GROUND""}"
10.758333333333363,10.758333333333363,1,v003_20260805_224517_157723_manual,6,3,[0],"[""FL"", ""RR""]",FL_RR,"{""FL"": ""GROUND"", ""FR"": ""AIR"", ""RL"": ""AIR"", ""RR"": ""GROUND""}"
10.766666666666696,10.816666666666693,7,v003_20260805_224517_157723_manual,6,3,[0],"[""FL"", ""RL"", ""RR""]",FL_RR,"{""FL"": ""GROUND"", ""FR"": ""AIR"", ""RL"": ""GROUND"", ""RR"": ""GROUND""}"
10.825000000000026,10.825000000000026,1,v003_20260805_224517_157723_manual,6,3,[0],"[""FL"", ""RR""]",FL_RR,"{""FL"": ""GROUND"", ""FR"": ""AIR"", ""RL"": ""AIR"", ""RR"": ""GROUND""}"
10.833333333333359,10.850000000000025,3,v003_20260805_224517_157723_manual,6,3,[0],"[""FL"", ""RL"", ""RR""]",FL_RR,"{""FL"": ""GROUND"", ""FR"": ""AIR"", ""RL"": ""GROUND"", ""RR"": ""GROUND""}"
10.858333333333357,10.858333333333357,1,v003_20260805_224517_157723_manual,6,3,[0],"[""FL"", ""RR""]",FL_RR,"{""FL"": ""GROUND"", ""FR"": ""AIR"", ""RL"": ""AIR"", ""RR"": ""GROUND""}"
10.86666666666669,10.891666666666689,4,v003_20260805_224517_157723_manual,6,3,[0],"[""FL"", ""RL"", ""RR""]",FL_RR,"{""FL"": ""GROUND"", ""FR"": ""AIR"", ""RL"": ""GROUND"", ""RR"": ""GROUND""}"
10.900000000000022,10.916666666666687,3,v003_20260805_224517_157723_manual,6,3,[0],"[""FL"", ""RR""]",FL_RR,"{""FL"": ""GROUND"", ""FR"": ""AIR"", ""RL"": ""AIR"", ""RR"": ""GROUND""}"
10.92500000000002,10.941666666666686,3,v003_20260805_224517_157723_manual,6,3,[0],"[""FL"", ""RL"", ""RR""]",FL_RR,"{""FL"": ""GROUND"", ""FR"": ""AIR"", ""RL"": ""GROUND"", ""RR"": ""GROUND""}"
10.950000000000019,10.950000000000019,1,v003_20260805_224517_157723_manual,6,3,[0],"[""FL"", ""RR""]",FL_RR,"{""FL"": ""GROUND"", ""FR"": ""AIR"", ""RL"": ""AIR"", ""RR"": ""GROUND""}"
10.958333333333352,10.958333333333352,1,v003_20260805_224517_157723_manual,6,3,[0],"[""FL"", ""RL"", ""RR""]",FL_RR,"{""FL"": ""GROUND"", ""FR"": ""AIR"", ""RL"": ""GROUND"", ""RR"": ""GROUND""}"
10.966666666666685,10.98333333333335,3,v003_20260805_224517_157723_manual,6,3,[0],"[""FL"", ""RR""]",FL_RR,"{""FL"": ""GROUND"", ""FR"": ""AIR"", ""RL"": ""AIR"", ""RR"": ""GROUND""}"
10.991666666666683,10.991666666666683,1,v003_20260805_224517_157723_manual,6,3,[0],"[""FL"", ""RL"", ""RR""]",FL_RR,"{""FL"": ""GROUND"", ""FR"": ""AIR"", ""RL"": ""GROUND"", ""RR"": ""GROUND""}"
11.000000000000016,11.000000000000016,1,v003_20260805_224517_157723_manual,6,3,[0],"[""FL"", ""RR""]",FL_RR,"{""FL"": ""GROUND"", ""FR"": ""AIR"", ""RL"": ""AIR"", ""RR"": ""GROUND""}"
11.008333333333349,11.008333333333349,1,v003_20260805_224517_157723_manual,6,3,[0],"[""FL"", ""RL"", ""RR""]",FL_RR,"{""FL"": ""GROUND"", ""FR"": ""AIR"", ""RL"": ""GROUND"", ""RR"": ""GROUND""}"
11.016666666666682,11.025000000000015,2,v003_20260805_224517_157723_manual,6,3,[0],"[""FL"", ""RR""]",FL_RR,"{""FL"": ""GROUND"", ""FR"": ""AIR"", ""RL"": ""AIR"", ""RR"": ""GROUND""}"
11.033333333333347,11.04166666666668,2,v003_20260805_224517_157723_manual,6,3,[0],"[""FL"", ""RL"", ""RR""]",FL_RR,"{""FL"": ""GROUND"", ""FR"": ""AIR"", ""RL"": ""GROUND"", ""RR"": ""GROUND""}"
11.050000000000013,11.075000000000012,4,v003_20260805_224517_157723_manual,6,3,[0],"[""FL"", ""RR""]",FL_RR,"{""FL"": ""GROUND"", ""FR"": ""AIR"", ""RL"": ""AIR"", ""RR"": ""GROUND""}"
11.083333333333345,11.083333333333345,1,v003_20260805_224517_157723_manual,6,3,[0],"[""FL"", ""RL"", ""RR""]",FL_RR,"{""FL"": ""GROUND"", ""FR"": ""AIR"", ""RL"": ""GROUND"", ""RR"": ""GROUND""}"
11.091666666666677,11.091666666666677,1,v003_20260805_224517_157723_manual,6,3,[0],"[""FL"", ""RR""]",FL_RR,"{""FL"": ""GROUND"", ""FR"": ""AIR"", ""RL"": ""AIR"", ""RR"": ""GROUND""}"
11.10000000000001,11.10000000000001,1,v003_20260805_224517_157723_manual,6,3,[0],"[""FL"", ""RL"", ""RR""]",FL_RR,"{""FL"": ""GROUND"", ""FR"": ""AIR"", ""RL"": ""GROUND"", ""RR"": ""GROUND""}"
11.108333333333343,11.133333333333342,4,v003_20260805_224517_157723_manual,6,3,[0],"[""FL"", ""RR""]",FL_RR,"{""FL"": ""GROUND"", ""FR"": ""AIR"", ""RL"": ""AIR"", ""RR"": ""GROUND""}"
11.141666666666675,11.141666666666675,1,v003_20260805_224517_157723_manual,6,3,[0],"[""FL"", ""RL"", ""RR""]",FL_RR,"{""FL"": ""GROUND"", ""FR"": ""AIR"", ""RL"": ""GROUND"", ""RR"": ""GROUND""}"
11.150000000000007,11.183333333333339,5,v003_20260805_224517_157723_manual,6,3,[0],"[""FL"", ""RR""]",FL_RR,"{""FL"": ""GROUND"", ""FR"": ""AIR"", ""RL"": ""AIR"", ""RR"": ""GROUND""}"
11.191666666666672,11.191666666666672,1,v003_20260805_224517_157723_manual,6,3,[0],"[""FL"", ""RL"", ""RR""]",FL_RR,"{""FL"": ""GROUND"", ""FR"": ""AIR"", ""RL"": ""GROUND"", ""RR"": ""GROUND""}"
11.200000000000005,11.200000000000005,1,v003_20260805_224517_157723_manual,6,3,[0],"[""FL"", ""RR""]",FL_RR,"{""FL"": ""GROUND"", ""FR"": ""AIR"", ""RL"": ""AIR"", ""RR"": ""GROUND""}"
11.208333333333337,11.491666666666655,35,v003_20260805_224517_157723_manual,6,3,[0],"[""FL"", ""RL"", ""RR""]",FL_RR,"{""FL"": ""GROUND"", ""FR"": ""AIR"", ""RL"": ""GROUND"", ""RR"": ""GROUND""}"
11.499999999999988,11.499999999999988,1,v003_20260805_224517_157723_manual,6,3,[0],"[""FL"", ""RR""]",FL_RR,"{""FL"": ""GROUND"", ""FR"": ""AIR"", ""RL"": ""AIR"", ""RR"": ""GROUND""}"
11.50833333333332,11.533333333333319,4,v003_20260805_224517_157723_manual,6,3,[0],"[""FL"", ""RL"", ""RR""]",FL_RR,"{""FL"": ""GROUND"", ""FR"": ""AIR"", ""RL"": ""GROUND"", ""RR"": ""GROUND""}"
11.541666666666652,11.541666666666652,1,v003_20260805_224517_157723_manual,6,3,[0],"[""FL"", ""RR""]",FL_RR,"{""FL"": ""GROUND"", ""FR"": ""AIR"", ""RL"": ""AIR"", ""RR"": ""GROUND""}"
11.549999999999985,11.774999999999972,28,v003_20260805_224517_157723_manual,6,3,[0],"[""FL"", ""RL"", ""RR""]",FL_RR,"{""FL"": ""GROUND"", ""FR"": ""AIR"", ""RL"": ""GROUND"", ""RR"": ""GROUND""}"
11.783333333333305,11.783333333333305,1,v003_20260805_224517_157723_manual,6,3,[0],"[""FL"", ""RR""]",FL_RR,"{""FL"": ""GROUND"", ""FR"": ""AIR"", ""RL"": ""AIR"", ""RR"": ""GROUND""}"
11.791666666666638,11.924999999999963,17,v003_20260805_224517_157723_manual,6,3,[0],"[""FL"", ""RL"", ""RR""]",FL_RR,"{""FL"": ""GROUND"", ""FR"": ""AIR"", ""RL"": ""GROUND"", ""RR"": ""GROUND""}"
11.933333333333296,11.933333333333296,1,v003_20260805_224517_157723_manual,6,3,[0],"[""FL"", ""RR""]",FL_RR,"{""FL"": ""GROUND"", ""FR"": ""AIR"", ""RL"": ""AIR"", ""RR"": ""GROUND""}"
11.94166666666663,11.991666666666626,7,v003_20260805_224517_157723_manual,6,3,[0],"[""FL"", ""RL"", ""RR""]",FL_RR,"{""FL"": ""GROUND"", ""FR"": ""AIR"", ""RL"": ""GROUND"", ""RR"": ""GROUND""}"
11.99999999999996,12.05833333333329,8,v003_20260805_224517_157723_manual,6,3,[0],"[""FL"", ""RR""]",FL_RR,"{""FL"": ""GROUND"", ""FR"": ""AIR"", ""RL"": ""AIR"", ""RR"": ""GROUND""}"
12.066666666666622,12.066666666666622,1,v003_20260805_224517_157723_manual,6,3,[0],"[""FL"", ""RL"", ""RR""]",FL_RR,"{""FL"": ""GROUND"", ""FR"": ""AIR"", ""RL"": ""GROUND"", ""RR"": ""GROUND""}"
12.074999999999955,12.074999999999955,1,v003_20260805_224517_157723_manual,6,3,[0],"[""FL"", ""RR""]",FL_RR,"{""FL"": ""GROUND"", ""FR"": ""AIR"", ""RL"": ""AIR"", ""RR"": ""GROUND""}"
12.083333333333288,12.083333333333288,1,v003_20260805_224517_157723_manual,6,3,[0],"[""FL"", ""RL"", ""RR""]",FL_RR,"{""FL"": ""GROUND"", ""FR"": ""AIR"", ""RL"": ""GROUND"", ""RR"": ""GROUND""}"
12.09166666666662,12.133333333333285,6,v003_20260805_224517_157723_manual,6,3,[0],"[""FL"", ""RR""]",FL_RR,"{""FL"": ""GROUND"", ""FR"": ""AIR"", ""RL"": ""AIR"", ""RR"": ""GROUND""}"
12.141666666666618,12.14999999999995,2,v003_20260805_224517_157723_manual,6,3,[0],"[""FL"", ""RL"", ""RR""]",FL_RR,"{""FL"": ""GROUND"", ""FR"": ""AIR"", ""RL"": ""GROUND"", ""RR"": ""GROUND""}"
12.158333333333283,12.166666666666616,2,v003_20260805_224517_157723_manual,6,3,[0],"[""FL"", ""RR""]",FL_RR,"{""FL"": ""GROUND"", ""FR"": ""AIR"", ""RL"": ""AIR"", ""RR"": ""GROUND""}"
12.17499999999995,12.17499999999995,1,v003_20260805_224517_157723_manual,6,3,[0],"[""FL"", ""RL"", ""RR""]",FL_RR,"{""FL"": ""GROUND"", ""FR"": ""AIR"", ""RL"": ""GROUND"", ""RR"": ""GROUND""}"
12.183333333333282,12.183333333333282,1,v003_20260805_224517_157723_manual,6,3,[0],"[""FL"", ""RR""]",FL_RR,"{""FL"": ""GROUND"", ""FR"": ""AIR"", ""RL"": ""AIR"", ""RR"": ""GROUND""}"
12.191666666666615,12.191666666666615,1,v003_20260805_224517_157723_manual,6,3,[0],"[""FL"", ""RL"", ""RR""]",FL_RR,"{""FL"": ""GROUND"", ""FR"": ""AIR"", ""RL"": ""GROUND"", ""RR"": ""GROUND""}"
12.199999999999948,12.23333333333328,5,v003_20260805_224517_157723_manual,6,3,[0],"[""FL"", ""RR""]",FL_RR,"{""FL"": ""GROUND"", ""FR"": ""AIR"", ""RL"": ""AIR"", ""RR"": ""GROUND""}"
12.241666666666612,12.358333333333272,15,v003_20260805_224517_157723_manual,6,3,[0],"[""FL"", ""RL"", ""RR""]",FL_RR,"{""FL"": ""GROUND"", ""FR"": ""AIR"", ""RL"": ""GROUND"", ""RR"": ""GROUND""}"
12.366666666666605,12.366666666666605,1,v003_20260805_224517_157723_manual,6,3,[0],"[""FL"", ""RR""]",FL_RR,"{""FL"": ""GROUND"", ""FR"": ""AIR"", ""RL"": ""AIR"", ""RR"": ""GROUND""}"
12.374999999999938,12.458333333333266,11,v003_20260805_224517_157723_manual,6,3,[0],"[""FL"", ""RL"", ""RR""]",FL_RR,"{""FL"": ""GROUND"", ""FR"": ""AIR"", ""RL"": ""GROUND"", ""RR"": ""GROUND""}"
12.4666666666666,12.4666666666666,1,v003_20260805_224517_157723_manual,6,3,[0],"[""FL"", ""RR""]",FL_RR,"{""FL"": ""GROUND"", ""FR"": ""AIR"", ""RL"": ""AIR"", ""RR"": ""GROUND""}"
12.474999999999932,12.483333333333265,2,v003_20260805_224517_157723_manual,6,3,[0],"[""FL"", ""RL"", ""RR""]",FL_RR,"{""FL"": ""GROUND"", ""FR"": ""AIR"", ""RL"": ""GROUND"", ""RR"": ""GROUND""}"
12.491666666666598,12.491666666666598,1,v003_20260805_224517_157723_manual,6,3,[0],"[""FL"", ""RR""]",FL_RR,"{""FL"": ""GROUND"", ""FR"": ""AIR"", ""RL"": ""AIR"", ""RR"": ""GROUND""}"
12.49999999999993,12.49999999999993,1,v003_20260805_224517_157723_manual,6,3,[0],"[""FL"", ""RL"", ""RR""]",FL_RR,"{""FL"": ""GROUND"", ""FR"": ""AIR"", ""RL"": ""GROUND"", ""RR"": ""GROUND""}"
12.508333333333264,12.508333333333264,1,v003_20260805_224517_157723_manual,6,3,[0],"[""FL"", ""RR""]",FL_RR,"{""FL"": ""GROUND"", ""FR"": ""AIR"", ""RL"": ""AIR"", ""RR"": ""GROUND""}"
12.516666666666596,12.516666666666596,1,v003_20260805_224517_157723_manual,6,3,[0],"[""FL"", ""RL"", ""RR""]",FL_RR,"{""FL"": ""GROUND"", ""FR"": ""AIR"", ""RL"": ""GROUND"", ""RR"": ""GROUND""}"
12.52499999999993,12.52499999999993,1,v003_20260805_224517_157723_manual,6,3,[0],"[""FL"", ""RR""]",FL_RR,"{""FL"": ""GROUND"", ""FR"": ""AIR"", ""RL"": ""AIR"", ""RR"": ""GROUND""}"
12.533333333333262,12.533333333333262,1,v003_20260805_224517_157723_manual,6,3,[0],"[""FL"", ""RL"", ""RR""]",FL_RR,"{""FL"": ""GROUND"", ""FR"": ""AIR"", ""RL"": ""GROUND"", ""RR"": ""GROUND""}"
12.541666666666595,12.549999999999928,2,v003_20260805_224517_157723_manual,6,3,[0],"[""FL"", ""RR""]",FL_RR,"{""FL"": ""GROUND"", ""FR"": ""AIR"", ""RL"": ""AIR"", ""RR"": ""GROUND""}"
12.55833333333326,12.55833333333326,1,v003_20260805_224517_157723_manual,6,3,[0],"[""FL"", ""RL"", ""RR""]",FL_RR,"{""FL"": ""GROUND"", ""FR"": ""AIR"", ""RL"": ""GROUND"", ""RR"": ""GROUND""}"
12.566666666666594,12.566666666666594,1,v003_20260805_224517_157723_manual,6,3,[0],"[""FL"", ""RR""]",FL_RR,"{""FL"": ""GROUND"", ""FR"": ""AIR"", ""RL"": ""AIR"", ""RR"": ""GROUND""}"
12.574999999999926,12.58333333333326,2,v003_20260805_224517_157723_manual,6,3,[0],"[""FL"", ""RL"", ""RR""]",FL_RR,"{""FL"": ""GROUND"", ""FR"": ""AIR"", ""RL"": ""GROUND"", ""RR"": ""GROUND""}"
12.591666666666592,12.591666666666592,1,v003_20260805_224517_157723_manual,6,3,[0],"[""FL"", ""RR""]",FL_RR,"{""FL"": ""GROUND"", ""FR"": ""AIR"", ""RL"": ""AIR"", ""RR"": ""GROUND""}"
12.599999999999925,12.599999999999925,1,v003_20260805_224517_157723_manual,6,3,[0],"[""FL"", ""RL"", ""RR""]",FL_RR,"{""FL"": ""GROUND"", ""FR"": ""AIR"", ""RL"": ""GROUND"", ""RR"": ""GROUND""}"
12.608333333333258,12.608333333333258,1,v003_20260805_224517_157723_manual,6,3,[0],"[""FL"", ""RR""]",FL_RR,"{""FL"": ""GROUND"", ""FR"": ""AIR"", ""RL"": ""AIR"", ""RR"": ""GROUND""}"
12.61666666666659,12.61666666666659,1,v003_20260805_224517_157723_manual,6,3,[0],"[""FL"", ""RL"", ""RR""]",FL_RR,"{""FL"": ""GROUND"", ""FR"": ""AIR"", ""RL"": ""GROUND"", ""RR"": ""GROUND""}"
12.624999999999924,12.633333333333256,2,v003_20260805_224517_157723_manual,6,3,[0],"[""FL"", ""RR""]",FL_RR,"{""FL"": ""GROUND"", ""FR"": ""AIR"", ""RL"": ""AIR"", ""RR"": ""GROUND""}"
12.64166666666659,12.64166666666659,1,v003_20260805_224517_157723_manual,6,3,[0],"[""FL"", ""RL"", ""RR""]",FL_RR,"{""FL"": ""GROUND"", ""FR"": ""AIR"", ""RL"": ""GROUND"", ""RR"": ""GROUND""}"
12.649999999999922,12.658333333333255,2,v003_20260805_224517_157723_manual,6,3,[0],"[""FL"", ""RR""]",FL_RR,"{""FL"": ""GROUND"", ""FR"": ""AIR"", ""RL"": ""AIR"", ""RR"": ""GROUND""}"
12.666666666666588,12.666666666666588,1,v003_20260805_224517_157723_manual,6,3,[0],"[""FL"", ""RL"", ""RR""]",FL_RR,"{""FL"": ""GROUND"", ""FR"": ""AIR"", ""RL"": ""GROUND"", ""RR"": ""GROUND""}"
12.67499999999992,12.67499999999992,1,v003_20260805_224517_157723_manual,6,3,[0],"[""FL"", ""RR""]",FL_RR,"{""FL"": ""GROUND"", ""FR"": ""AIR"", ""RL"": ""AIR"", ""RR"": ""GROUND""}"
12.683333333333254,12.683333333333254,1,v003_20260805_224517_157723_manual,6,3,[0],"[""FL"", ""RL"", ""RR""]",FL_RR,"{""FL"": ""GROUND"", ""FR"": ""AIR"", ""RL"": ""GROUND"", ""RR"": ""GROUND""}"
12.691666666666586,12.691666666666586,1,v003_20260805_224517_157723_manual,6,3,[0],"[""FL"", ""RR""]",FL_RR,"{""FL"": ""GROUND"", ""FR"": ""AIR"", ""RL"": ""AIR"", ""RR"": ""GROUND""}"
12.69999999999992,12.69999999999992,1,v003_20260805_224517_157723_manual,6,3,[0],"[""FL"", ""RL"", ""RR""]",FL_RR,"{""FL"": ""GROUND"", ""FR"": ""AIR"", ""RL"": ""GROUND"", ""RR"": ""GROUND""}"
12.708333333333252,12.708333333333252,1,v003_20260805_224517_157723_manual,6,3,[0],"[""FL"", ""RR""]",FL_RR,"{""FL"": ""GROUND"", ""FR"": ""AIR"", ""RL"": ""AIR"", ""RR"": ""GROUND""}"
12.716666666666585,12.716666666666585,1,v003_20260805_224517_157723_manual,6,3,[0],"[""FL"", ""RL"", ""RR""]",FL_RR,"{""FL"": ""GROUND"", ""FR"": ""AIR"", ""RL"": ""GROUND"", ""RR"": ""GROUND""}"
12.724999999999918,12.766666666666582,6,v003_20260805_224517_157723_manual,6,3,[0],"[""FL"", ""RR""]",FL_RR,"{""FL"": ""GROUND"", ""FR"": ""AIR"", ""RL"": ""AIR"", ""RR"": ""GROUND""}"
12.774999999999915,12.774999999999915,1,v003_20260805_224517_157723_manual,6,3,[0],"[""FL"", ""RL"", ""RR""]",FL_RR,"{""FL"": ""GROUND"", ""FR"": ""AIR"", ""RL"": ""GROUND"", ""RR"": ""GROUND""}"
12.783333333333248,12.866666666666577,11,v003_20260805_224517_157723_manual,6,3,[0],"[""FL"", ""RR""]",FL_RR,"{""FL"": ""GROUND"", ""FR"": ""AIR"", ""RL"": ""AIR"", ""RR"": ""GROUND""}"
12.87499999999991,12.899999999999908,4,v003_20260805_224517_157723_manual,6,3,[0],"[""FL"", ""RL"", ""RR""]",FL_RR,"{""FL"": ""GROUND"", ""FR"": ""AIR"", ""RL"": ""GROUND"", ""RR"": ""GROUND""}"
12.90833333333324,12.90833333333324,1,v003_20260805_224517_157723_manual,6,3,[0],"[""FL"", ""RR""]",FL_RR,"{""FL"": ""GROUND"", ""FR"": ""AIR"", ""RL"": ""AIR"", ""RR"": ""GROUND""}"
12.916666666666574,12.958333333333238,6,v003_20260805_224517_157723_manual,6,3,[0],"[""FL"", ""RL"", ""RR""]",FL_RR,"{""FL"": ""GROUND"", ""FR"": ""AIR"", ""RL"": ""GROUND"", ""RR"": ""GROUND""}"
12.96666666666657,12.96666666666657,1,v003_20260805_224517_157723_manual,6,3,[0],"[""FL"", ""RR""]",FL_RR,"{""FL"": ""GROUND"", ""FR"": ""AIR"", ""RL"": ""AIR"", ""RR"": ""GROUND""}"
12.974999999999904,12.983333333333237,2,v003_20260805_224517_157723_manual,6,3,[0],"[""FL"", ""RL"", ""RR""]",FL_RR,"{""FL"": ""GROUND"", ""FR"": ""AIR"", ""RL"": ""GROUND"", ""RR"": ""GROUND""}"
12.99166666666657,12.99166666666657,1,v003_20260805_224517_157723_manual,6,3,[0],"[""FL"", ""RR""]",FL_RR,"{""FL"": ""GROUND"", ""FR"": ""AIR"", ""RL"": ""AIR"", ""RR"": ""GROUND""}"
12.999999999999902,13.008333333333235,2,v003_20260805_224517_157723_manual,6,3,[0],"[""FL"", ""RL"", ""RR""]",FL_RR,"{""FL"": ""GROUND"", ""FR"": ""AIR"", ""RL"": ""GROUND"", ""RR"": ""GROUND""}"
13.016666666666568,13.016666666666568,1,v003_20260805_224517_157723_manual,6,3,[0],"[""FL"", ""RR""]",FL_RR,"{""FL"": ""GROUND"", ""FR"": ""AIR"", ""RL"": ""AIR"", ""RR"": ""GROUND""}"
13.0249999999999,13.0249999999999,1,v003_20260805_224517_157723_manual,6,3,[0],"[""FL"", ""RL"", ""RR""]",FL_RR,"{""FL"": ""GROUND"", ""FR"": ""AIR"", ""RL"": ""GROUND"", ""RR"": ""GROUND""}"
13.033333333333234,13.041666666666567,2,v003_20260805_224517_157723_manual,6,3,[0],"[""FL"", ""RR""]",FL_RR,"{""FL"": ""GROUND"", ""FR"": ""AIR"", ""RL"": ""AIR"", ""RR"": ""GROUND""}"
13.0499999999999,13.0499999999999,1,v003_20260805_224517_157723_manual,6,3,[0],"[""FL"", ""RL"", ""RR""]",FL_RR,"{""FL"": ""GROUND"", ""FR"": ""AIR"", ""RL"": ""GROUND"", ""RR"": ""GROUND""}"
13.058333333333232,13.066666666666565,2,v003_20260805_224517_157723_manual,6,3,[0],"[""FL"", ""RR""]",FL_RR,"{""FL"": ""GROUND"", ""FR"": ""AIR"", ""RL"": ""AIR"", ""RR"": ""GROUND""}"
13.074999999999898,13.141666666666561,9,v003_20260805_224517_157723_manual,6,3,[0],"[""FL"", ""RL"", ""RR""]",FL_RR,"{""FL"": ""GROUND"", ""FR"": ""AIR"", ""RL"": ""GROUND"", ""RR"": ""GROUND""}"
13.149999999999894,13.158333333333227,2,v003_20260805_224517_157723_manual,6,3,[0],"[""FL"", ""RR""]",FL_RR,"{""FL"": ""GROUND"", ""FR"": ""AIR"", ""RL"": ""AIR"", ""RR"": ""GROUND""}"
13.16666666666656,13.183333333333225,3,v003_20260805_224517_157723_manual,6,3,[0],"[""FL"", ""RL"", ""RR""]",FL_RR,"{""FL"": ""GROUND"", ""FR"": ""AIR"", ""RL"": ""GROUND"", ""RR"": ""GROUND""}"
13.191666666666558,13.199999999999891,2,v003_20260805_224517_157723_manual,6,3,[0],"[""FL"", ""RR""]",FL_RR,"{""FL"": ""GROUND"", ""FR"": ""AIR"", ""RL"": ""AIR"", ""RR"": ""GROUND""}"
13.208333333333224,13.22499999999989,3,v003_20260805_224517_157723_manual,6,3,[0],"[""FL"", ""RL"", ""RR""]",FL_RR,"{""FL"": ""GROUND"", ""FR"": ""AIR"", ""RL"": ""GROUND"", ""RR"": ""GROUND""}"
13.233333333333222,13.233333333333222,1,v003_20260805_224517_157723_manual,6,3,[0],"[""FL"", ""RR""]",FL_RR,"{""FL"": ""GROUND"", ""FR"": ""AIR"", ""RL"": ""AIR"", ""RR"": ""GROUND""}"
13.241666666666555,13.241666666666555,1,v003_20260805_224517_157723_manual,6,3,[0],"[""FL"", ""RL"", ""RR""]",FL_RR,"{""FL"": ""GROUND"", ""FR"": ""AIR"", ""RL"": ""GROUND"", ""RR"": ""GROUND""}"
13.249999999999888,13.266666666666554,3,v003_20260805_224517_157723_manual,6,3,[0],"[""FL"", ""RR""]",FL_RR,"{""FL"": ""GROUND"", ""FR"": ""AIR"", ""RL"": ""AIR"", ""RR"": ""GROUND""}"
13.274999999999887,13.28333333333322,2,v003_20260805_224517_157723_manual,6,3,[0],"[""FL"", ""RL"", ""RR""]",FL_RR,"{""FL"": ""GROUND"", ""FR"": ""AIR"", ""RL"": ""GROUND"", ""RR"": ""GROUND""}"
13.291666666666552,13.383333333333214,12,v003_20260805_224517_157723_manual,6,3,[0],"[""FL"", ""RR""]",FL_RR,"{""FL"": ""GROUND"", ""FR"": ""AIR"", ""RL"": ""AIR"", ""RR"": ""GROUND""}"
13.391666666666547,13.391666666666547,1,v003_20260805_224517_157723_manual,6,3,[0],"[""FL"", ""RL"", ""RR""]",FL_RR,"{""FL"": ""GROUND"", ""FR"": ""AIR"", ""RL"": ""GROUND"", ""RR"": ""GROUND""}"
13.39999999999988,13.508333333333207,14,v003_20260805_224517_157723_manual,6,3,[0],"[""FL"", ""RR""]",FL_RR,"{""FL"": ""GROUND"", ""FR"": ""AIR"", ""RL"": ""AIR"", ""RR"": ""GROUND""}"
13.51666666666654,13.558333333333204,6,v003_20260805_224517_157723_manual,6,3,[0],"[""FL"", ""RL"", ""RR""]",FL_RR,"{""FL"": ""GROUND"", ""FR"": ""AIR"", ""RL"": ""GROUND"", ""RR"": ""GROUND""}"
13.566666666666537,13.566666666666537,1,v003_20260805_224517_157723_manual,6,3,[0],"[""FL"", ""RR""]",FL_RR,"{""FL"": ""GROUND"", ""FR"": ""AIR"", ""RL"": ""AIR"", ""RR"": ""GROUND""}"
13.57499999999987,13.583333333333202,2,v003_20260805_224517_157723_manual,6,3,[0],"[""FL"", ""RL"", ""RR""]",FL_RR,"{""FL"": ""GROUND"", ""FR"": ""AIR"", ""RL"": ""GROUND"", ""RR"": ""GROUND""}"
13.591666666666535,13.591666666666535,1,v003_20260805_224517_157723_manual,6,3,[0],"[""FL"", ""RR""]",FL_RR,"{""FL"": ""GROUND"", ""FR"": ""AIR"", ""RL"": ""AIR"", ""RR"": ""GROUND""}"
13.599999999999868,13.599999999999868,1,v003_20260805_224517_157723_manual,6,3,[0],"[""FL"", ""RL"", ""RR""]",FL_RR,"{""FL"": ""GROUND"", ""FR"": ""AIR"", ""RL"": ""GROUND"", ""RR"": ""GROUND""}"
13.608333333333201,13.608333333333201,1,v003_20260805_224517_157723_manual,6,3,[0],"[""FL"", ""RR""]",FL_RR,"{""FL"": ""GROUND"", ""FR"": ""AIR"", ""RL"": ""AIR"", ""RR"": ""GROUND""}"
13.616666666666534,13.641666666666532,4,v003_20260805_224517_157723_manual,6,3,[0],"[""FL"", ""RL"", ""RR""]",FL_RR,"{""FL"": ""GROUND"", ""FR"": ""AIR"", ""RL"": ""GROUND"", ""RR"": ""GROUND""}"
13.649999999999865,13.649999999999865,1,v003_20260805_224517_157723_manual,6,3,[0],"[""FL"", ""RR""]",FL_RR,"{""FL"": ""GROUND"", ""FR"": ""AIR"", ""RL"": ""AIR"", ""RR"": ""GROUND""}"
13.658333333333198,13.683333333333197,4,v003_20260805_224517_157723_manual,6,3,[0],"[""FL"", ""RL"", ""RR""]",FL_RR,"{""FL"": ""GROUND"", ""FR"": ""AIR"", ""RL"": ""GROUND"", ""RR"": ""GROUND""}"
13.69166666666653,13.69166666666653,1,v003_20260805_224517_157723_manual,6,3,[0],"[""FL"", ""RR""]",FL_RR,"{""FL"": ""GROUND"", ""FR"": ""AIR"", ""RL"": ""AIR"", ""RR"": ""GROUND""}"
13.699999999999863,13.708333333333195,2,v003_20260805_224517_157723_manual,6,3,[0],"[""FL"", ""RL"", ""RR""]",FL_RR,"{""FL"": ""GROUND"", ""FR"": ""AIR"", ""RL"": ""GROUND"", ""RR"": ""GROUND""}"
13.716666666666528,13.716666666666528,1,v003_20260805_224517_157723_manual,6,3,[0],"[""FL"", ""RR""]",FL_RR,"{""FL"": ""GROUND"", ""FR"": ""AIR"", ""RL"": ""AIR"", ""RR"": ""GROUND""}"
13.724999999999861,13.758333333333193,5,v003_20260805_224517_157723_manual,6,3,[0],"[""FL"", ""RL"", ""RR""]",FL_RR,"{""FL"": ""GROUND"", ""FR"": ""AIR"", ""RL"": ""GROUND"", ""RR"": ""GROUND""}"
13.766666666666525,13.766666666666525,1,v003_20260805_224517_157723_manual,6,3,[0],"[""FL"", ""RR""]",FL_RR,"{""FL"": ""GROUND"", ""FR"": ""AIR"", ""RL"": ""AIR"", ""RR"": ""GROUND""}"
13.774999999999858,13.774999999999858,1,v003_20260805_224517_157723_manual,6,3,[0],"[""FL"", ""RL"", ""RR""]",FL_RR,"{""FL"": ""GROUND"", ""FR"": ""AIR"", ""RL"": ""GROUND"", ""RR"": ""GROUND""}"
13.783333333333191,13.783333333333191,1,v003_20260805_224517_157723_manual,6,3,[0],"[""FL"", ""RR""]",FL_RR,"{""FL"": ""GROUND"", ""FR"": ""AIR"", ""RL"": ""AIR"", ""RR"": ""GROUND""}"
13.791666666666524,13.799999999999857,2,v003_20260805_224517_157723_manual,6,3,[0],"[""FL"", ""RL"", ""RR""]",FL_RR,"{""FL"": ""GROUND"", ""FR"": ""AIR"", ""RL"": ""GROUND"", ""RR"": ""GROUND""}"
13.80833333333319,13.80833333333319,1,v003_20260805_224517_157723_manual,6,3,[0],"[""FL"", ""RR""]",FL_RR,"{""FL"": ""GROUND"", ""FR"": ""AIR"", ""RL"": ""AIR"", ""RR"": ""GROUND""}"
13.816666666666523,13.833333333333188,3,v003_20260805_224517_157723_manual,6,3,[0],"[""FL"", ""RL"", ""RR""]",FL_RR,"{""FL"": ""GROUND"", ""FR"": ""AIR"", ""RL"": ""GROUND"", ""RR"": ""GROUND""}"
13.841666666666521,13.841666666666521,1,v003_20260805_224517_157723_manual,6,3,[0],"[""FL"", ""RR""]",FL_RR,"{""FL"": ""GROUND"", ""FR"": ""AIR"", ""RL"": ""AIR"", ""RR"": ""GROUND""}"
13.849999999999854,13.858333333333187,2,v003_20260805_224517_157723_manual,6,3,[0],"[""FL"", ""RL"", ""RR""]",FL_RR,"{""FL"": ""GROUND"", ""FR"": ""AIR"", ""RL"": ""GROUND"", ""RR"": ""GROUND""}"
13.86666666666652,13.86666666666652,1,v003_20260805_224517_157723_manual,6,3,[0],"[""FL"", ""RR""]",FL_RR,"{""FL"": ""GROUND"", ""FR"": ""AIR"", ""RL"": ""AIR"", ""RR"": ""GROUND""}"
13.874999999999853,13.891666666666518,3,v003_20260805_224517_157723_manual,6,3,[0],"[""FL"", ""RL"", ""RR""]",FL_RR,"{""FL"": ""GROUND"", ""FR"": ""AIR"", ""RL"": ""GROUND"", ""RR"": ""GROUND""}"
13.899999999999851,13.899999999999851,1,v003_20260805_224517_157723_manual,6,3,[0],"[""FL"", ""RR""]",FL_RR,"{""FL"": ""GROUND"", ""FR"": ""AIR"", ""RL"": ""AIR"", ""RR"": ""GROUND""}"
13.908333333333184,13.908333333333184,1,v003_20260805_224517_157723_manual,6,3,[0],"[""FL"", ""RL"", ""RR""]",FL_RR,"{""FL"": ""GROUND"", ""FR"": ""AIR"", ""RL"": ""GROUND"", ""RR"": ""GROUND""}"
13.916666666666517,13.92499999999985,2,v003_20260805_224517_157723_manual,6,3,[0],"[""FL"", ""RR""]",FL_RR,"{""FL"": ""GROUND"", ""FR"": ""AIR"", ""RL"": ""AIR"", ""RR"": ""GROUND""}"
13.933333333333183,13.941666666666515,2,v003_20260805_224517_157723_manual,6,3,[0],"[""FL"", ""RL"", ""RR""]",FL_RR,"{""FL"": ""GROUND"", ""FR"": ""AIR"", ""RL"": ""GROUND"", ""RR"": ""GROUND""}"
13.949999999999848,13.949999999999848,1,v003_20260805_224517_157723_manual,6,3,[0],"[""FL"", ""RR""]",FL_RR,"{""FL"": ""GROUND"", ""FR"": ""AIR"", ""RL"": ""AIR"", ""RR"": ""GROUND""}"
13.958333333333181,13.966666666666514,2,v003_20260805_224517_157723_manual,6,3,[0],"[""FL"", ""RL"", ""RR""]",FL_RR,"{""FL"": ""GROUND"", ""FR"": ""AIR"", ""RL"": ""GROUND"", ""RR"": ""GROUND""}"
13.974999999999847,13.974999999999847,1,v003_20260805_224517_157723_manual,6,3,[0],"[""FL"", ""RR""]",FL_RR,"{""FL"": ""GROUND"", ""FR"": ""AIR"", ""RL"": ""AIR"", ""RR"": ""GROUND""}"
13.98333333333318,13.98333333333318,1,v003_20260805_224517_157723_manual,6,3,[0],"[""FL"", ""RL"", ""RR""]",FL_RR,"{""FL"": ""GROUND"", ""FR"": ""AIR"", ""RL"": ""GROUND"", ""RR"": ""GROUND""}"
13.991666666666513,13.999999999999845,2,v003_20260805_224517_157723_manual,6,3,[0],"[""FL"", ""RR""]",FL_RR,"{""FL"": ""GROUND"", ""FR"": ""AIR"", ""RL"": ""AIR"", ""RR"": ""GROUND""}"
14.008333333333178,14.008333333333178,1,v003_20260805_224517_157723_manual,6,3,[0],"[""FL"", ""RL"", ""RR""]",FL_RR,"{""FL"": ""GROUND"", ""FR"": ""AIR"", ""RL"": ""GROUND"", ""RR"": ""GROUND""}"
14.016666666666511,14.04166666666651,4,v003_20260805_224517_157723_manual,6,3,[0],"[""FL"", ""RR""]",FL_RR,"{""FL"": ""GROUND"", ""FR"": ""AIR"", ""RL"": ""AIR"", ""RR"": ""GROUND""}"
14.049999999999843,14.049999999999843,1,v003_20260805_224517_157723_manual,6,3,[0],"[""FL"", ""RL"", ""RR""]",FL_RR,"{""FL"": ""GROUND"", ""FR"": ""AIR"", ""RL"": ""GROUND"", ""RR"": ""GROUND""}"
14.058333333333175,14.058333333333175,1,v003_20260805_224517_157723_manual,6,3,[0],"[""FL"", ""RR""]",FL_RR,"{""FL"": ""GROUND"", ""FR"": ""AIR"", ""RL"": ""AIR"", ""RR"": ""GROUND""}"
14.066666666666508,14.066666666666508,1,v003_20260805_224517_157723_manual,6,3,[0],"[""FL"", ""RL"", ""RR""]",FL_RR,"{""FL"": ""GROUND"", ""FR"": ""AIR"", ""RL"": ""GROUND"", ""RR"": ""GROUND""}"
14.074999999999841,14.074999999999841,1,v003_20260805_224517_157723_manual,6,3,[0],"[""FL"", ""RR""]",FL_RR,"{""FL"": ""GROUND"", ""FR"": ""AIR"", ""RL"": ""AIR"", ""RR"": ""GROUND""}"
14.083333333333174,14.091666666666507,2,v003_20260805_224517_157723_manual,6,3,[0],"[""FL"", ""RL"", ""RR""]",FL_RR,"{""FL"": ""GROUND"", ""FR"": ""AIR"", ""RL"": ""GROUND"", ""RR"": ""GROUND""}"
14.09999999999984,14.116666666666505,3,v003_20260805_224517_157723_manual,6,3,[0],"[""FL"", ""RR""]",FL_RR,"{""FL"": ""GROUND"", ""FR"": ""AIR"", ""RL"": ""AIR"", ""RR"": ""GROUND""}"
14.124999999999838,14.124999999999838,1,v003_20260805_224517_157723_manual,6,3,[0],"[""FL"", ""RL"", ""RR""]",FL_RR,"{""FL"": ""GROUND"", ""FR"": ""AIR"", ""RL"": ""GROUND"", ""RR"": ""GROUND""}"
14.133333333333171,14.166666666666503,5,v003_20260805_224517_157723_manual,6,3,[0],"[""FL"", ""RR""]",FL_RR,"{""FL"": ""GROUND"", ""FR"": ""AIR"", ""RL"": ""AIR"", ""RR"": ""GROUND""}"
14.174999999999836,14.616666666666477,54,v003_20260805_224517_157723_manual,6,3,[0],"[""FL"", ""RL"", ""RR""]",FL_RR,"{""FL"": ""GROUND"", ""FR"": ""AIR"", ""RL"": ""GROUND"", ""RR"": ""GROUND""}"
14.62499999999981,14.62499999999981,1,v003_20260805_224517_157723_manual,6,3,[0],"[""FL"", ""RR""]",FL_RR,"{""FL"": ""GROUND"", ""FR"": ""AIR"", ""RL"": ""AIR"", ""RR"": ""GROUND""}"
14.633333333333143,14.649999999999809,3,v003_20260805_224517_157723_manual,6,3,[0],"[""FL"", ""RL"", ""RR""]",FL_RR,"{""FL"": ""GROUND"", ""FR"": ""AIR"", ""RL"": ""GROUND"", ""RR"": ""GROUND""}"
14.658333333333141,14.658333333333141,1,v003_20260805_224517_157723_manual,6,3,[0],"[""FL"", ""RR""]",FL_RR,"{""FL"": ""GROUND"", ""FR"": ""AIR"", ""RL"": ""AIR"", ""RR"": ""GROUND""}"
14.666666666666474,14.68333333333314,3,v003_20260805_224517_157723_manual,6,3,[0],"[""FL"", ""RL"", ""RR""]",FL_RR,"{""FL"": ""GROUND"", ""FR"": ""AIR"", ""RL"": ""GROUND"", ""RR"": ""GROUND""}"
14.691666666666473,14.691666666666473,1,v003_20260805_224517_157723_manual,6,3,[0],"[""FL"", ""RR""]",FL_RR,"{""FL"": ""GROUND"", ""FR"": ""AIR"", ""RL"": ""AIR"", ""RR"": ""GROUND""}"
14.699999999999806,14.716666666666471,3,v003_20260805_224517_157723_manual,6,3,[0],"[""FL"", ""RL"", ""RR""]",FL_RR,"{""FL"": ""GROUND"", ""FR"": ""AIR"", ""RL"": ""GROUND"", ""RR"": ""GROUND""}"
14.724999999999804,14.724999999999804,1,v003_20260805_224517_157723_manual,6,3,[0],"[""FL"", ""RR""]",FL_RR,"{""FL"": ""GROUND"", ""FR"": ""AIR"", ""RL"": ""AIR"", ""RR"": ""GROUND""}"
14.733333333333137,14.74166666666647,2,v003_20260805_224517_157723_manual,6,3,[0],"[""FL"", ""RL"", ""RR""]",FL_RR,"{""FL"": ""GROUND"", ""FR"": ""AIR"", ""RL"": ""GROUND"", ""RR"": ""GROUND""}"
14.749999999999803,14.749999999999803,1,v003_20260805_224517_157723_manual,6,3,[0],"[""FL"", ""RR""]",FL_RR,"{""FL"": ""GROUND"", ""FR"": ""AIR"", ""RL"": ""AIR"", ""RR"": ""GROUND""}"
14.758333333333136,14.766666666666469,2,v003_20260805_224517_157723_manual,6,3,[0],"[""FL"", ""RL"", ""RR""]",FL_RR,"{""FL"": ""GROUND"", ""FR"": ""AIR"", ""RL"": ""GROUND"", ""RR"": ""GROUND""}"
14.774999999999801,14.774999999999801,1,v003_20260805_224517_157723_manual,6,3,[0],"[""FL"", ""RR""]",FL_RR,"{""FL"": ""GROUND"", ""FR"": ""AIR"", ""RL"": ""AIR"", ""RR"": ""GROUND""}"
14.783333333333134,14.783333333333134,1,v003_20260805_224517_157723_manual,6,3,[0],"[""FL"", ""RL"", ""RR""]",FL_RR,"{""FL"": ""GROUND"", ""FR"": ""AIR"", ""RL"": ""GROUND"", ""RR"": ""GROUND""}"
14.791666666666467,14.791666666666467,1,v003_20260805_224517_157723_manual,6,3,[0],"[""FL"", ""RR""]",FL_RR,"{""FL"": ""GROUND"", ""FR"": ""AIR"", ""RL"": ""AIR"", ""RR"": ""GROUND""}"
14.7999999999998,14.7999999999998,1,v003_20260805_224517_157723_manual,6,3,[0],"[""FL"", ""RL"", ""RR""]",FL_RR,"{""FL"": ""GROUND"", ""FR"": ""AIR"", ""RL"": ""GROUND"", ""RR"": ""GROUND""}"
14.808333333333133,14.816666666666466,2,v003_20260805_224517_157723_manual,6,3,[0],"[""FL"", ""RR""]",FL_RR,"{""FL"": ""GROUND"", ""FR"": ""AIR"", ""RL"": ""AIR"", ""RR"": ""GROUND""}"
14.824999999999799,14.824999999999799,1,v003_20260805_224517_157723_manual,6,3,[0],"[""FL"", ""RL"", ""RR""]",FL_RR,"{""FL"": ""GROUND"", ""FR"": ""AIR"", ""RL"": ""GROUND"", ""RR"": ""GROUND""}"
14.833333333333131,14.841666666666464,2,v003_20260805_224517_157723_manual,6,3,[0],"[""FL"", ""RR""]",FL_RR,"{""FL"": ""GROUND"", ""FR"": ""AIR"", ""RL"": ""AIR"", ""RR"": ""GROUND""}"
14.849999999999797,14.849999999999797,1,v003_20260805_224517_157723_manual,6,3,[0],"[""FL"", ""RL"", ""RR""]",FL_RR,"{""FL"": ""GROUND"", ""FR"": ""AIR"", ""RL"": ""GROUND"", ""RR"": ""GROUND""}"
14.85833333333313,14.866666666666463,2,v003_20260805_224517_157723_manual,6,3,[0],"[""FL"", ""RR""]",FL_RR,"{""FL"": ""GROUND"", ""FR"": ""AIR"", ""RL"": ""AIR"", ""RR"": ""GROUND""}"
14.874999999999796,14.874999999999796,1,v003_20260805_224517_157723_manual,6,3,[0],"[""FL"", ""RL"", ""RR""]",FL_RR,"{""FL"": ""GROUND"", ""FR"": ""AIR"", ""RL"": ""GROUND"", ""RR"": ""GROUND""}"
14.883333333333129,14.908333333333127,4,v003_20260805_224517_157723_manual,6,3,[0],"[""FL"", ""RR""]",FL_RR,"{""FL"": ""GROUND"", ""FR"": ""AIR"", ""RL"": ""AIR"", ""RR"": ""GROUND""}"
14.91666666666646,14.91666666666646,1,v003_20260805_224517_157723_manual,6,3,[0],"[""FL"", ""RL"", ""RR""]",FL_RR,"{""FL"": ""GROUND"", ""FR"": ""AIR"", ""RL"": ""GROUND"", ""RR"": ""GROUND""}"
14.924999999999793,14.949999999999791,4,v003_20260805_224517_157723_manual,6,3,[0],"[""FL"", ""RR""]",FL_RR,"{""FL"": ""GROUND"", ""FR"": ""AIR"", ""RL"": ""AIR"", ""RR"": ""GROUND""}"
14.958333333333124,14.958333333333124,1,v003_20260805_224517_157723_manual,6,3,[0],"[""FL"", ""RL"", ""RR""]",FL_RR,"{""FL"": ""GROUND"", ""FR"": ""AIR"", ""RL"": ""GROUND"", ""RR"": ""GROUND""}"
14.966666666666457,14.966666666666457,1,v003_20260805_224517_157723_manual,6,3,[0],"[""FL"", ""RR""]",FL_RR,"{""FL"": ""GROUND"", ""FR"": ""AIR"", ""RL"": ""AIR"", ""RR"": ""GROUND""}"
14.97499999999979,14.983333333333123,2,v003_20260805_224517_157723_manual,6,3,[0],"[""FL"", ""RL"", ""RR""]",FL_RR,"{""FL"": ""GROUND"", ""FR"": ""AIR"", ""RL"": ""GROUND"", ""RR"": ""GROUND""}"
14.991666666666456,14.999999999999789,2,v003_20260805_224517_157723_manual,6,3,[0],"[""FL"", ""RR""]",FL_RR,"{""FL"": ""GROUND"", ""FR"": ""AIR"", ""RL"": ""AIR"", ""RR"": ""GROUND""}"
15.008333333333121,15.008333333333121,1,v003_20260805_224517_157723_manual,6,3,[0],"[""FL"", ""RL"", ""RR""]",FL_RR,"{""FL"": ""GROUND"", ""FR"": ""AIR"", ""RL"": ""GROUND"", ""RR"": ""GROUND""}"
15.016666666666454,15.016666666666454,1,v003_20260805_224517_157723_manual,6,3,[0],"[""FL"", ""RR""]",FL_RR,"{""FL"": ""GROUND"", ""FR"": ""AIR"", ""RL"": ""AIR"", ""RR"": ""GROUND""}"
15.024999999999787,15.399999999999766,46,v003_20260805_224517_157723_manual,6,3,[0],"[""FL"", ""RL"", ""RR""]",FL_RR,"{""FL"": ""GROUND"", ""FR"": ""AIR"", ""RL"": ""GROUND"", ""RR"": ""GROUND""}"
15.408333333333099,15.408333333333099,1,v003_20260805_224517_157723_manual,6,3,[0],"[""FL"", ""RR""]",FL_RR,"{""FL"": ""GROUND"", ""FR"": ""AIR"", ""RL"": ""AIR"", ""RR"": ""GROUND""}"
15.416666666666432,15.433333333333097,3,v003_20260805_224517_157723_manual,6,3,[0],"[""FL"", ""RL"", ""RR""]",FL_RR,"{""FL"": ""GROUND"", ""FR"": ""AIR"", ""RL"": ""GROUND"", ""RR"": ""GROUND""}"
15.44166666666643,15.44166666666643,1,v003_20260805_224517_157723_manual,6,3,[0],"[""FL"", ""RR""]",FL_RR,"{""FL"": ""GROUND"", ""FR"": ""AIR"", ""RL"": ""AIR"", ""RR"": ""GROUND""}"
15.449999999999763,15.491666666666427,6,v003_20260805_224517_157723_manual,6,3,[0],"[""FL"", ""RL"", ""RR""]",FL_RR,"{""FL"": ""GROUND"", ""FR"": ""AIR"", ""RL"": ""GROUND"", ""RR"": ""GROUND""}"
15.49999999999976,15.49999999999976,1,v003_20260805_224517_157723_manual,6,3,[0],"[""FL"", ""RR""]",FL_RR,"{""FL"": ""GROUND"", ""FR"": ""AIR"", ""RL"": ""AIR"", ""RR"": ""GROUND""}"
15.508333333333093,15.541666666666424,5,v003_20260805_224517_157723_manual,6,3,[0],"[""FL"", ""RL"", ""RR""]",FL_RR,"{""FL"": ""GROUND"", ""FR"": ""AIR"", ""RL"": ""GROUND"", ""RR"": ""GROUND""}"
15.549999999999757,15.549999999999757,1,v003_20260805_224517_157723_manual,6,3,[0],"[""FL"", ""RR""]",FL_RR,"{""FL"": ""GROUND"", ""FR"": ""AIR"", ""RL"": ""AIR"", ""RR"": ""GROUND""}"
15.55833333333309,15.566666666666423,2,v003_20260805_224517_157723_manual,6,3,[0],"[""FL"", ""RL"", ""RR""]",FL_RR,"{""FL"": ""GROUND"", ""FR"": ""AIR"", ""RL"": ""GROUND"", ""RR"": ""GROUND""}"
15.574999999999756,15.574999999999756,1,v003_20260805_224517_157723_manual,6,3,[0],"[""FL"", ""RR""]",FL_RR,"{""FL"": ""GROUND"", ""FR"": ""AIR"", ""RL"": ""AIR"", ""RR"": ""GROUND""}"
15.583333333333089,15.591666666666422,2,v003_20260805_224517_157723_manual,6,3,[0],"[""FL"", ""RL"", ""RR""]",FL_RR,"{""FL"": ""GROUND"", ""FR"": ""AIR"", ""RL"": ""GROUND"", ""RR"": ""GROUND""}"
15.599999999999755,15.599999999999755,1,v003_20260805_224517_157723_manual,6,3,[0],"[""FL"", ""RR""]",FL_RR,"{""FL"": ""GROUND"", ""FR"": ""AIR"", ""RL"": ""AIR"", ""RR"": ""GROUND""}"
15.608333333333087,15.608333333333087,1,v003_20260805_224517_157723_manual,6,3,[0],"[""FL"", ""RL"", ""RR""]",FL_RR,"{""FL"": ""GROUND"", ""FR"": ""AIR"", ""RL"": ""GROUND"", ""RR"": ""GROUND""}"
15.61666666666642,15.61666666666642,1,v003_20260805_224517_157723_manual,6,3,[0],"[""FL"", ""RR""]",FL_RR,"{""FL"": ""GROUND"", ""FR"": ""AIR"", ""RL"": ""AIR"", ""RR"": ""GROUND""}"
15.624999999999753,15.624999999999753,1,v003_20260805_224517_157723_manual,6,3,[0],"[""FL"", ""RL"", ""RR""]",FL_RR,"{""FL"": ""GROUND"", ""FR"": ""AIR"", ""RL"": ""GROUND"", ""RR"": ""GROUND""}"
15.633333333333086,15.633333333333086,1,v003_20260805_224517_157723_manual,6,3,[0],"[""FL"", ""RR""]",FL_RR,"{""FL"": ""GROUND"", ""FR"": ""AIR"", ""RL"": ""AIR"", ""RR"": ""GROUND""}"
15.641666666666419,15.641666666666419,1,v003_20260805_224517_157723_manual,6,3,[0],"[""FL"", ""RL"", ""RR""]",FL_RR,"{""FL"": ""GROUND"", ""FR"": ""AIR"", ""RL"": ""GROUND"", ""RR"": ""GROUND""}"
15.649999999999752,15.658333333333085,2,v003_20260805_224517_157723_manual,6,3,[0],"[""FL"", ""RR""]",FL_RR,"{""FL"": ""GROUND"", ""FR"": ""AIR"", ""RL"": ""AIR"", ""RR"": ""GROUND""}"
15.666666666666417,15.699999999999749,5,v003_20260805_224517_157723_manual,6,3,[0],"[""FL"", ""RL"", ""RR""]",FL_RR,"{""FL"": ""GROUND"", ""FR"": ""AIR"", ""RL"": ""GROUND"", ""RR"": ""GROUND""}"
15.708333333333082,15.708333333333082,1,v003_20260805_224517_157723_manual,6,3,[0],"[""FL"", ""RR""]",FL_RR,"{""FL"": ""GROUND"", ""FR"": ""AIR"", ""RL"": ""AIR"", ""RR"": ""GROUND""}"
15.716666666666415,15.716666666666415,1,v003_20260805_224517_157723_manual,6,3,[0],"[""FL"", ""RL"", ""RR""]",FL_RR,"{""FL"": ""GROUND"", ""FR"": ""AIR"", ""RL"": ""GROUND"", ""RR"": ""GROUND""}"
15.724999999999747,15.724999999999747,1,v003_20260805_224517_157723_manual,6,3,[0],"[""FL"", ""RR""]",FL_RR,"{""FL"": ""GROUND"", ""FR"": ""AIR"", ""RL"": ""AIR"", ""RR"": ""GROUND""}"
15.73333333333308,15.73333333333308,1,v003_20260805_224517_157723_manual,6,3,[0],"[""FL"", ""RL"", ""RR""]",FL_RR,"{""FL"": ""GROUND"", ""FR"": ""AIR"", ""RL"": ""GROUND"", ""RR"": ""GROUND""}"
15.741666666666413,15.741666666666413,1,v003_20260805_224517_157723_manual,6,3,[0],"[""FL"", ""RR""]",FL_RR,"{""FL"": ""GROUND"", ""FR"": ""AIR"", ""RL"": ""AIR"", ""RR"": ""GROUND""}"
15.749999999999746,15.749999999999746,1,v003_20260805_224517_157723_manual,6,3,[0],"[""FL"", ""RL"", ""RR""]",FL_RR,"{""FL"": ""GROUND"", ""FR"": ""AIR"", ""RL"": ""GROUND"", ""RR"": ""GROUND""}"
15.758333333333079,15.766666666666412,2,v003_20260805_224517_157723_manual,6,3,[0],"[""FL"", ""RR""]",FL_RR,"{""FL"": ""GROUND"", ""FR"": ""AIR"", ""RL"": ""AIR"", ""RR"": ""GROUND""}"
15.774999999999745,15.774999999999745,1,v003_20260805_224517_157723_manual,6,3,[0],"[""FL"", ""RL"", ""RR""]",FL_RR,"{""FL"": ""GROUND"", ""FR"": ""AIR"", ""RL"": ""GROUND"", ""RR"": ""GROUND""}"
15.783333333333077,15.783333333333077,1,v003_20260805_224517_157723_manual,6,3,[0],"[""FL"", ""RR""]",FL_RR,"{""FL"": ""GROUND"", ""FR"": ""AIR"", ""RL"": ""AIR"", ""RR"": ""GROUND""}"
15.79166666666641,15.79166666666641,1,v003_20260805_224517_157723_manual,6,3,[0],"[""FL"", ""RL"", ""RR""]",FL_RR,"{""FL"": ""GROUND"", ""FR"": ""AIR"", ""RL"": ""GROUND"", ""RR"": ""GROUND""}"
15.799999999999743,15.824999999999742,4,v003_20260805_224517_157723_manual,6,3,[0],"[""FL"", ""RR""]",FL_RR,"{""FL"": ""GROUND"", ""FR"": ""AIR"", ""RL"": ""AIR"", ""RR"": ""GROUND""}"
15.833333333333075,15.833333333333075,1,v003_20260805_224517_157723_manual,6,3,[0],"[""FL"", ""RL"", ""RR""]",FL_RR,"{""FL"": ""GROUND"", ""FR"": ""AIR"", ""RL"": ""GROUND"", ""RR"": ""GROUND""}"
15.841666666666407,15.874999999999739,5,v003_20260805_224517_157723_manual,6,3,[0],"[""FL"", ""RR""]",FL_RR,"{""FL"": ""GROUND"", ""FR"": ""AIR"", ""RL"": ""AIR"", ""RR"": ""GROUND""}"
15.883333333333072,15.883333333333072,1,v003_20260805_224517_157723_manual,6,3,[0],"[""FL"", ""RL"", ""RR""]",FL_RR,"{""FL"": ""GROUND"", ""FR"": ""AIR"", ""RL"": ""GROUND"", ""RR"": ""GROUND""}"
15.891666666666405,15.949999999999735,8,v003_20260805_224517_157723_manual,6,3,[0],"[""FL"", ""RR""]",FL_RR,"{""FL"": ""GROUND"", ""FR"": ""AIR"", ""RL"": ""AIR"", ""RR"": ""GROUND""}"
15.958333333333067,15.958333333333067,1,v003_20260805_224517_157723_manual,6,3,[0],"[""FL"", ""RL"", ""RR""]",FL_RR,"{""FL"": ""GROUND"", ""FR"": ""AIR"", ""RL"": ""GROUND"", ""RR"": ""GROUND""}"
15.9666666666664,15.983333333333066,3,v003_20260805_224517_157723_manual,6,3,[0],"[""FL"", ""RR""]",FL_RR,"{""FL"": ""GROUND"", ""FR"": ""AIR"", ""RL"": ""AIR"", ""RR"": ""GROUND""}"
15.991666666666399,15.991666666666399,1,v003_20260805_224517_157723_manual,6,3,[0],"[""FL"", ""RL"", ""RR""]",FL_RR,"{""FL"": ""GROUND"", ""FR"": ""AIR"", ""RL"": ""GROUND"", ""RR"": ""GROUND""}"
15.999999999999732,16.024999999999732,4,v003_20260805_224517_157723_manual,6,3,[0],"[""FL"", ""RR""]",FL_RR,"{""FL"": ""GROUND"", ""FR"": ""AIR"", ""RL"": ""AIR"", ""RR"": ""GROUND""}"
16.033333333333065,16.10833333333306,10,v003_20260805_224517_157723_manual,6,3,[0],"[""FL"", ""RL"", ""RR""]",FL_RR,"{""FL"": ""GROUND"", ""FR"": ""AIR"", ""RL"": ""GROUND"", ""RR"": ""GROUND""}"
16.116666666666394,16.116666666666394,1,v003_20260805_224517_157723_manual,6,3,[0],"[""FL"", ""RR""]",FL_RR,"{""FL"": ""GROUND"", ""FR"": ""AIR"", ""RL"": ""AIR"", ""RR"": ""GROUND""}"
16.124999999999726,16.124999999999726,1,v003_20260805_224517_157723_manual,6,3,[0],"[""FL"", ""RL"", ""RR""]",FL_RR,"{""FL"": ""GROUND"", ""FR"": ""AIR"", ""RL"": ""GROUND"", ""RR"": ""GROUND""}"
16.13333333333306,16.13333333333306,1,v003_20260805_224517_157723_manual,6,3,[0],"[""FL"", ""RR""]",FL_RR,"{""FL"": ""GROUND"", ""FR"": ""AIR"", ""RL"": ""AIR"", ""RR"": ""GROUND""}"
16.141666666666392,16.149999999999725,2,v003_20260805_224517_157723_manual,6,3,[0],"[""FL"", ""RL"", ""RR""]",FL_RR,"{""FL"": ""GROUND"", ""FR"": ""AIR"", ""RL"": ""GROUND"", ""RR"": ""GROUND""}"
16.158333333333058,16.16666666666639,2,v003_20260805_224517_157723_manual,6,3,[0],"[""FL"", ""RR""]",FL_RR,"{""FL"": ""GROUND"", ""FR"": ""AIR"", ""RL"": ""AIR"", ""RR"": ""GROUND""}"
16.174999999999724,16.208333333333055,5,v003_20260805_224517_157723_manual,6,3,[0],"[""FL"", ""RL"", ""RR""]",FL_RR,"{""FL"": ""GROUND"", ""FR"": ""AIR"", ""RL"": ""GROUND"", ""RR"": ""GROUND""}"
16.216666666666388,16.241666666666386,4,v003_20260805_224517_157723_manual,6,3,[0],"[""FL"", ""RR""]",FL_RR,"{""FL"": ""GROUND"", ""FR"": ""AIR"", ""RL"": ""AIR"", ""RR"": ""GROUND""}"
16.24999999999972,16.24999999999972,1,v003_20260805_224517_157723_manual,6,3,[0],"[""FL"", ""RL"", ""RR""]",FL_RR,"{""FL"": ""GROUND"", ""FR"": ""AIR"", ""RL"": ""GROUND"", ""RR"": ""GROUND""}"
16.258333333333052,16.258333333333052,1,v003_20260805_224517_157723_manual,6,3,[0],"[""FL"", ""RR""]",FL_RR,"{""FL"": ""GROUND"", ""FR"": ""AIR"", ""RL"": ""AIR"", ""RR"": ""GROUND""}"
16.266666666666385,16.266666666666385,1,v003_20260805_224517_157723_manual,6,3,[0],"[""FL"", ""RL"", ""RR""]",FL_RR,"{""FL"": ""GROUND"", ""FR"": ""AIR"", ""RL"": ""GROUND"", ""RR"": ""GROUND""}"
16.274999999999718,16.28333333333305,2,v003_20260805_224517_157723_manual,6,3,[0],"[""FL"", ""RR""]",FL_RR,"{""FL"": ""GROUND"", ""FR"": ""AIR"", ""RL"": ""AIR"", ""RR"": ""GROUND""}"
16.291666666666384,16.291666666666384,1,v003_20260805_224517_157723_manual,6,3,[0],"[""FL"", ""RL"", ""RR""]",FL_RR,"{""FL"": ""GROUND"", ""FR"": ""AIR"", ""RL"": ""GROUND"", ""RR"": ""GROUND""}"
16.299999999999716,16.299999999999716,1,v003_20260805_224517_157723_manual,6,3,[0],"[""FL"", ""RR""]",FL_RR,"{""FL"": ""GROUND"", ""FR"": ""AIR"", ""RL"": ""AIR"", ""RR"": ""GROUND""}"
16.30833333333305,16.30833333333305,1,v003_20260805_224517_157723_manual,6,3,[0],"[""FL"", ""RL"", ""RR""]",FL_RR,"{""FL"": ""GROUND"", ""FR"": ""AIR"", ""RL"": ""GROUND"", ""RR"": ""GROUND""}"
16.316666666666382,16.316666666666382,1,v003_20260805_224517_157723_manual,6,3,[0],"[""FL"", ""RR""]",FL_RR,"{""FL"": ""GROUND"", ""FR"": ""AIR"", ""RL"": ""AIR"", ""RR"": ""GROUND""}"
16.324999999999715,16.324999999999715,1,v003_20260805_224517_157723_manual,6,3,[0],"[""FL"", ""RL"", ""RR""]",FL_RR,"{""FL"": ""GROUND"", ""FR"": ""AIR"", ""RL"": ""GROUND"", ""RR"": ""GROUND""}"
16.333333333333048,16.333333333333048,1,v003_20260805_224517_157723_manual,6,3,[0],"[""FL"", ""RR""]",FL_RR,"{""FL"": ""GROUND"", ""FR"": ""AIR"", ""RL"": ""AIR"", ""RR"": ""GROUND""}"
16.34166666666638,16.349999999999714,2,v003_20260805_224517_157723_manual,6,3,[0],"[""FL"", ""RL"", ""RR""]",FL_RR,"{""FL"": ""GROUND"", ""FR"": ""AIR"", ""RL"": ""GROUND"", ""RR"": ""GROUND""}"
16.358333333333047,16.358333333333047,1,v003_20260805_224517_157723_manual,6,3,[0],"[""FL"", ""RR""]",FL_RR,"{""FL"": ""GROUND"", ""FR"": ""AIR"", ""RL"": ""AIR"", ""RR"": ""GROUND""}"
16.36666666666638,16.36666666666638,1,v003_20260805_224517_157723_manual,6,3,[0],"[""FL"", ""RL"", ""RR""]",FL_RR,"{""FL"": ""GROUND"", ""FR"": ""AIR"", ""RL"": ""GROUND"", ""RR"": ""GROUND""}"
16.374999999999712,16.433333333333042,8,v003_20260805_224517_157723_manual,7,3,[1],"[""FL"", ""RR""]",FL_RR,"{""FL"": ""GROUND"", ""FR"": ""AIR"", ""RL"": ""AIR"", ""RR"": ""GROUND""}"
16.441666666666375,16.549999999999702,14,v003_20260805_224517_157723_manual,8,4,[0],"[""FL"", ""RR""]",FL_RR,"{""FL"": ""GROUND"", ""FR"": ""AIR"", ""RL"": ""AIR"", ""RR"": ""GROUND""}"
16.558333333333035,16.566666666666368,2,v003_20260805_224517_157723_manual,8,4,[0],"[""FL"", ""RL"", ""RR""]",FL_RR,"{""FL"": ""GROUND"", ""FR"": ""AIR"", ""RL"": ""GROUND"", ""RR"": ""GROUND""}"
16.5749999999997,16.5749999999997,1,v003_20260805_224517_157723_manual,8,4,[0],"[""FL"", ""RR""]",FL_RR,"{""FL"": ""GROUND"", ""FR"": ""AIR"", ""RL"": ""AIR"", ""RR"": ""GROUND""}"
16.583333333333034,16.5999999999997,3,v003_20260805_224517_157723_manual,8,4,[0],"[""FL"", ""RL"", ""RR""]",FL_RR,"{""FL"": ""GROUND"", ""FR"": ""AIR"", ""RL"": ""GROUND"", ""RR"": ""GROUND""}"
16.608333333333032,16.608333333333032,1,v003_20260805_224517_157723_manual,8,4,[0],"[""FL"", ""RR""]",FL_RR,"{""FL"": ""GROUND"", ""FR"": ""AIR"", ""RL"": ""AIR"", ""RR"": ""GROUND""}"
16.616666666666365,16.616666666666365,1,v003_20260805_224517_157723_manual,8,4,[0],"[""FL"", ""RL"", ""RR""]",FL_RR,"{""FL"": ""GROUND"", ""FR"": ""AIR"", ""RL"": ""GROUND"", ""RR"": ""GROUND""}"
16.624999999999698,16.624999999999698,1,v003_20260805_224517_157723_manual,8,4,[0],"[""FL"", ""RR""]",FL_RR,"{""FL"": ""GROUND"", ""FR"": ""AIR"", ""RL"": ""AIR"", ""RR"": ""GROUND""}"
16.63333333333303,16.63333333333303,1,v003_20260805_224517_157723_manual,8,4,[0],"[""FL"", ""RL"", ""RR""]",FL_RR,"{""FL"": ""GROUND"", ""FR"": ""AIR"", ""RL"": ""GROUND"", ""RR"": ""GROUND""}"
16.641666666666364,16.649999999999697,2,v003_20260805_224517_157723_manual,8,4,[0],"[""FL"", ""RR""]",FL_RR,"{""FL"": ""GROUND"", ""FR"": ""AIR"", ""RL"": ""AIR"", ""RR"": ""GROUND""}"
16.65833333333303,16.666666666666362,2,v003_20260805_224517_157723_manual,8,4,[0],"[""FL"", ""RL"", ""RR""]",FL_RR,"{""FL"": ""GROUND"", ""FR"": ""AIR"", ""RL"": ""GROUND"", ""RR"": ""GROUND""}"
16.674999999999695,16.683333333333028,2,v003_20260805_224517_157723_manual,8,4,[0],"[""FL"", ""RR""]",FL_RR,"{""FL"": ""GROUND"", ""FR"": ""AIR"", ""RL"": ""AIR"", ""RR"": ""GROUND""}"
16.69166666666636,16.699999999999694,2,v003_20260805_224517_157723_manual,8,4,[0],"[""FL"", ""RL"", ""RR""]",FL_RR,"{""FL"": ""GROUND"", ""FR"": ""AIR"", ""RL"": ""GROUND"", ""RR"": ""GROUND""}"
16.708333333333027,16.724999999999692,3,v003_20260805_224517_157723_manual,9,4,[1],"[""FL"", ""RR""]",FL_RR,"{""FL"": ""GROUND"", ""FR"": ""AIR"", ""RL"": ""AIR"", ""RR"": ""GROUND""}"
16.733333333333025,16.733333333333025,1,v003_20260805_224517_157723_manual,9,4,[1],"[""FL"", ""RL"", ""RR""]",FL_RR,"{""FL"": ""GROUND"", ""FR"": ""AIR"", ""RL"": ""GROUND"", ""RR"": ""GROUND""}"
16.741666666666358,16.741666666666358,1,v003_20260805_224517_157723_manual,9,4,[1],"[""FL"", ""RR""]",FL_RR,"{""FL"": ""GROUND"", ""FR"": ""AIR"", ""RL"": ""AIR"", ""RR"": ""GROUND""}"
16.74999999999969,16.766666666666357,3,v003_20260805_224517_157723_manual,9,4,[1],"[""FL"", ""RL"", ""RR""]",FL_RR,"{""FL"": ""GROUND"", ""FR"": ""AIR"", ""RL"": ""GROUND"", ""RR"": ""GROUND""}"
16.77499999999969,16.783333333333022,2,v003_20260805_224517_157723_manual,9,4,[1],"[""FL"", ""RR""]",FL_RR,"{""FL"": ""GROUND"", ""FR"": ""AIR"", ""RL"": ""AIR"", ""RR"": ""GROUND""}"
16.791666666666355,16.799999999999688,2,v003_20260805_224517_157723_manual,9,4,[1],"[""FL"", ""RL"", ""RR""]",FL_RR,"{""FL"": ""GROUND"", ""FR"": ""AIR"", ""RL"": ""GROUND"", ""RR"": ""GROUND""}"
16.80833333333302,16.816666666666354,2,v003_20260805_224517_157723_manual,9,4,[1],"[""FL"", ""RR""]",FL_RR,"{""FL"": ""GROUND"", ""FR"": ""AIR"", ""RL"": ""AIR"", ""RR"": ""GROUND""}"
16.824999999999687,16.83333333333302,2,v003_20260805_224517_157723_manual,9,4,[1],"[""FL"", ""RL"", ""RR""]",FL_RR,"{""FL"": ""GROUND"", ""FR"": ""AIR"", ""RL"": ""GROUND"", ""RR"": ""GROUND""}"
16.841666666666352,16.916666666666348,10,v003_20260805_224517_157723_manual,10,4,[2],"[""FL"", ""RL"", ""RR""]",FL_RR,"{""FL"": ""GROUND"", ""FR"": ""AIR"", ""RL"": ""GROUND"", ""RR"": ""GROUND""}"
16.92499999999968,16.966666666666345,6,v003_20260805_224517_157723_manual,10,4,[2],"[""FL"", ""RR""]",FL_RR,"{""FL"": ""GROUND"", ""FR"": ""AIR"", ""RL"": ""AIR"", ""RR"": ""GROUND""}"
16.974999999999678,16.974999999999678,1,v003_20260805_224517_157723_manual,10,4,[2],"[""FL"", ""RL"", ""RR""]",FL_RR,"{""FL"": ""GROUND"", ""FR"": ""AIR"", ""RL"": ""GROUND"", ""RR"": ""GROUND""}"
16.98333333333301,16.999999999999677,3,v003_20260805_224517_157723_manual,10,4,[2],"[""FL"", ""RR""]",FL_RR,"{""FL"": ""GROUND"", ""FR"": ""AIR"", ""RL"": ""AIR"", ""RR"": ""GROUND""}"
17.00833333333301,17.00833333333301,1,v003_20260805_224517_157723_manual,10,4,[2],"[""FL"", ""RL"", ""RR""]",FL_RR,"{""FL"": ""GROUND"", ""FR"": ""AIR"", ""RL"": ""GROUND"", ""RR"": ""GROUND""}"
17.016666666666342,17.033333333333008,3,v003_20260805_224517_157723_manual,10,4,[2],"[""FL"", ""RR""]",FL_RR,"{""FL"": ""GROUND"", ""FR"": ""AIR"", ""RL"": ""AIR"", ""RR"": ""GROUND""}"
17.04166666666634,17.141666666666335,13,v003_20260805_224517_157723_manual,11,4,[3],"[""FL"", ""RL"", ""RR""]",FL_RR,"{""FL"": ""GROUND"", ""FR"": ""AIR"", ""RL"": ""GROUND"", ""RR"": ""GROUND""}"
17.149999999999668,17.166666666666334,3,v003_20260805_224517_157723_manual,11,4,[3],"[""FL"", ""RR""]",FL_RR,"{""FL"": ""GROUND"", ""FR"": ""AIR"", ""RL"": ""AIR"", ""RR"": ""GROUND""}"
17.174999999999667,17.183333333333,2,v003_20260805_224517_157723_manual,11,4,[3],"[""FL"", ""RL"", ""RR""]",FL_RR,"{""FL"": ""GROUND"", ""FR"": ""AIR"", ""RL"": ""GROUND"", ""RR"": ""GROUND""}"
17.191666666666332,17.366666666666323,22,v003_20260805_224517_157723_manual,11,4,[3],"[""FL"", ""RR""]",FL_RR,"{""FL"": ""GROUND"", ""FR"": ""AIR"", ""RL"": ""AIR"", ""RR"": ""GROUND""}"
17.374999999999655,17.399999999999654,4,v003_20260805_224517_157723_manual,12,4,[4],"[""FL"", ""RR""]",FL_RR,"{""FL"": ""GROUND"", ""FR"": ""AIR"", ""RL"": ""AIR"", ""RR"": ""GROUND""}"
17.408333333332987,17.408333333332987,1,v003_20260805_224517_157723_manual,12,4,[4],"[""FL"", ""RL"", ""RR""]",FL_RR,"{""FL"": ""GROUND"", ""FR"": ""AIR"", ""RL"": ""GROUND"", ""RR"": ""GROUND""}"
17.41666666666632,17.433333333332985,3,v003_20260805_224517_157723_manual,12,4,[4],"[""FL"", ""RR""]",FL_RR,"{""FL"": ""GROUND"", ""FR"": ""AIR"", ""RL"": ""AIR"", ""RR"": ""GROUND""}"
17.44166666666632,17.44166666666632,1,v003_20260805_224517_157723_manual,12,4,[4],"[""FL"", ""RL"", ""RR""]",FL_RR,"{""FL"": ""GROUND"", ""FR"": ""AIR"", ""RL"": ""GROUND"", ""RR"": ""GROUND""}"
17.44999999999965,17.49999999999965,7,v003_20260805_224517_157723_manual,12,4,[4],"[""FL"", ""RR""]",FL_RR,"{""FL"": ""GROUND"", ""FR"": ""AIR"", ""RL"": ""AIR"", ""RR"": ""GROUND""}"
17.50833333333298,17.53333333333298,4,v003_20260805_224517_157723_manual,13,4,[5],"[""FL"", ""RR""]",FL_RR,"{""FL"": ""GROUND"", ""FR"": ""AIR"", ""RL"": ""AIR"", ""RR"": ""GROUND""}"
17.541666666666313,17.541666666666313,1,v003_20260805_224517_157723_manual,13,4,[5],"[""FL"", ""RL"", ""RR""]",FL_RR,"{""FL"": ""GROUND"", ""FR"": ""AIR"", ""RL"": ""GROUND"", ""RR"": ""GROUND""}"
17.549999999999645,17.56666666666631,3,v003_20260805_224517_157723_manual,13,4,[5],"[""FL"", ""RR""]",FL_RR,"{""FL"": ""GROUND"", ""FR"": ""AIR"", ""RL"": ""AIR"", ""RR"": ""GROUND""}"
17.574999999999644,17.699999999999637,16,v003_20260805_224517_157723_manual,14,4,[6],"[""FL"", ""RR""]",FL_RR,"{""FL"": ""GROUND"", ""FR"": ""AIR"", ""RL"": ""AIR"", ""RR"": ""GROUND""}"
17.70833333333297,17.70833333333297,1,v003_20260805_224517_157723_manual,15,4,[7],"[""FL"", ""RL"", ""RR""]",FL_RR,"{""FL"": ""GROUND"", ""FR"": ""AIR"", ""RL"": ""GROUND"", ""RR"": ""GROUND""}"
17.716666666666303,17.833333333332963,15,v003_20260805_224517_157723_manual,15,4,[7],"[""FL"", ""RR""]",FL_RR,"{""FL"": ""GROUND"", ""FR"": ""AIR"", ""RL"": ""AIR"", ""RR"": ""GROUND""}"
17.841666666666296,17.933333333332957,12,v003_20260805_224517_157723_manual,16,5,[0],"[""FL"", ""RL"", ""RR""]",FL_RR,"{""FL"": ""GROUND"", ""FR"": ""AIR"", ""RL"": ""GROUND"", ""RR"": ""GROUND""}"
17.94166666666629,18.03333333333295,12,v003_20260805_224517_157723_manual,16,5,[0],"[""FL"", ""RR""]",FL_RR,"{""FL"": ""GROUND"", ""FR"": ""AIR"", ""RL"": ""AIR"", ""RR"": ""GROUND""}"
18.041666666666284,18.041666666666284,1,v003_20260805_224517_157723_manual,16,5,[0],"[""FL"", ""RL"", ""RR""]",FL_RR,"{""FL"": ""GROUND"", ""FR"": ""AIR"", ""RL"": ""GROUND"", ""RR"": ""GROUND""}"
18.049999999999617,18.23333333333294,23,v003_20260805_224517_157723_manual,16,5,[0],"[""FL"", ""RR""]",FL_RR,"{""FL"": ""GROUND"", ""FR"": ""AIR"", ""RL"": ""AIR"", ""RR"": ""GROUND""}"
18.241666666666273,18.249999999999606,2,v003_20260805_224517_157723_manual,16,5,[0],"[""FL"", ""RL"", ""RR""]",FL_RR,"{""FL"": ""GROUND"", ""FR"": ""AIR"", ""RL"": ""GROUND"", ""RR"": ""GROUND""}"
18.25833333333294,18.25833333333294,1,v003_20260805_224517_157723_manual,16,5,[0],"[""FL"", ""RR""]",FL_RR,"{""FL"": ""GROUND"", ""FR"": ""AIR"", ""RL"": ""AIR"", ""RR"": ""GROUND""}"
18.26666666666627,18.283333333332937,3,v003_20260805_224517_157723_manual,16,5,[0],"[""FL"", ""RL"", ""RR""]",FL_RR,"{""FL"": ""GROUND"", ""FR"": ""AIR"", ""RL"": ""GROUND"", ""RR"": ""GROUND""}"
18.29166666666627,18.43333333333293,18,v003_20260805_224517_157723_manual,16,5,[0],"[""FL"", ""RR""]",FL_RR,"{""FL"": ""GROUND"", ""FR"": ""AIR"", ""RL"": ""AIR"", ""RR"": ""GROUND""}"
18.44166666666626,18.44166666666626,1,v003_20260805_224517_157723_manual,16,5,[0],"[""FL"", ""RL"", ""RR""]",FL_RR,"{""FL"": ""GROUND"", ""FR"": ""AIR"", ""RL"": ""GROUND"", ""RR"": ""GROUND""}"
18.449999999999594,18.533333333332923,11,v003_20260805_224517_157723_manual,16,5,[0],"[""FL"", ""RR""]",FL_RR,"{""FL"": ""GROUND"", ""FR"": ""AIR"", ""RL"": ""AIR"", ""RR"": ""GROUND""}"
18.541666666666256,18.541666666666256,1,v003_20260805_224517_157723_manual,16,5,[0],"[""FL"", ""RL"", ""RR""]",FL_RR,"{""FL"": ""GROUND"", ""FR"": ""AIR"", ""RL"": ""GROUND"", ""RR"": ""GROUND""}"
18.54999999999959,18.66666666666625,15,v003_20260805_224517_157723_manual,16,5,[0],"[""FL"", ""RR""]",FL_RR,"{""FL"": ""GROUND"", ""FR"": ""AIR"", ""RL"": ""AIR"", ""RR"": ""GROUND""}"
18.67499999999958,18.67499999999958,1,v003_20260805_224517_157723_manual,16,5,[0],"[""FL"", ""RL"", ""RR""]",FL_RR,"{""FL"": ""GROUND"", ""FR"": ""AIR"", ""RL"": ""GROUND"", ""RR"": ""GROUND""}"
18.683333333332914,18.73333333333291,7,v003_20260805_224517_157723_manual,16,5,[0],"[""FL"", ""RR""]",FL_RR,"{""FL"": ""GROUND"", ""FR"": ""AIR"", ""RL"": ""AIR"", ""RR"": ""GROUND""}"
18.741666666666244,18.741666666666244,1,v003_20260805_224517_157723_manual,16,5,[0],"[""FL"", ""RL"", ""RR""]",FL_RR,"{""FL"": ""GROUND"", ""FR"": ""AIR"", ""RL"": ""GROUND"", ""RR"": ""GROUND""}"
18.749999999999577,18.824999999999573,10,v003_20260805_224517_157723_manual,16,5,[0],"[""FL"", ""RR""]",FL_RR,"{""FL"": ""GROUND"", ""FR"": ""AIR"", ""RL"": ""AIR"", ""RR"": ""GROUND""}"
18.833333333332906,18.84166666666624,2,v003_20260805_224517_157723_manual,16,5,[0],"[""FL"", ""RL"", ""RR""]",FL_RR,"{""FL"": ""GROUND"", ""FR"": ""AIR"", ""RL"": ""GROUND"", ""RR"": ""GROUND""}"
18.84999999999957,18.858333333332904,2,v003_20260805_224517_157723_manual,16,5,[0],"[""FL"", ""RR""]",FL_RR,"{""FL"": ""GROUND"", ""FR"": ""AIR"", ""RL"": ""AIR"", ""RR"": ""GROUND""}"
18.866666666666237,18.866666666666237,1,v003_20260805_224517_157723_manual,16,5,[0],"[""FL"", ""RL"", ""RR""]",FL_RR,"{""FL"": ""GROUND"", ""FR"": ""AIR"", ""RL"": ""GROUND"", ""RR"": ""GROUND""}"
18.87499999999957,18.99166666666623,15,v003_20260805_224517_157723_manual,16,5,[0],"[""FL"", ""RR""]",FL_RR,"{""FL"": ""GROUND"", ""FR"": ""AIR"", ""RL"": ""AIR"", ""RR"": ""GROUND""}"
18.999999999999563,18.999999999999563,1,v003_20260805_224517_157723_manual,16,5,[0],"[""FL"", ""RL"", ""RR""]",FL_RR,"{""FL"": ""GROUND"", ""FR"": ""AIR"", ""RL"": ""GROUND"", ""RR"": ""GROUND""}"
19.008333333332896,19.099999999999557,12,v003_20260805_224517_157723_manual,16,5,[0],"[""FL"", ""RR""]",FL_RR,"{""FL"": ""GROUND"", ""FR"": ""AIR"", ""RL"": ""AIR"", ""RR"": ""GROUND""}"
19.10833333333289,19.10833333333289,1,v003_20260805_224517_157723_manual,16,5,[0],"[""FL"", ""RL"", ""RR""]",FL_RR,"{""FL"": ""GROUND"", ""FR"": ""AIR"", ""RL"": ""GROUND"", ""RR"": ""GROUND""}"
19.116666666666223,19.16666666666622,7,v003_20260805_224517_157723_manual,16,5,[0],"[""FL"", ""RR""]",FL_RR,"{""FL"": ""GROUND"", ""FR"": ""AIR"", ""RL"": ""AIR"", ""RR"": ""GROUND""}"
19.174999999999553,19.233333333332883,8,v003_20260805_224517_157723_manual,17,5,[1],"[""FL"", ""RR""]",FL_RR,"{""FL"": ""GROUND"", ""FR"": ""AIR"", ""RL"": ""AIR"", ""RR"": ""GROUND""}"
19.241666666666216,19.499999999999535,32,v003_20260805_224517_157723_manual,18,6,[0],"[""FL"", ""RR""]",FL_RR,"{""FL"": ""GROUND"", ""FR"": ""AIR"", ""RL"": ""AIR"", ""RR"": ""GROUND""}"
19.508333333332867,19.508333333332867,1,v003_20260805_224517_157723_manual,18,6,[0],"[""FL"", ""RL"", ""RR""]",FL_RR,"{""FL"": ""GROUND"", ""FR"": ""AIR"", ""RL"": ""GROUND"", ""RR"": ""GROUND""}"
19.5166666666662,19.5416666666662,4,v003_20260805_224517_157723_manual,18,6,[0],"[""FL"", ""RR""]",FL_RR,"{""FL"": ""GROUND"", ""FR"": ""AIR"", ""RL"": ""AIR"", ""RR"": ""GROUND""}"
19.54999999999953,19.54999999999953,1,v003_20260805_224517_157723_manual,18,6,[0],"[""FL"", ""RL"", ""RR""]",FL_RR,"{""FL"": ""GROUND"", ""FR"": ""AIR"", ""RL"": ""GROUND"", ""RR"": ""GROUND""}"
19.558333333332865,19.583333333332863,4,v003_20260805_224517_157723_manual,18,6,[0],"[""FL"", ""RR""]",FL_RR,"{""FL"": ""GROUND"", ""FR"": ""AIR"", ""RL"": ""AIR"", ""RR"": ""GROUND""}"
19.591666666666196,19.591666666666196,1,v003_20260805_224517_157723_manual,18,6,[0],"[""FL"", ""RL"", ""RR""]",FL_RR,"{""FL"": ""GROUND"", ""FR"": ""AIR"", ""RL"": ""GROUND"", ""RR"": ""GROUND""}"
19.59999999999953,19.59999999999953,1,v003_20260805_224517_157723_manual,18,6,[0],"[""FL"", ""RR""]",FL_RR,"{""FL"": ""GROUND"", ""FR"": ""AIR"", ""RL"": ""AIR"", ""RR"": ""GROUND""}"
19.60833333333286,19.60833333333286,1,v003_20260805_224517_157723_manual,18,6,[0],"[""FL"", ""RL"", ""RR""]",FL_RR,"{""FL"": ""GROUND"", ""FR"": ""AIR"", ""RL"": ""GROUND"", ""RR"": ""GROUND""}"
19.616666666666195,19.616666666666195,1,v003_20260805_224517_157723_manual,18,6,[0],"[""FL"", ""RR""]",FL_RR,"{""FL"": ""GROUND"", ""FR"": ""AIR"", ""RL"": ""AIR"", ""RR"": ""GROUND""}"
19.624999999999527,19.624999999999527,1,v003_20260805_224517_157723_manual,18,6,[0],"[""FL"", ""RL"", ""RR""]",FL_RR,"{""FL"": ""GROUND"", ""FR"": ""AIR"", ""RL"": ""GROUND"", ""RR"": ""GROUND""}"
19.63333333333286,19.641666666666193,2,v003_20260805_224517_157723_manual,18,6,[0],"[""FL"", ""RR""]",FL_RR,"{""FL"": ""GROUND"", ""FR"": ""AIR"", ""RL"": ""AIR"", ""RR"": ""GROUND""}"
19.649999999999526,19.649999999999526,1,v003_20260805_224517_157723_manual,18,6,[0],"[""FL"", ""RL"", ""RR""]",FL_RR,"{""FL"": ""GROUND"", ""FR"": ""AIR"", ""RL"": ""GROUND"", ""RR"": ""GROUND""}"
19.65833333333286,19.666666666666192,2,v003_20260805_224517_157723_manual,18,6,[0],"[""FL"", ""RR""]",FL_RR,"{""FL"": ""GROUND"", ""FR"": ""AIR"", ""RL"": ""AIR"", ""RR"": ""GROUND""}"
19.674999999999525,19.674999999999525,1,v003_20260805_224517_157723_manual,18,6,[0],"[""FL"", ""RL"", ""RR""]",FL_RR,"{""FL"": ""GROUND"", ""FR"": ""AIR"", ""RL"": ""GROUND"", ""RR"": ""GROUND""}"
19.683333333332858,19.683333333332858,1,v003_20260805_224517_157723_manual,18,6,[0],"[""FL"", ""RR""]",FL_RR,"{""FL"": ""GROUND"", ""FR"": ""AIR"", ""RL"": ""AIR"", ""RR"": ""GROUND""}"
19.69166666666619,19.69166666666619,1,v003_20260805_224517_157723_manual,18,6,[0],"[""FL"", ""RL"", ""RR""]",FL_RR,"{""FL"": ""GROUND"", ""FR"": ""AIR"", ""RL"": ""GROUND"", ""RR"": ""GROUND""}"
19.699999999999523,19.699999999999523,1,v003_20260805_224517_157723_manual,18,6,[0],"[""FL"", ""RR""]",FL_RR,"{""FL"": ""GROUND"", ""FR"": ""AIR"", ""RL"": ""AIR"", ""RR"": ""GROUND""}"
19.708333333332856,19.708333333332856,1,v003_20260805_224517_157723_manual,18,6,[0],"[""FL"", ""RL"", ""RR""]",FL_RR,"{""FL"": ""GROUND"", ""FR"": ""AIR"", ""RL"": ""GROUND"", ""RR"": ""GROUND""}"
19.71666666666619,19.71666666666619,1,v003_20260805_224517_157723_manual,18,6,[0],"[""FL"", ""RR""]",FL_RR,"{""FL"": ""GROUND"", ""FR"": ""AIR"", ""RL"": ""AIR"", ""RR"": ""GROUND""}"
19.724999999999522,19.724999999999522,1,v003_20260805_224517_157723_manual,18,6,[0],"[""FL"", ""RL"", ""RR""]",FL_RR,"{""FL"": ""GROUND"", ""FR"": ""AIR"", ""RL"": ""GROUND"", ""RR"": ""GROUND""}"
19.733333333332855,19.783333333332852,7,v003_20260805_224517_157723_manual,18,6,[0],"[""FL"", ""RR""]",FL_RR,"{""FL"": ""GROUND"", ""FR"": ""AIR"", ""RL"": ""AIR"", ""RR"": ""GROUND""}"
19.791666666666185,19.791666666666185,1,v003_20260805_224517_157723_manual,18,6,[0],"[""FL"", ""RL"", ""RR""]",FL_RR,"{""FL"": ""GROUND"", ""FR"": ""AIR"", ""RL"": ""GROUND"", ""RR"": ""GROUND""}"
19.799999999999518,19.824999999999516,4,v003_20260805_224517_157723_manual,18,6,[0],"[""FL"", ""RR""]",FL_RR,"{""FL"": ""GROUND"", ""FR"": ""AIR"", ""RL"": ""AIR"", ""RR"": ""GROUND""}"
19.83333333333285,19.83333333333285,1,v003_20260805_224517_157723_manual,18,6,[0],"[""FL"", ""RL"", ""RR""]",FL_RR,"{""FL"": ""GROUND"", ""FR"": ""AIR"", ""RL"": ""GROUND"", ""RR"": ""GROUND""}"
19.841666666666182,19.899999999999512,8,v003_20260805_224517_157723_manual,18,6,[0],"[""FL"", ""RR""]",FL_RR,"{""FL"": ""GROUND"", ""FR"": ""AIR"", ""RL"": ""AIR"", ""RR"": ""GROUND""}"
19.908333333332845,19.908333333332845,1,v003_20260805_224517_157723_manual,18,6,[0],"[""FL"", ""RL"", ""RR""]",FL_RR,"{""FL"": ""GROUND"", ""FR"": ""AIR"", ""RL"": ""GROUND"", ""RR"": ""GROUND""}"
19.916666666666178,20.033333333332838,15,v003_20260805_224517_157723_manual,18,6,[0],"[""FL"", ""RR""]",FL_RR,"{""FL"": ""GROUND"", ""FR"": ""AIR"", ""RL"": ""AIR"", ""RR"": ""GROUND""}"
20.04166666666617,20.04166666666617,1,v003_20260805_224517_157723_manual,18,6,[0],"[""FL"", ""RL"", ""RR""]",FL_RR,"{""FL"": ""GROUND"", ""FR"": ""AIR"", ""RL"": ""GROUND"", ""RR"": ""GROUND""}"
20.049999999999503,20.541666666666142,60,v003_20260805_224517_157723_manual,18,6,[0],"[""FL"", ""RR""]",FL_RR,"{""FL"": ""GROUND"", ""FR"": ""AIR"", ""RL"": ""AIR"", ""RR"": ""GROUND""}"
20.549999999999475,20.549999999999475,1,v003_20260805_224517_157723_manual,18,6,[0],"[""FL"", ""RL"", ""RR""]",FL_RR,"{""FL"": ""GROUND"", ""FR"": ""AIR"", ""RL"": ""GROUND"", ""RR"": ""GROUND""}"
20.558333333332808,20.616666666666138,8,v003_20260805_224517_157723_manual,18,6,[0],"[""FL"", ""RR""]",FL_RR,"{""FL"": ""GROUND"", ""FR"": ""AIR"", ""RL"": ""AIR"", ""RR"": ""GROUND""}"
20.62499999999947,20.62499999999947,1,v003_20260805_224517_157723_manual,18,6,[0],"[""FL"", ""RL"", ""RR""]",FL_RR,"{""FL"": ""GROUND"", ""FR"": ""AIR"", ""RL"": ""GROUND"", ""RR"": ""GROUND""}"
20.633333333332804,20.641666666666136,2,v003_20260805_224517_157723_manual,18,6,[0],"[""FL"", ""RR""]",FL_RR,"{""FL"": ""GROUND"", ""FR"": ""AIR"", ""RL"": ""AIR"", ""RR"": ""GROUND""}"
20.64999999999947,20.64999999999947,1,v003_20260805_224517_157723_manual,18,6,[0],"[""FL"", ""RL"", ""RR""]",FL_RR,"{""FL"": ""GROUND"", ""FR"": ""AIR"", ""RL"": ""GROUND"", ""RR"": ""GROUND""}"
20.658333333332802,20.94166666666612,35,v003_20260805_224517_157723_manual,18,6,[0],"[""FL"", ""RR""]",FL_RR,"{""FL"": ""GROUND"", ""FR"": ""AIR"", ""RL"": ""AIR"", ""RR"": ""GROUND""}"
20.949999999999452,20.949999999999452,1,v003_20260805_224517_157723_manual,18,6,[0],"[""FL"", ""RL"", ""RR""]",FL_RR,"{""FL"": ""GROUND"", ""FR"": ""AIR"", ""RL"": ""GROUND"", ""RR"": ""GROUND""}"
20.958333333332785,21.133333333332775,22,v003_20260805_224517_157723_manual,18,6,[0],"[""FL"", ""RR""]",FL_RR,"{""FL"": ""GROUND"", ""FR"": ""AIR"", ""RL"": ""AIR"", ""RR"": ""GROUND""}"
21.141666666666108,21.141666666666108,1,v003_20260805_224517_157723_manual,18,6,[0],"[""FL"", ""RL"", ""RR""]",FL_RR,"{""FL"": ""GROUND"", ""FR"": ""AIR"", ""RL"": ""GROUND"", ""RR"": ""GROUND""}"
21.14999999999944,22.83333333333268,203,v003_20260805_224517_157723_manual,18,6,[0],"[""FL"", ""RR""]",FL_RR,"{""FL"": ""GROUND"", ""FR"": ""AIR"", ""RL"": ""AIR"", ""RR"": ""GROUND""}"
22.84166666666601,22.89999999999934,8,v003_20260805_224517_157723_manual,19,6,[1],"[""FL"", ""RR""]",FL_RR,"{""FL"": ""GROUND"", ""FR"": ""AIR"", ""RL"": ""AIR"", ""RR"": ""GROUND""}"
22.908333333332674,22.916666666666007,2,v003_20260805_224517_157723_manual,20,7,[0],"[""FL"", ""RL"", ""RR""]",FL_RR,"{""FL"": ""GROUND"", ""FR"": ""AIR"", ""RL"": ""GROUND"", ""RR"": ""GROUND""}"
22.92499999999934,22.933333333332673,2,v003_20260805_224517_157723_manual,20,7,[0],"[""FL"", ""RR""]",FL_RR,"{""FL"": ""GROUND"", ""FR"": ""AIR"", ""RL"": ""AIR"", ""RR"": ""GROUND""}"
22.941666666666006,22.941666666666006,1,v003_20260805_224517_157723_manual,20,7,[0],"[""FL"", ""RL"", ""RR""]",FL_RR,"{""FL"": ""GROUND"", ""FR"": ""AIR"", ""RL"": ""GROUND"", ""RR"": ""GROUND""}"
22.94999999999934,22.966666666666004,3,v003_20260805_224517_157723_manual,20,7,[0],"[""FL"", ""RR""]",FL_RR,"{""FL"": ""GROUND"", ""FR"": ""AIR"", ""RL"": ""AIR"", ""RR"": ""GROUND""}"
22.974999999999337,23.041666666666,9,v003_20260805_224517_157723_manual,21,7,[1],"[""FL"", ""RL"", ""RR""]",FL_RR,"{""FL"": ""GROUND"", ""FR"": ""AIR"", ""RL"": ""GROUND"", ""RR"": ""GROUND""}"
23.049999999999333,23.166666666665993,15,v003_20260805_224517_157723_manual,21,7,[1],"[""FL"", ""RR""]",FL_RR,"{""FL"": ""GROUND"", ""FR"": ""AIR"", ""RL"": ""AIR"", ""RR"": ""GROUND""}"
23.174999999999326,23.18333333333266,2,v003_20260805_224517_157723_manual,22,7,[2],"[""FL"", ""RR""]",FL_RR,"{""FL"": ""GROUND"", ""FR"": ""AIR"", ""RL"": ""AIR"", ""RR"": ""GROUND""}"
23.19166666666599,23.19166666666599,1,v003_20260805_224517_157723_manual,22,7,[2],"[""FL"", ""RL"", ""RR""]",FL_RR,"{""FL"": ""GROUND"", ""FR"": ""AIR"", ""RL"": ""GROUND"", ""RR"": ""GROUND""}"
23.199999999999324,23.199999999999324,1,v003_20260805_224517_157723_manual,22,7,[2],"[""FL"", ""FR"", ""RL"", ""RR""]",FL_RR,"{""FL"": ""GROUND"", ""FR"": ""TOP"", ""RL"": ""GROUND"", ""RR"": ""GROUND""}"
23.208333333332657,23.21666666666599,2,v003_20260805_224517_157723_manual,22,7,[2],"[""FR"", ""RL""]",FR_RL,"{""FL"": ""AIR"", ""FR"": ""TOP"", ""RL"": ""GROUND"", ""RR"": ""AIR""}"
23.224999999999323,23.224999999999323,1,v003_20260805_224517_157723_manual,22,7,[2],"[""FR"", ""RL"", ""RR""]",FR_RL,"{""FL"": ""AIR"", ""FR"": ""TOP"", ""RL"": ""GROUND"", ""RR"": ""GROUND""}"
23.233333333332656,23.258333333332654,4,v003_20260805_224517_157723_manual,22,7,[2],"[""FL"", ""FR"", ""RL"", ""RR""]",FR_RL,"{""FL"": ""GROUND"", ""FR"": ""TOP"", ""RL"": ""GROUND"", ""RR"": ""GROUND""}"
23.266666666665987,23.48333333333264,27,v003_20260805_224517_157723_manual,22,7,[2],"[""FR"", ""RL"", ""RR""]",FR_RL,"{""FL"": ""AIR"", ""FR"": ""TOP"", ""RL"": ""GROUND"", ""RR"": ""GROUND""}"
23.491666666665974,23.499999999999307,2,v003_20260805_224517_157723_manual,22,7,[2],"[""FR"", ""RL""]",FR_RL,"{""FL"": ""AIR"", ""FR"": ""TOP"", ""RL"": ""GROUND"", ""RR"": ""AIR""}"
23.50833333333264,23.50833333333264,1,v003_20260805_224517_157723_manual,22,7,[2],"[""FR"", ""RL"", ""RR""]",FR_RL,"{""FL"": ""AIR"", ""FR"": ""TOP"", ""RL"": ""GROUND"", ""RR"": ""GROUND""}"
23.516666666665973,23.524999999999306,2,v003_20260805_224517_157723_manual,22,7,[2],"[""FR"", ""RL""]",FR_RL,"{""FL"": ""AIR"", ""FR"": ""TOP"", ""RL"": ""GROUND"", ""RR"": ""AIR""}"
23.53333333333264,23.574999999999303,6,v003_20260805_224517_157723_manual,22,7,[2],"[""FR"", ""RL"", ""RR""]",FR_RL,"{""FL"": ""AIR"", ""FR"": ""TOP"", ""RL"": ""GROUND"", ""RR"": ""GROUND""}"
23.583333333332636,23.583333333332636,1,v003_20260805_224517_157723_manual,22,7,[2],"[""FR"", ""RL""]",FR_RL,"{""FL"": ""AIR"", ""FR"": ""TOP"", ""RL"": ""GROUND"", ""RR"": ""AIR""}"
23.59166666666597,24.166666666665936,70,v003_20260805_224517_157723_manual,22,7,[2],"[""FR"", ""RL"", ""RR""]",FR_RL,"{""FL"": ""AIR"", ""FR"": ""TOP"", ""RL"": ""GROUND"", ""RR"": ""GROUND""}"
24.17499999999927,24.2333333333326,8,v003_20260805_224517_157723_manual,23,7,[3],"[""FR"", ""RL"", ""RR""]",FR_RL,"{""FL"": ""AIR"", ""FR"": ""TOP"", ""RL"": ""GROUND"", ""RR"": ""GROUND""}"
24.24166666666593,24.24166666666593,1,v003_20260805_224517_157723_manual,23,7,[3],"[""FR"", ""RL""]",FR_RL,"{""FL"": ""AIR"", ""FR"": ""TOP"", ""RL"": ""GROUND"", ""RR"": ""AIR""}"
24.249999999999265,24.26666666666593,3,v003_20260805_224517_157723_manual,23,7,[3],"[""FR"", ""RL"", ""RR""]",FR_RL,"{""FL"": ""AIR"", ""FR"": ""TOP"", ""RL"": ""GROUND"", ""RR"": ""GROUND""}"
24.274999999999263,24.274999999999263,1,v003_20260805_224517_157723_manual,23,7,[3],"[""FR"", ""RL""]",FR_RL,"{""FL"": ""AIR"", ""FR"": ""TOP"", ""RL"": ""GROUND"", ""RR"": ""AIR""}"
24.283333333332596,24.29999999999926,3,v003_20260805_224517_157723_manual,23,7,[3],"[""FR"", ""RL"", ""RR""]",FR_RL,"{""FL"": ""AIR"", ""FR"": ""TOP"", ""RL"": ""GROUND"", ""RR"": ""GROUND""}"
24.308333333332595,24.316666666665927,2,v003_20260805_224517_157723_manual,24,8,[0],"[""FR"", ""RL"", ""RR""]",FR_RL,"{""FL"": ""AIR"", ""FR"": ""TOP"", ""RL"": ""GROUND"", ""RR"": ""GROUND""}"
24.32499999999926,24.32499999999926,1,v003_20260805_224517_157723_manual,24,8,[0],"[""FR"", ""RL""]",FR_RL,"{""FL"": ""AIR"", ""FR"": ""TOP"", ""RL"": ""GROUND"", ""RR"": ""AIR""}"
24.333333333332593,24.34999999999926,3,v003_20260805_224517_157723_manual,24,8,[0],"[""FR"", ""RL"", ""RR""]",FR_RL,"{""FL"": ""AIR"", ""FR"": ""TOP"", ""RL"": ""GROUND"", ""RR"": ""GROUND""}"
24.35833333333259,24.35833333333259,1,v003_20260805_224517_157723_manual,24,8,[0],"[""FR"", ""RL""]",FR_RL,"{""FL"": ""AIR"", ""FR"": ""TOP"", ""RL"": ""GROUND"", ""RR"": ""AIR""}"
24.366666666665925,24.566666666665913,25,v003_20260805_224517_157723_manual,24,8,[0],"[""FR"", ""RL"", ""RR""]",FR_RL,"{""FL"": ""AIR"", ""FR"": ""TOP"", ""RL"": ""GROUND"", ""RR"": ""GROUND""}"
24.574999999999246,24.69999999999924,16,v003_20260805_224517_157723_manual,25,8,[1],"[""FR"", ""RL"", ""RR""]",FR_RL,"{""FL"": ""AIR"", ""FR"": ""TOP"", ""RL"": ""GROUND"", ""RR"": ""GROUND""}"
24.708333333332572,24.766666666665902,8,v003_20260805_224517_157723_manual,26,8,[2],"[""FR"", ""RL"", ""RR""]",FR_RL,"{""FL"": ""AIR"", ""FR"": ""TOP"", ""RL"": ""GROUND"", ""RR"": ""GROUND""}"
24.774999999999235,24.833333333332565,8,v003_20260805_224517_157723_manual,27,8,[3],"[""FR"", ""RL"", ""RR""]",FR_RL,"{""FL"": ""AIR"", ""FR"": ""TOP"", ""RL"": ""GROUND"", ""RR"": ""GROUND""}"
24.841666666665898,25.28333333333254,54,v003_20260805_224517_157723_manual,28,8,[4],"[""FR"", ""RL"", ""RR""]",FR_RL,"{""FL"": ""AIR"", ""FR"": ""TOP"", ""RL"": ""GROUND"", ""RR"": ""GROUND""}"
25.291666666665872,25.299999999999205,2,v003_20260805_224517_157723_manual,28,8,[4],"[""FR"", ""RL""]",FR_RL,"{""FL"": ""AIR"", ""FR"": ""TOP"", ""RL"": ""GROUND"", ""RR"": ""AIR""}"
25.308333333332538,25.308333333332538,1,v003_20260805_224517_157723_manual,28,8,[4],"[""FR"", ""RL"", ""RR""]",FR_RL,"{""FL"": ""AIR"", ""FR"": ""TOP"", ""RL"": ""GROUND"", ""RR"": ""GROUND""}"
25.31666666666587,25.333333333332536,3,v003_20260805_224517_157723_manual,28,8,[4],"[""FR"", ""RL""]",FR_RL,"{""FL"": ""AIR"", ""FR"": ""TOP"", ""RL"": ""GROUND"", ""RR"": ""AIR""}"
25.34166666666587,25.349999999999202,2,v003_20260805_224517_157723_manual,28,8,[4],"[""FR"", ""RL"", ""RR""]",FR_RL,"{""FL"": ""AIR"", ""FR"": ""TOP"", ""RL"": ""GROUND"", ""RR"": ""GROUND""}"
25.358333333332535,25.366666666665868,2,v003_20260805_224517_157723_manual,28,8,[4],"[""FR"", ""RL""]",FR_RL,"{""FL"": ""AIR"", ""FR"": ""TOP"", ""RL"": ""GROUND"", ""RR"": ""AIR""}"
25.3749999999992,25.45833333333253,11,v003_20260805_224517_157723_manual,29,8,[5],"[""FR"", ""RL""]",FR_RL,"{""FL"": ""AIR"", ""FR"": ""TOP"", ""RL"": ""GROUND"", ""RR"": ""AIR""}"
25.466666666665862,25.466666666665862,1,v003_20260805_224517_157723_manual,29,8,[5],"[""FR"", ""RL"", ""RR""]",FR_RL,"{""FL"": ""AIR"", ""FR"": ""TOP"", ""RL"": ""GROUND"", ""RR"": ""GROUND""}"
25.474999999999195,25.474999999999195,1,v003_20260805_224517_157723_manual,29,8,[5],"[""FR"", ""RL""]",FR_RL,"{""FL"": ""AIR"", ""FR"": ""TOP"", ""RL"": ""GROUND"", ""RR"": ""AIR""}"
25.483333333332528,25.499999999999194,3,v003_20260805_224517_157723_manual,29,8,[5],"[""FR"", ""RL"", ""RR""]",FR_RL,"{""FL"": ""AIR"", ""FR"": ""TOP"", ""RL"": ""GROUND"", ""RR"": ""GROUND""}"
25.508333333332526,25.508333333332526,1,v003_20260805_224517_157723_manual,29,8,[5],"[""FR"", ""RL""]",FR_RL,"{""FL"": ""AIR"", ""FR"": ""TOP"", ""RL"": ""GROUND"", ""RR"": ""AIR""}"
25.51666666666586,25.533333333332525,3,v003_20260805_224517_157723_manual,29,8,[5],"[""FR"", ""RL"", ""RR""]",FR_RL,"{""FL"": ""AIR"", ""FR"": ""TOP"", ""RL"": ""GROUND"", ""RR"": ""GROUND""}"
25.541666666665858,25.541666666665858,1,v003_20260805_224517_157723_manual,29,8,[5],"[""FR"", ""RL""]",FR_RL,"{""FL"": ""AIR"", ""FR"": ""TOP"", ""RL"": ""GROUND"", ""RR"": ""AIR""}"
25.54999999999919,25.566666666665856,3,v003_20260805_224517_157723_manual,29,8,[5],"[""FR"", ""RL"", ""RR""]",FR_RL,"{""FL"": ""AIR"", ""FR"": ""TOP"", ""RL"": ""GROUND"", ""RR"": ""GROUND""}"
25.57499999999919,25.57499999999919,1,v003_20260805_224517_157723_manual,29,8,[5],"[""FR"", ""RL""]",FR_RL,"{""FL"": ""AIR"", ""FR"": ""TOP"", ""RL"": ""GROUND"", ""RR"": ""AIR""}"
25.583333333332522,25.658333333332518,10,v003_20260805_224517_157723_manual,29,8,[5],"[""FR"", ""RL"", ""RR""]",FR_RL,"{""FL"": ""AIR"", ""FR"": ""TOP"", ""RL"": ""GROUND"", ""RR"": ""GROUND""}"
25.66666666666585,25.66666666666585,1,v003_20260805_224517_157723_manual,29,8,[5],"[""FR"", ""RL""]",FR_RL,"{""FL"": ""AIR"", ""FR"": ""TOP"", ""RL"": ""GROUND"", ""RR"": ""AIR""}"
25.674999999999184,25.674999999999184,1,v003_20260805_224517_157723_manual,29,8,[5],"[""FR"", ""RL"", ""RR""]",FR_RL,"{""FL"": ""AIR"", ""FR"": ""TOP"", ""RL"": ""GROUND"", ""RR"": ""GROUND""}"
25.683333333332516,25.699999999999182,3,v003_20260805_224517_157723_manual,29,8,[5],"[""FR"", ""RL""]",FR_RL,"{""FL"": ""AIR"", ""FR"": ""TOP"", ""RL"": ""GROUND"", ""RR"": ""AIR""}"
25.708333333332515,25.708333333332515,1,v003_20260805_224517_157723_manual,29,8,[5],"[""FR"", ""RL"", ""RR""]",FR_RL,"{""FL"": ""AIR"", ""FR"": ""TOP"", ""RL"": ""GROUND"", ""RR"": ""GROUND""}"
25.716666666665848,25.733333333332514,3,v003_20260805_224517_157723_manual,29,8,[5],"[""FR"", ""RL""]",FR_RL,"{""FL"": ""AIR"", ""FR"": ""TOP"", ""RL"": ""GROUND"", ""RR"": ""AIR""}"
25.741666666665846,25.741666666665846,1,v003_20260805_224517_157723_manual,29,8,[5],"[""FR"", ""RL"", ""RR""]",FR_RL,"{""FL"": ""AIR"", ""FR"": ""TOP"", ""RL"": ""GROUND"", ""RR"": ""GROUND""}"
25.74999999999918,25.766666666665845,3,v003_20260805_224517_157723_manual,29,8,[5],"[""FR"", ""RL""]",FR_RL,"{""FL"": ""AIR"", ""FR"": ""TOP"", ""RL"": ""GROUND"", ""RR"": ""AIR""}"
25.774999999999178,25.816666666665842,6,v003_20260805_224517_157723_manual,30,8,[6],"[""FR"", ""RL""]",FR_RL,"{""FL"": ""AIR"", ""FR"": ""TOP"", ""RL"": ""GROUND"", ""RR"": ""AIR""}"
25.824999999999175,25.833333333332508,2,v003_20260805_224517_157723_manual,30,8,[6],"[""FR"", ""RL"", ""RR""]",FR_RL,"{""FL"": ""AIR"", ""FR"": ""TOP"", ""RL"": ""GROUND"", ""RR"": ""GROUND""}"
25.84166666666584,25.84166666666584,1,v003_20260805_224517_157723_manual,30,8,[6],"[""FR"", ""RL""]",FR_RL,"{""FL"": ""AIR"", ""FR"": ""TOP"", ""RL"": ""GROUND"", ""RR"": ""AIR""}"
25.849999999999174,25.86666666666584,3,v003_20260805_224517_157723_manual,30,8,[6],"[""FR"", ""RL"", ""RR""]",FR_RL,"{""FL"": ""AIR"", ""FR"": ""TOP"", ""RL"": ""GROUND"", ""RR"": ""GROUND""}"
25.874999999999172,25.874999999999172,1,v003_20260805_224517_157723_manual,30,8,[6],"[""FR"", ""RL""]",FR_RL,"{""FL"": ""AIR"", ""FR"": ""TOP"", ""RL"": ""GROUND"", ""RR"": ""AIR""}"
25.883333333332505,25.89999999999917,3,v003_20260805_224517_157723_manual,30,8,[6],"[""FR"", ""RL"", ""RR""]",FR_RL,"{""FL"": ""AIR"", ""FR"": ""TOP"", ""RL"": ""GROUND"", ""RR"": ""GROUND""}"
25.908333333332504,25.908333333332504,1,v003_20260805_224517_157723_manual,30,8,[6],"[""FR"", ""RL""]",FR_RL,"{""FL"": ""AIR"", ""FR"": ""TOP"", ""RL"": ""GROUND"", ""RR"": ""AIR""}"
25.916666666665837,25.966666666665834,7,v003_20260805_224517_157723_manual,30,8,[6],"[""FR"", ""RL"", ""RR""]",FR_RL,"{""FL"": ""AIR"", ""FR"": ""TOP"", ""RL"": ""GROUND"", ""RR"": ""GROUND""}"
25.974999999999167,26.024999999999164,7,v003_20260805_224517_157723_manual,31,9,[0],"[""FR"", ""RL"", ""RR""]",FR_RL,"{""FL"": ""AIR"", ""FR"": ""TOP"", ""RL"": ""GROUND"", ""RR"": ""GROUND""}"
26.033333333332497,26.033333333332497,1,v003_20260805_224517_157723_manual,31,9,[0],"[""FR"", ""RL""]",FR_RL,"{""FL"": ""AIR"", ""FR"": ""TOP"", ""RL"": ""GROUND"", ""RR"": ""AIR""}"
26.04166666666583,26.04166666666583,1,v003_20260805_224517_157723_manual,31,9,[0],"[""FR"", ""RL"", ""RR""]",FR_RL,"{""FL"": ""AIR"", ""FR"": ""TOP"", ""RL"": ""GROUND"", ""RR"": ""GROUND""}"
26.049999999999162,26.049999999999162,1,v003_20260805_224517_157723_manual,31,9,[0],"[""FR"", ""RL""]",FR_RL,"{""FL"": ""AIR"", ""FR"": ""TOP"", ""RL"": ""GROUND"", ""RR"": ""AIR""}"
26.058333333332495,26.058333333332495,1,v003_20260805_224517_157723_manual,31,9,[0],"[""FR"", ""RL"", ""RR""]",FR_RL,"{""FL"": ""AIR"", ""FR"": ""TOP"", ""RL"": ""GROUND"", ""RR"": ""GROUND""}"
26.066666666665828,26.233333333332485,21,v003_20260805_224517_157723_manual,31,9,[0],"[""FR"", ""RL""]",FR_RL,"{""FL"": ""AIR"", ""FR"": ""TOP"", ""RL"": ""GROUND"", ""RR"": ""AIR""}"
26.241666666665818,26.36666666666581,16,v003_20260805_224517_157723_manual,32,9,[1],"[""FR"", ""RL""]",FR_RL,"{""FL"": ""AIR"", ""FR"": ""TOP"", ""RL"": ""GROUND"", ""RR"": ""AIR""}"
26.374999999999144,26.458333333332472,11,v003_20260805_224517_157723_manual,33,9,[2],"[""FR"", ""RL"", ""RR""]",FR_RL,"{""FL"": ""AIR"", ""FR"": ""TOP"", ""RL"": ""GROUND"", ""RR"": ""GROUND""}"
26.466666666665805,26.466666666665805,1,v003_20260805_224517_157723_manual,33,9,[2],"[""FR"", ""RL""]",FR_RL,"{""FL"": ""AIR"", ""FR"": ""TOP"", ""RL"": ""GROUND"", ""RR"": ""AIR""}"
26.474999999999138,26.474999999999138,1,v003_20260805_224517_157723_manual,33,9,[2],"[""FR"", ""RL"", ""RR""]",FR_RL,"{""FL"": ""AIR"", ""FR"": ""TOP"", ""RL"": ""GROUND"", ""RR"": ""GROUND""}"
26.48333333333247,26.499999999999137,3,v003_20260805_224517_157723_manual,33,9,[2],"[""FR"", ""RL""]",FR_RL,"{""FL"": ""AIR"", ""FR"": ""TOP"", ""RL"": ""GROUND"", ""RR"": ""AIR""}"
26.50833333333247,26.50833333333247,1,v003_20260805_224517_157723_manual,33,9,[2],"[""FR"", ""RL"", ""RR""]",FR_RL,"{""FL"": ""AIR"", ""FR"": ""TOP"", ""RL"": ""GROUND"", ""RR"": ""GROUND""}"
26.516666666665802,26.533333333332468,3,v003_20260805_224517_157723_manual,33,9,[2],"[""FR"", ""RL""]",FR_RL,"{""FL"": ""AIR"", ""FR"": ""TOP"", ""RL"": ""GROUND"", ""RR"": ""AIR""}"
26.5416666666658,26.5416666666658,1,v003_20260805_224517_157723_manual,33,9,[2],"[""FR"", ""RL"", ""RR""]",FR_RL,"{""FL"": ""AIR"", ""FR"": ""TOP"", ""RL"": ""GROUND"", ""RR"": ""GROUND""}"
26.549999999999134,26.5666666666658,3,v003_20260805_224517_157723_manual,33,9,[2],"[""FR"", ""RL""]",FR_RL,"{""FL"": ""AIR"", ""FR"": ""TOP"", ""RL"": ""GROUND"", ""RR"": ""AIR""}"
26.574999999999132,26.574999999999132,1,v003_20260805_224517_157723_manual,33,9,[2],"[""FR"", ""RL"", ""RR""]",FR_RL,"{""FL"": ""AIR"", ""FR"": ""TOP"", ""RL"": ""GROUND"", ""RR"": ""GROUND""}"
26.583333333332465,26.758333333332455,22,v003_20260805_224517_157723_manual,33,9,[2],"[""FR"", ""RL""]",FR_RL,"{""FL"": ""AIR"", ""FR"": ""TOP"", ""RL"": ""GROUND"", ""RR"": ""AIR""}"
26.766666666665788,26.766666666665788,1,v003_20260805_224517_157723_manual,33,9,[2],"[""FR"", ""RL"", ""RR""]",FR_RL,"{""FL"": ""AIR"", ""FR"": ""TOP"", ""RL"": ""GROUND"", ""RR"": ""GROUND""}"
26.77499999999912,26.824999999999118,7,v003_20260805_224517_157723_manual,34,9,[3],"[""FR"", ""RL"", ""RR""]",FR_RL,"{""FL"": ""AIR"", ""FR"": ""TOP"", ""RL"": ""GROUND"", ""RR"": ""GROUND""}"
26.83333333333245,26.83333333333245,1,v003_20260805_224517_157723_manual,34,9,[3],"[""FR"", ""RL""]",FR_RL,"{""FL"": ""AIR"", ""FR"": ""TOP"", ""RL"": ""GROUND"", ""RR"": ""AIR""}"
26.841666666665784,26.841666666665784,1,v003_20260805_224517_157723_manual,34,9,[3],"[""FR"", ""RL"", ""RR""]",FR_RL,"{""FL"": ""AIR"", ""FR"": ""TOP"", ""RL"": ""GROUND"", ""RR"": ""GROUND""}"
26.849999999999117,26.866666666665783,3,v003_20260805_224517_157723_manual,34,9,[3],"[""FR"", ""RL""]",FR_RL,"{""FL"": ""AIR"", ""FR"": ""TOP"", ""RL"": ""GROUND"", ""RR"": ""AIR""}"
26.874999999999115,26.874999999999115,1,v003_20260805_224517_157723_manual,34,9,[3],"[""FR"", ""RL"", ""RR""]",FR_RL,"{""FL"": ""AIR"", ""FR"": ""TOP"", ""RL"": ""GROUND"", ""RR"": ""GROUND""}"
26.88333333333245,26.899999999999114,3,v003_20260805_224517_157723_manual,34,9,[3],"[""FR"", ""RL""]",FR_RL,"{""FL"": ""AIR"", ""FR"": ""TOP"", ""RL"": ""GROUND"", ""RR"": ""AIR""}"
26.908333333332447,26.908333333332447,1,v003_20260805_224517_157723_manual,34,9,[3],"[""FR"", ""RL"", ""RR""]",FR_RL,"{""FL"": ""AIR"", ""FR"": ""TOP"", ""RL"": ""GROUND"", ""RR"": ""GROUND""}"
26.91666666666578,26.966666666665777,7,v003_20260805_224517_157723_manual,34,9,[3],"[""FR"", ""RL""]",FR_RL,"{""FL"": ""AIR"", ""FR"": ""TOP"", ""RL"": ""GROUND"", ""RR"": ""AIR""}"
26.97499999999911,26.99999999999911,4,v003_20260805_224517_157723_manual,35,9,[4],"[""FR"", ""RL""]",FR_RL,"{""FL"": ""AIR"", ""FR"": ""TOP"", ""RL"": ""GROUND"", ""RR"": ""AIR""}"
27.00833333333244,27.00833333333244,1,v003_20260805_224517_157723_manual,35,9,[4],"[""FR"", ""RL"", ""RR""]",FR_RL,"{""FL"": ""AIR"", ""FR"": ""TOP"", ""RL"": ""GROUND"", ""RR"": ""GROUND""}"
27.016666666665774,27.03333333333244,3,v003_20260805_224517_157723_manual,35,9,[4],"[""FR"", ""RL""]",FR_RL,"{""FL"": ""AIR"", ""FR"": ""TOP"", ""RL"": ""GROUND"", ""RR"": ""AIR""}"
27.041666666665773,27.049999999999105,2,v003_20260805_224517_157723_manual,36,9,[5],"[""FR"", ""RL"", ""RR""]",FR_RL,"{""FL"": ""AIR"", ""FR"": ""TOP"", ""RL"": ""GROUND"", ""RR"": ""GROUND""}"
27.05833333333244,27.06666666666577,2,v003_20260805_224517_157723_manual,36,9,[5],"[""FR"", ""RL""]",FR_RL,"{""FL"": ""AIR"", ""FR"": ""TOP"", ""RL"": ""GROUND"", ""RR"": ""AIR""}"
27.074999999999104,27.074999999999104,1,v003_20260805_224517_157723_manual,36,9,[5],"[""FR"", ""RL"", ""RR""]",FR_RL,"{""FL"": ""AIR"", ""FR"": ""TOP"", ""RL"": ""GROUND"", ""RR"": ""GROUND""}"
27.083333333332437,27.099999999999103,3,v003_20260805_224517_157723_manual,36,9,[5],"[""FR"", ""RL""]",FR_RL,"{""FL"": ""AIR"", ""FR"": ""TOP"", ""RL"": ""GROUND"", ""RR"": ""AIR""}"
27.108333333332435,27.108333333332435,1,v003_20260805_224517_157723_manual,36,9,[5],"[""FR"", ""RL"", ""RR""]",FR_RL,"{""FL"": ""AIR"", ""FR"": ""TOP"", ""RL"": ""GROUND"", ""RR"": ""GROUND""}"
27.11666666666577,27.166666666665765,7,v003_20260805_224517_157723_manual,36,9,[5],"[""FR"", ""RL""]",FR_RL,"{""FL"": ""AIR"", ""FR"": ""TOP"", ""RL"": ""GROUND"", ""RR"": ""AIR""}"
27.1749999999991,27.1749999999991,1,v003_20260805_224517_157723_manual,37,9,[6],"[""FR"", ""RL"", ""RR""]",FR_RL,"{""FL"": ""AIR"", ""FR"": ""TOP"", ""RL"": ""GROUND"", ""RR"": ""GROUND""}"
27.18333333333243,27.199999999999097,3,v003_20260805_224517_157723_manual,37,9,[6],"[""FR"", ""RL""]",FR_RL,"{""FL"": ""AIR"", ""FR"": ""TOP"", ""RL"": ""GROUND"", ""RR"": ""AIR""}"
27.20833333333243,27.20833333333243,1,v003_20260805_224517_157723_manual,37,9,[6],"[""FR"", ""RL"", ""RR""]",FR_RL,"{""FL"": ""AIR"", ""FR"": ""TOP"", ""RL"": ""GROUND"", ""RR"": ""GROUND""}"
27.216666666665763,27.23333333333243,3,v003_20260805_224517_157723_manual,37,9,[6],"[""FR"", ""RL""]",FR_RL,"{""FL"": ""AIR"", ""FR"": ""TOP"", ""RL"": ""GROUND"", ""RR"": ""AIR""}"
27.24166666666576,27.24166666666576,1,v003_20260805_224517_157723_manual,38,10,[0],"[""FR"", ""RL"", ""RR""]",FR_RL,"{""FL"": ""AIR"", ""FR"": ""TOP"", ""RL"": ""GROUND"", ""RR"": ""GROUND""}"
27.249999999999094,27.491666666665747,30,v003_20260805_224517_157723_manual,38,10,[0],"[""FR"", ""RL""]",FR_RL,"{""FL"": ""AIR"", ""FR"": ""TOP"", ""RL"": ""GROUND"", ""RR"": ""AIR""}"
27.49999999999908,27.49999999999908,1,v003_20260805_224517_157723_manual,38,10,[0],"[""FR"", ""RL"", ""RR""]",FR_RL,"{""FL"": ""AIR"", ""FR"": ""TOP"", ""RL"": ""GROUND"", ""RR"": ""GROUND""}"
27.508333333332413,27.64166666666574,17,v003_20260805_224517_157723_manual,38,10,[0],"[""FR"", ""RL""]",FR_RL,"{""FL"": ""AIR"", ""FR"": ""TOP"", ""RL"": ""GROUND"", ""RR"": ""AIR""}"
27.64999999999907,28.05833333333238,50,v003_20260805_224517_157723_manual,38,10,[0],"[""FR"", ""RL"", ""RR""]",FR_RL,"{""FL"": ""AIR"", ""FR"": ""TOP"", ""RL"": ""GROUND"", ""RR"": ""GROUND""}"
28.066666666665714,28.066666666665714,1,v003_20260805_224517_157723_manual,38,10,[0],"[""FR"", ""RL""]",FR_RL,"{""FL"": ""AIR"", ""FR"": ""TOP"", ""RL"": ""GROUND"", ""RR"": ""AIR""}"
28.074999999999047,28.074999999999047,1,v003_20260805_224517_157723_manual,38,10,[0],"[""FR"", ""RL"", ""RR""]",FR_RL,"{""FL"": ""AIR"", ""FR"": ""TOP"", ""RL"": ""GROUND"", ""RR"": ""GROUND""}"
28.08333333333238,28.72499999999901,78,v003_20260805_224517_157723_manual,38,10,[0],"[""FR"", ""RL""]",FR_RL,"{""FL"": ""AIR"", ""FR"": ""TOP"", ""RL"": ""GROUND"", ""RR"": ""AIR""}"
28.733333333332343,28.741666666665676,2,v003_20260805_224517_157723_manual,38,10,[0],"[""FR"", ""RL"", ""RR""]",FR_RL,"{""FL"": ""AIR"", ""FR"": ""TOP"", ""RL"": ""GROUND"", ""RR"": ""GROUND""}"
28.74999999999901,29.09999999999899,43,v003_20260805_224517_157723_manual,38,10,[0],"[""FR"", ""RL""]",FR_RL,"{""FL"": ""AIR"", ""FR"": ""TOP"", ""RL"": ""GROUND"", ""RR"": ""AIR""}"
29.10833333333232,30.083333333332266,118,v003_20260805_224517_157723_manual,38,10,[0],"[""FR"", ""RL"", ""RR""]",FR_RL,"{""FL"": ""AIR"", ""FR"": ""TOP"", ""RL"": ""GROUND"", ""RR"": ""GROUND""}"
30.0916666666656,30.0916666666656,1,v003_20260805_224517_157723_manual,38,10,[0],"[""FR"", ""RL""]",FR_RL,"{""FL"": ""AIR"", ""FR"": ""TOP"", ""RL"": ""GROUND"", ""RR"": ""AIR""}"
30.099999999998932,30.099999999998932,1,v003_20260805_224517_157723_manual,38,10,[0],"[""FR"", ""RL"", ""RR""]",FR_RL,"{""FL"": ""AIR"", ""FR"": ""TOP"", ""RL"": ""GROUND"", ""RR"": ""GROUND""}"
30.108333333332265,31.133333333332207,124,v003_20260805_224517_157723_manual,38,10,[0],"[""FR"", ""RL""]",FR_RL,"{""FL"": ""AIR"", ""FR"": ""TOP"", ""RL"": ""GROUND"", ""RR"": ""AIR""}"
31.14166666666554,31.416666666665524,34,v003_20260805_224517_157723_manual,38,10,[0],"[""FR"", ""RL"", ""RR""]",FR_RL,"{""FL"": ""AIR"", ""FR"": ""TOP"", ""RL"": ""GROUND"", ""RR"": ""GROUND""}"
31.424999999998857,31.424999999998857,1,v003_20260805_224517_157723_manual,38,10,[0],"[""FR"", ""RL""]",FR_RL,"{""FL"": ""AIR"", ""FR"": ""TOP"", ""RL"": ""GROUND"", ""RR"": ""AIR""}"
31.43333333333219,31.43333333333219,1,v003_20260805_224517_157723_manual,38,10,[0],"[""FR"", ""RL"", ""RR""]",FR_RL,"{""FL"": ""AIR"", ""FR"": ""TOP"", ""RL"": ""GROUND"", ""RR"": ""GROUND""}"
31.441666666665522,31.441666666665522,1,v003_20260805_224517_157723_manual,38,10,[0],"[""FR"", ""RL""]",FR_RL,"{""FL"": ""AIR"", ""FR"": ""TOP"", ""RL"": ""GROUND"", ""RR"": ""AIR""}"
31.449999999998855,31.474999999998854,4,v003_20260805_224517_157723_manual,38,10,[0],"[""FR"", ""RL"", ""RR""]",FR_RL,"{""FL"": ""AIR"", ""FR"": ""TOP"", ""RL"": ""GROUND"", ""RR"": ""GROUND""}"
31.483333333332187,31.49166666666552,2,v003_20260805_224517_157723_manual,38,10,[0],"[""FR"", ""RL""]",FR_RL,"{""FL"": ""AIR"", ""FR"": ""TOP"", ""RL"": ""GROUND"", ""RR"": ""AIR""}"
31.499999999998852,31.499999999998852,1,v003_20260805_224517_157723_manual,38,10,[0],"[""FR"", ""RL"", ""RR""]",FR_RL,"{""FL"": ""AIR"", ""FR"": ""TOP"", ""RL"": ""GROUND"", ""RR"": ""GROUND""}"
31.508333333332185,31.533333333332184,4,v003_20260805_224517_157723_manual,38,10,[0],"[""FR"", ""RL""]",FR_RL,"{""FL"": ""AIR"", ""FR"": ""TOP"", ""RL"": ""GROUND"", ""RR"": ""AIR""}"
31.541666666665517,31.541666666665517,1,v003_20260805_224517_157723_manual,38,10,[0],"[""FR"", ""RL"", ""RR""]",FR_RL,"{""FL"": ""AIR"", ""FR"": ""TOP"", ""RL"": ""GROUND"", ""RR"": ""GROUND""}"
31.54999999999885,31.591666666665514,6,v003_20260805_224517_157723_manual,38,10,[0],"[""FR"", ""RL""]",FR_RL,"{""FL"": ""AIR"", ""FR"": ""TOP"", ""RL"": ""GROUND"", ""RR"": ""AIR""}"
31.599999999998847,31.599999999998847,1,v003_20260805_224517_157723_manual,38,10,[0],"[""FR"", ""RL"", ""RR""]",FR_RL,"{""FL"": ""AIR"", ""FR"": ""TOP"", ""RL"": ""GROUND"", ""RR"": ""GROUND""}"
31.60833333333218,31.658333333332177,7,v003_20260805_224517_157723_manual,38,10,[0],"[""FR"", ""RL""]",FR_RL,"{""FL"": ""AIR"", ""FR"": ""TOP"", ""RL"": ""GROUND"", ""RR"": ""AIR""}"
31.66666666666551,31.858333333332165,24,v003_20260805_224517_157723_manual,38,10,[0],"[""FR"", ""RL"", ""RR""]",FR_RL,"{""FL"": ""AIR"", ""FR"": ""TOP"", ""RL"": ""GROUND"", ""RR"": ""GROUND""}"
31.8666666666655,31.883333333332164,3,v003_20260805_224517_157723_manual,38,10,[0],"[""FR"", ""RL""]",FR_RL,"{""FL"": ""AIR"", ""FR"": ""TOP"", ""RL"": ""GROUND"", ""RR"": ""AIR""}"
31.891666666665497,32.01666666666549,16,v003_20260805_224517_157723_manual,38,10,[0],"[""FR"", ""RL"", ""RR""]",FR_RL,"{""FL"": ""AIR"", ""FR"": ""TOP"", ""RL"": ""GROUND"", ""RR"": ""GROUND""}"
32.024999999998826,32.024999999998826,1,v003_20260805_224517_157723_manual,38,10,[0],"[""FR"", ""RL""]",FR_RL,"{""FL"": ""AIR"", ""FR"": ""TOP"", ""RL"": ""GROUND"", ""RR"": ""AIR""}"
32.03333333333216,32.108333333332155,10,v003_20260805_224517_157723_manual,38,10,[0],"[""FR"", ""RL"", ""RR""]",FR_RL,"{""FL"": ""AIR"", ""FR"": ""TOP"", ""RL"": ""GROUND"", ""RR"": ""GROUND""}"
32.11666666666549,32.11666666666549,1,v003_20260805_224517_157723_manual,38,10,[0],"[""FR"", ""RL""]",FR_RL,"{""FL"": ""AIR"", ""FR"": ""TOP"", ""RL"": ""GROUND"", ""RR"": ""AIR""}"
32.12499999999882,32.12499999999882,1,v003_20260805_224517_157723_manual,38,10,[0],"[""FR"", ""RL"", ""RR""]",FR_RL,"{""FL"": ""AIR"", ""FR"": ""TOP"", ""RL"": ""GROUND"", ""RR"": ""GROUND""}"
32.13333333333215,32.24166666666548,14,v003_20260805_224517_157723_manual,38,10,[0],"[""FR"", ""RL""]",FR_RL,"{""FL"": ""AIR"", ""FR"": ""TOP"", ""RL"": ""GROUND"", ""RR"": ""AIR""}"
32.24999999999881,32.24999999999881,1,v003_20260805_224517_157723_manual,38,10,[0],"[""FR"", ""RL"", ""RR""]",FR_RL,"{""FL"": ""AIR"", ""FR"": ""TOP"", ""RL"": ""GROUND"", ""RR"": ""GROUND""}"
32.258333333332146,33.183333333332094,112,v003_20260805_224517_157723_manual,38,10,[0],"[""FR"", ""RL""]",FR_RL,"{""FL"": ""AIR"", ""FR"": ""TOP"", ""RL"": ""GROUND"", ""RR"": ""AIR""}"
33.19166666666543,33.416666666665414,28,v003_20260805_224517_157723_manual,38,10,[0],"[""FR"", ""RL"", ""RR""]",FR_RL,"{""FL"": ""AIR"", ""FR"": ""TOP"", ""RL"": ""GROUND"", ""RR"": ""GROUND""}"
33.42499999999875,33.42499999999875,1,v003_20260805_224517_157723_manual,38,10,[0],"[""FR"", ""RL""]",FR_RL,"{""FL"": ""AIR"", ""FR"": ""TOP"", ""RL"": ""GROUND"", ""RR"": ""AIR""}"
33.43333333333208,33.44166666666541,2,v003_20260805_224517_157723_manual,38,10,[0],"[""FR"", ""RL"", ""RR""]",FR_RL,"{""FL"": ""AIR"", ""FR"": ""TOP"", ""RL"": ""GROUND"", ""RR"": ""GROUND""}"
33.449999999998745,33.449999999998745,1,v003_20260805_224517_157723_manual,38,10,[0],"[""FR"", ""RL""]",FR_RL,"{""FL"": ""AIR"", ""FR"": ""TOP"", ""RL"": ""GROUND"", ""RR"": ""AIR""}"
33.45833333333208,33.75833333333206,37,v003_20260805_224517_157723_manual,38,10,[0],"[""FR"", ""RL"", ""RR""]",FR_RL,"{""FL"": ""AIR"", ""FR"": ""TOP"", ""RL"": ""GROUND"", ""RR"": ""GROUND""}"
33.766666666665394,33.766666666665394,1,v003_20260805_224517_157723_manual,38,10,[0],"[""FR"", ""RL""]",FR_RL,"{""FL"": ""AIR"", ""FR"": ""TOP"", ""RL"": ""GROUND"", ""RR"": ""AIR""}"
33.77499999999873,33.77499999999873,1,v003_20260805_224517_157723_manual,38,10,[0],"[""FR"", ""RL"", ""RR""]",FR_RL,"{""FL"": ""AIR"", ""FR"": ""TOP"", ""RL"": ""GROUND"", ""RR"": ""GROUND""}"
33.78333333333206,33.79166666666539,2,v003_20260805_224517_157723_manual,38,10,[0],"[""FR"", ""RL""]",FR_RL,"{""FL"": ""AIR"", ""FR"": ""TOP"", ""RL"": ""GROUND"", ""RR"": ""AIR""}"
33.799999999998725,33.799999999998725,1,v003_20260805_224517_157723_manual,38,10,[0],"[""FR"", ""RL"", ""RR""]",FR_RL,"{""FL"": ""AIR"", ""FR"": ""TOP"", ""RL"": ""GROUND"", ""RR"": ""GROUND""}"
33.80833333333206,33.883333333332054,10,v003_20260805_224517_157723_manual,38,10,[0],"[""FR"", ""RL""]",FR_RL,"{""FL"": ""AIR"", ""FR"": ""TOP"", ""RL"": ""GROUND"", ""RR"": ""AIR""}"
33.89166666666539,34.208333333332035,39,v003_20260805_224517_157723_manual,38,10,[0],"[""FR"", ""RL"", ""RR""]",FR_RL,"{""FL"": ""AIR"", ""FR"": ""TOP"", ""RL"": ""GROUND"", ""RR"": ""GROUND""}"
34.21666666666537,34.2499999999987,5,v003_20260805_224517_157723_manual,38,10,[0],"[""FR"", ""RL""]",FR_RL,"{""FL"": ""AIR"", ""FR"": ""TOP"", ""RL"": ""GROUND"", ""RR"": ""AIR""}"
34.25833333333203,34.25833333333203,1,v003_20260805_224517_157723_manual,38,10,[0],"[""FR"", ""RL"", ""RR""]",FR_RL,"{""FL"": ""AIR"", ""FR"": ""TOP"", ""RL"": ""GROUND"", ""RR"": ""GROUND""}"
34.266666666665365,35.49999999999863,149,v003_20260805_224517_157723_manual,38,10,[0],"[""FR"", ""RL""]",FR_RL,"{""FL"": ""AIR"", ""FR"": ""TOP"", ""RL"": ""GROUND"", ""RR"": ""AIR""}"
35.50833333333196,35.50833333333196,1,v003_20260805_224517_157723_manual,38,10,[0],"[""FR"", ""RL"", ""RR""]",FR_RL,"{""FL"": ""AIR"", ""FR"": ""TOP"", ""RL"": ""GROUND"", ""RR"": ""GROUND""}"
35.516666666665294,35.59999999999862,11,v003_20260805_224517_157723_manual,38,10,[0],"[""FR"", ""RL""]",FR_RL,"{""FL"": ""AIR"", ""FR"": ""TOP"", ""RL"": ""GROUND"", ""RR"": ""AIR""}"
35.608333333331956,35.608333333331956,1,v003_20260805_224517_157723_manual,38,10,[0],"[""FR"", ""RL"", ""RR""]",FR_RL,"{""FL"": ""AIR"", ""FR"": ""TOP"", ""RL"": ""GROUND"", ""RR"": ""GROUND""}"
35.61666666666529,35.79999999999861,23,v003_20260805_224517_157723_manual,38,10,[0],"[""FR"", ""RL""]",FR_RL,"{""FL"": ""AIR"", ""FR"": ""TOP"", ""RL"": ""GROUND"", ""RR"": ""AIR""}"
35.808333333331944,35.808333333331944,1,v003_20260805_224517_157723_manual,38,10,[0],"[""FR"", ""RL"", ""RR""]",FR_RL,"{""FL"": ""AIR"", ""FR"": ""TOP"", ""RL"": ""GROUND"", ""RR"": ""GROUND""}"
35.81666666666528,35.91666666666527,13,v003_20260805_224517_157723_manual,38,10,[0],"[""FR"", ""RL""]",FR_RL,"{""FL"": ""AIR"", ""FR"": ""TOP"", ""RL"": ""GROUND"", ""RR"": ""AIR""}"
35.924999999998604,36.05833333333193,17,v003_20260805_224517_157723_manual,38,10,[0],"[""FR"", ""RL"", ""RR""]",FR_RL,"{""FL"": ""AIR"", ""FR"": ""TOP"", ""RL"": ""GROUND"", ""RR"": ""GROUND""}"
36.06666666666526,36.06666666666526,1,v003_20260805_224517_157723_manual,38,10,[0],"[""FR"", ""RL""]",FR_RL,"{""FL"": ""AIR"", ""FR"": ""TOP"", ""RL"": ""GROUND"", ""RR"": ""AIR""}"
36.074999999998596,36.09166666666526,3,v003_20260805_224517_157723_manual,38,10,[0],"[""FR"", ""RL"", ""RR""]",FR_RL,"{""FL"": ""AIR"", ""FR"": ""TOP"", ""RL"": ""GROUND"", ""RR"": ""GROUND""}"
36.099999999998595,36.10833333333193,2,v003_20260805_224517_157723_manual,38,10,[0],"[""FR"", ""RL""]",FR_RL,"{""FL"": ""AIR"", ""FR"": ""TOP"", ""RL"": ""GROUND"", ""RR"": ""AIR""}"
36.11666666666526,36.11666666666526,1,v003_20260805_224517_157723_manual,38,10,[0],"[""FR"", ""RL"", ""RR""]",FR_RL,"{""FL"": ""AIR"", ""FR"": ""TOP"", ""RL"": ""GROUND"", ""RR"": ""GROUND""}"
36.12499999999859,36.133333333331926,2,v003_20260805_224517_157723_manual,38,10,[0],"[""FR"", ""RL""]",FR_RL,"{""FL"": ""AIR"", ""FR"": ""TOP"", ""RL"": ""GROUND"", ""RR"": ""AIR""}"
36.14166666666526,36.14166666666526,1,v003_20260805_224517_157723_manual,38,10,[0],"[""FR"", ""RL"", ""RR""]",FR_RL,"{""FL"": ""AIR"", ""FR"": ""TOP"", ""RL"": ""GROUND"", ""RR"": ""GROUND""}"
36.14999999999859,36.18333333333192,5,v003_20260805_224517_157723_manual,38,10,[0],"[""FR"", ""RL""]",FR_RL,"{""FL"": ""AIR"", ""FR"": ""TOP"", ""RL"": ""GROUND"", ""RR"": ""AIR""}"
36.191666666665256,36.191666666665256,1,v003_20260805_224517_157723_manual,38,10,[0],"[""FR"", ""RL"", ""RR""]",FR_RL,"{""FL"": ""AIR"", ""FR"": ""TOP"", ""RL"": ""GROUND"", ""RR"": ""GROUND""}"
36.19999999999859,36.22499999999859,4,v003_20260805_224517_157723_manual,38,10,[0],"[""FR"", ""RL""]",FR_RL,"{""FL"": ""AIR"", ""FR"": ""TOP"", ""RL"": ""GROUND"", ""RR"": ""AIR""}"
36.23333333333192,36.23333333333192,1,v003_20260805_224517_157723_manual,38,10,[0],"[""FR"", ""RL"", ""RR""]",FR_RL,"{""FL"": ""AIR"", ""FR"": ""TOP"", ""RL"": ""GROUND"", ""RR"": ""GROUND""}"
36.24166666666525,36.424999999998576,23,v003_20260805_224517_157723_manual,38,10,[0],"[""FR"", ""RL""]",FR_RL,"{""FL"": ""AIR"", ""FR"": ""TOP"", ""RL"": ""GROUND"", ""RR"": ""AIR""}"
36.43333333333191,36.51666666666524,11,v003_20260805_224517_157723_manual,38,10,[0],"[""FR"", ""RL"", ""RR""]",FR_RL,"{""FL"": ""AIR"", ""FR"": ""TOP"", ""RL"": ""GROUND"", ""RR"": ""GROUND""}"
36.52499999999857,36.59166666666523,9,v003_20260805_224517_157723_manual,38,10,[0],"[""FR"", ""RL""]",FR_RL,"{""FL"": ""AIR"", ""FR"": ""TOP"", ""RL"": ""GROUND"", ""RR"": ""AIR""}"
36.599999999998566,36.6083333333319,2,v003_20260805_224517_157723_manual,38,10,[0],"[""FR"", ""RL"", ""RR""]",FR_RL,"{""FL"": ""AIR"", ""FR"": ""TOP"", ""RL"": ""GROUND"", ""RR"": ""GROUND""}"
36.61666666666523,37.27499999999853,80,v003_20260805_224517_157723_manual,38,10,[0],"[""FR"", ""RL""]",FR_RL,"{""FL"": ""AIR"", ""FR"": ""TOP"", ""RL"": ""GROUND"", ""RR"": ""AIR""}"
37.28333333333186,37.92499999999849,78,v003_20260805_224517_157723_manual,38,10,[0],"[""FR"", ""RL"", ""RR""]",FR_RL,"{""FL"": ""AIR"", ""FR"": ""TOP"", ""RL"": ""GROUND"", ""RR"": ""GROUND""}"
37.933333333331824,37.94999999999849,3,v003_20260805_224517_157723_manual,38,10,[0],"[""FR"", ""RL""]",FR_RL,"{""FL"": ""AIR"", ""FR"": ""TOP"", ""RL"": ""GROUND"", ""RR"": ""AIR""}"
37.95833333333182,37.966666666665155,2,v003_20260805_224517_157723_manual,38,10,[0],"[""FR"", ""RL"", ""RR""]",FR_RL,"{""FL"": ""AIR"", ""FR"": ""TOP"", ""RL"": ""GROUND"", ""RR"": ""GROUND""}"
37.97499999999849,37.97499999999849,1,v003_20260805_224517_157723_manual,38,10,[0],"[""FR"", ""RL""]",FR_RL,"{""FL"": ""AIR"", ""FR"": ""TOP"", ""RL"": ""GROUND"", ""RR"": ""AIR""}"
37.98333333333182,38.00833333333182,4,v003_20260805_224517_157723_manual,38,10,[0],"[""FR"", ""RL"", ""RR""]",FR_RL,"{""FL"": ""AIR"", ""FR"": ""TOP"", ""RL"": ""GROUND"", ""RR"": ""GROUND""}"
38.01666666666515,38.01666666666515,1,v003_20260805_224517_157723_manual,38,10,[0],"[""FR"", ""RL""]",FR_RL,"{""FL"": ""AIR"", ""FR"": ""TOP"", ""RL"": ""GROUND"", ""RR"": ""AIR""}"
38.024999999998485,38.11666666666515,12,v003_20260805_224517_157723_manual,38,10,[0],"[""FR"", ""RL"", ""RR""]",FR_RL,"{""FL"": ""AIR"", ""FR"": ""TOP"", ""RL"": ""GROUND"", ""RR"": ""GROUND""}"
38.12499999999848,38.54166666666512,51,v003_20260805_224517_157723_manual,38,10,[0],"[""FR"", ""RL""]",FR_RL,"{""FL"": ""AIR"", ""FR"": ""TOP"", ""RL"": ""GROUND"", ""RR"": ""AIR""}"
38.549999999998455,39.14999999999842,73,v003_20260805_224517_157723_manual,38,10,[0],"[""FR"", ""RL"", ""RR""]",FR_RL,"{""FL"": ""AIR"", ""FR"": ""TOP"", ""RL"": ""GROUND"", ""RR"": ""GROUND""}"
39.158333333331754,39.541666666665066,47,v003_20260805_224517_157723_manual,38,10,[0],"[""FR"", ""RL""]",FR_RL,"{""FL"": ""AIR"", ""FR"": ""TOP"", ""RL"": ""GROUND"", ""RR"": ""AIR""}"
39.5499999999984,39.5499999999984,1,v003_20260805_224517_157723_manual,38,10,[0],"[""FR"", ""RL"", ""RR""]",FR_RL,"{""FL"": ""AIR"", ""FR"": ""TOP"", ""RL"": ""GROUND"", ""RR"": ""GROUND""}"
39.55833333333173,39.949999999998376,48,v003_20260805_224517_157723_manual,38,10,[0],"[""FR"", ""RL""]",FR_RL,"{""FL"": ""AIR"", ""FR"": ""TOP"", ""RL"": ""GROUND"", ""RR"": ""AIR""}"
39.95833333333171,39.99166666666504,5,v003_20260805_224517_157723_manual,38,10,[0],"[""FR"", ""RL"", ""RR""]",FR_RL,"{""FL"": ""AIR"", ""FR"": ""TOP"", ""RL"": ""GROUND"", ""RR"": ""GROUND""}"
39.99999999999837,39.99999999999837,1,v003_20260805_224517_157723_manual,38,10,[0],"[""FR"", ""RL""]",FR_RL,"{""FL"": ""AIR"", ""FR"": ""TOP"", ""RL"": ""GROUND"", ""RR"": ""AIR""}"
40.008333333331706,40.01666666666504,2,v003_20260805_224517_157723_manual,38,10,[0],"[""FR"", ""RL"", ""RR""]",FR_RL,"{""FL"": ""AIR"", ""FR"": ""TOP"", ""RL"": ""GROUND"", ""RR"": ""GROUND""}"
40.02499999999837,40.033333333331704,2,v003_20260805_224517_157723_manual,38,10,[0],"[""FR"", ""RL""]",FR_RL,"{""FL"": ""AIR"", ""FR"": ""TOP"", ""RL"": ""GROUND"", ""RR"": ""AIR""}"
40.04166666666504,40.666666666665,76,v003_20260805_224517_157723_manual,38,10,[0],"[""FR"", ""RL"", ""RR""]",FR_RL,"{""FL"": ""AIR"", ""FR"": ""TOP"", ""RL"": ""GROUND"", ""RR"": ""GROUND""}"
40.674999999998334,40.674999999998334,1,v003_20260805_224517_157723_manual,38,10,[0],"[""FR"", ""RL""]",FR_RL,"{""FL"": ""AIR"", ""FR"": ""TOP"", ""RL"": ""GROUND"", ""RR"": ""AIR""}"
40.68333333333167,40.716666666665,5,v003_20260805_224517_157723_manual,38,10,[0],"[""FR"", ""RL"", ""RR""]",FR_RL,"{""FL"": ""AIR"", ""FR"": ""TOP"", ""RL"": ""GROUND"", ""RR"": ""GROUND""}"
40.72499999999833,40.72499999999833,1,v003_20260805_224517_157723_manual,38,10,[0],"[""FR"", ""RL""]",FR_RL,"{""FL"": ""AIR"", ""FR"": ""TOP"", ""RL"": ""GROUND"", ""RR"": ""AIR""}"
40.733333333331665,40.741666666665,2,v003_20260805_224517_157723_manual,38,10,[0],"[""FR"", ""RL"", ""RR""]",FR_RL,"{""FL"": ""AIR"", ""FR"": ""TOP"", ""RL"": ""GROUND"", ""RR"": ""GROUND""}"
40.74999999999833,40.75833333333166,2,v003_20260805_224517_157723_manual,38,10,[0],"[""FR"", ""RL""]",FR_RL,"{""FL"": ""AIR"", ""FR"": ""TOP"", ""RL"": ""GROUND"", ""RR"": ""AIR""}"
40.766666666664996,40.766666666664996,1,v003_20260805_224517_157723_manual,38,10,[0],"[""FR"", ""RL"", ""RR""]",FR_RL,"{""FL"": ""AIR"", ""FR"": ""TOP"", ""RL"": ""GROUND"", ""RR"": ""GROUND""}"
40.77499999999833,40.77499999999833,1,v003_20260805_224517_157723_manual,38,10,[0],"[""FR"", ""RL""]",FR_RL,"{""FL"": ""AIR"", ""FR"": ""TOP"", ""RL"": ""GROUND"", ""RR"": ""AIR""}"
40.78333333333166,40.78333333333166,1,v003_20260805_224517_157723_manual,38,10,[0],"[""FR"", ""RL"", ""RR""]",FR_RL,"{""FL"": ""AIR"", ""FR"": ""TOP"", ""RL"": ""GROUND"", ""RR"": ""GROUND""}"
40.791666666664995,40.791666666664995,1,v003_20260805_224517_157723_manual,38,10,[0],"[""FR"", ""RL""]",FR_RL,"{""FL"": ""AIR"", ""FR"": ""TOP"", ""RL"": ""GROUND"", ""RR"": ""AIR""}"
40.79999999999833,40.79999999999833,1,v003_20260805_224517_157723_manual,38,10,[0],"[""FR"", ""RL"", ""RR""]",FR_RL,"{""FL"": ""AIR"", ""FR"": ""TOP"", ""RL"": ""GROUND"", ""RR"": ""GROUND""}"
40.80833333333166,40.89166666666499,11,v003_20260805_224517_157723_manual,38,10,[0],"[""FR"", ""RL""]",FR_RL,"{""FL"": ""AIR"", ""FR"": ""TOP"", ""RL"": ""GROUND"", ""RR"": ""AIR""}"
40.89999999999832,41.00833333333165,14,v003_20260805_224517_157723_manual,38,10,[0],"[""FR"", ""RL"", ""RR""]",FR_RL,"{""FL"": ""AIR"", ""FR"": ""TOP"", ""RL"": ""GROUND"", ""RR"": ""GROUND""}"
41.01666666666498,41.01666666666498,1,v003_20260805_224517_157723_manual,38,10,[0],"[""FR"", ""RL""]",FR_RL,"{""FL"": ""AIR"", ""FR"": ""TOP"", ""RL"": ""GROUND"", ""RR"": ""AIR""}"
41.024999999998315,41.199999999998305,22,v003_20260805_224517_157723_manual,38,10,[0],"[""FR"", ""RL"", ""RR""]",FR_RL,"{""FL"": ""AIR"", ""FR"": ""TOP"", ""RL"": ""GROUND"", ""RR"": ""GROUND""}"
41.20833333333164,41.2499999999983,6,v003_20260805_224517_157723_manual,38,10,[0],"[""FR"", ""RL""]",FR_RL,"{""FL"": ""AIR"", ""FR"": ""TOP"", ""RL"": ""GROUND"", ""RR"": ""AIR""}"
41.258333333331635,41.258333333331635,1,v003_20260805_224517_157723_manual,38,10,[0],"[""FR"", ""RL"", ""RR""]",FR_RL,"{""FL"": ""AIR"", ""FR"": ""TOP"", ""RL"": ""GROUND"", ""RR"": ""GROUND""}"
41.26666666666497,41.82499999999827,68,v003_20260805_224517_157723_manual,38,10,[0],"[""FR"", ""RL""]",FR_RL,"{""FL"": ""AIR"", ""FR"": ""TOP"", ""RL"": ""GROUND"", ""RR"": ""AIR""}"
41.8333333333316,41.89166666666493,8,v003_20260805_224517_157723_manual,38,10,[0],"[""FR"", ""RL"", ""RR""]",FR_RL,"{""FL"": ""AIR"", ""FR"": ""TOP"", ""RL"": ""GROUND"", ""RR"": ""GROUND""}"
41.899999999998265,43.31666666666485,171,v003_20260805_224517_157723_manual,38,10,[0],"[""FR"", ""RL""]",FR_RL,"{""FL"": ""AIR"", ""FR"": ""TOP"", ""RL"": ""GROUND"", ""RR"": ""AIR""}"
43.324999999998184,43.324999999998184,1,v003_20260805_224517_157723_manual,38,10,[0],"[""FR"", ""RL"", ""RR""]",FR_RL,"{""FL"": ""AIR"", ""FR"": ""TOP"", ""RL"": ""GROUND"", ""RR"": ""GROUND""}"
43.33333333333152,43.33333333333152,1,v003_20260805_224517_157723_manual,38,10,[0],"[""FR"", ""RL""]",FR_RL,"{""FL"": ""AIR"", ""FR"": ""TOP"", ""RL"": ""GROUND"", ""RR"": ""AIR""}"
43.34166666666485,43.34999999999818,2,v003_20260805_224517_157723_manual,38,10,[0],"[""FR"", ""RL"", ""RR""]",FR_RL,"{""FL"": ""AIR"", ""FR"": ""TOP"", ""RL"": ""GROUND"", ""RR"": ""GROUND""}"
43.358333333331515,43.39999999999818,6,v003_20260805_224517_157723_manual,38,10,[0],"[""FR"", ""RL""]",FR_RL,"{""FL"": ""AIR"", ""FR"": ""TOP"", ""RL"": ""GROUND"", ""RR"": ""AIR""}"
43.40833333333151,43.40833333333151,1,v003_20260805_224517_157723_manual,38,10,[0],"[""FR"", ""RL"", ""RR""]",FR_RL,"{""FL"": ""AIR"", ""FR"": ""TOP"", ""RL"": ""GROUND"", ""RR"": ""GROUND""}"
43.416666666664845,44.083333333331474,81,v003_20260805_224517_157723_manual,38,10,[0],"[""FR"", ""RL""]",FR_RL,"{""FL"": ""AIR"", ""FR"": ""TOP"", ""RL"": ""GROUND"", ""RR"": ""AIR""}"
44.09166666666481,44.09166666666481,1,v003_20260805_224517_157723_manual,38,10,[0],"[""FR"", ""RL"", ""RR""]",FR_RL,"{""FL"": ""AIR"", ""FR"": ""TOP"", ""RL"": ""GROUND"", ""RR"": ""GROUND""}"
44.09999999999814,44.34166666666479,30,v003_20260805_224517_157723_manual,38,10,[0],"[""FR"", ""RL""]",FR_RL,"{""FL"": ""AIR"", ""FR"": ""TOP"", ""RL"": ""GROUND"", ""RR"": ""AIR""}"
44.349999999998126,44.349999999998126,1,v003_20260805_224517_157723_manual,38,10,[0],"[""FR"", ""RL"", ""RR""]",FR_RL,"{""FL"": ""AIR"", ""FR"": ""TOP"", ""RL"": ""GROUND"", ""RR"": ""GROUND""}"
44.35833333333146,44.69166666666477,41,v003_20260805_224517_157723_manual,38,10,[0],"[""FR"", ""RL""]",FR_RL,"{""FL"": ""AIR"", ""FR"": ""TOP"", ""RL"": ""GROUND"", ""RR"": ""AIR""}"
44.699999999998106,45.19999999999808,61,v003_20260805_224517_157723_manual,38,10,[0],"[""FR"", ""RL"", ""RR""]",FR_RL,"{""FL"": ""AIR"", ""FR"": ""TOP"", ""RL"": ""GROUND"", ""RR"": ""GROUND""}"
45.20833333333141,45.88333333333137,82,v003_20260805_224517_157723_manual,38,10,[0],"[""FR"", ""RL""]",FR_RL,"{""FL"": ""AIR"", ""FR"": ""TOP"", ""RL"": ""GROUND"", ""RR"": ""AIR""}"
45.891666666664705,45.891666666664705,1,v003_20260805_224517_157723_manual,38,10,[0],"[""FR"", ""RL"", ""RR""]",FR_RL,"{""FL"": ""AIR"", ""FR"": ""TOP"", ""RL"": ""GROUND"", ""RR"": ""GROUND""}"
45.89999999999804,45.9416666666647,6,v003_20260805_224517_157723_manual,38,10,[0],"[""FR"", ""RL""]",FR_RL,"{""FL"": ""AIR"", ""FR"": ""TOP"", ""RL"": ""GROUND"", ""RR"": ""AIR""}"
45.949999999998035,45.949999999998035,1,v003_20260805_224517_157723_manual,38,10,[0],"[""FR"", ""RL"", ""RR""]",FR_RL,"{""FL"": ""AIR"", ""FR"": ""TOP"", ""RL"": ""GROUND"", ""RR"": ""GROUND""}"
45.95833333333137,46.11666666666469,20,v003_20260805_224517_157723_manual,38,10,[0],"[""FR"", ""RL""]",FR_RL,"{""FL"": ""AIR"", ""FR"": ""TOP"", ""RL"": ""GROUND"", ""RR"": ""AIR""}"
46.124999999998025,46.124999999998025,1,v003_20260805_224517_157723_manual,38,10,[0],"[""FR"", ""RL"", ""RR""]",FR_RL,"{""FL"": ""AIR"", ""FR"": ""TOP"", ""RL"": ""GROUND"", ""RR"": ""GROUND""}"
46.13333333333136,47.608333333331274,178,v003_20260805_224517_157723_manual,38,10,[0],"[""FR"", ""RL""]",FR_RL,"{""FL"": ""AIR"", ""FR"": ""TOP"", ""RL"": ""GROUND"", ""RR"": ""AIR""}"
47.61666666666461,48.3749999999979,92,v003_20260805_224517_157723_manual,38,10,[0],"[""FR"", ""RL"", ""RR""]",FR_RL,"{""FL"": ""AIR"", ""FR"": ""TOP"", ""RL"": ""GROUND"", ""RR"": ""GROUND""}"
48.38333333333123,48.46666666666456,11,v003_20260805_224517_157723_manual,38,10,[0],"[""FR"", ""RL""]",FR_RL,"{""FL"": ""AIR"", ""FR"": ""TOP"", ""RL"": ""GROUND"", ""RR"": ""AIR""}"
48.47499999999789,48.47499999999789,1,v003_20260805_224517_157723_manual,38,10,[0],"[""FR"", ""RL"", ""RR""]",FR_RL,"{""FL"": ""AIR"", ""FR"": ""TOP"", ""RL"": ""GROUND"", ""RR"": ""GROUND""}"
48.483333333331224,48.541666666664554,8,v003_20260805_224517_157723_manual,38,10,[0],"[""FR"", ""RL""]",FR_RL,"{""FL"": ""AIR"", ""FR"": ""TOP"", ""RL"": ""GROUND"", ""RR"": ""AIR""}"
48.54999999999789,48.54999999999789,1,v003_20260805_224517_157723_manual,38,10,[0],"[""FR"", ""RL"", ""RR""]",FR_RL,"{""FL"": ""AIR"", ""FR"": ""TOP"", ""RL"": ""GROUND"", ""RR"": ""GROUND""}"
48.55833333333122,48.599999999997884,6,v003_20260805_224517_157723_manual,38,10,[0],"[""FR"", ""RL""]",FR_RL,"{""FL"": ""AIR"", ""FR"": ""TOP"", ""RL"": ""GROUND"", ""RR"": ""AIR""}"
48.60833333333122,48.60833333333122,1,v003_20260805_224517_157723_manual,38,10,[0],"[""FR"", ""RL"", ""RR""]",FR_RL,"{""FL"": ""AIR"", ""FR"": ""TOP"", ""RL"": ""GROUND"", ""RR"": ""GROUND""}"
48.61666666666455,49.05833333333119,54,v003_20260805_224517_157723_manual,38,10,[0],"[""FR"", ""RL""]",FR_RL,"{""FL"": ""AIR"", ""FR"": ""TOP"", ""RL"": ""GROUND"", ""RR"": ""AIR""}"
49.066666666664524,49.124999999997854,8,v003_20260805_224517_157723_manual,38,10,[0],"[""FR"", ""RL"", ""RR""]",FR_RL,"{""FL"": ""AIR"", ""FR"": ""TOP"", ""RL"": ""GROUND"", ""RR"": ""GROUND""}"
49.13333333333119,49.13333333333119,1,v003_20260805_224517_157723_manual,38,10,[0],"[""FR"", ""RL""]",FR_RL,"{""FL"": ""AIR"", ""FR"": ""TOP"", ""RL"": ""GROUND"", ""RR"": ""AIR""}"
49.14166666666452,49.17499999999785,5,v003_20260805_224517_157723_manual,38,10,[0],"[""FR"", ""RL"", ""RR""]",FR_RL,"{""FL"": ""AIR"", ""FR"": ""TOP"", ""RL"": ""GROUND"", ""RR"": ""GROUND""}"
49.183333333331184,49.20833333333118,4,v003_20260805_224517_157723_manual,38,10,[0],"[""FR"", ""RL""]",FR_RL,"{""FL"": ""AIR"", ""FR"": ""TOP"", ""RL"": ""GROUND"", ""RR"": ""AIR""}"
49.216666666664516,49.59999999999783,47,v003_20260805_224517_157723_manual,38,10,[0],"[""FR"", ""RL"", ""RR""]",FR_RL,"{""FL"": ""AIR"", ""FR"": ""TOP"", ""RL"": ""GROUND"", ""RR"": ""GROUND""}"
49.60833333333116,49.74999999999782,18,v003_20260805_224517_157723_manual,38,10,[0],"[""FR"", ""RL""]",FR_RL,"{""FL"": ""AIR"", ""FR"": ""TOP"", ""RL"": ""GROUND"", ""RR"": ""AIR""}"
49.75833333333115,49.75833333333115,1,v003_20260805_224517_157723_manual,38,10,[0],"[""FR"", ""RL"", ""RR""]",FR_RL,"{""FL"": ""AIR"", ""FR"": ""TOP"", ""RL"": ""GROUND"", ""RR"": ""GROUND""}"
49.766666666664484,49.84166666666448,10,v003_20260805_224517_157723_manual,38,10,[0],"[""FR"", ""RL""]",FR_RL,"{""FL"": ""AIR"", ""FR"": ""TOP"", ""RL"": ""GROUND"", ""RR"": ""AIR""}"
49.84999999999781,49.84999999999781,1,v003_20260805_224517_157723_manual,38,10,[0],"[""FR"", ""RL"", ""RR""]",FR_RL,"{""FL"": ""AIR"", ""FR"": ""TOP"", ""RL"": ""GROUND"", ""RR"": ""GROUND""}"
49.858333333331146,49.858333333331146,1,v003_20260805_224517_157723_manual,38,10,[0],"[""FR"", ""RL""]",FR_RL,"{""FL"": ""AIR"", ""FR"": ""TOP"", ""RL"": ""GROUND"", ""RR"": ""AIR""}"
49.86666666666448,49.86666666666448,1,v003_20260805_224517_157723_manual,38,10,[0],"[""FR"", ""RL"", ""RR""]",FR_RL,"{""FL"": ""AIR"", ""FR"": ""TOP"", ""RL"": ""GROUND"", ""RR"": ""GROUND""}"
49.87499999999781,50.29999999999779,52,v003_20260805_224517_157723_manual,38,10,[0],"[""FR"", ""RL""]",FR_RL,"{""FL"": ""AIR"", ""FR"": ""TOP"", ""RL"": ""GROUND"", ""RR"": ""AIR""}"
50.30833333333112,51.199999999997736,108,v003_20260805_224517_157723_manual,38,10,[0],"[""FR"", ""RL"", ""RR""]",FR_RL,"{""FL"": ""AIR"", ""FR"": ""TOP"", ""RL"": ""GROUND"", ""RR"": ""GROUND""}"
51.20833333333107,51.20833333333107,1,v003_20260805_224517_157723_manual,38,10,[0],"[""FR"", ""RL""]",FR_RL,"{""FL"": ""AIR"", ""FR"": ""TOP"", ""RL"": ""GROUND"", ""RR"": ""AIR""}"
51.2166666666644,51.2166666666644,1,v003_20260805_224517_157723_manual,38,10,[0],"[""FR"", ""RL"", ""RR""]",FR_RL,"{""FL"": ""AIR"", ""FR"": ""TOP"", ""RL"": ""GROUND"", ""RR"": ""GROUND""}"
51.224999999997735,52.099999999997685,106,v003_20260805_224517_157723_manual,38,10,[0],"[""FR"", ""RL""]",FR_RL,"{""FL"": ""AIR"", ""FR"": ""TOP"", ""RL"": ""GROUND"", ""RR"": ""AIR""}"
52.10833333333102,52.46666666666433,44,v003_20260805_224517_157723_manual,38,10,[0],"[""FR"", ""RL"", ""RR""]",FR_RL,"{""FL"": ""AIR"", ""FR"": ""TOP"", ""RL"": ""GROUND"", ""RR"": ""GROUND""}"
52.474999999997664,52.483333333331,2,v003_20260805_224517_157723_manual,38,10,[0],"[""FR"", ""RL""]",FR_RL,"{""FL"": ""AIR"", ""FR"": ""TOP"", ""RL"": ""GROUND"", ""RR"": ""AIR""}"
52.49166666666433,52.508333333330995,3,v003_20260805_224517_157723_manual,38,10,[0],"[""FR"", ""RL"", ""RR""]",FR_RL,"{""FL"": ""AIR"", ""FR"": ""TOP"", ""RL"": ""GROUND"", ""RR"": ""GROUND""}"
52.51666666666433,52.566666666664325,7,v003_20260805_224517_157723_manual,38,10,[0],"[""FR"", ""RL""]",FR_RL,"{""FL"": ""AIR"", ""FR"": ""TOP"", ""RL"": ""GROUND"", ""RR"": ""AIR""}"
52.57499999999766,52.57499999999766,1,v003_20260805_224517_157723_manual,38,10,[0],"[""FR"", ""RL"", ""RR""]",FR_RL,"{""FL"": ""AIR"", ""FR"": ""TOP"", ""RL"": ""GROUND"", ""RR"": ""GROUND""}"
52.58333333333099,52.69166666666432,14,v003_20260805_224517_157723_manual,38,10,[0],"[""FR"", ""RL""]",FR_RL,"{""FL"": ""AIR"", ""FR"": ""TOP"", ""RL"": ""GROUND"", ""RR"": ""AIR""}"
52.69999999999765,52.799999999997645,13,v003_20260805_224517_157723_manual,38,10,[0],"[""FR"", ""RL"", ""RR""]",FR_RL,"{""FL"": ""AIR"", ""FR"": ""TOP"", ""RL"": ""GROUND"", ""RR"": ""GROUND""}"
52.80833333333098,52.824999999997644,3,v003_20260805_224517_157723_manual,38,10,[0],"[""FR"", ""RL""]",FR_RL,"{""FL"": ""AIR"", ""FR"": ""TOP"", ""RL"": ""GROUND"", ""RR"": ""AIR""}"
52.83333333333098,53.00833333333097,22,v003_20260805_224517_157723_manual,38,10,[0],"[""FR"", ""RL"", ""RR""]",FR_RL,"{""FL"": ""AIR"", ""FR"": ""TOP"", ""RL"": ""GROUND"", ""RR"": ""GROUND""}"
53.0166666666643,53.08333333333096,9,v003_20260805_224517_157723_manual,38,10,[0],"[""FR"", ""RL""]",FR_RL,"{""FL"": ""AIR"", ""FR"": ""TOP"", ""RL"": ""GROUND"", ""RR"": ""AIR""}"
53.091666666664295,53.149999999997625,8,v003_20260805_224517_157723_manual,38,10,[0],"[""FR"", ""RL"", ""RR""]",FR_RL,"{""FL"": ""AIR"", ""FR"": ""TOP"", ""RL"": ""GROUND"", ""RR"": ""GROUND""}"
53.15833333333096,53.15833333333096,1,v003_20260805_224517_157723_manual,38,10,[0],"[""FR"", ""RL""]",FR_RL,"{""FL"": ""AIR"", ""FR"": ""TOP"", ""RL"": ""GROUND"", ""RR"": ""AIR""}"
53.16666666666429,53.174999999997624,2,v003_20260805_224517_157723_manual,38,10,[0],"[""FR"", ""RL"", ""RR""]",FR_RL,"{""FL"": ""AIR"", ""FR"": ""TOP"", ""RL"": ""GROUND"", ""RR"": ""GROUND""}"
53.18333333333096,53.208333333330955,4,v003_20260805_224517_157723_manual,38,10,[0],"[""FR"", ""RL""]",FR_RL,"{""FL"": ""AIR"", ""FR"": ""TOP"", ""RL"": ""GROUND"", ""RR"": ""AIR""}"
53.21666666666429,53.21666666666429,1,v003_20260805_224517_157723_manual,38,10,[0],"[""FR"", ""RL"", ""RR""]",FR_RL,"{""FL"": ""AIR"", ""FR"": ""TOP"", ""RL"": ""GROUND"", ""RR"": ""GROUND""}"
53.22499999999762,53.22499999999762,1,v003_20260805_224517_157723_manual,38,10,[0],"[""FR"", ""RL""]",FR_RL,"{""FL"": ""AIR"", ""FR"": ""TOP"", ""RL"": ""GROUND"", ""RR"": ""AIR""}"
53.233333333330954,53.233333333330954,1,v003_20260805_224517_157723_manual,38,10,[0],"[""FR"", ""RL"", ""RR""]",FR_RL,"{""FL"": ""AIR"", ""FR"": ""TOP"", ""RL"": ""GROUND"", ""RR"": ""GROUND""}"
53.24166666666429,53.266666666664285,4,v003_20260805_224517_157723_manual,38,10,[0],"[""FR"", ""RL""]",FR_RL,"{""FL"": ""AIR"", ""FR"": ""TOP"", ""RL"": ""GROUND"", ""RR"": ""AIR""}"
53.27499999999762,53.27499999999762,1,v003_20260805_224517_157723_manual,38,10,[0],"[""FR"", ""RL"", ""RR""]",FR_RL,"{""FL"": ""AIR"", ""FR"": ""TOP"", ""RL"": ""GROUND"", ""RR"": ""GROUND""}"
53.28333333333095,53.849999999997586,69,v003_20260805_224517_157723_manual,38,10,[0],"[""FR"", ""RL""]",FR_RL,"{""FL"": ""AIR"", ""FR"": ""TOP"", ""RL"": ""GROUND"", ""RR"": ""AIR""}"
53.85833333333092,53.86666666666425,2,v003_20260805_224517_157723_manual,38,10,[0],"[""FR"", ""RL"", ""RR""]",FR_RL,"{""FL"": ""AIR"", ""FR"": ""TOP"", ""RL"": ""GROUND"", ""RR"": ""GROUND""}"
53.874999999997584,54.2333333333309,44,v003_20260805_224517_157723_manual,38,10,[0],"[""FR"", ""RL""]",FR_RL,"{""FL"": ""AIR"", ""FR"": ""TOP"", ""RL"": ""GROUND"", ""RR"": ""AIR""}"
54.24166666666423,54.316666666664226,10,v003_20260805_224517_157723_manual,38,10,[0],"[""FR"", ""RL"", ""RR""]",FR_RL,"{""FL"": ""AIR"", ""FR"": ""TOP"", ""RL"": ""GROUND"", ""RR"": ""GROUND""}"
54.32499999999756,54.32499999999756,1,v003_20260805_224517_157723_manual,38,10,[0],"[""FR"", ""RL""]",FR_RL,"{""FL"": ""AIR"", ""FR"": ""TOP"", ""RL"": ""GROUND"", ""RR"": ""AIR""}"
54.33333333333089,54.77499999999753,54,v003_20260805_224517_157723_manual,38,10,[0],"[""FR"", ""RL"", ""RR""]",FR_RL,"{""FL"": ""AIR"", ""FR"": ""TOP"", ""RL"": ""GROUND"", ""RR"": ""GROUND""}"
54.783333333330866,54.783333333330866,1,v003_20260805_224517_157723_manual,38,10,[0],"[""FR"", ""RL""]",FR_RL,"{""FL"": ""AIR"", ""FR"": ""TOP"", ""RL"": ""GROUND"", ""RR"": ""AIR""}"
54.7916666666642,54.79999999999753,2,v003_20260805_224517_157723_manual,38,10,[0],"[""FR"", ""RL"", ""RR""]",FR_RL,"{""FL"": ""AIR"", ""FR"": ""TOP"", ""RL"": ""GROUND"", ""RR"": ""GROUND""}"
54.808333333330864,54.808333333330864,1,v003_20260805_224517_157723_manual,38,10,[0],"[""FR"", ""RL""]",FR_RL,"{""FL"": ""AIR"", ""FR"": ""TOP"", ""RL"": ""GROUND"", ""RR"": ""AIR""}"
54.8166666666642,54.8166666666642,1,v003_20260805_224517_157723_manual,38,10,[0],"[""FR"", ""RL"", ""RR""]",FR_RL,"{""FL"": ""AIR"", ""FR"": ""TOP"", ""RL"": ""GROUND"", ""RR"": ""GROUND""}"
54.82499999999753,54.83333333333086,2,v003_20260805_224517_157723_manual,38,10,[0],"[""FR"", ""RL""]",FR_RL,"{""FL"": ""AIR"", ""FR"": ""TOP"", ""RL"": ""GROUND"", ""RR"": ""AIR""}"
54.841666666664196,54.841666666664196,1,v003_20260805_224517_157723_manual,38,10,[0],"[""FR"", ""RL"", ""RR""]",FR_RL,"{""FL"": ""AIR"", ""FR"": ""TOP"", ""RL"": ""GROUND"", ""RR"": ""GROUND""}"
54.84999999999753,54.84999999999753,1,v003_20260805_224517_157723_manual,38,10,[0],"[""FR"", ""RL""]",FR_RL,"{""FL"": ""AIR"", ""FR"": ""TOP"", ""RL"": ""GROUND"", ""RR"": ""AIR""}"
54.85833333333086,54.85833333333086,1,v003_20260805_224517_157723_manual,38,10,[0],"[""FR"", ""RL"", ""RR""]",FR_RL,"{""FL"": ""AIR"", ""FR"": ""TOP"", ""RL"": ""GROUND"", ""RR"": ""GROUND""}"
54.866666666664194,54.90833333333086,6,v003_20260805_224517_157723_manual,38,10,[0],"[""FR"", ""RL""]",FR_RL,"{""FL"": ""AIR"", ""FR"": ""TOP"", ""RL"": ""GROUND"", ""RR"": ""AIR""}"
54.91666666666419,54.91666666666419,1,v003_20260805_224517_157723_manual,38,10,[0],"[""FR"", ""RL"", ""RR""]",FR_RL,"{""FL"": ""AIR"", ""FR"": ""TOP"", ""RL"": ""GROUND"", ""RR"": ""GROUND""}"
54.924999999997524,54.93333333333086,2,v003_20260805_224517_157723_manual,38,10,[0],"[""FR"", ""RL""]",FR_RL,"{""FL"": ""AIR"", ""FR"": ""TOP"", ""RL"": ""GROUND"", ""RR"": ""AIR""}"
54.94166666666419,55.08333333333085,18,v003_20260805_224517_157723_manual,38,10,[0],"[""FR"", ""RL"", ""RR""]",FR_RL,"{""FL"": ""AIR"", ""FR"": ""TOP"", ""RL"": ""GROUND"", ""RR"": ""GROUND""}"
55.09166666666418,55.09166666666418,1,v003_20260805_224517_157723_manual,38,10,[0],"[""FR"", ""RL""]",FR_RL,"{""FL"": ""AIR"", ""FR"": ""TOP"", ""RL"": ""GROUND"", ""RR"": ""AIR""}"
55.099999999997515,55.16666666666418,9,v003_20260805_224517_157723_manual,38,10,[0],"[""FR"", ""RL"", ""RR""]",FR_RL,"{""FL"": ""AIR"", ""FR"": ""TOP"", ""RL"": ""GROUND"", ""RR"": ""GROUND""}"
55.17499999999751,55.3749999999975,25,v003_20260805_224517_157723_manual,38,10,[0],"[""FR"", ""RL""]",FR_RL,"{""FL"": ""AIR"", ""FR"": ""TOP"", ""RL"": ""GROUND"", ""RR"": ""AIR""}"
55.38333333333083,55.38333333333083,1,v003_20260805_224517_157723_manual,38,10,[0],"[""FR"", ""RL"", ""RR""]",FR_RL,"{""FL"": ""AIR"", ""FR"": ""TOP"", ""RL"": ""GROUND"", ""RR"": ""GROUND""}"
55.391666666664165,56.616666666664095,148,v003_20260805_224517_157723_manual,38,10,[0],"[""FR"", ""RL""]",FR_RL,"{""FL"": ""AIR"", ""FR"": ""TOP"", ""RL"": ""GROUND"", ""RR"": ""AIR""}"
56.62499999999743,56.62499999999743,1,v003_20260805_224517_157723_manual,38,10,[0],"[""FR"", ""RL"", ""RR""]",FR_RL,"{""FL"": ""AIR"", ""FR"": ""TOP"", ""RL"": ""GROUND"", ""RR"": ""GROUND""}"
56.63333333333076,56.84166666666408,26,v003_20260805_224517_157723_manual,38,10,[0],"[""FR"", ""RL""]",FR_RL,"{""FL"": ""AIR"", ""FR"": ""TOP"", ""RL"": ""GROUND"", ""RR"": ""AIR""}"
56.849999999997415,57.083333333330735,29,v003_20260805_224517_157723_manual,38,10,[0],"[""FR"", ""RL"", ""RR""]",FR_RL,"{""FL"": ""AIR"", ""FR"": ""TOP"", ""RL"": ""GROUND"", ""RR"": ""GROUND""}"
57.09166666666407,57.09166666666407,1,v003_20260805_224517_157723_manual,38,10,[0],"[""FR"", ""RL""]",FR_RL,"{""FL"": ""AIR"", ""FR"": ""TOP"", ""RL"": ""GROUND"", ""RR"": ""AIR""}"
57.0999999999974,57.108333333330734,2,v003_20260805_224517_157723_manual,38,10,[0],"[""FR"", ""RL"", ""RR""]",FR_RL,"{""FL"": ""AIR"", ""FR"": ""TOP"", ""RL"": ""GROUND"", ""RR"": ""GROUND""}"
57.11666666666407,57.11666666666407,1,v003_20260805_224517_157723_manual,38,10,[0],"[""FR"", ""RL""]",FR_RL,"{""FL"": ""AIR"", ""FR"": ""TOP"", ""RL"": ""GROUND"", ""RR"": ""AIR""}"
57.1249999999974,57.1249999999974,1,v003_20260805_224517_157723_manual,38,10,[0],"[""FR"", ""RL"", ""RR""]",FR_RL,"{""FL"": ""AIR"", ""FR"": ""TOP"", ""RL"": ""GROUND"", ""RR"": ""GROUND""}"
57.13333333333073,57.13333333333073,1,v003_20260805_224517_157723_manual,38,10,[0],"[""FR"", ""RL""]",FR_RL,"{""FL"": ""AIR"", ""FR"": ""TOP"", ""RL"": ""GROUND"", ""RR"": ""AIR""}"
57.141666666664065,57.15833333333073,3,v003_20260805_224517_157723_manual,38,10,[0],"[""FR"", ""RL"", ""RR""]",FR_RL,"{""FL"": ""AIR"", ""FR"": ""TOP"", ""RL"": ""GROUND"", ""RR"": ""GROUND""}"
57.166666666664064,57.18333333333073,3,v003_20260805_224517_157723_manual,38,10,[0],"[""FR"", ""RL""]",FR_RL,"{""FL"": ""AIR"", ""FR"": ""TOP"", ""RL"": ""GROUND"", ""RR"": ""AIR""}"
57.19166666666406,57.19166666666406,1,v003_20260805_224517_157723_manual,38,10,[0],"[""FR"", ""RL"", ""RR""]",FR_RL,"{""FL"": ""AIR"", ""FR"": ""TOP"", ""RL"": ""GROUND"", ""RR"": ""GROUND""}"
57.199999999997395,57.224999999997394,4,v003_20260805_224517_157723_manual,38,10,[0],"[""FR"", ""RL""]",FR_RL,"{""FL"": ""AIR"", ""FR"": ""TOP"", ""RL"": ""GROUND"", ""RR"": ""AIR""}"
57.23333333333073,57.24166666666406,2,v003_20260805_224517_157723_manual,38,10,[0],"[""FR"", ""RL"", ""RR""]",FR_RL,"{""FL"": ""AIR"", ""FR"": ""TOP"", ""RL"": ""GROUND"", ""RR"": ""GROUND""}"
57.24999999999739,57.71666666666403,57,v003_20260805_224517_157723_manual,38,10,[0],"[""FR"", ""RL""]",FR_RL,"{""FL"": ""AIR"", ""FR"": ""TOP"", ""RL"": ""GROUND"", ""RR"": ""AIR""}"
57.724999999997365,57.724999999997365,1,v003_20260805_224517_157723_manual,38,10,[0],"[""FR"", ""RL"", ""RR""]",FR_RL,"{""FL"": ""AIR"", ""FR"": ""TOP"", ""RL"": ""GROUND"", ""RR"": ""GROUND""}"
57.7333333333307,58.22499999999734,60,v003_20260805_224517_157723_manual,38,10,[0],"[""FR"", ""RL""]",FR_RL,"{""FL"": ""AIR"", ""FR"": ""TOP"", ""RL"": ""GROUND"", ""RR"": ""AIR""}"
58.23333333333067,58.308333333330665,10,v003_20260805_224517_157723_manual,38,10,[0],"[""FR"", ""RL"", ""RR""]",FR_RL,"{""FL"": ""AIR"", ""FR"": ""TOP"", ""RL"": ""GROUND"", ""RR"": ""GROUND""}"
58.316666666664,58.316666666664,1,v003_20260805_224517_157723_manual,38,10,[0],"[""FR"", ""RL""]",FR_RL,"{""FL"": ""AIR"", ""FR"": ""TOP"", ""RL"": ""GROUND"", ""RR"": ""AIR""}"
58.32499999999733,58.8499999999973,64,v003_20260805_224517_157723_manual,38,10,[0],"[""FR"", ""RL"", ""RR""]",FR_RL,"{""FL"": ""AIR"", ""FR"": ""TOP"", ""RL"": ""GROUND"", ""RR"": ""GROUND""}"
58.858333333330634,58.8749999999973,3,v003_20260805_224517_157723_manual,38,10,[0],"[""FR"", ""RL""]",FR_RL,"{""FL"": ""AIR"", ""FR"": ""TOP"", ""RL"": ""GROUND"", ""RR"": ""AIR""}"
58.88333333333063,58.88333333333063,1,v003_20260805_224517_157723_manual,38,10,[0],"[""FR"", ""RL"", ""RR""]",FR_RL,"{""FL"": ""AIR"", ""FR"": ""TOP"", ""RL"": ""GROUND"", ""RR"": ""GROUND""}"
58.891666666663966,58.99166666666396,13,v003_20260805_224517_157723_manual,38,10,[0],"[""FR"", ""RL""]",FR_RL,"{""FL"": ""AIR"", ""FR"": ""TOP"", ""RL"": ""GROUND"", ""RR"": ""AIR""}"
58.99999999999729,58.99999999999729,1,v003_20260805_224517_157723_manual,38,10,[0],"[""FR"", ""RL"", ""RR""]",FR_RL,"{""FL"": ""AIR"", ""FR"": ""TOP"", ""RL"": ""GROUND"", ""RR"": ""GROUND""}"
59.008333333330626,59.008333333330626,1,v003_20260805_224517_157723_manual,38,10,[0],"[""FR"", ""RL""]",FR_RL,"{""FL"": ""AIR"", ""FR"": ""TOP"", ""RL"": ""GROUND"", ""RR"": ""AIR""}"
59.01666666666396,59.02499999999729,2,v003_20260805_224517_157723_manual,38,10,[0],"[""FR"", ""RL"", ""RR""]",FR_RL,"{""FL"": ""AIR"", ""FR"": ""TOP"", ""RL"": ""GROUND"", ""RR"": ""GROUND""}"
59.033333333330624,59.499999999997264,57,v003_20260805_224517_157723_manual,38,10,[0],"[""FR"", ""RL""]",FR_RL,"{""FL"": ""AIR"", ""FR"": ""TOP"", ""RL"": ""GROUND"", ""RR"": ""AIR""}"
59.5083333333306,59.56666666666393,8,v003_20260805_224517_157723_manual,39,10,[1],"[""FR"", ""RL""]",FR_RL,"{""FL"": ""AIR"", ""FR"": ""TOP"", ""RL"": ""GROUND"", ""RR"": ""AIR""}"
59.57499999999726,59.57499999999726,1,v003_20260805_224517_157723_manual,40,11,[0],"[""FR"", ""RL""]",FR_RL,"{""FL"": ""AIR"", ""FR"": ""TOP"", ""RL"": ""GROUND"", ""RR"": ""AIR""}"
59.58333333333059,59.59999999999726,3,v003_20260805_224517_157723_manual,40,11,[0],"[""FR"", ""RL"", ""RR""]",FR_RL,"{""FL"": ""AIR"", ""FR"": ""TOP"", ""RL"": ""GROUND"", ""RR"": ""GROUND""}"
59.60833333333059,59.60833333333059,1,v003_20260805_224517_157723_manual,40,11,[0],"[""FR"", ""RL""]",FR_RL,"{""FL"": ""AIR"", ""FR"": ""TOP"", ""RL"": ""GROUND"", ""RR"": ""AIR""}"
59.616666666663924,59.66666666666392,7,v003_20260805_224517_157723_manual,40,11,[0],"[""FR"", ""RL"", ""RR""]",FR_RL,"{""FL"": ""AIR"", ""FR"": ""TOP"", ""RL"": ""GROUND"", ""RR"": ""GROUND""}"
59.674999999997254,59.69999999999725,4,v003_20260805_224517_157723_manual,40,11,[0],"[""FR"", ""RL""]",FR_RL,"{""FL"": ""AIR"", ""FR"": ""TOP"", ""RL"": ""GROUND"", ""RR"": ""AIR""}"
59.708333333330586,59.708333333330586,1,v003_20260805_224517_157723_manual,40,11,[0],"[""FR"", ""RL"", ""RR""]",FR_RL,"{""FL"": ""AIR"", ""FR"": ""TOP"", ""RL"": ""GROUND"", ""RR"": ""GROUND""}"
59.71666666666392,59.733333333330584,3,v003_20260805_224517_157723_manual,40,11,[0],"[""FR"", ""RL""]",FR_RL,"{""FL"": ""AIR"", ""FR"": ""TOP"", ""RL"": ""GROUND"", ""RR"": ""AIR""}"
59.74166666666392,59.75833333333058,3,v003_20260805_224517_157723_manual,40,11,[0],"[""FR"", ""RL"", ""RR""]",FR_RL,"{""FL"": ""AIR"", ""FR"": ""TOP"", ""RL"": ""GROUND"", ""RR"": ""GROUND""}"
59.766666666663916,59.86666666666391,13,v003_20260805_224517_157723_manual,40,11,[0],"[""FR"", ""RL""]",FR_RL,"{""FL"": ""AIR"", ""FR"": ""TOP"", ""RL"": ""GROUND"", ""RR"": ""AIR""}"
59.87499999999724,59.87499999999724,1,v003_20260805_224517_157723_manual,40,11,[0],"[""FR"", ""RL"", ""RR""]",FR_RL,"{""FL"": ""AIR"", ""FR"": ""TOP"", ""RL"": ""GROUND"", ""RR"": ""GROUND""}"
59.883333333330576,59.89999999999724,3,v003_20260805_224517_157723_manual,40,11,[0],"[""FR"", ""RL""]",FR_RL,"{""FL"": ""AIR"", ""FR"": ""TOP"", ""RL"": ""GROUND"", ""RR"": ""AIR""}"
59.908333333330575,59.908333333330575,1,v003_20260805_224517_157723_manual,40,11,[0],"[""FL"", ""FR"", ""RL"", ""RR""]",BALANCED,"{""FL"": ""TOP"", ""FR"": ""TOP"", ""RL"": ""GROUND"", ""RR"": ""GROUND""}"
59.91666666666391,59.98333333333057,9,v003_20260805_224517_157723_manual,40,11,[0],"[""FL"", ""FR"", ""RL"", ""RR""]",FR_RL,"{""FL"": ""TOP"", ""FR"": ""TOP"", ""RL"": ""GROUND"", ""RR"": ""GROUND""}"
59.9916666666639,59.9916666666639,1,v003_20260805_224517_157723_manual,40,11,[0],"[""FR"", ""RL"", ""RR""]",FR_RL,"{""FL"": ""AIR"", ""FR"": ""TOP"", ""RL"": ""GROUND"", ""RR"": ""GROUND""}"
59.999999999997236,60.6249999999972,76,v003_20260805_224517_157723_manual,40,11,[0],"[""FR"", ""RL""]",FR_RL,"{""FL"": ""AIR"", ""FR"": ""TOP"", ""RL"": ""GROUND"", ""RR"": ""AIR""}"
60.63333333333053,60.63333333333053,1,v003_20260805_224517_157723_manual,40,11,[0],"[""FL"", ""RL""]",FL_RR,"{""FL"": ""TOP"", ""FR"": ""AIR"", ""RL"": ""GROUND"", ""RR"": ""AIR""}"
60.641666666663866,60.641666666663866,1,v003_20260805_224517_157723_manual,40,11,[0],"[""FL"", ""FR"", ""RL""]",BALANCED,"{""FL"": ""TOP"", ""FR"": ""TOP"", ""RL"": ""GROUND"", ""RR"": ""AIR""}"
60.6499999999972,60.699999999997196,7,v003_20260805_224517_157723_manual,40,11,[0],"[""FL"", ""FR"", ""RL""]",FR_RL,"{""FL"": ""TOP"", ""FR"": ""TOP"", ""RL"": ""GROUND"", ""RR"": ""AIR""}"
60.70833333333053,60.90833333333052,25,v003_20260805_224517_157723_manual,40,11,[0],"[""FR"", ""RL""]",FR_RL,"{""FL"": ""AIR"", ""FR"": ""TOP"", ""RL"": ""GROUND"", ""RR"": ""AIR""}"
60.91666666666385,60.92499999999718,2,v003_20260805_224517_157723_manual,40,11,[0],"[""FL"", ""FR"", ""RL""]",FR_RL,"{""FL"": ""TOP"", ""FR"": ""TOP"", ""RL"": ""GROUND"", ""RR"": ""AIR""}"
60.933333333330516,60.94999999999718,3,v003_20260805_224517_157723_manual,40,11,[0],"[""FR"", ""RL""]",FR_RL,"{""FL"": ""AIR"", ""FR"": ""TOP"", ""RL"": ""GROUND"", ""RR"": ""AIR""}"
60.958333333330515,60.958333333330515,1,v003_20260805_224517_157723_manual,40,11,[0],"[""FL"", ""FR"", ""RL""]",FR_RL,"{""FL"": ""TOP"", ""FR"": ""TOP"", ""RL"": ""GROUND"", ""RR"": ""AIR""}"
60.96666666666385,60.96666666666385,1,v003_20260805_224517_157723_manual,40,11,[0],"[""FR"", ""RL""]",FR_RL,"{""FL"": ""AIR"", ""FR"": ""TOP"", ""RL"": ""GROUND"", ""RR"": ""AIR""}"
60.97499999999718,61.03333333333051,8,v003_20260805_224517_157723_manual,41,11,[1],"[""FR"", ""RL""]",FR_RL,"{""FL"": ""AIR"", ""FR"": ""TOP"", ""RL"": ""GROUND"", ""RR"": ""AIR""}"
61.04166666666384,61.08333333333051,6,v003_20260805_224517_157723_manual,42,12,[0],"[""FR"", ""RL""]",FR_RL,"{""FL"": ""AIR"", ""FR"": ""TOP"", ""RL"": ""GROUND"", ""RR"": ""AIR""}"
61.09166666666384,61.09166666666384,1,v003_20260805_224517_157723_manual,42,12,[0],"[""FL"", ""FR"", ""RL""]",FR_RL,"{""FL"": ""TOP"", ""FR"": ""TOP"", ""RL"": ""GROUND"", ""RR"": ""AIR""}"
61.09999999999717,61.133333333330505,5,v003_20260805_224517_157723_manual,42,12,[0],"[""FR"", ""RL""]",FR_RL,"{""FL"": ""AIR"", ""FR"": ""TOP"", ""RL"": ""GROUND"", ""RR"": ""AIR""}"
61.14166666666384,61.14999999999717,2,v003_20260805_224517_157723_manual,42,12,[0],"[""FL"", ""FR"", ""RL""]",FR_RL,"{""FL"": ""TOP"", ""FR"": ""TOP"", ""RL"": ""GROUND"", ""RR"": ""AIR""}"
61.1583333333305,61.166666666663836,2,v003_20260805_224517_157723_manual,42,12,[0],"[""FR"", ""RL""]",FR_RL,"{""FL"": ""AIR"", ""FR"": ""TOP"", ""RL"": ""GROUND"", ""RR"": ""AIR""}"
61.17499999999717,61.17499999999717,1,v003_20260805_224517_157723_manual,43,12,[1],"[""FL"", ""FR"", ""RL""]",FR_RL,"{""FL"": ""TOP"", ""FR"": ""TOP"", ""RL"": ""GROUND"", ""RR"": ""AIR""}"
61.1833333333305,61.19999999999717,3,v003_20260805_224517_157723_manual,43,12,[1],"[""FR"", ""RL""]",FR_RL,"{""FL"": ""AIR"", ""FR"": ""TOP"", ""RL"": ""GROUND"", ""RR"": ""AIR""}"
61.2083333333305,61.2083333333305,1,v003_20260805_224517_157723_manual,43,12,[1],"[""FL"", ""FR"", ""RL""]",FR_RL,"{""FL"": ""TOP"", ""FR"": ""TOP"", ""RL"": ""GROUND"", ""RR"": ""AIR""}"
61.21666666666383,61.224999999997166,2,v003_20260805_224517_157723_manual,43,12,[1],"[""FR"", ""RL""]",FR_RL,"{""FL"": ""AIR"", ""FR"": ""TOP"", ""RL"": ""GROUND"", ""RR"": ""AIR""}"
61.2333333333305,61.2333333333305,1,v003_20260805_224517_157723_manual,43,12,[1],"[""FL"", ""FR"", ""RL""]",FR_RL,"{""FL"": ""TOP"", ""FR"": ""TOP"", ""RL"": ""GROUND"", ""RR"": ""AIR""}"
61.24166666666383,61.24166666666383,1,v003_20260805_224517_157723_manual,43,12,[1],"[""FR"", ""RL""]",FR_RL,"{""FL"": ""AIR"", ""FR"": ""TOP"", ""RL"": ""GROUND"", ""RR"": ""AIR""}"
61.249999999997165,61.249999999997165,1,v003_20260805_224517_157723_manual,43,12,[1],"[""FL"", ""FR"", ""RL""]",FR_RL,"{""FL"": ""TOP"", ""FR"": ""TOP"", ""RL"": ""GROUND"", ""RR"": ""AIR""}"
61.2583333333305,61.26666666666383,2,v003_20260805_224517_157723_manual,43,12,[1],"[""FR"", ""RL""]",FR_RL,"{""FL"": ""AIR"", ""FR"": ""TOP"", ""RL"": ""GROUND"", ""RR"": ""AIR""}"
61.27499999999716,61.27499999999716,1,v003_20260805_224517_157723_manual,43,12,[1],"[""FL"", ""FR"", ""RL""]",FR_RL,"{""FL"": ""TOP"", ""FR"": ""TOP"", ""RL"": ""GROUND"", ""RR"": ""AIR""}"
61.283333333330496,61.283333333330496,1,v003_20260805_224517_157723_manual,43,12,[1],"[""FR"", ""RL""]",FR_RL,"{""FL"": ""AIR"", ""FR"": ""TOP"", ""RL"": ""GROUND"", ""RR"": ""AIR""}"
61.29166666666383,61.29166666666383,1,v003_20260805_224517_157723_manual,43,12,[1],"[""FL"", ""FR"", ""RL""]",FR_RL,"{""FL"": ""TOP"", ""FR"": ""TOP"", ""RL"": ""GROUND"", ""RR"": ""AIR""}"
61.29999999999716,61.308333333330495,2,v003_20260805_224517_157723_manual,43,12,[1],"[""FR"", ""RL""]",FR_RL,"{""FL"": ""AIR"", ""FR"": ""TOP"", ""RL"": ""GROUND"", ""RR"": ""AIR""}"
61.31666666666383,61.31666666666383,1,v003_20260805_224517_157723_manual,43,12,[1],"[""FL"", ""FR"", ""RL""]",FR_RL,"{""FL"": ""TOP"", ""FR"": ""TOP"", ""RL"": ""GROUND"", ""RR"": ""AIR""}"
61.32499999999716,61.32499999999716,1,v003_20260805_224517_157723_manual,43,12,[1],"[""FR"", ""RL""]",FR_RL,"{""FL"": ""AIR"", ""FR"": ""TOP"", ""RL"": ""GROUND"", ""RR"": ""AIR""}"
61.33333333333049,61.33333333333049,1,v003_20260805_224517_157723_manual,43,12,[1],"[""FL"", ""FR"", ""RL""]",FR_RL,"{""FL"": ""TOP"", ""FR"": ""TOP"", ""RL"": ""GROUND"", ""RR"": ""AIR""}"
61.341666666663826,61.34999999999716,2,v003_20260805_224517_157723_manual,43,12,[1],"[""FR"", ""RL""]",FR_RL,"{""FL"": ""AIR"", ""FR"": ""TOP"", ""RL"": ""GROUND"", ""RR"": ""AIR""}"
61.35833333333049,61.35833333333049,1,v003_20260805_224517_157723_manual,43,12,[1],"[""FL"", ""FR"", ""RL""]",FR_RL,"{""FL"": ""TOP"", ""FR"": ""TOP"", ""RL"": ""GROUND"", ""RR"": ""AIR""}"
61.366666666663825,61.39166666666382,4,v003_20260805_224517_157723_manual,43,12,[1],"[""FR"", ""RL""]",FR_RL,"{""FL"": ""AIR"", ""FR"": ""TOP"", ""RL"": ""GROUND"", ""RR"": ""AIR""}"
61.399999999997156,61.399999999997156,1,v003_20260805_224517_157723_manual,43,12,[1],"[""FL"", ""FR"", ""RL""]",FR_RL,"{""FL"": ""TOP"", ""FR"": ""TOP"", ""RL"": ""GROUND"", ""RR"": ""AIR""}"
61.40833333333049,61.43333333333049,4,v003_20260805_224517_157723_manual,43,12,[1],"[""FR"", ""RL""]",FR_RL,"{""FL"": ""AIR"", ""FR"": ""TOP"", ""RL"": ""GROUND"", ""RR"": ""AIR""}"
61.44166666666382,61.47499999999715,5,v003_20260805_224517_157723_manual,44,12,[2],"[""FR"", ""RL""]",FR_RL,"{""FL"": ""AIR"", ""FR"": ""TOP"", ""RL"": ""GROUND"", ""RR"": ""AIR""}"
61.483333333330485,61.483333333330485,1,v003_20260805_224517_157723_manual,44,12,[2],"[""FL"", ""FR"", ""RL""]",FR_RL,"{""FL"": ""TOP"", ""FR"": ""TOP"", ""RL"": ""GROUND"", ""RR"": ""AIR""}"
61.49166666666382,61.49166666666382,1,v003_20260805_224517_157723_manual,44,12,[2],"[""FR"", ""RL""]",FR_RL,"{""FL"": ""AIR"", ""FR"": ""TOP"", ""RL"": ""GROUND"", ""RR"": ""AIR""}"
61.49999999999715,61.49999999999715,1,v003_20260805_224517_157723_manual,44,12,[2],"[""FL"", ""FR"", ""RL""]",FR_RL,"{""FL"": ""TOP"", ""FR"": ""TOP"", ""RL"": ""GROUND"", ""RR"": ""AIR""}"
61.508333333330484,61.52499999999715,3,v003_20260805_224517_157723_manual,44,12,[2],"[""FR"", ""RL""]",FR_RL,"{""FL"": ""AIR"", ""FR"": ""TOP"", ""RL"": ""GROUND"", ""RR"": ""AIR""}"
61.53333333333048,61.53333333333048,1,v003_20260805_224517_157723_manual,44,12,[2],"[""FL"", ""FR"", ""RL""]",FR_RL,"{""FL"": ""TOP"", ""FR"": ""TOP"", ""RL"": ""GROUND"", ""RR"": ""AIR""}"
61.541666666663815,61.541666666663815,1,v003_20260805_224517_157723_manual,44,12,[2],"[""FR"", ""RL""]",FR_RL,"{""FL"": ""AIR"", ""FR"": ""TOP"", ""RL"": ""GROUND"", ""RR"": ""AIR""}"
61.54999999999715,61.54999999999715,1,v003_20260805_224517_157723_manual,44,12,[2],"[""FL"", ""FR"", ""RL""]",FR_RL,"{""FL"": ""TOP"", ""FR"": ""TOP"", ""RL"": ""GROUND"", ""RR"": ""AIR""}"
61.55833333333048,61.58333333333048,4,v003_20260805_224517_157723_manual,44,12,[2],"[""FR"", ""RL""]",FR_RL,"{""FL"": ""AIR"", ""FR"": ""TOP"", ""RL"": ""GROUND"", ""RR"": ""AIR""}"
61.59166666666381,61.59166666666381,1,v003_20260805_224517_157723_manual,44,12,[2],"[""FL"", ""FR"", ""RL""]",FR_RL,"{""FL"": ""TOP"", ""FR"": ""TOP"", ""RL"": ""GROUND"", ""RR"": ""AIR""}"
61.599999999997145,61.60833333333048,2,v003_20260805_224517_157723_manual,44,12,[2],"[""FR"", ""RL""]",FR_RL,"{""FL"": ""AIR"", ""FR"": ""TOP"", ""RL"": ""GROUND"", ""RR"": ""AIR""}"
61.61666666666381,61.61666666666381,1,v003_20260805_224517_157723_manual,44,12,[2],"[""FL"", ""FR"", ""RL""]",FR_RL,"{""FL"": ""TOP"", ""FR"": ""TOP"", ""RL"": ""GROUND"", ""RR"": ""AIR""}"
61.624999999997144,61.63333333333048,2,v003_20260805_224517_157723_manual,44,12,[2],"[""FR"", ""RL""]",FR_RL,"{""FL"": ""AIR"", ""FR"": ""TOP"", ""RL"": ""GROUND"", ""RR"": ""AIR""}"
61.64166666666381,61.64999999999714,2,v003_20260805_224517_157723_manual,45,12,[3],"[""FL"", ""FR"", ""RL""]",FR_RL,"{""FL"": ""TOP"", ""FR"": ""TOP"", ""RL"": ""GROUND"", ""RR"": ""AIR""}"
61.658333333330475,61.69999999999714,6,v003_20260805_224517_157723_manual,45,12,[3],"[""FR"", ""RL""]",FR_RL,"{""FL"": ""AIR"", ""FR"": ""TOP"", ""RL"": ""GROUND"", ""RR"": ""AIR""}"
61.70833333333047,61.716666666663805,2,v003_20260805_224517_157723_manual,46,12,[4],"[""FL"", ""FR"", ""RL""]",FR_RL,"{""FL"": ""TOP"", ""FR"": ""TOP"", ""RL"": ""GROUND"", ""RR"": ""AIR""}"
61.72499999999714,61.7666666666638,6,v003_20260805_224517_157723_manual,46,12,[4],"[""FR"", ""RL""]",FR_RL,"{""FL"": ""AIR"", ""FR"": ""TOP"", ""RL"": ""GROUND"", ""RR"": ""AIR""}"
61.774999999997135,61.774999999997135,1,v003_20260805_224517_157723_manual,47,12,[5],"[""FL"", ""FR"", ""RL""]",FR_RL,"{""FL"": ""TOP"", ""FR"": ""TOP"", ""RL"": ""GROUND"", ""RR"": ""AIR""}"
61.78333333333047,61.7916666666638,2,v003_20260805_224517_157723_manual,47,12,[5],"[""FR"", ""RL""]",FR_RL,"{""FL"": ""AIR"", ""FR"": ""TOP"", ""RL"": ""GROUND"", ""RR"": ""AIR""}"
61.799999999997134,61.80833333333047,2,v003_20260805_224517_157723_manual,47,12,[5],"[""FL"", ""FR"", ""RL""]",FR_RL,"{""FL"": ""TOP"", ""FR"": ""TOP"", ""RL"": ""GROUND"", ""RR"": ""AIR""}"
61.8166666666638,61.833333333330465,3,v003_20260805_224517_157723_manual,47,12,[5],"[""FR"", ""RL""]",FR_RL,"{""FL"": ""AIR"", ""FR"": ""TOP"", ""RL"": ""GROUND"", ""RR"": ""AIR""}"
61.8416666666638,61.8666666666638,4,v003_20260805_224517_157723_manual,48,12,[6],"[""FL"", ""FR"", ""RL""]",FR_RL,"{""FL"": ""TOP"", ""FR"": ""TOP"", ""RL"": ""GROUND"", ""RR"": ""AIR""}"
61.87499999999713,61.89999999999713,4,v003_20260805_224517_157723_manual,48,12,[6],"[""FR"", ""RL""]",FR_RL,"{""FL"": ""AIR"", ""FR"": ""TOP"", ""RL"": ""GROUND"", ""RR"": ""AIR""}"
61.90833333333046,61.90833333333046,1,v003_20260805_224517_157723_manual,48,12,[6],"[""FL"", ""FR"", ""RL""]",FR_RL,"{""FL"": ""TOP"", ""FR"": ""TOP"", ""RL"": ""GROUND"", ""RR"": ""AIR""}"
61.916666666663794,61.93333333333046,3,v003_20260805_224517_157723_manual,48,12,[6],"[""FR"", ""RL""]",FR_RL,"{""FL"": ""AIR"", ""FR"": ""TOP"", ""RL"": ""GROUND"", ""RR"": ""AIR""}"
61.94166666666379,61.94166666666379,1,v003_20260805_224517_157723_manual,48,12,[6],"[""FL"", ""FR"", ""RL""]",FR_RL,"{""FL"": ""TOP"", ""FR"": ""TOP"", ""RL"": ""GROUND"", ""RR"": ""AIR""}"
61.949999999997125,61.96666666666379,3,v003_20260805_224517_157723_manual,48,12,[6],"[""FR"", ""RL""]",FR_RL,"{""FL"": ""AIR"", ""FR"": ""TOP"", ""RL"": ""GROUND"", ""RR"": ""AIR""}"
61.974999999997124,62.008333333330455,5,v003_20260805_224517_157723_manual,49,12,[7],"[""FL"", ""FR"", ""RL""]",FR_RL,"{""FL"": ""TOP"", ""FR"": ""TOP"", ""RL"": ""GROUND"", ""RR"": ""AIR""}"
62.01666666666379,62.033333333330454,3,v003_20260805_224517_157723_manual,49,12,[7],"[""FR"", ""RL""]",FR_RL,"{""FL"": ""AIR"", ""FR"": ""TOP"", ""RL"": ""GROUND"", ""RR"": ""AIR""}"
62.04166666666379,62.04166666666379,1,v003_20260805_224517_157723_manual,49,12,[7],"[""FL"", ""FR"", ""RL""]",FR_RL,"{""FL"": ""TOP"", ""FR"": ""TOP"", ""RL"": ""GROUND"", ""RR"": ""AIR""}"
62.04999999999712,62.066666666663785,3,v003_20260805_224517_157723_manual,49,12,[7],"[""FR"", ""RL""]",FR_RL,"{""FL"": ""AIR"", ""FR"": ""TOP"", ""RL"": ""GROUND"", ""RR"": ""AIR""}"
62.07499999999712,62.07499999999712,1,v003_20260805_224517_157723_manual,49,12,[7],"[""FL"", ""FR"", ""RL""]",FR_RL,"{""FL"": ""TOP"", ""FR"": ""TOP"", ""RL"": ""GROUND"", ""RR"": ""AIR""}"
62.08333333333045,62.09999999999712,3,v003_20260805_224517_157723_manual,49,12,[7],"[""FR"", ""RL""]",FR_RL,"{""FL"": ""AIR"", ""FR"": ""TOP"", ""RL"": ""GROUND"", ""RR"": ""AIR""}"
62.10833333333045,62.10833333333045,1,v003_20260805_224517_157723_manual,49,12,[7],"[""FL"", ""FR"", ""RL""]",FR_RL,"{""FL"": ""TOP"", ""FR"": ""TOP"", ""RL"": ""GROUND"", ""RR"": ""AIR""}"
62.11666666666378,62.16666666666378,7,v003_20260805_224517_157723_manual,49,12,[7],"[""FR"", ""RL""]",FR_RL,"{""FL"": ""AIR"", ""FR"": ""TOP"", ""RL"": ""GROUND"", ""RR"": ""AIR""}"
62.17499999999711,62.17499999999711,1,v003_20260805_224517_157723_manual,50,12,[8],"[""FR"", ""RL""]",FR_RL,"{""FL"": ""AIR"", ""FR"": ""TOP"", ""RL"": ""GROUND"", ""RR"": ""AIR""}"
62.183333333330445,62.183333333330445,1,v003_20260805_224517_157723_manual,50,12,[8],"[""FL"", ""FR"", ""RL""]",FR_RL,"{""FL"": ""TOP"", ""FR"": ""TOP"", ""RL"": ""GROUND"", ""RR"": ""AIR""}"
62.19166666666378,62.19999999999711,2,v003_20260805_224517_157723_manual,50,12,[8],"[""FR"", ""RL""]",FR_RL,"{""FL"": ""AIR"", ""FR"": ""TOP"", ""RL"": ""GROUND"", ""RR"": ""AIR""}"
62.208333333330444,62.208333333330444,1,v003_20260805_224517_157723_manual,50,12,[8],"[""FL"", ""FR"", ""RL""]",FR_RL,"{""FL"": ""TOP"", ""FR"": ""TOP"", ""RL"": ""GROUND"", ""RR"": ""AIR""}"
62.21666666666378,62.23333333333044,3,v003_20260805_224517_157723_manual,50,12,[8],"[""FR"", ""RL""]",FR_RL,"{""FL"": ""AIR"", ""FR"": ""TOP"", ""RL"": ""GROUND"", ""RR"": ""AIR""}"
62.241666666663775,62.266666666663774,4,v003_20260805_224517_157723_manual,51,12,[9],"[""FL"", ""FR"", ""RL""]",FR_RL,"{""FL"": ""TOP"", ""FR"": ""TOP"", ""RL"": ""GROUND"", ""RR"": ""AIR""}"
62.27499999999711,62.299999999997105,4,v003_20260805_224517_157723_manual,51,12,[9],"[""FR"", ""RL""]",FR_RL,"{""FL"": ""AIR"", ""FR"": ""TOP"", ""RL"": ""GROUND"", ""RR"": ""AIR""}"
62.30833333333044,62.30833333333044,1,v003_20260805_224517_157723_manual,51,12,[9],"[""FL"", ""FR"", ""RL""]",FR_RL,"{""FL"": ""TOP"", ""FR"": ""TOP"", ""RL"": ""GROUND"", ""RR"": ""AIR""}"
62.31666666666377,62.31666666666377,1,v003_20260805_224517_157723_manual,51,12,[9],"[""FR"", ""RL""]",FR_RL,"{""FL"": ""AIR"", ""FR"": ""TOP"", ""RL"": ""GROUND"", ""RR"": ""AIR""}"
62.324999999997104,62.324999999997104,1,v003_20260805_224517_157723_manual,51,12,[9],"[""FL"", ""FR"", ""RL""]",FR_RL,"{""FL"": ""TOP"", ""FR"": ""TOP"", ""RL"": ""GROUND"", ""RR"": ""AIR""}"
62.33333333333044,62.33333333333044,1,v003_20260805_224517_157723_manual,51,12,[9],"[""FR"", ""RL""]",FR_RL,"{""FL"": ""AIR"", ""FR"": ""TOP"", ""RL"": ""GROUND"", ""RR"": ""AIR""}"
62.34166666666377,62.34166666666377,1,v003_20260805_224517_157723_manual,51,12,[9],"[""FL"", ""FR"", ""RL""]",FR_RL,"{""FL"": ""TOP"", ""FR"": ""TOP"", ""RL"": ""GROUND"", ""RR"": ""AIR""}"
62.3499999999971,62.36666666666377,3,v003_20260805_224517_157723_manual,51,12,[9],"[""FR"", ""RL""]",FR_RL,"{""FL"": ""AIR"", ""FR"": ""TOP"", ""RL"": ""GROUND"", ""RR"": ""AIR""}"
62.3749999999971,62.383333333330434,2,v003_20260805_224517_157723_manual,52,12,[10],"[""FL"", ""FR"", ""RL""]",FR_RL,"{""FL"": ""TOP"", ""FR"": ""TOP"", ""RL"": ""GROUND"", ""RR"": ""AIR""}"
62.39166666666377,62.3999999999971,2,v003_20260805_224517_157723_manual,52,12,[10],"[""FR"", ""RL""]",FR_RL,"{""FL"": ""AIR"", ""FR"": ""TOP"", ""RL"": ""GROUND"", ""RR"": ""AIR""}"
62.40833333333043,62.40833333333043,1,v003_20260805_224517_157723_manual,52,12,[10],"[""FL"", ""FR"", ""RL""]",FR_RL,"{""FL"": ""TOP"", ""FR"": ""TOP"", ""RL"": ""GROUND"", ""RR"": ""AIR""}"
62.416666666663765,62.43333333333043,3,v003_20260805_224517_157723_manual,52,12,[10],"[""FR"", ""RL""]",FR_RL,"{""FL"": ""AIR"", ""FR"": ""TOP"", ""RL"": ""GROUND"", ""RR"": ""AIR""}"
62.441666666663764,62.441666666663764,1,v003_20260805_224517_157723_manual,52,12,[10],"[""FL"", ""FR"", ""RL""]",FR_RL,"{""FL"": ""TOP"", ""FR"": ""TOP"", ""RL"": ""GROUND"", ""RR"": ""AIR""}"
62.4499999999971,62.46666666666376,3,v003_20260805_224517_157723_manual,52,12,[10],"[""FR"", ""RL""]",FR_RL,"{""FL"": ""AIR"", ""FR"": ""TOP"", ""RL"": ""GROUND"", ""RR"": ""AIR""}"
62.474999999997095,62.499999999997094,4,v003_20260805_224517_157723_manual,52,12,[10],"[""FL"", ""FR"", ""RL""]",FR_RL,"{""FL"": ""TOP"", ""FR"": ""TOP"", ""RL"": ""GROUND"", ""RR"": ""AIR""}"
62.50833333333043,62.50833333333043,1,v003_20260805_224517_157723_manual,53,12,[11],"[""FR"", ""RL""]",FR_RL,"{""FL"": ""AIR"", ""FR"": ""TOP"", ""RL"": ""GROUND"", ""RR"": ""AIR""}"
62.51666666666376,62.56666666666376,7,v003_20260805_224517_157723_manual,53,12,[11],"[""FL"", ""FR"", ""RL""]",FR_RL,"{""FL"": ""TOP"", ""FR"": ""TOP"", ""RL"": ""GROUND"", ""RR"": ""AIR""}"
62.57499999999709,62.58333333333042,2,v003_20260805_224517_157723_manual,54,13,[0],"[""FR"", ""RL""]",FR_RL,"{""FL"": ""AIR"", ""FR"": ""TOP"", ""RL"": ""GROUND"", ""RR"": ""AIR""}"
62.591666666663755,62.65833333333042,9,v003_20260805_224517_157723_manual,54,13,[0],"[""FL"", ""FR"", ""RL""]",FR_RL,"{""FL"": ""TOP"", ""FR"": ""TOP"", ""RL"": ""GROUND"", ""RR"": ""AIR""}"
62.66666666666375,62.66666666666375,1,v003_20260805_224517_157723_manual,54,13,[0],"[""FR"", ""RL""]",FR_RL,"{""FL"": ""AIR"", ""FR"": ""TOP"", ""RL"": ""GROUND"", ""RR"": ""AIR""}"
62.674999999997084,62.674999999997084,1,v003_20260805_224517_157723_manual,54,13,[0],"[""FL"", ""FR"", ""RL""]",FR_RL,"{""FL"": ""TOP"", ""FR"": ""TOP"", ""RL"": ""GROUND"", ""RR"": ""AIR""}"
62.68333333333042,62.68333333333042,1,v003_20260805_224517_157723_manual,54,13,[0],"[""FR"", ""RL""]",FR_RL,"{""FL"": ""AIR"", ""FR"": ""TOP"", ""RL"": ""GROUND"", ""RR"": ""AIR""}"
62.69166666666375,62.69166666666375,1,v003_20260805_224517_157723_manual,54,13,[0],"[""FL"", ""FR"", ""RL""]",FR_RL,"{""FL"": ""TOP"", ""FR"": ""TOP"", ""RL"": ""GROUND"", ""RR"": ""AIR""}"
62.69999999999708,62.69999999999708,1,v003_20260805_224517_157723_manual,54,13,[0],"[""FR"", ""RL""]",FR_RL,"{""FL"": ""AIR"", ""FR"": ""TOP"", ""RL"": ""GROUND"", ""RR"": ""AIR""}"
62.708333333330415,62.86666666666374,20,v003_20260805_224517_157723_manual,54,13,[0],"[""FL"", ""FR"", ""RL""]",FR_RL,"{""FL"": ""TOP"", ""FR"": ""TOP"", ""RL"": ""GROUND"", ""RR"": ""AIR""}"
62.87499999999707,62.87499999999707,1,v003_20260805_224517_157723_manual,54,13,[0],"[""FR"", ""RL""]",FR_RL,"{""FL"": ""AIR"", ""FR"": ""TOP"", ""RL"": ""GROUND"", ""RR"": ""AIR""}"
62.883333333330405,63.0333333333304,19,v003_20260805_224517_157723_manual,54,13,[0],"[""FL"", ""FR"", ""RL""]",FR_RL,"{""FL"": ""TOP"", ""FR"": ""TOP"", ""RL"": ""GROUND"", ""RR"": ""AIR""}"
63.04166666666373,63.058333333330395,3,v003_20260805_224517_157723_manual,54,13,[0],"[""FR"", ""RL""]",FR_RL,"{""FL"": ""AIR"", ""FR"": ""TOP"", ""RL"": ""GROUND"", ""RR"": ""AIR""}"
63.06666666666373,63.083333333330394,3,v003_20260805_224517_157723_manual,54,13,[0],"[""FL"", ""FR"", ""RL""]",FR_RL,"{""FL"": ""TOP"", ""FR"": ""TOP"", ""RL"": ""GROUND"", ""RR"": ""AIR""}"
63.09166666666373,63.09166666666373,1,v003_20260805_224517_157723_manual,54,13,[0],"[""FR"", ""RL""]",FR_RL,"{""FL"": ""AIR"", ""FR"": ""TOP"", ""RL"": ""GROUND"", ""RR"": ""AIR""}"
63.09999999999706,63.09999999999706,1,v003_20260805_224517_157723_manual,54,13,[0],"[""FL"", ""FR"", ""RL""]",FR_RL,"{""FL"": ""TOP"", ""FR"": ""TOP"", ""RL"": ""GROUND"", ""RR"": ""AIR""}"
63.10833333333039,63.10833333333039,1,v003_20260805_224517_157723_manual,54,13,[0],"[""FR"", ""RL""]",FR_RL,"{""FL"": ""AIR"", ""FR"": ""TOP"", ""RL"": ""GROUND"", ""RR"": ""AIR""}"
63.116666666663725,63.116666666663725,1,v003_20260805_224517_157723_manual,54,13,[0],"[""FL"", ""FR"", ""RL""]",FR_RL,"{""FL"": ""TOP"", ""FR"": ""TOP"", ""RL"": ""GROUND"", ""RR"": ""AIR""}"
63.12499999999706,63.12499999999706,1,v003_20260805_224517_157723_manual,54,13,[0],"[""FR"", ""RL""]",FR_RL,"{""FL"": ""AIR"", ""FR"": ""TOP"", ""RL"": ""GROUND"", ""RR"": ""AIR""}"
63.13333333333039,63.13333333333039,1,v003_20260805_224517_157723_manual,54,13,[0],"[""FL"", ""FR"", ""RL""]",FR_RL,"{""FL"": ""TOP"", ""FR"": ""TOP"", ""RL"": ""GROUND"", ""RR"": ""AIR""}"
63.141666666663724,63.14999999999706,2,v003_20260805_224517_157723_manual,54,13,[0],"[""FR"", ""RL""]",FR_RL,"{""FL"": ""AIR"", ""FR"": ""TOP"", ""RL"": ""GROUND"", ""RR"": ""AIR""}"
63.15833333333039,63.174999999997056,3,v003_20260805_224517_157723_manual,54,13,[0],"[""FL"", ""FR"", ""RL""]",FR_RL,"{""FL"": ""TOP"", ""FR"": ""TOP"", ""RL"": ""GROUND"", ""RR"": ""AIR""}"
63.18333333333039,63.18333333333039,1,v003_20260805_224517_157723_manual,54,13,[0],"[""FR"", ""RL""]",FR_RL,"{""FL"": ""AIR"", ""FR"": ""TOP"", ""RL"": ""GROUND"", ""RR"": ""AIR""}"
63.19166666666372,63.199999999997054,2,v003_20260805_224517_157723_manual,54,13,[0],"[""FL"", ""FR"", ""RL""]",FR_RL,"{""FL"": ""TOP"", ""FR"": ""TOP"", ""RL"": ""GROUND"", ""RR"": ""AIR""}"
63.20833333333039,63.20833333333039,1,v003_20260805_224517_157723_manual,54,13,[0],"[""FR"", ""RL""]",FR_RL,"{""FL"": ""AIR"", ""FR"": ""TOP"", ""RL"": ""GROUND"", ""RR"": ""AIR""}"
63.21666666666372,63.22499999999705,2,v003_20260805_224517_157723_manual,54,13,[0],"[""FL"", ""FR"", ""RL""]",FR_RL,"{""FL"": ""TOP"", ""FR"": ""TOP"", ""RL"": ""GROUND"", ""RR"": ""AIR""}"
63.233333333330386,63.233333333330386,1,v003_20260805_224517_157723_manual,54,13,[0],"[""FR"", ""RL""]",FR_RL,"{""FL"": ""AIR"", ""FR"": ""TOP"", ""RL"": ""GROUND"", ""RR"": ""AIR""}"
63.24166666666372,63.374999999997044,17,v003_20260805_224517_157723_manual,54,13,[0],"[""FL"", ""FR"", ""RL""]",FR_RL,"{""FL"": ""TOP"", ""FR"": ""TOP"", ""RL"": ""GROUND"", ""RR"": ""AIR""}"
63.38333333333038,63.38333333333038,1,v003_20260805_224517_157723_manual,54,13,[0],"[""FR"", ""RL""]",FR_RL,"{""FL"": ""AIR"", ""FR"": ""TOP"", ""RL"": ""GROUND"", ""RR"": ""AIR""}"
63.39166666666371,63.77499999999702,47,v003_20260805_224517_157723_manual,54,13,[0],"[""FL"", ""FR"", ""RL""]",FR_RL,"{""FL"": ""TOP"", ""FR"": ""TOP"", ""RL"": ""GROUND"", ""RR"": ""AIR""}"
63.783333333330354,63.783333333330354,1,v003_20260805_224517_157723_manual,54,13,[0],"[""FR"", ""RL""]",FR_RL,"{""FL"": ""AIR"", ""FR"": ""TOP"", ""RL"": ""GROUND"", ""RR"": ""AIR""}"
63.79166666666369,63.79166666666369,1,v003_20260805_224517_157723_manual,54,13,[0],"[""FL"", ""FR"", ""RL""]",FR_RL,"{""FL"": ""TOP"", ""FR"": ""TOP"", ""RL"": ""GROUND"", ""RR"": ""AIR""}"
63.79999999999702,63.79999999999702,1,v003_20260805_224517_157723_manual,54,13,[0],"[""FR"", ""RL""]",FR_RL,"{""FL"": ""AIR"", ""FR"": ""TOP"", ""RL"": ""GROUND"", ""RR"": ""AIR""}"
63.80833333333035,63.874999999997016,9,v003_20260805_224517_157723_manual,54,13,[0],"[""FL"", ""FR"", ""RL""]",FR_RL,"{""FL"": ""TOP"", ""FR"": ""TOP"", ""RL"": ""GROUND"", ""RR"": ""AIR""}"
63.88333333333035,63.88333333333035,1,v003_20260805_224517_157723_manual,54,13,[0],"[""FR"", ""RL""]",FR_RL,"{""FL"": ""AIR"", ""FR"": ""TOP"", ""RL"": ""GROUND"", ""RR"": ""AIR""}"
63.89166666666368,63.92499999999701,5,v003_20260805_224517_157723_manual,54,13,[0],"[""FL"", ""FR"", ""RL""]",FR_RL,"{""FL"": ""TOP"", ""FR"": ""TOP"", ""RL"": ""GROUND"", ""RR"": ""AIR""}"
63.933333333330346,63.933333333330346,1,v003_20260805_224517_157723_manual,54,13,[0],"[""FR"", ""RL""]",FR_RL,"{""FL"": ""AIR"", ""FR"": ""TOP"", ""RL"": ""GROUND"", ""RR"": ""AIR""}"
63.94166666666368,64.31666666666392,46,v003_20260805_224517_157723_manual,54,13,[0],"[""FL"", ""FR"", ""RL""]",FR_RL,"{""FL"": ""TOP"", ""FR"": ""TOP"", ""RL"": ""GROUND"", ""RR"": ""AIR""}"
64.32499999999726,64.32499999999726,1,v003_20260805_224517_157723_manual,54,13,[0],"[""FR"", ""RL""]",FR_RL,"{""FL"": ""AIR"", ""FR"": ""TOP"", ""RL"": ""GROUND"", ""RR"": ""AIR""}"
64.3333333333306,64.43333333333068,13,v003_20260805_224517_157723_manual,54,13,[0],"[""FL"", ""FR"", ""RL""]",FR_RL,"{""FL"": ""TOP"", ""FR"": ""TOP"", ""RL"": ""GROUND"", ""RR"": ""AIR""}"
64.44166666666402,64.44166666666402,1,v003_20260805_224517_157723_manual,54,13,[0],"[""FR"", ""RL""]",FR_RL,"{""FL"": ""AIR"", ""FR"": ""TOP"", ""RL"": ""GROUND"", ""RR"": ""AIR""}"
64.44999999999736,64.44999999999736,1,v003_20260805_224517_157723_manual,54,13,[0],"[""FL"", ""FR"", ""RL""]",FR_RL,"{""FL"": ""TOP"", ""FR"": ""TOP"", ""RL"": ""GROUND"", ""RR"": ""AIR""}"
64.4583333333307,64.4583333333307,1,v003_20260805_224517_157723_manual,54,13,[0],"[""FR"", ""RL""]",FR_RL,"{""FL"": ""AIR"", ""FR"": ""TOP"", ""RL"": ""GROUND"", ""RR"": ""AIR""}"
64.46666666666404,64.47499999999738,2,v003_20260805_224517_157723_manual,54,13,[0],"[""FL"", ""FR"", ""RL""]",FR_RL,"{""FL"": ""TOP"", ""FR"": ""TOP"", ""RL"": ""GROUND"", ""RR"": ""AIR""}"
64.48333333333072,64.48333333333072,1,v003_20260805_224517_157723_manual,54,13,[0],"[""FR"", ""RL""]",FR_RL,"{""FL"": ""AIR"", ""FR"": ""TOP"", ""RL"": ""GROUND"", ""RR"": ""AIR""}"
64.49166666666406,64.49166666666406,1,v003_20260805_224517_157723_manual,54,13,[0],"[""FL"", ""FR"", ""RL""]",FR_RL,"{""FL"": ""TOP"", ""FR"": ""TOP"", ""RL"": ""GROUND"", ""RR"": ""AIR""}"
64.4999999999974,64.4999999999974,1,v003_20260805_224517_157723_manual,54,13,[0],"[""FR"", ""RL""]",FR_RL,"{""FL"": ""AIR"", ""FR"": ""TOP"", ""RL"": ""GROUND"", ""RR"": ""AIR""}"
64.50833333333074,64.52499999999742,3,v003_20260805_224517_157723_manual,54,13,[0],"[""FL"", ""FR"", ""RL""]",FR_RL,"{""FL"": ""TOP"", ""FR"": ""TOP"", ""RL"": ""GROUND"", ""RR"": ""AIR""}"
64.53333333333076,64.53333333333076,1,v003_20260805_224517_157723_manual,54,13,[0],"[""FR"", ""RL""]",FR_RL,"{""FL"": ""AIR"", ""FR"": ""TOP"", ""RL"": ""GROUND"", ""RR"": ""AIR""}"
64.5416666666641,64.54999999999744,2,v003_20260805_224517_157723_manual,54,13,[0],"[""FL"", ""FR"", ""RL""]",FR_RL,"{""FL"": ""TOP"", ""FR"": ""TOP"", ""RL"": ""GROUND"", ""RR"": ""AIR""}"
64.55833333333078,64.55833333333078,1,v003_20260805_224517_157723_manual,54,13,[0],"[""FR"", ""RL""]",FR_RL,"{""FL"": ""AIR"", ""FR"": ""TOP"", ""RL"": ""GROUND"", ""RR"": ""AIR""}"
64.56666666666412,64.57499999999746,2,v003_20260805_224517_157723_manual,54,13,[0],"[""FL"", ""FR"", ""RL""]",FR_RL,"{""FL"": ""TOP"", ""FR"": ""TOP"", ""RL"": ""GROUND"", ""RR"": ""AIR""}"
64.5833333333308,64.5833333333308,1,v003_20260805_224517_157723_manual,54,13,[0],"[""FR"", ""RL""]",FR_RL,"{""FL"": ""AIR"", ""FR"": ""TOP"", ""RL"": ""GROUND"", ""RR"": ""AIR""}"
64.59166666666414,64.61666666666416,4,v003_20260805_224517_157723_manual,54,13,[0],"[""FL"", ""FR"", ""RL""]",FR_RL,"{""FL"": ""TOP"", ""FR"": ""TOP"", ""RL"": ""GROUND"", ""RR"": ""AIR""}"
64.6249999999975,64.6249999999975,1,v003_20260805_224517_157723_manual,54,13,[0],"[""FR"", ""RL""]",FR_RL,"{""FL"": ""AIR"", ""FR"": ""TOP"", ""RL"": ""GROUND"", ""RR"": ""AIR""}"
64.63333333333084,64.65833333333086,4,v003_20260805_224517_157723_manual,54,13,[0],"[""FL"", ""FR"", ""RL""]",FR_RL,"{""FL"": ""TOP"", ""FR"": ""TOP"", ""RL"": ""GROUND"", ""RR"": ""AIR""}"
64.6666666666642,64.6666666666642,1,v003_20260805_224517_157723_manual,54,13,[0],"[""FR"", ""RL""]",FR_RL,"{""FL"": ""AIR"", ""FR"": ""TOP"", ""RL"": ""GROUND"", ""RR"": ""AIR""}"
64.67499999999754,64.67499999999754,1,v003_20260805_224517_157723_manual,54,13,[0],"[""FL"", ""FR"", ""RL""]",FR_RL,"{""FL"": ""TOP"", ""FR"": ""TOP"", ""RL"": ""GROUND"", ""RR"": ""AIR""}"
64.68333333333088,64.68333333333088,1,v003_20260805_224517_157723_manual,54,13,[0],"[""FR"", ""RL""]",FR_RL,"{""FL"": ""AIR"", ""FR"": ""TOP"", ""RL"": ""GROUND"", ""RR"": ""AIR""}"
64.69166666666422,64.69166666666422,1,v003_20260805_224517_157723_manual,54,13,[0],"[""FL"", ""FR"", ""RL""]",FR_RL,"{""FL"": ""TOP"", ""FR"": ""TOP"", ""RL"": ""GROUND"", ""RR"": ""AIR""}"
64.69999999999756,64.69999999999756,1,v003_20260805_224517_157723_manual,54,13,[0],"[""FR"", ""RL""]",FR_RL,"{""FL"": ""AIR"", ""FR"": ""TOP"", ""RL"": ""GROUND"", ""RR"": ""AIR""}"
64.7083333333309,64.75833333333094,7,v003_20260805_224517_157723_manual,54,13,[0],"[""FL"", ""FR"", ""RL""]",FR_RL,"{""FL"": ""TOP"", ""FR"": ""TOP"", ""RL"": ""GROUND"", ""RR"": ""AIR""}"
64.76666666666428,64.76666666666428,1,v003_20260805_224517_157723_manual,54,13,[0],"[""FR"", ""RL""]",FR_RL,"{""FL"": ""AIR"", ""FR"": ""TOP"", ""RL"": ""GROUND"", ""RR"": ""AIR""}"
64.77499999999762,64.82499999999766,7,v003_20260805_224517_157723_manual,54,13,[0],"[""FL"", ""FR"", ""RL""]",FR_RL,"{""FL"": ""TOP"", ""FR"": ""TOP"", ""RL"": ""GROUND"", ""RR"": ""AIR""}"
64.833333333331,64.833333333331,1,v003_20260805_224517_157723_manual,54,13,[0],"[""FR"", ""RL""]",FR_RL,"{""FL"": ""AIR"", ""FR"": ""TOP"", ""RL"": ""GROUND"", ""RR"": ""AIR""}"
64.84166666666434,65.03333333333116,24,v003_20260805_224517_157723_manual,54,13,[0],"[""FL"", ""FR"", ""RL""]",FR_RL,"{""FL"": ""TOP"", ""FR"": ""TOP"", ""RL"": ""GROUND"", ""RR"": ""AIR""}"
65.0416666666645,65.0416666666645,1,v003_20260805_224517_157723_manual,54,13,[0],"[""FR"", ""RL""]",FR_RL,"{""FL"": ""AIR"", ""FR"": ""TOP"", ""RL"": ""GROUND"", ""RR"": ""AIR""}"
65.04999999999784,65.09166666666454,6,v003_20260805_224517_157723_manual,54,13,[0],"[""FL"", ""FR"", ""RL""]",FR_RL,"{""FL"": ""TOP"", ""FR"": ""TOP"", ""RL"": ""GROUND"", ""RR"": ""AIR""}"
65.09999999999788,65.09999999999788,1,v003_20260805_224517_157723_manual,54,13,[0],"[""FR"", ""RL""]",FR_RL,"{""FL"": ""AIR"", ""FR"": ""TOP"", ""RL"": ""GROUND"", ""RR"": ""AIR""}"
65.10833333333122,65.26666666666468,20,v003_20260805_224517_157723_manual,54,13,[0],"[""FL"", ""FR"", ""RL""]",FR_RL,"{""FL"": ""TOP"", ""FR"": ""TOP"", ""RL"": ""GROUND"", ""RR"": ""AIR""}"
65.27499999999802,65.27499999999802,1,v003_20260805_224517_157723_manual,54,13,[0],"[""FR"", ""RL""]",FR_RL,"{""FL"": ""AIR"", ""FR"": ""TOP"", ""RL"": ""GROUND"", ""RR"": ""AIR""}"
65.28333333333136,65.64166666666497,44,v003_20260805_224517_157723_manual,54,13,[0],"[""FL"", ""FR"", ""RL""]",FR_RL,"{""FL"": ""TOP"", ""FR"": ""TOP"", ""RL"": ""GROUND"", ""RR"": ""AIR""}"
65.64999999999831,65.64999999999831,1,v003_20260805_224517_157723_manual,54,13,[0],"[""FR"", ""RL""]",FR_RL,"{""FL"": ""AIR"", ""FR"": ""TOP"", ""RL"": ""GROUND"", ""RR"": ""AIR""}"
65.65833333333165,65.94999999999855,36,v003_20260805_224517_157723_manual,54,13,[0],"[""FL"", ""FR"", ""RL""]",FR_RL,"{""FL"": ""TOP"", ""FR"": ""TOP"", ""RL"": ""GROUND"", ""RR"": ""AIR""}"
65.9583333333319,65.9583333333319,1,v003_20260805_224517_157723_manual,54,13,[0],"[""FR"", ""RL""]",FR_RL,"{""FL"": ""AIR"", ""FR"": ""TOP"", ""RL"": ""GROUND"", ""RR"": ""AIR""}"
65.96666666666523,66.12499999999869,20,v003_20260805_224517_157723_manual,54,13,[0],"[""FL"", ""FR"", ""RL""]",FR_RL,"{""FL"": ""TOP"", ""FR"": ""TOP"", ""RL"": ""GROUND"", ""RR"": ""AIR""}"
66.13333333333203,66.13333333333203,1,v003_20260805_224517_157723_manual,54,13,[0],"[""FR"", ""RL""]",FR_RL,"{""FL"": ""AIR"", ""FR"": ""TOP"", ""RL"": ""GROUND"", ""RR"": ""AIR""}"
66.14166666666537,66.27499999999881,17,v003_20260805_224517_157723_manual,54,13,[0],"[""FL"", ""FR"", ""RL""]",FR_RL,"{""FL"": ""TOP"", ""FR"": ""TOP"", ""RL"": ""GROUND"", ""RR"": ""AIR""}"
66.28333333333215,66.28333333333215,1,v003_20260805_224517_157723_manual,54,13,[0],"[""FR"", ""RL""]",FR_RL,"{""FL"": ""AIR"", ""FR"": ""TOP"", ""RL"": ""GROUND"", ""RR"": ""AIR""}"
66.29166666666549,66.38333333333223,12,v003_20260805_224517_157723_manual,54,13,[0],"[""FL"", ""FR"", ""RL""]",FR_RL,"{""FL"": ""TOP"", ""FR"": ""TOP"", ""RL"": ""GROUND"", ""RR"": ""AIR""}"
66.39166666666557,66.39166666666557,1,v003_20260805_224517_157723_manual,54,13,[0],"[""FR"", ""RL""]",FR_RL,"{""FL"": ""AIR"", ""FR"": ""TOP"", ""RL"": ""GROUND"", ""RR"": ""AIR""}"
66.39999999999891,66.43333333333227,5,v003_20260805_224517_157723_manual,54,13,[0],"[""FL"", ""FR"", ""RL""]",FR_RL,"{""FL"": ""TOP"", ""FR"": ""TOP"", ""RL"": ""GROUND"", ""RR"": ""AIR""}"
66.44166666666561,66.44166666666561,1,v003_20260805_224517_157723_manual,54,13,[0],"[""FR"", ""RL""]",FR_RL,"{""FL"": ""AIR"", ""FR"": ""TOP"", ""RL"": ""GROUND"", ""RR"": ""AIR""}"
66.44999999999895,66.48333333333231,5,v003_20260805_224517_157723_manual,54,13,[0],"[""FL"", ""FR"", ""RL""]",FR_RL,"{""FL"": ""TOP"", ""FR"": ""TOP"", ""RL"": ""GROUND"", ""RR"": ""AIR""}"
66.49166666666565,66.49166666666565,1,v003_20260805_224517_157723_manual,54,13,[0],"[""FR"", ""RL""]",FR_RL,"{""FL"": ""AIR"", ""FR"": ""TOP"", ""RL"": ""GROUND"", ""RR"": ""AIR""}"
66.49999999999899,66.49999999999899,1,v003_20260805_224517_157723_manual,54,13,[0],"[""FL"", ""FR"", ""RL""]",FR_RL,"{""FL"": ""TOP"", ""FR"": ""TOP"", ""RL"": ""GROUND"", ""RR"": ""AIR""}"
66.50833333333233,66.50833333333233,1,v003_20260805_224517_157723_manual,54,13,[0],"[""FR"", ""RL""]",FR_RL,"{""FL"": ""TOP"", ""FR"": ""TOP"", ""RL"": ""GROUND"", ""RR"": ""AIR""}"
66.51666666666567,66.53333333333235,3,v003_20260805_224517_157723_manual,54,13,[0],"[""FL"", ""FR"", ""RL""]",FR_RL,"{""FL"": ""TOP"", ""FR"": ""TOP"", ""RL"": ""GROUND"", ""RR"": ""AIR""}"
66.54166666666569,66.54166666666569,1,v003_20260805_224517_157723_manual,54,13,[0],"[""FR"", ""RL""]",FR_RL,"{""FL"": ""AIR"", ""FR"": ""TOP"", ""RL"": ""GROUND"", ""RR"": ""AIR""}"
66.54999999999903,66.58333333333239,5,v003_20260805_224517_157723_manual,54,13,[0],"[""FL"", ""FR"", ""RL""]",FR_RL,"{""FL"": ""TOP"", ""FR"": ""TOP"", ""RL"": ""GROUND"", ""RR"": ""AIR""}"
66.59166666666573,66.59166666666573,1,v003_20260805_224517_157723_manual,54,13,[0],"[""FR"", ""RL""]",FR_RL,"{""FL"": ""AIR"", ""FR"": ""TOP"", ""RL"": ""GROUND"", ""RR"": ""AIR""}"
66.59999999999907,66.63333333333243,5,v003_20260805_224517_157723_manual,54,13,[0],"[""FL"", ""FR"", ""RL""]",FR_RL,"{""FL"": ""TOP"", ""FR"": ""TOP"", ""RL"": ""GROUND"", ""RR"": ""AIR""}"
66.64166666666577,66.64166666666577,1,v003_20260805_224517_157723_manual,54,13,[0],"[""FR"", ""RL""]",FR_RL,"{""FL"": ""AIR"", ""FR"": ""TOP"", ""RL"": ""GROUND"", ""RR"": ""AIR""}"
66.64999999999911,66.68333333333247,5,v003_20260805_224517_157723_manual,54,13,[0],"[""FL"", ""FR"", ""RL""]",FR_RL,"{""FL"": ""TOP"", ""FR"": ""TOP"", ""RL"": ""GROUND"", ""RR"": ""AIR""}"
66.69166666666581,66.69166666666581,1,v003_20260805_224517_157723_manual,54,13,[0],"[""FR"", ""RL""]",FR_RL,"{""FL"": ""AIR"", ""FR"": ""TOP"", ""RL"": ""GROUND"", ""RR"": ""AIR""}"
66.69999999999915,66.74166666666585,6,v003_20260805_224517_157723_manual,54,13,[0],"[""FL"", ""FR"", ""RL""]",FR_RL,"{""FL"": ""TOP"", ""FR"": ""TOP"", ""RL"": ""GROUND"", ""RR"": ""AIR""}"
66.74999999999919,66.74999999999919,1,v003_20260805_224517_157723_manual,54,13,[0],"[""FR"", ""RL""]",FR_RL,"{""FL"": ""AIR"", ""FR"": ""TOP"", ""RL"": ""GROUND"", ""RR"": ""AIR""}"
66.75833333333253,66.78333333333255,4,v003_20260805_224517_157723_manual,54,13,[0],"[""FL"", ""FR"", ""RL""]",FR_RL,"{""FL"": ""TOP"", ""FR"": ""TOP"", ""RL"": ""GROUND"", ""RR"": ""AIR""}"
66.79166666666589,66.79166666666589,1,v003_20260805_224517_157723_manual,54,13,[0],"[""FR"", ""RL""]",FR_RL,"{""FL"": ""AIR"", ""FR"": ""TOP"", ""RL"": ""GROUND"", ""RR"": ""AIR""}"
66.79999999999923,66.84999999999927,7,v003_20260805_224517_157723_manual,54,13,[0],"[""FL"", ""FR"", ""RL""]",FR_RL,"{""FL"": ""TOP"", ""FR"": ""TOP"", ""RL"": ""GROUND"", ""RR"": ""AIR""}"
66.85833333333261,66.85833333333261,1,v003_20260805_224517_157723_manual,54,13,[0],"[""FR"", ""RL""]",FR_RL,"{""FL"": ""AIR"", ""FR"": ""TOP"", ""RL"": ""GROUND"", ""RR"": ""AIR""}"
66.86666666666595,66.89999999999931,5,v003_20260805_224517_157723_manual,54,13,[0],"[""FL"", ""FR"", ""RL""]",FR_RL,"{""FL"": ""TOP"", ""FR"": ""TOP"", ""RL"": ""GROUND"", ""RR"": ""AIR""}"
66.90833333333265,66.90833333333265,1,v003_20260805_224517_157723_manual,54,13,[0],"[""FR"", ""RL""]",FR_RL,"{""FL"": ""AIR"", ""FR"": ""TOP"", ""RL"": ""GROUND"", ""RR"": ""AIR""}"
66.91666666666599,66.99166666666605,10,v003_20260805_224517_157723_manual,54,13,[0],"[""FL"", ""FR"", ""RL""]",FR_RL,"{""FL"": ""TOP"", ""FR"": ""TOP"", ""RL"": ""GROUND"", ""RR"": ""AIR""}"
66.99999999999939,67.00833333333273,2,v003_20260805_224517_157723_manual,54,13,[0],"[""FR"", ""RL""]",FR_RL,"{""FL"": ""AIR"", ""FR"": ""TOP"", ""RL"": ""GROUND"", ""RR"": ""AIR""}"
67.01666666666607,67.03333333333275,3,v003_20260805_224517_157723_manual,54,13,[0],"[""FL"", ""FR"", ""RL""]",FR_RL,"{""FL"": ""TOP"", ""FR"": ""TOP"", ""RL"": ""GROUND"", ""RR"": ""AIR""}"
67.04166666666609,67.04166666666609,1,v003_20260805_224517_157723_manual,54,13,[0],"[""FR"", ""RL""]",FR_RL,"{""FL"": ""AIR"", ""FR"": ""TOP"", ""RL"": ""GROUND"", ""RR"": ""AIR""}"
67.04999999999943,67.04999999999943,1,v003_20260805_224517_157723_manual,54,13,[0],"[""FL"", ""FR"", ""RL""]",FR_RL,"{""FL"": ""TOP"", ""FR"": ""TOP"", ""RL"": ""GROUND"", ""RR"": ""AIR""}"
67.05833333333277,67.05833333333277,1,v003_20260805_224517_157723_manual,54,13,[0],"[""FR"", ""RL""]",FR_RL,"{""FL"": ""AIR"", ""FR"": ""TOP"", ""RL"": ""GROUND"", ""RR"": ""AIR""}"
67.06666666666611,67.06666666666611,1,v003_20260805_224517_157723_manual,54,13,[0],"[""FL"", ""FR"", ""RL""]",FR_RL,"{""FL"": ""TOP"", ""FR"": ""TOP"", ""RL"": ""GROUND"", ""RR"": ""AIR""}"
67.07499999999945,67.07499999999945,1,v003_20260805_224517_157723_manual,54,13,[0],"[""FR"", ""RL""]",FR_RL,"{""FL"": ""AIR"", ""FR"": ""TOP"", ""RL"": ""GROUND"", ""RR"": ""AIR""}"
67.08333333333279,67.09166666666613,2,v003_20260805_224517_157723_manual,54,13,[0],"[""FL"", ""FR"", ""RL""]",FR_RL,"{""FL"": ""TOP"", ""FR"": ""TOP"", ""RL"": ""GROUND"", ""RR"": ""AIR""}"
67.09999999999947,67.10833333333281,2,v003_20260805_224517_157723_manual,54,13,[0],"[""FR"", ""RL""]",FR_RL,"{""FL"": ""AIR"", ""FR"": ""TOP"", ""RL"": ""GROUND"", ""RR"": ""AIR""}"
67.11666666666615,67.15833333333285,6,v003_20260805_224517_157723_manual,54,13,[0],"[""FL"", ""FR"", ""RL""]",FR_RL,"{""FL"": ""TOP"", ""FR"": ""TOP"", ""RL"": ""GROUND"", ""RR"": ""AIR""}"
67.16666666666619,67.16666666666619,1,v003_20260805_224517_157723_manual,54,13,[0],"[""FR"", ""RL""]",FR_RL,"{""FL"": ""AIR"", ""FR"": ""TOP"", ""RL"": ""GROUND"", ""RR"": ""AIR""}"
67.17499999999953,67.18333333333287,2,v003_20260805_224517_157723_manual,54,13,[0],"[""FL"", ""FR"", ""RL""]",FR_RL,"{""FL"": ""TOP"", ""FR"": ""TOP"", ""RL"": ""GROUND"", ""RR"": ""AIR""}"
67.19166666666621,67.19166666666621,1,v003_20260805_224517_157723_manual,54,13,[0],"[""FR"", ""RL""]",FR_RL,"{""FL"": ""AIR"", ""FR"": ""TOP"", ""RL"": ""GROUND"", ""RR"": ""AIR""}"
67.19999999999955,67.21666666666623,3,v003_20260805_224517_157723_manual,54,13,[0],"[""FL"", ""FR"", ""RL""]",FR_RL,"{""FL"": ""TOP"", ""FR"": ""TOP"", ""RL"": ""GROUND"", ""RR"": ""AIR""}"
67.22499999999957,67.22499999999957,1,v003_20260805_224517_157723_manual,54,13,[0],"[""FR"", ""RL""]",FR_RL,"{""FL"": ""AIR"", ""FR"": ""TOP"", ""RL"": ""GROUND"", ""RR"": ""AIR""}"
67.23333333333291,67.24166666666625,2,v003_20260805_224517_157723_manual,54,13,[0],"[""FL"", ""FR"", ""RL""]",FR_RL,"{""FL"": ""TOP"", ""FR"": ""TOP"", ""RL"": ""GROUND"", ""RR"": ""AIR""}"
67.24999999999959,67.24999999999959,1,v003_20260805_224517_157723_manual,54,13,[0],"[""FR"", ""RL""]",FR_RL,"{""FL"": ""AIR"", ""FR"": ""TOP"", ""RL"": ""GROUND"", ""RR"": ""AIR""}"
67.25833333333293,67.4833333333331,28,v003_20260805_224517_157723_manual,54,13,[0],"[""FL"", ""FR"", ""RL""]",FR_RL,"{""FL"": ""TOP"", ""FR"": ""TOP"", ""RL"": ""GROUND"", ""RR"": ""AIR""}"
67.49166666666645,67.49166666666645,1,v003_20260805_224517_157723_manual,54,13,[0],"[""FR"", ""RL""]",FR_RL,"{""FL"": ""AIR"", ""FR"": ""TOP"", ""RL"": ""GROUND"", ""RR"": ""AIR""}"
67.49999999999979,67.53333333333315,5,v003_20260805_224517_157723_manual,54,13,[0],"[""FL"", ""FR"", ""RL""]",FR_RL,"{""FL"": ""TOP"", ""FR"": ""TOP"", ""RL"": ""GROUND"", ""RR"": ""AIR""}"
67.54166666666649,67.54166666666649,1,v003_20260805_224517_157723_manual,54,13,[0],"[""FR"", ""RL""]",FR_RL,"{""FL"": ""AIR"", ""FR"": ""TOP"", ""RL"": ""GROUND"", ""RR"": ""AIR""}"
67.54999999999983,67.67499999999993,16,v003_20260805_224517_157723_manual,54,13,[0],"[""FL"", ""FR"", ""RL""]",FR_RL,"{""FL"": ""TOP"", ""FR"": ""TOP"", ""RL"": ""GROUND"", ""RR"": ""AIR""}"
67.68333333333327,67.68333333333327,1,v003_20260805_224517_157723_manual,54,13,[0],"[""FR"", ""RL""]",FR_RL,"{""FL"": ""AIR"", ""FR"": ""TOP"", ""RL"": ""GROUND"", ""RR"": ""AIR""}"
67.6916666666666,67.97500000000016,35,v003_20260805_224517_157723_manual,54,13,[0],"[""FL"", ""FR"", ""RL""]",FR_RL,"{""FL"": ""TOP"", ""FR"": ""TOP"", ""RL"": ""GROUND"", ""RR"": ""AIR""}"
67.9833333333335,67.9833333333335,1,v003_20260805_224517_157723_manual,54,13,[0],"[""FR"", ""RL""]",FR_RL,"{""FL"": ""AIR"", ""FR"": ""TOP"", ""RL"": ""GROUND"", ""RR"": ""AIR""}"
67.99166666666684,68.00000000000018,2,v003_20260805_224517_157723_manual,54,13,[0],"[""FL"", ""FR"", ""RL""]",FR_RL,"{""FL"": ""TOP"", ""FR"": ""TOP"", ""RL"": ""GROUND"", ""RR"": ""AIR""}"
68.00833333333352,68.00833333333352,1,v003_20260805_224517_157723_manual,54,13,[0],"[""FR"", ""RL""]",FR_RL,"{""FL"": ""AIR"", ""FR"": ""TOP"", ""RL"": ""GROUND"", ""RR"": ""AIR""}"
68.01666666666686,68.04166666666688,4,v003_20260805_224517_157723_manual,54,13,[0],"[""FL"", ""FR"", ""RL""]",FR_RL,"{""FL"": ""TOP"", ""FR"": ""TOP"", ""RL"": ""GROUND"", ""RR"": ""AIR""}"
68.05000000000022,68.05000000000022,1,v003_20260805_224517_157723_manual,54,13,[0],"[""FR"", ""RL""]",FR_RL,"{""FL"": ""AIR"", ""FR"": ""TOP"", ""RL"": ""GROUND"", ""RR"": ""AIR""}"
68.05833333333356,68.07500000000024,3,v003_20260805_224517_157723_manual,54,13,[0],"[""FL"", ""FR"", ""RL""]",FR_RL,"{""FL"": ""TOP"", ""FR"": ""TOP"", ""RL"": ""GROUND"", ""RR"": ""AIR""}"
68.08333333333358,68.08333333333358,1,v003_20260805_224517_157723_manual,54,13,[0],"[""FR"", ""RL""]",FR_RL,"{""FL"": ""AIR"", ""FR"": ""TOP"", ""RL"": ""GROUND"", ""RR"": ""AIR""}"
68.09166666666692,68.09166666666692,1,v003_20260805_224517_157723_manual,54,13,[0],"[""FL"", ""FR"", ""RL""]",FR_RL,"{""FL"": ""TOP"", ""FR"": ""TOP"", ""RL"": ""GROUND"", ""RR"": ""AIR""}"
68.10000000000026,68.10000000000026,1,v003_20260805_224517_157723_manual,54,13,[0],"[""FR"", ""RL""]",FR_RL,"{""FL"": ""AIR"", ""FR"": ""TOP"", ""RL"": ""GROUND"", ""RR"": ""AIR""}"
68.1083333333336,68.12500000000028,3,v003_20260805_224517_157723_manual,54,13,[0],"[""FL"", ""FR"", ""RL""]",FR_RL,"{""FL"": ""TOP"", ""FR"": ""TOP"", ""RL"": ""GROUND"", ""RR"": ""AIR""}"
68.13333333333362,68.13333333333362,1,v003_20260805_224517_157723_manual,54,13,[0],"[""FR"", ""RL""]",FR_RL,"{""FL"": ""AIR"", ""FR"": ""TOP"", ""RL"": ""GROUND"", ""RR"": ""AIR""}"
68.14166666666696,68.14166666666696,1,v003_20260805_224517_157723_manual,54,13,[0],"[""FL"", ""FR"", ""RL""]",FR_RL,"{""FL"": ""TOP"", ""FR"": ""TOP"", ""RL"": ""GROUND"", ""RR"": ""AIR""}"
68.1500000000003,68.1500000000003,1,v003_20260805_224517_157723_manual,54,13,[0],"[""FR"", ""RL""]",FR_RL,"{""FL"": ""AIR"", ""FR"": ""TOP"", ""RL"": ""GROUND"", ""RR"": ""AIR""}"
68.15833333333364,68.17500000000032,3,v003_20260805_224517_157723_manual,54,13,[0],"[""FL"", ""FR"", ""RL""]",FR_RL,"{""FL"": ""TOP"", ""FR"": ""TOP"", ""RL"": ""GROUND"", ""RR"": ""AIR""}"
68.18333333333366,68.18333333333366,1,v003_20260805_224517_157723_manual,54,13,[0],"[""FR"", ""RL""]",FR_RL,"{""FL"": ""AIR"", ""FR"": ""TOP"", ""RL"": ""GROUND"", ""RR"": ""AIR""}"
68.191666666667,68.21666666666702,4,v003_20260805_224517_157723_manual,54,13,[0],"[""FL"", ""FR"", ""RL""]",FR_RL,"{""FL"": ""TOP"", ""FR"": ""TOP"", ""RL"": ""GROUND"", ""RR"": ""AIR""}"
68.22500000000036,68.22500000000036,1,v003_20260805_224517_157723_manual,54,13,[0],"[""FR"", ""RL""]",FR_RL,"{""FL"": ""AIR"", ""FR"": ""TOP"", ""RL"": ""GROUND"", ""RR"": ""AIR""}"
68.2333333333337,68.25000000000038,3,v003_20260805_224517_157723_manual,54,13,[0],"[""FL"", ""FR"", ""RL""]",FR_RL,"{""FL"": ""TOP"", ""FR"": ""TOP"", ""RL"": ""GROUND"", ""RR"": ""AIR""}"
68.25833333333372,68.25833333333372,1,v003_20260805_224517_157723_manual,54,13,[0],"[""FR"", ""RL""]",FR_RL,"{""FL"": ""AIR"", ""FR"": ""TOP"", ""RL"": ""GROUND"", ""RR"": ""AIR""}"
68.26666666666706,68.30833333333376,6,v003_20260805_224517_157723_manual,54,13,[0],"[""FL"", ""FR"", ""RL""]",FR_RL,"{""FL"": ""TOP"", ""FR"": ""TOP"", ""RL"": ""GROUND"", ""RR"": ""AIR""}"
68.3166666666671,68.3166666666671,1,v003_20260805_224517_157723_manual,54,13,[0],"[""FR"", ""RL""]",FR_RL,"{""FL"": ""AIR"", ""FR"": ""TOP"", ""RL"": ""GROUND"", ""RR"": ""AIR""}"
68.32500000000044,68.33333333333378,2,v003_20260805_224517_157723_manual,54,13,[0],"[""FL"", ""FR"", ""RL""]",FR_RL,"{""FL"": ""TOP"", ""FR"": ""TOP"", ""RL"": ""GROUND"", ""RR"": ""AIR""}"
68.34166666666712,68.34166666666712,1,v003_20260805_224517_157723_manual,54,13,[0],"[""FR"", ""RL""]",FR_RL,"{""FL"": ""AIR"", ""FR"": ""TOP"", ""RL"": ""GROUND"", ""RR"": ""AIR""}"
68.35000000000046,68.4833333333339,17,v003_20260805_224517_157723_manual,54,13,[0],"[""FL"", ""FR"", ""RL""]",FR_RL,"{""FL"": ""TOP"", ""FR"": ""TOP"", ""RL"": ""GROUND"", ""RR"": ""AIR""}"
68.49166666666724,68.49166666666724,1,v003_20260805_224517_157723_manual,54,13,[0],"[""FR"", ""RL""]",FR_RL,"{""FL"": ""AIR"", ""FR"": ""TOP"", ""RL"": ""GROUND"", ""RR"": ""AIR""}"
68.50000000000058,68.57500000000064,10,v003_20260805_224517_157723_manual,54,13,[0],"[""FL"", ""FR"", ""RL""]",FR_RL,"{""FL"": ""TOP"", ""FR"": ""TOP"", ""RL"": ""GROUND"", ""RR"": ""AIR""}"
68.58333333333398,68.59166666666732,2,v003_20260805_224517_157723_manual,54,13,[0],"[""FR"", ""RL""]",FR_RL,"{""FL"": ""AIR"", ""FR"": ""TOP"", ""RL"": ""GROUND"", ""RR"": ""AIR""}"
68.60000000000066,68.608333333334,2,v003_20260805_224517_157723_manual,54,13,[0],"[""FL"", ""FR"", ""RL""]",FR_RL,"{""FL"": ""TOP"", ""FR"": ""TOP"", ""RL"": ""GROUND"", ""RR"": ""AIR""}"
68.61666666666734,68.62500000000068,2,v003_20260805_224517_157723_manual,54,13,[0],"[""FR"", ""RL""]",FR_RL,"{""FL"": ""AIR"", ""FR"": ""TOP"", ""RL"": ""GROUND"", ""RR"": ""AIR""}"
68.63333333333402,68.65833333333404,4,v003_20260805_224517_157723_manual,54,13,[0],"[""FL"", ""FR"", ""RL""]",FR_RL,"{""FL"": ""TOP"", ""FR"": ""TOP"", ""RL"": ""GROUND"", ""RR"": ""AIR""}"
68.66666666666738,68.68333333333406,3,v003_20260805_224517_157723_manual,54,13,[0],"[""FR"", ""RL""]",FR_RL,"{""FL"": ""AIR"", ""FR"": ""TOP"", ""RL"": ""GROUND"", ""RR"": ""AIR""}"
68.6916666666674,68.70000000000074,2,v003_20260805_224517_157723_manual,54,13,[0],"[""FL"", ""FR"", ""RL""]",FR_RL,"{""FL"": ""TOP"", ""FR"": ""TOP"", ""RL"": ""GROUND"", ""RR"": ""AIR""}"
68.70833333333408,68.70833333333408,1,v003_20260805_224517_157723_manual,54,13,[0],"[""FR"", ""RL""]",FR_RL,"{""FL"": ""AIR"", ""FR"": ""TOP"", ""RL"": ""GROUND"", ""RR"": ""AIR""}"
68.71666666666742,68.72500000000076,2,v003_20260805_224517_157723_manual,54,13,[0],"[""FL"", ""FR"", ""RL""]",FR_RL,"{""FL"": ""TOP"", ""FR"": ""TOP"", ""RL"": ""GROUND"", ""RR"": ""AIR""}"
68.7333333333341,68.7333333333341,1,v003_20260805_224517_157723_manual,54,13,[0],"[""FR"", ""RL""]",FR_RL,"{""FL"": ""AIR"", ""FR"": ""TOP"", ""RL"": ""GROUND"", ""RR"": ""AIR""}"
68.74166666666744,68.74166666666744,1,v003_20260805_224517_157723_manual,54,13,[0],"[""FL"", ""FR"", ""RL""]",FR_RL,"{""FL"": ""TOP"", ""FR"": ""TOP"", ""RL"": ""GROUND"", ""RR"": ""AIR""}"
68.75000000000078,68.75833333333412,2,v003_20260805_224517_157723_manual,54,13,[0],"[""FR"", ""RL""]",FR_RL,"{""FL"": ""AIR"", ""FR"": ""TOP"", ""RL"": ""GROUND"", ""RR"": ""AIR""}"
68.76666666666746,68.76666666666746,1,v003_20260805_224517_157723_manual,54,13,[0],"[""FL"", ""FR"", ""RL""]",FR_RL,"{""FL"": ""TOP"", ""FR"": ""TOP"", ""RL"": ""GROUND"", ""RR"": ""AIR""}"
68.7750000000008,68.78333333333414,2,v003_20260805_224517_157723_manual,54,13,[0],"[""FR"", ""RL""]",FR_RL,"{""FL"": ""AIR"", ""FR"": ""TOP"", ""RL"": ""GROUND"", ""RR"": ""AIR""}"
68.79166666666748,68.80000000000082,2,v003_20260805_224517_157723_manual,54,13,[0],"[""FL"", ""FR"", ""RL""]",FR_RL,"{""FL"": ""TOP"", ""FR"": ""TOP"", ""RL"": ""GROUND"", ""RR"": ""AIR""}"
68.80833333333416,68.80833333333416,1,v003_20260805_224517_157723_manual,54,13,[0],"[""FR"", ""RL""]",FR_RL,"{""FL"": ""AIR"", ""FR"": ""TOP"", ""RL"": ""GROUND"", ""RR"": ""AIR""}"
68.8166666666675,68.8166666666675,1,v003_20260805_224517_157723_manual,54,13,[0],"[""FL"", ""FR"", ""RL""]",FR_RL,"{""FL"": ""TOP"", ""FR"": ""TOP"", ""RL"": ""GROUND"", ""RR"": ""AIR""}"
68.82500000000084,68.82500000000084,1,v003_20260805_224517_157723_manual,54,13,[0],"[""FR"", ""RL""]",FR_RL,"{""FL"": ""AIR"", ""FR"": ""TOP"", ""RL"": ""GROUND"", ""RR"": ""AIR""}"
68.83333333333418,68.8583333333342,4,v003_20260805_224517_157723_manual,54,13,[0],"[""FL"", ""FR"", ""RL""]",FR_RL,"{""FL"": ""TOP"", ""FR"": ""TOP"", ""RL"": ""GROUND"", ""RR"": ""AIR""}"
68.86666666666754,68.86666666666754,1,v003_20260805_224517_157723_manual,54,13,[0],"[""FR"", ""RL""]",FR_RL,"{""FL"": ""AIR"", ""FR"": ""TOP"", ""RL"": ""GROUND"", ""RR"": ""AIR""}"
68.87500000000088,68.87500000000088,1,v003_20260805_224517_157723_manual,54,13,[0],"[""FL"", ""FR"", ""RL""]",FR_RL,"{""FL"": ""TOP"", ""FR"": ""TOP"", ""RL"": ""GROUND"", ""RR"": ""AIR""}"
68.88333333333422,68.88333333333422,1,v003_20260805_224517_157723_manual,54,13,[0],"[""FR"", ""RL""]",FR_RL,"{""FL"": ""AIR"", ""FR"": ""TOP"", ""RL"": ""GROUND"", ""RR"": ""AIR""}"
68.89166666666756,68.9000000000009,2,v003_20260805_224517_157723_manual,54,13,[0],"[""FL"", ""FR"", ""RL""]",FR_RL,"{""FL"": ""TOP"", ""FR"": ""TOP"", ""RL"": ""GROUND"", ""RR"": ""AIR""}"
68.90833333333424,68.91666666666758,2,v003_20260805_224517_157723_manual,54,13,[0],"[""FR"", ""RL""]",FR_RL,"{""FL"": ""AIR"", ""FR"": ""TOP"", ""RL"": ""GROUND"", ""RR"": ""AIR""}"
68.92500000000092,68.93333333333426,2,v003_20260805_224517_157723_manual,54,13,[0],"[""FL"", ""FR"", ""RL""]",FR_RL,"{""FL"": ""TOP"", ""FR"": ""TOP"", ""RL"": ""GROUND"", ""RR"": ""AIR""}"
68.9416666666676,68.9416666666676,1,v003_20260805_224517_157723_manual,54,13,[0],"[""FR"", ""RL""]",FR_RL,"{""FL"": ""AIR"", ""FR"": ""TOP"", ""RL"": ""GROUND"", ""RR"": ""AIR""}"
68.95000000000094,69.09166666666772,18,v003_20260805_224517_157723_manual,54,13,[0],"[""FL"", ""FR"", ""RL""]",FR_RL,"{""FL"": ""TOP"", ""FR"": ""TOP"", ""RL"": ""GROUND"", ""RR"": ""AIR""}"
69.10000000000106,69.10000000000106,1,v003_20260805_224517_157723_manual,54,13,[0],"[""FR"", ""RL""]",FR_RL,"{""FL"": ""AIR"", ""FR"": ""TOP"", ""RL"": ""GROUND"", ""RR"": ""AIR""}"
69.1083333333344,69.17500000000112,9,v003_20260805_224517_157723_manual,54,13,[0],"[""FL"", ""FR"", ""RL""]",FR_RL,"{""FL"": ""TOP"", ""FR"": ""TOP"", ""RL"": ""GROUND"", ""RR"": ""AIR""}"
69.18333333333446,69.18333333333446,1,v003_20260805_224517_157723_manual,54,13,[0],"[""FR"", ""RL""]",FR_RL,"{""FL"": ""AIR"", ""FR"": ""TOP"", ""RL"": ""GROUND"", ""RR"": ""AIR""}"
69.1916666666678,69.55833333333476,45,v003_20260805_224517_157723_manual,54,13,[0],"[""FL"", ""FR"", ""RL""]",FR_RL,"{""FL"": ""TOP"", ""FR"": ""TOP"", ""RL"": ""GROUND"", ""RR"": ""AIR""}"
69.5666666666681,69.5666666666681,1,v003_20260805_224517_157723_manual,54,13,[0],"[""FR"", ""RL""]",FR_RL,"{""FL"": ""AIR"", ""FR"": ""TOP"", ""RL"": ""GROUND"", ""RR"": ""AIR""}"
69.57500000000144,69.63333333333482,8,v003_20260805_224517_157723_manual,55,13,[1],"[""FL"", ""FR"", ""RL""]",FR_RL,"{""FL"": ""TOP"", ""FR"": ""TOP"", ""RL"": ""GROUND"", ""RR"": ""AIR""}"
69.64166666666816,69.70000000000154,8,v003_20260805_224517_157723_manual,56,14,[0],"[""FL"", ""FR"", ""RL""]",FR_RL,"{""FL"": ""TOP"", ""FR"": ""TOP"", ""RL"": ""GROUND"", ""RR"": ""AIR""}"
69.70833333333488,69.78333333333494,10,v003_20260805_224517_157723_manual,,,[],"[""FL"", ""FR"", ""RL""]",FR_RL,"{""FL"": ""TOP"", ""FR"": ""TOP"", ""RL"": ""GROUND"", ""RR"": ""AIR""}"
69.79166666666828,69.79166666666828,1,v003_20260805_224517_157723_manual,,,[],"[""FR"", ""RL""]",FR_RL,"{""FL"": ""AIR"", ""FR"": ""TOP"", ""RL"": ""GROUND"", ""RR"": ""AIR""}"
69.80000000000162,69.80833333333496,2,v003_20260805_224517_157723_manual,,,[],"[""FL"", ""FR"", ""RL""]",FR_RL,"{""FL"": ""TOP"", ""FR"": ""TOP"", ""RL"": ""GROUND"", ""RR"": ""AIR""}"
69.8166666666683,69.858333333335,6,v003_20260805_224517_157723_manual,,,[],"[""FR"", ""RL""]",FR_RL,"{""FL"": ""AIR"", ""FR"": ""TOP"", ""RL"": ""GROUND"", ""RR"": ""AIR""}"
69.86666666666834,69.86666666666834,1,v003_20260805_224517_157723_manual,,,[],"[""FR"", ""RL"", ""RR""]",FR_RL,"{""FL"": ""AIR"", ""FR"": ""TOP"", ""RL"": ""GROUND"", ""RR"": ""TOP""}"
69.87500000000168,69.89166666666836,3,v003_20260805_224517_157723_manual,,,[],"[""FL"", ""RR""]",FL_RR,"{""FL"": ""TOP"", ""FR"": ""AIR"", ""RL"": ""AIR"", ""RR"": ""TOP""}"
69.9000000000017,70.2333333333353,41,v003_20260805_224517_157723_manual,,,[],"[""FL"", ""RL"", ""RR""]",FL_RR,"{""FL"": ""TOP"", ""FR"": ""AIR"", ""RL"": ""GROUND"", ""RR"": ""TOP""}"
