sim_time_s,sim_step,macro_state,subphase,profile_id,phase_elapsed_s,profile_fraction,command_epoch,base_x_m,base_y_m,base_z_m,base_roll_rad,base_pitch_rad,base_yaw_rad,active_leg,geometry_support_candidate_count,robot_state_finite,joint_limit_violation,stability_state,retry_count,controller_terminal,controller_terminal_outcome
1.5666666666666635,188,,,fsm50-gate-c-successful-recording-profiles-v1,,,,-0.003989968448877335,-0.000993184745311737,0.09901051968336105,-3.8795075004099296e-05,-0.012018071330770567,0.0030498701370338887,,4,True,False,stable,0,False,
1.63333333333333,196,S1_APPROACH_AND_PRE_FR_SHIFT,PRELOAD,v003_20260805_224517_157723_manual:S1_APPROACH_AND_PRE_FR_SHIFT:PRIMARY_PROFILE:segments-0-6,0.04166666666666652,0.0,0,-0.004020538181066513,-0.0009933039546012878,0.09900183975696564,-3.801701551617001e-05,-0.012015386625265804,0.003050028860425154,FR,4,True,False,stable,0,False,RUNNING
1.6999999999999964,204,S1_APPROACH_AND_PRE_FR_SHIFT,PRELOAD,v003_20260805_224517_157723_manual:S1_APPROACH_AND_PRE_FR_SHIFT:PRIMARY_PROFILE:segments-0-6,0.10833333333333295,0.0,1,-0.0039436835795640945,-0.0006723031401634216,0.0982399508357048,-0.0033139410551229257,-0.01576544927764692,0.00310522595212682,FR,4,True,False,recoverable,0,False,RUNNING
1.7666666666666628,212,S1_APPROACH_AND_PRE_FR_SHIFT,PRELOAD,v003_20260805_224517_157723_manual:S1_APPROACH_AND_PRE_FR_SHIFT:PRIMARY_PROFILE:segments-0-6,0.17499999999999938,0.0,1,-0.004597289487719536,0.00016880780458450317,0.09710289537906647,-0.0120023299051195,-0.022893604454547276,0.0032897427760282183,FR,3,True,False,recoverable,0,False,RUNNING
1.8333333333333293,220,S1_APPROACH_AND_PRE_FR_SHIFT,PRELOAD,v003_20260805_224517_157723_manual:S1_APPROACH_AND_PRE_FR_SHIFT:PRIMARY_PROFILE:segments-0-6,0.2416666666666658,0.0,1,-0.005650365725159645,0.0011605918407440186,0.09593204408884048,-0.022355519050627288,-0.030542255090406152,0.003569989044605869,FR,3,True,False,recoverable,0,False,RUNNING
1.8999999999999957,228,S1_APPROACH_AND_PRE_FR_SHIFT,PRELOAD,v003_20260805_224517_157723_manual:S1_APPROACH_AND_PRE_FR_SHIFT:PRIMARY_PROFILE:segments-0-6,0.30833333333333224,0.0,1,-0.006383303552865982,0.0019249841570854187,0.0950721725821495,-0.0304419690475991,-0.03641888443138452,0.0038534757059173505,FR,3,True,False,recoverable,0,False,RUNNING
1.9666666666666621,236,S1_APPROACH_AND_PRE_FR_SHIFT,PRELOAD,v003_20260805_224517_157723_manual:S1_APPROACH_AND_PRE_FR_SHIFT:PRIMARY_PROFILE:segments-0-6,0.37499999999999867,0.14285714285714285,2,-0.007008466869592667,0.0026283785700798035,0.09428341686725616,-0.037942654259963786,-0.041890711093015245,0.0041581023423632795,FR,2,True,False,recoverable,0,False,RUNNING
2.0333333333333288,244,S1_APPROACH_AND_PRE_FR_SHIFT,PRELOAD,v003_20260805_224517_157723_manual:S1_APPROACH_AND_PRE_FR_SHIFT:PRIMARY_PROFILE:segments-0-6,0.4416666666666653,0.14285714285714285,2,-0.0076804012060165405,0.0034186318516731262,0.0933997631072998,-0.04645749088030701,-0.0480747078047295,0.004562568339667156,FR,2,True,False,recoverable,0,False,RUNNING
2.099999999999995,252,S1_APPROACH_AND_PRE_FR_SHIFT,PRELOAD,v003_20260805_224517_157723_manual:S1_APPROACH_AND_PRE_FR_SHIFT:PRIMARY_PROFILE:segments-0-6,0.5083333333333317,0.2857142857142857,3,-0.008390380069613457,0.0042383745312690735,0.09248651564121246,-0.05536450759685245,-0.05452288792799895,0.00503031163106016,FR,2,True,False,recoverable,0,False,RUNNING
2.1666666666666616,260,S1_APPROACH_AND_PRE_FR_SHIFT,PRELOAD,v003_20260805_224517_157723_manual:S1_APPROACH_AND_PRE_FR_SHIFT:PRIMARY_PROFILE:segments-0-6,0.5749999999999982,0.42857142857142855,4,-0.008826056495308876,0.00485122948884964,0.09176541119813919,-0.06213210007600005,-0.05953599426958121,0.005422520497295781,FR,2,True,False,recoverable,0,False,RUNNING
2.233333333333328,268,S1_APPROACH_AND_PRE_FR_SHIFT,PRELOAD,v003_20260805_224517_157723_manual:S1_APPROACH_AND_PRE_FR_SHIFT:PRIMARY_PROFILE:segments-0-6,0.6416666666666646,0.42857142857142855,4,-0.008846305310726166,0.005311362445354462,0.09124813228845596,-0.06722791165953854,-0.06354135995264369,0.005753143050511752,FR,2,True,False,recoverable,0,False,RUNNING
2.2999999999999945,276,S1_APPROACH_AND_PRE_FR_SHIFT,PRELOAD,v003_20260805_224517_157723_manual:S1_APPROACH_AND_PRE_FR_SHIFT:PRIMARY_PROFILE:segments-0-6,0.708333333333331,0.42857142857142855,4,-0.009105304256081581,0.00595768541097641,0.09050853550434113,-0.0744603661598655,-0.06904810082006006,0.006249111035141678,FR,2,True,False,recoverable,0,False,RUNNING
2.366666666666661,284,S1_APPROACH_AND_PRE_FR_SHIFT,PRELOAD,v003_20260805_224517_157723_manual:S1_APPROACH_AND_PRE_FR_SHIFT:PRIMARY_PROFILE:segments-0-6,0.7749999999999975,0.5714285714285714,5,-0.009585004299879074,0.006547704339027405,0.08978090435266495,-0.08117290336482219,-0.07393054825403847,0.006728449934085707,FR,2,True,False,recoverable,0,False,RUNNING
2.4333333333333274,292,S1_APPROACH_AND_PRE_FR_SHIFT,PRELOAD,v003_20260805_224517_157723_manual:S1_APPROACH_AND_PRE_FR_SHIFT:PRIMARY_PROFILE:segments-0-6,0.8416666666666639,0.5714285714285714,5,-0.009861810132861137,0.00704396516084671,0.08917755633592606,-0.08684422347569913,-0.07812329066205766,0.0071630697280960776,FR,2,True,False,recoverable,0,False,RUNNING
2.499999999999994,300,S1_APPROACH_AND_PRE_FR_SHIFT,PRELOAD,v003_20260805_224517_157723_manual:S1_APPROACH_AND_PRE_FR_SHIFT:PRIMARY_PROFILE:segments-0-6,0.9083333333333303,0.5714285714285714,5,-0.010280497372150421,0.007937222719192505,0.08815490454435349,-0.09709657683661514,-0.08587251427274871,0.008025330309733177,FR,2,True,False,recoverable,0,False,RUNNING
2.56666666666666,308,S1_APPROACH_AND_PRE_FR_SHIFT,PRELOAD,v003_20260805_224517_157723_manual:S1_APPROACH_AND_PRE_FR_SHIFT:PRIMARY_PROFILE:segments-0-6,0.9749999999999968,0.5714285714285714,5,-0.011317640542984009,0.009404279291629791,0.08637158572673798,-0.11435072793682294,-0.09865156490040593,0.009637707427335144,FR,2,True,False,recoverable,0,False,RUNNING
2.6333333333333266,316,S1_APPROACH_AND_PRE_FR_SHIFT,PRELOAD,v003_20260805_224517_157723_manual:S1_APPROACH_AND_PRE_FR_SHIFT:PRIMARY_PROFILE:segments-0-6,1.0416666666666632,0.5714285714285714,5,-0.012943487614393234,0.011594146490097046,0.08357623964548111,-0.14094255881928694,-0.1182265203640598,0.012536746411902961,FR,2,True,False,recoverable,0,False,RUNNING
2.699999999999993,324,S1_APPROACH_AND_PRE_FR_SHIFT,PRELOAD,v003_20260805_224517_157723_manual:S1_APPROACH_AND_PRE_FR_SHIFT:PRIMARY_PROFILE:segments-0-6,1.1083333333333296,0.7142857142857143,6,-0.015284694731235504,0.01435212790966034,0.07995966821908951,-0.17533826337031594,-0.142640896887912,0.017215006119495457,FR,3,True,False,recoverable,0,False,RUNNING
2.7666666666666595,332,S1_APPROACH_AND_PRE_FR_SHIFT,PRELOAD,v003_20260805_224517_157723_manual:S1_APPROACH_AND_PRE_FR_SHIFT:PRIMARY_PROFILE:segments-0-6,1.174999999999996,0.7142857142857143,6,-0.015518147498369217,0.014376983046531677,0.07991335541009903,-0.1753286783635779,-0.1423195487957939,0.017358193483060273,FR,3,True,False,recoverable,0,False,RUNNING
2.833333333333326,340,S1_APPROACH_AND_PRE_FR_SHIFT,ADVANCE,v003_20260805_224517_157723_manual:S1_APPROACH_AND_PRE_FR_SHIFT:PRIMARY_PROFILE:segments-0-6,1.2416666666666625,0.8571428571428571,7,-0.01459234207868576,0.01436508446931839,0.07985486835241318,-0.17543397805997504,-0.14225350363628306,0.01724696242988846,FR,3,True,False,recoverable,0,False,RUNNING
2.8999999999999924,348,S1_APPROACH_AND_PRE_FR_SHIFT,ADVANCE,v003_20260805_224517_157723_manual:S1_APPROACH_AND_PRE_FR_SHIFT:PRIMARY_PROFILE:segments-0-6,1.308333333333329,0.8571428571428571,7,-0.013555321842432022,0.014351889491081238,0.07976292073726654,-0.1755481291653412,-0.14227501553355332,0.017121192181883134,FR,3,True,False,recoverable,0,False,RUNNING
2.966666666666659,356,S1_APPROACH_AND_PRE_FR_SHIFT,ADVANCE,v003_20260805_224517_157723_manual:S1_APPROACH_AND_PRE_FR_SHIFT:PRIMARY_PROFILE:segments-0-6,1.3749999999999953,0.8571428571428571,7,-0.01251184567809105,0.014348380267620087,0.07964885979890823,-0.17569652472754513,-0.14228086624757225,0.017067100056924307,FR,3,True,False,recoverable,0,False,RUNNING
3.033333333333325,364,S1_APPROACH_AND_PRE_FR_SHIFT,ADVANCE,v003_20260805_224517_157723_manual:S1_APPROACH_AND_PRE_FR_SHIFT:PRIMARY_PROFILE:segments-0-6,1.4416666666666618,0.8571428571428571,7,-0.011717017740011215,0.014342859387397766,0.07971631735563278,-0.17571879433163104,-0.14264819442539303,0.017021212050933692,FR,3,True,False,recoverable,0,False,RUNNING
3.0999999999999917,372,S1_APPROACH_AND_PRE_FR_SHIFT,ADVANCE,v003_20260805_224517_157723_manual:S1_APPROACH_AND_PRE_FR_SHIFT:PRIMARY_PROFILE:segments-0-6,1.5083333333333282,0.8571428571428571,7,-0.0108795166015625,0.014338314533233643,0.07978689670562744,-0.17571041752766706,-0.14310754550468943,0.016945924516576755,FR,3,True,False,recoverable,0,False,RUNNING
3.166666666666658,380,S1_APPROACH_AND_PRE_FR_SHIFT,ADVANCE,v003_20260805_224517_157723_manual:S1_APPROACH_AND_PRE_FR_SHIFT:PRIMARY_PROFILE:segments-0-6,1.5749999999999946,0.8571428571428571,7,-0.0100129134953022,0.014332383871078491,0.07983743399381638,-0.17577052441019403,-0.14361093398266736,0.01690091335355475,FR,3,True,False,recoverable,0,False,RUNNING
3.2333333333333245,388,S1_APPROACH_AND_PRE_FR_SHIFT,ADVANCE,v003_20260805_224517_157723_manual:S1_APPROACH_AND_PRE_FR_SHIFT:PRIMARY_PROFILE:segments-0-6,1.641666666666661,0.8571428571428571,7,-0.009104352444410324,0.014323964715003967,0.07987629622220993,-0.17582970563463116,-0.1441575420377116,0.01686527578514072,FR,3,True,False,recoverable,0,False,RUNNING
3.299999999999991,396,S1_APPROACH_AND_PRE_FR_SHIFT,ADVANCE,v003_20260805_224517_157723_manual:S1_APPROACH_AND_PRE_FR_SHIFT:PRIMARY_PROFILE:segments-0-6,1.7083333333333275,0.8571428571428571,7,-0.008172523230314255,0.014328330755233765,0.07990322262048721,-0.17581422880885905,-0.14471845919788207,0.016864828813978334,FR,3,True,False,recoverable,0,False,RUNNING
3.3666666666666574,404,S1_APPROACH_AND_PRE_FR_SHIFT,ADVANCE,v003_20260805_224517_157723_manual:S1_APPROACH_AND_PRE_FR_SHIFT:PRIMARY_PROFILE:segments-0-6,1.774999999999994,0.8571428571428571,7,-0.00724116712808609,0.014315925538539886,0.07992789149284363,-0.17595717057073457,-0.14526396478077255,0.016849661676535822,FR,3,True,False,recoverable,0,False,RUNNING
3.433333333333324,412,S1_APPROACH_AND_PRE_FR_SHIFT,ADVANCE,v003_20260805_224517_157723_manual:S1_APPROACH_AND_PRE_FR_SHIFT:PRIMARY_PROFILE:segments-0-6,1.8416666666666603,0.8571428571428571,7,-0.006389893591403961,0.014326609671115875,0.07994814962148666,-0.17637571607258415,-0.14572852903318737,0.016835302208703346,FR,3,True,False,recoverable,0,False,RUNNING
3.4999999999999902,420,S1_APPROACH_AND_PRE_FR_SHIFT,ADVANCE,v003_20260805_224517_157723_manual:S1_APPROACH_AND_PRE_FR_SHIFT:PRIMARY_PROFILE:segments-0-6,1.9083333333333268,0.8571428571428571,7,-0.005506075918674469,0.01432962715625763,0.07994971424341202,-0.1767879572802074,-0.1462063373024759,0.016833641963949406,FR,3,True,False,recoverable,0,False,RUNNING
3.5666666666666567,428,S1_APPROACH_AND_PRE_FR_SHIFT,ADVANCE,v003_20260805_224517_157723_manual:S1_APPROACH_AND_PRE_FR_SHIFT:PRIMARY_PROFILE:segments-0-6,1.9749999999999932,0.8571428571428571,7,-0.00460207462310791,0.014307714998722076,0.0800003632903099,-0.17655993782725993,-0.1462263554840037,0.016812806223288908,FR,3,True,False,recoverable,0,False,RUNNING
3.633333333333323,436,S1_APPROACH_AND_PRE_FR_SHIFT,ADVANCE,v003_20260805_224517_157723_manual:S1_APPROACH_AND_PRE_FR_SHIFT:PRIMARY_PROFILE:segments-0-6,2.04166666666666,0.8571428571428571,7,-0.003646600991487503,0.014227963984012604,0.08007443696260452,-0.1760228198999413,-0.14603189225299565,0.01666837346406044,FR,3,True,False,recoverable,0,False,RUNNING
3.6999999999999895,444,S1_APPROACH_AND_PRE_FR_SHIFT,ADVANCE,v003_20260805_224517_157723_manual:S1_APPROACH_AND_PRE_FR_SHIFT:PRIMARY_PROFILE:segments-0-6,2.1083333333333263,0.8571428571428571,7,-0.002651479095220566,0.014160655438899994,0.08011982589960098,-0.17550282675857296,-0.14585043446590037,0.01660617052527174,FR,3,True,False,recoverable,0,False,RUNNING
3.766666666666656,452,S1_APPROACH_AND_PRE_FR_SHIFT,ADVANCE,v003_20260805_224517_157723_manual:S1_APPROACH_AND_PRE_FR_SHIFT:PRIMARY_PROFILE:segments-0-6,2.1749999999999927,0.8571428571428571,7,-0.001634407788515091,0.01410820335149765,0.08014395087957382,-0.17497843540086125,-0.14568495212716517,0.016444343280966712,FR,3,True,False,recoverable,0,False,RUNNING
3.8333333333333224,460,S1_APPROACH_AND_PRE_FR_SHIFT,ADVANCE,v003_20260805_224517_157723_manual:S1_APPROACH_AND_PRE_FR_SHIFT:PRIMARY_PROFILE:segments-0-6,2.241666666666659,0.8571428571428571,7,-0.0005907975137233734,0.014039397239685059,0.08015948534011841,-0.17446097411545314,-0.14553792277889105,0.016244056929306614,FR,3,True,False,recoverable,0,False,RUNNING
3.899999999999989,468,S1_APPROACH_AND_PRE_FR_SHIFT,ADVANCE,v003_20260805_224517_157723_manual:S1_APPROACH_AND_PRE_FR_SHIFT:PRIMARY_PROFILE:segments-0-6,2.3083333333333256,0.8571428571428571,7,0.00046874210238456726,0.013985008001327515,0.08014723658561707,-0.1739567715053526,-0.14538587748057516,0.016132373568465738,FR,3,True,False,recoverable,0,False,RUNNING
3.9666666666666552,476,S1_APPROACH_AND_PRE_FR_SHIFT,ADVANCE,v003_20260805_224517_157723_manual:S1_APPROACH_AND_PRE_FR_SHIFT:PRIMARY_PROFILE:segments-0-6,2.374999999999992,0.8571428571428571,7,0.0015148892998695374,0.013960972428321838,0.08011794835329056,-0.1733640971078625,-0.1451703859438615,0.016130966893146418,FR,3,True,False,recoverable,0,False,RUNNING
4.0333333333333234,484,S1_APPROACH_AND_PRE_FR_SHIFT,ADVANCE,v003_20260805_224517_157723_manual:S1_APPROACH_AND_PRE_FR_SHIFT:PRIMARY_PROFILE:segments-0-6,2.4416666666666593,0.8571428571428571,7,0.0025706999003887177,0.013938464224338531,0.08005794882774353,-0.1726869768360782,-0.14491960475374185,0.01611453616666596,FR,3,True,False,recoverable,0,False,RUNNING
4.099999999999993,492,S1_APPROACH_AND_PRE_FR_SHIFT,ADVANCE,v003_20260805_224517_157723_manual:S1_APPROACH_AND_PRE_FR_SHIFT:PRIMARY_PROFILE:segments-0-6,2.5083333333333293,0.8571428571428571,7,0.0033786706626415253,0.013961538672447205,0.08004128187894821,-0.17276835440956706,-0.1444201450021346,0.016172560526738215,FR,3,True,False,recoverable,0,False,RUNNING
4.166666666666663,500,S1_APPROACH_AND_PRE_FR_SHIFT,ADVANCE,v003_20260805_224517_157723_manual:S1_APPROACH_AND_PRE_FR_SHIFT:PRIMARY_PROFILE:segments-0-6,2.5749999999999993,0.8571428571428571,7,0.0042787156999111176,0.013993754982948303,0.08000434190034866,-0.172975390359911,-0.1440012557167646,0.016261613823625273,FR,3,True,False,recoverable,0,False,RUNNING
4.233333333333333,508,S1_APPROACH_AND_PRE_FR_SHIFT,ADVANCE,v003_20260805_224517_157723_manual:S1_APPROACH_AND_PRE_FR_SHIFT:PRIMARY_PROFILE:segments-0-6,2.6416666666666693,0.8571428571428571,7,0.005263809114694595,0.01402457058429718,0.07995183765888214,-0.17325542106964456,-0.1436198062534847,0.016325388534053707,FR,3,True,False,recoverable,0,False,RUNNING
4.300000000000003,516,S1_APPROACH_AND_PRE_FR_SHIFT,ADVANCE,v003_20260805_224517_157723_manual:S1_APPROACH_AND_PRE_FR_SHIFT:PRIMARY_PROFILE:segments-0-6,2.7083333333333393,0.8571428571428571,7,0.006283897906541824,0.014050222933292389,0.07986950129270554,-0.1735635376655203,-0.1432653684116259,0.016389754756970475,FR,3,True,False,recoverable,0,False,RUNNING
4.366666666666673,524,S1_APPROACH_AND_PRE_FR_SHIFT,ADVANCE,v003_20260805_224517_157723_manual:S1_APPROACH_AND_PRE_FR_SHIFT:PRIMARY_PROFILE:segments-0-6,2.7750000000000092,0.8571428571428571,7,0.007330387830734253,0.014081090688705444,0.07976289838552475,-0.17389637179507927,-0.14290291371110028,0.016475557639241082,FR,3,True,False,recoverable,0,False,RUNNING
4.433333333333343,532,S1_APPROACH_AND_PRE_FR_SHIFT,ADVANCE,v003_20260805_224517_157723_manual:S1_APPROACH_AND_PRE_FR_SHIFT:PRIMARY_PROFILE:segments-0-6,2.841666666666679,0.8571428571428571,7,0.008398782461881638,0.014107264578342438,0.07963526248931885,-0.17423081514774755,-0.14253254955257805,0.016552598405889005,FR,3,True,False,recoverable,0,False,RUNNING
4.500000000000013,540,S1_APPROACH_AND_PRE_FR_SHIFT,ADVANCE,v003_20260805_224517_157723_manual:S1_APPROACH_AND_PRE_FR_SHIFT:PRIMARY_PROFILE:segments-0-6,2.908333333333349,0.8571428571428571,7,0.009230848401784897,0.014120101928710938,0.0796666145324707,-0.17445209208205198,-0.14251285641328404,0.016585331530736457,FR,3,True,False,recoverable,0,False,RUNNING
4.566666666666683,548,S1_APPROACH_AND_PRE_FR_SHIFT,ADVANCE,v003_20260805_224517_157723_manual:S1_APPROACH_AND_PRE_FR_SHIFT:PRIMARY_PROFILE:segments-0-6,2.975000000000019,0.8571428571428571,7,0.009991466999053955,0.014136791229248047,0.07977639883756638,-0.17471890066911105,-0.1427249982157547,0.01662318504682847,FR,3,True,False,recoverable,0,False,RUNNING
4.633333333333353,556,S1_APPROACH_AND_PRE_FR_SHIFT,ADVANCE,v003_20260805_224517_157723_manual:S1_APPROACH_AND_PRE_FR_SHIFT:PRIMARY_PROFILE:segments-0-6,3.041666666666689,0.8571428571428571,7,0.010811056941747665,0.014149889349937439,0.07987325638532639,-0.17495779712900994,-0.14300310063054766,0.01666923699070076,FR,3,True,False,recoverable,0,False,RUNNING
4.700000000000023,564,S1_APPROACH_AND_PRE_FR_SHIFT,ADVANCE,v003_20260805_224517_157723_manual:S1_APPROACH_AND_PRE_FR_SHIFT:PRIMARY_PROFILE:segments-0-6,3.108333333333359,0.8571428571428571,7,0.011673839762806892,0.01416245847940445,0.07995864003896713,-0.17525084528966023,-0.143330291469739,0.016727858209793157,FR,3,True,False,recoverable,0,False,RUNNING
4.766666666666693,572,S1_APPROACH_AND_PRE_FR_SHIFT,ADVANCE,v003_20260805_224517_157723_manual:S1_APPROACH_AND_PRE_FR_SHIFT:PRIMARY_PROFILE:segments-0-6,3.175000000000029,0.8571428571428571,7,0.012556049972772598,0.014178179204463959,0.08003006875514984,-0.17557282333716615,-0.14367555469559026,0.0167758037004131,FR,3,True,False,recoverable,0,False,RUNNING
4.833333333333363,580,S1_APPROACH_AND_PRE_FR_SHIFT,ADVANCE,v003_20260805_224517_157723_manual:S1_APPROACH_AND_PRE_FR_SHIFT:PRIMARY_PROFILE:segments-0-6,3.241666666666699,0.8571428571428571,7,0.013439279049634933,0.014187492430210114,0.0800834447145462,-0.1759210180291016,-0.14402156432667354,0.01683263525011243,FR,3,True,False,recoverable,0,False,RUNNING
4.900000000000033,588,S1_APPROACH_AND_PRE_FR_SHIFT,ADVANCE,v003_20260805_224517_157723_manual:S1_APPROACH_AND_PRE_FR_SHIFT:PRIMARY_PROFILE:segments-0-6,3.308333333333369,0.8571428571428571,7,0.01437205821275711,0.014212876558303833,0.08011826127767563,-0.1762661310260661,-0.14443417455972765,0.016853664805077335,FR,3,True,False,recoverable,0,False,RUNNING
4.966666666666703,596,S1_APPROACH_AND_PRE_FR_SHIFT,ADVANCE,v003_20260805_224517_157723_manual:S1_APPROACH_AND_PRE_FR_SHIFT:PRIMARY_PROFILE:segments-0-6,3.375000000000039,0.8571428571428571,7,0.01531202718615532,0.014235951006412506,0.08013297617435455,-0.17662002015814213,-0.14485468657435188,0.016854825976226166,FR,3,True,False,recoverable,0,False,RUNNING
5.033333333333373,604,S1_APPROACH_AND_PRE_FR_SHIFT,ADVANCE,v003_20260805_224517_157723_manual:S1_APPROACH_AND_PRE_FR_SHIFT:PRIMARY_PROFILE:segments-0-6,3.441666666666709,0.8571428571428571,7,0.016268068924546242,0.014255233108997345,0.08012855798006058,-0.1770379398910806,-0.14527714401094122,0.01684603297211991,FR,3,True,False,recoverable,0,False,RUNNING
5.100000000000043,612,S1_APPROACH_AND_PRE_FR_SHIFT,ADVANCE,v003_20260805_224517_157723_manual:S1_APPROACH_AND_PRE_FR_SHIFT:PRIMARY_PROFILE:segments-0-6,3.508333333333379,0.8571428571428571,7,0.017246553674340248,0.014271259307861328,0.08011095225811005,-0.1774481220563993,-0.1457035376217643,0.01686248553071338,FR,3,True,False,recoverable,0,False,RUNNING
5.166666666666713,620,S1_APPROACH_AND_PRE_FR_SHIFT,ADVANCE,v003_20260805_224517_157723_manual:S1_APPROACH_AND_PRE_FR_SHIFT:PRIMARY_PROFILE:segments-0-6,3.575000000000049,0.8571428571428571,7,0.01822923682630062,0.014284178614616394,0.08006345480680466,-0.17786886191235837,-0.14613776143655544,0.01689043222990977,FR,3,True,False,recoverable,0,False,RUNNING
5.233333333333383,628,S1_APPROACH_AND_PRE_FR_SHIFT,ADVANCE,v003_20260805_224517_157723_manual:S1_APPROACH_AND_PRE_FR_SHIFT:PRIMARY_PROFILE:segments-0-6,3.641666666666719,0.8571428571428571,7,0.019218260422348976,0.014308013021945953,0.07999320328235626,-0.17823319108555888,-0.14654696336127243,0.01689564034644849,FR,3,True,False,recoverable,0,False,RUNNING
5.300000000000053,636,S1_APPROACH_AND_PRE_FR_SHIFT,ADVANCE,v003_20260805_224517_157723_manual:S1_APPROACH_AND_PRE_FR_SHIFT:PRIMARY_PROFILE:segments-0-6,3.708333333333389,0.8571428571428571,7,0.020195763558149338,0.014346189796924591,0.07990337908267975,-0.1786338896248135,-0.14693296675988804,0.016946327542219888,FR,3,True,False,recoverable,0,False,RUNNING
5.366666666666723,644,S1_APPROACH_AND_PRE_FR_SHIFT,ADVANCE,v003_20260805_224517_157723_manual:S1_APPROACH_AND_PRE_FR_SHIFT:PRIMARY_PROFILE:segments-0-6,3.775000000000059,0.8571428571428571,7,0.021174665540456772,0.01436353474855423,0.07981947064399719,-0.178786352092263,-0.14711103241348847,0.01697015049965816,FR,3,True,False,recoverable,0,False,RUNNING
5.433333333333393,652,S1_APPROACH_AND_PRE_FR_SHIFT,ADVANCE,v003_20260805_224517_157723_manual:S1_APPROACH_AND_PRE_FR_SHIFT:PRIMARY_PROFILE:segments-0-6,3.841666666666729,0.8571428571428571,7,0.022245949134230614,0.014311417937278748,0.07977771013975143,-0.17824482116341067,-0.1468436965243167,0.016932303813961883,FR,3,True,False,recoverable,0,False,RUNNING
5.500000000000063,660,S1_APPROACH_AND_PRE_FR_SHIFT,ADVANCE,v003_20260805_224517_157723_manual:S1_APPROACH_AND_PRE_FR_SHIFT:PRIMARY_PROFILE:segments-0-6,3.908333333333399,0.8571428571428571,7,0.02333703637123108,0.014304481446743011,0.07972127199172974,-0.17764001230014329,-0.1466247019451336,0.017043659941619636,FR,3,True,False,recoverable,0,False,RUNNING
5.566666666666733,668,S1_APPROACH_AND_PRE_FR_SHIFT,ADVANCE,v003_20260805_224517_157723_manual:S1_APPROACH_AND_PRE_FR_SHIFT:PRIMARY_PROFILE:segments-0-6,3.975000000000069,0.8571428571428571,7,0.02445116825401783,0.014269381761550903,0.07962916046380997,-0.17700177250342303,-0.14635003411063863,0.01703451697234428,FR,3,True,False,recoverable,0,False,RUNNING
5.633333333333403,676,S1_APPROACH_AND_PRE_FR_SHIFT,ADVANCE,v003_20260805_224517_157723_manual:S1_APPROACH_AND_PRE_FR_SHIFT:PRIMARY_PROFILE:segments-0-6,4.041666666666739,0.8571428571428571,7,0.025578796863555908,0.014213807880878448,0.07950793206691742,-0.1764688153560615,-0.14605679038611924,0.016948353525840704,FR,3,True,False,recoverable,0,False,RUNNING
5.700000000000073,684,S1_APPROACH_AND_PRE_FR_SHIFT,ADVANCE,v003_20260805_224517_157723_manual:S1_APPROACH_AND_PRE_FR_SHIFT:PRIMARY_PROFILE:segments-0-6,4.108333333333409,0.8571428571428571,7,0.026724757626652718,0.014157809317111969,0.07935871183872223,-0.17596474691820177,-0.14574453392578537,0.01687497130606271,FR,3,True,False,recoverable,0,False,RUNNING
5.766666666666743,692,S1_APPROACH_AND_PRE_FR_SHIFT,ADVANCE,v003_20260805_224517_157723_manual:S1_APPROACH_AND_PRE_FR_SHIFT:PRIMARY_PROFILE:segments-0-6,4.175000000000079,0.8571428571428571,7,0.027792925015091896,0.014119289815425873,0.07921933382749557,-0.1756412316811904,-0.14527240056773177,0.016810380526930797,FR,3,True,False,recoverable,0,False,RUNNING
5.833333333333413,700,S1_APPROACH_AND_PRE_FR_SHIFT,ADVANCE,v003_20260805_224517_157723_manual:S1_APPROACH_AND_PRE_FR_SHIFT:PRIMARY_PROFILE:segments-0-6,4.241666666666749,0.8571428571428571,7,0.028688903898000717,0.014129973948001862,0.07911532372236252,-0.17601765304838302,-0.1446798745274559,0.01679929102127648,FR,3,True,False,recoverable,0,False,RUNNING
5.900000000000083,708,S1_APPROACH_AND_PRE_FR_SHIFT,ADVANCE,v003_20260805_224517_157723_manual:S1_APPROACH_AND_PRE_FR_SHIFT:PRIMARY_PROFILE:segments-0-6,4.308333333333419,0.8571428571428571,7,0.02938983589410782,0.014139093458652496,0.07917600125074387,-0.1762777068243844,-0.14454675291499236,0.01676795369459019,FR,3,True,False,recoverable,0,False,RUNNING
5.966666666666753,716,S1_APPROACH_AND_PRE_FR_SHIFT,ADVANCE,v003_20260805_224517_157723_manual:S1_APPROACH_AND_PRE_FR_SHIFT:PRIMARY_PROFILE:segments-0-6,4.375000000000089,0.8571428571428571,7,0.030077703297138214,0.01414751261472702,0.07929286360740662,-0.17648106592708399,-0.14462445974442792,0.016749969706193153,FR,3,True,False,recoverable,0,False,RUNNING
6.033333333333423,724,S1_APPROACH_AND_PRE_FR_SHIFT,ADVANCE,v003_20260805_224517_157723_manual:S1_APPROACH_AND_PRE_FR_SHIFT:PRIMARY_PROFILE:segments-0-6,4.441666666666759,0.8571428571428571,7,0.030858153477311134,0.014157839119434357,0.07940027117729187,-0.1767918300714388,-0.14482320237656313,0.01675117265999098,FR,3,True,False,recoverable,0,False,RUNNING
6.100000000000093,732,S1_APPROACH_AND_PRE_FR_SHIFT,ADVANCE,v003_20260805_224517_157723_manual:S1_APPROACH_AND_PRE_FR_SHIFT:PRIMARY_PROFILE:segments-0-6,4.508333333333429,0.8571428571428571,7,0.03168259188532829,0.014170229434967041,0.07949698716402054,-0.17711952813676196,-0.14506986211348338,0.0167849235590904,FR,3,True,False,recoverable,0,False,RUNNING
6.166666666666763,740,S1_APPROACH_AND_PRE_FR_SHIFT,ADVANCE,v003_20260805_224517_157723_manual:S1_APPROACH_AND_PRE_FR_SHIFT:PRIMARY_PROFILE:segments-0-6,4.575000000000099,0.8571428571428571,7,0.0325179286301136,0.01417599618434906,0.07957886159420013,-0.17743051448893857,-0.14533140698697114,0.016795973054819613,FR,3,True,False,recoverable,0,False,RUNNING
6.233333333333433,748,S1_APPROACH_AND_PRE_FR_SHIFT,ADVANCE,v003_20260805_224517_157723_manual:S1_APPROACH_AND_PRE_FR_SHIFT:PRIMARY_PROFILE:segments-0-6,4.641666666666769,0.8571428571428571,7,0.03336295485496521,0.014160916209220886,0.07968037575483322,-0.17747092314973398,-0.14536318383486732,0.01676539599483244,FR,3,True,False,recoverable,0,False,RUNNING
6.300000000000103,756,S1_APPROACH_AND_PRE_FR_SHIFT,ADVANCE,v003_20260805_224517_157723_manual:S1_APPROACH_AND_PRE_FR_SHIFT:PRIMARY_PROFILE:segments-0-6,4.708333333333439,0.8571428571428571,7,0.03425665572285652,0.014115206897258759,0.0798049345612526,-0.17719873434295275,-0.14518750854412638,0.016691186403476454,FR,3,True,False,recoverable,0,False,RUNNING
6.366666666666773,764,S1_APPROACH_AND_PRE_FR_SHIFT,ADVANCE,v003_20260805_224517_157723_manual:S1_APPROACH_AND_PRE_FR_SHIFT:PRIMARY_PROFILE:segments-0-6,4.775000000000109,0.8571428571428571,7,0.035172730684280396,0.014069721102714539,0.07991476356983185,-0.17695215542330325,-0.14503404630416022,0.016614467439281466,FR,3,True,False,recoverable,0,False,RUNNING
6.433333333333443,772,S1_APPROACH_AND_PRE_FR_SHIFT,ADVANCE,v003_20260805_224517_157723_manual:S1_APPROACH_AND_PRE_FR_SHIFT:PRIMARY_PROFILE:segments-0-6,4.841666666666779,0.8571428571428571,7,0.036121830344200134,0.014031365513801575,0.0800076425075531,-0.17673119856391847,-0.1449308529250854,0.016533171933948664,FR,3,True,False,recoverable,0,False,RUNNING
6.500000000000113,780,S1_APPROACH_AND_PRE_FR_SHIFT,ADVANCE,v003_20260805_224517_157723_manual:S1_APPROACH_AND_PRE_FR_SHIFT:PRIMARY_PROFILE:segments-0-6,4.908333333333449,0.8571428571428571,7,0.03708788380026817,0.013991348445415497,0.08008266240358353,-0.17650539526620904,-0.14483896666716367,0.016440532789919683,FR,3,True,False,recoverable,0,False,RUNNING
6.566666666666783,788,S1_APPROACH_AND_PRE_FR_SHIFT,ADVANCE,v003_20260805_224517_157723_manual:S1_APPROACH_AND_PRE_FR_SHIFT:PRIMARY_PROFILE:segments-0-6,4.975000000000119,0.8571428571428571,7,0.03806254640221596,0.013950906693935394,0.08014386147260666,-0.17631133982809488,-0.14472779183504292,0.016342783476976815,FR,3,True,False,recoverable,0,False,RUNNING
6.633333333333453,796,S1_APPROACH_AND_PRE_FR_SHIFT,ADVANCE,v003_20260805_224517_157723_manual:S1_APPROACH_AND_PRE_FR_SHIFT:PRIMARY_PROFILE:segments-0-6,5.041666666666789,0.8571428571428571,7,0.039060674607753754,0.01390327513217926,0.0801859200000763,-0.17620655597689291,-0.14462829340606606,0.01626010110030004,FR,3,True,False,recoverable,0,False,RUNNING
6.700000000000123,804,S1_APPROACH_AND_PRE_FR_SHIFT,ADVANCE,v003_20260805_224517_157723_manual:S1_APPROACH_AND_PRE_FR_SHIFT:PRIMARY_PROFILE:segments-0-6,5.108333333333459,0.8571428571428571,7,0.04006536677479744,0.013859868049621582,0.08020878583192825,-0.1760086300794806,-0.14449160241928855,0.016159543215444824,FR,3,True,False,recoverable,0,False,RUNNING
6.766666666666793,812,S1_APPROACH_AND_PRE_FR_SHIFT,ADVANCE,v003_20260805_224517_157723_manual:S1_APPROACH_AND_PRE_FR_SHIFT:PRIMARY_PROFILE:segments-0-6,5.175000000000129,0.8571428571428571,7,0.04108363762497902,0.013828016817569733,0.08020948618650436,-0.17582148968859004,-0.14434772117221847,0.016147374137485685,FR,3,True,False,recoverable,0,False,RUNNING
6.833333333333463,820,S1_APPROACH_AND_PRE_FR_SHIFT,ADVANCE,v003_20260805_224517_157723_manual:S1_APPROACH_AND_PRE_FR_SHIFT:PRIMARY_PROFILE:segments-0-6,5.241666666666799,0.8571428571428571,7,0.04211469367146492,0.013819888234138489,0.08018530905246735,-0.17560325560529785,-0.14420392026527168,0.016162461846432274,FR,3,True,False,recoverable,0,False,RUNNING
6.900000000000133,828,S1_APPROACH_AND_PRE_FR_SHIFT,ADVANCE,v003_20260805_224517_157723_manual:S1_APPROACH_AND_PRE_FR_SHIFT:PRIMARY_PROFILE:segments-0-6,5.308333333333469,0.8571428571428571,7,0.04316449537873268,0.013813532888889313,0.08013644069433212,-0.17537232133145386,-0.1440404897704816,0.016157271031730067,FR,3,True,False,recoverable,0,False,RUNNING
6.966666666666803,836,S1_APPROACH_AND_PRE_FR_SHIFT,ADVANCE,v003_20260805_224517_157723_manual:S1_APPROACH_AND_PRE_FR_SHIFT:PRIMARY_PROFILE:segments-0-6,5.3750000000001386,0.8571428571428571,7,0.044243305921554565,0.013807468116283417,0.08006098866462708,-0.17519443987912087,-0.1438904350074933,0.016152541955681953,FR,3,True,False,recoverable,0,False,RUNNING
7.033333333333473,844,S1_APPROACH_AND_PRE_FR_SHIFT,ADVANCE,v003_20260805_224517_157723_manual:S1_APPROACH_AND_PRE_FR_SHIFT:PRIMARY_PROFILE:segments-0-6,5.4416666666668085,0.8571428571428571,7,0.04534588381648064,0.013793796300888062,0.07996320724487305,-0.17499791619460664,-0.14371879217522474,0.016136275941305425,FR,3,True,False,recoverable,0,False,RUNNING
7.100000000000143,852,S1_APPROACH_AND_PRE_FR_SHIFT,ADVANCE,v003_20260805_224517_157723_manual:S1_APPROACH_AND_PRE_FR_SHIFT:PRIMARY_PROFILE:segments-0-6,5.5083333333334785,0.8571428571428571,7,0.04646947234869003,0.01378149539232254,0.07983476668596268,-0.17478032927238923,-0.143536198653685,0.016134845036370457,FR,3,True,False,recoverable,0,False,RUNNING
7.166666666666813,860,S1_APPROACH_AND_PRE_FR_SHIFT,ADVANCE,v003_20260805_224517_157723_manual:S1_APPROACH_AND_PRE_FR_SHIFT:PRIMARY_PROFILE:segments-0-6,5.5750000000001485,0.8571428571428571,7,0.04760909080505371,0.013757094740867615,0.0796748697757721,-0.17454750729356153,-0.14334199956596783,0.01614206526791217,FR,3,True,False,recoverable,0,False,RUNNING
7.233333333333483,868,S1_APPROACH_AND_PRE_FR_SHIFT,ADVANCE,v003_20260805_224517_157723_manual:S1_APPROACH_AND_PRE_FR_SHIFT:PRIMARY_PROFILE:segments-0-6,5.6416666666668185,0.8571428571428571,7,0.04877958819270134,0.013737231492996216,0.07948990911245346,-0.1743130947474023,-0.14313573699841065,0.016119357594624503,FR,3,True,False,recoverable,0,False,RUNNING
7.300000000000153,876,S1_APPROACH_AND_PRE_FR_SHIFT,ADVANCE,v003_20260805_224517_157723_manual:S1_APPROACH_AND_PRE_FR_SHIFT:PRIMARY_PROFILE:segments-0-6,5.7083333333334885,0.8571428571428571,7,0.049965716898441315,0.013708315789699554,0.07926876842975616,-0.1740408591078588,-0.14290675591617175,0.016131092365323133,FR,3,True,False,recoverable,0,False,RUNNING
7.366666666666823,884,S1_APPROACH_AND_PRE_FR_SHIFT,ADVANCE,v003_20260805_224517_157723_manual:S1_APPROACH_AND_PRE_FR_SHIFT:PRIMARY_PROFILE:segments-0-6,5.7750000000001585,0.8571428571428571,7,0.05088011547923088,0.013720527291297913,0.07917280495166779,-0.17433241647295983,-0.14259146084457672,0.01612671344321797,FR,3,True,False,recoverable,0,False,RUNNING
7.4333333333334926,892,S1_APPROACH_AND_PRE_FR_SHIFT,ADVANCE,v003_20260805_224517_157723_manual:S1_APPROACH_AND_PRE_FR_SHIFT:PRIMARY_PROFILE:segments-0-6,5.841666666666828,0.8571428571428571,7,0.05160064995288849,0.01374044269323349,0.07921203970909119,-0.1747599112447004,-0.14254276291186618,0.01611258489532702,FR,3,True,False,recoverable,0,False,RUNNING
7.5000000000001625,900,S1_APPROACH_AND_PRE_FR_SHIFT,ADVANCE,v003_20260805_224517_157723_manual:S1_APPROACH_AND_PRE_FR_SHIFT:PRIMARY_PROFILE:segments-0-6,5.908333333333498,0.8571428571428571,7,0.05242609977722168,0.013773500919342041,0.07922782003879547,-0.1752461660084975,-0.14264186042152274,0.016134802913684427,FR,3,True,False,recoverable,0,False,RUNNING
7.5666666666668325,908,S1_APPROACH_AND_PRE_FR_SHIFT,ADVANCE,v003_20260805_224517_157723_manual:S1_APPROACH_AND_PRE_FR_SHIFT:PRIMARY_PROFILE:segments-0-6,5.975000000000168,0.8571428571428571,7,0.053319089114665985,0.013800449669361115,0.07922786474227905,-0.17579523219683482,-0.14280150881529466,0.016164735310411234,FR,3,True,False,recoverable,0,False,RUNNING
7.6333333333335025,916,S1_APPROACH_AND_PRE_FR_SHIFT,ADVANCE,v003_20260805_224517_157723_manual:S1_APPROACH_AND_PRE_FR_SHIFT:PRIMARY_PROFILE:segments-0-6,6.041666666666838,0.8571428571428571,7,0.0542665496468544,0.013821080327033997,0.07920505106449127,-0.17640049843060773,-0.1430212735333172,0.016231628326966948,FR,3,True,False,recoverable,0,False,RUNNING
7.7000000000001725,924,S1_APPROACH_AND_PRE_FR_SHIFT,ADVANCE,v003_20260805_224517_157723_manual:S1_APPROACH_AND_PRE_FR_SHIFT:PRIMARY_PROFILE:segments-0-6,6.108333333333508,0.8571428571428571,7,0.055231884121894836,0.013839773833751678,0.07916104793548584,-0.17697766920977778,-0.14324408126228644,0.016271642385548422,FR,3,True,False,recoverable,0,False,RUNNING
7.7666666666668425,932,S1_APPROACH_AND_PRE_FR_SHIFT,ADVANCE,v003_20260805_224517_157723_manual:S1_APPROACH_AND_PRE_FR_SHIFT:PRIMARY_PROFILE:segments-0-6,6.175000000000178,0.8571428571428571,7,0.056178078055381775,0.013834968209266663,0.07912010699510574,-0.17739710007300732,-0.14326164837519692,0.016314297771979683,FR,3,True,False,recoverable,0,False,RUNNING
7.8333333333335124,940,S1_APPROACH_AND_PRE_FR_SHIFT,ADVANCE,v003_20260805_224517_157723_manual:S1_APPROACH_AND_PRE_FR_SHIFT:PRIMARY_PROFILE:segments-0-6,6.241666666666848,0.8571428571428571,7,0.05716649442911148,0.013787142932415009,0.07912857830524445,-0.17715632419816457,-0.14281629758386905,0.01627915635915222,FR,3,True,False,recoverable,0,False,RUNNING
7.900000000000182,948,S1_APPROACH_AND_PRE_FR_SHIFT,ADVANCE,v003_20260805_224517_157723_manual:S1_APPROACH_AND_PRE_FR_SHIFT:PRIMARY_PROFILE:segments-0-6,6.308333333333518,0.8571428571428571,7,0.05789133906364441,0.013762041926383972,0.0792878046631813,-0.17688656876915093,-0.14273894164357073,0.016261195861098292,FR,3,True,False,recoverable,0,False,RUNNING
7.966666666666852,956,S1_APPROACH_AND_PRE_FR_SHIFT,ADVANCE,v003_20260805_224517_157723_manual:S1_APPROACH_AND_PRE_FR_SHIFT:PRIMARY_PROFILE:segments-0-6,6.375000000000188,0.8571428571428571,7,0.05868111550807953,0.01374489814043045,0.07945120334625244,-0.17664638957974058,-0.1427744598091348,0.016240842417955023,FR,3,True,False,recoverable,0,False,RUNNING
8.033333333333518,964,S1_APPROACH_AND_PRE_FR_SHIFT,ADVANCE,v003_20260805_224517_157723_manual:S1_APPROACH_AND_PRE_FR_SHIFT:PRIMARY_PROFILE:segments-0-6,6.441666666666855,0.8571428571428571,7,0.05950469896197319,0.013719595968723297,0.07959655672311783,-0.17642413368788187,-0.14284979154156904,0.016233533159535976,FR,3,True,False,recoverable,0,False,RUNNING
8.10000000000018,972,S1_APPROACH_AND_PRE_FR_SHIFT,ADVANCE,v003_20260805_224517_157723_manual:S1_APPROACH_AND_PRE_FR_SHIFT:PRIMARY_PROFILE:segments-0-6,6.508333333333518,0.8571428571428571,7,0.06034865230321884,0.013692803680896759,0.07973340153694153,-0.17611871731965387,-0.14293547916930774,0.016238047585353216,FR,3,True,False,recoverable,0,False,RUNNING
8.166666666666844,980,S1_APPROACH_AND_PRE_FR_SHIFT,ADVANCE,v003_20260805_224517_157723_manual:S1_APPROACH_AND_PRE_FR_SHIFT:PRIMARY_PROFILE:segments-0-6,6.5750000000001805,0.8571428571428571,7,0.06126713007688522,0.013662442564964294,0.07985223829746246,-0.1759096184268409,-0.14312174747892992,0.01627815457460879,FR,3,True,False,recoverable,0,False,RUNNING
8.233333333333507,988,S1_APPROACH_AND_PRE_FR_SHIFT,ADVANCE,v003_20260805_224517_157723_manual:S1_APPROACH_AND_PRE_FR_SHIFT:PRIMARY_PROFILE:segments-0-6,6.641666666666843,0.8571428571428571,7,0.062182024121284485,0.013631440699100494,0.07995636016130447,-0.17565373519173164,-0.14327906207485597,0.016284104688752042,FR,3,True,False,recoverable,0,False,RUNNING
8.30000000000017,996,S1_APPROACH_AND_PRE_FR_SHIFT,ADVANCE,v003_20260805_224517_157723_manual:S1_APPROACH_AND_PRE_FR_SHIFT:PRIMARY_PROFILE:segments-0-6,6.708333333333506,0.8571428571428571,7,0.0631130039691925,0.013609834015369415,0.08004528284072876,-0.17538044421927976,-0.14344477624152416,0.016237003397805014,FR,3,True,False,recoverable,0,False,RUNNING
8.366666666666832,1004,S1_APPROACH_AND_PRE_FR_SHIFT,ADVANCE,v003_20260805_224517_157723_manual:S1_APPROACH_AND_PRE_FR_SHIFT:PRIMARY_PROFILE:segments-0-6,6.775000000000169,0.8571428571428571,7,0.06406523287296295,0.013589628040790558,0.08011705428361893,-0.17510586789897808,-0.1436217236629488,0.01617141657049473,FR,3,True,False,recoverable,0,False,RUNNING
8.433333333333495,1012,S1_APPROACH_AND_PRE_FR_SHIFT,ADVANCE,v003_20260805_224517_157723_manual:S1_APPROACH_AND_PRE_FR_SHIFT:PRIMARY_PROFILE:segments-0-6,6.841666666666832,0.8571428571428571,7,0.06502674520015717,0.013576284050941467,0.08017624914646149,-0.17489139099976125,-0.14378848402905217,0.016084822064937006,FR,3,True,False,recoverable,0,False,RUNNING
8.500000000000158,1020,S1_APPROACH_AND_PRE_FR_SHIFT,ADVANCE,v003_20260805_224517_157723_manual:S1_APPROACH_AND_PRE_FR_SHIFT:PRIMARY_PROFILE:segments-0-6,6.908333333333495,0.8571428571428571,7,0.06601673364639282,0.013558022677898407,0.08021649718284607,-0.17464457429331806,-0.14396824219020815,0.015991432897160263,FR,3,True,False,recoverable,0,False,RUNNING
8.566666666666821,1028,S1_APPROACH_AND_PRE_FR_SHIFT,ADVANCE,v003_20260805_224517_157723_manual:S1_APPROACH_AND_PRE_FR_SHIFT:PRIMARY_PROFILE:segments-0-6,6.975000000000158,0.8571428571428571,7,0.06701646000146866,0.01353272795677185,0.08022166043519974,-0.174390405856542,-0.14416954468305906,0.015878521732378706,FR,3,True,False,recoverable,0,False,RUNNING
8.633333333333484,1036,S1_APPROACH_AND_PRE_FR_SHIFT,ADVANCE,v003_20260805_224517_157723_manual:S1_APPROACH_AND_PRE_FR_SHIFT:PRIMARY_PROFILE:segments-0-6,7.041666666666821,0.8571428571428571,7,0.0680372416973114,0.013510726392269135,0.08021639287471771,-0.17409103992527317,-0.14435302422535545,0.01578192637906992,FR,3,True,False,recoverable,0,False,RUNNING
8.700000000000147,1044,S1_APPROACH_AND_PRE_FR_SHIFT,ADVANCE,v003_20260805_224517_157723_manual:S1_APPROACH_AND_PRE_FR_SHIFT:PRIMARY_PROFILE:segments-0-6,7.1083333333334835,0.8571428571428571,7,0.06908003985881805,0.013478130102157593,0.0801897644996643,-0.17380472334698008,-0.14454438000402037,0.015694286833509027,FR,3,True,False,recoverable,0,False,RUNNING
8.76666666666681,1052,S1_APPROACH_AND_PRE_FR_SHIFT,ADVANCE,v003_20260805_224517_157723_manual:S1_APPROACH_AND_PRE_FR_SHIFT:PRIMARY_PROFILE:segments-0-6,7.175000000000146,0.8571428571428571,7,0.07012094557285309,0.013483062386512756,0.08014783263206482,-0.17345609168771212,-0.14473874923267602,0.015702275875803827,FR,3,True,False,recoverable,0,False,RUNNING
8.833333333333472,1060,S1_APPROACH_AND_PRE_FR_SHIFT,ADVANCE,v003_20260805_224517_157723_manual:S1_APPROACH_AND_PRE_FR_SHIFT:PRIMARY_PROFILE:segments-0-6,7.241666666666809,0.8571428571428571,7,0.0711664929986,0.013484209775924683,0.08007685840129852,-0.17310606798685718,-0.1449050775173129,0.015723658386326545,FR,3,True,False,recoverable,0,False,RUNNING
8.900000000000135,1068,S1_APPROACH_AND_PRE_FR_SHIFT,ADVANCE,v003_20260805_224517_157723_manual:S1_APPROACH_AND_PRE_FR_SHIFT:PRIMARY_PROFILE:segments-0-6,7.308333333333472,0.8571428571428571,7,0.07217845320701599,0.013495154678821564,0.07999265938997269,-0.172791529491923,-0.1449842865841952,0.015760351259727374,FR,3,True,False,recoverable,0,False,RUNNING
8.966666666666798,1076,S1_APPROACH_AND_PRE_FR_SHIFT,ADVANCE,v003_20260805_224517_157723_manual:S1_APPROACH_AND_PRE_FR_SHIFT:PRIMARY_PROFILE:segments-0-6,7.375000000000135,0.8571428571428571,7,0.0729994997382164,0.013537392020225525,0.07995063811540604,-0.1732597959127817,-0.14486320833430733,0.015847119079121442,FR,3,True,False,recoverable,0,False,RUNNING
9.033333333333461,1084,S1_APPROACH_AND_PRE_FR_SHIFT,ADVANCE,v003_20260805_224517_157723_manual:S1_APPROACH_AND_PRE_FR_SHIFT:PRIMARY_PROFILE:segments-0-6,7.441666666666798,0.8571428571428571,7,0.07389572262763977,0.013548880815505981,0.0799335315823555,-0.17330735576185108,-0.14444610938610014,0.015880315089614478,FR,3,True,False,recoverable,0,False,RUNNING
9.100000000000124,1092,S1_APPROACH_AND_PRE_FR_SHIFT,ADVANCE,v003_20260805_224517_157723_manual:S1_APPROACH_AND_PRE_FR_SHIFT:PRIMARY_PROFILE:segments-0-6,7.508333333333461,0.8571428571428571,7,0.07486706227064133,0.013552173972129822,0.07989822328090668,-0.17331059856060618,-0.14402250885964574,0.015919909951668892,FR,3,True,False,recoverable,0,False,RUNNING
9.166666666666787,1100,S1_APPROACH_AND_PRE_FR_SHIFT,ADVANCE,v003_20260805_224517_157723_manual:S1_APPROACH_AND_PRE_FR_SHIFT:PRIMARY_PROFILE:segments-0-6,7.575000000000124,0.8571428571428571,7,0.07588689029216766,0.013556808233261108,0.07983791828155518,-0.17334974540447676,-0.14362144367092847,0.015959066377756424,FR,3,True,False,recoverable,0,False,RUNNING
9.23333333333345,1108,S1_APPROACH_AND_PRE_FR_SHIFT,ADVANCE,v003_20260805_224517_157723_manual:S1_APPROACH_AND_PRE_FR_SHIFT:PRIMARY_PROFILE:segments-0-6,7.6416666666667865,0.8571428571428571,7,0.07693565636873245,0.01355840265750885,0.07975165545940399,-0.17341296283722774,-0.14322521971956803,0.016008487314619485,FR,3,True,False,recoverable,0,False,RUNNING
9.300000000000113,1116,S1_APPROACH_AND_PRE_FR_SHIFT,ADVANCE,v003_20260805_224517_157723_manual:S1_APPROACH_AND_PRE_FR_SHIFT:PRIMARY_PROFILE:segments-0-6,7.708333333333449,0.8571428571428571,7,0.07801467180252075,0.013561047613620758,0.07963981479406357,-0.17350245340471718,-0.14282995953442415,0.016053239376887456,FR,3,True,False,recoverable,0,False,RUNNING
9.366666666666775,1124,S1_APPROACH_AND_PRE_FR_SHIFT,ADVANCE,v003_20260805_224517_157723_manual:S1_APPROACH_AND_PRE_FR_SHIFT:PRIMARY_PROFILE:segments-0-6,7.775000000000112,0.8571428571428571,7,0.0791214108467102,0.013563938438892365,0.07950843870639801,-0.17357753306962553,-0.14240802270069086,0.016107992581112552,FR,3,True,False,recoverable,0,False,RUNNING
9.433333333333438,1132,S1_APPROACH_AND_PRE_FR_SHIFT,ADVANCE,v003_20260805_224517_157723_manual:S1_APPROACH_AND_PRE_FR_SHIFT:PRIMARY_PROFILE:segments-0-6,7.841666666666775,0.8571428571428571,7,0.07990051805973053,0.013567641377449036,0.0796024352312088,-0.17357974430839013,-0.14248981473570835,0.016133188429552504,FR,3,True,False,recoverable,0,False,RUNNING
9.500000000000101,1140,S1_APPROACH_AND_PRE_FR_SHIFT,ADVANCE,v003_20260805_224517_157723_manual:S1_APPROACH_AND_PRE_FR_SHIFT:PRIMARY_PROFILE:segments-0-6,7.908333333333438,0.8571428571428571,7,0.08069354295730591,0.013556741178035736,0.0797031968832016,-0.17355496199622697,-0.1426864066957691,0.016147314435701103,FR,3,True,False,recoverable,0,False,RUNNING
9.566666666666764,1148,S1_APPROACH_AND_PRE_FR_SHIFT,ADVANCE,v003_20260805_224517_157723_manual:S1_APPROACH_AND_PRE_FR_SHIFT:PRIMARY_PROFILE:segments-0-6,7.975000000000101,0.8571428571428571,7,0.08154724538326263,0.013550490140914917,0.07980021834373474,-0.1735498047050039,-0.14293357089034053,0.01615242541382064,FR,3,True,False,recoverable,0,False,RUNNING
9.633333333333427,1156,S1_APPROACH_AND_PRE_FR_SHIFT,ADVANCE,v003_20260805_224517_157723_manual:S1_APPROACH_AND_PRE_FR_SHIFT:PRIMARY_PROFILE:segments-0-6,8.041666666666764,0.8571428571428571,7,0.08243568241596222,0.013542219996452332,0.07988308370113373,-0.17363826856029232,-0.14323762966134235,0.016151358791351645,FR,3,True,False,recoverable,0,False,RUNNING
9.70000000000009,1164,S1_APPROACH_AND_PRE_FR_SHIFT,ADVANCE,v003_20260805_224517_157723_manual:S1_APPROACH_AND_PRE_FR_SHIFT:PRIMARY_PROFILE:segments-0-6,8.108333333333427,0.8571428571428571,7,0.08335334807634354,0.0135335773229599,0.07995499670505524,-0.17368857604452226,-0.14353689175621764,0.016174674735465053,FR,3,True,False,recoverable,0,False,RUNNING
9.766666666666753,1172,S1_APPROACH_AND_PRE_FR_SHIFT,ADVANCE,v003_20260805_224517_157723_manual:S1_APPROACH_AND_PRE_FR_SHIFT:PRIMARY_PROFILE:segments-0-6,8.17500000000009,0.8571428571428571,7,0.08421537280082703,0.01354052871465683,0.08002231270074844,-0.17399801572396933,-0.1437837884363178,0.016207186806047977,FR,3,True,False,recoverable,0,False,RUNNING
9.833333333333416,1180,S1_APPROACH_AND_PRE_FR_SHIFT,ADVANCE,v003_20260805_224517_157723_manual:S1_APPROACH_AND_PRE_FR_SHIFT:PRIMARY_PROFILE:segments-0-6,8.241666666666752,0.8571428571428571,7,0.08510643243789673,0.01354440301656723,0.08006860315799713,-0.17429333352807358,-0.14406278517209314,0.016250647552836773,FR,3,True,False,recoverable,0,False,RUNNING
9.900000000000079,1188,S1_APPROACH_AND_PRE_FR_SHIFT,ADVANCE,v003_20260805_224517_157723_manual:S1_APPROACH_AND_PRE_FR_SHIFT:PRIMARY_PROFILE:segments-0-6,8.308333333333415,0.8571428571428571,7,0.08602047711610794,0.013541795313358307,0.08009587973356247,-0.1746088225289055,-0.14436221556469578,0.016294857960123615,FR,3,True,False,recoverable,0,False,RUNNING
9.966666666666741,1196,S1_APPROACH_AND_PRE_FR_SHIFT,ADVANCE,v003_20260805_224517_157723_manual:S1_APPROACH_AND_PRE_FR_SHIFT:PRIMARY_PROFILE:segments-0-6,8.375000000000078,0.8571428571428571,7,0.08696531504392624,0.013564400374889374,0.0800912156701088,-0.1749078712330778,-0.14471622855486946,0.01624660133865592,FR,3,True,False,recoverable,0,False,RUNNING
10.033333333333404,1204,S1_APPROACH_AND_PRE_FR_SHIFT,ADVANCE,v003_20260805_224517_157723_manual:S1_APPROACH_AND_PRE_FR_SHIFT:PRIMARY_PROFILE:segments-0-6,8.441666666666741,0.8571428571428571,7,0.08790603280067444,0.01359044760465622,0.08007006347179413,-0.175223686193733,-0.1450538527371941,0.01617172101371546,FR,3,True,False,recoverable,0,False,RUNNING
10.100000000000067,1212,S1_APPROACH_AND_PRE_FR_SHIFT,ADVANCE,v003_20260805_224517_157723_manual:S1_APPROACH_AND_PRE_FR_SHIFT:PRIMARY_PROFILE:segments-0-6,8.508333333333404,0.8571428571428571,7,0.08888143301010132,0.013632826507091522,0.08003106713294983,-0.17555560330638337,-0.14540495500428574,0.016130887025619916,FR,3,True,False,recoverable,0,False,RUNNING
10.16666666666673,1220,S1_APPROACH_AND_PRE_FR_SHIFT,ADVANCE,v003_20260805_224517_157723_manual:S1_APPROACH_AND_PRE_FR_SHIFT:PRIMARY_PROFILE:segments-0-6,8.575000000000067,0.8571428571428571,7,0.08988365530967712,0.013671837747097015,0.07997692376375198,-0.1758490465467178,-0.1457253303734603,0.016096469143360947,FR,3,True,False,recoverable,0,False,RUNNING
10.233333333333393,1228,S1_APPROACH_AND_PRE_FR_SHIFT,ADVANCE,v003_20260805_224517_157723_manual:S1_APPROACH_AND_PRE_FR_SHIFT:PRIMARY_PROFILE:segments-0-6,8.64166666666673,0.8571428571428571,7,0.0908774882555008,0.013681583106517792,0.07993872463703156,-0.17581406171396638,-0.14572722144995426,0.016006841560380368,FR,3,True,False,recoverable,0,False,RUNNING
10.300000000000056,1236,S1_APPROACH_AND_PRE_FR_SHIFT,ADVANCE,v003_20260805_224517_157723_manual:S1_APPROACH_AND_PRE_FR_SHIFT:PRIMARY_PROFILE:segments-0-6,8.708333333333393,0.8571428571428571,7,0.09194409847259521,0.013656198978424072,0.0799342691898346,-0.17527418001799255,-0.14543620343045077,0.015946011804707005,FR,3,True,False,recoverable,0,False,RUNNING
10.366666666666719,1244,S1_APPROACH_AND_PRE_FR_SHIFT,ADVANCE,v003_20260805_224517_157723_manual:S1_APPROACH_AND_PRE_FR_SHIFT:PRIMARY_PROFILE:segments-0-6,8.775000000000055,0.8571428571428571,7,0.09300974011421204,0.013634219765663147,0.0799010694026947,-0.17475030993472376,-0.14512713290256654,0.015882811705985107,FR,3,True,False,recoverable,0,False,RUNNING
10.433333333333382,1252,S1_APPROACH_AND_PRE_FR_SHIFT,ADVANCE,v003_20260805_224517_157723_manual:S1_APPROACH_AND_PRE_FR_SHIFT:PRIMARY_PROFILE:segments-0-6,8.841666666666718,0.8571428571428571,7,0.09411858022212982,0.013592354953289032,0.07984410226345062,-0.17420705927977873,-0.14480290625353143,0.01574181486630598,FR,3,True,False,recoverable,0,False,RUNNING
10.500000000000044,1260,S1_APPROACH_AND_PRE_FR_SHIFT,ADVANCE,v003_20260805_224517_157723_manual:S1_APPROACH_AND_PRE_FR_SHIFT:PRIMARY_PROFILE:segments-0-6,8.908333333333381,0.8571428571428571,7,0.09523630142211914,0.013551205396652222,0.07975828647613525,-0.17373709364585796,-0.1444722315264793,0.015612037610789357,FR,3,True,False,recoverable,0,False,RUNNING
10.566666666666707,1268,S1_APPROACH_AND_PRE_FR_SHIFT,ADVANCE,v003_20260805_224517_157723_manual:S1_APPROACH_AND_PRE_FR_SHIFT:PRIMARY_PROFILE:segments-0-6,8.975000000000044,0.8571428571428571,7,0.09636621177196503,0.013498134911060333,0.07967717200517654,-0.17315108396618825,-0.14418062290204622,0.015470644772602645,FR,3,True,False,recoverable,0,False,RUNNING
10.63333333333337,1276,S1_APPROACH_AND_PRE_FR_SHIFT,ADVANCE,v003_20260805_224517_157723_manual:S1_APPROACH_AND_PRE_FR_SHIFT:PRIMARY_PROFILE:segments-0-6,9.041666666666707,0.8571428571428571,7,0.0970219075679779,0.013482920825481415,0.0797957330942154,-0.17306046911174336,-0.1439164389445834,0.015380384638633574,FR,3,True,False,recoverable,0,False,RUNNING
10.700000000000033,1284,S1_APPROACH_AND_PRE_FR_SHIFT,ADVANCE,v003_20260805_224517_157723_manual:S1_APPROACH_AND_PRE_FR_SHIFT:PRIMARY_PROFILE:segments-0-6,9.10833333333337,0.8571428571428571,7,0.09778278321027756,0.01348266750574112,0.07989634573459625,-0.17314970639756613,-0.143788947384343,0.015321670963400178,FR,3,True,False,recoverable,0,False,RUNNING
10.766666666666696,1292,S1_APPROACH_AND_PRE_FR_SHIFT,ADVANCE,v003_20260805_224517_157723_manual:S1_APPROACH_AND_PRE_FR_SHIFT:PRIMARY_PROFILE:segments-0-6,9.175000000000033,0.8571428571428571,7,0.09862064570188522,0.013481579720973969,0.0799872949719429,-0.17328716064475017,-0.14375264219900163,0.015274770184147638,FR,3,True,False,recoverable,0,False,RUNNING
10.833333333333359,1300,S1_APPROACH_AND_PRE_FR_SHIFT,ADVANCE,v003_20260805_224517_157723_manual:S1_APPROACH_AND_PRE_FR_SHIFT:PRIMARY_PROFILE:segments-0-6,9.241666666666696,0.8571428571428571,7,0.09950056672096252,0.013497665524482727,0.08006025850772858,-0.17346862862844872,-0.14376887295869328,0.015280645774853326,FR,3,True,False,recoverable,0,False,RUNNING
10.900000000000022,1308,S1_APPROACH_AND_PRE_FR_SHIFT,ADVANCE,v003_20260805_224517_157723_manual:S1_APPROACH_AND_PRE_FR_SHIFT:PRIMARY_PROFILE:segments-0-6,9.308333333333358,0.8571428571428571,7,0.10040390491485596,0.013498179614543915,0.08011674880981445,-0.17372651784729792,-0.14381326232014496,0.01526583019733396,FR,3,True,False,recoverable,0,False,RUNNING
10.966666666666685,1316,S1_APPROACH_AND_PRE_FR_SHIFT,ADVANCE,v003_20260805_224517_157723_manual:S1_APPROACH_AND_PRE_FR_SHIFT:PRIMARY_PROFILE:segments-0-6,9.375000000000021,0.8571428571428571,7,0.10133632272481918,0.013502553105354309,0.08015544712543488,-0.17398081583553837,-0.14387121464662214,0.015230621680457588,FR,3,True,False,recoverable,0,False,RUNNING
11.033333333333347,1324,S1_APPROACH_AND_PRE_FR_SHIFT,ADVANCE,v003_20260805_224517_157723_manual:S1_APPROACH_AND_PRE_FR_SHIFT:PRIMARY_PROFILE:segments-0-6,9.441666666666684,0.8571428571428571,7,0.1022782176733017,0.013504907488822937,0.08018410205841064,-0.1742647364972479,-0.14390823702426395,0.015186134483555165,FR,3,True,False,recoverable,0,False,RUNNING
11.10000000000001,1332,S1_APPROACH_AND_PRE_FR_SHIFT,ADVANCE,v003_20260805_224517_157723_manual:S1_APPROACH_AND_PRE_FR_SHIFT:PRIMARY_PROFILE:segments-0-6,9.508333333333347,0.8571428571428571,7,0.10325542837381363,0.013517491519451141,0.08019623160362244,-0.1746475451262908,-0.14399116014965446,0.015134195303693804,FR,3,True,False,recoverable,0,False,RUNNING
11.166666666666673,1340,S1_APPROACH_AND_PRE_FR_SHIFT,ADVANCE,v003_20260805_224517_157723_manual:S1_APPROACH_AND_PRE_FR_SHIFT:PRIMARY_PROFILE:segments-0-6,9.57500000000001,0.8571428571428571,7,0.10422791540622711,0.013525702059268951,0.08019169420003891,-0.1749465020608762,-0.14403834564648685,0.015103257874785909,FR,3,True,False,recoverable,0,False,RUNNING
11.233333333333336,1348,S1_APPROACH_AND_PRE_FR_SHIFT,ADVANCE,v003_20260805_224517_157723_manual:S1_APPROACH_AND_PRE_FR_SHIFT:PRIMARY_PROFILE:segments-0-6,9.641666666666673,0.8571428571428571,7,0.1052454262971878,0.013559900224208832,0.08015526831150055,-0.175367731783487,-0.14412030168556908,0.015151018010664524,FR,3,True,False,recoverable,0,False,RUNNING
11.299999999999999,1356,S1_APPROACH_AND_PRE_FR_SHIFT,ADVANCE,v003_20260805_224517_157723_manual:S1_APPROACH_AND_PRE_FR_SHIFT:PRIMARY_PROFILE:segments-0-6,9.708333333333336,0.8571428571428571,7,0.10627824068069458,0.013599075376987457,0.08009674400091171,-0.17576671607340902,-0.1441953809756853,0.01521109267361494,FR,3,True,False,recoverable,0,False,RUNNING
11.366666666666662,1364,S1_APPROACH_AND_PRE_FR_SHIFT,ADVANCE,v003_20260805_224517_157723_manual:S1_APPROACH_AND_PRE_FR_SHIFT:PRIMARY_PROFILE:segments-0-6,9.774999999999999,0.8571428571428571,7,0.10732914507389069,0.013628266751766205,0.0800139531493187,-0.17616939877367588,-0.14426733905703776,0.015257005945577707,FR,3,True,False,recoverable,0,False,RUNNING
11.433333333333325,1372,S1_APPROACH_AND_PRE_FR_SHIFT,ADVANCE,v003_20260805_224517_157723_manual:S1_APPROACH_AND_PRE_FR_SHIFT:PRIMARY_PROFILE:segments-0-6,9.841666666666661,0.8571428571428571,7,0.10839520394802094,0.013652600347995758,0.0799083411693573,-0.1765959749324547,-0.14432767799169033,0.015313009563438906,FR,3,True,False,recoverable,0,False,RUNNING
11.499999999999988,1380,S1_APPROACH_AND_PRE_FR_SHIFT,ADVANCE,v003_20260805_224517_157723_manual:S1_APPROACH_AND_PRE_FR_SHIFT:PRIMARY_PROFILE:segments-0-6,9.908333333333324,0.8571428571428571,7,0.10948581248521805,0.01367276906967163,0.07977736741304398,-0.17697672932917097,-0.1443859905139801,0.015356135092013319,FR,3,True,False,recoverable,0,False,RUNNING
11.56666666666665,1388,S1_APPROACH_AND_PRE_FR_SHIFT,ADVANCE,v003_20260805_224517_157723_manual:S1_APPROACH_AND_PRE_FR_SHIFT:PRIMARY_PROFILE:segments-0-6,9.974999999999987,0.8571428571428571,7,0.11057066917419434,0.01365721970796585,0.07966671884059906,-0.17697468605664865,-0.14410374498046816,0.015346525214215827,FR,3,True,False,recoverable,0,False,RUNNING
11.633333333333313,1396,S1_APPROACH_AND_PRE_FR_SHIFT,ADVANCE,v003_20260805_224517_157723_manual:S1_APPROACH_AND_PRE_FR_SHIFT:PRIMARY_PROFILE:segments-0-6,10.04166666666665,0.8571428571428571,7,0.11161898076534271,0.013632535934448242,0.07963941991329193,-0.17654407597221178,-0.14379618761783125,0.01518328794197135,FR,3,True,False,recoverable,0,False,RUNNING
11.699999999999976,1404,S1_APPROACH_AND_PRE_FR_SHIFT,ADVANCE,v003_20260805_224517_157723_manual:S1_APPROACH_AND_PRE_FR_SHIFT:PRIMARY_PROFILE:segments-0-6,10.108333333333313,0.8571428571428571,7,0.11241603642702103,0.013599731028079987,0.07974214851856232,-0.17616518864351863,-0.1437473660722999,0.015029815377376726,FR,3,True,False,recoverable,0,False,RUNNING
11.766666666666639,1412,S1_APPROACH_AND_PRE_FR_SHIFT,ADVANCE,v003_20260805_224517_157723_manual:S1_APPROACH_AND_PRE_FR_SHIFT:PRIMARY_PROFILE:segments-0-6,10.174999999999976,0.8571428571428571,7,0.11331147700548172,0.01357799768447876,0.07983772456645966,-0.1757151172622825,-0.1437982290319008,0.014872447097784897,FR,3,True,False,recoverable,0,False,RUNNING
11.833333333333302,1420,S1_APPROACH_AND_PRE_FR_SHIFT,ADVANCE,v003_20260805_224517_157723_manual:S1_APPROACH_AND_PRE_FR_SHIFT:PRIMARY_PROFILE:segments-0-6,10.241666666666639,0.8571428571428571,7,0.11424543708562851,0.013538599014282227,0.07991788536310196,-0.17529619025658985,-0.14387846386834466,0.014740131991581732,FR,3,True,False,recoverable,0,False,RUNNING
11.899999999999965,1428,S1_APPROACH_AND_PRE_FR_SHIFT,ADVANCE,v003_20260805_224517_157723_manual:S1_APPROACH_AND_PRE_FR_SHIFT:PRIMARY_PROFILE:segments-0-6,10.308333333333302,0.8571428571428571,7,0.11523155868053436,0.013504169881343842,0.07997989654541016,-0.17481830666292428,-0.1439969742888682,0.014578866362418364,FR,3,True,False,recoverable,0,False,RUNNING
11.966666666666628,1436,S1_APPROACH_AND_PRE_FR_SHIFT,ADVANCE,v003_20260805_224517_157723_manual:S1_APPROACH_AND_PRE_FR_SHIFT:PRIMARY_PROFILE:segments-0-6,10.374999999999964,0.8571428571428571,7,0.11622944474220276,0.013455897569656372,0.0800304263830185,-0.1744440152687374,-0.14413568414336383,0.014466744780517859,FR,3,True,False,recoverable,0,False,RUNNING
12.03333333333329,1444,S1_APPROACH_AND_PRE_FR_SHIFT,ADVANCE,v003_20260805_224517_157723_manual:S1_APPROACH_AND_PRE_FR_SHIFT:PRIMARY_PROFILE:segments-0-6,10.441666666666627,0.8571428571428571,7,0.1172453984618187,0.013409055769443512,0.08006218075752258,-0.17395705700657305,-0.14425473615995665,0.014337178930231606,FR,3,True,False,recoverable,0,False,RUNNING
12.099999999999953,1452,S1_APPROACH_AND_PRE_FR_SHIFT,ADVANCE,v003_20260805_224517_157723_manual:S1_APPROACH_AND_PRE_FR_SHIFT:PRIMARY_PROFILE:segments-0-6,10.50833333333329,0.8571428571428571,7,0.11828929930925369,0.013352826237678528,0.08006922900676727,-0.17350188426178165,-0.14440055514410585,0.01420757326633447,FR,3,True,False,recoverable,0,False,RUNNING
12.166666666666616,1460,S1_APPROACH_AND_PRE_FR_SHIFT,ADVANCE,v003_20260805_224517_157723_manual:S1_APPROACH_AND_PRE_FR_SHIFT:PRIMARY_PROFILE:segments-0-6,10.574999999999953,0.8571428571428571,7,0.11935046315193176,0.013296648859977722,0.0800538957118988,-0.17299574160562123,-0.1445339793224955,0.014044646242930933,FR,3,True,False,recoverable,0,False,RUNNING
12.23333333333328,1468,S1_APPROACH_AND_PRE_FR_SHIFT,ADVANCE,v003_20260805_224517_157723_manual:S1_APPROACH_AND_PRE_FR_SHIFT:PRIMARY_PROFILE:segments-0-6,10.641666666666616,0.8571428571428571,7,0.12041600048542023,0.013248428702354431,0.08003668487071991,-0.17260732801124823,-0.1446377497436487,0.013875854540135669,FR,3,True,False,recoverable,0,False,RUNNING
12.299999999999942,1476,S1_APPROACH_AND_PRE_FR_SHIFT,ADVANCE,v003_20260805_224517_157723_manual:S1_APPROACH_AND_PRE_FR_SHIFT:PRIMARY_PROFILE:segments-0-6,10.708333333333279,0.8571428571428571,7,0.12123949080705643,0.013243615627288818,0.08004974573850632,-0.17288544650162874,-0.14448051322358985,0.01376030976488051,FR,3,True,False,recoverable,0,False,RUNNING
12.366666666666605,1484,S1_APPROACH_AND_PRE_FR_SHIFT,ADVANCE,v003_20260805_224517_157723_manual:S1_APPROACH_AND_PRE_FR_SHIFT:PRIMARY_PROFILE:segments-0-6,10.774999999999942,0.8571428571428571,7,0.12215161323547363,0.013238027691841125,0.08003643155097961,-0.17318505785808344,-0.14442114947715964,0.013688049759722307,FR,3,True,False,recoverable,0,False,RUNNING
12.433333333333268,1492,S1_APPROACH_AND_PRE_FR_SHIFT,ADVANCE,v003_20260805_224517_157723_manual:S1_APPROACH_AND_PRE_FR_SHIFT:PRIMARY_PROFILE:segments-0-6,10.841666666666605,0.8571428571428571,7,0.12311090528964996,0.01326277107000351,0.08000242710113525,-0.1735574870648772,-0.144404058834371,0.013740057191192636,FR,3,True,False,recoverable,0,False,RUNNING
12.49999999999993,1500,S1_APPROACH_AND_PRE_FR_SHIFT,ADVANCE,v003_20260805_224517_157723_manual:S1_APPROACH_AND_PRE_FR_SHIFT:PRIMARY_PROFILE:segments-0-6,10.908333333333267,0.8571428571428571,7,0.12409411370754242,0.013296358287334442,0.07994979619979858,-0.17393013947511507,-0.14438629176711748,0.013799412747232601,FR,3,True,False,recoverable,0,False,RUNNING
12.566666666666594,1508,S1_APPROACH_AND_PRE_FR_SHIFT,ADVANCE,v003_20260805_224517_157723_manual:S1_APPROACH_AND_PRE_FR_SHIFT:PRIMARY_PROFILE:segments-0-6,10.97499999999993,0.8571428571428571,7,0.12511387467384338,0.01332872360944748,0.07987503707408905,-0.17433155751039667,-0.14437542702507458,0.013845535519849591,FR,3,True,False,recoverable,0,False,RUNNING
12.633333333333256,1516,S1_APPROACH_AND_PRE_FR_SHIFT,ADVANCE,v003_20260805_224517_157723_manual:S1_APPROACH_AND_PRE_FR_SHIFT:PRIMARY_PROFILE:segments-0-6,11.041666666666593,0.8571428571428571,7,0.12615028023719788,0.013363353908061981,0.07977447658777237,-0.17476853340104714,-0.1443633727500638,0.013928206953790032,FR,3,True,False,recoverable,0,False,RUNNING
12.69999999999992,1524,S1_APPROACH_AND_PRE_FR_SHIFT,ADVANCE,v003_20260805_224517_157723_manual:S1_APPROACH_AND_PRE_FR_SHIFT:PRIMARY_PROFILE:segments-0-6,11.108333333333256,0.8571428571428571,7,0.12721002101898193,0.013390861451625824,0.07964735478162766,-0.175213026558476,-0.1443512678093129,0.013996507499886533,FR,3,True,False,recoverable,0,False,RUNNING
12.766666666666582,1532,S1_APPROACH_AND_PRE_FR_SHIFT,ADVANCE,v003_20260805_224517_157723_manual:S1_APPROACH_AND_PRE_FR_SHIFT:PRIMARY_PROFILE:segments-0-6,11.174999999999919,0.8571428571428571,7,0.12829159200191498,0.013416290283203125,0.07949267327785492,-0.17567193402536604,-0.1443433779448127,0.014058247946341527,FR,3,True,False,recoverable,0,False,RUNNING
12.833333333333245,1540,S1_APPROACH_AND_PRE_FR_SHIFT,ADVANCE,v003_20260805_224517_157723_manual:S1_APPROACH_AND_PRE_FR_SHIFT:PRIMARY_PROFILE:segments-0-6,11.241666666666582,0.8571428571428571,7,0.1293971985578537,0.013432271778583527,0.07931222766637802,-0.17618606759087427,-0.1443216294148805,0.014130655852572022,FR,3,True,False,recoverable,0,False,RUNNING
12.899999999999908,1548,S1_APPROACH_AND_PRE_FR_SHIFT,ADVANCE,v003_20260805_224517_157723_manual:S1_APPROACH_AND_PRE_FR_SHIFT:PRIMARY_PROFILE:segments-0-6,11.308333333333245,0.8571428571428571,7,0.13035687804222107,0.0134352445602417,0.07920829206705093,-0.17660428388526858,-0.14451836957020217,0.014234206362963856,FR,3,True,False,recoverable,0,False,RUNNING
12.96666666666657,1556,S1_APPROACH_AND_PRE_FR_SHIFT,ADVANCE,v003_20260805_224517_157723_manual:S1_APPROACH_AND_PRE_FR_SHIFT:PRIMARY_PROFILE:segments-0-6,11.374999999999908,0.8571428571428571,7,0.13110071420669556,0.013431787490844727,0.07926959544420242,-0.17672927627004298,-0.1448644074597106,0.01422156320877217,FR,3,True,False,recoverable,0,False,RUNNING
13.033333333333234,1564,S1_APPROACH_AND_PRE_FR_SHIFT,ADVANCE,v003_20260805_224517_157723_manual:S1_APPROACH_AND_PRE_FR_SHIFT:PRIMARY_PROFILE:segments-0-6,11.44166666666657,0.8571428571428571,7,0.13190484046936035,0.013428106904029846,0.07935899496078491,-0.17648272586380553,-0.14502661742774428,0.014081687357358087,FR,3,True,False,recoverable,0,False,RUNNING
13.099999999999897,1572,S1_APPROACH_AND_PRE_FR_SHIFT,ADVANCE,v003_20260805_224517_157723_manual:S1_APPROACH_AND_PRE_FR_SHIFT:PRIMARY_PROFILE:segments-0-6,11.508333333333233,0.8571428571428571,7,0.13276997208595276,0.013416238129138947,0.0794418603181839,-0.1762660641837232,-0.1452553634517913,0.013964102653012424,FR,3,True,False,recoverable,0,False,RUNNING
13.16666666666656,1580,S1_APPROACH_AND_PRE_FR_SHIFT,ADVANCE,v003_20260805_224517_157723_manual:S1_APPROACH_AND_PRE_FR_SHIFT:PRIMARY_PROFILE:segments-0-6,11.574999999999896,0.8571428571428571,7,0.13367992639541626,0.01340116560459137,0.07951264828443527,-0.17607858392953246,-0.1455232857600567,0.013844543837365596,FR,3,True,False,recoverable,0,False,RUNNING
13.233333333333222,1588,S1_APPROACH_AND_PRE_FR_SHIFT,ADVANCE,v003_20260805_224517_157723_manual:S1_APPROACH_AND_PRE_FR_SHIFT:PRIMARY_PROFILE:segments-0-6,11.64166666666656,0.8571428571428571,7,0.1346377283334732,0.013387508690357208,0.0795677974820137,-0.17585317240170173,-0.14583805740960867,0.013712868729216472,FR,3,True,False,recoverable,0,False,RUNNING
13.299999999999885,1596,S1_APPROACH_AND_PRE_FR_SHIFT,ADVANCE,v003_20260805_224517_157723_manual:S1_APPROACH_AND_PRE_FR_SHIFT:PRIMARY_PROFILE:segments-0-6,11.708333333333222,0.8571428571428571,7,0.13560700416564941,0.013377591967582703,0.07960280776023865,-0.17562135531900003,-0.1461458633274482,0.013598326518424549,FR,3,True,False,recoverable,0,False,RUNNING
13.366666666666548,1604,S1_APPROACH_AND_PRE_FR_SHIFT,ADVANCE,v003_20260805_224517_157723_manual:S1_APPROACH_AND_PRE_FR_SHIFT:PRIMARY_PROFILE:segments-0-6,11.774999999999885,0.8571428571428571,7,0.13658425211906433,0.01336730271577835,0.07962100207805634,-0.17547536729488888,-0.14642700363883498,0.013501747717146323,FR,3,True,False,recoverable,0,False,RUNNING
13.433333333333211,1612,S1_APPROACH_AND_PRE_FR_SHIFT,ADVANCE,v003_20260805_224517_157723_manual:S1_APPROACH_AND_PRE_FR_SHIFT:PRIMARY_PROFILE:segments-0-6,11.841666666666548,0.8571428571428571,7,0.13759326934814453,0.013351060450077057,0.0796242505311966,-0.17523208970965218,-0.14668986482681554,0.013405678265998366,FR,3,True,False,recoverable,0,False,RUNNING
13.499999999999874,1620,S1_APPROACH_AND_PRE_FR_SHIFT,ADVANCE,v003_20260805_224517_157723_manual:S1_APPROACH_AND_PRE_FR_SHIFT:PRIMARY_PROFILE:segments-0-6,11.90833333333321,0.8571428571428571,7,0.1386251449584961,0.013288311660289764,0.0796629786491394,-0.17436921194135485,-0.14650900196953928,0.0131986802686947,FR,3,True,False,recoverable,0,False,RUNNING
13.566666666666537,1628,S1_APPROACH_AND_PRE_FR_SHIFT,ADVANCE,v003_20260805_224517_157723_manual:S1_APPROACH_AND_PRE_FR_SHIFT:PRIMARY_PROFILE:segments-0-6,11.974999999999874,0.8571428571428571,7,0.1395452916622162,0.013234876096248627,0.07972311973571777,-0.17374968172114183,-0.14612950046296547,0.013037723288593797,FR,3,True,False,recoverable,0,False,RUNNING
13.6333333333332,1636,S1_APPROACH_AND_PRE_FR_SHIFT,ADVANCE,v003_20260805_224517_157723_manual:S1_APPROACH_AND_PRE_FR_SHIFT:PRIMARY_PROFILE:segments-0-6,12.041666666666536,0.8571428571428571,7,0.14032922685146332,0.013223744928836823,0.07979452610015869,-0.1736918774237209,-0.1456539222508447,0.012923480987885266,FR,3,True,False,recoverable,0,False,RUNNING
13.699999999999863,1644,S1_APPROACH_AND_PRE_FR_SHIFT,ADVANCE,v003_20260805_224517_157723_manual:S1_APPROACH_AND_PRE_FR_SHIFT:PRIMARY_PROFILE:segments-0-6,12.1083333333332,0.8571428571428571,7,0.14120180904865265,0.013205334544181824,0.07984743267297745,-0.1736854256335608,-0.1452527387326536,0.012866963403268698,FR,3,True,False,recoverable,0,False,RUNNING
13.766666666666525,1652,S1_APPROACH_AND_PRE_FR_SHIFT,ADVANCE,v003_20260805_224517_157723_manual:S1_APPROACH_AND_PRE_FR_SHIFT:PRIMARY_PROFILE:segments-0-6,12.174999999999862,0.8571428571428571,7,0.14211316406726837,0.013190850615501404,0.07988446205854416,-0.17372552315813253,-0.1448860901410294,0.012804151715394676,FR,3,True,False,recoverable,0,False,RUNNING
13.833333333333188,1660,S1_APPROACH_AND_PRE_FR_SHIFT,ADVANCE,v003_20260805_224517_157723_manual:S1_APPROACH_AND_PRE_FR_SHIFT:PRIMARY_PROFILE:segments-0-6,12.241666666666525,0.8571428571428571,7,0.1430516391992569,0.013193443417549133,0.07989651709794998,-0.17382375915155263,-0.14455517035273224,0.012768290145821934,FR,3,True,False,recoverable,0,False,RUNNING
13.899999999999851,1668,S1_APPROACH_AND_PRE_FR_SHIFT,ADVANCE,v003_20260805_224517_157723_manual:S1_APPROACH_AND_PRE_FR_SHIFT:PRIMARY_PROFILE:segments-0-6,12.308333333333188,0.8571428571428571,7,0.14402318000793457,0.013192988932132721,0.07989475876092911,-0.17390160037996036,-0.1442074094774152,0.012735116629712447,FR,3,True,False,recoverable,0,False,RUNNING
13.966666666666514,1676,S1_APPROACH_AND_PRE_FR_SHIFT,ADVANCE,v003_20260805_224517_157723_manual:S1_APPROACH_AND_PRE_FR_SHIFT:PRIMARY_PROFILE:segments-0-6,12.37499999999985,0.8571428571428571,7,0.1450134813785553,0.013212621212005615,0.079880490899086,-0.1740200713224096,-0.14387796259468896,0.012735417311439234,FR,3,True,False,recoverable,0,False,RUNNING
14.033333333333177,1684,S1_APPROACH_AND_PRE_FR_SHIFT,ADVANCE,v003_20260805_224517_157723_manual:S1_APPROACH_AND_PRE_FR_SHIFT:PRIMARY_PROFILE:segments-0-6,12.441666666666514,0.8571428571428571,7,0.1460030972957611,0.013220533728599548,0.07984113693237305,-0.1742262546529035,-0.14353112015438974,0.012704384663779126,FR,3,True,False,recoverable,0,False,RUNNING
14.09999999999984,1692,S1_APPROACH_AND_PRE_FR_SHIFT,ADVANCE,v003_20260805_224517_157723_manual:S1_APPROACH_AND_PRE_FR_SHIFT:PRIMARY_PROFILE:segments-0-6,12.508333333333177,0.8571428571428571,7,0.14702236652374268,0.01322384923696518,0.07978040724992752,-0.17444478182057638,-0.14318398783914485,0.012684112514420174,FR,3,True,False,recoverable,0,False,RUNNING
14.166666666666503,1700,S1_APPROACH_AND_PRE_FR_SHIFT,ADVANCE,v003_20260805_224517_157723_manual:S1_APPROACH_AND_PRE_FR_SHIFT:PRIMARY_PROFILE:segments-0-6,12.57499999999984,0.8571428571428571,7,0.14806443452835083,0.013229303061962128,0.07969705760478973,-0.17469250276960993,-0.14284621424090627,0.01266290791272583,FR,3,True,False,recoverable,0,False,RUNNING
14.233333333333166,1708,S1_APPROACH_AND_PRE_FR_SHIFT,ADVANCE,v003_20260805_224517_157723_manual:S1_APPROACH_AND_PRE_FR_SHIFT:PRIMARY_PROFILE:segments-0-6,12.641666666666502,0.8571428571428571,7,0.14916206896305084,0.013226695358753204,0.07959195971488953,-0.17492955237189625,-0.1425133808984754,0.012674849953585986,FR,3,True,False,recoverable,0,False,RUNNING
14.299999999999828,1716,S1_APPROACH_AND_PRE_FR_SHIFT,ADVANCE,v003_20260805_224517_157723_manual:S1_APPROACH_AND_PRE_FR_SHIFT:PRIMARY_PROFILE:segments-0-6,12.708333333333165,0.8571428571428571,7,0.15026266872882843,0.013215534389019012,0.07946479320526123,-0.17516538518670333,-0.14215705243675472,0.012655028533236665,FR,3,True,False,recoverable,0,False,RUNNING
14.366666666666491,1724,S1_APPROACH_AND_PRE_FR_SHIFT,ADVANCE,v003_20260805_224517_157723_manual:S1_APPROACH_AND_PRE_FR_SHIFT:PRIMARY_PROFILE:segments-0-6,12.774999999999828,0.8571428571428571,7,0.15138712525367737,0.013230010867118835,0.07931728661060333,-0.17553195693731474,-0.14179469154329932,0.012637526224934205,FR,3,True,False,recoverable,0,False,RUNNING
14.433333333333154,1732,S1_APPROACH_AND_PRE_FR_SHIFT,ADVANCE,v003_20260805_224517_157723_manual:S1_APPROACH_AND_PRE_FR_SHIFT:PRIMARY_PROFILE:segments-0-6,12.841666666666491,0.8571428571428571,7,0.15221142768859863,0.013231128454208374,0.07935420423746109,-0.17566562411176112,-0.14179936493384354,0.01258481206112964,FR,3,True,False,recoverable,0,False,RUNNING
14.499999999999817,1740,S1_APPROACH_AND_PRE_FR_SHIFT,ADVANCE,v003_20260805_224517_157723_manual:S1_APPROACH_AND_PRE_FR_SHIFT:PRIMARY_PROFILE:segments-0-6,12.908333333333154,0.8571428571428571,7,0.15296483039855957,0.013239607214927673,0.07947221398353577,-0.1758191408176531,-0.14208973282214082,0.012526126216880793,FR,3,True,False,recoverable,0,False,RUNNING
14.56666666666648,1748,S1_APPROACH_AND_PRE_FR_SHIFT,ADVANCE,v003_20260805_224517_157723_manual:S1_APPROACH_AND_PRE_FR_SHIFT:PRIMARY_PROFILE:segments-0-6,12.974999999999817,0.8571428571428571,7,0.15378433465957642,0.01324857771396637,0.07958456873893738,-0.17601777554846873,-0.14247116455057032,0.012486961866080473,FR,3,True,False,recoverable,0,False,RUNNING
14.633333333333143,1756,S1_APPROACH_AND_PRE_FR_SHIFT,ADVANCE,v003_20260805_224517_157723_manual:S1_APPROACH_AND_PRE_FR_SHIFT:PRIMARY_PROFILE:segments-0-6,13.04166666666648,0.8571428571428571,7,0.15464237332344055,0.013249188661575317,0.07968927919864655,-0.17614850705498966,-0.14287445299426152,0.012431940935992276,FR,3,True,False,recoverable,0,False,RUNNING
14.699999999999806,1764,S1_APPROACH_AND_PRE_FR_SHIFT,ADVANCE,v003_20260805_224517_157723_manual:S1_APPROACH_AND_PRE_FR_SHIFT:PRIMARY_PROFILE:segments-0-6,13.108333333333142,0.8571428571428571,7,0.15551304817199707,0.013256803154945374,0.07976152747869492,-0.17622296736260132,-0.14332410935225995,0.012303996092643134,FR,3,True,False,recoverable,0,False,RUNNING
14.766666666666469,1772,S1_APPROACH_AND_PRE_FR_SHIFT,ADVANCE,v003_20260805_224517_157723_manual:S1_APPROACH_AND_PRE_FR_SHIFT:PRIMARY_PROFILE:segments-0-6,13.174999999999805,0.8571428571428571,7,0.15640820562839508,0.01326734572649002,0.07982133328914642,-0.1763436401016153,-0.14379916481376354,0.012174650517307954,FR,3,True,False,recoverable,0,False,RUNNING
14.833333333333131,1780,S1_APPROACH_AND_PRE_FR_SHIFT,ADVANCE,v003_20260805_224517_157723_manual:S1_APPROACH_AND_PRE_FR_SHIFT:PRIMARY_PROFILE:segments-0-6,13.241666666666468,0.8571428571428571,7,0.15732839703559875,0.01327735185623169,0.07987210154533386,-0.17649361369213515,-0.14429579637500078,0.0120524719698862,FR,3,True,False,recoverable,0,False,RUNNING
14.899999999999794,1788,S1_APPROACH_AND_PRE_FR_SHIFT,ADVANCE,v003_20260805_224517_157723_manual:S1_APPROACH_AND_PRE_FR_SHIFT:PRIMARY_PROFILE:segments-0-6,13.308333333333131,0.8571428571428571,7,0.15827661752700806,0.013291001319885254,0.0799044519662857,-0.17667937346108115,-0.1448202998525422,0.011909098378151864,FR,3,True,False,recoverable,0,False,RUNNING
14.966666666666457,1796,S1_APPROACH_AND_PRE_FR_SHIFT,ADVANCE,v003_20260805_224517_157723_manual:S1_APPROACH_AND_PRE_FR_SHIFT:PRIMARY_PROFILE:segments-0-6,13.374999999999794,0.8571428571428571,7,0.1592356264591217,0.013292640447616577,0.07992249727249146,-0.17684415085488678,-0.14533010562164725,0.011803804978336887,FR,3,True,False,recoverable,0,False,RUNNING
15.03333333333312,1804,S1_APPROACH_AND_PRE_FR_SHIFT,ADVANCE,v003_20260805_224517_157723_manual:S1_APPROACH_AND_PRE_FR_SHIFT:PRIMARY_PROFILE:segments-0-6,13.441666666666457,0.8571428571428571,7,0.16020002961158752,0.013286493718624115,0.07992590218782425,-0.1769541473234378,-0.145789938658558,0.011666543251089343,FR,3,True,False,recoverable,0,False,RUNNING
15.099999999999783,1812,S1_APPROACH_AND_PRE_FR_SHIFT,ADVANCE,v003_20260805_224517_157723_manual:S1_APPROACH_AND_PRE_FR_SHIFT:PRIMARY_PROFILE:segments-0-6,13.50833333333312,0.8571428571428571,7,0.16116845607757568,0.013214193284511566,0.07999287545681,-0.17626113819394443,-0.14565561680883168,0.011412203943569057,FR,3,True,False,recoverable,0,False,RUNNING
15.166666666666446,1820,S1_APPROACH_AND_PRE_FR_SHIFT,ADVANCE,v003_20260805_224517_157723_manual:S1_APPROACH_AND_PRE_FR_SHIFT:PRIMARY_PROFILE:segments-0-6,13.574999999999783,0.8571428571428571,7,0.16221341490745544,0.013140082359313965,0.08003681153059006,-0.17555680633810622,-0.14555730844850473,0.011191333452265893,FR,3,True,False,recoverable,0,False,RUNNING
15.233333333333109,1828,S1_APPROACH_AND_PRE_FR_SHIFT,ADVANCE,v003_20260805_224517_157723_manual:S1_APPROACH_AND_PRE_FR_SHIFT:PRIMARY_PROFILE:segments-0-6,13.641666666666445,0.8571428571428571,7,0.16329482197761536,0.013079747557640076,0.08005436509847641,-0.17480314538281694,-0.14543429501819,0.011032643584542538,FR,3,True,False,recoverable,0,False,RUNNING
15.299999999999772,1836,S1_APPROACH_AND_PRE_FR_SHIFT,ADVANCE,v003_20260805_224517_157723_manual:S1_APPROACH_AND_PRE_FR_SHIFT:PRIMARY_PROFILE:segments-0-6,13.708333333333108,0.8571428571428571,7,0.1643972396850586,0.013010367751121521,0.08004579693078995,-0.17404192024158888,-0.1453086255479753,0.01087431275518795,FR,3,True,False,recoverable,0,False,RUNNING
15.366666666666434,1844,S1_APPROACH_AND_PRE_FR_SHIFT,ADVANCE,v003_20260805_224517_157723_manual:S1_APPROACH_AND_PRE_FR_SHIFT:PRIMARY_PROFILE:segments-0-6,13.774999999999771,0.8571428571428571,7,0.1655394583940506,0.012940466403961182,0.08001136779785156,-0.17322990759685103,-0.14518986923470314,0.01068633240098466,FR,3,True,False,recoverable,0,False,RUNNING
15.433333333333097,1852,S1_APPROACH_AND_PRE_FR_SHIFT,ADVANCE,v003_20260805_224517_157723_manual:S1_APPROACH_AND_PRE_FR_SHIFT:PRIMARY_PROFILE:segments-0-6,13.841666666666434,0.8571428571428571,7,0.1665119081735611,0.01289752870798111,0.07999905198812485,-0.17290748302869244,-0.14484812026349414,0.01056627830888312,FR,3,True,False,recoverable,0,False,RUNNING
15.49999999999976,1860,S1_APPROACH_AND_PRE_FR_SHIFT,ADVANCE,v003_20260805_224517_157723_manual:S1_APPROACH_AND_PRE_FR_SHIFT:PRIMARY_PROFILE:segments-0-6,13.908333333333097,0.8571428571428571,7,0.1674157679080963,0.012881621718406677,0.07998542487621307,-0.17295311990225729,-0.1444636904677375,0.010478604710746044,FR,3,True,False,recoverable,0,False,RUNNING
15.566666666666423,1868,S1_APPROACH_AND_PRE_FR_SHIFT,ADVANCE,v003_20260805_224517_157723_manual:S1_APPROACH_AND_PRE_FR_SHIFT:PRIMARY_PROFILE:segments-0-6,13.97499999999976,0.8571428571428571,7,0.1683969497680664,0.01286410540342331,0.07995341718196869,-0.17306525481877083,-0.14413620324860046,0.010425782393659482,FR,3,True,False,recoverable,0,False,RUNNING
15.633333333333086,1876,S1_APPROACH_AND_PRE_FR_SHIFT,ADVANCE,v003_20260805_224517_157723_manual:S1_APPROACH_AND_PRE_FR_SHIFT:PRIMARY_PROFILE:segments-0-6,14.041666666666423,0.8571428571428571,7,0.16942648589611053,0.012847527861595154,0.07989785820245743,-0.173227589798671,-0.14385063101471882,0.010365545721175904,FR,3,True,False,recoverable,0,False,RUNNING
15.699999999999749,1884,S1_APPROACH_AND_PRE_FR_SHIFT,ADVANCE,v003_20260805_224517_157723_manual:S1_APPROACH_AND_PRE_FR_SHIFT:PRIMARY_PROFILE:segments-0-6,14.108333333333086,0.8571428571428571,7,0.17049047350883484,0.012833736836910248,0.07981835305690765,-0.1734197952919164,-0.14358747709673136,0.010303011615916536,FR,3,True,False,recoverable,0,False,RUNNING
15.766666666666412,1892,S1_APPROACH_AND_PRE_FR_SHIFT,ADVANCE,v003_20260805_224517_157723_manual:S1_APPROACH_AND_PRE_FR_SHIFT:PRIMARY_PROFILE:segments-0-6,14.174999999999748,0.8571428571428571,7,0.17154891788959503,0.012845039367675781,0.0797344520688057,-0.17370372728607986,-0.1433028385628012,0.010333921803685947,FR,3,True,False,recoverable,0,False,RUNNING
15.833333333333075,1900,S2_FR_TRAVERSE,FACE_CLEAR,v003_20260805_224517_157723_manual:S2_FR_TRAVERSE:PRIMARY_PROFILE:segments-7-23,0.05833333333333002,0.0,8,0.17173461616039276,0.012841612100601196,0.07970064133405685,-0.17368063518540405,-0.14328682619410957,0.010331109610934659,FR,3,True,False,recoverable,0,False,RUNNING
15.899999999999737,1908,S2_FR_TRAVERSE,FACE_CLEAR,v003_20260805_224517_157723_manual:S2_FR_TRAVERSE:PRIMARY_PROFILE:segments-7-23,0.1249999999999929,0.0,8,0.17176216840744019,0.01283862441778183,0.07966349273920059,-0.17369116894002182,-0.14322025191546378,0.010328586769152406,FR,3,True,False,recoverable,0,False,RUNNING
15.9666666666664,1916,S2_FR_TRAVERSE,FACE_CLEAR,v003_20260805_224517_157723_manual:S2_FR_TRAVERSE:PRIMARY_PROFILE:segments-7-23,0.19166666666665577,0.058823529411764705,9,0.17173618078231812,0.012819483876228333,0.07962992042303085,-0.17352745893886337,-0.14298571149371486,0.010293892462731767,FR,3,True,False,recoverable,0,False,RUNNING
16.033333333333065,1924,S2_FR_TRAVERSE,FACE_CLEAR,v003_20260805_224517_157723_manual:S2_FR_TRAVERSE:PRIMARY_PROFILE:segments-7-23,0.2583333333333204,0.058823529411764705,9,0.17180125415325165,0.012820526957511902,0.07960373908281326,-0.1735525312844985,-0.142941092719107,0.010291521230707677,FR,3,True,False,recoverable,0,False,RUNNING
16.099999999999728,1932,S2_FR_TRAVERSE,FACE_CLEAR,v003_20260805_224517_157723_manual:S2_FR_TRAVERSE:PRIMARY_PROFILE:segments-7-23,0.3249999999999833,0.058823529411764705,9,0.17190596461296082,0.012828953564167023,0.07957997173070908,-0.17366871662188527,-0.14297402959106995,0.010304751525678049,FR,3,True,False,recoverable,0,False,RUNNING
16.16666666666639,1940,S2_FR_TRAVERSE,FACE_CLEAR,v003_20260805_224517_157723_manual:S2_FR_TRAVERSE:PRIMARY_PROFILE:segments-7-23,0.3916666666666462,0.058823529411764705,9,0.1719769835472107,0.012825697660446167,0.07954519242048264,-0.17369371268996073,-0.1429415586666064,0.010314545651743024,FR,3,True,False,recoverable,0,False,RUNNING
16.233333333333054,1948,S2_FR_TRAVERSE,FACE_CLEAR,v003_20260805_224517_157723_manual:S2_FR_TRAVERSE:PRIMARY_PROFILE:segments-7-23,0.45833333333330906,0.11764705882352941,10,0.17202851176261902,0.012823447585105896,0.07951528578996658,-0.17368701459749225,-0.14285875507548323,0.010302182978578404,FR,3,True,False,recoverable,0,False,RUNNING
16.299999999999716,1956,S2_FR_TRAVERSE,FACE_CLEAR,v003_20260805_224517_157723_manual:S2_FR_TRAVERSE:PRIMARY_PROFILE:segments-7-23,0.5249999999999719,0.11764705882352941,10,0.17207704484462738,0.012821391224861145,0.07948379963636398,-0.1737048248766847,-0.14281002950230418,0.01030163728860886,FR,3,True,False,recoverable,0,False,RUNNING
16.36666666666638,1964,S2_FR_TRAVERSE,TOP_PLACE,v003_20260805_224517_157723_manual:S2_FR_TRAVERSE:PRIMARY_PROFILE:segments-7-23,0.5916666666666348,0.17647058823529413,11,0.1720806360244751,0.012862160801887512,0.07946694642305374,-0.17418405946872725,-0.14313298505949193,0.010380605342620584,FR,3,True,False,recoverable,0,False,RUNNING
16.433333333333042,1972,S2_FR_TRAVERSE,TOP_PLACE,v003_20260805_224517_157723_manual:S2_FR_TRAVERSE:PRIMARY_PROFILE:segments-7-23,0.6583333333332977,0.17647058823529413,11,0.17216908931732178,0.012809239327907562,0.07943575829267502,-0.17372091860507036,-0.14279187341117042,0.010338393497484492,FR,3,True,False,recoverable,0,False,RUNNING
16.499999999999705,1980,S2_FR_TRAVERSE,TOP_PLACE,v003_20260805_224517_157723_manual:S2_FR_TRAVERSE:PRIMARY_PROFILE:segments-7-23,0.7249999999999606,0.17647058823529413,11,0.1722790151834488,0.012775912880897522,0.07942106574773788,-0.17339733184279127,-0.14253352703762295,0.010308066953702922,FR,3,True,False,recoverable,0,False,RUNNING
16.566666666666368,1988,S2_FR_TRAVERSE,TOP_PLACE,v003_20260805_224517_157723_manual:S2_FR_TRAVERSE:PRIMARY_PROFILE:segments-7-23,0.7916666666666234,0.23529411764705882,12,0.17234355211257935,0.012811511754989624,0.07941237837076187,-0.17369025627393986,-0.14271976611072176,0.010317803249720148,FR,3,True,False,recoverable,0,False,RUNNING
16.63333333333303,1996,S2_FR_TRAVERSE,TOP_PLACE,v003_20260805_224517_157723_manual:S2_FR_TRAVERSE:PRIMARY_PROFILE:segments-7-23,0.8583333333332863,0.23529411764705882,12,0.17240779101848602,0.012809477746486664,0.07939070463180542,-0.17367058144015377,-0.14267033045284894,0.010306790335206428,FR,3,True,False,recoverable,0,False,RUNNING
16.699999999999694,2004,S2_FR_TRAVERSE,TOP_PLACE,v003_20260805_224517_157723_manual:S2_FR_TRAVERSE:PRIMARY_PROFILE:segments-7-23,0.9249999999999492,0.23529411764705882,12,0.17248062789440155,0.012768864631652832,0.07937249541282654,-0.17335792080715332,-0.14239486484382607,0.010300940499641694,FR,3,True,False,recoverable,0,False,RUNNING
16.766666666666357,2012,S2_FR_TRAVERSE,TOP_PLACE,v003_20260805_224517_157723_manual:S2_FR_TRAVERSE:PRIMARY_PROFILE:segments-7-23,0.9916666666666121,0.23529411764705882,12,0.1726006269454956,0.012705869972705841,0.0793590098619461,-0.17270627215786186,-0.14198497443537503,0.010228249915826725,FR,3,True,False,recoverable,0,False,RUNNING
16.83333333333302,2020,S2_FR_TRAVERSE,TOP_PLACE,v003_20260805_224517_157723_manual:S2_FR_TRAVERSE:PRIMARY_PROFILE:segments-7-23,1.058333333333275,0.23529411764705882,12,0.1726853996515274,0.012690849602222443,0.07934428751468658,-0.172570496656582,-0.14185924410969247,0.010219371574389081,FR,3,True,False,recoverable,0,False,RUNNING
16.899999999999682,2028,S2_FR_TRAVERSE,TOP_PLACE,v003_20260805_224517_157723_manual:S2_FR_TRAVERSE:PRIMARY_PROFILE:segments-7-23,1.1249999999999378,0.29411764705882354,13,0.17275238037109375,0.012689858675003052,0.07932687550783157,-0.17253661463257858,-0.14179553124568414,0.010198888794919652,FR,3,True,False,recoverable,0,False,RUNNING
16.966666666666345,2036,S2_FR_TRAVERSE,TOP_PLACE,v003_20260805_224517_157723_manual:S2_FR_TRAVERSE:PRIMARY_PROFILE:segments-7-23,1.1916666666666007,0.29411764705882354,13,0.17281502485275269,0.012693442404270172,0.07930947840213776,-0.17259265236895516,-0.14178695613832276,0.010199972184393363,FR,3,True,False,recoverable,0,False,RUNNING
17.033333333333008,2044,S2_FR_TRAVERSE,TOP_PLACE,v003_20260805_224517_157723_manual:S2_FR_TRAVERSE:PRIMARY_PROFILE:segments-7-23,1.2583333333332636,0.35294117647058826,14,0.1729058474302292,0.01270197331905365,0.07928436994552612,-0.17271851945633607,-0.14185570085096869,0.010223097262856461,FR,3,True,False,recoverable,0,False,RUNNING
17.09999999999967,2052,S2_FR_TRAVERSE,TOP_PLACE,v003_20260805_224517_157723_manual:S2_FR_TRAVERSE:PRIMARY_PROFILE:segments-7-23,1.3249999999999265,0.4117647058823529,15,0.17295825481414795,0.012676969170570374,0.0792563334107399,-0.17244689346541292,-0.14165014724596586,0.010178449380199127,FR,3,True,False,recoverable,0,False,RUNNING
17.166666666666334,2060,S2_FR_TRAVERSE,TOP_PLACE,v003_20260805_224517_157723_manual:S2_FR_TRAVERSE:PRIMARY_PROFILE:segments-7-23,1.3916666666665893,0.4117647058823529,15,0.17305117845535278,0.012689054012298584,0.07924205809831619,-0.17261362938072047,-0.14172243281092592,0.010210134483460252,FR,3,True,False,recoverable,0,False,RUNNING
17.233333333332997,2068,S2_FR_TRAVERSE,TOP_PLACE,v003_20260805_224517_157723_manual:S2_FR_TRAVERSE:PRIMARY_PROFILE:segments-7-23,1.4583333333332522,0.47058823529411764,16,0.17313389480113983,0.01270180195569992,0.07922971248626709,-0.17275493714893303,-0.14176974009455132,0.01022436458114944,FR,3,True,False,recoverable,0,False,RUNNING
17.29999999999966,2076,S2_FR_TRAVERSE,TOP_PLACE,v003_20260805_224517_157723_manual:S2_FR_TRAVERSE:PRIMARY_PROFILE:segments-7-23,1.524999999999915,0.47058823529411764,16,0.17322957515716553,0.012709714472293854,0.07922106981277466,-0.17283933207454494,-0.14175159436973583,0.010225222277291333,FR,3,True,False,recoverable,0,False,RUNNING
17.366666666666323,2084,S2_FR_TRAVERSE,TOP_PLACE,v003_20260805_224517_157723_manual:S2_FR_TRAVERSE:PRIMARY_PROFILE:segments-7-23,1.591666666666578,0.5294117647058824,17,0.1740262806415558,0.012558124959468842,0.07834799587726593,-0.17343420892938274,-0.13329551015878222,0.008438193123355607,FR,3,True,False,recoverable,0,False,RUNNING
17.433333333332985,2092,S2_FR_TRAVERSE,TOP_PLACE,v003_20260805_224517_157723_manual:S2_FR_TRAVERSE:PRIMARY_PROFILE:segments-7-23,1.6583333333332408,0.5294117647058824,17,0.17537608742713928,0.011060424149036407,0.07208417356014252,-0.16899076857544953,-0.10786540381933117,0.0038615617841716663,FR,3,True,False,recoverable,0,False,RUNNING
17.49999999999965,2100,S2_FR_TRAVERSE,TOP_PLACE,v003_20260805_224517_157723_manual:S2_FR_TRAVERSE:PRIMARY_PROFILE:segments-7-23,1.7249999999999037,0.5294117647058824,17,0.1810007244348526,0.010566189885139465,0.06832148134708405,-0.17163719781306075,-0.10105642304372969,0.002491032101870761,FR,3,True,False,recoverable,0,False,RUNNING
17.56666666666631,2108,S2_FR_TRAVERSE,TOP_PLACE,v003_20260805_224517_157723_manual:S2_FR_TRAVERSE:PRIMARY_PROFILE:segments-7-23,1.7916666666665666,0.5294117647058824,17,0.1820630133152008,0.010017402470111847,0.06585615128278732,-0.16987597392127862,-0.09189870857556134,0.000957815255047377,FR,3,True,False,recoverable,0,False,RUNNING
17.633333333332974,2116,S2_FR_TRAVERSE,TOP_PLACE,v003_20260805_224517_157723_manual:S2_FR_TRAVERSE:PRIMARY_PROFILE:segments-7-23,1.8583333333332295,0.5294117647058824,17,0.18134120106697083,0.010174311697483063,0.06723428517580032,-0.1685451445284812,-0.09329321666691626,0.0012290870817935208,FR,3,True,False,recoverable,0,False,RUNNING
17.699999999999637,2124,S2_FR_TRAVERSE,TOP_PLACE,v003_20260805_224517_157723_manual:S2_FR_TRAVERSE:PRIMARY_PROFILE:segments-7-23,1.9249999999998924,0.5294117647058824,17,0.17937487363815308,0.010892115533351898,0.07003424316644669,-0.17107047542667525,-0.10250431375003616,0.002926800942226705,FR,3,True,False,recoverable,0,False,RUNNING
17.7666666666663,2132,S2_FR_TRAVERSE,TOP_PLACE,v003_20260805_224517_157723_manual:S2_FR_TRAVERSE:PRIMARY_PROFILE:segments-7-23,1.9916666666665552,0.5294117647058824,17,0.17964139580726624,0.011248290538787842,0.07150010764598846,-0.17213633120532124,-0.1095815920293266,0.004059619508296916,FR,3,True,False,recoverable,0,False,RUNNING
17.833333333332963,2140,S2_FR_TRAVERSE,TOP_PLACE,v003_20260805_224517_157723_manual:S2_FR_TRAVERSE:PRIMARY_PROFILE:segments-7-23,2.058333333333218,0.5294117647058824,17,0.17981070280075073,0.011412762105464935,0.07285697758197784,-0.171086750799349,-0.11313772783070175,0.004688370071429061,FR,3,True,False,recoverable,0,False,RUNNING
17.899999999999626,2148,S2_FR_TRAVERSE,TOP_PLACE,v003_20260805_224517_157723_manual:S2_FR_TRAVERSE:PRIMARY_PROFILE:segments-7-23,2.124999999999881,0.5294117647058824,17,0.17980577051639557,0.011589288711547852,0.07473798096179962,-0.17058668082944095,-0.11889081476380413,0.005357491435957736,FR,3,True,False,recoverable,0,False,RUNNING
17.96666666666629,2156,S2_FR_TRAVERSE,TOP_PLACE,v003_20260805_224517_157723_manual:S2_FR_TRAVERSE:PRIMARY_PROFILE:segments-7-23,2.191666666666544,0.5294117647058824,17,0.17999780178070068,0.011694401502609253,0.07650073617696762,-0.16950356392751034,-0.12386417935728318,0.005853619371380042,FR,3,True,False,recoverable,0,False,RUNNING
18.03333333333295,2164,S2_FR_TRAVERSE,TOP_PLACE,v003_20260805_224517_157723_manual:S2_FR_TRAVERSE:PRIMARY_PROFILE:segments-7-23,2.2583333333332067,0.5294117647058824,17,0.18007229268550873,0.011849954724311829,0.07834492623806,-0.16885655084207696,-0.12881205238647006,0.006225590793205383,FR,3,True,False,recoverable,0,False,RUNNING
18.099999999999614,2172,S2_FR_TRAVERSE,TOP_PLACE,v003_20260805_224517_157723_manual:S2_FR_TRAVERSE:PRIMARY_PROFILE:segments-7-23,2.3249999999998696,0.5294117647058824,17,0.18048378825187683,0.011908844113349915,0.0799625888466835,-0.1679329993812204,-0.13374802496748392,0.006518208913123966,FR,3,True,False,recoverable,0,False,RUNNING
18.166666666666277,2180,S2_FR_TRAVERSE,TOP_PLACE,v003_20260805_224517_157723_manual:S2_FR_TRAVERSE:PRIMARY_PROFILE:segments-7-23,2.3916666666665325,0.5294117647058824,17,0.1806086301803589,0.012053921818733215,0.08135318011045456,-0.16753578718365753,-0.13744395154248135,0.007038333256207054,FR,3,True,False,recoverable,0,False,RUNNING
18.23333333333294,2188,S2_FR_TRAVERSE,TOP_PLACE,v003_20260805_224517_157723_manual:S2_FR_TRAVERSE:PRIMARY_PROFILE:segments-7-23,2.4583333333331954,0.5294117647058824,17,0.1799475997686386,0.012222252786159515,0.08205670118331909,-0.1675080586003399,-0.13929328553138062,0.007375400679365295,FR,3,True,False,recoverable,0,False,RUNNING
18.299999999999603,2196,S2_FR_TRAVERSE,TOP_PLACE,v003_20260805_224517_157723_manual:S2_FR_TRAVERSE:PRIMARY_PROFILE:segments-7-23,2.5249999999998582,0.5294117647058824,17,0.17751272022724152,0.01249837875366211,0.08186180144548416,-0.1693235438204504,-0.13788810535496346,0.007576274088973571,FR,3,True,False,recoverable,0,False,RUNNING
18.366666666666266,2204,S2_FR_TRAVERSE,TOP_PLACE,v003_20260805_224517_157723_manual:S2_FR_TRAVERSE:PRIMARY_PROFILE:segments-7-23,2.591666666666521,0.5294117647058824,17,0.17539727687835693,0.012128636240959167,0.0804382860660553,-0.169288588234358,-0.1346482027597007,0.010120606305711476,FR,3,True,False,recoverable,0,False,RUNNING
18.43333333333293,2212,S2_FR_TRAVERSE,TOP_PLACE,v003_20260805_224517_157723_manual:S2_FR_TRAVERSE:PRIMARY_PROFILE:segments-7-23,2.658333333333184,0.5294117647058824,17,0.17259950935840607,0.01166987419128418,0.07835573703050613,-0.17045539312297525,-0.1284680619092496,0.010512853231555116,FR,3,True,False,recoverable,0,False,RUNNING
18.49999999999959,2220,S2_FR_TRAVERSE,TOP_PLACE,v003_20260805_224517_157723_manual:S2_FR_TRAVERSE:PRIMARY_PROFILE:segments-7-23,2.724999999999847,0.5294117647058824,17,0.17157119512557983,0.01146727055311203,0.07823066413402557,-0.17038396834033978,-0.12772851536075944,0.011315437983110724,FR,3,True,False,recoverable,0,False,RUNNING
18.566666666666254,2228,S2_FR_TRAVERSE,TOP_PLACE,v003_20260805_224517_157723_manual:S2_FR_TRAVERSE:PRIMARY_PROFILE:segments-7-23,2.7916666666665098,0.5294117647058824,18,0.16977167129516602,0.011713743209838867,0.07997632771730423,-0.17010687332284,-0.13236005223165045,0.012386018373437061,FR,3,True,False,recoverable,0,False,RUNNING
18.633333333332917,2236,S2_FR_TRAVERSE,TOP_PLACE,v003_20260805_224517_157723_manual:S2_FR_TRAVERSE:PRIMARY_PROFILE:segments-7-23,2.8583333333331726,0.5882352941176471,18,0.16681699454784393,0.012032650411128998,0.0815296545624733,-0.17091075495369923,-0.13555856992668291,0.013106503566557511,FR,3,True,False,recoverable,0,False,RUNNING
18.69999999999958,2244,S2_FR_TRAVERSE,TOP_PLACE,v003_20260805_224517_157723_manual:S2_FR_TRAVERSE:PRIMARY_PROFILE:segments-7-23,2.9249999999998355,0.6470588235294118,19,0.16499140858650208,0.012237653136253357,0.08251141011714935,-0.17115130319464544,-0.1373596102578984,0.013774609019877522,FR,3,True,False,recoverable,0,False,RUNNING
18.766666666666243,2252,S2_FR_TRAVERSE,TOP_PLACE,v003_20260805_224517_157723_manual:S2_FR_TRAVERSE:PRIMARY_PROFILE:segments-7-23,2.9916666666664984,0.6470588235294118,19,0.16456840932369232,0.01233932375907898,0.08292840421199799,-0.1713374667030871,-0.13819865078038454,0.014250443704948254,FR,3,True,False,recoverable,0,False,RUNNING
18.833333333332906,2260,S2_FR_TRAVERSE,TOP_PLACE,v003_20260805_224517_157723_manual:S2_FR_TRAVERSE:PRIMARY_PROFILE:segments-7-23,3.0583333333331613,0.6470588235294118,19,0.16456636786460876,0.012452378869056702,0.08308602124452591,-0.1716732720018855,-0.13872566663536998,0.0144948885335795,FR,3,True,False,recoverable,0,False,RUNNING
18.89999999999957,2268,S2_FR_TRAVERSE,TOP_PLACE,v003_20260805_224517_157723_manual:S2_FR_TRAVERSE:PRIMARY_PROFILE:segments-7-23,3.124999999999824,0.6470588235294118,19,0.1646326333284378,0.012513421475887299,0.08317182958126068,-0.1716760184942994,-0.13895731358692195,0.014765724522688827,FR,3,True,False,recoverable,0,False,RUNNING
18.96666666666623,2276,S2_FR_TRAVERSE,TOP_PLACE,v003_20260805_224517_157723_manual:S2_FR_TRAVERSE:PRIMARY_PROFILE:segments-7-23,3.191666666666487,0.6470588235294118,19,0.16410818696022034,0.012508571147918701,0.08355969935655594,-0.17181237642927405,-0.13998568054153585,0.015101981572209959,FR,3,True,False,recoverable,0,False,RUNNING
19.033333333332894,2284,S2_FR_TRAVERSE,TOP_PLACE,v003_20260805_224517_157723_manual:S2_FR_TRAVERSE:PRIMARY_PROFILE:segments-7-23,3.25833333333315,0.6470588235294118,19,0.1633998602628708,0.012545019388198853,0.08388155698776245,-0.17178317376254784,-0.14092035155273946,0.015267541692727258,FR,3,True,False,recoverable,0,False,RUNNING
19.099999999999557,2292,S2_FR_TRAVERSE,TOP_PLACE,v003_20260805_224517_157723_manual:S2_FR_TRAVERSE:PRIMARY_PROFILE:segments-7-23,3.3249999999998128,0.6470588235294118,19,0.16257667541503906,0.01250428706407547,0.08414927124977112,-0.17165445346502542,-0.14183319447838752,0.01560112017092183,FR,3,True,False,recoverable,0,False,RUNNING
19.16666666666622,2300,S2_FR_TRAVERSE,TOP_PLACE,v003_20260805_224517_157723_manual:S2_FR_TRAVERSE:PRIMARY_PROFILE:segments-7-23,3.3916666666664756,0.6470588235294118,19,0.1620996594429016,0.012524180114269257,0.08432789891958237,-0.17152977533369018,-0.14252217749644489,0.01595087176459348,FR,3,True,False,recoverable,0,False,RUNNING
19.233333333332883,2308,S2_FR_TRAVERSE,TOP_PLACE,v003_20260805_224517_157723_manual:S2_FR_TRAVERSE:PRIMARY_PROFILE:segments-7-23,3.4583333333331385,0.6470588235294118,19,0.16221168637275696,0.0125264972448349,0.08437219262123108,-0.17197582894554156,-0.14311037266216664,0.01626175306335178,FR,3,True,False,recoverable,0,False,RUNNING
19.299999999999546,2316,S2_FR_TRAVERSE,TOP_PLACE,v003_20260805_224517_157723_manual:S2_FR_TRAVERSE:PRIMARY_PROFILE:segments-7-23,3.5249999999998014,0.6470588235294118,19,0.1630275547504425,0.012574426829814911,0.08436143398284912,-0.17248229216361322,-0.14362832130789704,0.016380415037340817,FR,3,True,False,recoverable,0,False,RUNNING
19.36666666666621,2324,S2_FR_TRAVERSE,TOP_PLACE,v003_20260805_224517_157723_manual:S2_FR_TRAVERSE:PRIMARY_PROFILE:segments-7-23,3.5916666666664643,0.6470588235294118,19,0.16394777595996857,0.01258832961320877,0.08424749225378036,-0.17283984379520284,-0.14397798376384147,0.016563107042579045,FR,3,True,False,recoverable,0,False,RUNNING
19.43333333333287,2332,S2_FR_TRAVERSE,TOP_PLACE,v003_20260805_224517_157723_manual:S2_FR_TRAVERSE:PRIMARY_PROFILE:segments-7-23,3.658333333333127,0.6470588235294118,19,0.16494348645210266,0.0125688835978508,0.08410089462995529,-0.1730534365492338,-0.14402453033199955,0.01660895865840469,FR,3,True,False,recoverable,0,False,RUNNING
19.499999999999535,2340,S2_FR_TRAVERSE,TOP_PLACE,v003_20260805_224517_157723_manual:S2_FR_TRAVERSE:PRIMARY_PROFILE:segments-7-23,3.72499999999979,0.6470588235294118,19,0.16604146361351013,0.012528382241725922,0.08397235721349716,-0.17260885168661544,-0.14353041008640718,0.016637364524615596,FR,3,True,False,recoverable,0,False,RUNNING
19.566666666666197,2348,S2_FR_TRAVERSE,TOP_PLACE,v003_20260805_224517_157723_manual:S2_FR_TRAVERSE:PRIMARY_PROFILE:segments-7-23,3.791666666666453,0.6470588235294118,19,0.16713622212409973,0.012480713427066803,0.08380717039108276,-0.17224463877723276,-0.1429759532211155,0.016693036980671216,FR,3,True,False,recoverable,0,False,RUNNING
19.63333333333286,2356,S2_FR_TRAVERSE,TOP_PLACE,v003_20260805_224517_157723_manual:S2_FR_TRAVERSE:PRIMARY_PROFILE:segments-7-23,3.858333333333116,0.6470588235294118,19,0.16828082501888275,0.01243128627538681,0.08361926674842834,-0.17184835020501169,-0.142406579744882,0.016699984930366698,FR,3,True,False,recoverable,0,False,RUNNING
19.699999999999523,2364,S2_FR_TRAVERSE,TOP_PLACE,v003_20260805_224517_157723_manual:S2_FR_TRAVERSE:PRIMARY_PROFILE:segments-7-23,3.9249999999997787,0.6470588235294118,19,0.1694294959306717,0.012417539954185486,0.08342208713293076,-0.17133728290078198,-0.14176964790072535,0.016841197357551085,FR,3,True,False,recoverable,0,False,RUNNING
19.766666666666186,2372,S2_FR_TRAVERSE,TOP_PLACE,v003_20260805_224517_157723_manual:S2_FR_TRAVERSE:PRIMARY_PROFILE:segments-7-23,3.9916666666664415,0.6470588235294118,19,0.17062726616859436,0.012366965413093567,0.0831720307469368,-0.17108805364265767,-0.14111016439045532,0.01679350948131257,FR,3,True,False,recoverable,0,False,RUNNING
19.83333333333285,2380,S2_FR_TRAVERSE,TOP_PLACE,v003_20260805_224517_157723_manual:S2_FR_TRAVERSE:PRIMARY_PROFILE:segments-7-23,4.058333333333104,0.6470588235294118,19,0.1718519926071167,0.01231878250837326,0.08289695531129837,-0.17081509526920283,-0.140427361359138,0.01672666023152034,FR,3,True,False,recoverable,0,False,RUNNING
19.899999999999512,2388,S2_FR_TRAVERSE,TOP_PLACE,v003_20260805_224517_157723_manual:S2_FR_TRAVERSE:PRIMARY_PROFILE:segments-7-23,4.124999999999767,0.6470588235294118,19,0.17309314012527466,0.01227523386478424,0.08260708302259445,-0.17047062835088977,-0.1396735463249225,0.016685456133131004,FR,3,True,False,recoverable,0,False,RUNNING
19.966666666666175,2396,S2_FR_TRAVERSE,TOP_PLACE,v003_20260805_224517_157723_manual:S2_FR_TRAVERSE:PRIMARY_PROFILE:segments-7-23,4.19166666666643,0.6470588235294118,19,0.17410340905189514,0.012224726378917694,0.08248984813690186,-0.17005613173102085,-0.13932239864080423,0.016636350876634627,FR,3,True,False,recoverable,0,False,RUNNING
20.033333333332838,2404,S2_FR_TRAVERSE,TOP_PLACE,v003_20260805_224517_157723_manual:S2_FR_TRAVERSE:PRIMARY_PROFILE:segments-7-23,4.258333333333093,0.6470588235294118,19,0.17488381266593933,0.012193925678730011,0.0825669914484024,-0.16965358579495074,-0.13946705709409818,0.016578748624263603,FR,3,True,False,recoverable,0,False,RUNNING
20.0999999999995,2412,S2_FR_TRAVERSE,TOP_PLACE,v003_20260805_224517_157723_manual:S2_FR_TRAVERSE:PRIMARY_PROFILE:segments-7-23,4.324999999999756,0.6470588235294118,19,0.17574343085289001,0.012164339423179626,0.08263973891735077,-0.16911584180697262,-0.1396562786958433,0.016548139920587852,FR,3,True,False,recoverable,0,False,RUNNING
20.166666666666163,2420,S2_FR_TRAVERSE,TOP_PLACE,v003_20260805_224517_157723_manual:S2_FR_TRAVERSE:PRIMARY_PROFILE:segments-7-23,4.391666666666419,0.6470588235294118,19,0.17660944163799286,0.01212841272354126,0.08268474787473679,-0.16885598791287487,-0.139823007275208,0.016563221764993856,FR,3,True,False,recoverable,0,False,RUNNING
20.233333333332826,2428,S2_FR_TRAVERSE,TOP_PLACE,v003_20260805_224517_157723_manual:S2_FR_TRAVERSE:PRIMARY_PROFILE:segments-7-23,4.458333333333082,0.6470588235294118,19,0.17732983827590942,0.012119121849536896,0.08274085819721222,-0.16899664771128842,-0.13989883164937686,0.01650008122845901,FR,3,True,False,recoverable,0,False,RUNNING
20.29999999999949,2436,S2_FR_TRAVERSE,TOP_PLACE,v003_20260805_224517_157723_manual:S2_FR_TRAVERSE:PRIMARY_PROFILE:segments-7-23,4.524999999999745,0.6470588235294118,19,0.17814333736896515,0.012100942432880402,0.0827857255935669,-0.16919356354288329,-0.14003128840150572,0.016484884621191,FR,3,True,False,recoverable,0,False,RUNNING
20.366666666666152,2444,S2_FR_TRAVERSE,TOP_PLACE,v003_20260805_224517_157723_manual:S2_FR_TRAVERSE:PRIMARY_PROFILE:segments-7-23,4.591666666666407,0.6470588235294118,19,0.17898893356323242,0.01208498328924179,0.08281461149454117,-0.1693985611057579,-0.14021243677000855,0.01642947419804489,FR,3,True,False,recoverable,0,False,RUNNING
20.433333333332815,2452,S2_FR_TRAVERSE,TOP_PLACE,v003_20260805_224517_157723_manual:S2_FR_TRAVERSE:PRIMARY_PROFILE:segments-7-23,4.65833333333307,0.6470588235294118,19,0.17987146973609924,0.012069866061210632,0.08283133059740067,-0.16968705231073947,-0.1404229095551649,0.016386978794698703,FR,3,True,False,recoverable,0,False,RUNNING
20.499999999999478,2460,S2_FR_TRAVERSE,TOP_PLACE,v003_20260805_224517_157723_manual:S2_FR_TRAVERSE:PRIMARY_PROFILE:segments-7-23,4.724999999999733,0.6470588235294118,19,0.18078820407390594,0.012050889432430267,0.08283020555973053,-0.17000148590473477,-0.14062058048937182,0.016318012265484978,FR,3,True,False,recoverable,0,False,RUNNING
20.56666666666614,2468,S2_FR_TRAVERSE,TOP_PLACE,v003_20260805_224517_157723_manual:S2_FR_TRAVERSE:PRIMARY_PROFILE:segments-7-23,4.791666666666396,0.6470588235294118,19,0.18172785639762878,0.01205388456583023,0.08281229436397552,-0.17028524376909024,-0.14080126813782892,0.016350953469127245,FR,3,True,False,recoverable,0,False,RUNNING
20.633333333332804,2476,S2_FR_TRAVERSE,TOP_PLACE,v003_20260805_224517_157723_manual:S2_FR_TRAVERSE:PRIMARY_PROFILE:segments-7-23,4.858333333333059,0.6470588235294118,19,0.18269525468349457,0.012060515582561493,0.08277720957994461,-0.1706036172572828,-0.14098082657476388,0.016390257039204624,FR,3,True,False,recoverable,0,False,RUNNING
20.699999999999466,2484,S2_FR_TRAVERSE,TOP_PLACE,v003_20260805_224517_157723_manual:S2_FR_TRAVERSE:PRIMARY_PROFILE:segments-7-23,4.924999999999722,0.6470588235294118,19,0.18368133902549744,0.012070521712303162,0.0827125757932663,-0.17103197054061314,-0.141180837043001,0.01644287200169062,FR,3,True,False,recoverable,0,False,RUNNING
20.76666666666613,2492,S2_FR_TRAVERSE,TOP_PLACE,v003_20260805_224517_157723_manual:S2_FR_TRAVERSE:PRIMARY_PROFILE:segments-7-23,4.991666666666385,0.6470588235294118,19,0.18469098210334778,0.012077294290065765,0.08263203501701355,-0.17147159300812434,-0.1413518115294431,0.016496798429093185,FR,3,True,False,recoverable,0,False,RUNNING
20.833333333332792,2500,S2_FR_TRAVERSE,TOP_PLACE,v003_20260805_224517_157723_manual:S2_FR_TRAVERSE:PRIMARY_PROFILE:segments-7-23,5.058333333333048,0.6470588235294118,19,0.18571743369102478,0.012088336050510406,0.08252360671758652,-0.17200226305261024,-0.14155120672701346,0.01655153548548209,FR,3,True,False,recoverable,0,False,RUNNING
20.899999999999455,2508,S2_FR_TRAVERSE,TOP_PLACE,v003_20260805_224517_157723_manual:S2_FR_TRAVERSE:PRIMARY_PROFILE:segments-7-23,5.1249999999997105,0.6470588235294118,19,0.1867547631263733,0.012095920741558075,0.0823967456817627,-0.17253135588450202,-0.14172952981405154,0.016604628029400118,FR,3,True,False,recoverable,0,False,RUNNING
20.966666666666118,2516,S2_FR_TRAVERSE,TOP_PLACE,v003_20260805_224517_157723_manual:S2_FR_TRAVERSE:PRIMARY_PROFILE:segments-7-23,5.191666666666373,0.6470588235294118,19,0.18781019747257233,0.01207984983921051,0.08228571712970734,-0.17278033426757403,-0.14161681070767543,0.016599066752767042,FR,3,True,False,recoverable,0,False,RUNNING
21.03333333333278,2524,S2_FR_TRAVERSE,TOP_PLACE,v003_20260805_224517_157723_manual:S2_FR_TRAVERSE:PRIMARY_PROFILE:segments-7-23,5.258333333333036,0.6470588235294118,19,0.1889069527387619,0.012036815285682678,0.08217716217041016,-0.17273991413611473,-0.14130086081241278,0.016555037200254755,FR,3,True,False,recoverable,0,False,RUNNING
21.099999999999444,2532,S2_FR_TRAVERSE,TOP_PLACE,v003_20260805_224517_157723_manual:S2_FR_TRAVERSE:PRIMARY_PROFILE:segments-7-23,5.324999999999699,0.6470588235294118,19,0.19000354409217834,0.012023627758026123,0.08204423636198044,-0.17276686407049852,-0.14098408099080692,0.016612001317463727,FR,3,True,False,recoverable,0,False,RUNNING
21.166666666666107,2540,S2_FR_TRAVERSE,TOP_PLACE,v003_20260805_224517_157723_manual:S2_FR_TRAVERSE:PRIMARY_PROFILE:segments-7-23,5.391666666666362,0.6470588235294118,19,0.19111718237400055,0.012012884020805359,0.08188298344612122,-0.172824465317677,-0.1406659060381393,0.01668373559681755,FR,3,True,False,recoverable,0,False,RUNNING
21.23333333333277,2548,S2_FR_TRAVERSE,TOP_PLACE,v003_20260805_224517_157723_manual:S2_FR_TRAVERSE:PRIMARY_PROFILE:segments-7-23,5.458333333333025,0.6470588235294118,19,0.1922358274459839,0.012010626494884491,0.08168808370828629,-0.17289228687168162,-0.14035883125201828,0.01669367979311771,FR,3,True,False,recoverable,0,False,RUNNING
21.299999999999432,2556,S2_FR_TRAVERSE,TOP_PLACE,v003_20260805_224517_157723_manual:S2_FR_TRAVERSE:PRIMARY_PROFILE:segments-7-23,5.524999999999688,0.6470588235294118,19,0.19337348639965057,0.012020587921142578,0.08146822452545166,-0.17293945317132442,-0.1400120811468946,0.016698310446705222,FR,3,True,False,recoverable,0,False,RUNNING
21.366666666666095,2564,S2_FR_TRAVERSE,TOP_PLACE,v003_20260805_224517_157723_manual:S2_FR_TRAVERSE:PRIMARY_PROFILE:segments-7-23,5.591666666666351,0.6470588235294118,19,0.19454817473888397,0.01202208548784256,0.081221804022789,-0.17302216043733265,-0.13965171022301004,0.016729004840335404,FR,3,True,False,recoverable,0,False,RUNNING
21.433333333332758,2572,S2_FR_TRAVERSE,TOP_PLACE,v003_20260805_224517_157723_manual:S2_FR_TRAVERSE:PRIMARY_PROFILE:segments-7-23,5.6583333333330135,0.6470588235294118,19,0.19574904441833496,0.011971265077590942,0.08100978285074234,-0.17256831208110604,-0.13880265261554445,0.016635761278924056,FR,3,True,False,recoverable,0,False,RUNNING
21.49999999999942,2580,S2_FR_TRAVERSE,TOP_PLACE,v003_20260805_224517_157723_manual:S2_FR_TRAVERSE:PRIMARY_PROFILE:segments-7-23,5.724999999999676,0.6470588235294118,19,0.19658884406089783,0.011906735599040985,0.08111430704593658,-0.17178846302734468,-0.13853749803543333,0.016501153942627068,FR,3,True,False,recoverable,0,False,RUNNING
21.566666666666084,2588,S2_FR_TRAVERSE,TOP_PLACE,v003_20260805_224517_157723_manual:S2_FR_TRAVERSE:PRIMARY_PROFILE:segments-7-23,5.791666666666339,0.6470588235294118,19,0.19747328758239746,0.011833012104034424,0.08121343702077866,-0.17110347949158475,-0.13838770711395645,0.016351096066642947,FR,3,True,False,recoverable,0,False,RUNNING
21.633333333332747,2596,S2_FR_TRAVERSE,TOP_PLACE,v003_20260805_224517_157723_manual:S2_FR_TRAVERSE:PRIMARY_PROFILE:segments-7-23,5.858333333333002,0.6470588235294118,19,0.19842229783535004,0.011760823428630829,0.08129341155290604,-0.17037238919288927,-0.13827194154714498,0.016242811343665942,FR,3,True,False,recoverable,0,False,RUNNING
21.69999999999941,2604,S2_FR_TRAVERSE,TOP_PLACE,v003_20260805_224517_157723_manual:S2_FR_TRAVERSE:PRIMARY_PROFILE:segments-7-23,5.924999999999665,0.6470588235294118,19,0.19941475987434387,0.011681482195854187,0.08135314285755157,-0.16961304568915428,-0.13820236787783463,0.016131154107805114,FR,3,True,False,recoverable,0,False,RUNNING
21.766666666666072,2612,S2_FR_TRAVERSE,TOP_PLACE,v003_20260805_224517_157723_manual:S2_FR_TRAVERSE:PRIMARY_PROFILE:segments-7-23,5.991666666666328,0.6470588235294118,19,0.20042875409126282,0.011596404016017914,0.0813942551612854,-0.1688662219250146,-0.13813726274661575,0.016006679998797454,FR,3,True,False,recoverable,0,False,RUNNING
21.833333333332735,2620,S2_FR_TRAVERSE,TOP_PLACE,v003_20260805_224517_157723_manual:S2_FR_TRAVERSE:PRIMARY_PROFILE:segments-7-23,6.058333333332991,0.6470588235294118,19,0.20135803520679474,0.011540919542312622,0.08143995702266693,-0.16840840267232104,-0.1379636520001055,0.015943446581098225,FR,3,True,False,recoverable,0,False,RUNNING
21.899999999999398,2628,S2_FR_TRAVERSE,TOP_PLACE,v003_20260805_224517_157723_manual:S2_FR_TRAVERSE:PRIMARY_PROFILE:segments-7-23,6.124999999999654,0.6470588235294118,19,0.20214150846004486,0.01153392344713211,0.0815000906586647,-0.16834787366034346,-0.1376818626598992,0.01595862289862403,FR,3,True,False,recoverable,0,False,RUNNING
21.96666666666606,2636,S2_FR_TRAVERSE,TOP_PLACE,v003_20260805_224517_157723_manual:S2_FR_TRAVERSE:PRIMARY_PROFILE:segments-7-23,6.1916666666663165,0.6470588235294118,19,0.2029920071363449,0.011535391211509705,0.08153963088989258,-0.1683760762328744,-0.13745915610227644,0.015977238901571586,FR,3,True,False,recoverable,0,False,RUNNING
22.033333333332724,2644,S2_FR_TRAVERSE,TOP_PLACE,v003_20260805_224517_157723_manual:S2_FR_TRAVERSE:PRIMARY_PROFILE:segments-7-23,6.258333333332979,0.6470588235294118,19,0.20391297340393066,0.011528611183166504,0.08155769109725952,-0.16846217265451796,-0.13729282887730151,0.01603628382425129,FR,3,True,False,recoverable,0,False,RUNNING
22.099999999999387,2652,S2_FR_TRAVERSE,TOP_PLACE,v003_20260805_224517_157723_manual:S2_FR_TRAVERSE:PRIMARY_PROFILE:segments-7-23,6.324999999999642,0.6470588235294118,19,0.20485766232013702,0.011519722640514374,0.08155661821365356,-0.16856099071938965,-0.13713699385598668,0.01610153754241536,FR,3,True,False,recoverable,0,False,RUNNING
22.16666666666605,2660,S2_FR_TRAVERSE,TOP_PLACE,v003_20260805_224517_157723_manual:S2_FR_TRAVERSE:PRIMARY_PROFILE:segments-7-23,6.391666666666305,0.6470588235294118,19,0.2058393657207489,0.011515051126480103,0.08153299242258072,-0.1687507114307346,-0.1370176014352889,0.01617988764998761,FR,3,True,False,recoverable,0,False,RUNNING
22.233333333332713,2668,S2_FR_TRAVERSE,TOP_PLACE,v003_20260805_224517_157723_manual:S2_FR_TRAVERSE:PRIMARY_PROFILE:segments-7-23,6.458333333332968,0.6470588235294118,19,0.2068181335926056,0.011508308351039886,0.08150278031826019,-0.16891188318229503,-0.13682784206308327,0.016240924539034734,FR,3,True,False,recoverable,0,False,RUNNING
22.299999999999375,2676,S2_FR_TRAVERSE,TOP_PLACE,v003_20260805_224517_157723_manual:S2_FR_TRAVERSE:PRIMARY_PROFILE:segments-7-23,6.524999999999631,0.7058823529411765,20,0.20692506432533264,0.011494971811771393,0.08147713541984558,-0.1688649845030502,-0.1368671421510071,0.016276156983795056,FR,3,True,False,recoverable,0,False,RUNNING
22.36666666666604,2684,S2_FR_TRAVERSE,TOP_PLACE,v003_20260805_224517_157723_manual:S2_FR_TRAVERSE:PRIMARY_PROFILE:segments-7-23,6.591666666666294,0.7647058823529411,21,0.20663270354270935,0.011185713112354279,0.08185397833585739,-0.1649069812942474,-0.13339781062948924,0.015624084423587627,FR,3,True,False,recoverable,0,False,RUNNING
22.4333333333327,2692,S2_FR_TRAVERSE,TOP_PLACE,v003_20260805_224517_157723_manual:S2_FR_TRAVERSE:PRIMARY_PROFILE:segments-7-23,6.658333333332957,0.8235294117647058,22,0.2064848244190216,0.00956907868385315,0.08392130583524704,-0.14465479416965316,-0.11671968888491355,0.01272760599823432,FR,3,True,False,recoverable,0,False,RUNNING
22.499999999999364,2700,S2_FR_TRAVERSE,TOP_PLACE,v003_20260805_224517_157723_manual:S2_FR_TRAVERSE:PRIMARY_PROFILE:segments-7-23,6.7249999999996195,0.8235294117647058,22,0.20865976810455322,0.007028311491012573,0.08711142092943192,-0.11442753716522552,-0.0953027553174381,0.009521700848561267,FR,3,True,False,recoverable,0,False,RUNNING
22.566666666666027,2708,S2_FR_TRAVERSE,TOP_PLACE,v003_20260805_224517_157723_manual:S2_FR_TRAVERSE:PRIMARY_PROFILE:segments-7-23,6.791666666666282,0.8235294117647058,22,0.21073172986507416,0.005008615553379059,0.08950754255056381,-0.09113983289970203,-0.07897737750894343,0.0075456242631135925,FR,3,True,False,recoverable,0,False,RUNNING
22.63333333333269,2716,S2_FR_TRAVERSE,TOP_PLACE,v003_20260805_224517_157723_manual:S2_FR_TRAVERSE:PRIMARY_PROFILE:segments-7-23,6.858333333332945,0.8823529411764706,23,0.21213527023792267,0.0024548545479774475,0.09240631759166718,-0.06268285361786684,-0.05737878088578855,0.005525286911048735,FR,4,True,False,recoverable,0,False,RUNNING
22.699999999999353,2724,S2_FR_TRAVERSE,TOP_PLACE,v003_20260805_224517_157723_manual:S2_FR_TRAVERSE:PRIMARY_PROFILE:segments-7-23,6.924999999999608,0.8823529411764706,23,0.20965157449245453,0.0019292160868644714,0.0939701721072197,-0.05619556517411864,-0.050953705544558386,0.005438694431632497,FR,4,True,False,recoverable,0,False,RUNNING
22.766666666666016,2732,S2_FR_TRAVERSE,TOP_PLACE,v003_20260805_224517_157723_manual:S2_FR_TRAVERSE:PRIMARY_PROFILE:segments-7-23,6.991666666666271,0.8823529411764706,23,0.2080916315317154,0.001715138554573059,0.09470846503973007,-0.05293543638138541,-0.04752687578220179,0.005234232182169789,FR,4,True,False,recoverable,0,False,RUNNING
22.83333333333268,2740,S2_FR_TRAVERSE,TOP_PLACE,v003_20260805_224517_157723_manual:S2_FR_TRAVERSE:PRIMARY_PROFILE:segments-7-23,7.058333333332934,0.8823529411764706,23,0.20713599026203156,0.0015777722001075745,0.09516478329896927,-0.05084262555949714,-0.04559956019532195,0.005128785230433813,FR,4,True,False,recoverable,0,False,RUNNING
22.89999999999934,2748,S2_FR_TRAVERSE,TOP_PLACE,v003_20260805_224517_157723_manual:S2_FR_TRAVERSE:PRIMARY_PROFILE:segments-7-23,7.124999999999597,0.8823529411764706,23,0.2064039707183838,0.0014660507440567017,0.09549754112958908,-0.049187013804472275,-0.044333575641608405,0.00506437954522268,FR,4,True,False,recoverable,0,False,RUNNING
22.966666666666004,2756,S2_FR_TRAVERSE,TOP_PLACE,v003_20260805_224517_157723_manual:S2_FR_TRAVERSE:PRIMARY_PROFILE:segments-7-23,7.19166666666626,0.8823529411764706,23,0.20553229749202728,0.0013376027345657349,0.09580674022436142,-0.0473054405993212,-0.04313748504605832,0.005004894804540755,FR,4,True,False,recoverable,0,False,RUNNING
23.033333333332667,2764,S2_FR_TRAVERSE,TOP_PLACE,v003_20260805_224517_157723_manual:S2_FR_TRAVERSE:PRIMARY_PROFILE:segments-7-23,7.2583333333329225,0.8823529411764706,23,0.20434227585792542,0.001141481101512909,0.09613807499408722,-0.04457139799834317,-0.04121619061776489,0.004926601085511756,FR,4,True,False,recoverable,0,False,RUNNING
23.09999999999933,2772,S2_FR_TRAVERSE,TOP_PLACE,v003_20260805_224517_157723_manual:S2_FR_TRAVERSE:PRIMARY_PROFILE:segments-7-23,7.324999999999585,0.8823529411764706,23,0.20286338031291962,0.0008903294801712036,0.09650702774524689,-0.04111367106694938,-0.03868889827562058,0.004851575455368177,FR,4,True,False,recoverable,0,False,RUNNING
23.166666666665993,2780,S2_FR_TRAVERSE,TOP_PLACE,v003_20260805_224517_157723_manual:S2_FR_TRAVERSE:PRIMARY_PROFILE:segments-7-23,7.391666666666248,0.8823529411764706,23,0.20130614936351776,0.0006162300705909729,0.09687584638595581,-0.037442311857888086,-0.03596292582578117,0.004801440801745458,FR,4,True,False,recoverable,0,False,RUNNING
23.233333333332656,2788,S2_FR_TRAVERSE,TOP_PLACE,v003_20260805_224517_157723_manual:S2_FR_TRAVERSE:PRIMARY_PROFILE:segments-7-23,7.458333333332911,0.8823529411764706,23,0.19973008334636688,0.00034543871879577637,0.09723744541406631,-0.03375646342715969,-0.03320805939481502,0.004780882111914244,FR,4,True,False,recoverable,0,False,RUNNING
23.29999999999932,2796,S2_FR_TRAVERSE,TOP_PLACE,v003_20260805_224517_157723_manual:S2_FR_TRAVERSE:PRIMARY_PROFILE:segments-7-23,7.524999999999574,0.8823529411764706,23,0.1981867253780365,7.64504075050354e-05,0.09758155047893524,-0.030160946285895496,-0.030496621087132508,0.004797593956862022,FR,4,True,False,recoverable,0,False,RUNNING
23.36666666666598,2804,S2_FR_TRAVERSE,TOP_PLACE,v003_20260805_224517_157723_manual:S2_FR_TRAVERSE:PRIMARY_PROFILE:segments-7-23,7.591666666666237,0.8823529411764706,23,0.19665823876857758,-0.0001901686191558838,0.0979180783033371,-0.026613790110378427,-0.027820801435268112,0.0048332581666288175,FR,4,True,False,recoverable,0,False,RUNNING
23.433333333332644,2812,S2_FR_TRAVERSE,TOP_PLACE,v003_20260805_224517_157723_manual:S2_FR_TRAVERSE:PRIMARY_PROFILE:segments-7-23,7.6583333333329,0.8823529411764706,23,0.1951807588338852,-0.00045005977153778076,0.09823916852474213,-0.023175043561417405,-0.025235047869397925,0.004889526091772598,FR,4,True,False,recoverable,0,False,RUNNING
23.499999999999307,2820,S2_FR_TRAVERSE,TOP_PLACE,v003_20260805_224517_157723_manual:S2_FR_TRAVERSE:PRIMARY_PROFILE:segments-7-23,7.724999999999563,0.9411764705882353,24,0.19467706978321075,-0.0005083680152893066,0.09829895198345184,-0.022436988664987913,-0.024929130074943226,0.004919012717751829,FR,4,True,False,recoverable,0,False,RUNNING
23.56666666666597,2828,S2_FR_TRAVERSE,TOP_PLACE,v003_20260805_224517_157723_manual:S2_FR_TRAVERSE:PRIMARY_PROFILE:segments-7-23,7.7916666666662255,0.9411764705882353,24,0.193611279129982,-0.0007048994302749634,0.09855428338050842,-0.019872125028587862,-0.02290389622885456,0.0049803412267211055,FR,4,True,False,recoverable,0,False,RUNNING
23.633333333332633,2836,S3_FL_TRAVERSE,UNLOAD,v003_20260805_224517_157723_manual:S3_FL_TRAVERSE:PRIMARY_PROFILE:segments-24-40,0.05833333333333002,0.0,25,0.19162596762180328,-0.0009820237755775452,0.0985291451215744,-0.016208965145030937,-0.018830786835154167,0.005113667037634888,FL,4,True,False,recoverable,0,False,RUNNING
23.699999999999296,2844,S3_FL_TRAVERSE,UNLOAD,v003_20260805_224517_157723_manual:S3_FL_TRAVERSE:PRIMARY_PROFILE:segments-24-40,0.1249999999999929,0.0,25,0.19024348258972168,-0.0011730566620826721,0.09847202152013779,-0.013895882884554685,-0.016226055398703934,0.005200264668235616,FL,4,True,False,recoverable,0,False,RUNNING
23.76666666666596,2852,S3_FL_TRAVERSE,UNLOAD,v003_20260805_224517_157723_manual:S3_FL_TRAVERSE:PRIMARY_PROFILE:segments-24-40,0.19166666666665577,0.0,25,0.1896170675754547,-0.0012675300240516663,0.09862697869539261,-0.012670908661510959,-0.015524059205977643,0.005253447388776075,FL,3,True,False,recoverable,0,False,RUNNING
23.83333333333262,2860,S3_FL_TRAVERSE,UNLOAD,v003_20260805_224517_157723_manual:S3_FL_TRAVERSE:PRIMARY_PROFILE:segments-24-40,0.25833333333331865,0.0,25,0.189444437623024,-0.0013156980276107788,0.0989161878824234,-0.012005555259557927,-0.01594090041336209,0.005294069913318326,FL,3,True,False,recoverable,0,False,RUNNING
23.899999999999284,2868,S3_FL_TRAVERSE,UNLOAD,v003_20260805_224517_157723_manual:S3_FL_TRAVERSE:PRIMARY_PROFILE:segments-24-40,0.3249999999999815,0.0,25,0.1893160343170166,-0.0013576894998550415,0.09920144826173782,-0.011423463525300635,-0.016531294401097005,0.0053323052126235705,FL,3,True,False,recoverable,0,False,RUNNING
23.966666666665947,2876,S3_FL_TRAVERSE,UNLOAD,v003_20260805_224517_157723_manual:S3_FL_TRAVERSE:PRIMARY_PROFILE:segments-24-40,0.3916666666666444,0.0,25,0.18919888138771057,-0.0013934150338172913,0.09945551306009293,-0.010930246562600535,-0.017109198631893658,0.005364579376044537,FL,3,True,False,recoverable,0,False,RUNNING
24.03333333333261,2884,S3_FL_TRAVERSE,UNLOAD,v003_20260805_224517_157723_manual:S3_FL_TRAVERSE:PRIMARY_PROFILE:segments-24-40,0.4583333333333073,0.0,25,0.18910029530525208,-0.001422882080078125,0.09968165308237076,-0.0105254332661472,-0.01765353878559803,0.00539215012942353,FL,3,True,False,recoverable,0,False,RUNNING
24.099999999999273,2892,S3_FL_TRAVERSE,UNLOAD,v003_20260805_224517_157723_manual:S3_FL_TRAVERSE:PRIMARY_PROFILE:segments-24-40,0.5249999999999702,0.058823529411764705,26,0.18904680013656616,-0.0014400631189346313,0.09985250979661942,-0.010279165569062125,-0.018129489953052445,0.005409608605572322,FL,3,True,False,recoverable,0,False,RUNNING
24.166666666665936,2900,S3_FL_TRAVERSE,UNLOAD,v003_20260805_224517_157723_manual:S3_FL_TRAVERSE:PRIMARY_PROFILE:segments-24-40,0.591666666666633,0.058823529411764705,26,0.18897657096385956,-0.001459270715713501,0.10008099675178528,-0.010008712001455523,-0.01874202900924728,0.005430321619311576,FL,3,True,False,recoverable,0,False,RUNNING
24.2333333333326,2908,S3_FL_TRAVERSE,UNLOAD,v003_20260805_224517_157723_manual:S3_FL_TRAVERSE:PRIMARY_PROFILE:segments-24-40,0.6583333333332959,0.11764705882352941,27,0.1889418065547943,-0.001470521092414856,0.10029470920562744,-0.009840037059016107,-0.019331174803066443,0.005445002811890611,FL,3,True,False,recoverable,0,False,RUNNING
24.29999999999926,2916,S3_FL_TRAVERSE,UNLOAD,v003_20260805_224517_157723_manual:S3_FL_TRAVERSE:PRIMARY_PROFILE:segments-24-40,0.7249999999999588,0.17647058823529413,28,0.18882758915424347,-0.0014789029955863953,0.10043635964393616,-0.009721164110396098,-0.019622671416059948,0.005453655469249484,FL,3,True,False,recoverable,0,False,RUNNING
24.366666666665925,2924,S3_FL_TRAVERSE,UNLOAD,v003_20260805_224517_157723_manual:S3_FL_TRAVERSE:PRIMARY_PROFILE:segments-24-40,0.7916666666666217,0.17647058823529413,28,0.18884891271591187,-0.001493796706199646,0.10071223974227905,-0.009495250290885656,-0.020473155757365635,0.005473907552945912,FL,3,True,False,recoverable,0,False,RUNNING
24.433333333332588,2932,S3_FL_TRAVERSE,FACE_CLEAR,v003_20260805_224517_157723_manual:S3_FL_TRAVERSE:PRIMARY_PROFILE:segments-24-40,0.8583333333332845,0.23529411764705882,29,0.18862676620483398,-0.0014936774969100952,0.10073058307170868,-0.009500683919030762,-0.020291828487435704,0.005474222332576822,FL,3,True,False,recoverable,0,False,RUNNING
24.49999999999925,2940,S3_FL_TRAVERSE,FACE_CLEAR,v003_20260805_224517_157723_manual:S3_FL_TRAVERSE:PRIMARY_PROFILE:segments-24-40,0.9249999999999474,0.23529411764705882,29,0.1885385513305664,-0.0014998316764831543,0.10086510330438614,-0.009407829559441059,-0.02063463957089694,0.005481865177162979,FL,3,True,False,recoverable,0,False,RUNNING
24.566666666665913,2948,S3_FL_TRAVERSE,FACE_CLEAR,v003_20260805_224517_157723_manual:S3_FL_TRAVERSE:PRIMARY_PROFILE:segments-24-40,0.9916666666666103,0.23529411764705882,29,0.18853136897087097,-0.0015084445476531982,0.10107231140136719,-0.009273478580086978,-0.021293986186809555,0.005495259295973405,FL,3,True,False,recoverable,0,False,RUNNING
24.633333333332576,2956,S3_FL_TRAVERSE,FACE_CLEAR,v003_20260805_224517_157723_manual:S3_FL_TRAVERSE:PRIMARY_PROFILE:segments-24-40,1.0583333333332732,0.23529411764705882,29,0.18866242468357086,-0.0015288591384887695,0.10147683322429657,-0.008957639738504034,-0.02268738153671126,0.005524355351201838,FL,3,True,False,recoverable,0,False,RUNNING
24.69999999999924,2964,S3_FL_TRAVERSE,FACE_CLEAR,v003_20260805_224517_157723_manual:S3_FL_TRAVERSE:PRIMARY_PROFILE:segments-24-40,1.124999999999936,0.23529411764705882,29,0.18865573406219482,-0.0015402212738990784,0.10173705220222473,-0.008787648844506417,-0.0234891509470207,0.005539980249738315,FL,3,True,False,recoverable,0,False,RUNNING
24.766666666665902,2972,S3_FL_TRAVERSE,FACE_CLEAR,v003_20260805_224517_157723_manual:S3_FL_TRAVERSE:PRIMARY_PROFILE:segments-24-40,1.191666666666599,0.29411764705882354,30,0.18849949538707733,-0.0015388131141662598,0.10179786384105682,-0.008809552855312121,-0.023537047219743056,0.005540257344897693,FL,3,True,False,recoverable,0,False,RUNNING
24.833333333332565,2980,S3_FL_TRAVERSE,FACE_CLEAR,v003_20260805_224517_157723_manual:S3_FL_TRAVERSE:PRIMARY_PROFILE:segments-24-40,1.2583333333332618,0.29411764705882354,30,0.18851423263549805,-0.0015511810779571533,0.10208678245544434,-0.00861779435563703,-0.02448130497272953,0.0055569229104901864,FL,3,True,False,recoverable,0,False,RUNNING
24.899999999999228,2988,S3_FL_TRAVERSE,FACE_CLEAR,v003_20260805_224517_157723_manual:S3_FL_TRAVERSE:PRIMARY_PROFILE:segments-24-40,1.3249999999999247,0.29411764705882354,30,0.18847061693668365,-0.0015583261847496033,0.10230420529842377,-0.008508875974029629,-0.025138337291873963,0.005567966500355394,FL,3,True,False,recoverable,0,False,RUNNING
24.96666666666589,2996,S3_FL_TRAVERSE,FACE_CLEAR,v003_20260805_224517_157723_manual:S3_FL_TRAVERSE:PRIMARY_PROFILE:segments-24-40,1.3916666666665876,0.35294117647058826,31,0.18840500712394714,-0.0015624463558197021,0.10249155759811401,-0.008443397531870244,-0.025685346847081972,0.005576263017164014,FL,3,True,False,recoverable,0,False,RUNNING
25.033333333332553,3004,S3_FL_TRAVERSE,FACE_CLEAR,v003_20260805_224517_157723_manual:S3_FL_TRAVERSE:PRIMARY_PROFILE:segments-24-40,1.4583333333332504,0.35294117647058826,31,0.18833790719509125,-0.00156489759683609,0.10268119722604752,-0.008381097470014932,-0.02625227786472169,0.005588091490181206,FL,3,True,False,recoverable,0,False,RUNNING
25.099999999999216,3012,S3_FL_TRAVERSE,FACE_CLEAR,v003_20260805_224517_157723_manual:S3_FL_TRAVERSE:PRIMARY_PROFILE:segments-24-40,1.5249999999999133,0.4117647058823529,32,0.18818315863609314,-0.0015700086951255798,0.10284612327814102,-0.008310795372639446,-0.026682681166541287,0.005594353549960414,FL,3,True,False,recoverable,0,False,RUNNING
25.16666666666588,3020,S3_FL_TRAVERSE,FACE_CLEAR,v003_20260805_224517_157723_manual:S3_FL_TRAVERSE:PRIMARY_PROFILE:segments-24-40,1.5916666666665762,0.4117647058823529,32,0.18810194730758667,-0.0015700086951255798,0.10300112515687943,-0.008298007813800122,-0.02713610740073376,0.005598838343509707,FL,3,True,False,recoverable,0,False,RUNNING
25.233333333332542,3028,S3_FL_TRAVERSE,FACE_CLEAR,v003_20260805_224517_157723_manual:S3_FL_TRAVERSE:PRIMARY_PROFILE:segments-24-40,1.658333333333239,0.4117647058823529,32,0.18811948597431183,-0.001573227345943451,0.1032261922955513,-0.008236064125160123,-0.027899935913023248,0.005609199919141898,FL,3,True,False,recoverable,0,False,RUNNING
25.299999999999205,3036,S3_FL_TRAVERSE,FACE_CLEAR,v003_20260805_224517_157723_manual:S3_FL_TRAVERSE:PRIMARY_PROFILE:segments-24-40,1.724999999999902,0.4117647058823529,32,0.18807822465896606,-0.001575365662574768,0.1034148558974266,-0.008191570405567384,-0.028474602407388198,0.005614180829424345,FL,3,True,False,recoverable,0,False,RUNNING
25.366666666665868,3044,S3_FL_TRAVERSE,FACE_CLEAR,v003_20260805_224517_157723_manual:S3_FL_TRAVERSE:PRIMARY_PROFILE:segments-24-40,1.7916666666665648,0.47058823529411764,33,0.18811532855033875,-0.0015670433640480042,0.10354284942150116,-0.008287089738353463,-0.028933233745043377,0.005615640509819725,FL,3,True,False,recoverable,0,False,RUNNING
25.43333333333253,3052,S3_FL_TRAVERSE,FACE_CLEAR,v003_20260805_224517_157723_manual:S3_FL_TRAVERSE:PRIMARY_PROFILE:segments-24-40,1.8583333333332277,0.47058823529411764,33,0.1881203055381775,-0.00155717134475708,0.10361360013484955,-0.008397574287232904,-0.029182037332926337,0.005612274423577797,FL,3,True,False,recoverable,0,False,RUNNING
25.499999999999194,3060,S3_FL_TRAVERSE,FACE_CLEAR,v003_20260805_224517_157723_manual:S3_FL_TRAVERSE:PRIMARY_PROFILE:segments-24-40,1.9249999999998906,0.5294117647058824,34,0.18829792737960815,-0.00157967209815979,0.10405302792787552,-0.00806567934256734,-0.030756127412142592,0.00563856328439965,FL,3,True,False,recoverable,0,False,RUNNING
25.566666666665856,3068,S3_FL_TRAVERSE,FACE_CLEAR,v003_20260805_224517_157723_manual:S3_FL_TRAVERSE:PRIMARY_PROFILE:segments-24-40,1.9916666666665535,0.5294117647058824,34,0.1882524937391281,-0.0015669986605644226,0.10406363755464554,-0.00823323432429507,-0.030730508232506164,0.005630006225755253,FL,3,True,False,recoverable,0,False,RUNNING
25.63333333333252,3076,S3_FL_TRAVERSE,FACE_CLEAR,v003_20260805_224517_157723_manual:S3_FL_TRAVERSE:PRIMARY_PROFILE:segments-24-40,2.0583333333332163,0.5294117647058824,34,0.18811169266700745,-0.0015505775809288025,0.10397054255008698,-0.008451049945398154,-0.030319939108215194,0.005617413959443154,FL,3,True,False,recoverable,0,False,RUNNING
25.699999999999182,3084,S3_FL_TRAVERSE,FACE_CLEAR,v003_20260805_224517_157723_manual:S3_FL_TRAVERSE:PRIMARY_PROFILE:segments-24-40,2.124999999999879,0.5294117647058824,34,0.18804500997066498,-0.0015484243631362915,0.10401227325201035,-0.008475711396524708,-0.030389587352279993,0.0056168141614123075,FL,3,True,False,recoverable,0,False,RUNNING
25.766666666665845,3092,S3_FL_TRAVERSE,FACE_CLEAR,v003_20260805_224517_157723_manual:S3_FL_TRAVERSE:PRIMARY_PROFILE:segments-24-40,2.191666666666542,0.5882352941176471,35,0.18802620470523834,-0.001550234854221344,0.10413049161434174,-0.008431553905176253,-0.030756414016048814,0.005624571430871072,FL,3,True,False,recoverable,0,False,RUNNING
25.833333333332508,3100,S3_FL_TRAVERSE,FACE_CLEAR,v003_20260805_224517_157723_manual:S3_FL_TRAVERSE:PRIMARY_PROFILE:segments-24-40,2.258333333333205,0.5882352941176471,35,0.18798083066940308,-0.0015504583716392517,0.10420786589384079,-0.00842235517480138,-0.03096528834277254,0.005626398764482189,FL,3,True,False,recoverable,0,False,RUNNING
25.89999999999917,3108,S3_FL_TRAVERSE,FACE_CLEAR,v003_20260805_224517_157723_manual:S3_FL_TRAVERSE:PRIMARY_PROFILE:segments-24-40,2.324999999999868,0.6470588235294118,36,0.18788465857505798,-0.001545928418636322,0.10421007871627808,-0.008483518751093077,-0.030903057081916062,0.00562350762538943,FL,3,True,False,recoverable,0,False,RUNNING
25.966666666665834,3116,S3_FL_TRAVERSE,FACE_CLEAR,v003_20260805_224517_157723_manual:S3_FL_TRAVERSE:PRIMARY_PROFILE:segments-24-40,2.3916666666665307,0.7058823529411765,37,0.18794217705726624,-0.0015569105744361877,0.10443613678216934,-0.0083241375812927,-0.03167639392546337,0.005636134740538925,FL,3,True,False,recoverable,0,False,RUNNING
26.033333333332497,3124,S3_FL_TRAVERSE,FACE_CLEAR,v003_20260805_224517_157723_manual:S3_FL_TRAVERSE:PRIMARY_PROFILE:segments-24-40,2.4583333333331936,0.7058823529411765,37,0.18786762654781342,-0.0015539154410362244,0.10447637736797333,-0.00836182792946864,-0.031746906090798624,0.005634789511057703,FL,3,True,False,recoverable,0,False,RUNNING
26.09999999999916,3132,S3_FL_TRAVERSE,FACE_CLEAR,v003_20260805_224517_157723_manual:S3_FL_TRAVERSE:PRIMARY_PROFILE:segments-24-40,2.5249999999998565,0.7647058823529411,38,0.18787646293640137,-0.0015590116381645203,0.10463222861289978,-0.008282851433608275,-0.032273433498010075,0.005642106255480725,FL,3,True,False,recoverable,0,False,RUNNING
26.166666666665822,3140,S3_FL_TRAVERSE,TOP_PLACE,v003_20260805_224517_157723_manual:S3_FL_TRAVERSE:PRIMARY_PROFILE:segments-24-40,2.5916666666665193,0.8235294117647058,39,0.18872149288654327,-0.0015954077243804932,0.10478463768959045,-0.007766292523758975,-0.032331051028101056,0.0056785639030523145,FL,3,True,False,recoverable,0,False,RUNNING
26.233333333332485,3148,S3_FL_TRAVERSE,TOP_PLACE,v003_20260805_224517_157723_manual:S3_FL_TRAVERSE:PRIMARY_PROFILE:segments-24-40,2.6583333333331822,0.8235294117647058,39,0.18974047899246216,-0.0016353130340576172,0.10502810776233673,-0.007175113172785065,-0.032814957316765814,0.005705089209952103,FL,3,True,False,recoverable,0,False,RUNNING
26.299999999999148,3156,S3_FL_TRAVERSE,TOP_PLACE,v003_20260805_224517_157723_manual:S3_FL_TRAVERSE:PRIMARY_PROFILE:segments-24-40,2.724999999999845,0.8235294117647058,39,0.1906222403049469,-0.0016609877347946167,0.10537089407444,-0.006791921431007465,-0.03345840694968527,0.0057309007904848604,FL,3,True,False,recoverable,0,False,RUNNING
26.36666666666581,3164,S3_FL_TRAVERSE,TOP_PLACE,v003_20260805_224517_157723_manual:S3_FL_TRAVERSE:PRIMARY_PROFILE:segments-24-40,2.791666666666508,0.8235294117647058,39,0.19157186150550842,-0.0016700699925422668,0.10568563640117645,-0.0065442856958347955,-0.03414607701451054,0.005766362211502468,FL,3,True,False,recoverable,0,False,RUNNING
26.433333333332474,3172,S3_FL_TRAVERSE,TOP_PLACE,v003_20260805_224517_157723_manual:S3_FL_TRAVERSE:PRIMARY_PROFILE:segments-24-40,2.858333333333171,0.8235294117647058,39,0.19256572425365448,-0.0016742274165153503,0.10597418248653412,-0.006386286613295358,-0.03484369898235526,0.005778326895933984,FL,3,True,False,recoverable,0,False,RUNNING
26.499999999999137,3180,S3_FL_TRAVERSE,TOP_PLACE,v003_20260805_224517_157723_manual:S3_FL_TRAVERSE:PRIMARY_PROFILE:segments-24-40,2.9249999999998337,0.8235294117647058,39,0.1935853809118271,-0.0016793161630630493,0.10624221712350845,-0.006242106847548931,-0.035553910541651496,0.005791413668512359,FL,3,True,False,recoverable,0,False,RUNNING
26.5666666666658,3188,S3_FL_TRAVERSE,TOP_PLACE,v003_20260805_224517_157723_manual:S3_FL_TRAVERSE:PRIMARY_PROFILE:segments-24-40,2.9916666666664966,0.8235294117647058,39,0.19461548328399658,-0.0016769692301750183,0.1064884215593338,-0.006110175514167075,-0.036252539276253916,0.00582421425136401,FL,3,True,False,recoverable,0,False,RUNNING
26.633333333332462,3196,S3_FL_TRAVERSE,TOP_PLACE,v003_20260805_224517_157723_manual:S3_FL_TRAVERSE:PRIMARY_PROFILE:segments-24-40,3.0583333333331595,0.8235294117647058,39,0.1956443190574646,-0.0016796886920928955,0.10669144988059998,-0.006017734324211084,-0.03688157721445424,0.005836645107244294,FL,3,True,False,recoverable,0,False,RUNNING
26.699999999999125,3204,S3_FL_TRAVERSE,TOP_PLACE,v003_20260805_224517_157723_manual:S3_FL_TRAVERSE:PRIMARY_PROFILE:segments-24-40,3.1249999999998224,0.8235294117647058,39,0.196719691157341,-0.0016800984740257263,0.1068815216422081,-0.005944967319586584,-0.03757988429441826,0.005847855318164513,FL,3,True,False,recoverable,0,False,RUNNING
26.766666666665788,3212,S3_FL_TRAVERSE,TOP_PLACE,v003_20260805_224517_157723_manual:S3_FL_TRAVERSE:PRIMARY_PROFILE:segments-24-40,3.1916666666664852,0.8235294117647058,39,0.1977969855070114,-0.0016734004020690918,0.10704324394464493,-0.005879106777826393,-0.03826116631320812,0.005883746726060338,FL,3,True,False,recoverable,0,False,RUNNING
26.83333333333245,3220,S3_FL_TRAVERSE,TOP_PLACE,v003_20260805_224517_157723_manual:S3_FL_TRAVERSE:PRIMARY_PROFILE:segments-24-40,3.258333333333148,0.8235294117647058,39,0.1988907903432846,-0.0016721487045288086,0.10716874897480011,-0.0058321170419106515,-0.038909904074144235,0.005893768485692775,FL,3,True,False,recoverable,0,False,RUNNING
26.899999999999114,3228,S3_FL_TRAVERSE,TOP_PLACE,v003_20260805_224517_157723_manual:S3_FL_TRAVERSE:PRIMARY_PROFILE:segments-24-40,3.324999999999811,0.8235294117647058,39,0.19998055696487427,-0.0016535818576812744,0.10723800212144852,-0.005969792380348342,-0.03938598522463786,0.005888151439587203,FL,3,True,False,recoverable,0,False,RUNNING
26.966666666665777,3236,S3_FL_TRAVERSE,TOP_PLACE,v003_20260805_224517_157723_manual:S3_FL_TRAVERSE:PRIMARY_PROFILE:segments-24-40,3.391666666666474,0.8235294117647058,39,0.20113056898117065,-0.0016241967678070068,0.10732124000787735,-0.006083504911539304,-0.04002631068587963,0.005940950631977753,FL,3,True,False,recoverable,0,False,RUNNING
27.03333333333244,3244,S3_FL_TRAVERSE,TOP_PLACE,v003_20260805_224517_157723_manual:S3_FL_TRAVERSE:PRIMARY_PROFILE:segments-24-40,3.4583333333331367,0.8235294117647058,39,0.2022504210472107,-0.0015869364142417908,0.10737445950508118,-0.006366188400705083,-0.0406821813143033,0.005953984849224839,FL,3,True,False,recoverable,0,False,RUNNING
27.099999999999103,3252,S3_FL_TRAVERSE,TOP_PLACE,v003_20260805_224517_157723_manual:S3_FL_TRAVERSE:PRIMARY_PROFILE:segments-24-40,3.5249999999997996,0.8235294117647058,39,0.20340728759765625,-0.0015497133135795593,0.10740219056606293,-0.006726876507795765,-0.041372213417417696,0.005951170649516173,FL,3,True,False,recoverable,0,False,RUNNING
27.166666666665765,3260,S3_FL_TRAVERSE,TOP_PLACE,v003_20260805_224517_157723_manual:S3_FL_TRAVERSE:PRIMARY_PROFILE:segments-24-40,3.5916666666664625,0.8235294117647058,39,0.204599529504776,-0.001505039632320404,0.1074051558971405,-0.007108094617793398,-0.04208595631690493,0.005968643968996762,FL,3,True,False,recoverable,0,False,RUNNING
27.23333333333243,3268,S3_FL_TRAVERSE,TOP_PLACE,v003_20260805_224517_157723_manual:S3_FL_TRAVERSE:PRIMARY_PROFILE:segments-24-40,3.6583333333331254,0.8235294117647058,39,0.2057400941848755,-0.0014868676662445068,0.10746491700410843,-0.007244729806149161,-0.04267853827767012,0.0059709641689169105,FL,3,True,False,recoverable,0,False,RUNNING
27.29999999999909,3276,S3_FL_TRAVERSE,TOP_PLACE,v003_20260805_224517_157723_manual:S3_FL_TRAVERSE:PRIMARY_PROFILE:segments-24-40,3.7249999999997883,0.8235294117647058,39,0.20657174289226532,-0.001543387770652771,0.10765364021062851,-0.0065058164391311344,-0.042825289735015794,0.005993516961591558,FL,3,True,False,recoverable,0,False,RUNNING
27.366666666665754,3284,S3_FL_TRAVERSE,TOP_PLACE,v003_20260805_224517_157723_manual:S3_FL_TRAVERSE:PRIMARY_PROFILE:segments-24-40,3.791666666666451,0.8235294117647058,39,0.2074858844280243,-0.0015945583581924438,0.10783253610134125,-0.005802843426055254,-0.04307710812964811,0.006051476981595616,FL,3,True,False,recoverable,0,False,RUNNING
27.433333333332417,3292,S3_FL_TRAVERSE,TOP_PLACE,v003_20260805_224517_157723_manual:S3_FL_TRAVERSE:PRIMARY_PROFILE:segments-24-40,3.858333333333114,0.8235294117647058,39,0.20846547186374664,-0.001651175320148468,0.10800468921661377,-0.005081597332154121,-0.0434026694700371,0.006076360895904457,FL,3,True,False,recoverable,0,False,RUNNING
27.49999999999908,3300,S3_FL_TRAVERSE,TOP_PLACE,v003_20260805_224517_157723_manual:S3_FL_TRAVERSE:PRIMARY_PROFILE:segments-24-40,3.924999999999777,0.8235294117647058,39,0.20946189761161804,-0.0016959905624389648,0.1081545352935791,-0.004482337404953637,-0.04361877014356838,0.006127120292867141,FL,3,True,False,recoverable,0,False,RUNNING
27.566666666665743,3308,S3_FL_TRAVERSE,TOP_PLACE,v003_20260805_224517_157723_manual:S3_FL_TRAVERSE:PRIMARY_PROFILE:segments-24-40,3.9916666666664398,0.8235294117647058,39,0.21051937341690063,-0.001673862338066101,0.10816869884729385,-0.004691997235987273,-0.04319987479424326,0.006120277841379523,FL,3,True,False,recoverable,0,False,RUNNING
27.633333333332406,3316,S3_FL_TRAVERSE,TOP_PLACE,v003_20260805_224517_157723_manual:S3_FL_TRAVERSE:PRIMARY_PROFILE:segments-24-40,4.058333333333103,0.8235294117647058,39,0.2115863412618637,-0.0016506388783454895,0.10815654695034027,-0.004894082551686451,-0.0427370468277457,0.006135408570006491,FL,3,True,False,recoverable,0,False,RUNNING
27.69999999999907,3324,S3_FL_TRAVERSE,TOP_PLACE,v003_20260805_224517_157723_manual:S3_FL_TRAVERSE:PRIMARY_PROFILE:segments-24-40,4.1249999999997655,0.8235294117647058,39,0.21262052655220032,-0.0016348063945770264,0.10817606002092361,-0.0050313947559617175,-0.042425018209959135,0.006166148449622837,FL,3,True,False,recoverable,0,False,RUNNING
27.76666666666573,3332,S3_FL_TRAVERSE,TOP_PLACE,v003_20260805_224517_157723_manual:S3_FL_TRAVERSE:PRIMARY_PROFILE:segments-24-40,4.191666666666428,0.8235294117647058,39,0.21331346035003662,-0.0016356855630874634,0.10835067182779312,-0.004921716672566982,-0.04247336549948927,0.006209349181464093,FL,3,True,False,recoverable,0,False,RUNNING
27.833333333332394,3340,S3_FL_TRAVERSE,TOP_PLACE,v003_20260805_224517_157723_manual:S3_FL_TRAVERSE:PRIMARY_PROFILE:segments-24-40,4.258333333333091,0.8235294117647058,39,0.21411694586277008,-0.0016281455755233765,0.10851030796766281,-0.004927742871786019,-0.04263168380386727,0.006243977567113128,FL,3,True,False,recoverable,0,False,RUNNING
27.899999999999057,3348,S3_FL_TRAVERSE,TOP_PLACE,v003_20260805_224517_157723_manual:S3_FL_TRAVERSE:PRIMARY_PROFILE:segments-24-40,4.324999999999754,0.8235294117647058,39,0.21497304737567902,-0.0016110613942146301,0.10865187644958496,-0.005000252292090084,-0.042827000183385554,0.006265614830899669,FL,3,True,False,recoverable,0,False,RUNNING
27.96666666666572,3356,S3_FL_TRAVERSE,TOP_PLACE,v003_20260805_224517_157723_manual:S3_FL_TRAVERSE:PRIMARY_PROFILE:segments-24-40,4.391666666666417,0.8235294117647058,39,0.21587374806404114,-0.0015932247042655945,0.10877164453268051,-0.0051150514239015924,-0.04305621035205212,0.00629379248111331,FL,3,True,False,recoverable,0,False,RUNNING
28.033333333332383,3364,S3_FL_TRAVERSE,TOP_PLACE,v003_20260805_224517_157723_manual:S3_FL_TRAVERSE:PRIMARY_PROFILE:segments-24-40,4.45833333333308,0.8235294117647058,39,0.2168068289756775,-0.0015657693147659302,0.10887375473976135,-0.005288732768325688,-0.043338063808449165,0.006311071903078952,FL,3,True,False,recoverable,0,False,RUNNING
28.099999999999046,3372,S3_FL_TRAVERSE,TOP_PLACE,v003_20260805_224517_157723_manual:S3_FL_TRAVERSE:PRIMARY_PROFILE:segments-24-40,4.524999999999743,0.8235294117647058,39,0.21773980557918549,-0.0015408694744110107,0.10894890129566193,-0.005516061240026104,-0.043613153544635214,0.006332573230365169,FL,3,True,False,recoverable,0,False,RUNNING
28.16666666666571,3380,S3_FL_TRAVERSE,TOP_PLACE,v003_20260805_224517_157723_manual:S3_FL_TRAVERSE:PRIMARY_PROFILE:segments-24-40,4.591666666666406,0.8235294117647058,39,0.21870748698711395,-0.001517660915851593,0.10902594029903412,-0.005667182883980457,-0.04393244002214534,0.006336430130472924,FL,3,True,False,recoverable,0,False,RUNNING
28.23333333333237,3388,S3_FL_TRAVERSE,TOP_PLACE,v003_20260805_224517_157723_manual:S3_FL_TRAVERSE:PRIMARY_PROFILE:segments-24-40,4.6583333333330685,0.8235294117647058,39,0.21968483924865723,-0.001496918499469757,0.10906592756509781,-0.0058582120568306684,-0.044240150374390955,0.0063521287561365295,FL,3,True,False,recoverable,0,False,RUNNING
28.299999999999034,3396,S3_FL_TRAVERSE,TOP_PLACE,v003_20260805_224517_157723_manual:S3_FL_TRAVERSE:PRIMARY_PROFILE:segments-24-40,4.724999999999731,0.8235294117647058,39,0.2207019329071045,-0.0014685839414596558,0.10907178372144699,-0.006063437254448645,-0.04454271852267362,0.006357894385955892,FL,3,True,False,recoverable,0,False,RUNNING
28.366666666665697,3404,S3_FL_TRAVERSE,TOP_PLACE,v003_20260805_224517_157723_manual:S3_FL_TRAVERSE:PRIMARY_PROFILE:segments-24-40,4.791666666666394,0.8235294117647058,39,0.22160324454307556,-0.0014793649315834045,0.10913285613059998,-0.005933345322703138,-0.0446755894178125,0.006370639892882021,FL,3,True,False,recoverable,0,False,RUNNING
28.43333333333236,3412,S3_FL_TRAVERSE,TOP_PLACE,v003_20260805_224517_157723_manual:S3_FL_TRAVERSE:PRIMARY_PROFILE:segments-24-40,4.858333333333057,0.8235294117647058,39,0.22249498963356018,-0.0014972984790802002,0.10924466699361801,-0.0056012363498177025,-0.044778312818550194,0.006397410204761779,FL,3,True,False,recoverable,0,False,RUNNING
28.499999999999023,3420,S3_FL_TRAVERSE,TOP_PLACE,v003_20260805_224517_157723_manual:S3_FL_TRAVERSE:PRIMARY_PROFILE:segments-24-40,4.92499999999972,0.8235294117647058,39,0.2234238237142563,-0.0015056803822517395,0.10933040082454681,-0.005424774878382567,-0.04474217258996532,0.006405518785600112,FL,3,True,False,recoverable,0,False,RUNNING
28.566666666665686,3428,S3_FL_TRAVERSE,TOP_PLACE,v003_20260805_224517_157723_manual:S3_FL_TRAVERSE:PRIMARY_PROFILE:segments-24-40,4.991666666666383,0.8235294117647058,39,0.2244040071964264,-0.0015134215354919434,0.10938390344381332,-0.005311323103092923,-0.04474119384030288,0.006421116736293271,FL,3,True,False,recoverable,0,False,RUNNING
28.63333333333235,3436,S3_FL_TRAVERSE,TOP_PLACE,v003_20260805_224517_157723_manual:S3_FL_TRAVERSE:PRIMARY_PROFILE:segments-24-40,5.058333333333046,0.8235294117647058,39,0.22540637850761414,-0.001515999436378479,0.10942928493022919,-0.005148129652512078,-0.04475719542932718,0.006441138155859756,FL,3,True,False,recoverable,0,False,RUNNING
28.69999999999901,3444,S3_FL_TRAVERSE,TOP_PLACE,v003_20260805_224517_157723_manual:S3_FL_TRAVERSE:PRIMARY_PROFILE:segments-24-40,5.124999999999709,0.8235294117647058,39,0.22642582654953003,-0.001526951789855957,0.10944972187280655,-0.004993784583083698,-0.04476675323596252,0.006459565948487983,FL,3,True,False,recoverable,0,False,RUNNING
28.766666666665675,3452,S3_FL_TRAVERSE,TOP_PLACE,v003_20260805_224517_157723_manual:S3_FL_TRAVERSE:PRIMARY_PROFILE:segments-24-40,5.1916666666663716,0.8235294117647058,39,0.22745461761951447,-0.0015268996357917786,0.1094665676355362,-0.004864996271660676,-0.04484543414008997,0.006475371986215461,FL,3,True,False,recoverable,0,False,RUNNING
28.833333333332337,3460,S3_FL_TRAVERSE,TOP_PLACE,v003_20260805_224517_157723_manual:S3_FL_TRAVERSE:PRIMARY_PROFILE:segments-24-40,5.258333333333034,0.8235294117647058,39,0.22840483486652374,-0.0015329867601394653,0.1095002293586731,-0.004767738812207969,-0.044994541419379204,0.006494814824221744,FL,3,True,False,recoverable,0,False,RUNNING
28.899999999999,3468,S3_FL_TRAVERSE,TOP_PLACE,v003_20260805_224517_157723_manual:S3_FL_TRAVERSE:PRIMARY_PROFILE:segments-24-40,5.324999999999697,0.8235294117647058,39,0.2294043004512787,-0.0015319660305976868,0.1095137745141983,-0.004660789292771549,-0.04518746657827104,0.006513580018633421,FL,3,True,False,recoverable,0,False,RUNNING
28.966666666665663,3476,S3_FL_TRAVERSE,TOP_PLACE,v003_20260805_224517_157723_manual:S3_FL_TRAVERSE:PRIMARY_PROFILE:segments-24-40,5.39166666666636,0.8235294117647058,39,0.2304103821516037,-0.0015441328287124634,0.10951411724090576,-0.004492667106462446,-0.0453806559274738,0.006530239412098162,FL,3,True,False,recoverable,0,False,RUNNING
29.033333333332326,3484,S3_FL_TRAVERSE,TOP_PLACE,v003_20260805_224517_157723_manual:S3_FL_TRAVERSE:PRIMARY_PROFILE:segments-24-40,5.458333333333023,0.8235294117647058,39,0.23144659399986267,-0.0015528500080108643,0.10949405282735825,-0.004318142075665657,-0.0455973928069157,0.006535521382338092,FL,3,True,False,recoverable,0,False,RUNNING
29.09999999999899,3492,S3_FL_TRAVERSE,TOP_PLACE,v003_20260805_224517_157723_manual:S3_FL_TRAVERSE:PRIMARY_PROFILE:segments-24-40,5.524999999999686,0.8235294117647058,39,0.23246648907661438,-0.0015546604990959167,0.1094304770231247,-0.004179377578225724,-0.045774079858440946,0.006558141128002249,FL,3,True,False,recoverable,0,False,RUNNING
29.16666666666565,3500,S3_FL_TRAVERSE,TOP_PLACE,v003_20260805_224517_157723_manual:S3_FL_TRAVERSE:PRIMARY_PROFILE:segments-24-40,5.591666666666349,0.8235294117647058,39,0.2334933876991272,-0.0015753880143165588,0.10940907895565033,-0.003864642025253036,-0.04591805823765782,0.0065695797172607845,FL,3,True,False,recoverable,0,False,RUNNING
29.233333333332315,3508,S3_FL_TRAVERSE,TOP_PLACE,v003_20260805_224517_157723_manual:S3_FL_TRAVERSE:PRIMARY_PROFILE:segments-24-40,5.658333333333012,0.8235294117647058,39,0.23443478345870972,-0.0016145557165145874,0.10943783819675446,-0.003351451500295095,-0.04595286462070107,0.0066078906727929055,FL,3,True,False,recoverable,0,False,RUNNING
29.299999999998978,3516,S3_FL_TRAVERSE,TOP_PLACE,v003_20260805_224517_157723_manual:S3_FL_TRAVERSE:PRIMARY_PROFILE:segments-24-40,5.724999999999675,0.8235294117647058,39,0.23542022705078125,-0.0016447007656097412,0.1094532236456871,-0.002869807492662482,-0.04598356660165385,0.0066363249937394985,FL,3,True,False,recoverable,0,False,RUNNING
29.36666666666564,3524,S3_FL_TRAVERSE,TOP_PLACE,v003_20260805_224517_157723_manual:S3_FL_TRAVERSE:PRIMARY_PROFILE:segments-24-40,5.7916666666663374,0.8235294117647058,39,0.2364875227212906,-0.0016265138983726501,0.10937855392694473,-0.003003178439255524,-0.045583271155838344,0.00663202275918889,FL,3,True,False,recoverable,0,False,RUNNING
29.433333333332303,3532,S3_FL_TRAVERSE,TOP_PLACE,v003_20260805_224517_157723_manual:S3_FL_TRAVERSE:PRIMARY_PROFILE:segments-24-40,5.858333333333,0.8235294117647058,39,0.2375907301902771,-0.001607447862625122,0.1092790737748146,-0.0031433074081028906,-0.04519205444100762,0.006656633609852891,FL,3,True,False,recoverable,0,False,RUNNING
29.499999999998966,3540,S3_FL_TRAVERSE,TOP_PLACE,v003_20260805_224517_157723_manual:S3_FL_TRAVERSE:PRIMARY_PROFILE:segments-24-40,5.924999999999663,0.8235294117647058,39,0.2387300282716751,-0.0015887841582298279,0.10915185511112213,-0.0032811490822205994,-0.044799866769345484,0.006654557852734737,FL,3,True,False,recoverable,0,False,RUNNING
29.56666666666563,3548,S3_FL_TRAVERSE,TOP_PLACE,v003_20260805_224517_157723_manual:S3_FL_TRAVERSE:PRIMARY_PROFILE:segments-24-40,5.991666666666326,0.8235294117647058,39,0.23988918960094452,-0.0015698671340942383,0.1090003252029419,-0.0034182054554896617,-0.0443899731126818,0.006681044619502582,FL,3,True,False,recoverable,0,False,RUNNING
29.633333333332292,3556,S3_FL_TRAVERSE,TOP_PLACE,v003_20260805_224517_157723_manual:S3_FL_TRAVERSE:PRIMARY_PROFILE:segments-24-40,6.058333333332989,0.8235294117647058,39,0.24078334867954254,-0.001568518579006195,0.10902826488018036,-0.0033620827144402454,-0.044439253025540956,0.006681780968174159,FL,3,True,False,recoverable,0,False,RUNNING
29.699999999998955,3564,S3_FL_TRAVERSE,TOP_PLACE,v003_20260805_224517_157723_manual:S3_FL_TRAVERSE:PRIMARY_PROFILE:segments-24-40,6.124999999999652,0.8235294117647058,39,0.24161425232887268,-0.00159531831741333,0.10912713408470154,-0.0030482940648984755,-0.04458417903215865,0.0067046994017896456,FL,3,True,False,recoverable,0,False,RUNNING
29.766666666665618,3572,S3_FL_TRAVERSE,TOP_PLACE,v003_20260805_224517_157723_manual:S3_FL_TRAVERSE:PRIMARY_PROFILE:segments-24-40,6.191666666666315,0.8235294117647058,39,0.2424883097410202,-0.0016185566782951355,0.10925272852182388,-0.002648845425655504,-0.04476608190914243,0.00673174565804527,FL,3,True,False,recoverable,0,False,RUNNING
29.83333333333228,3580,S3_FL_TRAVERSE,TOP_PLACE,v003_20260805_224517_157723_manual:S3_FL_TRAVERSE:PRIMARY_PROFILE:segments-24-40,6.258333333332978,0.8235294117647058,39,0.243402898311615,-0.001643948256969452,0.10934114456176758,-0.0023365481030642693,-0.044950702368826624,0.006756223079695604,FL,3,True,False,recoverable,0,False,RUNNING
29.899999999998943,3588,S3_FL_TRAVERSE,TOP_PLACE,v003_20260805_224517_157723_manual:S3_FL_TRAVERSE:PRIMARY_PROFILE:segments-24-40,6.3249999999996405,0.8235294117647058,39,0.2443544864654541,-0.0016564726829528809,0.1094106137752533,-0.0020553691140441427,-0.045146512878159815,0.006781515201789932,FL,3,True,False,recoverable,0,False,RUNNING
29.966666666665606,3596,S3_FL_TRAVERSE,TOP_PLACE,v003_20260805_224517_157723_manual:S3_FL_TRAVERSE:PRIMARY_PROFILE:segments-24-40,6.391666666666303,0.8235294117647058,39,0.24534444510936737,-0.0016750171780586243,0.10944929718971252,-0.00181787426964993,-0.04535098096410822,0.006805641341524409,FL,3,True,False,recoverable,0,False,RUNNING
30.03333333333227,3604,S3_FL_TRAVERSE,TOP_PLACE,v003_20260805_224517_157723_manual:S3_FL_TRAVERSE:PRIMARY_PROFILE:segments-24-40,6.458333333332966,0.8235294117647058,39,0.2463197559118271,-0.001664571464061737,0.1094280406832695,-0.0019052753312786225,-0.04528013467427287,0.006819997176393166,FL,3,True,False,recoverable,0,False,RUNNING
30.099999999998932,3612,S3_FL_TRAVERSE,TOP_PLACE,v003_20260805_224517_157723_manual:S3_FL_TRAVERSE:PRIMARY_PROFILE:segments-24-40,6.524999999999629,0.8235294117647058,39,0.24732926487922668,-0.0016107484698295593,0.1093420758843422,-0.002438304040078163,-0.04491883579099311,0.006834451515517008,FL,3,True,False,recoverable,0,False,RUNNING
30.166666666665595,3620,S3_FL_TRAVERSE,TOP_PLACE,v003_20260805_224517_157723_manual:S3_FL_TRAVERSE:PRIMARY_PROFILE:segments-24-40,6.591666666666292,0.8235294117647058,39,0.24839133024215698,-0.0015546083450317383,0.10923928022384644,-0.002980583398610438,-0.04459792924204793,0.006824288641798802,FL,3,True,False,recoverable,0,False,RUNNING
30.233333333332258,3628,S3_FL_TRAVERSE,TOP_PLACE,v003_20260805_224517_157723_manual:S3_FL_TRAVERSE:PRIMARY_PROFILE:segments-24-40,6.658333333332955,0.8235294117647058,39,0.24950237572193146,-0.0015019699931144714,0.10910578072071075,-0.003533712857600829,-0.04427966759399163,0.006830485635860037,FL,3,True,False,recoverable,0,False,RUNNING
30.29999999999892,3636,S3_FL_TRAVERSE,TOP_PLACE,v003_20260805_224517_157723_manual:S3_FL_TRAVERSE:PRIMARY_PROFILE:segments-24-40,6.724999999999618,0.8235294117647058,39,0.25065210461616516,-0.0014410242438316345,0.10894650220870972,-0.004110147329787219,-0.04397829156603223,0.006828318207118326,FL,3,True,False,recoverable,0,False,RUNNING
30.366666666665584,3644,S3_FL_TRAVERSE,TOP_PLACE,v003_20260805_224517_157723_manual:S3_FL_TRAVERSE:PRIMARY_PROFILE:segments-24-40,6.791666666666281,0.8235294117647058,39,0.2515678107738495,-0.001375444233417511,0.1088637188076973,-0.004846681064875195,-0.0439169742537971,0.006817163091765736,FL,3,True,False,recoverable,0,False,RUNNING
30.433333333332246,3652,S3_FL_TRAVERSE,TOP_PLACE,v003_20260805_224517_157723_manual:S3_FL_TRAVERSE:PRIMARY_PROFILE:segments-24-40,6.8583333333329435,0.8235294117647058,39,0.25246691703796387,-0.001316756010055542,0.10884223878383636,-0.0054771637067757735,-0.04407517625499829,0.006796626249361379,FL,3,True,False,recoverable,0,False,RUNNING
30.49999999999891,3660,S3_FL_TRAVERSE,TOP_PLACE,v003_20260805_224517_157723_manual:S3_FL_TRAVERSE:PRIMARY_PROFILE:segments-24-40,6.924999999999606,0.8235294117647058,39,0.2533995509147644,-0.00125875324010849,0.10881101340055466,-0.006072891544602256,-0.044296498757579,0.0068020900840550505,FL,3,True,False,recoverable,0,False,RUNNING
30.566666666665572,3668,S3_FL_TRAVERSE,TOP_PLACE,v003_20260805_224517_157723_manual:S3_FL_TRAVERSE:PRIMARY_PROFILE:segments-24-40,6.991666666666269,0.8235294117647058,39,0.25439202785491943,-0.0011987388134002686,0.10875729471445084,-0.006713051683486141,-0.04456009308527579,0.006778345326086144,FL,3,True,False,recoverable,0,False,RUNNING
30.633333333332235,3676,S3_FL_TRAVERSE,TOP_PLACE,v003_20260805_224517_157723_manual:S3_FL_TRAVERSE:PRIMARY_PROFILE:segments-24-40,7.058333333332932,0.8235294117647058,39,0.2551731467247009,-0.0011803209781646729,0.10880470275878906,-0.006883431043125079,-0.04458499023652055,0.0067999640213635875,FL,3,True,False,recoverable,0,False,RUNNING
30.699999999998898,3684,S3_FL_TRAVERSE,TOP_PLACE,v003_20260805_224517_157723_manual:S3_FL_TRAVERSE:PRIMARY_PROFILE:segments-24-40,7.124999999999595,0.8235294117647058,39,0.2559332549571991,-0.0011834055185317993,0.10894294828176498,-0.0067296602880123155,-0.04460782081493425,0.006822083761706635,FL,3,True,False,recoverable,0,False,RUNNING
30.76666666666556,3692,S3_FL_TRAVERSE,TOP_PLACE,v003_20260805_224517_157723_manual:S3_FL_TRAVERSE:PRIMARY_PROFILE:segments-24-40,7.191666666666258,0.8235294117647058,39,0.2567548155784607,-0.001196436583995819,0.10908296704292297,-0.006523184234133871,-0.04469142425461341,0.0068170600448149744,FL,3,True,False,recoverable,0,False,RUNNING
30.833333333332224,3700,S3_FL_TRAVERSE,TOP_PLACE,v003_20260805_224517_157723_manual:S3_FL_TRAVERSE:PRIMARY_PROFILE:segments-24-40,7.258333333332921,0.8235294117647058,39,0.25760942697525024,-0.0012049600481987,0.10921128839254379,-0.006376091391656026,-0.04474548962540382,0.00684892963153461,FL,3,True,False,recoverable,0,False,RUNNING
30.899999999998887,3708,S3_FL_TRAVERSE,TOP_PLACE,v003_20260805_224517_157723_manual:S3_FL_TRAVERSE:PRIMARY_PROFILE:segments-24-40,7.324999999999584,0.8235294117647058,39,0.2585061192512512,-0.0012049376964569092,0.10932305455207825,-0.006234389727659209,-0.04480107115687314,0.006871973269198816,FL,3,True,False,recoverable,0,False,RUNNING
30.96666666666555,3716,S3_FL_TRAVERSE,TOP_PLACE,v003_20260805_224517_157723_manual:S3_FL_TRAVERSE:PRIMARY_PROFILE:segments-24-40,7.3916666666662465,0.8235294117647058,39,0.25942304730415344,-0.0012064650654792786,0.1094108447432518,-0.006058670223773559,-0.04482688640550229,0.006930154271013568,FL,3,True,False,recoverable,0,False,RUNNING
31.033333333332212,3724,S3_FL_TRAVERSE,TOP_PLACE,v003_20260805_224517_157723_manual:S3_FL_TRAVERSE:PRIMARY_PROFILE:segments-24-40,7.458333333332909,0.8235294117647058,39,0.2604210078716278,-0.0012098029255867004,0.10948114842176437,-0.005954534673433766,-0.04490236779817363,0.006936868506386039,FL,3,True,False,recoverable,0,False,RUNNING
31.099999999998875,3732,S3_FL_TRAVERSE,TOP_PLACE,v003_20260805_224517_157723_manual:S3_FL_TRAVERSE:PRIMARY_PROFILE:segments-24-40,7.524999999999572,0.8235294117647058,39,0.26141786575317383,-0.0012134164571762085,0.1095493733882904,-0.005760812994941953,-0.044988717102676656,0.006955037773922803,FL,3,True,False,recoverable,0,False,RUNNING
31.166666666665538,3740,S3_FL_TRAVERSE,TOP_PLACE,v003_20260805_224517_157723_manual:S3_FL_TRAVERSE:PRIMARY_PROFILE:segments-24-40,7.591666666666235,0.8235294117647058,39,0.2624081075191498,-0.0012324899435043335,0.10961171239614487,-0.005502998592529348,-0.0450836252078404,0.006972970861039217,FL,3,True,False,recoverable,0,False,RUNNING
31.2333333333322,3748,S3_FL_TRAVERSE,TOP_PLACE,v003_20260805_224517_157723_manual:S3_FL_TRAVERSE:PRIMARY_PROFILE:segments-24-40,7.658333333332898,0.8235294117647058,39,0.26338550448417664,-0.001260414719581604,0.10970721393823624,-0.005090073240842263,-0.04530077455175274,0.006983827137137011,FL,3,True,False,recoverable,0,False,RUNNING
31.299999999998864,3756,S3_FL_TRAVERSE,TOP_PLACE,v003_20260805_224517_157723_manual:S3_FL_TRAVERSE:PRIMARY_PROFILE:segments-24-40,7.724999999999561,0.8235294117647058,39,0.2643479108810425,-0.0012867972254753113,0.10977692902088165,-0.0046962346796273315,-0.04547997451591299,0.007022974634031098,FL,3,True,False,recoverable,0,False,RUNNING
31.366666666665527,3764,S3_FL_TRAVERSE,TOP_PLACE,v003_20260805_224517_157723_manual:S3_FL_TRAVERSE:PRIMARY_PROFILE:segments-24-40,7.791666666666224,0.8235294117647058,39,0.2653712034225464,-0.0013032332062721252,0.10981302708387375,-0.0044168137855295775,-0.045671980022669076,0.0070301406574718285,FL,3,True,False,recoverable,0,False,RUNNING
31.43333333333219,3772,S3_FL_TRAVERSE,TOP_PLACE,v003_20260805_224517_157723_manual:S3_FL_TRAVERSE:PRIMARY_PROFILE:segments-24-40,7.858333333332887,0.8235294117647058,39,0.26638585329055786,-0.0013194605708122253,0.10983534157276154,-0.004086331328284015,-0.045855060933385657,0.007054310923376238,FL,3,True,False,recoverable,0,False,RUNNING
31.499999999998852,3780,S3_FL_TRAVERSE,TOP_PLACE,v003_20260805_224517_157723_manual:S3_FL_TRAVERSE:PRIMARY_PROFILE:segments-24-40,7.9249999999995495,0.8235294117647058,39,0.26744401454925537,-0.001338183879852295,0.109825499355793,-0.003823101778636615,-0.04605223084315831,0.00707300243110029,FL,3,True,False,recoverable,0,False,RUNNING
31.566666666665515,3788,S3_FL_TRAVERSE,TOP_PLACE,v003_20260805_224517_157723_manual:S3_FL_TRAVERSE:PRIMARY_PROFILE:segments-24-40,7.991666666666212,0.8235294117647058,39,0.26846155524253845,-0.0013400837779045105,0.10976716130971909,-0.003660716299699594,-0.04611432455346838,0.007091800111077914,FL,3,True,False,recoverable,0,False,RUNNING
31.63333333333218,3796,S3_FL_TRAVERSE,TOP_PLACE,v003_20260805_224517_157723_manual:S3_FL_TRAVERSE:PRIMARY_PROFILE:segments-24-40,8.058333333332875,0.8235294117647058,39,0.26947492361068726,-0.00131930410861969,0.1096656396985054,-0.003844361250221931,-0.045839994661337535,0.007094268708966194,FL,3,True,False,recoverable,0,False,RUNNING
31.69999999999884,3804,S3_FL_TRAVERSE,TOP_PLACE,v003_20260805_224517_157723_manual:S3_FL_TRAVERSE:PRIMARY_PROFILE:segments-24-40,8.124999999999538,0.8235294117647058,39,0.2705545723438263,-0.0012661442160606384,0.10951006412506104,-0.004387732167802802,-0.04537196815869984,0.007108071411082898,FL,3,True,False,recoverable,0,False,RUNNING
31.766666666665504,3812,S3_FL_TRAVERSE,TOP_PLACE,v003_20260805_224517_157723_manual:S3_FL_TRAVERSE:PRIMARY_PROFILE:segments-24-40,8.191666666666201,0.8235294117647058,39,0.27168306708335876,-0.0012152045965194702,0.10935619473457336,-0.004847663116067066,-0.044952209271786184,0.007087789093556262,FL,3,True,False,recoverable,0,False,RUNNING
31.833333333332167,3820,S3_FL_TRAVERSE,TOP_PLACE,v003_20260805_224517_157723_manual:S3_FL_TRAVERSE:PRIMARY_PROFILE:segments-24-40,8.258333333332864,0.8235294117647058,39,0.2728178799152374,-0.001165241003036499,0.10917827486991882,-0.0053194374946139355,-0.044527602662315806,0.00709759323694253,FL,3,True,False,recoverable,0,False,RUNNING
31.89999999999883,3828,S3_FL_TRAVERSE,TOP_PLACE,v003_20260805_224517_157723_manual:S3_FL_TRAVERSE:PRIMARY_PROFILE:segments-24-40,8.324999999999527,0.8235294117647058,39,0.27398356795310974,-0.0011123940348625183,0.10896500200033188,-0.005821932994723323,-0.04410368039769028,0.00707868091318431,FL,3,True,False,recoverable,0,False,RUNNING
31.966666666665493,3836,S3_FL_TRAVERSE,TOP_PLACE,v003_20260805_224517_157723_manual:S3_FL_TRAVERSE:PRIMARY_PROFILE:segments-24-40,8.39166666666619,0.8235294117647058,39,0.27483394742012024,-0.0010700300335884094,0.10895479470491409,-0.006222910939556244,-0.04418461189167185,0.007090719541491771,FL,3,True,False,recoverable,0,False,RUNNING
32.03333333333216,3844,S3_FL_TRAVERSE,TOP_PLACE,v003_20260805_224517_157723_manual:S3_FL_TRAVERSE:PRIMARY_PROFILE:segments-24-40,8.458333333332856,0.8235294117647058,39,0.27576494216918945,-0.0010252296924591064,0.10892453044652939,-0.006668963833073223,-0.04436173593239165,0.007070061606301411,FL,3,True,False,recoverable,0,False,RUNNING
32.09999999999882,3852,S3_FL_TRAVERSE,TOP_PLACE,v003_20260805_224517_157723_manual:S3_FL_TRAVERSE:PRIMARY_PROFILE:segments-24-40,8.524999999999519,0.8235294117647058,39,0.2767418622970581,-0.000982917845249176,0.10887955874204636,-0.007135934438739699,-0.044584320028581426,0.007060528192321227,FL,3,True,False,recoverable,0,False,RUNNING
32.166666666665485,3860,S3_FL_TRAVERSE,TOP_PLACE,v003_20260805_224517_157723_manual:S3_FL_TRAVERSE:PRIMARY_PROFILE:segments-24-40,8.591666666666182,0.8235294117647058,39,0.27748990058898926,-0.0010108724236488342,0.10904860496520996,-0.006698127929981278,-0.044645480232806546,0.007088820377371668,FL,3,True,False,recoverable,0,False,RUNNING
32.23333333333215,3868,S3_FL_TRAVERSE,TOP_PLACE,v003_20260805_224517_157723_manual:S3_FL_TRAVERSE:PRIMARY_PROFILE:segments-24-40,8.658333333332845,0.8235294117647058,39,0.27829083800315857,-0.0010388344526290894,0.10920227319002151,-0.006296279664655093,-0.044753546914071234,0.007123270324753341,FL,3,True,False,recoverable,0,False,RUNNING
32.29999999999881,3876,S3_FL_TRAVERSE,TOP_PLACE,v003_20260805_224517_157723_manual:S3_FL_TRAVERSE:PRIMARY_PROFILE:segments-24-40,8.724999999999508,0.8235294117647058,39,0.2791380286216736,-0.0010598152875900269,0.10933782160282135,-0.005946858259948177,-0.044879488656788494,0.007152061874689346,FL,3,True,False,recoverable,0,False,RUNNING
32.36666666666547,3884,S3_FL_TRAVERSE,TOP_PLACE,v003_20260805_224517_157723_manual:S3_FL_TRAVERSE:PRIMARY_PROFILE:segments-24-40,8.79166666666617,0.8235294117647058,39,0.2800375521183014,-0.0010780096054077148,0.10945513099431992,-0.005632358574359133,-0.04504602664522685,0.00716851675854658,FL,3,True,False,recoverable,0,False,RUNNING
32.433333333332136,3892,S3_FL_TRAVERSE,TOP_PLACE,v003_20260805_224517_157723_manual:S3_FL_TRAVERSE:PRIMARY_PROFILE:segments-24-40,8.858333333332833,0.8235294117647058,39,0.28095048666000366,-0.0010982528328895569,0.10955218970775604,-0.0053686717346812535,-0.045158334360622256,0.0071902034657428645,FL,3,True,False,recoverable,0,False,RUNNING
32.4999999999988,3900,S3_FL_TRAVERSE,TOP_PLACE,v003_20260805_224517_157723_manual:S3_FL_TRAVERSE:PRIMARY_PROFILE:segments-24-40,8.924999999999496,0.8235294117647058,39,0.2818930447101593,-0.0010998249053955078,0.10960875451564789,-0.0051992607158683445,-0.04517061478084131,0.0072193657849626185,FL,3,True,False,recoverable,0,False,RUNNING
32.56666666666546,3908,S3_FL_TRAVERSE,TOP_PLACE,v003_20260805_224517_157723_manual:S3_FL_TRAVERSE:PRIMARY_PROFILE:segments-24-40,8.991666666666159,0.8235294117647058,39,0.2828480005264282,-0.0011074021458625793,0.10966794192790985,-0.0050023071311979155,-0.04524976299107256,0.007268106860062545,FL,3,True,False,recoverable,0,False,RUNNING
32.633333333332125,3916,S3_FL_TRAVERSE,TOP_PLACE,v003_20260805_224517_157723_manual:S3_FL_TRAVERSE:PRIMARY_PROFILE:segments-24-40,9.058333333332822,0.8235294117647058,39,0.28383055329322815,-0.0011173412203788757,0.10972405970096588,-0.004759717210536493,-0.045350430935717286,0.0072799411809009685,FL,3,True,False,recoverable,0,False,RUNNING
32.69999999999879,3924,S3_FL_TRAVERSE,TOP_PLACE,v003_20260805_224517_157723_manual:S3_FL_TRAVERSE:PRIMARY_PROFILE:segments-24-40,9.124999999999485,0.8235294117647058,39,0.2848608195781708,-0.0011282488703727722,0.10975264757871628,-0.004507001551296598,-0.04545579670579258,0.007302621793886097,FL,3,True,False,recoverable,0,False,RUNNING
32.76666666666545,3932,S3_FL_TRAVERSE,TOP_PLACE,v003_20260805_224517_157723_manual:S3_FL_TRAVERSE:PRIMARY_PROFILE:segments-24-40,9.191666666666148,0.8235294117647058,39,0.2858852744102478,-0.001135013997554779,0.1097605898976326,-0.0043666448415653975,-0.04559087650016857,0.007337485262602698,FL,3,True,False,recoverable,0,False,RUNNING
32.833333333332114,3940,S3_FL_TRAVERSE,TOP_PLACE,v003_20260805_224517_157723_manual:S3_FL_TRAVERSE:PRIMARY_PROFILE:segments-24-40,9.25833333333281,0.8235294117647058,39,0.28689390420913696,-0.0011312812566757202,0.10976003110408783,-0.004257880318789736,-0.04575422225645197,0.0073522085819459106,FL,3,True,False,recoverable,0,False,RUNNING
32.899999999998776,3948,S3_FL_TRAVERSE,TOP_PLACE,v003_20260805_224517_157723_manual:S3_FL_TRAVERSE:PRIMARY_PROFILE:segments-24-40,9.324999999999473,0.8235294117647058,39,0.28787699341773987,-0.0011520013213157654,0.1097809225320816,-0.003943731546588734,-0.04590916719884801,0.007392985033842511,FL,3,True,False,recoverable,0,False,RUNNING
32.96666666666544,3956,S3_FL_TRAVERSE,TOP_PLACE,v003_20260805_224517_157723_manual:S3_FL_TRAVERSE:PRIMARY_PROFILE:segments-24-40,9.391666666666136,0.8235294117647058,39,0.2888866662979126,-0.0011797919869422913,0.1098000705242157,-0.003544613305848535,-0.04606289742442066,0.007403902931060764,FL,3,True,False,recoverable,0,False,RUNNING
33.0333333333321,3964,S3_FL_TRAVERSE,TOP_PLACE,v003_20260805_224517_157723_manual:S3_FL_TRAVERSE:PRIMARY_PROFILE:segments-24-40,9.4583333333328,0.8235294117647058,39,0.2899284064769745,-0.0012068748474121094,0.10979367792606354,-0.003153975231394488,-0.04623133879947177,0.00744646923731883,FL,3,True,False,recoverable,0,False,RUNNING
33.099999999998765,3972,S3_FL_TRAVERSE,TOP_PLACE,v003_20260805_224517_157723_manual:S3_FL_TRAVERSE:PRIMARY_PROFILE:segments-24-40,9.524999999999462,0.8235294117647058,39,0.2909981906414032,-0.0012366101145744324,0.10977423936128616,-0.0027129780821587143,-0.04641158276663189,0.0074552147987143125,FL,3,True,False,recoverable,0,False,RUNNING
33.16666666666543,3980,S3_FL_TRAVERSE,TOP_PLACE,v003_20260805_224517_157723_manual:S3_FL_TRAVERSE:PRIMARY_PROFILE:segments-24-40,9.591666666666125,0.8235294117647058,39,0.2921103239059448,-0.0011958107352256775,0.10963427275419235,-0.0030949550382324553,-0.04598908309121012,0.007469980384759061,FL,3,True,False,recoverable,0,False,RUNNING
33.23333333333209,3988,S3_FL_TRAVERSE,TOP_PLACE,v003_20260805_224517_157723_manual:S3_FL_TRAVERSE:PRIMARY_PROFILE:segments-24-40,9.658333333332788,0.8235294117647058,39,0.2932794392108917,-0.0011372491717338562,0.10943598300218582,-0.0036911074430513347,-0.045445212499485244,0.007447421352276793,FL,3,True,False,recoverable,0,False,RUNNING
33.299999999998754,3996,S3_FL_TRAVERSE,TOP_PLACE,v003_20260805_224517_157723_manual:S3_FL_TRAVERSE:PRIMARY_PROFILE:segments-24-40,9.72499999999945,0.8235294117647058,39,0.2944610118865967,-0.0010772645473480225,0.10921115428209305,-0.0042837421079734905,-0.04488995200151035,0.0074500158933843005,FL,3,True,False,recoverable,0,False,RUNNING
33.36666666666542,4004,S3_FL_TRAVERSE,TOP_PLACE,v003_20260805_224517_157723_manual:S3_FL_TRAVERSE:PRIMARY_PROFILE:segments-24-40,9.791666666666114,0.8235294117647058,39,0.2956681549549103,-0.0010126233100891113,0.10894825309515,-0.004933945541940853,-0.04432407301590761,0.007423152654442336,FL,3,True,False,recoverable,0,False,RUNNING
33.43333333333208,4012,S3_FL_TRAVERSE,TOP_PLACE,v003_20260805_224517_157723_manual:S3_FL_TRAVERSE:PRIMARY_PROFILE:segments-24-40,9.858333333332777,0.8235294117647058,39,0.2965739965438843,-0.0009587854146957397,0.10887789726257324,-0.005480240214659765,-0.044274454877569695,0.007432187037336948,FL,3,True,False,recoverable,0,False,RUNNING
33.49999999999874,4020,S3_FL_TRAVERSE,TOP_PLACE,v003_20260805_224517_157723_manual:S3_FL_TRAVERSE:PRIMARY_PROFILE:segments-24-40,9.92499999999944,0.8235294117647058,39,0.2974567413330078,-0.0009047165513038635,0.10884378105401993,-0.006025550725246577,-0.04438525470003661,0.0074090262570132275,FL,3,True,False,recoverable,0,False,RUNNING
33.566666666665405,4028,S3_FL_TRAVERSE,TOP_PLACE,v003_20260805_224517_157723_manual:S3_FL_TRAVERSE:PRIMARY_PROFILE:segments-24-40,9.991666666666102,0.8235294117647058,39,0.29840290546417236,-0.000848524272441864,0.10879770666360855,-0.006589863133891249,-0.0445899350618883,0.007415043685393304,FL,3,True,False,recoverable,0,False,RUNNING
33.63333333333207,4036,S3_FL_TRAVERSE,TOP_PLACE,v003_20260805_224517_157723_manual:S3_FL_TRAVERSE:PRIMARY_PROFILE:segments-24-40,10.058333333332765,0.8235294117647058,39,0.2994106411933899,-0.0007892400026321411,0.10872361063957214,-0.0072085205054469035,-0.044840271074862964,0.007391713697218341,FL,3,True,False,recoverable,0,False,RUNNING
33.69999999999873,4044,S3_FL_TRAVERSE,TOP_PLACE,v003_20260805_224517_157723_manual:S3_FL_TRAVERSE:PRIMARY_PROFILE:segments-24-40,10.124999999999428,0.8235294117647058,39,0.3004542887210846,-0.0007301568984985352,0.108638234436512,-0.007817004145712287,-0.04511078960638033,0.007395345522735965,FL,3,True,False,recoverable,0,False,RUNNING
33.766666666665394,4052,S3_FL_TRAVERSE,TOP_PLACE,v003_20260805_224517_157723_manual:S3_FL_TRAVERSE:PRIMARY_PROFILE:segments-24-40,10.191666666666091,0.8235294117647058,39,0.3012326955795288,-0.0007139146327972412,0.10866130888462067,-0.007938721687624219,-0.04497912097680789,0.007397578603951786,FL,3,True,False,recoverable,0,False,RUNNING
33.83333333333206,4060,S3_FL_TRAVERSE,TOP_PLACE,v003_20260805_224517_157723_manual:S3_FL_TRAVERSE:PRIMARY_PROFILE:segments-24-40,10.258333333332754,0.8235294117647058,39,0.30208536982536316,-0.0007073953747749329,0.10871262848377228,-0.007932622343971036,-0.04498617961005672,0.007428572217902397,FL,3,True,False,recoverable,0,False,RUNNING
33.89999999999872,4068,S3_FL_TRAVERSE,TOP_PLACE,v003_20260805_224517_157723_manual:S3_FL_TRAVERSE:PRIMARY_PROFILE:segments-24-40,10.324999999999417,0.8235294117647058,39,0.3029901385307312,-0.0007017180323600769,0.10876579582691193,-0.007866558585828073,-0.04506196317733708,0.007450698845674703,FL,3,True,False,recoverable,0,False,RUNNING
33.96666666666538,4076,S3_FL_TRAVERSE,TOP_PLACE,v003_20260805_224517_157723_manual:S3_FL_TRAVERSE:PRIMARY_PROFILE:segments-24-40,10.39166666666608,0.8235294117647058,39,0.3039270043373108,-0.0007001608610153198,0.10881438851356506,-0.007750881616840682,-0.04518261071610134,0.007476171175742442,FL,3,True,False,recoverable,0,False,RUNNING
34.033333333332045,4084,S3_FL_TRAVERSE,TOP_PLACE,v003_20260805_224517_157723_manual:S3_FL_TRAVERSE:PRIMARY_PROFILE:segments-24-40,10.458333333332742,0.8235294117647058,39,0.3049011528491974,-0.0006745606660842896,0.10882160067558289,-0.007893001447468176,-0.045144892641113266,0.007522532490975286,FL,3,True,False,recoverable,0,False,RUNNING
34.09999999999871,4092,S3_FL_TRAVERSE,TOP_PLACE,v003_20260805_224517_157723_manual:S3_FL_TRAVERSE:PRIMARY_PROFILE:segments-24-40,10.524999999999405,0.8235294117647058,39,0.3059157431125641,-0.0006460696458816528,0.10879845917224884,-0.008097333137390299,-0.045077374287775196,0.007535325233663396,FL,3,True,False,recoverable,0,False,RUNNING
34.16666666666537,4100,S3_FL_TRAVERSE,TOP_PLACE,v003_20260805_224517_157723_manual:S3_FL_TRAVERSE:PRIMARY_PROFILE:segments-24-40,10.591666666666068,0.8235294117647058,39,0.30693671107292175,-0.0006213486194610596,0.10876148194074631,-0.008281976507224493,-0.04500211657689644,0.0075643780032370045,FL,3,True,False,recoverable,0,False,RUNNING
34.233333333332034,4108,S3_FL_TRAVERSE,TOP_PLACE,v003_20260805_224517_157723_manual:S3_FL_TRAVERSE:PRIMARY_PROFILE:segments-24-40,10.658333333332731,0.8235294117647058,39,0.30798372626304626,-0.0005915313959121704,0.10870777815580368,-0.008446930263875602,-0.04495370446893517,0.0075939797055641816,FL,3,True,False,recoverable,0,False,RUNNING
34.2999999999987,4116,S3_FL_TRAVERSE,TOP_PLACE,v003_20260805_224517_157723_manual:S3_FL_TRAVERSE:PRIMARY_PROFILE:segments-24-40,10.724999999999394,0.8235294117647058,39,0.30905869603157043,-0.0005622208118438721,0.10864149779081345,-0.00861275030863138,-0.044942399274853495,0.007607333889137955,FL,3,True,False,recoverable,0,False,RUNNING
34.36666666666536,4124,S3_FL_TRAVERSE,TOP_PLACE,v003_20260805_224517_157723_manual:S3_FL_TRAVERSE:PRIMARY_PROFILE:segments-24-40,10.791666666666057,0.8235294117647058,39,0.31000450253486633,-0.0005610063672065735,0.10865959525108337,-0.008550236907780989,-0.0451232945858276,0.007629456630570954,FL,3,True,False,recoverable,0,False,RUNNING
34.43333333333202,4132,S3_FL_TRAVERSE,TOP_PLACE,v003_20260805_224517_157723_manual:S3_FL_TRAVERSE:PRIMARY_PROFILE:segments-24-40,10.85833333333272,0.8235294117647058,39,0.31077736616134644,-0.0005960389971733093,0.1087755635380745,-0.008013109329798623,-0.045152498939867024,0.007664423457431989,FL,3,True,False,recoverable,0,False,RUNNING
34.499999999998685,4140,S3_FL_TRAVERSE,TOP_PLACE,v003_20260805_224517_157723_manual:S3_FL_TRAVERSE:PRIMARY_PROFILE:segments-24-40,10.924999999999383,0.8235294117647058,39,0.3115808367729187,-0.0006384775042533875,0.10891536623239517,-0.007435806091399464,-0.04518738726316632,0.007713512564406736,FL,3,True,False,recoverable,0,False,RUNNING
34.56666666666535,4148,S3_FL_TRAVERSE,TOP_PLACE,v003_20260805_224517_157723_manual:S3_FL_TRAVERSE:PRIMARY_PROFILE:segments-24-40,10.991666666666045,0.8235294117647058,39,0.3124789297580719,-0.0006682723760604858,0.10904420167207718,-0.006939907530086192,-0.04527775850784457,0.007748883610570035,FL,3,True,False,recoverable,0,False,RUNNING
34.63333333333201,4156,S3_FL_TRAVERSE,TOP_PLACE,v003_20260805_224517_157723_manual:S3_FL_TRAVERSE:PRIMARY_PROFILE:segments-24-40,11.058333333332708,0.8235294117647058,39,0.31340089440345764,-0.0007120892405509949,0.10916616767644882,-0.0063377602572541455,-0.045385374986293886,0.007766337897163791,FL,3,True,False,recoverable,0,False,RUNNING
34.699999999998674,4164,S3_FL_TRAVERSE,TOP_PLACE,v003_20260805_224517_157723_manual:S3_FL_TRAVERSE:PRIMARY_PROFILE:segments-24-40,11.124999999999371,0.8235294117647058,39,0.31432658433914185,-0.0007334426045417786,0.1092420443892479,-0.005992851871266328,-0.045334828396214756,0.007807951179387817,FL,3,True,False,recoverable,0,False,RUNNING
34.76666666666534,4172,S3_FL_TRAVERSE,TOP_PLACE,v003_20260805_224517_157723_manual:S3_FL_TRAVERSE:PRIMARY_PROFILE:segments-24-40,11.191666666666034,0.8235294117647058,39,0.31532418727874756,-0.0007312819361686707,0.10927386581897736,-0.005921554036692012,-0.04512208869055462,0.007810507078753162,FL,3,True,False,recoverable,0,False,RUNNING
34.833333333332,4180,S3_FL_TRAVERSE,TOP_PLACE,v003_20260805_224517_157723_manual:S3_FL_TRAVERSE:PRIMARY_PROFILE:segments-24-40,11.258333333332697,0.8235294117647058,39,0.31630828976631165,-0.0007328540086746216,0.10929449647665024,-0.005816172003609754,-0.04490051378516859,0.007845868092807377,FL,3,True,False,recoverable,0,False,RUNNING
34.89999999999866,4188,S3_FL_TRAVERSE,TOP_PLACE,v003_20260805_224517_157723_manual:S3_FL_TRAVERSE:PRIMARY_PROFILE:segments-24-40,11.32499999999936,0.8235294117647058,39,0.31735730171203613,-0.0007333308458328247,0.10929950326681137,-0.005708218846541644,-0.044709448868418586,0.007847421865448326,FL,3,True,False,recoverable,0,False,RUNNING
34.966666666665326,4196,S3_FL_TRAVERSE,TOP_PLACE,v003_20260805_224517_157723_manual:S3_FL_TRAVERSE:PRIMARY_PROFILE:segments-24-40,11.391666666666023,0.8235294117647058,39,0.3183930218219757,-0.0007352530956268311,0.10929227620363235,-0.005538565910451603,-0.04450185434405995,0.007867320590395839,FL,3,True,False,recoverable,0,False,RUNNING
35.03333333333199,4204,S3_FL_TRAVERSE,TOP_PLACE,v003_20260805_224517_157723_manual:S3_FL_TRAVERSE:PRIMARY_PROFILE:segments-24-40,11.458333333332686,0.8235294117647058,39,0.31932079792022705,-0.0007272660732269287,0.1093146800994873,-0.005604594126632976,-0.0444777277491096,0.007877401641260131,FL,3,True,False,recoverable,0,False,RUNNING
35.09999999999865,4212,S3_FL_TRAVERSE,TOP_PLACE,v003_20260805_224517_157723_manual:S3_FL_TRAVERSE:PRIMARY_PROFILE:segments-24-40,11.524999999999348,0.8235294117647058,39,0.32022836804389954,-0.0007203444838523865,0.10938657075166702,-0.005532296453812392,-0.04460325578893402,0.007892141185264951,FL,3,True,False,recoverable,0,False,RUNNING
35.166666666665314,4220,S3_FL_TRAVERSE,TOP_PLACE,v003_20260805_224517_157723_manual:S3_FL_TRAVERSE:PRIMARY_PROFILE:segments-24-40,11.591666666666011,0.8235294117647058,39,0.3211641311645508,-0.0007295310497283936,0.10945149511098862,-0.005397536359865018,-0.044766837514575226,0.007909233132200098,FL,3,True,False,recoverable,0,False,RUNNING
35.23333333333198,4228,S3_FL_TRAVERSE,TOP_PLACE,v003_20260805_224517_157723_manual:S3_FL_TRAVERSE:PRIMARY_PROFILE:segments-24-40,11.658333333332674,0.8235294117647058,39,0.32214128971099854,-0.0007329508662223816,0.10950042307376862,-0.0052654951130246454,-0.04496635338506599,0.007909528766388183,FL,3,True,False,recoverable,0,False,RUNNING
35.29999999999864,4236,S3_FL_TRAVERSE,TOP_PLACE,v003_20260805_224517_157723_manual:S3_FL_TRAVERSE:PRIMARY_PROFILE:segments-24-40,11.724999999999337,0.8235294117647058,39,0.32312995195388794,-0.0007398873567581177,0.10953869670629501,-0.005086218156016116,-0.04517742796150004,0.007943171306567583,FL,3,True,False,recoverable,0,False,RUNNING
35.3666666666653,4244,S3_FL_TRAVERSE,TOP_PLACE,v003_20260805_224517_157723_manual:S3_FL_TRAVERSE:PRIMARY_PROFILE:segments-24-40,11.791666666666,0.8235294117647058,39,0.32413727045059204,-0.0007475242018699646,0.10955849289894104,-0.004895132736948684,-0.04539385199349179,0.007951179114086219,FL,3,True,False,recoverable,0,False,RUNNING
35.433333333331966,4252,S3_FL_TRAVERSE,TOP_PLACE,v003_20260805_224517_157723_manual:S3_FL_TRAVERSE:PRIMARY_PROFILE:segments-24-40,11.858333333332663,0.8235294117647058,39,0.3250802755355835,-0.0007718577980995178,0.1096239686012268,-0.004471357454349559,-0.04556039133302703,0.00798112833449603,FL,3,True,False,recoverable,0,False,RUNNING
35.49999999999863,4260,S3_FL_TRAVERSE,TOP_PLACE,v003_20260805_224517_157723_manual:S3_FL_TRAVERSE:PRIMARY_PROFILE:segments-24-40,11.924999999999326,0.8235294117647058,39,0.3261083662509918,-0.0007526427507400513,0.10960162431001663,-0.004653927677672066,-0.04531751612716903,0.007987134701870383,FL,3,True,False,recoverable,0,False,RUNNING
35.56666666666529,4268,S3_FL_TRAVERSE,TOP_PLACE,v003_20260805_224517_157723_manual:S3_FL_TRAVERSE:PRIMARY_PROFILE:segments-24-40,11.991666666665989,0.8235294117647058,39,0.32717305421829224,-0.0007231757044792175,0.10956278443336487,-0.004840550650101643,-0.045084124112474276,0.007990882136624943,FL,3,True,False,recoverable,0,False,RUNNING
35.633333333331954,4276,S3_FL_TRAVERSE,TOP_PLACE,v003_20260805_224517_157723_manual:S3_FL_TRAVERSE:PRIMARY_PROFILE:segments-24-40,12.058333333332651,0.8235294117647058,39,0.3282701075077057,-0.0007015988230705261,0.10949238389730453,-0.005051383699979111,-0.04482782422755011,0.007998223950012843,FL,3,True,False,recoverable,0,False,RUNNING
35.69999999999862,4284,S3_FL_TRAVERSE,TOP_PLACE,v003_20260805_224517_157723_manual:S3_FL_TRAVERSE:PRIMARY_PROFILE:segments-24-40,12.124999999999314,0.8235294117647058,39,0.3293999433517456,-0.0006682053208351135,0.10939709097146988,-0.005272977520675342,-0.04457246991316591,0.008002485698284071,FL,3,True,False,recoverable,0,False,RUNNING
35.76666666666528,4292,S3_FL_TRAVERSE,TOP_PLACE,v003_20260805_224517_157723_manual:S3_FL_TRAVERSE:PRIMARY_PROFILE:segments-24-40,12.191666666665977,0.8235294117647058,39,0.33040380477905273,-0.00065622478723526,0.10936997085809708,-0.005366926658650747,-0.04452260613601245,0.008014356215966523,FL,3,True,False,recoverable,0,False,RUNNING
35.83333333333194,4300,S3_FL_TRAVERSE,TOP_PLACE,v003_20260805_224517_157723_manual:S3_FL_TRAVERSE:PRIMARY_PROFILE:segments-24-40,12.25833333333264,0.8235294117647058,39,0.33132898807525635,-0.0006432384252548218,0.1094072014093399,-0.0054427818690980555,-0.04468845486572685,0.008009589422380711,FL,3,True,False,recoverable,0,False,RUNNING
35.899999999998606,4308,S3_FL_TRAVERSE,TOP_PLACE,v003_20260805_224517_157723_manual:S3_FL_TRAVERSE:PRIMARY_PROFILE:segments-24-40,12.324999999999303,0.8235294117647058,39,0.3322720229625702,-0.0006270259618759155,0.10942689329385757,-0.005524135852760658,-0.04488134013655396,0.008031518257809329,FL,3,True,False,recoverable,0,False,RUNNING
35.96666666666527,4316,S3_FL_TRAVERSE,TOP_PLACE,v003_20260805_224517_157723_manual:S3_FL_TRAVERSE:PRIMARY_PROFILE:segments-24-40,12.391666666665966,0.8235294117647058,39,0.3332522213459015,-0.0006029233336448669,0.1094113141298294,-0.005688889083957678,-0.04508485225292605,0.008022975893381573,FL,3,True,False,recoverable,0,False,RUNNING
36.03333333333193,4324,S3_FL_TRAVERSE,TOP_PLACE,v003_20260805_224517_157723_manual:S3_FL_TRAVERSE:PRIMARY_PROFILE:segments-24-40,12.458333333332629,0.8235294117647058,39,0.3342694044113159,-0.0005715265870094299,0.1093599796295166,-0.0059341250753710195,-0.045307774692908975,0.008040617806823547,FL,3,True,False,recoverable,0,False,RUNNING
36.099999999998595,4332,S3_FL_TRAVERSE,TOP_PLACE,v003_20260805_224517_157723_manual:S3_FL_TRAVERSE:PRIMARY_PROFILE:segments-24-40,12.524999999999292,0.8235294117647058,39,0.33530929684638977,-0.0005424395203590393,0.10928954184055328,-0.006160701404926221,-0.04553703105888231,0.008030556182631198,FL,3,True,False,recoverable,0,False,RUNNING
36.16666666666526,4340,S3_FL_TRAVERSE,TOP_PLACE,v003_20260805_224517_157723_manual:S3_FL_TRAVERSE:PRIMARY_PROFILE:segments-24-40,12.591666666665954,0.8235294117647058,39,0.33637508749961853,-0.0005085393786430359,0.10918807983398438,-0.006427915314652187,-0.045781590249714156,0.008048061829064009,FL,3,True,False,recoverable,0,False,RUNNING
36.23333333333192,4348,S3_FL_TRAVERSE,TOP_PLACE,v003_20260805_224517_157723_manual:S3_FL_TRAVERSE:PRIMARY_PROFILE:segments-24-40,12.658333333332617,0.8235294117647058,39,0.337350070476532,-0.0004994869232177734,0.10914677381515503,-0.006389510133017706,-0.04590091662332397,0.008064308504519517,FL,3,True,False,recoverable,0,False,RUNNING
36.29999999999858,4356,S3_FL_TRAVERSE,TOP_PLACE,v003_20260805_224517_157723_manual:S3_FL_TRAVERSE:PRIMARY_PROFILE:segments-24-40,12.72499999999928,0.8235294117647058,39,0.3381425142288208,-0.000540710985660553,0.10923784971237183,-0.005815343221870568,-0.04584111349612107,0.008110004515939255,FL,3,True,False,recoverable,0,False,RUNNING
36.366666666665246,4364,S3_FL_TRAVERSE,TOP_PLACE,v003_20260805_224517_157723_manual:S3_FL_TRAVERSE:PRIMARY_PROFILE:segments-24-40,12.791666666665943,0.8235294117647058,39,0.33901527523994446,-0.0005805045366287231,0.10932537913322449,-0.005212985843305609,-0.045857735036933064,0.008145217217330324,FL,3,True,False,recoverable,0,False,RUNNING
36.43333333333191,4372,S3_FL_TRAVERSE,TOP_PLACE,v003_20260805_224517_157723_manual:S3_FL_TRAVERSE:PRIMARY_PROFILE:segments-24-40,12.858333333332606,0.8235294117647058,39,0.3399112820625305,-0.0006193071603775024,0.10942807793617249,-0.004602397862043607,-0.045969140743246185,0.008185435281262607,FL,3,True,False,recoverable,0,False,RUNNING
36.49999999999857,4380,S3_FL_TRAVERSE,TOP_PLACE,v003_20260805_224517_157723_manual:S3_FL_TRAVERSE:PRIMARY_PROFILE:segments-24-40,12.924999999999269,0.8235294117647058,39,0.34088006615638733,-0.0006599947810173035,0.10948795080184937,-0.004008374944076933,-0.04605381421395282,0.008242343468580285,FL,3,True,False,recoverable,0,False,RUNNING
36.566666666665235,4388,S3_FL_TRAVERSE,TOP_PLACE,v003_20260805_224517_157723_manual:S3_FL_TRAVERSE:PRIMARY_PROFILE:segments-24-40,12.991666666665932,0.8235294117647058,39,0.34187051653862,-0.0007081776857376099,0.10955949127674103,-0.0032887468730833525,-0.046189471917462546,0.008279461748687612,FL,3,True,False,recoverable,0,False,RUNNING
36.6333333333319,4396,S3_FL_TRAVERSE,TOP_PLACE,v003_20260805_224517_157723_manual:S3_FL_TRAVERSE:PRIMARY_PROFILE:segments-24-40,13.058333333332595,0.8235294117647058,39,0.3428489565849304,-0.0007224604487419128,0.10955523699522018,-0.0030050854898388555,-0.045978920454988165,0.00831213908157227,FL,3,True,False,recoverable,0,False,RUNNING
36.69999999999856,4404,S3_FL_TRAVERSE,TOP_PLACE,v003_20260805_224517_157723_manual:S3_FL_TRAVERSE:PRIMARY_PROFILE:segments-24-40,13.124999999999257,0.8235294117647058,39,0.34391048550605774,-0.0006796866655349731,0.10947068780660629,-0.003288331002319795,-0.04542404505884135,0.00833932860447147,FL,3,True,False,recoverable,0,False,RUNNING
36.76666666666522,4412,S3_FL_TRAVERSE,TOP_PLACE,v003_20260805_224517_157723_manual:S3_FL_TRAVERSE:PRIMARY_PROFILE:segments-24-40,13.19166666666592,0.8235294117647058,39,0.34500211477279663,-0.0006468892097473145,0.10936802625656128,-0.0035814537305647928,-0.04486456117073964,0.00835281637417425,FL,3,True,False,recoverable,0,False,RUNNING
36.833333333331886,4420,S3_FL_TRAVERSE,TOP_PLACE,v003_20260805_224517_157723_manual:S3_FL_TRAVERSE:PRIMARY_PROFILE:segments-24-40,13.258333333332583,0.8235294117647058,39,0.34611162543296814,-0.000613771378993988,0.10924723744392395,-0.0038545177798747867,-0.04429742696492513,0.00837770338099035,FL,3,True,False,recoverable,0,False,RUNNING
36.89999999999855,4428,S3_FL_TRAVERSE,TOP_PLACE,v003_20260805_224517_157723_manual:S3_FL_TRAVERSE:PRIMARY_PROFILE:segments-24-40,13.324999999999246,0.8235294117647058,39,0.3472156822681427,-0.0005766600370407104,0.10914131253957748,-0.004161052395257972,-0.043851317193732205,0.008402761156417925,FL,3,True,False,recoverable,0,False,RUNNING
36.96666666666521,4436,S3_FL_TRAVERSE,TOP_PLACE,v003_20260805_224517_157723_manual:S3_FL_TRAVERSE:PRIMARY_PROFILE:segments-24-40,13.391666666665909,0.8235294117647058,39,0.3479688763618469,-0.0005585774779319763,0.10922480374574661,-0.004268942571284938,-0.0438621718460799,0.008412849591597903,FL,3,True,False,recoverable,0,False,RUNNING
37.033333333331875,4444,S3_FL_TRAVERSE,TOP_PLACE,v003_20260805_224517_157723_manual:S3_FL_TRAVERSE:PRIMARY_PROFILE:segments-24-40,13.458333333332572,0.8235294117647058,39,0.34882670640945435,-0.0005312487483024597,0.10930279642343521,-0.004442951324186431,-0.04398451229831404,0.00842222052410603,FL,3,True,False,recoverable,0,False,RUNNING
37.09999999999854,4452,S3_FL_TRAVERSE,TOP_PLACE,v003_20260805_224517_157723_manual:S3_FL_TRAVERSE:PRIMARY_PROFILE:segments-24-40,13.524999999999235,0.8235294117647058,39,0.3497393727302551,-0.0005054250359535217,0.10936354100704193,-0.004649506309990425,-0.04415753729648836,0.008440808459799434,FL,3,True,False,recoverable,0,False,RUNNING
37.1666666666652,4460,S3_FL_TRAVERSE,TOP_PLACE,v003_20260805_224517_157723_manual:S3_FL_TRAVERSE:PRIMARY_PROFILE:segments-24-40,13.591666666665898,0.8235294117647058,39,0.35065266489982605,-0.00046443939208984375,0.1093769297003746,-0.004991870015652934,-0.04425845023049807,0.008447094211909284,FL,3,True,False,recoverable,0,False,RUNNING
37.23333333333186,4468,S3_FL_TRAVERSE,TOP_PLACE,v003_20260805_224517_157723_manual:S3_FL_TRAVERSE:PRIMARY_PROFILE:segments-24-40,13.65833333333256,0.8235294117647058,39,0.35159483551979065,-0.0004378780722618103,0.10940460860729218,-0.005258246957265081,-0.04436506466050881,0.008447957203680577,FL,3,True,False,recoverable,0,False,RUNNING
37.299999999998526,4476,S3_FL_TRAVERSE,TOP_PLACE,v003_20260805_224517_157723_manual:S3_FL_TRAVERSE:PRIMARY_PROFILE:segments-24-40,13.724999999999223,0.8235294117647058,39,0.35257062315940857,-0.0004108548164367676,0.10943655669689178,-0.005429405196723122,-0.04453891757063613,0.00845135595398245,FL,3,True,False,recoverable,0,False,RUNNING
37.36666666666519,4484,S3_FL_TRAVERSE,TOP_PLACE,v003_20260805_224517_157723_manual:S3_FL_TRAVERSE:PRIMARY_PROFILE:segments-24-40,13.791666666665886,0.8235294117647058,39,0.35356417298316956,-0.0003918111324310303,0.1094542071223259,-0.005577713077684616,-0.04472947750355897,0.008472272629985246,FL,3,True,False,recoverable,0,False,RUNNING
37.43333333333185,4492,S3_FL_TRAVERSE,TOP_PLACE,v003_20260805_224517_157723_manual:S3_FL_TRAVERSE:PRIMARY_PROFILE:segments-24-40,13.85833333333255,0.8235294117647058,39,0.3545903265476227,-0.000372275710105896,0.10945633798837662,-0.005704000984537535,-0.04494151545077266,0.008464837824497083,FL,3,True,False,recoverable,0,False,RUNNING
37.499999999998515,4500,S3_FL_TRAVERSE,TOP_PLACE,v003_20260805_224517_157723_manual:S3_FL_TRAVERSE:PRIMARY_PROFILE:segments-24-40,13.924999999999212,0.8235294117647058,39,0.3556031584739685,-0.00036475807428359985,0.10947220027446747,-0.005665379432095264,-0.04517925531857567,0.008474974503113498,FL,3,True,False,recoverable,0,False,RUNNING
37.56666666666518,4508,S3_FL_TRAVERSE,TOP_PLACE,v003_20260805_224517_157723_manual:S3_FL_TRAVERSE:PRIMARY_PROFILE:segments-24-40,13.991666666665875,0.8235294117647058,39,0.3565022349357605,-0.0004028603434562683,0.10959197580814362,-0.005129463322119032,-0.04534032236751561,0.008515276427561069,FL,3,True,False,recoverable,0,False,RUNNING
37.63333333333184,4516,S3_FL_TRAVERSE,TOP_PLACE,v003_20260805_224517_157723_manual:S3_FL_TRAVERSE:PRIMARY_PROFILE:segments-24-40,14.058333333332538,0.8235294117647058,39,0.35744550824165344,-0.0004337131977081299,0.10967902094125748,-0.004669328445818864,-0.04549260933300349,0.008532895310388408,FL,3,True,False,recoverable,0,False,RUNNING
37.699999999998504,4524,S3_FL_TRAVERSE,TOP_PLACE,v003_20260805_224517_157723_manual:S3_FL_TRAVERSE:PRIMARY_PROFILE:segments-24-40,14.1249999999992,0.8235294117647058,39,0.35837751626968384,-0.0004698410630226135,0.1097692996263504,-0.0041918709934476266,-0.04567005780624148,0.008566702778301237,FL,3,True,False,recoverable,0,False,RUNNING
37.76666666666517,4532,S3_FL_TRAVERSE,TOP_PLACE,v003_20260805_224517_157723_manual:S3_FL_TRAVERSE:PRIMARY_PROFILE:segments-24-40,14.191666666665864,0.8235294117647058,39,0.35933685302734375,-0.0004927366971969604,0.10986705869436264,-0.003729186111831808,-0.045953628498563076,0.00861118417121912,FL,3,True,False,recoverable,0,False,RUNNING
37.83333333333183,4540,S3_FL_TRAVERSE,TOP_PLACE,v003_20260805_224517_157723_manual:S3_FL_TRAVERSE:PRIMARY_PROFILE:segments-24-40,14.258333333332526,0.8235294117647058,39,0.36033886671066284,-0.000512830913066864,0.10991175472736359,-0.003341597220917975,-0.0461747737022866,0.008635865594847504,FL,3,True,False,recoverable,0,False,RUNNING
37.89999999999849,4548,S3_FL_TRAVERSE,TOP_PLACE,v003_20260805_224517_157723_manual:S3_FL_TRAVERSE:PRIMARY_PROFILE:segments-24-40,14.32499999999919,0.8235294117647058,39,0.3613590896129608,-0.0005338713526725769,0.10992791503667831,-0.0029907610622882733,-0.04640871645495944,0.00867332917279191,FL,3,True,False,recoverable,0,False,RUNNING
37.966666666665155,4556,S3_FL_TRAVERSE,TOP_PLACE,v003_20260805_224517_157723_manual:S3_FL_TRAVERSE:PRIMARY_PROFILE:segments-24-40,14.391666666665852,0.8235294117647058,39,0.362385094165802,-0.0005483031272888184,0.10991311818361282,-0.002687909631240992,-0.046602317386952634,0.008690552186063726,FL,3,True,False,recoverable,0,False,RUNNING
38.03333333333182,4564,S3_FL_TRAVERSE,TOP_PLACE,v003_20260805_224517_157723_manual:S3_FL_TRAVERSE:PRIMARY_PROFILE:segments-24-40,14.458333333332515,0.8235294117647058,39,0.36343613266944885,-0.0005652084946632385,0.10985831171274185,-0.0024095329796251105,-0.04677179219118823,0.00872269013098254,FL,3,True,False,recoverable,0,False,RUNNING
38.09999999999848,4572,S3_FL_TRAVERSE,TOP_PLACE,v003_20260805_224517_157723_manual:S3_FL_TRAVERSE:PRIMARY_PROFILE:segments-24-40,14.524999999999178,0.8235294117647058,39,0.3645263910293579,-0.0005923360586166382,0.10979204624891281,-0.0019834514490543083,-0.04693248072076853,0.008737805220852133,FL,3,True,False,recoverable,0,False,RUNNING
38.166666666665144,4580,S3_FL_TRAVERSE,TOP_PLACE,v003_20260805_224517_157723_manual:S3_FL_TRAVERSE:PRIMARY_PROFILE:segments-24-40,14.59166666666584,0.8235294117647058,39,0.36562061309814453,-0.000615634024143219,0.10969364643096924,-0.0016163898069611288,-0.047025699364880415,0.00876922895527832,FL,3,True,False,recoverable,0,False,RUNNING
38.23333333333181,4588,S3_FL_TRAVERSE,TOP_PLACE,v003_20260805_224517_157723_manual:S3_FL_TRAVERSE:PRIMARY_PROFILE:segments-24-40,14.658333333332504,0.8235294117647058,39,0.3667626678943634,-0.0005671977996826172,0.10947352647781372,-0.0020998269945881913,-0.04646109548881169,0.008755880789877506,FL,3,True,False,recoverable,0,False,RUNNING
38.29999999999847,4596,S3_FL_TRAVERSE,TOP_PLACE,v003_20260805_224517_157723_manual:S3_FL_TRAVERSE:PRIMARY_PROFILE:segments-24-40,14.724999999999167,0.8235294117647058,39,0.36779043078422546,-0.0005260631442070007,0.10929293930530548,-0.0024937713731497586,-0.045631380893373055,0.00875963781035142,FL,3,True,False,recoverable,0,False,RUNNING
38.36666666666513,4604,S3_FL_TRAVERSE,TOP_PLACE,v003_20260805_224517_157723_manual:S3_FL_TRAVERSE:PRIMARY_PROFILE:segments-24-40,14.79166666666583,0.8235294117647058,39,0.36888760328292847,-0.000492483377456665,0.10908706486225128,-0.0027300720785806364,-0.04476753412467626,0.008758333598097663,FL,3,True,False,recoverable,0,False,RUNNING
38.433333333331795,4612,S3_FL_TRAVERSE,TOP_PLACE,v003_20260805_224517_157723_manual:S3_FL_TRAVERSE:PRIMARY_PROFILE:segments-24-40,14.858333333332492,0.8235294117647058,39,0.36998340487480164,-0.00048122555017471313,0.10894621163606644,-0.0027924243136516844,-0.04414396536377751,0.008779028585372606,FL,3,True,False,recoverable,0,False,RUNNING
38.49999999999846,4620,S3_FL_TRAVERSE,TOP_PLACE,v003_20260805_224517_157723_manual:S3_FL_TRAVERSE:PRIMARY_PROFILE:segments-24-40,14.924999999999155,0.8235294117647058,39,0.3707399368286133,-0.00045871734619140625,0.10901559144258499,-0.0029643699321670242,-0.04391586215809697,0.008760970490175171,FL,3,True,False,recoverable,0,False,RUNNING
38.56666666666512,4628,S3_FL_TRAVERSE,TOP_PLACE,v003_20260805_224517_157723_manual:S3_FL_TRAVERSE:PRIMARY_PROFILE:segments-24-40,14.991666666665818,0.8235294117647058,39,0.3715803623199463,-0.0004208683967590332,0.10905653238296509,-0.0033080712310854196,-0.043813092188540084,0.008777765328372378,FL,3,True,False,recoverable,0,False,RUNNING
38.633333333331784,4636,S3_FL_TRAVERSE,TOP_PLACE,v003_20260805_224517_157723_manual:S3_FL_TRAVERSE:PRIMARY_PROFILE:segments-24-40,15.058333333332481,0.8235294117647058,39,0.37249210476875305,-0.000376969575881958,0.10907739400863647,-0.003719900073771711,-0.04376707797204483,0.008761783126660596,FL,3,True,False,recoverable,0,False,RUNNING
38.69999999999845,4644,S3_FL_TRAVERSE,TOP_PLACE,v003_20260805_224517_157723_manual:S3_FL_TRAVERSE:PRIMARY_PROFILE:segments-24-40,15.124999999999144,0.8235294117647058,39,0.37344855070114136,-0.0003285259008407593,0.1090950220823288,-0.004126277220611178,-0.04377462312105755,0.008765233375435107,FL,3,True,False,recoverable,0,False,RUNNING
38.76666666666511,4652,S3_FL_TRAVERSE,TOP_PLACE,v003_20260805_224517_157723_manual:S3_FL_TRAVERSE:PRIMARY_PROFILE:segments-24-40,15.191666666665807,0.8235294117647058,39,0.3744259774684906,-0.0002880990505218506,0.10909213870763779,-0.004559651790708781,-0.043800736330102924,0.008762992816395268,FL,3,True,False,recoverable,0,False,RUNNING
38.83333333333177,4660,S3_FL_TRAVERSE,TOP_PLACE,v003_20260805_224517_157723_manual:S3_FL_TRAVERSE:PRIMARY_PROFILE:segments-24-40,15.25833333333247,0.8235294117647058,39,0.37531912326812744,-0.00023950636386871338,0.10911738127470016,-0.0050350114136440485,-0.04394762353586953,0.00874651904437451,FL,3,True,False,recoverable,0,False,RUNNING
38.899999999998435,4668,S3_FL_TRAVERSE,TOP_PLACE,v003_20260805_224517_157723_manual:S3_FL_TRAVERSE:PRIMARY_PROFILE:segments-24-40,15.324999999999132,0.8235294117647058,39,0.3761737048625946,-0.0002119988203048706,0.10917476564645767,-0.005278381500183042,-0.0441130775626245,0.008767092647432305,FL,3,True,False,recoverable,0,False,RUNNING
38.9666666666651,4676,S3_FL_TRAVERSE,TOP_PLACE,v003_20260805_224517_157723_manual:S3_FL_TRAVERSE:PRIMARY_PROFILE:segments-24-40,15.391666666665795,0.8235294117647058,39,0.3769659698009491,-0.00022111833095550537,0.10932799428701401,-0.00509403907320772,-0.04424849970743333,0.008772682986130202,FL,3,True,False,recoverable,0,False,RUNNING
39.03333333333176,4684,S3_FL_TRAVERSE,TOP_PLACE,v003_20260805_224517_157723_manual:S3_FL_TRAVERSE:PRIMARY_PROFILE:segments-24-40,15.458333333332458,0.8235294117647058,39,0.37779247760772705,-0.00022268295288085938,0.10945338755846024,-0.004993747561918643,-0.04438676723433542,0.00880347470796772,FL,3,True,False,recoverable,0,False,RUNNING
39.099999999998424,4692,S3_FL_TRAVERSE,TOP_PLACE,v003_20260805_224517_157723_manual:S3_FL_TRAVERSE:PRIMARY_PROFILE:segments-24-40,15.524999999999121,0.8235294117647058,39,0.37869587540626526,-0.0002238154411315918,0.1095752865076065,-0.0049029800805450285,-0.0445823200872769,0.008806153805629841,FL,3,True,False,recoverable,0,False,RUNNING
39.16666666666509,4700,S3_FL_TRAVERSE,TOP_PLACE,v003_20260805_224517_157723_manual:S3_FL_TRAVERSE:PRIMARY_PROFILE:segments-24-40,15.591666666665784,0.8235294117647058,39,0.3796148896217346,-0.00022385269403457642,0.10967741906642914,-0.004821604536557288,-0.04478903366105388,0.008835828561523866,FL,3,True,False,recoverable,0,False,RUNNING
39.23333333333175,4708,S3_FL_TRAVERSE,TOP_PLACE,v003_20260805_224517_157723_manual:S3_FL_TRAVERSE:PRIMARY_PROFILE:segments-24-40,15.658333333332447,0.8235294117647058,39,0.38055384159088135,-0.0002184659242630005,0.1097637489438057,-0.004742386707979087,-0.04499377212294565,0.008848816585405433,FL,3,True,False,recoverable,0,False,RUNNING
39.29999999999841,4716,S3_FL_TRAVERSE,TOP_PLACE,v003_20260805_224517_157723_manual:S3_FL_TRAVERSE:PRIMARY_PROFILE:segments-24-40,15.72499999999911,0.8235294117647058,39,0.38151073455810547,-0.00021333247423171997,0.1098259761929512,-0.004674929530833663,-0.04518850963244696,0.00886267924805504,FL,3,True,False,recoverable,0,False,RUNNING
39.366666666665076,4724,S3_FL_TRAVERSE,TOP_PLACE,v003_20260805_224517_157723_manual:S3_FL_TRAVERSE:PRIMARY_PROFILE:segments-24-40,15.791666666665773,0.8235294117647058,39,0.3825088143348694,-0.00021203607320785522,0.10987579822540283,-0.004595482885774041,-0.045443925219744954,0.00888365041465179,FL,3,True,False,recoverable,0,False,RUNNING
39.43333333333174,4732,S3_FL_TRAVERSE,TOP_PLACE,v003_20260805_224517_157723_manual:S3_FL_TRAVERSE:PRIMARY_PROFILE:segments-24-40,15.858333333332435,0.8235294117647058,39,0.38349470496177673,-0.00019590556621551514,0.10988345742225647,-0.0046577168336715,-0.04555438013832928,0.0088937284160671,FL,3,True,False,recoverable,0,False,RUNNING
39.4999999999984,4740,S3_FL_TRAVERSE,TOP_PLACE,v003_20260805_224517_157723_manual:S3_FL_TRAVERSE:PRIMARY_PROFILE:segments-24-40,15.924999999999098,0.8235294117647058,39,0.3845154643058777,-0.00018271058797836304,0.1098731979727745,-0.004731529958403693,-0.04567388551967004,0.008911599150435788,FL,3,True,False,recoverable,0,False,RUNNING
39.566666666665064,4748,S3_FL_TRAVERSE,TOP_PLACE,v003_20260805_224517_157723_manual:S3_FL_TRAVERSE:PRIMARY_PROFILE:segments-24-40,15.991666666665761,0.8235294117647058,39,0.3855575919151306,-0.00016101449728012085,0.10983215272426605,-0.004829181279634791,-0.04578446468202775,0.008928765586372747,FL,3,True,False,recoverable,0,False,RUNNING
39.63333333333173,4756,S3_FL_TRAVERSE,TOP_PLACE,v003_20260805_224517_157723_manual:S3_FL_TRAVERSE:PRIMARY_PROFILE:segments-24-40,16.058333333332424,0.8235294117647058,39,0.386573851108551,-0.00014163553714752197,0.10976359248161316,-0.004938605572087424,-0.045863037774934175,0.00895117856913005,FL,3,True,False,recoverable,0,False,RUNNING
39.69999999999839,4764,S3_FL_TRAVERSE,TOP_PLACE,v003_20260805_224517_157723_manual:S3_FL_TRAVERSE:PRIMARY_PROFILE:segments-24-40,16.124999999999087,0.8235294117647058,39,0.3876398205757141,-0.00011415034532546997,0.10968634486198425,-0.005089410918123515,-0.04601231582952728,0.008966822849355906,FL,3,True,False,recoverable,0,False,RUNNING
39.76666666666505,4772,S3_FL_TRAVERSE,TOP_PLACE,v003_20260805_224517_157723_manual:S3_FL_TRAVERSE:PRIMARY_PROFILE:segments-24-40,16.19166666666575,0.8235294117647058,39,0.38865724205970764,-8.821487426757812e-05,0.10960749536752701,-0.005252659714628792,-0.04620192793127707,0.008993098059670832,FL,3,True,False,recoverable,0,False,RUNNING
39.833333333331716,4780,S3_FL_TRAVERSE,TOP_PLACE,v003_20260805_224517_157723_manual:S3_FL_TRAVERSE:PRIMARY_PROFILE:segments-24-40,16.258333333332413,0.8235294117647058,39,0.3897472620010376,-6.169825792312622e-05,0.10949088633060455,-0.005419464696054185,-0.04639551151406342,0.00900178759370689,FL,3,True,False,recoverable,0,False,RUNNING
39.89999999999838,4788,S3_FL_TRAVERSE,TOP_PLACE,v003_20260805_224517_157723_manual:S3_FL_TRAVERSE:PRIMARY_PROFILE:segments-24-40,16.324999999999076,0.8235294117647058,39,0.39063671231269836,-7.408857345581055e-05,0.10946688055992126,-0.005152761370489457,-0.04639380138627034,0.00904872066715603,FL,3,True,False,recoverable,0,False,RUNNING
39.96666666666504,4796,S3_FL_TRAVERSE,TOP_PLACE,v003_20260805_224517_157723_manual:S3_FL_TRAVERSE:PRIMARY_PROFILE:segments-24-40,16.39166666666574,0.8235294117647058,39,0.3915070593357086,-0.00011035054922103882,0.10951977223157883,-0.004580163269477951,-0.04634969009554521,0.009074041856832398,FL,3,True,False,recoverable,0,False,RUNNING
40.033333333331704,4804,S3_FL_TRAVERSE,TOP_PLACE,v003_20260805_224517_157723_manual:S3_FL_TRAVERSE:PRIMARY_PROFILE:segments-24-40,16.4583333333324,0.8235294117647058,39,0.3924451470375061,-0.00011264532804489136,0.10951820760965347,-0.004416014530379723,-0.0460017681452462,0.00909556702233479,FL,3,True,False,recoverable,0,False,RUNNING
40.09999999999837,4812,S3_FL_TRAVERSE,TOP_PLACE,v003_20260805_224517_157723_manual:S3_FL_TRAVERSE:PRIMARY_PROFILE:segments-24-40,16.524999999999064,0.8235294117647058,39,0.39347103238105774,-8.846074342727661e-05,0.10946118086576462,-0.0045827505003299815,-0.04547906983188075,0.009115404878257306,FL,3,True,False,recoverable,0,False,RUNNING
40.16666666666503,4820,S3_FL_TRAVERSE,TOP_PLACE,v003_20260805_224517_157723_manual:S3_FL_TRAVERSE:PRIMARY_PROFILE:segments-24-40,16.591666666665727,0.8235294117647058,39,0.3945399224758148,-6.86943531036377e-05,0.1093965470790863,-0.0046966122691300795,-0.044968918031490536,0.009106390128721354,FL,3,True,False,recoverable,0,False,RUNNING
40.23333333333169,4828,S3_FL_TRAVERSE,TOP_PLACE,v003_20260805_224517_157723_manual:S3_FL_TRAVERSE:PRIMARY_PROFILE:segments-24-40,16.65833333333239,0.8235294117647058,39,0.3956402838230133,-4.842877388000488e-05,0.1093115508556366,-0.004813464007488136,-0.04446277902903402,0.009129963458377672,FL,3,True,False,recoverable,0,False,RUNNING
40.299999999998356,4836,S3_FL_TRAVERSE,TOP_PLACE,v003_20260805_224517_157723_manual:S3_FL_TRAVERSE:PRIMARY_PROFILE:segments-24-40,16.724999999999053,0.8235294117647058,39,0.39649808406829834,-4.273653030395508e-05,0.10938386619091034,-0.004773946820432798,-0.044396312418429465,0.009124183084827549,FL,3,True,False,recoverable,0,False,RUNNING
40.36666666666502,4844,S3_FL_TRAVERSE,TOP_PLACE,v003_20260805_224517_157723_manual:S3_FL_TRAVERSE:PRIMARY_PROFILE:segments-24-40,16.791666666665716,0.8235294117647058,39,0.39729923009872437,-4.275888204574585e-05,0.10948675125837326,-0.0046842399277713005,-0.044430032864773,0.009128094351437195,FL,3,True,False,recoverable,0,False,RUNNING
40.43333333333168,4852,S3_FL_TRAVERSE,TOP_PLACE,v003_20260805_224517_157723_manual:S3_FL_TRAVERSE:PRIMARY_PROFILE:segments-24-40,16.85833333333238,0.8235294117647058,39,0.398189902305603,-2.8870999813079834e-05,0.1095627173781395,-0.004747324040596284,-0.044545645459455156,0.009154473732941973,FL,3,True,False,recoverable,0,False,RUNNING
40.499999999998344,4860,S3_FL_TRAVERSE,TOP_PLACE,v003_20260805_224517_157723_manual:S3_FL_TRAVERSE:PRIMARY_PROFILE:segments-24-40,16.92499999999904,0.8235294117647058,39,0.39909985661506653,-1.6726553440093994e-05,0.10962945967912674,-0.004773559942744976,-0.044672156515209595,0.009151176608696939,FL,3,True,False,recoverable,0,False,RUNNING
40.56666666666501,4868,S3_FL_TRAVERSE,TOP_PLACE,v003_20260805_224517_157723_manual:S3_FL_TRAVERSE:PRIMARY_PROFILE:segments-24-40,16.991666666665704,0.8235294117647058,39,0.40003928542137146,-1.1771917343139648e-06,0.10967976599931717,-0.004827285030605374,-0.04482960423118334,0.009178544145875166,FL,3,True,False,recoverable,0,False,RUNNING
40.63333333333167,4876,S3_FL_TRAVERSE,TOP_PLACE,v003_20260805_224517_157723_manual:S3_FL_TRAVERSE:PRIMARY_PROFILE:segments-24-40,17.058333333332367,0.8235294117647058,39,0.40097665786743164,1.344829797744751e-05,0.10970335453748703,-0.004887928389077261,-0.04497199115640148,0.00920092135077405,FL,3,True,False,recoverable,0,False,RUNNING
40.69999999999833,4884,S3_FL_TRAVERSE,TOP_PLACE,v003_20260805_224517_157723_manual:S3_FL_TRAVERSE:PRIMARY_PROFILE:segments-24-40,17.12499999999903,0.8235294117647058,39,0.4019736051559448,3.654509782791138e-05,0.10971303284168243,-0.00496055059554979,-0.04515762847375556,0.009217091934372174,FL,3,True,False,recoverable,0,False,RUNNING
40.766666666664996,4892,S3_FL_TRAVERSE,TOP_PLACE,v003_20260805_224517_157723_manual:S3_FL_TRAVERSE:PRIMARY_PROFILE:segments-24-40,17.191666666665693,0.8235294117647058,39,0.40295639634132385,5.730241537094116e-05,0.10968849807977676,-0.005037328738173075,-0.045308290484131306,0.00923446066323348,FL,3,True,False,recoverable,0,False,RUNNING
40.83333333333166,4900,S3_FL_TRAVERSE,TOP_PLACE,v003_20260805_224517_157723_manual:S3_FL_TRAVERSE:PRIMARY_PROFILE:segments-24-40,17.258333333332356,0.8235294117647058,39,0.4039788246154785,8.143484592437744e-05,0.1096428707242012,-0.005180442537936161,-0.04545357160569619,0.009256319828966334,FL,3,True,False,recoverable,0,False,RUNNING
40.89999999999832,4908,S3_FL_TRAVERSE,TOP_PLACE,v003_20260805_224517_157723_manual:S3_FL_TRAVERSE:PRIMARY_PROFILE:segments-24-40,17.32499999999902,0.8235294117647058,39,0.4049471914768219,0.00010082125663757324,0.10961291939020157,-0.005283330650319643,-0.045422269818211895,0.009286489757349943,FL,3,True,False,recoverable,0,False,RUNNING
40.966666666664985,4916,S3_FL_TRAVERSE,TOP_PLACE,v003_20260805_224517_157723_manual:S3_FL_TRAVERSE:PRIMARY_PROFILE:segments-24-40,17.39166666666568,0.8235294117647058,39,0.40588369965553284,0.00011248886585235596,0.10961812734603882,-0.005214802772737724,-0.04532715113462035,0.009321807874082546,FL,3,True,False,recoverable,0,False,RUNNING
41.03333333333165,4924,S3_FL_TRAVERSE,TOP_PLACE,v003_20260805_224517_157723_manual:S3_FL_TRAVERSE:PRIMARY_PROFILE:segments-24-40,17.458333333332344,0.8235294117647058,39,0.4068220555782318,0.00010858476161956787,0.10963442176580429,-0.00504594747436605,-0.04526493741494894,0.009356325120783469,FL,3,True,False,recoverable,0,False,RUNNING
41.09999999999831,4932,S3_FL_TRAVERSE,TOP_PLACE,v003_20260805_224517_157723_manual:S3_FL_TRAVERSE:PRIMARY_PROFILE:segments-24-40,17.524999999999007,0.8235294117647058,39,0.4078471064567566,0.00011201202869415283,0.10964547842741013,-0.004844871259004174,-0.04531757533161384,0.009397585154371472,FL,3,True,False,recoverable,0,False,RUNNING
41.16666666666497,4940,S3_FL_TRAVERSE,TOP_PLACE,v003_20260805_224517_157723_manual:S3_FL_TRAVERSE:PRIMARY_PROFILE:segments-24-40,17.59166666666567,0.8235294117647058,39,0.4087839722633362,0.00011831521987915039,0.10965824127197266,-0.004803465894623665,-0.04541356839184953,0.009432946626427022,FL,3,True,False,recoverable,0,False,RUNNING
41.233333333331636,4948,S3_FL_TRAVERSE,TOP_PLACE,v003_20260805_224517_157723_manual:S3_FL_TRAVERSE:PRIMARY_PROFILE:segments-24-40,17.658333333332333,0.8235294117647058,39,0.4097728133201599,0.0001171603798866272,0.10966581106185913,-0.00467426317551854,-0.045566346045017116,0.009447540131710404,FL,3,True,False,recoverable,0,False,RUNNING
41.2999999999983,4956,S3_FL_TRAVERSE,TOP_PLACE,v003_20260805_224517_157723_manual:S3_FL_TRAVERSE:PRIMARY_PROFILE:segments-24-40,17.724999999998996,0.8235294117647058,39,0.4107856750488281,0.00011153519153594971,0.10966244339942932,-0.004463145981122164,-0.04573403586067198,0.009470423884459466,FL,3,True,False,recoverable,0,False,RUNNING
41.36666666666496,4964,S3_FL_TRAVERSE,TOP_PLACE,v003_20260805_224517_157723_manual:S3_FL_TRAVERSE:PRIMARY_PROFILE:segments-24-40,17.79166666666566,0.8235294117647058,39,0.4118163585662842,9.763240814208984e-05,0.10964439064264297,-0.004200522249964663,-0.045905330266543726,0.009506586290622029,FL,3,True,False,recoverable,0,False,RUNNING
41.433333333331625,4972,S3_FL_TRAVERSE,TOP_PLACE,v003_20260805_224517_157723_manual:S3_FL_TRAVERSE:PRIMARY_PROFILE:segments-24-40,17.85833333333232,0.8235294117647058,39,0.41287025809288025,9.068846702575684e-05,0.10959998518228531,-0.003924172443665644,-0.04606983052587015,0.009544906372908788,FL,3,True,False,recoverable,0,False,RUNNING
41.49999999999829,4980,S3_FL_TRAVERSE,TOP_PLACE,v003_20260805_224517_157723_manual:S3_FL_TRAVERSE:PRIMARY_PROFILE:segments-24-40,17.924999999998985,0.8235294117647058,39,0.41394877433776855,7.545202970504761e-05,0.10952918231487274,-0.003648040094655099,-0.04622563786788267,0.00958297501520205,FL,3,True,False,recoverable,0,False,RUNNING
41.56666666666495,4988,S3_FL_TRAVERSE,TOP_PLACE,v003_20260805_224517_157723_manual:S3_FL_TRAVERSE:PRIMARY_PROFILE:segments-24-40,17.991666666665648,0.8235294117647058,39,0.41508007049560547,0.0001245066523551941,0.10934057086706161,-0.004092703749672911,-0.045868594595130284,0.009579346676610107,FL,3,True,False,recoverable,0,False,RUNNING
41.63333333333161,4996,S3_FL_TRAVERSE,TOP_PLACE,v003_20260805_224517_157723_manual:S3_FL_TRAVERSE:PRIMARY_PROFILE:segments-24-40,18.05833333333231,0.8235294117647058,39,0.4163011610507965,0.00020143389701843262,0.10907246917486191,-0.004918321784066094,-0.04530512667276583,0.00956969072856839,FL,3,True,False,recoverable,0,False,RUNNING
41.699999999998276,5004,S3_FL_TRAVERSE,TOP_PLACE,v003_20260805_224517_157723_manual:S3_FL_TRAVERSE:PRIMARY_PROFILE:segments-24-40,18.124999999998973,0.8235294117647058,39,0.41755810379981995,0.0002893880009651184,0.10875635594129562,-0.005828820551587638,-0.04469876351732512,0.009568861199302737,FL,3,True,False,recoverable,0,False,RUNNING
41.76666666666494,5012,S3_FL_TRAVERSE,TOP_PLACE,v003_20260805_224517_157723_manual:S3_FL_TRAVERSE:PRIMARY_PROFILE:segments-24-40,18.191666666665636,0.8235294117647058,39,0.41864141821861267,0.0003718137741088867,0.10856398195028305,-0.006662993869160379,-0.04446481585411023,0.009544431704803158,FL,3,True,False,recoverable,0,False,RUNNING
41.8333333333316,5020,S3_FL_TRAVERSE,TOP_PLACE,v003_20260805_224517_157723_manual:S3_FL_TRAVERSE:PRIMARY_PROFILE:segments-24-40,18.2583333333323,0.8235294117647058,39,0.41944050788879395,0.00041841715574264526,0.10853251069784164,-0.007122413072190796,-0.044487308547344326,0.009551984631513008,FL,3,True,False,recoverable,0,False,RUNNING
41.899999999998265,5028,S3_FL_TRAVERSE,TOP_PLACE,v003_20260805_224517_157723_manual:S3_FL_TRAVERSE:PRIMARY_PROFILE:segments-24-40,18.324999999998962,0.8235294117647058,39,0.4200541377067566,0.00039649754762649536,0.10869754105806351,-0.0068064445083864545,-0.04438377122620406,0.009563283024305789,FL,3,True,False,recoverable,0,False,RUNNING
41.96666666666493,5036,S3_FL_TRAVERSE,TOP_PLACE,v003_20260805_224517_157723_manual:S3_FL_TRAVERSE:PRIMARY_PROFILE:segments-24-40,18.391666666665625,0.8235294117647058,39,0.42079252004623413,0.0003842860460281372,0.10885477811098099,-0.0065895240658827466,-0.04438884515496754,0.009570780875790273,FL,3,True,False,recoverable,0,False,RUNNING
42.03333333333159,5044,S3_FL_TRAVERSE,TOP_PLACE,v003_20260805_224517_157723_manual:S3_FL_TRAVERSE:PRIMARY_PROFILE:segments-24-40,18.458333333332288,0.8235294117647058,39,0.42158809304237366,0.0003770068287849426,0.10900089889764786,-0.006421243927551427,-0.04444254609607785,0.009601482208758304,FL,3,True,False,recoverable,0,False,RUNNING
42.09999999999825,5052,S3_FL_TRAVERSE,TOP_PLACE,v003_20260805_224517_157723_manual:S3_FL_TRAVERSE:PRIMARY_PROFILE:segments-24-40,18.52499999999895,0.8235294117647058,39,0.4224235415458679,0.00037031620740890503,0.10913801193237305,-0.006251063686933366,-0.04452797461062243,0.009601575763281718,FL,3,True,False,recoverable,0,False,RUNNING
42.166666666664916,5060,S3_FL_TRAVERSE,TOP_PLACE,v003_20260805_224517_157723_manual:S3_FL_TRAVERSE:PRIMARY_PROFILE:segments-24-40,18.591666666665613,0.8235294117647058,39,0.42328476905822754,0.0003672167658805847,0.10926491022109985,-0.006074492097082507,-0.044638428030989816,0.009617915309523715,FL,3,True,False,recoverable,0,False,RUNNING
42.23333333333158,5068,S3_FL_TRAVERSE,TOP_PLACE,v003_20260805_224517_157723_manual:S3_FL_TRAVERSE:PRIMARY_PROFILE:segments-24-40,18.658333333332276,0.8235294117647058,39,0.4241611957550049,0.00035849958658218384,0.1093837320804596,-0.005887785059534915,-0.04476517143807287,0.00964803857503601,FL,3,True,False,recoverable,0,False,RUNNING
42.29999999999824,5076,S3_FL_TRAVERSE,TOP_PLACE,v003_20260805_224517_157723_manual:S3_FL_TRAVERSE:PRIMARY_PROFILE:segments-24-40,18.72499999999894,0.8235294117647058,39,0.4250449240207672,0.0003538355231285095,0.10948418825864792,-0.005700979446779404,-0.04488139037148856,0.009661882655408408,FL,3,True,False,recoverable,0,False,RUNNING
42.366666666664905,5084,S3_FL_TRAVERSE,TOP_PLACE,v003_20260805_224517_157723_manual:S3_FL_TRAVERSE:PRIMARY_PROFILE:segments-24-40,18.791666666665602,0.8235294117647058,39,0.42594191431999207,0.0003453195095062256,0.10956937074661255,-0.00551285745322409,-0.045012553917779266,0.009690341326549185,FL,3,True,False,recoverable,0,False,RUNNING
42.43333333333157,5092,S3_FL_TRAVERSE,TOP_PLACE,v003_20260805_224517_157723_manual:S3_FL_TRAVERSE:PRIMARY_PROFILE:segments-24-40,18.858333333332265,0.8235294117647058,39,0.42685654759407043,0.0003444105386734009,0.10963824391365051,-0.005319717990686,-0.045144394699948125,0.009715164442780862,FL,3,True,False,recoverable,0,False,RUNNING
42.49999999999823,5100,S3_FL_TRAVERSE,TOP_PLACE,v003_20260805_224517_157723_manual:S3_FL_TRAVERSE:PRIMARY_PROFILE:segments-24-40,18.924999999998928,0.8235294117647058,39,0.4277767539024353,0.000334128737449646,0.10971356183290482,-0.005070899856219854,-0.0453324416459663,0.009754528777743916,FL,3,True,False,recoverable,0,False,RUNNING
42.566666666664894,5108,S3_FL_TRAVERSE,TOP_PLACE,v003_20260805_224517_157723_manual:S3_FL_TRAVERSE:PRIMARY_PROFILE:segments-24-40,18.99166666666559,0.8235294117647058,39,0.42869648337364197,0.00032567232847213745,0.10975807905197144,-0.004825935859931612,-0.04547342834358581,0.00978795520097206,FL,3,True,False,recoverable,0,False,RUNNING
42.63333333333156,5116,S3_FL_TRAVERSE,TOP_PLACE,v003_20260805_224517_157723_manual:S3_FL_TRAVERSE:PRIMARY_PROFILE:segments-24-40,19.058333333332254,0.8235294117647058,39,0.4296853244304657,0.000315837562084198,0.1097782701253891,-0.004582595833075376,-0.045633619789622284,0.009821393081362182,FL,3,True,False,recoverable,0,False,RUNNING
42.69999999999822,5124,S3_FL_TRAVERSE,TOP_PLACE,v003_20260805_224517_157723_manual:S3_FL_TRAVERSE:PRIMARY_PROFILE:segments-24-40,19.124999999998916,0.8235294117647058,39,0.4306575655937195,0.0003071725368499756,0.10977336764335632,-0.004332506480574152,-0.04576428357550058,0.009861567887405899,FL,3,True,False,recoverable,0,False,RUNNING
42.76666666666488,5132,S3_FL_TRAVERSE,TOP_PLACE,v003_20260805_224517_157723_manual:S3_FL_TRAVERSE:PRIMARY_PROFILE:segments-24-40,19.19166666666558,0.8235294117647058,39,0.4316510260105133,0.0003033354878425598,0.10973771661520004,-0.004102040396997483,-0.04586706538958067,0.009901833579028546,FL,3,True,False,recoverable,0,False,RUNNING
42.833333333331545,5140,S3_FL_TRAVERSE,TOP_PLACE,v003_20260805_224517_157723_manual:S3_FL_TRAVERSE:PRIMARY_PROFILE:segments-24-40,19.258333333332242,0.8235294117647058,39,0.43269872665405273,0.0002902671694755554,0.10970209538936615,-0.0037909072649367818,-0.046037289228803076,0.009940101142163895,FL,3,True,False,recoverable,0,False,RUNNING
42.89999999999821,5148,S3_FL_TRAVERSE,TOP_PLACE,v003_20260805_224517_157723_manual:S3_FL_TRAVERSE:PRIMARY_PROFILE:segments-24-40,19.324999999998905,0.8235294117647058,39,0.43378010392189026,0.00028327852487564087,0.10962474346160889,-0.0035291649923049092,-0.04617094013230238,0.00995749529515815,FL,3,True,False,recoverable,0,False,RUNNING
42.96666666666487,5156,S3_FL_TRAVERSE,TOP_PLACE,v003_20260805_224517_157723_manual:S3_FL_TRAVERSE:PRIMARY_PROFILE:segments-24-40,19.391666666665568,0.8235294117647058,39,0.43487176299095154,0.00030569732189178467,0.10946907103061676,-0.0036527734432050644,-0.04598780948883784,0.009973746379199103,FL,3,True,False,recoverable,0,False,RUNNING
43.033333333331534,5164,S3_FL_TRAVERSE,TOP_PLACE,v003_20260805_224517_157723_manual:S3_FL_TRAVERSE:PRIMARY_PROFILE:segments-24-40,19.45833333333223,0.8235294117647058,39,0.436055988073349,0.00038754940032958984,0.10920688509941101,-0.004432547643559128,-0.04538166085361793,0.00995606820379011,FL,3,True,False,recoverable,0,False,RUNNING
43.0999999999982,5172,S3_FL_TRAVERSE,TOP_PLACE,v003_20260805_224517_157723_manual:S3_FL_TRAVERSE:PRIMARY_PROFILE:segments-24-40,19.524999999998894,0.8235294117647058,39,0.43728581070899963,0.000461772084236145,0.1089208722114563,-0.005197694224228048,-0.04475734782854712,0.009939642635760469,FL,3,True,False,recoverable,0,False,RUNNING
43.16666666666486,5180,S3_FL_TRAVERSE,TOP_PLACE,v003_20260805_224517_157723_manual:S3_FL_TRAVERSE:PRIMARY_PROFILE:segments-24-40,19.591666666665557,0.8235294117647058,39,0.4382125735282898,0.0005207136273384094,0.10883491486310959,-0.005697541451114542,-0.04463710758616622,0.009940674611121678,FL,3,True,False,recoverable,0,False,RUNNING
43.23333333333152,5188,S3_FL_TRAVERSE,TOP_PLACE,v003_20260805_224517_157723_manual:S3_FL_TRAVERSE:PRIMARY_PROFILE:segments-24-40,19.65833333333222,0.8235294117647058,39,0.43910619616508484,0.0005760788917541504,0.10878298431634903,-0.006279497189937709,-0.04473735012220865,0.00993012890165496,FL,3,True,False,recoverable,0,False,RUNNING
43.299999999998185,5196,S3_FL_TRAVERSE,TOP_PLACE,v003_20260805_224517_157723_manual:S3_FL_TRAVERSE:PRIMARY_PROFILE:segments-24-40,19.724999999998882,0.8235294117647058,39,0.4399220645427704,0.000605463981628418,0.10881082713603973,-0.006526831384323887,-0.04474650354970455,0.009916351835836489,FL,3,True,False,recoverable,0,False,RUNNING
43.36666666666485,5204,S3_FL_TRAVERSE,TOP_PLACE,v003_20260805_224517_157723_manual:S3_FL_TRAVERSE:PRIMARY_PROFILE:segments-24-40,19.791666666665545,0.8235294117647058,39,0.4406174123287201,0.000598512589931488,0.10894275456666946,-0.006363651270539594,-0.04463789822712378,0.009950981453768565,FL,3,True,False,recoverable,0,False,RUNNING
43.43333333333151,5212,S3_FL_TRAVERSE,TOP_PLACE,v003_20260805_224517_157723_manual:S3_FL_TRAVERSE:PRIMARY_PROFILE:segments-24-40,19.858333333332208,0.8235294117647058,39,0.4414041340351105,0.0005932971835136414,0.10907946527004242,-0.006195608830223706,-0.04462059664961269,0.009953368615894664,FL,3,True,False,recoverable,0,False,RUNNING
43.499999999998174,5220,S3_FL_TRAVERSE,TOP_PLACE,v003_20260805_224517_157723_manual:S3_FL_TRAVERSE:PRIMARY_PROFILE:segments-24-40,19.92499999999887,0.8235294117647058,39,0.4422454833984375,0.0005931109189987183,0.10920587927103043,-0.006039911853053044,-0.04465950862046875,0.00997550142029258,FL,3,True,False,recoverable,0,False,RUNNING
43.56666666666484,5228,S3_FL_TRAVERSE,TOP_PLACE,v003_20260805_224517_157723_manual:S3_FL_TRAVERSE:PRIMARY_PROFILE:segments-24-40,19.991666666665534,0.8235294117647058,39,0.4431411325931549,0.0005932003259658813,0.10931891202926636,-0.005933257825969514,-0.04473809035286376,0.010008489343432403,FL,3,True,False,recoverable,0,False,RUNNING
43.6333333333315,5236,S3_FL_TRAVERSE,TOP_PLACE,v003_20260805_224517_157723_manual:S3_FL_TRAVERSE:PRIMARY_PROFILE:segments-24-40,20.058333333332197,0.8235294117647058,39,0.4440617561340332,0.000593721866607666,0.1094319075345993,-0.005772745570709661,-0.04483837756564072,0.010027856240177671,FL,3,True,False,recoverable,0,False,RUNNING
43.69999999999816,5244,S3_FL_TRAVERSE,TOP_PLACE,v003_20260805_224517_157723_manual:S3_FL_TRAVERSE:PRIMARY_PROFILE:segments-24-40,20.12499999999886,0.8235294117647058,39,0.44496825337409973,0.0005910471081733704,0.10952050983905792,-0.005572230166435217,-0.04490896397754014,0.010053588084642911,FL,3,True,False,recoverable,0,False,RUNNING
43.766666666664825,5252,S3_FL_TRAVERSE,TOP_PLACE,v003_20260805_224517_157723_manual:S3_FL_TRAVERSE:PRIMARY_PROFILE:segments-24-40,20.191666666665522,0.8235294117647058,39,0.44594427943229675,0.0005903244018554688,0.10959315299987793,-0.005436890831281739,-0.04502968152365384,0.010083492338414806,FL,3,True,False,recoverable,0,False,RUNNING
43.83333333333149,5260,S3_FL_TRAVERSE,TOP_PLACE,v003_20260805_224517_157723_manual:S3_FL_TRAVERSE:PRIMARY_PROFILE:segments-24-40,20.258333333332185,0.8235294117647058,39,0.4469139277935028,0.0005898773670196533,0.10965213924646378,-0.005248906141894643,-0.0451240523769205,0.010103529125193052,FL,3,True,False,recoverable,0,False,RUNNING
43.89999999999815,5268,S3_FL_TRAVERSE,TOP_PLACE,v003_20260805_224517_157723_manual:S3_FL_TRAVERSE:PRIMARY_PROFILE:segments-24-40,20.324999999998848,0.8235294117647058,39,0.44790637493133545,0.0005811154842376709,0.10970333218574524,-0.005009799383650302,-0.04525326493852629,0.010140244301587368,FL,3,True,False,recoverable,0,False,RUNNING
43.966666666664814,5276,S3_FL_TRAVERSE,TOP_PLACE,v003_20260805_224517_157723_manual:S3_FL_TRAVERSE:PRIMARY_PROFILE:segments-24-40,20.39166666666551,0.8235294117647058,39,0.44890642166137695,0.000565744936466217,0.10973568260669708,-0.004739431230661963,-0.045356920405037526,0.010157231088430474,FL,3,True,False,recoverable,0,False,RUNNING
44.03333333333148,5284,S3_FL_TRAVERSE,TOP_PLACE,v003_20260805_224517_157723_manual:S3_FL_TRAVERSE:PRIMARY_PROFILE:segments-24-40,20.458333333332174,0.8235294117647058,39,0.4499052166938782,0.0005508512258529663,0.1097646951675415,-0.004410186102947593,-0.04547738406785387,0.010190203767214903,FL,3,True,False,recoverable,0,False,RUNNING
44.09999999999814,5292,S3_FL_TRAVERSE,TOP_PLACE,v003_20260805_224517_157723_manual:S3_FL_TRAVERSE:PRIMARY_PROFILE:segments-24-40,20.524999999998837,0.8235294117647058,39,0.4509272277355194,0.0005663037300109863,0.10969710350036621,-0.004498470457690175,-0.04533370389676498,0.010195019729565578,FL,3,True,False,recoverable,0,False,RUNNING
44.1666666666648,5300,S3_FL_TRAVERSE,TOP_PLACE,v003_20260805_224517_157723_manual:S3_FL_TRAVERSE:PRIMARY_PROFILE:segments-24-40,20.5916666666655,0.8235294117647058,39,0.4519694745540619,0.0006008893251419067,0.1095900759100914,-0.0047723574569275605,-0.04506703005495264,0.01021659162875967,FL,3,True,False,recoverable,0,False,RUNNING
44.233333333331466,5308,S3_FL_TRAVERSE,TOP_PLACE,v003_20260805_224517_157723_manual:S3_FL_TRAVERSE:PRIMARY_PROFILE:segments-24-40,20.658333333332163,0.8235294117647058,39,0.4530598521232605,0.0006339848041534424,0.10946143418550491,-0.005100280775497217,-0.044813388011526255,0.010224618823681702,FL,3,True,False,recoverable,0,False,RUNNING
44.29999999999813,5316,S3_FL_TRAVERSE,TOP_PLACE,v003_20260805_224517_157723_manual:S3_FL_TRAVERSE:PRIMARY_PROFILE:segments-24-40,20.724999999998825,0.8235294117647058,39,0.45402297377586365,0.0006760433316230774,0.10938797146081924,-0.005495998715527876,-0.044636395754460344,0.010240841415797682,FL,3,True,False,recoverable,0,False,RUNNING
44.36666666666479,5324,S3_FL_TRAVERSE,TOP_PLACE,v003_20260805_224517_157723_manual:S3_FL_TRAVERSE:PRIMARY_PROFILE:segments-24-40,20.79166666666549,0.8235294117647058,39,0.4549221992492676,0.0007131174206733704,0.10939651727676392,-0.005774495128596686,-0.04471877367125525,0.010247036381522318,FL,3,True,False,recoverable,0,False,RUNNING
44.433333333331454,5332,S3_FL_TRAVERSE,TOP_PLACE,v003_20260805_224517_157723_manual:S3_FL_TRAVERSE:PRIMARY_PROFILE:segments-24-40,20.85833333333215,0.8235294117647058,39,0.45584917068481445,0.0007296949625015259,0.10939089208841324,-0.005954309491228308,-0.04479104366386736,0.010252238259242466,FL,3,True,False,recoverable,0,False,RUNNING
44.49999999999812,5340,S3_FL_TRAVERSE,TOP_PLACE,v003_20260805_224517_157723_manual:S3_FL_TRAVERSE:PRIMARY_PROFILE:segments-24-40,20.924999999998814,0.8235294117647058,39,0.45681890845298767,0.000756777822971344,0.10937236994504929,-0.006120094251215914,-0.044941331242881494,0.010281251999185176,FL,3,True,False,recoverable,0,False,RUNNING
44.56666666666478,5348,S3_FL_TRAVERSE,TOP_PLACE,v003_20260805_224517_157723_manual:S3_FL_TRAVERSE:PRIMARY_PROFILE:segments-24-40,20.991666666665477,0.8235294117647058,39,0.4578455686569214,0.0007785037159919739,0.10935427248477936,-0.006215588121425825,-0.04514130993444536,0.010295516863343384,FL,3,True,False,recoverable,0,False,RUNNING
44.63333333333144,5356,S3_FL_TRAVERSE,TOP_PLACE,v003_20260805_224517_157723_manual:S3_FL_TRAVERSE:PRIMARY_PROFILE:segments-24-40,21.05833333333214,0.8235294117647058,39,0.4589076340198517,0.0007958114147186279,0.10930945724248886,-0.0063060131726243845,-0.04535689206908172,0.010319628247533788,FL,3,True,False,recoverable,0,False,RUNNING
44.699999999998106,5364,S3_FL_TRAVERSE,TOP_PLACE,v003_20260805_224517_157723_manual:S3_FL_TRAVERSE:PRIMARY_PROFILE:segments-24-40,21.124999999998803,0.8235294117647058,39,0.4599902331829071,0.0008195936679840088,0.10922899097204208,-0.006413000570439019,-0.04554084710247563,0.010334929642752958,FL,3,True,False,recoverable,0,False,RUNNING
44.76666666666477,5372,S3_FL_TRAVERSE,TOP_PLACE,v003_20260805_224517_157723_manual:S3_FL_TRAVERSE:PRIMARY_PROFILE:segments-24-40,21.191666666665466,0.8235294117647058,39,0.46107572317123413,0.0008407384157180786,0.109129898250103,-0.006499281432047617,-0.045730007017747265,0.010367541675230291,FL,3,True,False,recoverable,0,False,RUNNING
44.83333333333143,5380,S3_FL_TRAVERSE,TOP_PLACE,v003_20260805_224517_157723_manual:S3_FL_TRAVERSE:PRIMARY_PROFILE:segments-24-40,21.25833333333213,0.8235294117647058,39,0.4619501531124115,0.0007998421788215637,0.1091739758849144,-0.005920009381050026,-0.04573211099288434,0.010389278403807886,FL,3,True,False,recoverable,0,False,RUNNING
44.899999999998094,5388,S3_FL_TRAVERSE,TOP_PLACE,v003_20260805_224517_157723_manual:S3_FL_TRAVERSE:PRIMARY_PROFILE:segments-24-40,21.32499999999879,0.8235294117647058,39,0.4628536105155945,0.0007514134049415588,0.10925620049238205,-0.00519884798449799,-0.045731761553894905,0.010427125643779555,FL,3,True,False,recoverable,0,False,RUNNING
44.96666666666476,5396,S3_FL_TRAVERSE,TOP_PLACE,v003_20260805_224517_157723_manual:S3_FL_TRAVERSE:PRIMARY_PROFILE:segments-24-40,21.391666666665454,0.8235294117647058,39,0.4638119339942932,0.0007017254829406738,0.10931774973869324,-0.004499917065165536,-0.04575637708083752,0.010475117457387446,FL,3,True,False,recoverable,0,False,RUNNING
45.03333333333142,5404,S3_FL_TRAVERSE,TOP_PLACE,v003_20260805_224517_157723_manual:S3_FL_TRAVERSE:PRIMARY_PROFILE:segments-24-40,21.458333333332117,0.8235294117647058,39,0.46482276916503906,0.0007128491997718811,0.10927815735340118,-0.004515935487046489,-0.04525222237066019,0.010473612781315297,FL,3,True,False,recoverable,0,False,RUNNING
45.09999999999808,5412,S3_FL_TRAVERSE,TOP_PLACE,v003_20260805_224517_157723_manual:S3_FL_TRAVERSE:PRIMARY_PROFILE:segments-24-40,21.52499999999878,0.8235294117647058,39,0.4658985137939453,0.000735945999622345,0.10919961333274841,-0.004665980361614369,-0.04470311907948925,0.01049893291045221,FL,3,True,False,recoverable,0,False,RUNNING
45.166666666664746,5420,S3_FL_TRAVERSE,TOP_PLACE,v003_20260805_224517_157723_manual:S3_FL_TRAVERSE:PRIMARY_PROFILE:segments-24-40,21.591666666665443,0.8235294117647058,39,0.46688592433929443,0.0007616877555847168,0.10917234420776367,-0.004857337281962953,-0.044350652582977546,0.010487301928384514,FL,3,True,False,recoverable,0,False,RUNNING
45.23333333333141,5428,S3_FL_TRAVERSE,TOP_PLACE,v003_20260805_224517_157723_manual:S3_FL_TRAVERSE:PRIMARY_PROFILE:segments-24-40,21.658333333332106,0.8235294117647058,39,0.4676516354084015,0.0007779672741889954,0.10927345603704453,-0.004877908845994968,-0.044305129834403455,0.01050165657408406,FL,3,True,False,recoverable,0,False,RUNNING
45.29999999999807,5436,S3_FL_TRAVERSE,TOP_PLACE,v003_20260805_224517_157723_manual:S3_FL_TRAVERSE:PRIMARY_PROFILE:segments-24-40,21.72499999999877,0.8235294117647058,39,0.4685019850730896,0.0007906854152679443,0.10935357213020325,-0.0049918414801314,-0.044348140433685165,0.010512303588218624,FL,3,True,False,recoverable,0,False,RUNNING
45.366666666664734,5444,S3_FL_TRAVERSE,TOP_PLACE,v003_20260805_224517_157723_manual:S3_FL_TRAVERSE:PRIMARY_PROFILE:segments-24-40,21.79166666666543,0.8235294117647058,39,0.46940964460372925,0.0008076801896095276,0.10942205041646957,-0.00513228350994384,-0.04444129313417232,0.010522042228501493,FL,3,True,False,recoverable,0,False,RUNNING
45.4333333333314,5452,S3_FL_TRAVERSE,TOP_PLACE,v003_20260805_224517_157723_manual:S3_FL_TRAVERSE:PRIMARY_PROFILE:segments-24-40,21.858333333332094,0.8235294117647058,39,0.4703283905982971,0.0008282065391540527,0.10948947072029114,-0.005188762837673627,-0.044564991367926375,0.010531351888675903,FL,3,True,False,recoverable,0,False,RUNNING
45.49999999999806,5460,S3_FL_TRAVERSE,TOP_PLACE,v003_20260805_224517_157723_manual:S3_FL_TRAVERSE:PRIMARY_PROFILE:segments-24-40,21.924999999998757,0.8235294117647058,39,0.47127804160118103,0.000844024121761322,0.10952454060316086,-0.005307274963168464,-0.044692438518027726,0.010536886065416994,FL,3,True,False,recoverable,0,False,RUNNING
45.56666666666472,5468,S3_FL_TRAVERSE,TOP_PLACE,v003_20260805_224517_157723_manual:S3_FL_TRAVERSE:PRIMARY_PROFILE:segments-24-40,21.99166666666542,0.8235294117647058,39,0.4722427725791931,0.0008651018142700195,0.10954411327838898,-0.0054052990756887735,-0.04482846347825477,0.010559128013396857,FL,3,True,False,recoverable,0,False,RUNNING
45.633333333331386,5476,S3_FL_TRAVERSE,TOP_PLACE,v003_20260805_224517_157723_manual:S3_FL_TRAVERSE:PRIMARY_PROFILE:segments-24-40,22.058333333332083,0.8235294117647058,39,0.47322431206703186,0.0008869096636772156,0.10954391211271286,-0.005511042899125486,-0.04495252079810871,0.010586842479618302,FL,3,True,False,recoverable,0,False,RUNNING
45.69999999999805,5484,S3_FL_TRAVERSE,TOP_PLACE,v003_20260805_224517_157723_manual:S3_FL_TRAVERSE:PRIMARY_PROFILE:segments-24-40,22.124999999998746,0.8235294117647058,39,0.47417083382606506,0.0009005367755889893,0.10953626781702042,-0.005587409277594343,-0.044976240247737415,0.010597485182532704,FL,3,True,False,recoverable,0,False,RUNNING
45.76666666666471,5492,S3_FL_TRAVERSE,TOP_PLACE,v003_20260805_224517_157723_manual:S3_FL_TRAVERSE:PRIMARY_PROFILE:segments-24-40,22.19166666666541,0.8235294117647058,39,0.47519606351852417,0.0009155049920082092,0.10952842235565186,-0.005603101027200969,-0.045110299625152894,0.010627310022110032,FL,3,True,False,recoverable,0,False,RUNNING
45.833333333331375,5500,S3_FL_TRAVERSE,TOP_PLACE,v003_20260805_224517_157723_manual:S3_FL_TRAVERSE:PRIMARY_PROFILE:segments-24-40,22.25833333333207,0.8235294117647058,39,0.4762103855609894,0.0009358525276184082,0.10949397832155228,-0.0056347828280034545,-0.04519613173519596,0.010640946423076834,FL,3,True,False,recoverable,0,False,RUNNING
45.89999999999804,5508,S3_FL_TRAVERSE,TOP_PLACE,v003_20260805_224517_157723_manual:S3_FL_TRAVERSE:PRIMARY_PROFILE:segments-24-40,22.324999999998735,0.8235294117647058,39,0.47726500034332275,0.0009394586086273193,0.10945075005292892,-0.005575671936333145,-0.04532769854105195,0.010654166611428146,FL,3,True,False,recoverable,0,False,RUNNING
45.9666666666647,5516,S3_FL_TRAVERSE,TOP_PLACE,v003_20260805_224517_157723_manual:S3_FL_TRAVERSE:PRIMARY_PROFILE:segments-24-40,22.391666666665397,0.8235294117647058,39,0.4783496856689453,0.000993199646472931,0.10932119190692902,-0.00604819060858847,-0.045098659439117596,0.0106698370661885,FL,3,True,False,recoverable,0,False,RUNNING
46.03333333333136,5524,S3_FL_TRAVERSE,TOP_PLACE,v003_20260805_224517_157723_manual:S3_FL_TRAVERSE:PRIMARY_PROFILE:segments-24-40,22.45833333333206,0.8235294117647058,39,0.47948968410491943,0.0010532885789871216,0.10914374887943268,-0.006595441387266451,-0.04487063349283553,0.010650410935405086,FL,3,True,False,recoverable,0,False,RUNNING
46.099999999998026,5532,S3_FL_TRAVERSE,TOP_PLACE,v003_20260805_224517_157723_manual:S3_FL_TRAVERSE:PRIMARY_PROFILE:segments-24-40,22.524999999998723,0.8235294117647058,39,0.4805206060409546,0.0010923445224761963,0.10904242843389511,-0.006911056854732362,-0.04479787698912311,0.01066253960652338,FL,3,True,False,recoverable,0,False,RUNNING
46.16666666666469,5540,S3_FL_TRAVERSE,TOP_PLACE,v003_20260805_224517_157723_manual:S3_FL_TRAVERSE:PRIMARY_PROFILE:segments-24-40,22.591666666665386,0.8235294117647058,39,0.4814904034137726,0.001126028597354889,0.10899930447340012,-0.0071814953083668386,-0.044945147189226924,0.010650855438048485,FL,3,True,False,recoverable,0,False,RUNNING
46.23333333333135,5548,S3_FL_TRAVERSE,TOP_PLACE,v003_20260805_224517_157723_manual:S3_FL_TRAVERSE:PRIMARY_PROFILE:segments-24-40,22.65833333333205,0.8235294117647058,39,0.48251664638519287,0.0011687204241752625,0.10891065746545792,-0.007607342678286535,-0.04512111322094561,0.010646609402221847,FL,3,True,False,recoverable,0,False,RUNNING
46.299999999998015,5556,S3_FL_TRAVERSE,TOP_PLACE,v003_20260805_224517_157723_manual:S3_FL_TRAVERSE:PRIMARY_PROFILE:segments-24-40,22.724999999998712,0.8235294117647058,39,0.48356857895851135,0.0012232661247253418,0.10880307108163834,-0.008047996696235115,-0.04531582441203755,0.010647677433490824,FL,3,True,False,recoverable,0,False,RUNNING
46.36666666666468,5564,S3_FL_TRAVERSE,TOP_PLACE,v003_20260805_224517_157723_manual:S3_FL_TRAVERSE:PRIMARY_PROFILE:segments-24-40,22.791666666665375,0.8235294117647058,39,0.48455920815467834,0.0012589767575263977,0.10870790481567383,-0.008375479688873758,-0.045397351856757764,0.010652115851204076,FL,3,True,False,recoverable,0,False,RUNNING
46.43333333333134,5572,S3_FL_TRAVERSE,TOP_PLACE,v003_20260805_224517_157723_manual:S3_FL_TRAVERSE:PRIMARY_PROFILE:segments-24-40,22.858333333332038,0.8235294117647058,39,0.4855562448501587,0.0012787804007530212,0.10866623371839523,-0.008441620521788132,-0.04550840154878838,0.010662989385862022,FL,3,True,False,recoverable,0,False,RUNNING
46.499999999998,5580,S3_FL_TRAVERSE,TOP_PLACE,v003_20260805_224517_157723_manual:S3_FL_TRAVERSE:PRIMARY_PROFILE:segments-24-40,22.9249999999987,0.8235294117647058,39,0.48652786016464233,0.0012607499957084656,0.10868694633245468,-0.008171528142745996,-0.045656027999138184,0.010685589096387959,FL,3,True,False,recoverable,0,False,RUNNING
46.566666666664666,5588,S3_FL_TRAVERSE,TOP_PLACE,v003_20260805_224517_157723_manual:S3_FL_TRAVERSE:PRIMARY_PROFILE:segments-24-40,22.991666666665363,0.8235294117647058,39,0.48754534125328064,0.0012619569897651672,0.10866869986057281,-0.008008915973975309,-0.04579830763609832,0.010702481221157663,FL,3,True,False,recoverable,0,False,RUNNING
46.63333333333133,5596,S3_FL_TRAVERSE,TOP_PLACE,v003_20260805_224517_157723_manual:S3_FL_TRAVERSE:PRIMARY_PROFILE:segments-24-40,23.058333333332026,0.8235294117647058,39,0.48841747641563416,0.0012327581644058228,0.10869957506656647,-0.0075759749730698175,-0.045752489286866864,0.010715048656421746,FL,3,True,False,recoverable,0,False,RUNNING
46.69999999999799,5604,S3_FL_TRAVERSE,TOP_PLACE,v003_20260805_224517_157723_manual:S3_FL_TRAVERSE:PRIMARY_PROFILE:segments-24-40,23.12499999999869,0.8235294117647058,39,0.48926761746406555,0.0012103915214538574,0.1087573766708374,-0.007218560417186051,-0.045459167896879926,0.010750961455181602,FL,3,True,False,recoverable,0,False,RUNNING
46.766666666664655,5612,S3_FL_TRAVERSE,TOP_PLACE,v003_20260805_224517_157723_manual:S3_FL_TRAVERSE:PRIMARY_PROFILE:segments-24-40,23.191666666665352,0.8235294117647058,39,0.4901907444000244,0.001203976571559906,0.10880818217992783,-0.006982749265363587,-0.045097185332066324,0.010765295262687147,FL,3,True,False,recoverable,0,False,RUNNING
46.83333333333132,5620,S3_FL_TRAVERSE,TOP_PLACE,v003_20260805_224517_157723_manual:S3_FL_TRAVERSE:PRIMARY_PROFILE:segments-24-40,23.258333333332015,0.8235294117647058,39,0.4911384582519531,0.0012000352144241333,0.10883677005767822,-0.006785402421493957,-0.04476312882251596,0.010782980250279402,FL,3,True,False,recoverable,0,False,RUNNING
46.89999999999798,5628,S3_FL_TRAVERSE,TOP_PLACE,v003_20260805_224517_157723_manual:S3_FL_TRAVERSE:PRIMARY_PROFILE:segments-24-40,23.324999999998678,0.8235294117647058,39,0.4919582009315491,0.0012068822979927063,0.10892123728990555,-0.006753007001058844,-0.04468129004999945,0.010813737933589961,FL,3,True,False,recoverable,0,False,RUNNING
46.96666666666464,5636,S3_FL_TRAVERSE,TOP_PLACE,v003_20260805_224517_157723_manual:S3_FL_TRAVERSE:PRIMARY_PROFILE:segments-24-40,23.39166666666534,0.8235294117647058,39,0.49280181527137756,0.0012089163064956665,0.10902196168899536,-0.006617135562012964,-0.044664649980094,0.010838849048033781,FL,3,True,False,recoverable,0,False,RUNNING
47.033333333331306,5644,S3_FL_TRAVERSE,TOP_PLACE,v003_20260805_224517_157723_manual:S3_FL_TRAVERSE:PRIMARY_PROFILE:segments-24-40,23.458333333332003,0.8235294117647058,39,0.4936800003051758,0.001201912760734558,0.1091245710849762,-0.006417611619863886,-0.04470756214813916,0.010877655262496866,FL,3,True,False,recoverable,0,False,RUNNING
47.09999999999797,5652,S3_FL_TRAVERSE,TOP_PLACE,v003_20260805_224517_157723_manual:S3_FL_TRAVERSE:PRIMARY_PROFILE:segments-24-40,23.524999999998666,0.8235294117647058,39,0.4946209788322449,0.0011892244219779968,0.10922285914421082,-0.006156354969250971,-0.04478830737782469,0.01088544624692953,FL,3,True,False,recoverable,0,False,RUNNING
47.16666666666463,5660,S3_FL_TRAVERSE,TOP_PLACE,v003_20260805_224517_157723_manual:S3_FL_TRAVERSE:PRIMARY_PROFILE:segments-24-40,23.59166666666533,0.8235294117647058,39,0.49555858969688416,0.001167796552181244,0.10931272804737091,-0.005848055417639464,-0.04487231203280314,0.01091158571098796,FL,3,True,False,recoverable,0,False,RUNNING
47.233333333331295,5668,S3_FL_TRAVERSE,TOP_PLACE,v003_20260805_224517_157723_manual:S3_FL_TRAVERSE:PRIMARY_PROFILE:segments-24-40,23.658333333331992,0.8235294117647058,39,0.49652671813964844,0.0011555328965187073,0.109388068318367,-0.005538392240085394,-0.0449757036586251,0.01093919900120393,FL,3,True,False,recoverable,0,False,RUNNING
47.29999999999796,5676,S3_FL_TRAVERSE,TOP_PLACE,v003_20260805_224517_157723_manual:S3_FL_TRAVERSE:PRIMARY_PROFILE:segments-24-40,23.724999999998655,0.8235294117647058,39,0.4975111782550812,0.0011329352855682373,0.10945133119821548,-0.005207126541917639,-0.045085425162922015,0.01096360953702323,FL,3,True,False,recoverable,0,False,RUNNING
47.36666666666462,5684,S3_FL_TRAVERSE,TOP_PLACE,v003_20260805_224517_157723_manual:S3_FL_TRAVERSE:PRIMARY_PROFILE:segments-24-40,23.791666666665318,0.8235294117647058,39,0.498517245054245,0.0011431574821472168,0.10945748537778854,-0.005233282710116215,-0.04491958791390129,0.010995919199249086,FL,3,True,False,recoverable,0,False,RUNNING
47.433333333331284,5692,S3_FL_TRAVERSE,TOP_PLACE,v003_20260805_224517_157723_manual:S3_FL_TRAVERSE:PRIMARY_PROFILE:segments-24-40,23.85833333333198,0.8235294117647058,39,0.4995620548725128,0.0011614561080932617,0.1094350516796112,-0.00533847791801074,-0.04470159075994456,0.011023941934972352,FL,3,True,False,recoverable,0,False,RUNNING
47.49999999999795,5700,S3_FL_TRAVERSE,TOP_PLACE,v003_20260805_224517_157723_manual:S3_FL_TRAVERSE:PRIMARY_PROFILE:segments-24-40,23.924999999998644,0.8235294117647058,39,0.5006126761436462,0.0011700838804244995,0.10941359400749207,-0.005398865950310389,-0.044549531270313324,0.011029019921351252,FL,3,True,False,recoverable,0,False,RUNNING
47.56666666666461,5708,S3_FL_TRAVERSE,TOP_PLACE,v003_20260805_224517_157723_manual:S3_FL_TRAVERSE:PRIMARY_PROFILE:segments-24-40,23.991666666665306,0.8235294117647058,39,0.5014773011207581,0.0011661723256111145,0.10949405282735825,-0.005266695956684295,-0.044625296591929424,0.011054937066322244,FL,3,True,False,recoverable,0,False,RUNNING
47.63333333333127,5716,S3_FL_TRAVERSE,TOP_PLACE,v003_20260805_224517_157723_manual:S3_FL_TRAVERSE:PRIMARY_PROFILE:segments-24-40,24.05833333333197,0.8235294117647058,39,0.5024082660675049,0.001176483929157257,0.10954251140356064,-0.005226546690910244,-0.04474060622518751,0.011076652781659495,FL,3,True,False,recoverable,0,False,RUNNING
47.699999999997935,5724,S3_FL_TRAVERSE,TOP_PLACE,v003_20260805_224517_157723_manual:S3_FL_TRAVERSE:PRIMARY_PROFILE:segments-24-40,24.124999999998632,0.8235294117647058,39,0.5033751726150513,0.0011908039450645447,0.10955283790826797,-0.005287159720125469,-0.04485419557909346,0.011079439472173673,FL,3,True,False,recoverable,0,False,RUNNING
47.7666666666646,5732,S3_FL_TRAVERSE,TOP_PLACE,v003_20260805_224517_157723_manual:S3_FL_TRAVERSE:PRIMARY_PROFILE:segments-24-40,24.191666666665295,0.8235294117647058,39,0.5043745636940002,0.0012173354625701904,0.1095290556550026,-0.0054336420843367,-0.0449764587060776,0.011097762910391818,FL,3,True,False,recoverable,0,False,RUNNING
47.83333333333126,5740,S3_FL_TRAVERSE,TOP_PLACE,v003_20260805_224517_157723_manual:S3_FL_TRAVERSE:PRIMARY_PROFILE:segments-24-40,24.258333333331958,0.8235294117647058,39,0.5054087042808533,0.001237817108631134,0.1094905436038971,-0.005555723415634383,-0.045125576858169085,0.011099053676969268,FL,3,True,False,recoverable,0,False,RUNNING
47.899999999997924,5748,S3_FL_TRAVERSE,TOP_PLACE,v003_20260805_224517_157723_manual:S3_FL_TRAVERSE:PRIMARY_PROFILE:segments-24-40,24.32499999999862,0.8235294117647058,39,0.5064398050308228,0.001257970929145813,0.10943861305713654,-0.005635381220468218,-0.04527326162928502,0.011126060379145871,FL,3,True,False,recoverable,0,False,RUNNING
47.96666666666459,5756,S3_FL_TRAVERSE,TOP_PLACE,v003_20260805_224517_157723_manual:S3_FL_TRAVERSE:PRIMARY_PROFILE:segments-24-40,24.391666666665284,0.8235294117647058,39,0.5075151324272156,0.0012937337160110474,0.10934306681156158,-0.005883417448250675,-0.04532061252910859,0.011111330497679383,FL,3,True,False,recoverable,0,False,RUNNING
48.03333333333125,5764,S3_FL_TRAVERSE,TOP_PLACE,v003_20260805_224517_157723_manual:S3_FL_TRAVERSE:PRIMARY_PROFILE:segments-24-40,24.458333333331947,0.8235294117647058,39,0.5086061358451843,0.0013317763805389404,0.10921937972307205,-0.006157987959629585,-0.045374360766158486,0.011127203408987386,FL,3,True,False,recoverable,0,False,RUNNING
48.09999999999791,5772,S3_FL_TRAVERSE,TOP_PLACE,v003_20260805_224517_157723_manual:S3_FL_TRAVERSE:PRIMARY_PROFILE:segments-24-40,24.52499999999861,0.8235294117647058,39,0.5097187757492065,0.0013762116432189941,0.10907071828842163,-0.006466279874916143,-0.045443973705046235,0.011131410723594215,FL,3,True,False,recoverable,0,False,RUNNING
48.166666666664575,5780,S3_FL_TRAVERSE,TOP_PLACE,v003_20260805_224517_157723_manual:S3_FL_TRAVERSE:PRIMARY_PROFILE:segments-24-40,24.591666666665272,0.8235294117647058,39,0.5108278393745422,0.0014300867915153503,0.10890107601881027,-0.00694448090660151,-0.04558087844272716,0.011145071176630958,FL,3,True,False,recoverable,0,False,RUNNING
48.23333333333124,5788,S3_FL_TRAVERSE,TOP_PLACE,v003_20260805_224517_157723_manual:S3_FL_TRAVERSE:PRIMARY_PROFILE:segments-24-40,24.658333333331935,0.8235294117647058,39,0.511612594127655,0.0014033243060112,0.10898006707429886,-0.006534469272618192,-0.045482745714554615,0.011161343082194393,FL,3,True,False,recoverable,0,False,RUNNING
48.2999999999979,5796,S3_FL_TRAVERSE,TOP_PLACE,v003_20260805_224517_157723_manual:S3_FL_TRAVERSE:PRIMARY_PROFILE:segments-24-40,24.724999999998598,0.8235294117647058,39,0.5124279260635376,0.0013768896460533142,0.10907366126775742,-0.006052379488731891,-0.04543941078386609,0.011193950212245106,FL,3,True,False,recoverable,0,False,RUNNING
48.366666666664564,5804,S3_FL_TRAVERSE,TOP_PLACE,v003_20260805_224517_157723_manual:S3_FL_TRAVERSE:PRIMARY_PROFILE:segments-24-40,24.79166666666526,0.8235294117647058,39,0.513338565826416,0.0013400092720985413,0.10915802419185638,-0.005510438622161308,-0.0454820044481166,0.011235211026139518,FL,3,True,False,recoverable,0,False,RUNNING
48.43333333333123,5812,S3_FL_TRAVERSE,TOP_PLACE,v003_20260805_224517_157723_manual:S3_FL_TRAVERSE:PRIMARY_PROFILE:segments-24-40,24.858333333331924,0.8235294117647058,39,0.5142884254455566,0.001305699348449707,0.10921268165111542,-0.004932978143445872,-0.04546140608609694,0.011275784102139303,FL,3,True,False,recoverable,0,False,RUNNING
48.49999999999789,5820,S3_FL_TRAVERSE,TOP_PLACE,v003_20260805_224517_157723_manual:S3_FL_TRAVERSE:PRIMARY_PROFILE:segments-24-40,24.924999999998587,0.8235294117647058,39,0.5152667164802551,0.0012634843587875366,0.10925516486167908,-0.0043146007467937345,-0.04547632978808969,0.011328457115495285,FL,3,True,False,recoverable,0,False,RUNNING
48.56666666666455,5828,S3_FL_TRAVERSE,TOP_PLACE,v003_20260805_224517_157723_manual:S3_FL_TRAVERSE:PRIMARY_PROFILE:segments-24-40,24.99166666666525,0.8235294117647058,39,0.5162739753723145,0.0012236684560775757,0.10928661376237869,-0.0036441647549653963,-0.04550773902261187,0.011365337938085479,FL,3,True,False,recoverable,0,False,RUNNING
48.633333333331215,5836,S3_FL_TRAVERSE,TOP_PLACE,v003_20260805_224517_157723_manual:S3_FL_TRAVERSE:PRIMARY_PROFILE:segments-24-40,25.058333333331912,0.8235294117647058,39,0.5173101425170898,0.0012271478772163391,0.10923748463392258,-0.0035482741960374425,-0.045102748505741086,0.01140330129654184,FL,3,True,False,recoverable,0,False,RUNNING
48.69999999999788,5844,S3_FL_TRAVERSE,TOP_PLACE,v003_20260805_224517_157723_manual:S3_FL_TRAVERSE:PRIMARY_PROFILE:segments-24-40,25.124999999998575,0.8235294117647058,39,0.5184452533721924,0.0012612566351890564,0.10911232233047485,-0.0038525323214079732,-0.04445186961770807,0.011411808672773121,FL,3,True,False,recoverable,0,False,RUNNING
48.76666666666454,5852,S3_FL_TRAVERSE,TOP_PLACE,v003_20260805_224517_157723_manual:S3_FL_TRAVERSE:PRIMARY_PROFILE:segments-24-40,25.19166666666524,0.8235294117647058,39,0.5193644762039185,0.0012810081243515015,0.10912089794874191,-0.003965030414267594,-0.044143545634336485,0.011404237607577888,FL,3,True,False,recoverable,0,False,RUNNING
48.833333333331204,5860,S3_FL_TRAVERSE,TOP_PLACE,v003_20260805_224517_157723_manual:S3_FL_TRAVERSE:PRIMARY_PROFILE:segments-24-40,25.2583333333319,0.8235294117647058,39,0.5201261043548584,0.001289650797843933,0.10922673344612122,-0.004039174946172577,-0.04414350239143763,0.011418841023122479,FL,3,True,False,recoverable,0,False,RUNNING
48.89999999999787,5868,S3_FL_TRAVERSE,TOP_PLACE,v003_20260805_224517_157723_manual:S3_FL_TRAVERSE:PRIMARY_PROFILE:segments-24-40,25.324999999998564,0.8235294117647058,39,0.5209594368934631,0.0013053417205810547,0.10933096706867218,-0.00414851195713558,-0.044227595171315276,0.011422665817796617,FL,3,True,False,recoverable,0,False,RUNNING
48.96666666666453,5876,S3_FL_TRAVERSE,TOP_PLACE,v003_20260805_224517_157723_manual:S3_FL_TRAVERSE:PRIMARY_PROFILE:segments-24-40,25.391666666665227,0.8235294117647058,39,0.5218395590782166,0.0013323351740837097,0.10942094027996063,-0.0043043063614302286,-0.0443568534022803,0.011435508619816381,FL,3,True,False,recoverable,0,False,RUNNING
49.03333333333119,5884,S3_FL_TRAVERSE,TOP_PLACE,v003_20260805_224517_157723_manual:S3_FL_TRAVERSE:PRIMARY_PROFILE:segments-24-40,25.45833333333189,0.8235294117647058,39,0.5227547883987427,0.0013530701398849487,0.10949256271123886,-0.004491003759624436,-0.04451566017451221,0.011437267043722126,FL,3,True,False,recoverable,0,False,RUNNING
49.099999999997856,5892,S3_FL_TRAVERSE,TOP_PLACE,v003_20260805_224517_157723_manual:S3_FL_TRAVERSE:PRIMARY_PROFILE:segments-24-40,25.524999999998553,0.8235294117647058,39,0.5236929059028625,0.0013847947120666504,0.10954322665929794,-0.004697565943043054,-0.04469235748300577,0.011442951928425538,FL,3,True,False,recoverable,0,False,RUNNING
49.16666666666452,5900,S3_FL_TRAVERSE,TOP_PLACE,v003_20260805_224517_157723_manual:S3_FL_TRAVERSE:PRIMARY_PROFILE:segments-24-40,25.591666666665216,0.8235294117647058,39,0.5246848464012146,0.0014197975397109985,0.10956431180238724,-0.004988642108948611,-0.04489994947486378,0.01145669311212437,FL,3,True,False,recoverable,0,False,RUNNING
49.23333333333118,5908,S3_FL_TRAVERSE,TOP_PLACE,v003_20260805_224517_157723_manual:S3_FL_TRAVERSE:PRIMARY_PROFILE:segments-24-40,25.65833333333188,0.8235294117647058,39,0.5257185697555542,0.0014633908867835999,0.10955875366926193,-0.005321909839685017,-0.045112484811557226,0.01145836552255232,FL,3,True,False,recoverable,0,False,RUNNING
49.299999999997844,5916,S3_FL_TRAVERSE,TOP_PLACE,v003_20260805_224517_157723_manual:S3_FL_TRAVERSE:PRIMARY_PROFILE:segments-24-40,25.72499999999854,0.8235294117647058,39,0.5267185568809509,0.0014978572726249695,0.10954549908638,-0.005547753907035125,-0.04529209754512143,0.011483714248395472,FL,3,True,False,recoverable,0,False,RUNNING
49.36666666666451,5924,S3_FL_TRAVERSE,TOP_PLACE,v003_20260805_224517_157723_manual:S3_FL_TRAVERSE:PRIMARY_PROFILE:segments-24-40,25.791666666665204,0.8235294117647058,39,0.5277579426765442,0.0015330985188484192,0.10948754101991653,-0.005824372532482482,-0.045430050131541146,0.011480001602305499,FL,3,True,False,recoverable,0,False,RUNNING
49.43333333333117,5932,S3_FL_TRAVERSE,TOP_PLACE,v003_20260805_224517_157723_manual:S3_FL_TRAVERSE:PRIMARY_PROFILE:segments-24-40,25.858333333331867,0.8235294117647058,39,0.5286270380020142,0.0015163645148277283,0.10956477373838425,-0.005512407960876811,-0.04538860751833163,0.01148464148034808,FL,3,True,False,recoverable,0,False,RUNNING
49.49999999999783,5940,S3_FL_TRAVERSE,TOP_PLACE,v003_20260805_224517_157723_manual:S3_FL_TRAVERSE:PRIMARY_PROFILE:segments-24-40,25.92499999999853,0.8235294117647058,39,0.5295576453208923,0.0015018507838249207,0.10962996631860733,-0.005214230586747653,-0.04540339086667235,0.011521101900751894,FL,3,True,False,recoverable,0,False,RUNNING
49.566666666664496,5948,S3_FL_TRAVERSE,TOP_PLACE,v003_20260805_224517_157723_manual:S3_FL_TRAVERSE:PRIMARY_PROFILE:segments-24-40,25.991666666665193,0.8235294117647058,39,0.5305426716804504,0.0014975517988204956,0.10966891050338745,-0.005026944646158064,-0.04536439332312887,0.011525170258328925,FL,3,True,False,recoverable,0,False,RUNNING
49.63333333333116,5956,S3_FL_TRAVERSE,TOP_PLACE,v003_20260805_224517_157723_manual:S3_FL_TRAVERSE:PRIMARY_PROFILE:segments-24-40,26.058333333331856,0.8235294117647058,39,0.5315417647361755,0.0015005916357040405,0.10968369245529175,-0.004925857070459263,-0.04524153265728804,0.011558171911049782,FL,3,True,False,recoverable,0,False,RUNNING
49.69999999999782,5964,S3_FL_TRAVERSE,TOP_PLACE,v003_20260805_224517_157723_manual:S3_FL_TRAVERSE:PRIMARY_PROFILE:segments-24-40,26.12499999999852,0.8235294117647058,39,0.5325876474380493,0.0015067905187606812,0.1096712052822113,-0.004863294460094227,-0.045132515570346275,0.011558855811096598,FL,3,True,False,recoverable,0,False,RUNNING
49.766666666664484,5972,S3_FL_TRAVERSE,TOP_PLACE,v003_20260805_224517_157723_manual:S3_FL_TRAVERSE:PRIMARY_PROFILE:segments-24-40,26.19166666666518,0.8235294117647058,39,0.5335515141487122,0.0015209168195724487,0.10969080030918121,-0.004853575291839501,-0.04515246884084445,0.011569746521033994,FL,3,True,False,recoverable,0,False,RUNNING
49.83333333333115,5980,S3_FL_TRAVERSE,TOP_PLACE,v003_20260805_224517_157723_manual:S3_FL_TRAVERSE:PRIMARY_PROFILE:segments-24-40,26.258333333331844,0.8235294117647058,39,0.5345420837402344,0.0015253350138664246,0.10969852656126022,-0.004830369641143835,-0.04521762244204127,0.011584812493518419,FL,3,True,False,recoverable,0,False,RUNNING
49.89999999999781,5988,S3_FL_TRAVERSE,TOP_PLACE,v003_20260805_224517_157723_manual:S3_FL_TRAVERSE:PRIMARY_PROFILE:segments-24-40,26.324999999998507,0.8235294117647058,39,0.5355548858642578,0.001533322036266327,0.10970310121774673,-0.004727100127840689,-0.045315384371584284,0.011600271407931486,FL,3,True,False,recoverable,0,False,RUNNING
49.96666666666447,5996,S3_FL_TRAVERSE,TOP_PLACE,v003_20260805_224517_157723_manual:S3_FL_TRAVERSE:PRIMARY_PROFILE:segments-24-40,26.39166666666517,0.8235294117647058,39,0.5365928411483765,0.001531153917312622,0.1096830666065216,-0.00462797408978539,-0.04541799317105114,0.011619017508783011,FL,3,True,False,recoverable,0,False,RUNNING
50.033333333331136,6004,S3_FL_TRAVERSE,TOP_PLACE,v003_20260805_224517_157723_manual:S3_FL_TRAVERSE:PRIMARY_PROFILE:segments-24-40,26.458333333331833,0.8235294117647058,39,0.5376473665237427,0.0015325471758842468,0.10964321345090866,-0.004506550281793405,-0.04552259523322127,0.011620189271658168,FL,3,True,False,recoverable,0,False,RUNNING
50.0999999999978,6012,S3_FL_TRAVERSE,TOP_PLACE,v003_20260805_224517_157723_manual:S3_FL_TRAVERSE:PRIMARY_PROFILE:segments-24-40,26.524999999998496,0.8235294117647058,39,0.5386909246444702,0.001535952091217041,0.10957279056310654,-0.004397910038147221,-0.04559724688746363,0.011648267785382098,FL,3,True,False,recoverable,0,False,RUNNING
50.16666666666446,6020,S3_FL_TRAVERSE,TOP_PLACE,v003_20260805_224517_157723_manual:S3_FL_TRAVERSE:PRIMARY_PROFILE:segments-24-40,26.59166666666516,0.8235294117647058,39,0.5398033261299133,0.0015326812863349915,0.10949917137622833,-0.004223755068609692,-0.04574518775038027,0.011656479917189088,FL,3,True,False,recoverable,0,False,RUNNING
50.233333333331124,6028,S3_FL_TRAVERSE,TOP_PLACE,v003_20260805_224517_157723_manual:S3_FL_TRAVERSE:PRIMARY_PROFILE:segments-24-40,26.65833333333182,0.8235294117647058,39,0.5408152937889099,0.001518435776233673,0.10945288091897964,-0.00393157877408777,-0.04572193666122656,0.011692682925181453,FL,3,True,False,recoverable,0,False,RUNNING
50.29999999999779,6036,S3_FL_TRAVERSE,TOP_PLACE,v003_20260805_224517_157723_manual:S3_FL_TRAVERSE:PRIMARY_PROFILE:segments-24-40,26.724999999998484,0.8235294117647058,39,0.5417963862419128,0.0014901086688041687,0.10943606495857239,-0.0034569386118530124,-0.04564595394766161,0.011704173833847089,FL,3,True,False,recoverable,0,False,RUNNING
50.36666666666445,6044,S3_FL_TRAVERSE,TOP_PLACE,v003_20260805_224517_157723_manual:S3_FL_TRAVERSE:PRIMARY_PROFILE:segments-24-40,26.791666666665147,0.8235294117647058,39,0.5428206920623779,0.001451045274734497,0.10942311584949493,-0.002862905941308694,-0.045638634163360094,0.01175144038421313,FL,3,True,False,recoverable,0,False,RUNNING
50.43333333333111,6052,S3_FL_TRAVERSE,TOP_PLACE,v003_20260805_224517_157723_manual:S3_FL_TRAVERSE:PRIMARY_PROFILE:segments-24-40,26.85833333333181,0.8235294117647058,39,0.5439000129699707,0.0014477968215942383,0.10934188216924667,-0.0026768623266803897,-0.04534874052295331,0.011760166636544795,FL,3,True,False,recoverable,0,False,RUNNING
50.499999999997776,6060,S3_FL_TRAVERSE,TOP_PLACE,v003_20260805_224517_157723_manual:S3_FL_TRAVERSE:PRIMARY_PROFILE:segments-24-40,26.924999999998473,0.8235294117647058,39,0.5450413823127747,0.0014823228120803833,0.10918932408094406,-0.002875742862390087,-0.044812480740993386,0.01177038698917389,FL,3,True,False,recoverable,0,False,RUNNING
50.56666666666444,6068,S3_FL_TRAVERSE,TOP_PLACE,v003_20260805_224517_157723_manual:S3_FL_TRAVERSE:PRIMARY_PROFILE:segments-24-40,26.991666666665136,0.8235294117647058,39,0.5459797382354736,0.0014917030930519104,0.10918857157230377,-0.0029042897411077234,-0.04467111106988427,0.01178182586676738,FL,3,True,False,recoverable,0,False,RUNNING
50.6333333333311,6076,S3_FL_TRAVERSE,TOP_PLACE,v003_20260805_224517_157723_manual:S3_FL_TRAVERSE:PRIMARY_PROFILE:segments-24-40,27.0583333333318,0.8235294117647058,39,0.5468602180480957,0.0015062764286994934,0.1092349961400032,-0.002899972118574976,-0.04471004401091779,0.011799475612238515,FL,3,True,False,recoverable,0,False,RUNNING
50.699999999997765,6084,S3_FL_TRAVERSE,TOP_PLACE,v003_20260805_224517_157723_manual:S3_FL_TRAVERSE:PRIMARY_PROFILE:segments-24-40,27.12499999999846,0.8235294117647058,39,0.5478155612945557,0.0015240907669067383,0.10924334079027176,-0.0030290712475278874,-0.04479929987526917,0.011807285499316252,FL,3,True,False,recoverable,0,False,RUNNING
50.76666666666443,6092,S3_FL_TRAVERSE,TOP_PLACE,v003_20260805_224517_157723_manual:S3_FL_TRAVERSE:PRIMARY_PROFILE:segments-24-40,27.191666666665125,0.8235294117647058,39,0.5487245917320251,0.0015194416046142578,0.10931356251239777,-0.002803329652085333,-0.04491584699453183,0.011832081932305503,FL,3,True,False,recoverable,0,False,RUNNING
50.83333333333109,6100,S3_FL_TRAVERSE,TOP_PLACE,v003_20260805_224517_157723_manual:S3_FL_TRAVERSE:PRIMARY_PROFILE:segments-24-40,27.258333333331787,0.8235294117647058,39,0.5496430397033691,0.001497998833656311,0.10940279811620712,-0.0024658946390896585,-0.045031142947566355,0.011854364095932242,FL,3,True,False,recoverable,0,False,RUNNING
50.89999999999775,6108,S3_FL_TRAVERSE,TOP_PLACE,v003_20260805_224517_157723_manual:S3_FL_TRAVERSE:PRIMARY_PROFILE:segments-24-40,27.32499999999845,0.8235294117647058,39,0.5506057739257812,0.0014893338084220886,0.10945498943328857,-0.0022310762279241837,-0.04513194817975498,0.011866117432645207,FL,3,True,False,recoverable,0,False,RUNNING
50.966666666664416,6116,S3_FL_TRAVERSE,TOP_PLACE,v003_20260805_224517_157723_manual:S3_FL_TRAVERSE:PRIMARY_PROFILE:segments-24-40,27.391666666665113,0.8235294117647058,39,0.5515895485877991,0.0014821439981460571,0.10948751121759415,-0.0020055842570517036,-0.04524002642888846,0.011903787232978004,FL,3,True,False,recoverable,0,False,RUNNING
51.03333333333108,6124,S3_FL_TRAVERSE,TOP_PLACE,v003_20260805_224517_157723_manual:S3_FL_TRAVERSE:PRIMARY_PROFILE:segments-24-40,27.458333333331776,0.8235294117647058,39,0.5525762438774109,0.0014812499284744263,0.10949840396642685,-0.0017954772241243042,-0.04531567689223688,0.011927662807171113,FL,3,True,False,recoverable,0,False,RUNNING
51.09999999999774,6132,S3_FL_TRAVERSE,TOP_PLACE,v003_20260805_224517_157723_manual:S3_FL_TRAVERSE:PRIMARY_PROFILE:segments-24-40,27.52499999999844,0.8235294117647058,39,0.5536320805549622,0.0014758408069610596,0.10947369784116745,-0.0016451458116210748,-0.045425091269656076,0.011950358570355446,FL,3,True,False,recoverable,0,False,RUNNING
51.166666666664405,6140,S3_FL_TRAVERSE,TOP_PLACE,v003_20260805_224517_157723_manual:S3_FL_TRAVERSE:PRIMARY_PROFILE:segments-24-40,27.591666666665102,0.8235294117647058,39,0.5546658039093018,0.0015217885375022888,0.10937235504388809,-0.0020339264054044224,-0.04508621451577148,0.011967191423452291,FL,3,True,False,recoverable,0,False,RUNNING
51.23333333333107,6148,S3_FL_TRAVERSE,TOP_PLACE,v003_20260805_224517_157723_manual:S3_FL_TRAVERSE:PRIMARY_PROFILE:segments-24-40,27.658333333331765,0.8235294117647058,39,0.5557622313499451,0.0015844032168388367,0.10921287536621094,-0.0026647489860504346,-0.04461197925687597,0.01196196592349001,FL,3,True,False,recoverable,0,False,RUNNING
51.29999999999773,6156,S3_FL_TRAVERSE,TOP_PLACE,v003_20260805_224517_157723_manual:S3_FL_TRAVERSE:PRIMARY_PROFILE:segments-24-40,27.724999999998428,0.8235294117647058,39,0.5566640496253967,0.0016598105430603027,0.10916092246770859,-0.003367222564617631,-0.044473912790942226,0.011952215917496366,FL,3,True,False,recoverable,0,False,RUNNING
51.36666666666439,6164,S3_FL_TRAVERSE,TOP_PLACE,v003_20260805_224517_157723_manual:S3_FL_TRAVERSE:PRIMARY_PROFILE:segments-24-40,27.79166666666509,0.8235294117647058,39,0.5575659275054932,0.0017278939485549927,0.1091502383351326,-0.004046668405207987,-0.04455126712001713,0.01193169643736613,FL,3,True,False,recoverable,0,False,RUNNING
51.433333333331056,6172,S3_FL_TRAVERSE,TOP_PLACE,v003_20260805_224517_157723_manual:S3_FL_TRAVERSE:PRIMARY_PROFILE:segments-24-40,27.858333333331753,0.8235294117647058,39,0.5584809184074402,0.0017957910895347595,0.10913506150245667,-0.004667733538400806,-0.04465836988126368,0.011927086520849044,FL,3,True,False,recoverable,0,False,RUNNING
51.49999999999772,6180,S3_FL_TRAVERSE,TOP_PLACE,v003_20260805_224517_157723_manual:S3_FL_TRAVERSE:PRIMARY_PROFILE:segments-24-40,27.924999999998416,0.8235294117647058,39,0.5594426393508911,0.0018558651208877563,0.10910668224096298,-0.005291766395400044,-0.044811341018331896,0.011917044890815316,FL,3,True,False,recoverable,0,False,RUNNING
51.56666666666438,6188,S3_FL_TRAVERSE,TOP_PLACE,v003_20260805_224517_157723_manual:S3_FL_TRAVERSE:PRIMARY_PROFILE:segments-24-40,27.99166666666508,0.8235294117647058,39,0.5604572296142578,0.0019259527325630188,0.10905821621417999,-0.005931975648540056,-0.04502120306667724,0.011901353586346163,FL,3,True,False,recoverable,0,False,RUNNING
51.633333333331045,6196,S3_FL_TRAVERSE,TOP_PLACE,v003_20260805_224517_157723_manual:S3_FL_TRAVERSE:PRIMARY_PROFILE:segments-24-40,28.058333333331742,0.8235294117647058,39,0.5614751577377319,0.001989401876926422,0.10897942632436752,-0.0065807273571051724,-0.04520627919310895,0.011892431572897547,FL,3,True,False,recoverable,0,False,RUNNING
51.69999999999771,6204,S3_FL_TRAVERSE,TOP_PLACE,v003_20260805_224517_157723_manual:S3_FL_TRAVERSE:PRIMARY_PROFILE:segments-24-40,28.124999999998405,0.8235294117647058,39,0.5623029470443726,0.002026177942752838,0.10899274796247482,-0.006811965394694444,-0.04520582290287677,0.011911879886349406,FL,3,True,False,recoverable,0,False,RUNNING
51.76666666666437,6212,S3_FL_TRAVERSE,TOP_PLACE,v003_20260805_224517_157723_manual:S3_FL_TRAVERSE:PRIMARY_PROFILE:segments-24-40,28.191666666665068,0.8235294117647058,39,0.5630590915679932,0.002024143934249878,0.10910716652870178,-0.006643408924051161,-0.04512655221401454,0.011924808226645657,FL,3,True,False,recoverable,0,False,RUNNING
51.83333333333103,6220,S3_FL_TRAVERSE,TOP_PLACE,v003_20260805_224517_157723_manual:S3_FL_TRAVERSE:PRIMARY_PROFILE:segments-24-40,28.25833333333173,0.8235294117647058,39,0.5638940334320068,0.002016820013523102,0.10921719670295715,-0.006470735269210025,-0.045109815009702375,0.011961036083148892,FL,3,True,False,recoverable,0,False,RUNNING
51.899999999997696,6228,S3_FL_TRAVERSE,TOP_PLACE,v003_20260805_224517_157723_manual:S3_FL_TRAVERSE:PRIMARY_PROFILE:segments-24-40,28.324999999998393,0.8235294117647058,39,0.5648071765899658,0.0020113959908485413,0.10931791365146637,-0.006272629735356766,-0.04512001785225721,0.011963305711761537,FL,3,True,False,recoverable,0,False,RUNNING
51.96666666666436,6236,S3_FL_TRAVERSE,TOP_PLACE,v003_20260805_224517_157723_manual:S3_FL_TRAVERSE:PRIMARY_PROFILE:segments-24-40,28.391666666665056,0.8235294117647058,39,0.5657414197921753,0.002009190618991852,0.10939925163984299,-0.006120135940739786,-0.04507647032344653,0.011970230196864285,FL,3,True,False,recoverable,0,False,RUNNING
52.03333333333102,6244,S3_FL_TRAVERSE,TOP_PLACE,v003_20260805_224517_157723_manual:S3_FL_TRAVERSE:PRIMARY_PROFILE:segments-24-40,28.45833333333172,0.8235294117647058,39,0.5667132139205933,0.0020128414034843445,0.10945575684309006,-0.0060275766452727655,-0.045031515241560016,0.01200380836099646,FL,3,True,False,recoverable,0,False,RUNNING
52.099999999997685,6252,S3_FL_TRAVERSE,TOP_PLACE,v003_20260805_224517_157723_manual:S3_FL_TRAVERSE:PRIMARY_PROFILE:segments-24-40,28.524999999998382,0.8235294117647058,39,0.5676902532577515,0.0020062029361724854,0.10953300446271896,-0.005799758136376118,-0.04504689231406573,0.01200531786929426,FL,3,True,False,recoverable,0,False,RUNNING
52.16666666666435,6260,S3_FL_TRAVERSE,TOP_PLACE,v003_20260805_224517_157723_manual:S3_FL_TRAVERSE:PRIMARY_PROFILE:segments-24-40,28.591666666665045,0.8235294117647058,39,0.5686257481575012,0.0019866302609443665,0.1096344068646431,-0.005431594919595596,-0.04513240271583269,0.012043277273221126,FL,3,True,False,recoverable,0,False,RUNNING
52.23333333333101,6268,S3_FL_TRAVERSE,TOP_PLACE,v003_20260805_224517_157723_manual:S3_FL_TRAVERSE:PRIMARY_PROFILE:segments-24-40,28.658333333331708,0.8235294117647058,39,0.5696128010749817,0.0019754543900489807,0.10970134288072586,-0.005161362230946478,-0.04522728194025007,0.012050885913075063,FL,3,True,False,recoverable,0,False,RUNNING
52.299999999997674,6276,S3_FL_TRAVERSE,TOP_PLACE,v003_20260805_224517_157723_manual:S3_FL_TRAVERSE:PRIMARY_PROFILE:segments-24-40,28.72499999999837,0.8235294117647058,39,0.57060706615448,0.0019690915942192078,0.10975221544504166,-0.004893725463641466,-0.04530668311601659,0.012074403715521239,FL,3,True,False,recoverable,0,False,RUNNING
52.36666666666434,6284,S3_FL_TRAVERSE,TOP_PLACE,v003_20260805_224517_157723_manual:S3_FL_TRAVERSE:PRIMARY_PROFILE:segments-24-40,28.791666666665034,0.8235294117647058,39,0.5716435313224792,0.001960858702659607,0.10977253317832947,-0.004691706553953244,-0.04540399104951886,0.01209140621465777,FL,3,True,False,recoverable,0,False,RUNNING
52.433333333331,6292,S3_FL_TRAVERSE,TOP_PLACE,v003_20260805_224517_157723_manual:S3_FL_TRAVERSE:PRIMARY_PROFILE:segments-24-40,28.858333333331696,0.8235294117647058,39,0.572673499584198,0.001950375735759735,0.10978035628795624,-0.004424296922856205,-0.045475960437727496,0.012098481044867552,FL,3,True,False,recoverable,0,False,RUNNING
52.49999999999766,6300,S3_FL_TRAVERSE,TOP_PLACE,v003_20260805_224517_157723_manual:S3_FL_TRAVERSE:PRIMARY_PROFILE:segments-24-40,28.92499999999836,0.8235294117647058,39,0.5737398266792297,0.0019459351897239685,0.10975927114486694,-0.0042114361240893974,-0.04557007246900427,0.01213215520599001,FL,3,True,False,recoverable,0,False,RUNNING
52.566666666664325,6308,S3_FL_TRAVERSE,TOP_PLACE,v003_20260805_224517_157723_manual:S3_FL_TRAVERSE:PRIMARY_PROFILE:segments-24-40,28.991666666665022,0.8235294117647058,39,0.5748050212860107,0.0019356906414031982,0.10972192883491516,-0.003937660231801597,-0.045645724980862515,0.012137984969433984,FL,3,True,False,recoverable,0,False,RUNNING
52.63333333333099,6316,S3_FL_TRAVERSE,TOP_PLACE,v003_20260805_224517_157723_manual:S3_FL_TRAVERSE:PRIMARY_PROFILE:segments-24-40,29.058333333331685,0.8235294117647058,39,0.5758528709411621,0.0019405335187911987,0.10962926596403122,-0.0038319864151294108,-0.04561348536064522,0.012171005209724327,FL,3,True,False,recoverable,0,False,RUNNING
52.69999999999765,6324,S3_FL_TRAVERSE,TOP_PLACE,v003_20260805_224517_157723_manual:S3_FL_TRAVERSE:PRIMARY_PROFILE:segments-24-40,29.124999999998348,0.8235294117647058,39,0.5768797993659973,0.0019327476620674133,0.10956759750843048,-0.0035298673588378196,-0.04557804136703973,0.012195396054722056,FL,3,True,False,recoverable,0,False,RUNNING
52.766666666664314,6332,S3_FL_TRAVERSE,TOP_PLACE,v003_20260805_224517_157723_manual:S3_FL_TRAVERSE:PRIMARY_PROFILE:segments-24-40,29.19166666666501,0.8235294117647058,39,0.5780147910118103,0.0019837096333503723,0.1093999594449997,-0.003993934934988521,-0.0450746651893768,0.012192298821875098,FL,3,True,False,recoverable,0,False,RUNNING
52.83333333333098,6340,S3_FL_TRAVERSE,TOP_PLACE,v003_20260805_224517_157723_manual:S3_FL_TRAVERSE:PRIMARY_PROFILE:segments-24-40,29.258333333331674,0.8235294117647058,39,0.5791534781455994,0.0020473450422286987,0.10920943319797516,-0.0045753671046423385,-0.044580870723863276,0.012198084048514328,FL,3,True,False,recoverable,0,False,RUNNING
52.89999999999764,6348,S3_FL_TRAVERSE,TOP_PLACE,v003_20260805_224517_157723_manual:S3_FL_TRAVERSE:PRIMARY_PROFILE:segments-24-40,29.324999999998337,0.8235294117647058,39,0.5799593925476074,0.0020990222692489624,0.10919604450464249,-0.005021109203766056,-0.04451982578901755,0.012177044835018028,FL,3,True,False,recoverable,0,False,RUNNING
52.9666666666643,6356,S3_FL_TRAVERSE,TOP_PLACE,v003_20260805_224517_157723_manual:S3_FL_TRAVERSE:PRIMARY_PROFILE:segments-24-40,29.391666666665,0.8235294117647058,39,0.5808551907539368,0.002147078514099121,0.10917941480875015,-0.0054931891989683825,-0.04457036683841559,0.01216647763668825,FL,3,True,False,recoverable,0,False,RUNNING
53.033333333330965,6364,S3_FL_TRAVERSE,TOP_PLACE,v003_20260805_224517_157723_manual:S3_FL_TRAVERSE:PRIMARY_PROFILE:segments-24-40,29.458333333331662,0.8235294117647058,39,0.5818127989768982,0.002203918993473053,0.1091594323515892,-0.005964628786811518,-0.04469556822547889,0.012163915330909294,FL,3,True,False,recoverable,0,False,RUNNING
53.09999999999763,6372,S3_FL_TRAVERSE,TOP_PLACE,v003_20260805_224517_157723_manual:S3_FL_TRAVERSE:PRIMARY_PROFILE:segments-24-40,29.524999999998325,0.8235294117647058,39,0.5828086137771606,0.0022551491856575012,0.10911364108324051,-0.0064686610209332505,-0.044852748281497205,0.012147613716881622,FL,3,True,False,recoverable,0,False,RUNNING
53.16666666666429,6380,S3_FL_TRAVERSE,TOP_PLACE,v003_20260805_224517_157723_manual:S3_FL_TRAVERSE:PRIMARY_PROFILE:segments-24-40,29.591666666664988,0.8235294117647058,39,0.5838419198989868,0.002315022051334381,0.10904694348573685,-0.006983227059123461,-0.04504015063983396,0.012139116567823502,FL,3,True,False,recoverable,0,False,RUNNING
53.233333333330954,6388,S3_FL_TRAVERSE,TOP_PLACE,v003_20260805_224517_157723_manual:S3_FL_TRAVERSE:PRIMARY_PROFILE:segments-24-40,29.65833333333165,0.8235294117647058,39,0.5846564769744873,0.0022994354367256165,0.10916274040937424,-0.006697626806445499,-0.04505649588474044,0.012174112114009357,FL,3,True,False,recoverable,0,False,RUNNING
53.29999999999762,6396,S3_FL_TRAVERSE,TOP_PLACE,v003_20260805_224517_157723_manual:S3_FL_TRAVERSE:PRIMARY_PROFILE:segments-24-40,29.724999999998314,0.8235294117647058,39,0.5854675769805908,0.0022804364562034607,0.10929716378450394,-0.006308265072209346,-0.04506429322437822,0.012193153050101073,FL,3,True,False,recoverable,0,False,RUNNING
53.36666666666428,6404,S3_FL_TRAVERSE,TOP_PLACE,v003_20260805_224517_157723_manual:S3_FL_TRAVERSE:PRIMARY_PROFILE:segments-24-40,29.791666666664977,0.8235294117647058,39,0.5863388776779175,0.002270311117172241,0.10941023379564285,-0.0059917724064617135,-0.045110081700815395,0.012231627064081235,FL,3,True,False,recoverable,0,False,RUNNING
53.43333333333094,6412,S3_FL_TRAVERSE,TOP_PLACE,v003_20260805_224517_157723_manual:S3_FL_TRAVERSE:PRIMARY_PROFILE:segments-24-40,29.85833333333164,0.8235294117647058,39,0.5872548222541809,0.002254307270050049,0.10950879007577896,-0.005694424763882392,-0.04519343829920838,0.012257045629406518,FL,3,True,False,recoverable,0,False,RUNNING
53.499999999997605,6420,S3_FL_TRAVERSE,TOP_PLACE,v003_20260805_224517_157723_manual:S3_FL_TRAVERSE:PRIMARY_PROFILE:segments-24-40,29.924999999998303,0.8235294117647058,39,0.5881890058517456,0.0022408515214920044,0.10958749055862427,-0.005382526738673841,-0.045262265936408363,0.012273641600917085,FL,3,True,False,recoverable,0,False,RUNNING
53.56666666666427,6428,S3_FL_TRAVERSE,TOP_PLACE,v003_20260805_224517_157723_manual:S3_FL_TRAVERSE:PRIMARY_PROFILE:segments-24-40,29.991666666664965,0.8235294117647058,39,0.5891435146331787,0.0022426173090934753,0.10963527113199234,-0.005191746308793221,-0.045244467598641855,0.012308841066276395,FL,3,True,False,recoverable,0,False,RUNNING
53.63333333333093,6436,S3_FL_TRAVERSE,TOP_PLACE,v003_20260805_224517_157723_manual:S3_FL_TRAVERSE:PRIMARY_PROFILE:segments-24-40,30.05833333333163,0.8235294117647058,39,0.5901573300361633,0.0022407323122024536,0.10965927690267563,-0.005037324697196919,-0.04521296876740682,0.012335150757394312,FL,3,True,False,recoverable,0,False,RUNNING
53.699999999997594,6444,S3_FL_TRAVERSE,TOP_PLACE,v003_20260805_224517_157723_manual:S3_FL_TRAVERSE:PRIMARY_PROFILE:segments-24-40,30.12499999999829,0.8235294117647058,39,0.591159999370575,0.002240002155303955,0.10966537892818451,-0.004972743663169376,-0.04521550342513412,0.012360243649033851,FL,3,True,False,recoverable,0,False,RUNNING
53.76666666666426,6452,S3_FL_TRAVERSE,TOP_PLACE,v003_20260805_224517_157723_manual:S3_FL_TRAVERSE:PRIMARY_PROFILE:segments-24-40,30.191666666664954,0.8235294117647058,39,0.5921643972396851,0.0022508352994918823,0.10967692732810974,-0.004896533069170431,-0.04527360558150974,0.012374341426552657,FL,3,True,False,recoverable,0,False,RUNNING
53.83333333333092,6460,S3_FL_TRAVERSE,TOP_PLACE,v003_20260805_224517_157723_manual:S3_FL_TRAVERSE:PRIMARY_PROFILE:segments-24-40,30.258333333331617,0.8235294117647058,39,0.5932003259658813,0.0022556856274604797,0.10967541486024857,-0.004760267170794956,-0.045356916545779384,0.012395827839078263,FL,3,True,False,recoverable,0,False,RUNNING
53.89999999999758,6468,S3_FL_TRAVERSE,TOP_PLACE,v003_20260805_224517_157723_manual:S3_FL_TRAVERSE:PRIMARY_PROFILE:segments-24-40,30.32499999999828,0.8235294117647058,39,0.5942478179931641,0.0022471174597740173,0.10965975373983383,-0.004566162243964591,-0.04544071743405653,0.012412874412476035,FL,3,True,False,recoverable,0,False,RUNNING
53.966666666664246,6476,S3_FL_TRAVERSE,TOP_PLACE,v003_20260805_224517_157723_manual:S3_FL_TRAVERSE:PRIMARY_PROFILE:segments-24-40,30.391666666664943,0.8235294117647058,39,0.5952805280685425,0.0022374913096427917,0.10964731127023697,-0.004254195767706567,-0.045491796999038964,0.012435006161731243,FL,3,True,False,recoverable,0,False,RUNNING
54.03333333333091,6484,S3_FL_TRAVERSE,TOP_PLACE,v003_20260805_224517_157723_manual:S3_FL_TRAVERSE:PRIMARY_PROFILE:segments-24-40,30.458333333331606,0.8235294117647058,39,0.5963334441184998,0.002213127911090851,0.10963182151317596,-0.0038841689992882445,-0.04554459719850206,0.012462259194857727,FL,3,True,False,recoverable,0,False,RUNNING
54.09999999999757,6492,S3_FL_TRAVERSE,TOP_PLACE,v003_20260805_224517_157723_manual:S3_FL_TRAVERSE:PRIMARY_PROFILE:segments-24-40,30.52499999999827,0.8235294117647058,39,0.5974200963973999,0.002196960151195526,0.10959801822900772,-0.0034806904342812675,-0.04560852584477752,0.012484502517600584,FL,3,True,False,recoverable,0,False,RUNNING
54.166666666664234,6500,S3_FL_TRAVERSE,TOP_PLACE,v003_20260805_224517_157723_manual:S3_FL_TRAVERSE:PRIMARY_PROFILE:segments-24-40,30.59166666666493,0.8235294117647058,39,0.5985199213027954,0.002170950174331665,0.10953566431999207,-0.0030772425043329057,-0.04565661361648056,0.012509542637702717,FL,3,True,False,recoverable,0,False,RUNNING
54.2333333333309,6508,S3_FL_TRAVERSE,TOP_PLACE,v003_20260805_224517_157723_manual:S3_FL_TRAVERSE:PRIMARY_PROFILE:segments-24-40,30.658333333331594,0.8235294117647058,39,0.599636435508728,0.002170287072658539,0.109432652592659,-0.0028606467957528275,-0.045529826161091254,0.012531734446983672,FL,3,True,False,recoverable,0,False,RUNNING
54.29999999999756,6516,S3_FL_TRAVERSE,TOP_PLACE,v003_20260805_224517_157723_manual:S3_FL_TRAVERSE:PRIMARY_PROFILE:segments-24-40,30.724999999998257,0.8235294117647058,39,0.6008423566818237,0.002235494554042816,0.1091962456703186,-0.0034979956568075617,-0.04486249694280886,0.012518481328992918,FL,3,True,False,recoverable,0,False,RUNNING
54.36666666666422,6524,S3_FL_TRAVERSE,TOP_PLACE,v003_20260805_224517_157723_manual:S3_FL_TRAVERSE:PRIMARY_PROFILE:segments-24-40,30.79166666666492,0.8235294117647058,39,0.6016700863838196,0.00229576975107193,0.10918296873569489,-0.004031153398778051,-0.0447935610857882,0.012517812943881036,FL,3,True,False,recoverable,0,False,RUNNING
54.433333333330886,6532,S3_FL_TRAVERSE,TOP_PLACE,v003_20260805_224517_157723_manual:S3_FL_TRAVERSE:PRIMARY_PROFILE:segments-24-40,30.858333333331583,0.8235294117647058,39,0.6025354862213135,0.0023472532629966736,0.10916941612958908,-0.0045678621810114435,-0.04481087863111994,0.012514769964693348,FL,3,True,False,recoverable,0,False,RUNNING
54.49999999999755,6540,S3_FL_TRAVERSE,TOP_PLACE,v003_20260805_224517_157723_manual:S3_FL_TRAVERSE:PRIMARY_PROFILE:segments-24-40,30.924999999998246,0.8235294117647058,39,0.6034657955169678,0.0024149343371391296,0.10913819074630737,-0.00515522033971228,-0.04490262711354714,0.012505411135381835,FL,3,True,False,recoverable,0,False,RUNNING
54.56666666666421,6548,S3_FL_TRAVERSE,TOP_PLACE,v003_20260805_224517_157723_manual:S3_FL_TRAVERSE:PRIMARY_PROFILE:segments-24-40,30.99166666666491,0.8235294117647058,39,0.6044450402259827,0.0024780184030532837,0.1090921089053154,-0.005752181848779492,-0.04503718279904844,0.012481255964950169,FL,3,True,False,recoverable,0,False,RUNNING
54.633333333330874,6556,S3_FL_TRAVERSE,TOP_PLACE,v003_20260805_224517_157723_manual:S3_FL_TRAVERSE:PRIMARY_PROFILE:segments-24-40,31.05833333333157,0.8235294117647058,39,0.6054898500442505,0.0025492683053016663,0.10901562869548798,-0.006425462457443647,-0.045219217040735005,0.012479436627370371,FL,3,True,False,recoverable,0,False,RUNNING
54.69999999999754,6564,S3_FL_TRAVERSE,TOP_PLACE,v003_20260805_224517_157723_manual:S3_FL_TRAVERSE:PRIMARY_PROFILE:segments-24-40,31.124999999998234,0.8235294117647058,39,0.606537401676178,0.002618759870529175,0.10891988128423691,-0.007047578580808913,-0.04537863848206933,0.01247087452612118,FL,3,True,False,recoverable,0,False,RUNNING
54.7666666666642,6572,S3_FL_TRAVERSE,TOP_PLACE,v003_20260805_224517_157723_manual:S3_FL_TRAVERSE:PRIMARY_PROFILE:segments-24-40,31.191666666664897,0.8235294117647058,39,0.6075984239578247,0.0026913583278656006,0.10878876596689224,-0.007708146595567611,-0.04554218993975421,0.012483332227623241,FL,3,True,False,recoverable,0,False,RUNNING
54.83333333333086,6580,S3_FL_TRAVERSE,TOP_PLACE,v003_20260805_224517_157723_manual:S3_FL_TRAVERSE:PRIMARY_PROFILE:segments-24-40,31.25833333333156,0.8235294117647058,39,0.6084391474723816,0.002721346914768219,0.10878158360719681,-0.007899443242030638,-0.04535600922213395,0.01248798024883474,FL,3,True,False,recoverable,0,False,RUNNING
54.899999999997526,6588,S3_FL_TRAVERSE,TOP_PLACE,v003_20260805_224517_157723_manual:S3_FL_TRAVERSE:PRIMARY_PROFILE:segments-24-40,31.324999999998223,0.8235294117647058,39,0.6093104481697083,0.002740807831287384,0.10880199074745178,-0.007940418658369945,-0.04526322772853962,0.012535379259915484,FL,3,True,False,recoverable,0,False,RUNNING
54.96666666666419,6596,S3_FL_TRAVERSE,TOP_PLACE,v003_20260805_224517_157723_manual:S3_FL_TRAVERSE:PRIMARY_PROFILE:segments-24-40,31.391666666664886,0.8235294117647058,39,0.6102502942085266,0.0027544721961021423,0.10882473737001419,-0.007902981260278271,-0.04524361277645454,0.012559780386114232,FL,3,True,False,recoverable,0,False,RUNNING
55.03333333333085,6604,S3_FL_TRAVERSE,TOP_PLACE,v003_20260805_224517_157723_manual:S3_FL_TRAVERSE:PRIMARY_PROFILE:segments-24-40,31.45833333333155,0.8235294117647058,39,0.611214280128479,0.002760946750640869,0.10884079337120056,-0.007833554620559008,-0.04526172350902217,0.0125954254981865,FL,3,True,False,recoverable,0,False,RUNNING
55.099999999997515,6612,S3_FL_TRAVERSE,TOP_PLACE,v003_20260805_224517_157723_manual:S3_FL_TRAVERSE:PRIMARY_PROFILE:segments-24-40,31.52499999999821,0.8235294117647058,39,0.6122003197669983,0.0027694031596183777,0.10884916037321091,-0.007733187111359757,-0.04528771330840964,0.012617595604262585,FL,3,True,False,recoverable,0,False,RUNNING
55.16666666666418,6620,S3_FL_TRAVERSE,TOP_PLACE,v003_20260805_224517_157723_manual:S3_FL_TRAVERSE:PRIMARY_PROFILE:segments-24-40,31.591666666664874,0.8235294117647058,39,0.6132214069366455,0.0028078705072402954,0.10880355536937714,-0.007958313060252272,-0.04512748850830509,0.012639311173273004,FL,3,True,False,recoverable,0,False,RUNNING
55.23333333333084,6628,S3_FL_TRAVERSE,TOP_PLACE,v003_20260805_224517_157723_manual:S3_FL_TRAVERSE:PRIMARY_PROFILE:segments-24-40,31.658333333331537,0.8235294117647058,39,0.6142604947090149,0.002836279571056366,0.10875328630208969,-0.008161739311834108,-0.0450094471695773,0.012654800884986411,FL,3,True,False,recoverable,0,False,RUNNING
55.2999999999975,6636,S3_FL_TRAVERSE,TOP_PLACE,v003_20260805_224517_157723_manual:S3_FL_TRAVERSE:PRIMARY_PROFILE:segments-24-40,31.7249999999982,0.8235294117647058,39,0.6151830554008484,0.002853572368621826,0.10878307372331619,-0.00813623103696993,-0.04508715017894947,0.012691627919904948,FL,3,True,False,recoverable,0,False,RUNNING
55.366666666664166,6644,S3_FL_TRAVERSE,TOP_PLACE,v003_20260805_224517_157723_manual:S3_FL_TRAVERSE:PRIMARY_PROFILE:segments-24-40,31.791666666664863,0.8235294117647058,39,0.6161473989486694,0.002873159945011139,0.10876597464084625,-0.008240344531661148,-0.04513134308262177,0.012709579986758207,FL,3,True,False,recoverable,0,False,RUNNING
55.43333333333083,6652,S3_FL_TRAVERSE,TOP_PLACE,v003_20260805_224517_157723_manual:S3_FL_TRAVERSE:PRIMARY_PROFILE:segments-24-40,31.858333333331526,0.8235294117647058,39,0.617196261882782,0.0029034391045570374,0.1087363138794899,-0.008387554832065224,-0.04526915921978262,0.012724331717997143,FL,3,True,False,recoverable,0,False,RUNNING
55.49999999999749,6660,S3_FL_TRAVERSE,TOP_PLACE,v003_20260805_224517_157723_manual:S3_FL_TRAVERSE:PRIMARY_PROFILE:segments-24-40,31.92499999999819,0.8235294117647058,39,0.618068516254425,0.0028869882225990295,0.10879992693662643,-0.008049423893158691,-0.045258561916912084,0.012761997276510225,FL,3,True,False,recoverable,0,False,RUNNING
55.566666666664155,6668,S3_FL_TRAVERSE,TOP_PLACE,v003_20260805_224517_157723_manual:S3_FL_TRAVERSE:PRIMARY_PROFILE:segments-24-40,31.99166666666485,0.8235294117647058,39,0.618888258934021,0.00285416841506958,0.10892051458358765,-0.007479094582114561,-0.045187463156663575,0.012799795792993328,FL,3,True,False,recoverable,0,False,RUNNING
55.63333333333082,6676,S3_FL_TRAVERSE,TOP_PLACE,v003_20260805_224517_157723_manual:S3_FL_TRAVERSE:PRIMARY_PROFILE:segments-24-40,32.05833333333152,0.8235294117647058,39,0.619807779788971,0.002821885049343109,0.10901355743408203,-0.0069662217233635035,-0.045166965356077934,0.01281690205089277,FL,3,True,False,recoverable,0,False,RUNNING
55.69999999999748,6684,S3_FL_TRAVERSE,TOP_PLACE,v003_20260805_224517_157723_manual:S3_FL_TRAVERSE:PRIMARY_PROFILE:segments-24-40,32.12499999999818,0.8235294117647058,39,0.6207569241523743,0.002796463668346405,0.10909193009138107,-0.00652240944301474,-0.04515610716940288,0.01286216210789863,FL,3,True,False,recoverable,0,False,RUNNING
55.76666666666414,6692,S3_FL_TRAVERSE,TOP_PLACE,v003_20260805_224517_157723_manual:S3_FL_TRAVERSE:PRIMARY_PROFILE:segments-24-40,32.191666666664844,0.8235294117647058,39,0.6217533946037292,0.0027616918087005615,0.10916860401630402,-0.005963461401997964,-0.04518314321063193,0.01287754779683897,FL,3,True,False,recoverable,0,False,RUNNING
55.833333333330806,6700,S3_FL_TRAVERSE,TOP_PLACE,v003_20260805_224517_157723_manual:S3_FL_TRAVERSE:PRIMARY_PROFILE:segments-24-40,32.25833333333151,0.8235294117647058,39,0.6227500438690186,0.0027573183178901672,0.10918722301721573,-0.005757057828152071,-0.04494389089392451,0.012914571776092636,FL,3,True,False,recoverable,0,False,RUNNING
55.89999999999747,6708,S3_FL_TRAVERSE,TOP_PLACE,v003_20260805_224517_157723_manual:S3_FL_TRAVERSE:PRIMARY_PROFILE:segments-24-40,32.32499999999817,0.8235294117647058,39,0.623786449432373,0.0027681663632392883,0.10916886478662491,-0.005730451932860524,-0.04461769831479887,0.01291681710018277,FL,3,True,False,recoverable,0,False,RUNNING
55.96666666666413,6716,S3_FL_TRAVERSE,TOP_PLACE,v003_20260805_224517_157723_manual:S3_FL_TRAVERSE:PRIMARY_PROFILE:segments-24-40,32.39166666666483,0.8235294117647058,39,0.6246570944786072,0.0027880966663360596,0.10922122001647949,-0.00585140214588627,-0.044550532959357514,0.012912156115390783,FL,3,True,False,recoverable,0,False,RUNNING
56.033333333330795,6724,S3_FL_TRAVERSE,TOP_PLACE,v003_20260805_224517_157723_manual:S3_FL_TRAVERSE:PRIMARY_PROFILE:segments-24-40,32.458333333331495,0.8235294117647058,39,0.6255584359169006,0.002799086272716522,0.10929304361343384,-0.005838513376407427,-0.04457713442262611,0.012936721783882747,FL,3,True,False,recoverable,0,False,RUNNING
56.09999999999746,6732,S3_FL_TRAVERSE,TOP_PLACE,v003_20260805_224517_157723_manual:S3_FL_TRAVERSE:PRIMARY_PROFILE:segments-24-40,32.52499999999816,0.8235294117647058,39,0.6264920234680176,0.0028059780597686768,0.10935627669095993,-0.005784256134496051,-0.0446313320951808,0.012937127628080988,FL,3,True,False,recoverable,0,False,RUNNING
56.16666666666412,6740,S3_FL_TRAVERSE,TOP_PLACE,v003_20260805_224517_157723_manual:S3_FL_TRAVERSE:PRIMARY_PROFILE:segments-24-40,32.59166666666482,0.8235294117647058,39,0.6274441480636597,0.0028105899691581726,0.10941477864980698,-0.005686201111353692,-0.04471533455236915,0.012967668391675331,FL,3,True,False,recoverable,0,False,RUNNING
56.23333333333078,6748,S3_FL_TRAVERSE,TOP_PLACE,v003_20260805_224517_157723_manual:S3_FL_TRAVERSE:PRIMARY_PROFILE:segments-24-40,32.658333333331484,0.8235294117647058,39,0.6284223198890686,0.002810344099998474,0.10946755856275558,-0.005526403890100905,-0.044812523479926404,0.012974199274735542,FL,3,True,False,recoverable,0,False,RUNNING
56.299999999997446,6756,S3_FL_TRAVERSE,TOP_PLACE,v003_20260805_224517_157723_manual:S3_FL_TRAVERSE:PRIMARY_PROFILE:segments-24-40,32.72499999999815,0.8235294117647058,39,0.6294018626213074,0.002811841666698456,0.10950103402137756,-0.0053742802475122,-0.044914827807186676,0.013006924876139131,FL,3,True,False,recoverable,0,False,RUNNING
56.36666666666411,6764,S3_FL_TRAVERSE,TOP_PLACE,v003_20260805_224517_157723_manual:S3_FL_TRAVERSE:PRIMARY_PROFILE:segments-24-40,32.79166666666481,0.8235294117647058,39,0.6304349303245544,0.0028133392333984375,0.10950063914060593,-0.00524278515065391,-0.04503239646529941,0.013013011640686774,FL,3,True,False,recoverable,0,False,RUNNING
56.43333333333077,6772,S3_FL_TRAVERSE,TOP_PLACE,v003_20260805_224517_157723_manual:S3_FL_TRAVERSE:PRIMARY_PROFILE:segments-24-40,32.85833333333147,0.8235294117647058,39,0.6314730048179626,0.002812303602695465,0.10948852449655533,-0.005079904614179348,-0.04515706416678386,0.013045254621755986,FL,3,True,False,recoverable,0,False,RUNNING
56.499999999997435,6780,S3_FL_TRAVERSE,TOP_PLACE,v003_20260805_224517_157723_manual:S3_FL_TRAVERSE:PRIMARY_PROFILE:segments-24-40,32.924999999998136,0.8235294117647058,39,0.6324688792228699,0.0027929767966270447,0.10951822996139526,-0.004698902771372864,-0.045233846740303146,0.013051607250636163,FL,3,True,False,recoverable,0,False,RUNNING
56.5666666666641,6788,S3_FL_TRAVERSE,TOP_PLACE,v003_20260805_224517_157723_manual:S3_FL_TRAVERSE:PRIMARY_PROFILE:segments-24-40,32.9916666666648,0.8235294117647058,39,0.633482038974762,0.0027863681316375732,0.10952184349298477,-0.004422500280694418,-0.04517789980402438,0.013076466623628082,FL,3,True,False,recoverable,0,False,RUNNING
56.63333333333076,6796,S3_FL_TRAVERSE,TOP_PLACE,v003_20260805_224517_157723_manual:S3_FL_TRAVERSE:PRIMARY_PROFILE:segments-24-40,33.05833333333146,0.8235294117647058,39,0.6345887780189514,0.0028187185525894165,0.10942775756120682,-0.004701104235512808,-0.04479214032383284,0.013085825687597134,FL,3,True,False,recoverable,0,False,RUNNING
56.699999999997424,6804,S3_FL_TRAVERSE,TOP_PLACE,v003_20260805_224517_157723_manual:S3_FL_TRAVERSE:PRIMARY_PROFILE:segments-24-40,33.124999999998124,0.8235294117647058,39,0.6355497241020203,0.002842426300048828,0.10944288223981857,-0.004812408220515716,-0.044712273607724,0.013081556664681165,FL,3,True,False,recoverable,0,False,RUNNING
56.76666666666409,6812,S3_FL_TRAVERSE,TOP_PLACE,v003_20260805_224517_157723_manual:S3_FL_TRAVERSE:PRIMARY_PROFILE:segments-24-40,33.19166666666479,0.8235294117647058,39,0.636448085308075,0.0028564929962158203,0.10950183868408203,-0.004869792532219472,-0.04478685855224962,0.013088150954066059,FL,3,True,False,recoverable,0,False,RUNNING
56.83333333333075,6820,S3_FL_TRAVERSE,TOP_PLACE,v003_20260805_224517_157723_manual:S3_FL_TRAVERSE:PRIMARY_PROFILE:segments-24-40,33.25833333333145,0.8235294117647058,39,0.6374295353889465,0.002882644534111023,0.1095384955406189,-0.005028029508474181,-0.04491812867561717,0.013084481684574724,FL,3,True,False,recoverable,0,False,RUNNING
56.89999999999741,6828,S3_FL_TRAVERSE,TOP_PLACE,v003_20260805_224517_157723_manual:S3_FL_TRAVERSE:PRIMARY_PROFILE:segments-24-40,33.32499999999811,0.8235294117647058,39,0.6384084224700928,0.0029110759496688843,0.10954795032739639,-0.005195760789125327,-0.04503789828396189,0.01310654081930848,FL,3,True,False,recoverable,0,False,RUNNING
56.966666666664075,6836,S3_FL_TRAVERSE,TOP_PLACE,v003_20260805_224517_157723_manual:S3_FL_TRAVERSE:PRIMARY_PROFILE:segments-24-40,33.391666666664776,0.8235294117647058,39,0.6394425630569458,0.002946525812149048,0.10952942073345184,-0.005439993117188551,-0.045175979179840856,0.013097036637785404,FL,3,True,False,recoverable,0,False,RUNNING
57.03333333333074,6844,S3_FL_TRAVERSE,TOP_PLACE,v003_20260805_224517_157723_manual:S3_FL_TRAVERSE:PRIMARY_PROFILE:segments-24-40,33.45833333333144,0.8235294117647058,39,0.6404634118080139,0.002980567514896393,0.1094837337732315,-0.005667446686952548,-0.045301305157107945,0.013118426245533792,FL,3,True,False,recoverable,0,False,RUNNING
57.0999999999974,6852,S3_FL_TRAVERSE,TOP_PLACE,v003_20260805_224517_157723_manual:S3_FL_TRAVERSE:PRIMARY_PROFILE:segments-24-40,33.5249999999981,0.8235294117647058,39,0.6415228843688965,0.0030252039432525635,0.10940834879875183,-0.00594952202674777,-0.045445523201045064,0.01312374813929638,FL,3,True,False,recoverable,0,False,RUNNING
57.166666666664064,6860,S3_FL_TRAVERSE,TOP_PLACE,v003_20260805_224517_157723_manual:S3_FL_TRAVERSE:PRIMARY_PROFILE:segments-24-40,33.591666666664764,0.8235294117647058,39,0.6425828337669373,0.003065072000026703,0.10930280387401581,-0.0062340536890959355,-0.045571506804912294,0.013135083435548086,FL,3,True,False,recoverable,0,False,RUNNING
57.23333333333073,6868,S3_FL_TRAVERSE,TOP_PLACE,v003_20260805_224517_157723_manual:S3_FL_TRAVERSE:PRIMARY_PROFILE:segments-24-40,33.65833333333143,0.8235294117647058,39,0.6436848640441895,0.003112301230430603,0.10916923731565475,-0.006538329883177567,-0.04570947491569283,0.013145808854075942,FL,3,True,False,recoverable,0,False,RUNNING
57.29999999999739,6876,S3_FL_TRAVERSE,TOP_PLACE,v003_20260805_224517_157723_manual:S3_FL_TRAVERSE:PRIMARY_PROFILE:segments-24-40,33.72499999999809,0.8235294117647058,39,0.6447008848190308,0.0031286105513572693,0.10909194499254227,-0.006563245824735326,-0.045738737220098226,0.013166016094470536,FL,3,True,False,recoverable,0,False,RUNNING
57.36666666666405,6884,S3_FL_TRAVERSE,TOP_PLACE,v003_20260805_224517_157723_manual:S3_FL_TRAVERSE:PRIMARY_PROFILE:segments-24-40,33.79166666666475,0.8235294117647058,39,0.6455065011978149,0.0030957981944084167,0.1091640517115593,-0.005992555359166465,-0.0455897010842557,0.013204116724355655,FL,3,True,False,recoverable,0,False,RUNNING
57.433333333330715,6892,S3_FL_TRAVERSE,TOP_PLACE,v003_20260805_224517_157723_manual:S3_FL_TRAVERSE:PRIMARY_PROFILE:segments-24-40,33.858333333331416,0.8235294117647058,39,0.6463959217071533,0.0030622556805610657,0.10923339426517487,-0.005424366488024131,-0.045529913268623955,0.013236517557558423,FL,3,True,False,recoverable,0,False,RUNNING
57.49999999999738,6900,S3_FL_TRAVERSE,TOP_PLACE,v003_20260805_224517_157723_manual:S3_FL_TRAVERSE:PRIMARY_PROFILE:segments-24-40,33.92499999999808,0.8235294117647058,39,0.6473555564880371,0.003027185797691345,0.10928939282894135,-0.004832596492348308,-0.045502256186155894,0.013277316932842185,FL,3,True,False,recoverable,0,False,RUNNING
57.56666666666404,6908,S3_FL_TRAVERSE,TOP_PLACE,v003_20260805_224517_157723_manual:S3_FL_TRAVERSE:PRIMARY_PROFILE:segments-24-40,33.99166666666474,0.8235294117647058,39,0.6483727097511292,0.002998530864715576,0.10931949317455292,-0.004239053811942556,-0.045501555138455246,0.013342443923733335,FL,3,True,False,recoverable,0,False,RUNNING
57.633333333330704,6916,S3_FL_TRAVERSE,TOP_PLACE,v003_20260805_224517_157723_manual:S3_FL_TRAVERSE:PRIMARY_PROFILE:segments-24-40,34.058333333331404,0.8235294117647058,39,0.64940345287323,0.002963744103908539,0.1093418076634407,-0.0036031076651433696,-0.04551324693571469,0.013415993913165813,FL,3,True,False,recoverable,0,False,RUNNING
57.69999999999737,6924,S3_FL_TRAVERSE,TOP_PLACE,v003_20260805_224517_157723_manual:S3_FL_TRAVERSE:PRIMARY_PROFILE:segments-24-40,34.12499999999807,0.8235294117647058,39,0.6504465341567993,0.0029290243983268738,0.10933918505907059,-0.0029588262604820534,-0.04550028819319878,0.01346016546338581,FL,3,True,False,recoverable,0,False,RUNNING
57.76666666666403,6932,S3_FL_TRAVERSE,TOP_PLACE,v003_20260805_224517_157723_manual:S3_FL_TRAVERSE:PRIMARY_PROFILE:segments-24-40,34.19166666666473,0.8235294117647058,39,0.6514828205108643,0.0029617175459861755,0.10923799872398376,-0.0031107089161071075,-0.04486806389788127,0.013502239625055854,FL,3,True,False,recoverable,0,False,RUNNING
57.83333333333069,6940,S3_FL_TRAVERSE,TOP_PLACE,v003_20260805_224517_157723_manual:S3_FL_TRAVERSE:PRIMARY_PROFILE:segments-24-40,34.25833333333139,0.8235294117647058,39,0.6524471044540405,0.002999424934387207,0.1092006117105484,-0.003387956563708771,-0.04444665990407397,0.013525430969188419,FL,3,True,False,recoverable,0,False,RUNNING
57.899999999997355,6948,S3_FL_TRAVERSE,TOP_PLACE,v003_20260805_224517_157723_manual:S3_FL_TRAVERSE:PRIMARY_PROFILE:segments-24-40,34.324999999998056,0.8235294117647058,39,0.6532050371170044,0.0030250921845436096,0.10928633064031601,-0.0035559075995994865,-0.044369500071904475,0.01355323020590791,FL,3,True,False,recoverable,0,False,RUNNING
57.96666666666402,6956,S3_FL_TRAVERSE,TOP_PLACE,v003_20260805_224517_157723_manual:S3_FL_TRAVERSE:PRIMARY_PROFILE:segments-24-40,34.39166666666472,0.8235294117647058,39,0.6540502905845642,0.0030517280101776123,0.10935986787080765,-0.003791008456163106,-0.04437497849016199,0.013557705666415763,FL,3,True,False,recoverable,0,False,RUNNING
58.03333333333068,6964,S3_FL_TRAVERSE,TOP_PLACE,v003_20260805_224517_157723_manual:S3_FL_TRAVERSE:PRIMARY_PROFILE:segments-24-40,34.45833333333138,0.8235294117647058,39,0.6549241542816162,0.003086581826210022,0.1094152182340622,-0.004068217201565353,-0.04441259744680884,0.013579129187620604,FL,3,True,False,recoverable,0,False,RUNNING
58.099999999997344,6972,S3_FL_TRAVERSE,TOP_PLACE,v003_20260805_224517_157723_manual:S3_FL_TRAVERSE:PRIMARY_PROFILE:segments-24-40,34.524999999998045,0.8235294117647058,39,0.6558682322502136,0.0031203031539916992,0.10948561877012253,-0.004270228289705349,-0.04454461175737253,0.013585367863431688,FL,3,True,False,recoverable,0,False,RUNNING
58.16666666666401,6980,S3_FL_TRAVERSE,TOP_PLACE,v003_20260805_224517_157723_manual:S3_FL_TRAVERSE:PRIMARY_PROFILE:segments-24-40,34.59166666666471,0.8235294117647058,39,0.6568387150764465,0.0031547993421554565,0.10952631384134293,-0.004520720108625667,-0.04467575234934449,0.013579654661810861,FL,3,True,False,recoverable,0,False,RUNNING
58.23333333333067,6988,S3_FL_TRAVERSE,TOP_PLACE,v003_20260805_224517_157723_manual:S3_FL_TRAVERSE:PRIMARY_PROFILE:segments-24-40,34.65833333333137,0.8235294117647058,39,0.6577821373939514,0.00319749116897583,0.10951606184244156,-0.004882740455478243,-0.0447134685266032,0.013590010025466068,FL,3,True,False,recoverable,0,False,RUNNING
58.29999999999733,6996,S3_FL_TRAVERSE,TOP_PLACE,v003_20260805_224517_157723_manual:S3_FL_TRAVERSE:PRIMARY_PROFILE:segments-24-40,34.72499999999803,0.8235294117647058,39,0.6587639451026917,0.0032394304871559143,0.10952018946409225,-0.005187330128961109,-0.04475301699770763,0.013592265973814495,FL,3,True,False,recoverable,0,False,RUNNING
58.366666666663995,7004,S3_FL_TRAVERSE,TOP_PLACE,v003_20260805_224517_157723_manual:S3_FL_TRAVERSE:PRIMARY_PROFILE:segments-24-40,34.791666666664696,0.8235294117647058,39,0.6597763299942017,0.003269284963607788,0.10952375084161758,-0.005411505955661583,-0.04483925622446394,0.013590276762743603,FL,3,True,False,recoverable,0,False,RUNNING
58.43333333333066,7012,S3_FL_TRAVERSE,TOP_PLACE,v003_20260805_224517_157723_manual:S3_FL_TRAVERSE:PRIMARY_PROFILE:segments-24-40,34.85833333333136,0.8823529411764706,40,0.6598872542381287,0.0032828301191329956,0.10954142361879349,-0.00549205464344926,-0.04495955713551898,0.013607752722102821,FL,3,True,False,recoverable,0,False,RUNNING
58.49999999999732,7020,S3_FL_TRAVERSE,TOP_PLACE,v003_20260805_224517_157723_manual:S3_FL_TRAVERSE:PRIMARY_PROFILE:segments-24-40,34.92499999999802,0.9411764705882353,41,0.6618204712867737,0.0033376216888427734,0.11006127297878265,-0.005727637717522815,-0.05256716366017738,0.01363401383412573,FL,3,True,False,recoverable,0,False,RUNNING
58.566666666663984,7028,S3_FL_TRAVERSE,TOP_PLACE,v003_20260805_224517_157723_manual:S3_FL_TRAVERSE:PRIMARY_PROFILE:segments-24-40,34.991666666664685,0.9411764705882353,41,0.6678264141082764,0.004022061824798584,0.10608729720115662,-0.013314077759072255,-0.04677444824971033,0.013411071293854113,FL,3,True,False,recoverable,0,False,RUNNING
58.63333333333065,7036,S3_FL_TRAVERSE,TOP_PLACE,v003_20260805_224517_157723_manual:S3_FL_TRAVERSE:PRIMARY_PROFILE:segments-24-40,35.05833333333135,0.9411764705882353,41,0.6705039143562317,0.003995522856712341,0.0989881306886673,-0.013762880612071055,-0.023562632202118915,0.013108973969622685,FL,3,True,False,recoverable,0,False,RUNNING
58.69999999999731,7044,S3_FL_TRAVERSE,TOP_PLACE,v003_20260805_224517_157723_manual:S3_FL_TRAVERSE:PRIMARY_PROFILE:segments-24-40,35.12499999999801,0.9411764705882353,41,0.6709181070327759,0.0035908371210098267,0.09043951332569122,-0.00919881252571449,0.009228920559331418,0.013041363981855195,FL,4,True,False,recoverable,0,False,RUNNING
58.76666666666397,7052,S3_FL_TRAVERSE,TOP_PLACE,v003_20260805_224517_157723_manual:S3_FL_TRAVERSE:PRIMARY_PROFILE:segments-24-40,35.19166666666467,0.9411764705882353,41,0.673344075679779,0.0035980194807052612,0.0864703580737114,-0.009238626462501396,0.0196985732661112,0.012962731870772655,FL,4,True,False,recoverable,0,False,RUNNING
58.833333333330636,7060,S3_FL_TRAVERSE,TOP_PLACE,v003_20260805_224517_157723_manual:S3_FL_TRAVERSE:PRIMARY_PROFILE:segments-24-40,35.258333333331336,0.9411764705882353,41,0.6731206178665161,0.0037447363138198853,0.08687782287597656,-0.009881538225375196,0.02006316759980779,0.013260610025716114,FL,4,True,False,recoverable,0,False,RUNNING
58.8999999999973,7068,S3_FL_TRAVERSE,TOP_PLACE,v003_20260805_224517_157723_manual:S3_FL_TRAVERSE:PRIMARY_PROFILE:segments-24-40,35.324999999998,0.9411764705882353,41,0.6739600300788879,0.0038794279098510742,0.08815796673297882,-0.011542999481243195,0.015237747839445898,0.013172930144600203,FL,4,True,False,recoverable,0,False,RUNNING
58.96666666666396,7076,S3_FL_TRAVERSE,TOP_PLACE,v003_20260805_224517_157723_manual:S3_FL_TRAVERSE:PRIMARY_PROFILE:segments-24-40,35.39166666666466,0.9411764705882353,41,0.6734417080879211,0.004163295030593872,0.09217749536037445,-0.01512611050845329,0.0029933498324597797,0.013047617371755686,FL,4,True,False,recoverable,0,False,RUNNING
59.033333333330624,7084,S3_FL_TRAVERSE,TOP_PLACE,v003_20260805_224517_157723_manual:S3_FL_TRAVERSE:PRIMARY_PROFILE:segments-24-40,35.458333333331325,0.9411764705882353,41,0.6720854043960571,0.004235267639160156,0.09795653074979782,-0.015079511785642446,-0.01567084613934617,0.01334595120756729,FL,3,True,False,recoverable,0,False,RUNNING
59.09999999999729,7092,S3_FL_TRAVERSE,TOP_PLACE,v003_20260805_224517_157723_manual:S3_FL_TRAVERSE:PRIMARY_PROFILE:segments-24-40,35.52499999999799,0.9411764705882353,41,0.6704505085945129,0.0038653165102005005,0.10224020481109619,-0.009680694439600778,-0.029849591504151306,0.013833420887270232,FL,3,True,False,recoverable,0,False,RUNNING
59.16666666666395,7100,S3_FL_TRAVERSE,TOP_PLACE,v003_20260805_224517_157723_manual:S3_FL_TRAVERSE:PRIMARY_PROFILE:segments-24-40,35.59166666666465,0.9411764705882353,41,0.6696506142616272,0.003973014652729034,0.10483997315168381,-0.010798768753695173,-0.03944065647322454,0.013893403742495947,FL,3,True,False,recoverable,0,False,RUNNING
59.23333333333061,7108,S3_FL_TRAVERSE,TOP_PLACE,v003_20260805_224517_157723_manual:S3_FL_TRAVERSE:PRIMARY_PROFILE:segments-24-40,35.65833333333131,0.9411764705882353,41,0.6697424650192261,0.004077620804309845,0.10804856568574905,-0.011674580969229433,-0.0509968962581378,0.0139959039011708,FL,3,True,False,recoverable,0,False,RUNNING
59.299999999997276,7116,S3_FL_TRAVERSE,TOP_PLACE,v003_20260805_224517_157723_manual:S3_FL_TRAVERSE:PRIMARY_PROFILE:segments-24-40,35.724999999997976,0.9411764705882353,41,0.6689078211784363,0.00425189733505249,0.1109134629368782,-0.013508372125397529,-0.05929670798764306,0.014053765328448382,FL,3,True,False,recoverable,0,False,RUNNING
59.36666666666394,7124,S3_FL_TRAVERSE,TOP_PLACE,v003_20260805_224517_157723_manual:S3_FL_TRAVERSE:PRIMARY_PROFILE:segments-24-40,35.79166666666464,0.9411764705882353,41,0.6681620478630066,0.004188939929008484,0.11389350146055222,-0.012449392615759816,-0.06964797862894707,0.014210709798653664,FL,3,True,False,recoverable,0,False,RUNNING
59.4333333333306,7132,S3_FL_TRAVERSE,TOP_PLACE,v003_20260805_224517_157723_manual:S3_FL_TRAVERSE:PRIMARY_PROFILE:segments-24-40,35.8583333333313,0.9411764705882353,41,0.6673257350921631,0.0040459707379341125,0.11674045771360397,-0.010477921280139645,-0.07934043913746379,0.014396125895753968,FL,3,True,False,recoverable,0,False,RUNNING
59.499999999997264,7140,S3_FL_TRAVERSE,TOP_PLACE,v003_20260805_224517_157723_manual:S3_FL_TRAVERSE:PRIMARY_PROFILE:segments-24-40,35.924999999997965,0.9411764705882353,41,0.6671679615974426,0.004130318760871887,0.11949261277914047,-0.011042321914608756,-0.08906785265388314,0.014517384466487978,FL,3,True,False,recoverable,0,False,RUNNING
59.56666666666393,7148,S3_FL_TRAVERSE,TOP_PLACE,v003_20260805_224517_157723_manual:S3_FL_TRAVERSE:PRIMARY_PROFILE:segments-24-40,35.99166666666463,0.9411764705882353,41,0.6652189493179321,0.004029989242553711,0.12144558131694794,-0.010032349044879025,-0.09413827244475358,0.014582508611862745,FL,3,True,False,recoverable,0,False,RUNNING
59.63333333333059,7156,S3_FL_TRAVERSE,TOP_PLACE,v003_20260805_224517_157723_manual:S3_FL_TRAVERSE:PRIMARY_PROFILE:segments-24-40,36.05833333333129,0.9411764705882353,41,0.6614924669265747,0.003689020872116089,0.12168420851230621,-0.009341260521093036,-0.0941277692658577,0.013761802180540699,FL,3,True,False,recoverable,0,False,RUNNING
59.69999999999725,7164,S3_FL_TRAVERSE,TOP_PLACE,v003_20260805_224517_157723_manual:S3_FL_TRAVERSE:PRIMARY_PROFILE:segments-24-40,36.124999999997954,0.9411764705882353,41,0.6612409949302673,0.0017010122537612915,0.1195250004529953,-0.010584754916853381,-0.08834252829809261,0.00663150189337888,FL,3,True,False,recoverable,0,False,RUNNING
59.766666666663916,7172,S3_FL_TRAVERSE,TOP_PLACE,v003_20260805_224517_157723_manual:S3_FL_TRAVERSE:PRIMARY_PROFILE:segments-24-40,36.19166666666462,0.9411764705882353,41,0.6623423099517822,-0.000996224582195282,0.1175859346985817,-0.012949833173444976,-0.08001540722722471,-0.0035272229123521058,FL,3,True,False,recoverable,0,False,RUNNING
59.83333333333058,7180,S3_FL_TRAVERSE,TOP_PLACE,v003_20260805_224517_157723_manual:S3_FL_TRAVERSE:PRIMARY_PROFILE:segments-24-40,36.25833333333128,0.9411764705882353,41,0.6618137955665588,-0.003108695149421692,0.11546206474304199,-0.016050517289211204,-0.0724209710574944,-0.011712176620162914,FL,3,True,False,recoverable,0,False,RUNNING
59.89999999999724,7188,S3_FL_TRAVERSE,TOP_PLACE,v003_20260805_224517_157723_manual:S3_FL_TRAVERSE:PRIMARY_PROFILE:segments-24-40,36.25833333333128,0.9411764705882353,41,0.6616092920303345,-0.002786584198474884,0.11382168531417847,-0.020353876499896437,-0.06735592481857103,-0.011963221232826154,FL,3,True,False,recoverable,0,False,RUNNING
