time_s,body_name,other_body,active,contact_point_w,contact_normal_w,normal_force_n,tangential_force_n,total_force_n,friction_coefficient,friction_utilization,slip_ratio,slip_warning,impact_warning,wheel_contact,source,geometry_source
1.058333333333332,front_left_wheel,ground_or_obstacle,True,"[0.24942903220653534, 0.0795154720544815, -0.0010528333485126523]","[1.3435884647169443e-07, 0.0, 0.9999999999999909]",8.012222290039062,0.0,8.012222290039135,1.05,nan,0.19552952206336802,False,False,True,isaaclab.ContactSensor.net_forces_w,wheel_geometry_approximation
1.058333333333332,front_right_wheel,ground_or_obstacle,True,"[0.25302162766456604, -0.31877580285072327, -0.0008730061352252988]","[1.3435882795964156e-07, 0.0, 0.999999999999991]",5.996397972106934,0.0,5.996397972106988,1.05,nan,0.21938652993944355,False,False,True,isaaclab.ContactSensor.net_forces_w,wheel_geometry_approximation
1.058333333333332,rear_left_wheel,ground_or_obstacle,True,"[-0.3053854703903198, 0.07309018075466156, -0.00011589303612709323]","[1.3435884311559142e-07, 0.0, 0.9999999999999909]",6.371138095855713,0.0,6.371138095855771,1.05,nan,0.17646635922002166,False,False,True,isaaclab.ContactSensor.net_forces_w,wheel_geometry_approximation
1.058333333333332,rear_right_wheel,ground_or_obstacle,True,"[-0.30811816453933716, -0.3232194483280182, -0.0001697905361652402]","[1.3435884560862675e-07, 0.0, 0.9999999999999911]",8.38394832611084,0.0,8.383948326110914,1.05,nan,0.13727299015354236,False,False,True,isaaclab.ContactSensor.net_forces_w,wheel_geometry_approximation
1.083333333333332,front_left_wheel,ground_or_obstacle,True,"[0.25012117624282837, 0.0795152336359024, -0.000914163142442706]","[1.3435885284623614e-07, 0.0, 0.999999999999991]",8.114592552185059,0.0,8.114592552185131,1.05,nan,0.15554090971824447,False,False,True,isaaclab.ContactSensor.net_forces_w,wheel_geometry_approximation
1.083333333333332,front_right_wheel,ground_or_obstacle,True,"[0.2537243664264679, -0.31877613067626953, -0.0007433995604515103]","[1.3435884582207042e-07, 0.0, 0.999999999999991]",6.123603820800781,0.0,6.123603820800836,1.05,nan,0.17741534771407053,False,False,True,isaaclab.ContactSensor.net_forces_w,wheel_geometry_approximation
1.083333333333332,rear_left_wheel,ground_or_obstacle,True,"[-0.3046886920928955, 0.07309119403362274, -0.00016977563500404635]","[1.3435883831756492e-07, 0.0, 0.9999999999999909]",6.26295804977417,0.0,6.262958049774227,1.05,nan,0.1221413775306083,False,False,True,isaaclab.ContactSensor.net_forces_w,wheel_geometry_approximation
1.083333333333332,rear_right_wheel,ground_or_obstacle,True,"[-0.3074233829975128, -0.323218435049057, -0.0002310715615749387]","[1.343588523890261e-07, 0.0, 0.9999999999999909]",8.238751411437988,0.0,8.238751411438063,1.05,nan,0.09413085073397302,False,False,True,isaaclab.ContactSensor.net_forces_w,wheel_geometry_approximation
1.1083333333333318,front_left_wheel,ground_or_obstacle,True,"[0.25082066655158997, 0.07951471209526062, -0.0007837817072868375]","[1.3435884664697725e-07, 0.0, 0.999999999999991]",8.089336395263672,0.0,8.089336395263745,1.05,nan,0.15363722475916267,False,False,True,isaaclab.ContactSensor.net_forces_w,wheel_geometry_approximation
1.1083333333333318,front_right_wheel,ground_or_obstacle,True,"[0.2544330954551697, -0.3187766671180725, -0.0006228715181350736]","[1.3435882507128618e-07, 0.0, 0.999999999999991]",6.18931245803833,0.0,6.189312458038386,1.05,nan,0.17274337828566616,False,False,True,isaaclab.ContactSensor.net_forces_w,wheel_geometry_approximation
1.1083333333333318,rear_left_wheel,ground_or_obstacle,True,"[-0.303984671831131, 0.07309244573116302, -0.00023373886942863742]","[1.3435883789178597e-07, 0.0, 0.999999999999991]",6.295665740966797,0.0,6.295665740966854,1.05,nan,0.1254389045516464,False,False,True,isaaclab.ContactSensor.net_forces_w,wheel_geometry_approximation
1.1083333333333318,rear_right_wheel,ground_or_obstacle,True,"[-0.306720495223999, -0.3232172131538391, -0.0003033235669136075]","[1.3435884444092576e-07, 0.0, 0.9999999999999909]",8.166414260864258,0.0,8.166414260864332,1.05,nan,0.09274152373873194,False,False,True,isaaclab.ContactSensor.net_forces_w,wheel_geometry_approximation
1.1333333333333317,front_left_wheel,ground_or_obstacle,True,"[0.2515254318714142, 0.07951422035694122, -0.0006622999906539945]","[1.3435883344309206e-07, 0.0, 0.999999999999991]",8.096975326538086,0.0,8.096975326538159,1.05,nan,0.1613933685682119,False,False,True,isaaclab.ContactSensor.net_forces_w,wheel_geometry_approximation
1.1333333333333317,front_right_wheel,ground_or_obstacle,True,"[0.255146324634552, -0.3187771141529083, -0.0005120702087879209]","[1.3435883659818733e-07, 0.0, 0.999999999999991]",6.202012538909912,0.0,6.202012538909968,1.05,nan,0.17843277429715498,False,False,True,isaaclab.ContactSensor.net_forces_w,wheel_geometry_approximation
1.1333333333333317,rear_left_wheel,ground_or_obstacle,True,"[-0.3032764494419098, 0.07309269160032272, -0.0003086358308792142]","[1.3435884452028986e-07, 0.0, 0.999999999999991]",6.283025741577148,0.0,6.283025741577205,1.05,nan,0.12681140432987448,False,False,True,isaaclab.ContactSensor.net_forces_w,wheel_geometry_approximation
1.1333333333333317,rear_right_wheel,ground_or_obstacle,True,"[-0.30601057410240173, -0.32321682572364807, -0.00038699731230736056]","[1.3435885528302483e-07, 0.0, 0.9999999999999909]",8.158048629760742,0.0,8.158048629760817,1.05,nan,0.1025231402112561,False,False,True,isaaclab.ContactSensor.net_forces_w,wheel_geometry_approximation
1.1583333333333317,front_left_wheel,ground_or_obstacle,True,"[0.25223368406295776, 0.07951460778713226, -0.0005501836538314847]","[1.3435883536634114e-07, 0.0, 0.999999999999991]",8.291666030883789,0.0,8.291666030883864,1.05,nan,0.1649571579439833,False,False,True,isaaclab.ContactSensor.net_forces_w,wheel_geometry_approximation
1.1583333333333317,front_right_wheel,ground_or_obstacle,True,"[0.25586241483688354, -0.31877678632736206, -0.0004112228751182584]","[1.3435883168567313e-07, 0.0, 0.999999999999991]",6.056468486785889,0.0,6.056468486785943,1.05,nan,0.1807741558545701,False,False,True,isaaclab.ContactSensor.net_forces_w,wheel_geometry_approximation
1.1583333333333317,rear_left_wheel,ground_or_obstacle,True,"[-0.30256497859954834, 0.07309548556804657, -0.00039564371109009067]","[1.343588306778521e-07, 0.0, 0.999999999999991]",6.093596458435059,0.0,6.093596458435114,1.05,nan,0.13621588257238304,False,False,True,isaaclab.ContactSensor.net_forces_w,wheel_geometry_approximation
1.1583333333333317,rear_right_wheel,ground_or_obstacle,True,"[-0.30529800057411194, -0.3232140839099884, -0.00048190653324127475]","[1.34358847492889e-07, 0.0, 0.999999999999991]",8.30493450164795,0.0,8.304934501648024,1.05,nan,0.10826824317950486,False,False,True,isaaclab.ContactSensor.net_forces_w,wheel_geometry_approximation
1.1833333333333316,front_left_wheel,ground_or_obstacle,True,"[0.252948135137558, 0.07951458543539047, -0.0004474736750125913]","[1.3435883945679644e-07, 0.0, 0.999999999999991]",8.316645622253418,0.0,8.316645622253493,1.05,nan,0.17110026984143709,False,False,True,isaaclab.ContactSensor.net_forces_w,wheel_geometry_approximation
1.1833333333333316,front_right_wheel,ground_or_obstacle,True,"[0.2565847635269165, -0.3187767267227173, -0.00032034069299698154]","[1.3435883649298295e-07, 0.0, 0.999999999999991]",6.056980609893799,0.0,6.056980609893853,1.05,nan,0.1859324125744456,False,False,True,isaaclab.ContactSensor.net_forces_w,wheel_geometry_approximation
1.1833333333333316,rear_left_wheel,ground_or_obstacle,True,"[-0.3018452525138855, 0.07309597730636597, -0.000492933392524722]","[1.3435884187747687e-07, 0.0, 0.999999999999991]",6.061912536621094,0.0,6.061912536621148,1.05,nan,0.1432863534006595,False,False,True,isaaclab.ContactSensor.net_forces_w,wheel_geometry_approximation
1.1833333333333316,rear_right_wheel,ground_or_obstacle,True,"[-0.3045753538608551, -0.3232135772705078, -0.000588397681713107]","[1.3435885127362394e-07, 0.0, 0.999999999999991]",8.312016487121582,0.0,8.312016487121657,1.05,nan,0.12077569636202946,False,False,True,isaaclab.ContactSensor.net_forces_w,wheel_geometry_approximation
1.2083333333333315,front_left_wheel,ground_or_obstacle,True,"[0.2536690831184387, 0.07951562106609344, -0.00035574957728386203]","[1.3435884276851667e-07, 0.0, 0.999999999999991]",8.122244834899902,0.0,8.122244834899975,1.05,nan,0.1429968562616515,False,False,True,isaaclab.ContactSensor.net_forces_w,wheel_geometry_approximation
1.2083333333333315,front_right_wheel,ground_or_obstacle,True,"[0.2573183476924896, -0.31877565383911133, -0.00024082064628601352]","[1.3435884171686264e-07, 0.0, 0.9999999999999909]",6.23272180557251,0.0,6.232721805572567,1.05,nan,0.1483677831154263,False,False,True,isaaclab.ContactSensor.net_forces_w,wheel_geometry_approximation
1.2083333333333315,rear_left_wheel,ground_or_obstacle,True,"[-0.3011237680912018, 0.07309672236442566, -0.0006013952195644406]","[1.3435883541687396e-07, 0.0, 0.999999999999991]",6.23854398727417,0.0,6.238543987274226,1.05,nan,0.10910768163650589,False,False,True,isaaclab.ContactSensor.net_forces_w,wheel_geometry_approximation
1.2083333333333315,rear_right_wheel,ground_or_obstacle,True,"[-0.3038455545902252, -0.32321280241012573, -0.0007069475948810605]","[1.343588461937636e-07, 0.0, 0.999999999999991]",8.125222206115723,0.0,8.125222206115795,1.05,nan,0.08321414796057154,False,False,True,isaaclab.ContactSensor.net_forces_w,wheel_geometry_approximation
1.2333333333333314,front_left_wheel,ground_or_obstacle,True,"[0.254396915435791, 0.07951690256595612, -0.00027221366763115207]","[1.343588389133814e-07, 0.0, 0.999999999999991]",8.4840669631958,0.0,8.484066963195877,1.05,nan,0.17412418938254484,False,False,True,isaaclab.ContactSensor.net_forces_w,wheel_geometry_approximation
1.2333333333333314,front_right_wheel,ground_or_obstacle,True,"[0.2580617666244507, -0.31877437233924866, -0.0001712396740913419]","[1.3435882673316114e-07, 0.0, 0.9999999999999909]",5.971510410308838,0.0,5.971510410308892,1.05,nan,0.18832337760551693,False,False,True,isaaclab.ContactSensor.net_forces_w,wheel_geometry_approximation
1.2333333333333314,rear_left_wheel,ground_or_obstacle,True,"[-0.3003963828086853, 0.07309820502996445, -0.0007237300276756314]","[1.3435883884014502e-07, 0.0, 0.999999999999991]",5.909658908843994,0.0,5.909658908844047,1.05,nan,0.15037575917229873,False,False,True,isaaclab.ContactSensor.net_forces_w,wheel_geometry_approximation
1.2333333333333314,rear_right_wheel,ground_or_obstacle,True,"[-0.303108811378479, -0.32321134209632874, -0.0008393704891204862]","[1.3435883699636653e-07, 0.0, 0.9999999999999909]",8.375885963439941,0.0,8.375885963440018,1.05,nan,0.1276091726415753,False,False,True,isaaclab.ContactSensor.net_forces_w,wheel_geometry_approximation
1.2583333333333313,front_left_wheel,ground_or_obstacle,True,"[0.2551320195198059, 0.07951879501342773, -0.00020085200667381564]","[1.343588467946067e-07, 0.0, 0.999999999999991]",8.100029945373535,0.0,8.100029945373608,1.05,nan,0.12472185973337223,False,False,True,isaaclab.ContactSensor.net_forces_w,wheel_geometry_approximation
1.2583333333333313,front_right_wheel,ground_or_obstacle,True,"[0.2588130831718445, -0.3187723755836487, -0.00011311396956444064]","[1.3435883237268218e-07, 0.0, 0.999999999999991]",6.252323150634766,0.0,6.252323150634822,1.05,nan,0.14820702877336767,False,False,True,isaaclab.ContactSensor.net_forces_w,wheel_geometry_approximation
1.2583333333333313,rear_left_wheel,ground_or_obstacle,True,"[-0.2996605336666107, 0.07309886813163757, -0.0008570507168769864]","[1.3435883375489789e-07, 0.0, 0.999999999999991]",6.022004127502441,0.0,6.022004127502496,1.05,nan,0.2859226635798665,False,False,True,isaaclab.ContactSensor.net_forces_w,wheel_geometry_approximation
1.2583333333333313,rear_right_wheel,ground_or_obstacle,True,"[-0.3023626506328583, -0.32321062684059143, -0.000983505696058276]","[1.3435883490403805e-07, 0.0, 0.999999999999991]",8.293054580688477,0.0,8.293054580688551,1.05,nan,0.07616389334297385,False,False,True,isaaclab.ContactSensor.net_forces_w,wheel_geometry_approximation
1.2833333333333312,front_left_wheel,ground_or_obstacle,True,"[0.2558605670928955, 0.07952231168746948, -0.00013741776347160617]","[1.3435883763828846e-07, 0.0, 0.9999999999999909]",9.174208641052246,0.0,9.17420864105233,1.05,nan,0.2614529911614347,False,False,True,isaaclab.ContactSensor.net_forces_w,wheel_geometry_approximation
1.2833333333333312,front_right_wheel,ground_or_obstacle,True,"[0.25956103205680847, -0.3187688887119293, -6.608590483665744e-05]","[1.3435883921693855e-07, 0.0, 0.9999999999999909]",5.08630895614624,0.0,5.086308956146286,1.05,nan,0.26245264669725576,False,False,True,isaaclab.ContactSensor.net_forces_w,wheel_geometry_approximation
1.2833333333333312,rear_left_wheel,ground_or_obstacle,True,"[-0.29892510175704956, 0.0731041207909584, -0.0009984105825424222]","[1.3435884609208976e-07, 0.0, 0.999999999999991]",5.218753814697266,0.0,5.218753814697313,1.05,nan,0.2433941026637419,False,False,True,isaaclab.ContactSensor.net_forces_w,wheel_geometry_approximation
1.2833333333333312,rear_right_wheel,ground_or_obstacle,True,"[-0.3016641438007355, -0.32320544123649597, -0.0010536268353462247]","[1.3435884491798123e-07, 0.0, 0.999999999999991]",9.499755859375,0.0,9.499755859375085,1.05,nan,0.13816562145170244,False,False,True,isaaclab.ContactSensor.net_forces_w,wheel_geometry_approximation
1.3083333333333311,front_left_wheel,ground_or_obstacle,True,"[0.25655990839004517, 0.07952921092510223, -8.914917707443515e-05]","[1.343588405290294e-07, 0.0, 0.999999999999991]",8.689173698425293,0.0,8.689173698425371,1.05,nan,0.14017975271313207,False,False,True,isaaclab.ContactSensor.net_forces_w,wheel_geometry_approximation
1.3083333333333311,front_right_wheel,ground_or_obstacle,True,"[0.2602749764919281, -0.3187618553638458, -3.455877304077426e-05]","[1.3435884603161316e-07, 0.0, 0.999999999999991]",5.303998947143555,0.0,5.303998947143603,1.05,nan,0.1349967540098961,False,False,True,isaaclab.ContactSensor.net_forces_w,wheel_geometry_approximation
1.3083333333333311,rear_left_wheel,ground_or_obstacle,True,"[-0.2982516586780548, 0.07311024516820908, -0.001047733426094058]","[1.3435884125876298e-07, 0.0, 0.999999999999991]",5.694599628448486,0.0,5.694599628448538,1.05,nan,0.17458477824169882,False,False,True,isaaclab.ContactSensor.net_forces_w,wheel_geometry_approximation
1.3083333333333311,rear_right_wheel,ground_or_obstacle,True,"[-0.30108195543289185, -0.32319971919059753, -0.0009341418743133573]","[1.3435884404477451e-07, 0.0, 0.999999999999991]",9.045018196105957,0.0,9.045018196106039,1.05,nan,0.05269940458238083,False,False,True,isaaclab.ContactSensor.net_forces_w,wheel_geometry_approximation
1.333333333333331,front_left_wheel,ground_or_obstacle,True,"[0.257263720035553, 0.07953059673309326, -5.189627408981601e-05]","[1.3435884956030647e-07, 0.0, 0.9999999999999909]",8.790176391601562,0.0,8.790176391601642,1.05,nan,0.10566176708932623,False,False,True,isaaclab.ContactSensor.net_forces_w,wheel_geometry_approximation
1.333333333333331,front_right_wheel,ground_or_obstacle,True,"[0.2609928548336029, -0.3187604546546936, -1.0064989328387175e-05]","[1.3435883667345579e-07, 0.0, 0.999999999999991]",5.311607837677002,0.0,5.31160783767705,1.05,nan,0.03398688197362288,False,False,True,isaaclab.ContactSensor.net_forces_w,wheel_geometry_approximation
1.333333333333331,rear_left_wheel,ground_or_obstacle,True,"[-0.297622412443161, 0.07311031967401505, -0.0009216398000717191]","[1.3435884495775978e-07, 0.0, 0.999999999999991]",5.655039310455322,0.0,5.655039310455373,1.05,nan,0.13162818564272347,False,False,True,isaaclab.ContactSensor.net_forces_w,wheel_geometry_approximation
1.333333333333331,rear_right_wheel,ground_or_obstacle,True,"[-0.30048027634620667, -0.3231997489929199, -0.0008188329637050656]","[1.3435884785672549e-07, 0.0, 0.999999999999991]",9.047282218933105,0.0,9.047282218933187,1.05,nan,0.011438257439845067,False,False,True,isaaclab.ContactSensor.net_forces_w,wheel_geometry_approximation
1.358333333333331,front_left_wheel,ground_or_obstacle,True,"[0.2579798996448517, 0.07953087985515594, -2.6571750640871916e-05]","[1.3435883676710436e-07, 0.0, 0.9999999999999911]",8.56137752532959,0.0,8.561377525329666,1.05,nan,0.5662333895320264,False,False,True,isaaclab.ContactSensor.net_forces_w,wheel_geometry_approximation
1.358333333333331,front_right_wheel,ground_or_obstacle,True,"[0.2617231607437134, -0.31876009702682495, 3.681331872937288e-06]","[1.3435884205683395e-07, 0.0, 0.999999999999991]",5.414444923400879,0.0,5.414444923400928,1.05,nan,0.027818300504840698,False,False,True,isaaclab.ContactSensor.net_forces_w,wheel_geometry_approximation
1.358333333333331,rear_left_wheel,ground_or_obstacle,True,"[-0.2969749867916107, 0.07311255484819412, -0.0008002810180187253]","[1.3435883965292785e-07, 0.0, 0.999999999999991]",5.7541656494140625,0.0,5.754165649414114,1.05,nan,0.07858433518829039,False,False,True,isaaclab.ContactSensor.net_forces_w,wheel_geometry_approximation
1.358333333333331,rear_right_wheel,ground_or_obstacle,True,"[-0.2998596429824829, -0.3231974244117737, -0.0007065266370773343]","[1.343588530800786e-07, 0.0, 0.9999999999999909]",8.939825057983398,0.0,8.93982505798348,1.05,nan,0.03012755022744458,False,False,True,isaaclab.ContactSensor.net_forces_w,wheel_geometry_approximation
1.3833333333333309,front_left_wheel,ground_or_obstacle,True,"[0.2587064504623413, 0.07953231036663055, -1.0225176811221037e-05]","[1.3435884296812536e-07, 0.0, 0.999999999999991]",8.644349098205566,0.0,8.644349098205645,1.05,nan,0.16417139007078294,False,False,True,isaaclab.ContactSensor.net_forces_w,wheel_geometry_approximation
1.3833333333333309,front_right_wheel,ground_or_obstacle,True,"[0.2624708116054535, -0.31875869631767273, 9.05692577361783e-06]","[1.3435885059742354e-07, 0.0, 0.999999999999991]",5.4584245681762695,0.0,5.458424568176318,1.05,nan,0.09057215343305212,False,False,True,isaaclab.ContactSensor.net_forces_w,wheel_geometry_approximation
1.3833333333333309,rear_left_wheel,ground_or_obstacle,True,"[-0.29631680250167847, 0.07311318814754486, -0.0006856650114059476]","[1.3435883253526692e-07, 0.0, 0.9999999999999909]",5.786084175109863,0.0,5.786084175109916,1.05,nan,0.11682350499547883,False,False,True,isaaclab.ContactSensor.net_forces_w,wheel_geometry_approximation
1.3833333333333309,rear_right_wheel,ground_or_obstacle,True,"[-0.29922181367874146, -0.32319703698158264, -0.0006013952195644406]","[1.3435884223909871e-07, 0.0, 0.999999999999991]",8.843356132507324,0.0,8.843356132507404,1.05,nan,0.005143277567262674,False,False,True,isaaclab.ContactSensor.net_forces_w,wheel_geometry_approximation
1.4083333333333308,front_left_wheel,ground_or_obstacle,True,"[0.25943177938461304, 0.07953330874443054, -7.814913988116179e-06]","[1.343588351605988e-07, 0.0, 0.999999999999991]",8.875418663024902,0.0,8.875418663024982,1.05,nan,0.03639171966225347,False,False,True,isaaclab.ContactSensor.net_forces_w,wheel_geometry_approximation
1.4083333333333308,front_right_wheel,ground_or_obstacle,True,"[0.2632158398628235, -0.318757563829422, 3.39746475216951e-07]","[1.3435884980399587e-07, 0.0, 0.999999999999991]",5.327088356018066,0.0,5.327088356018114,1.05,nan,0.3243306954042368,False,False,True,isaaclab.ContactSensor.net_forces_w,wheel_geometry_approximation
1.4083333333333308,rear_left_wheel,ground_or_obstacle,True,"[-0.29565364122390747, 0.07311408221721649, -0.0005797363817691831]","[1.3435883440538883e-07, 0.0, 0.999999999999991]",5.639374256134033,0.0,5.639374256134084,1.05,nan,0.11560612413741855,False,False,True,isaaclab.ContactSensor.net_forces_w,wheel_geometry_approximation
1.4083333333333308,rear_right_wheel,ground_or_obstacle,True,"[-0.2985784411430359, -0.3231961727142334, -0.000502328574657443]","[1.3435884353141813e-07, 0.0, 0.9999999999999911]",8.971806526184082,0.0,8.971806526184162,1.05,nan,0.005059809312953283,False,False,True,isaaclab.ContactSensor.net_forces_w,wheel_geometry_approximation
1.4333333333333307,front_left_wheel,ground_or_obstacle,True,"[0.26016688346862793, 0.07953500747680664, -1.8253177404406462e-05]","[1.343588487625882e-07, 0.0, 0.999999999999991]",8.667946815490723,0.0,8.6679468154908,1.05,nan,0.13396199202434006,False,False,True,isaaclab.ContactSensor.net_forces_w,wheel_geometry_approximation
1.4333333333333307,front_right_wheel,ground_or_obstacle,True,"[0.2639627158641815, -0.3187558650970459, -2.115145325660983e-05]","[1.3435884797817445e-07, 0.0, 0.999999999999991]",5.5241594314575195,0.0,5.524159431457569,1.05,nan,0.001867921870142519,False,False,True,isaaclab.ContactSensor.net_forces_w,wheel_geometry_approximation
1.4333333333333307,rear_left_wheel,ground_or_obstacle,True,"[-0.29497355222702026, 0.07311582565307617, -0.0004799917340278653]","[1.3435883030471943e-07, 0.0, 0.9999999999999909]",5.733127117156982,0.0,5.733127117157035,1.05,nan,0.0872585009232209,False,False,True,isaaclab.ContactSensor.net_forces_w,wheel_geometry_approximation
1.4333333333333307,rear_right_wheel,ground_or_obstacle,True,"[-0.29791855812072754, -0.3231945037841797, -0.0004092261195182828]","[1.3435884439685353e-07, 0.0, 0.9999999999999909]",8.82274055480957,0.0,8.82274055480965,1.05,nan,0.010473489841568939,False,False,True,isaaclab.ContactSensor.net_forces_w,wheel_geometry_approximation
1.4583333333333306,front_left_wheel,ground_or_obstacle,True,"[0.2609032690525055, 0.07953624427318573, -4.015043377876559e-05]","[1.343588353297811e-07, 0.0, 0.999999999999991]",8.739245414733887,0.0,8.739245414733965,1.05,nan,0.043659599862513734,False,False,True,isaaclab.ContactSensor.net_forces_w,wheel_geometry_approximation
1.4583333333333306,front_right_wheel,ground_or_obstacle,True,"[0.2647121846675873, -0.31875452399253845, -5.2436441183092986e-05]","[1.343588370134698e-07, 0.0, 0.9999999999999909]",5.487043380737305,0.0,5.487043380737354,1.05,nan,0.013216329022419282,False,False,True,isaaclab.ContactSensor.net_forces_w,wheel_geometry_approximation
1.4583333333333306,rear_left_wheel,ground_or_obstacle,True,"[-0.2942903935909271, 0.0731147974729538, -0.00039027556777000705]","[1.3435883860095996e-07, 0.0, 0.999999999999991]",5.623230934143066,0.0,5.623230934143117,1.05,nan,0.07740918219550393,False,False,True,isaaclab.ContactSensor.net_forces_w,wheel_geometry_approximation
1.4583333333333306,rear_right_wheel,ground_or_obstacle,True,"[-0.29725348949432373, -0.32319557666778564, -0.0003252170979976682]","[1.3435885297319722e-07, 0.0, 0.999999999999991]",8.882619857788086,0.0,8.882619857788166,1.05,nan,0.021589758458975535,False,False,True,isaaclab.ContactSensor.net_forces_w,wheel_geometry_approximation
1.4833333333333305,front_left_wheel,ground_or_obstacle,True,"[0.26166319847106934, 0.07953822612762451, -7.565990090370456e-05]","[1.3435883671503915e-07, 0.0, 0.9999999999999909]",8.781133651733398,0.0,8.781133651733478,1.05,nan,0.007199605423176133,False,False,True,isaaclab.ContactSensor.net_forces_w,wheel_geometry_approximation
1.4833333333333305,front_right_wheel,ground_or_obstacle,True,"[0.26547256112098694, -0.31875258684158325, -9.639859199524203e-05]","[1.3435884565828834e-07, 0.0, 0.9999999999999909]",5.493917942047119,0.0,5.493917942047169,1.05,nan,0.027910489412232772,False,False,True,isaaclab.ContactSensor.net_forces_w,wheel_geometry_approximation
1.4833333333333305,rear_left_wheel,ground_or_obstacle,True,"[-0.2935943007469177, 0.07311598211526871, -0.00030853524804115573]","[1.3435885583304226e-07, 0.0, 0.999999999999991]",5.595552444458008,0.0,5.595552444458058,1.05,nan,0.06663666711193283,False,False,True,isaaclab.ContactSensor.net_forces_w,wheel_geometry_approximation
1.4833333333333305,rear_right_wheel,ground_or_obstacle,True,"[-0.2965688407421112, -0.3231944441795349, -0.0002498619258403806]","[1.343588526854929e-07, 0.0, 0.999999999999991]",8.867183685302734,0.0,8.867183685302814,1.05,nan,0.02221556136846178,False,False,True,isaaclab.ContactSensor.net_forces_w,wheel_geometry_approximation
1.5083333333333304,front_left_wheel,ground_or_obstacle,True,"[0.2624260485172272, 0.079543337225914, -0.00012202858924866]","[1.343588401946715e-07, 0.0, 0.999999999999991]",8.130395889282227,0.0,8.1303958892823,1.05,nan,0.07457356559263112,False,False,True,isaaclab.ContactSensor.net_forces_w,wheel_geometry_approximation
1.5083333333333304,front_right_wheel,ground_or_obstacle,True,"[0.2662220597267151, -0.31874755024909973, -0.00010231062769890109]","[1.3435883850799585e-07, 0.0, 0.9999999999999909]",6.137801170349121,0.0,6.137801170349177,1.05,nan,0.10269280550672205,False,False,True,isaaclab.ContactSensor.net_forces_w,wheel_geometry_approximation
1.5083333333333304,rear_left_wheel,ground_or_obstacle,True,"[-0.2928944528102875, 0.07312123477458954, -0.0002352848649024991]","[1.343588381140737e-07, 0.0, 0.999999999999991]",6.050447463989258,0.0,6.050447463989312,1.05,nan,0.09892890287174087,False,False,True,isaaclab.ContactSensor.net_forces_w,wheel_geometry_approximation
1.5083333333333304,rear_right_wheel,ground_or_obstacle,True,"[-0.2958754897117615, -0.3231891989707947, -0.00018328353762626926]","[1.3435884002722398e-07, 0.0, 0.999999999999991]",8.478250503540039,0.0,8.478250503540115,1.05,nan,0.04020083257580648,False,False,True,isaaclab.ContactSensor.net_forces_w,wheel_geometry_approximation
1.5333333333333303,front_left_wheel,ground_or_obstacle,True,"[0.26317963004112244, 0.07955265045166016, -0.00017917454242706576]","[1.3435884481595378e-07, 0.0, 0.999999999999991]",7.894964694976807,0.0,7.894964694976878,1.05,nan,0.17229039843711166,False,False,True,isaaclab.ContactSensor.net_forces_w,wheel_geometry_approximation
1.5333333333333303,front_right_wheel,ground_or_obstacle,True,"[0.26695162057876587, -0.31873831152915955, -6.0531497001650725e-05]","[1.343588349142052e-07, 0.0, 0.999999999999991]",6.341912269592285,0.0,6.341912269592342,1.05,nan,0.0315057333541404,False,False,True,isaaclab.ContactSensor.net_forces_w,wheel_geometry_approximation
1.5333333333333303,rear_left_wheel,ground_or_obstacle,True,"[-0.2922070026397705, 0.07312928140163422, -0.00017125457525253573]","[1.3435884015947232e-07, 0.0, 0.999999999999991]",6.242286682128906,0.0,6.242286682128962,1.05,nan,0.08684003747032144,False,False,True,isaaclab.ContactSensor.net_forces_w,wheel_geometry_approximation
1.5333333333333303,rear_right_wheel,ground_or_obstacle,True,"[-0.2951849699020386, -0.32318106293678284, -0.00012957230210304538]","[1.3435885842144818e-07, 0.0, 0.999999999999991]",8.273905754089355,0.0,8.27390575408943,1.05,nan,0.049983047218214775,False,False,True,isaaclab.ContactSensor.net_forces_w,wheel_geometry_approximation
1.5583333333333302,front_left_wheel,ground_or_obstacle,True,"[0.2639470398426056, 0.0795629471540451, -0.00024894550442695895]","[1.343588333832313e-07, 0.0, 0.999999999999991]",7.690103054046631,0.0,7.6901030540467,1.05,nan,0.02445376159843903,False,False,True,isaaclab.ContactSensor.net_forces_w,wheel_geometry_approximation
1.5583333333333302,front_right_wheel,ground_or_obstacle,True,"[0.2676926255226135, -0.31872808933258057, -2.9239058494570647e-05]","[1.3435884558696502e-07, 0.0, 0.9999999999999909]",6.545424461364746,0.0,6.545424461364806,1.05,nan,0.017494638417384734,False,False,True,isaaclab.ContactSensor.net_forces_w,wheel_geometry_approximation
1.5583333333333302,rear_left_wheel,ground_or_obstacle,True,"[-0.2915080487728119, 0.07313834130764008, -0.00011596754193306247]","[1.3435883673207039e-07, 0.0, 0.999999999999991]",6.386892318725586,0.0,6.386892318725644,1.05,nan,0.05684864243268217,False,False,True,isaaclab.ContactSensor.net_forces_w,wheel_geometry_approximation
1.5583333333333302,rear_right_wheel,ground_or_obstacle,True,"[-0.2944764494895935, -0.323172003030777, -8.461177349090854e-05]","[1.3435884202494623e-07, 0.0, 0.999999999999991]",8.076213836669922,0.0,8.076213836669995,1.05,nan,0.023654235396185913,False,False,True,isaaclab.ContactSensor.net_forces_w,wheel_geometry_approximation
1.5833333333333302,front_left_wheel,ground_or_obstacle,True,"[0.2647215723991394, 0.07957392930984497, -0.00033228397369385043]","[1.3435884321237946e-07, 0.0, 0.999999999999991]",7.471966743469238,0.0,7.471966743469306,1.05,nan,0.14031710246971543,False,False,True,isaaclab.ContactSensor.net_forces_w,wheel_geometry_approximation
1.5833333333333302,front_right_wheel,ground_or_obstacle,True,"[0.26844364404678345, -0.31871700286865234, -9.249150753024016e-06]","[1.3435883929353005e-07, 0.0, 0.999999999999991]",6.8751325607299805,0.0,6.875132560730043,1.05,nan,0.019319342011728424,False,False,True,isaaclab.ContactSensor.net_forces_w,wheel_geometry_approximation
1.5833333333333302,rear_left_wheel,ground_or_obstacle,True,"[-0.29080042243003845, 0.07314895838499069, -6.93865120410947e-05]","[1.343588364660416e-07, 0.0, 0.999999999999991]",6.646245002746582,0.0,6.6462450027466415,1.05,nan,0.06373509332575486,False,False,True,isaaclab.ContactSensor.net_forces_w,wheel_geometry_approximation
1.5833333333333302,rear_right_wheel,ground_or_obstacle,True,"[-0.2937560975551605, -0.3231613337993622, -4.966109991073886e-05]","[1.343588549047784e-07, 0.0, 0.999999999999991]",7.746359348297119,0.0,7.746359348297188,1.05,nan,0.04990808820790368,False,False,True,isaaclab.ContactSensor.net_forces_w,wheel_geometry_approximation
1.60833333333333,front_left_wheel,ground_or_obstacle,True,"[0.26550254225730896, 0.07958485186100006, -0.00042886212468147555]","[1.3435883724029426e-07, 0.0, 0.999999999999991]",7.2401204109191895,0.0,7.240120410919254,1.05,nan,0.02411450842179837,False,False,True,isaaclab.ContactSensor.net_forces_w,wheel_geometry_approximation
1.60833333333333,front_right_wheel,ground_or_obstacle,True,"[0.2692008912563324, -0.31870612502098083, -5.096197128323654e-07]","[1.3435883179761423e-07, 0.0, 0.999999999999991]",7.11801290512085,0.0,7.118012905120914,1.05,nan,0.02213808021866997,False,False,True,isaaclab.ContactSensor.net_forces_w,wheel_geometry_approximation
1.60833333333333,rear_left_wheel,ground_or_obstacle,True,"[-0.2900882065296173, 0.07315875589847565, -3.341510891914645e-05]","[1.3435883062388046e-07, 0.0, 0.999999999999991]",6.87216854095459,0.0,6.872168540954652,1.05,nan,0.06002057259547038,False,False,True,isaaclab.ContactSensor.net_forces_w,wheel_geometry_approximation
1.60833333333333,rear_right_wheel,ground_or_obstacle,True,"[-0.2930265963077545, -0.32315143942832947, -2.5130063295367155e-05]","[1.3435883391968632e-07, 0.0, 0.999999999999991]",7.512066841125488,0.0,7.512066841125556,1.05,nan,0.04108106212956133,False,False,True,isaaclab.ContactSensor.net_forces_w,wheel_geometry_approximation
1.63333333333333,front_left_wheel,ground_or_obstacle,True,"[0.2662923336029053, 0.07959597557783127, -0.0005393244326114682]","[1.3435883484184196e-07, 0.0, 0.999999999999991]",7.027614593505859,0.0,7.027614593505922,1.05,nan,0.01771900156594383,False,False,True,isaaclab.ContactSensor.net_forces_w,wheel_geometry_approximation
1.63333333333333,front_right_wheel,ground_or_obstacle,True,"[0.2699708044528961, -0.3186950087547302, -3.4414231777218918e-06]","[1.3435884957007485e-07, 0.0, 0.999999999999991]",7.368940830230713,0.0,7.3689408302307795,1.05,nan,0.03482240604300241,False,False,True,isaaclab.ContactSensor.net_forces_w,wheel_geometry_approximation
1.63333333333333,rear_left_wheel,ground_or_obstacle,True,"[-0.28936702013015747, 0.07316859811544418, -7.580220699313078e-06]","[1.343588425995796e-07, 0.0, 0.999999999999991]",7.074880599975586,0.0,7.07488059997565,1.05,nan,0.05464295493720619,False,False,True,isaaclab.ContactSensor.net_forces_w,wheel_geometry_approximation
1.63333333333333,rear_right_wheel,ground_or_obstacle,True,"[-0.2922825515270233, -0.3231416344642639, -1.1350214481356535e-05]","[1.343588461928705e-07, 0.0, 0.9999999999999909]",7.2613420486450195,0.0,7.261342048645085,1.05,nan,0.057195990439064606,False,False,True,isaaclab.ContactSensor.net_forces_w,wheel_geometry_approximation
1.6583333333333299,front_left_wheel,ground_or_obstacle,True,"[0.26708537340164185, 0.07960714399814606, -0.0006631344556808499]","[1.3435884188914062e-07, 0.0, 0.999999999999991]",6.823741912841797,0.0,6.823741912841858,1.05,nan,0.01029563219257776,False,False,True,isaaclab.ContactSensor.net_forces_w,wheel_geometry_approximation
1.6583333333333299,front_right_wheel,ground_or_obstacle,True,"[0.2707463204860687, -0.3186837434768677, -1.8838047981264983e-05]","[1.3435884697508883e-07, 0.0, 0.999999999999991]",7.612276554107666,0.0,7.612276554107734,1.05,nan,0.03928196570316685,False,False,True,isaaclab.ContactSensor.net_forces_w,wheel_geometry_approximation
1.6583333333333299,rear_left_wheel,ground_or_obstacle,True,"[-0.28864172101020813, 0.0731784850358963, 7.712095975873079e-06]","[1.3435885415266177e-07, 0.0, 0.999999999999991]",7.296206951141357,0.0,7.296206951141423,1.05,nan,0.0630869756532948,False,False,True,isaaclab.ContactSensor.net_forces_w,wheel_geometry_approximation
1.6583333333333299,rear_right_wheel,ground_or_obstacle,True,"[-0.29153144359588623, -0.3231316804885864, -9.252876043322478e-06]","[1.343588334767674e-07, 0.0, 0.999999999999991]",7.003995418548584,0.0,7.003995418548647,1.05,nan,0.06425066077834893,False,False,True,isaaclab.ContactSensor.net_forces_w,wheel_geometry_approximation
1.6833333333333298,front_left_wheel,ground_or_obstacle,True,"[0.26788586378097534, 0.07961810380220413, -0.0008011341094970731]","[1.3435883720713265e-07, 0.0, 0.999999999999991]",6.556515693664551,0.0,6.556515693664609,1.05,nan,0.0031040676395302554,False,False,True,isaaclab.ContactSensor.net_forces_w,wheel_geometry_approximation
1.6833333333333298,front_right_wheel,ground_or_obstacle,True,"[0.27153176069259644, -0.31867265701293945, -4.6498328447344695e-05]","[1.3435884143777738e-07, 0.0, 0.999999999999991]",7.914323806762695,0.0,7.914323806762766,1.05,nan,0.04866826667373874,False,False,True,isaaclab.ContactSensor.net_forces_w,wheel_geometry_approximation
1.6833333333333298,rear_left_wheel,ground_or_obstacle,True,"[-0.2879076302051544, 0.07318859547376633, 1.1951476335522737e-05]","[1.3435883221164878e-07, 0.0, 0.9999999999999909]",7.542298793792725,0.0,7.542298793792793,1.05,nan,0.059841347461862295,False,False,True,isaaclab.ContactSensor.net_forces_w,wheel_geometry_approximation
1.6833333333333298,rear_right_wheel,ground_or_obstacle,True,"[-0.2907694876194, -0.3231215476989746, -1.881197094917575e-05]","[1.3435883369899178e-07, 0.0, 0.999999999999991]",6.725645542144775,0.0,6.725645542144836,1.05,nan,0.07321945323315816,False,False,True,isaaclab.ContactSensor.net_forces_w,wheel_geometry_approximation
1.7083333333333297,front_left_wheel,ground_or_obstacle,True,"[0.2686900794506073, 0.07962872087955475, -0.0009531147778034238]","[1.343588387706783e-07, 0.0, 0.999999999999991]",6.340154647827148,0.0,6.340154647827205,1.05,nan,0.005654175683867044,False,False,True,isaaclab.ContactSensor.net_forces_w,wheel_geometry_approximation
1.7083333333333297,front_right_wheel,ground_or_obstacle,True,"[0.2723253667354584, -0.31866195797920227, -8.716732263565341e-05]","[1.3435884149647573e-07, 0.0, 0.9999999999999909]",8.175893783569336,0.0,8.17589378356941,1.05,nan,0.06723819233602531,False,False,True,isaaclab.ContactSensor.net_forces_w,wheel_geometry_approximation
1.7083333333333297,rear_left_wheel,ground_or_obstacle,True,"[-0.2871697247028351, 0.07319828867912292, 5.014985799786653e-06]","[1.3435884328866126e-07, 0.0, 0.9999999999999909]",7.7518134117126465,0.0,7.751813411712717,1.05,nan,0.18693352917266584,False,False,True,isaaclab.ContactSensor.net_forces_w,wheel_geometry_approximation
1.7083333333333297,rear_right_wheel,ground_or_obstacle,True,"[-0.290000319480896, -0.3231118619441986, -4.007220268249789e-05]","[1.3435883658646992e-07, 0.0, 0.999999999999991]",6.525665760040283,0.0,6.525665760040342,1.05,nan,0.08171871149180089,False,False,True,isaaclab.ContactSensor.net_forces_w,wheel_geometry_approximation
1.7333333333333296,front_left_wheel,ground_or_obstacle,True,"[0.26946234703063965, 0.07963348180055618, -0.0010368369519710569]","[1.3435884209667108e-07, 0.0, 0.999999999999991]",7.687573432922363,0.0,7.687573432922433,1.05,nan,0.16461703233315478,False,False,True,isaaclab.ContactSensor.net_forces_w,wheel_geometry_approximation
1.7333333333333296,front_right_wheel,ground_or_obstacle,True,"[0.273112416267395, -0.3186570703983307, -0.0001391761004924802]","[1.3435883633067158e-07, 0.0, 0.999999999999991]",6.691589832305908,0.0,6.691589832305969,1.05,nan,0.1733508918395859,False,False,True,isaaclab.ContactSensor.net_forces_w,wheel_geometry_approximation
1.7333333333333296,rear_left_wheel,ground_or_obstacle,True,"[-0.2864341735839844, 0.07320282608270645, -1.365616917610446e-05]","[1.3435884810902407e-07, 0.0, 0.9999999999999909]",6.658348083496094,0.0,6.658348083496154,1.05,nan,0.2316441968340555,False,False,True,isaaclab.ContactSensor.net_forces_w,wheel_geometry_approximation
1.7333333333333296,rear_right_wheel,ground_or_obstacle,True,"[-0.28922927379608154, -0.32310721278190613, -7.454976439476291e-05]","[1.3435883192633894e-07, 0.0, 0.999999999999991]",7.80483341217041,0.0,7.80483341217048,1.05,nan,0.20271794560576845,False,False,True,isaaclab.ContactSensor.net_forces_w,wheel_geometry_approximation
1.7583333333333295,front_left_wheel,ground_or_obstacle,True,"[0.27013859152793884, 0.0796191468834877, -0.0009072601795196561]","[1.3435883941977517e-07, 0.0, 0.999999999999991]",7.79541540145874,0.0,7.79541540145881,1.05,nan,0.06526439842450253,False,False,True,isaaclab.ContactSensor.net_forces_w,wheel_geometry_approximation
1.7583333333333295,front_right_wheel,ground_or_obstacle,True,"[0.27385860681533813, -0.31867149472236633, -0.0001994661986827878]","[1.3435884295021302e-07, 0.0, 0.9999999999999909]",6.445745944976807,0.0,6.445745944976865,1.05,nan,0.06534693669024169,False,False,True,isaaclab.ContactSensor.net_forces_w,wheel_geometry_approximation
1.7583333333333295,rear_left_wheel,ground_or_obstacle,True,"[-0.2857382595539093, 0.07318808883428574, -2.696365118029509e-06]","[1.3435883999407698e-07, 0.0, 0.9999999999999909]",6.746643543243408,0.0,6.7466435432434695,1.05,nan,0.1322873028127547,False,False,True,isaaclab.ContactSensor.net_forces_w,wheel_geometry_approximation
1.7583333333333295,rear_right_wheel,ground_or_obstacle,True,"[-0.2884940505027771, -0.3231217563152313, -0.0001080811023712186]","[1.3435884101013758e-07, 0.0, 0.999999999999991]",7.755431652069092,0.0,7.755431652069162,1.05,nan,0.11069729325457858,False,False,True,isaaclab.ContactSensor.net_forces_w,wheel_geometry_approximation
1.7833333333333294,front_left_wheel,ground_or_obstacle,True,"[0.27082645893096924, 0.07960426062345505, -0.0007845528423786191]","[1.3435883914987403e-07, 0.0, 0.999999999999991]",8.248859405517578,0.0,8.248859405517653,1.05,nan,0.10972619621338593,False,False,True,isaaclab.ContactSensor.net_forces_w,wheel_geometry_approximation
1.7833333333333294,front_right_wheel,ground_or_obstacle,True,"[0.2746095359325409, -0.3186863958835602, -0.00027219504117965976]","[1.343588414404645e-07, 0.0, 0.9999999999999909]",5.98517370223999,0.0,5.985173702240044,1.05,nan,0.09687012622493885,False,False,True,isaaclab.ContactSensor.net_forces_w,wheel_geometry_approximation
1.7833333333333294,rear_left_wheel,ground_or_obstacle,True,"[-0.285037636756897, 0.073172926902771, 2.3961067199679276e-06]","[1.3435883205454142e-07, 0.0, 0.9999999999999909]",5.668120384216309,0.0,5.66812038421636,1.05,nan,0.18754841871154876,False,False,True,isaaclab.ContactSensor.net_forces_w,wheel_geometry_approximation
1.7833333333333294,rear_right_wheel,ground_or_obstacle,True,"[-0.28776779770851135, -0.3231368064880371, -0.00012014731764793674]","[1.343588456678098e-07, 0.0, 0.9999999999999909]",8.798380851745605,0.0,8.798380851745685,1.05,nan,0.10869258915981252,False,False,True,isaaclab.ContactSensor.net_forces_w,wheel_geometry_approximation
1.8083333333333294,front_left_wheel,ground_or_obstacle,True,"[0.271493524312973, 0.07960380613803864, -0.0006692811846733121]","[1.343588324154842e-07, 0.0, 0.999999999999991]",7.771176338195801,0.0,7.771176338195871,1.05,nan,0.1001300433308538,False,False,True,isaaclab.ContactSensor.net_forces_w,wheel_geometry_approximation
1.8083333333333294,front_right_wheel,ground_or_obstacle,True,"[0.2752895951271057, -0.3186868727207184, -0.00021195337176323215]","[1.3435883739777746e-07, 0.0, 0.9999999999999909]",6.369797229766846,0.0,6.369797229766903,1.05,nan,0.10308506691133723,False,False,True,isaaclab.ContactSensor.net_forces_w,wheel_geometry_approximation
1.8083333333333294,rear_left_wheel,ground_or_obstacle,True,"[-0.28433161973953247, 0.07317784428596497, -1.2591481209078825e-07]","[1.3435884781147055e-07, 0.0, 0.999999999999991]",6.775036334991455,0.0,6.775036334991516,1.05,nan,0.16755039122923351,False,False,True,isaaclab.ContactSensor.net_forces_w,wheel_geometry_approximation
1.8083333333333294,rear_right_wheel,ground_or_obstacle,True,"[-0.28709617257118225, -0.32313188910484314, -7.561519742012301e-05]","[1.3435884502378806e-07, 0.0, 0.999999999999991]",8.051973342895508,0.0,8.05197334289558,1.05,nan,0.12062234210833737,False,False,True,isaaclab.ContactSensor.net_forces_w,wheel_geometry_approximation
1.8333333333333293,front_left_wheel,ground_or_obstacle,True,"[0.27216485142707825, 0.07960355281829834, -0.0005615644156932859]","[1.3435882680356356e-07, 0.0, 0.999999999999991]",8.09679126739502,0.0,8.096791267395092,1.05,nan,0.11870794698744924,False,False,True,isaaclab.ContactSensor.net_forces_w,wheel_geometry_approximation
1.8333333333333293,front_right_wheel,ground_or_obstacle,True,"[0.2759769558906555, -0.31868717074394226, -0.00015220716595649997]","[1.3435883487241805e-07, 0.0, 0.9999999999999909]",6.075385570526123,0.0,6.075385570526178,1.05,nan,0.09066457181628669,False,False,True,isaaclab.ContactSensor.net_forces_w,wheel_geometry_approximation
1.8333333333333293,rear_left_wheel,ground_or_obstacle,True,"[-0.2836243808269501, 0.0731811672449112, -2.122968435287753e-05]","[1.3435883587451554e-07, 0.0, 0.9999999999999909]",5.942483901977539,0.0,5.942483901977593,1.05,nan,0.06454743017918127,False,False,True,isaaclab.ContactSensor.net_forces_w,wheel_geometry_approximation
1.8333333333333293,rear_right_wheel,ground_or_obstacle,True,"[-0.28641748428344727, -0.3231286108493805, -4.499331116676608e-05]","[1.3435883127686184e-07, 0.0, 0.999999999999991]",8.327103614807129,0.0,8.327103614807204,1.05,nan,0.1384637983365183,False,False,True,isaaclab.ContactSensor.net_forces_w,wheel_geometry_approximation
1.8583333333333292,front_left_wheel,ground_or_obstacle,True,"[0.2728516161441803, 0.07960274815559387, -0.00046170800924301425]","[1.3435884150743602e-07, 0.0, 0.999999999999991]",8.329049110412598,0.0,8.329049110412672,1.05,nan,0.09345315936947748,False,False,True,isaaclab.ContactSensor.net_forces_w,wheel_geometry_approximation
1.8583333333333292,front_right_wheel,ground_or_obstacle,True,"[0.2766807973384857, -0.31868791580200195, -0.0001011557877063779]","[1.3435882983018213e-07, 0.0, 0.9999999999999909]",5.885528564453125,0.0,5.885528564453178,1.05,nan,0.09165695420373286,False,False,True,isaaclab.ContactSensor.net_forces_w,wheel_geometry_approximation
1.8583333333333292,rear_left_wheel,ground_or_obstacle,True,"[-0.28291863203048706, 0.07317943871021271, -4.368573427200595e-05]","[1.3435884394881585e-07, 0.0, 0.999999999999991]",5.930305004119873,0.0,5.930305004119926,1.05,nan,0.21649158289196732,False,False,True,isaaclab.ContactSensor.net_forces_w,wheel_geometry_approximation
1.8583333333333292,rear_right_wheel,ground_or_obstacle,True,"[-0.2857166528701782, -0.32313039898872375, -2.1278113126757536e-05]","[1.3435883465637128e-07, 0.0, 0.9999999999999909]",8.601556777954102,0.0,8.60155677795418,1.05,nan,0.11368365187228394,False,False,True,isaaclab.ContactSensor.net_forces_w,wheel_geometry_approximation
1.883333333333329,front_left_wheel,ground_or_obstacle,True,"[0.2735409140586853, 0.07960228621959686, -0.00037090778350830356]","[1.3435884947526865e-07, 0.0, 0.999999999999991]",8.492630958557129,0.0,8.492630958557205,1.05,nan,0.06484364080291281,False,False,True,isaaclab.ContactSensor.net_forces_w,wheel_geometry_approximation
1.883333333333329,front_right_wheel,ground_or_obstacle,True,"[0.2773873805999756, -0.31868839263916016, -6.022602319717685e-05]","[1.3435883631397408e-07, 0.0, 0.9999999999999911]",5.765828609466553,0.0,5.765828609466604,1.05,nan,0.08323836825083238,False,False,True,isaaclab.ContactSensor.net_forces_w,wheel_geometry_approximation
1.883333333333329,rear_left_wheel,ground_or_obstacle,True,"[-0.28220632672309875, 0.07317840307950974, -8.07709991931943e-05]","[1.343588330114096e-07, 0.0, 0.9999999999999909]",5.664923191070557,0.0,5.664923191070608,1.05,nan,0.16469117729381774,False,False,True,isaaclab.ContactSensor.net_forces_w,wheel_geometry_approximation
1.883333333333329,rear_right_wheel,ground_or_obstacle,True,"[-0.2850131690502167, -0.3231314718723297, -7.922947406771574e-06]","[1.343588419725218e-07, 0.0, 0.9999999999999909]",8.830779075622559,0.0,8.830779075622639,1.05,nan,0.09314585858750765,False,False,True,isaaclab.ContactSensor.net_forces_w,wheel_geometry_approximation
1.908333333333329,front_left_wheel,ground_or_obstacle,True,"[0.2742471694946289, 0.07960303127765656, -0.0002878412604331998]","[1.3435883919103355e-07, 0.0, 0.999999999999991]",8.89507007598877,0.0,8.89507007598885,1.05,nan,0.09097395202252044,False,False,True,isaaclab.ContactSensor.net_forces_w,wheel_geometry_approximation
1.908333333333329,front_right_wheel,ground_or_obstacle,True,"[0.27810361981391907, -0.3186876177787781, -2.949982881546298e-05]","[1.3435884648444804e-07, 0.0, 0.9999999999999909]",5.385743141174316,0.0,5.385743141174365,1.05,nan,0.0741447185470507,False,False,True,isaaclab.ContactSensor.net_forces_w,wheel_geometry_approximation
1.908333333333329,rear_left_wheel,ground_or_obstacle,True,"[-0.2814791798591614, 0.07318030297756195, -0.00013102516531944552]","[1.3435885447220278e-07, 0.0, 0.999999999999991]",5.528963565826416,0.0,5.528963565826466,1.05,nan,0.13478527517605604,False,False,True,isaaclab.ContactSensor.net_forces_w,wheel_geometry_approximation
1.908333333333329,rear_right_wheel,ground_or_obstacle,True,"[-0.28432291746139526, -0.32312968373298645, -5.017220973971281e-06]","[1.343588480882213e-07, 0.0, 0.9999999999999909]",9.223137855529785,0.0,9.223137855529869,1.05,nan,0.1115759541739361,False,False,True,isaaclab.ContactSensor.net_forces_w,wheel_geometry_approximation
1.933333333333329,front_left_wheel,ground_or_obstacle,True,"[0.27495303750038147, 0.07960228621959686, -0.00021627843379974643]","[1.3435883728056427e-07, 0.0, 0.999999999999991]",8.935301780700684,0.0,8.935301780700764,1.05,nan,0.08504251749296417,False,False,True,isaaclab.ContactSensor.net_forces_w,wheel_geometry_approximation
1.933333333333329,front_right_wheel,ground_or_obstacle,True,"[0.2788180410861969, -0.31868836283683777, -8.403509855273161e-06]","[1.3435884559896475e-07, 0.0, 0.9999999999999909]",5.372460842132568,0.0,5.372460842132617,1.05,nan,0.07930310553603566,False,False,True,isaaclab.ContactSensor.net_forces_w,wheel_geometry_approximation
1.933333333333329,rear_left_wheel,ground_or_obstacle,True,"[-0.28072962164878845, 0.07318469136953354, -0.00018871128559112826]","[1.3435883713266999e-07, 0.0, 0.9999999999999909]",5.288426876068115,0.0,5.288426876068163,1.05,nan,0.160259736010518,False,False,True,isaaclab.ContactSensor.net_forces_w,wheel_geometry_approximation
1.933333333333329,rear_right_wheel,ground_or_obstacle,True,"[-0.28360286355018616, -0.32312533259391785, -1.1700391769411955e-05]","[1.3435884466679252e-07, 0.0, 0.999999999999991]",9.132585525512695,0.0,9.132585525512777,1.05,nan,0.1086744062296338,False,False,True,isaaclab.ContactSensor.net_forces_w,wheel_geometry_approximation
1.9583333333333288,front_left_wheel,ground_or_obstacle,True,"[0.2756643295288086, 0.07960271090269089, -0.00015415549278259555]","[1.3435883715395672e-07, 0.0, 0.9999999999999911]",9.151455879211426,0.0,9.151455879211507,1.05,nan,0.09597728799844324,False,False,True,isaaclab.ContactSensor.net_forces_w,wheel_geometry_approximation
1.9583333333333288,front_right_wheel,ground_or_obstacle,True,"[0.2795334756374359, -0.3186880052089691, 2.038478851315584e-06]","[1.343588363657334e-07, 0.0, 0.999999999999991]",5.203024387359619,0.0,5.203024387359666,1.05,nan,0.06507430956127774,False,False,True,isaaclab.ContactSensor.net_forces_w,wheel_geometry_approximation
1.9583333333333288,rear_left_wheel,ground_or_obstacle,True,"[-0.2799932658672333, 0.07318495213985443, -0.0002608627080917386]","[1.3435883740780974e-07, 0.0, 0.999999999999991]",5.050416469573975,0.0,5.05041646957402,1.05,nan,0.1556718425820655,False,False,True,isaaclab.ContactSensor.net_forces_w,wheel_geometry_approximation
1.9583333333333288,rear_right_wheel,ground_or_obstacle,True,"[-0.2828768789768219, -0.32312509417533875, -2.9585510492327605e-05]","[1.3435883471585465e-07, 0.0, 0.9999999999999909]",9.327133178710938,0.0,9.327133178711023,1.05,nan,0.09968641190879675,False,False,True,isaaclab.ContactSensor.net_forces_w,wheel_geometry_approximation
1.9833333333333287,front_left_wheel,ground_or_obstacle,True,"[0.276384174823761, 0.07960307598114014, -0.00010238140821457187]","[1.3435885888009998e-07, 0.0, 0.9999999999999909]",9.559518814086914,0.0,9.559518814087001,1.05,nan,0.10914248497767454,False,False,True,isaaclab.ContactSensor.net_forces_w,wheel_geometry_approximation
1.9833333333333287,front_right_wheel,ground_or_obstacle,True,"[0.2802567481994629, -0.3186875879764557, 1.2151896953555008e-06]","[1.3435885435724201e-07, 0.0, 0.999999999999991]",4.9414896965026855,0.0,4.94148969650273,1.05,nan,0.31482544702371257,False,False,True,isaaclab.ContactSensor.net_forces_w,wheel_geometry_approximation
1.9833333333333287,rear_left_wheel,ground_or_obstacle,True,"[-0.27924489974975586, 0.07318787276744843, -0.0003449760377407102]","[1.3435884519420156e-07, 0.0, 0.999999999999991]",4.763832092285156,0.0,4.763832092285199,1.05,nan,0.18043816692092424,False,False,True,isaaclab.ContactSensor.net_forces_w,wheel_geometry_approximation
1.9833333333333287,rear_right_wheel,ground_or_obstacle,True,"[-0.28214171528816223, -0.3231222331523895, -5.892217159271518e-05]","[1.3435884104341e-07, 0.0, 0.9999999999999909]",9.590470314025879,0.0,9.590470314025966,1.05,nan,0.12640109161606689,False,False,True,isaaclab.ContactSensor.net_forces_w,wheel_geometry_approximation
2.008333333333329,front_left_wheel,ground_or_obstacle,True,"[0.27711716294288635, 0.07960432767868042, -6.120577454567233e-05]","[1.3435884689515023e-07, 0.0, 0.9999999999999909]",9.552599906921387,0.0,9.552599906921474,1.05,nan,0.08473977779828631,False,False,True,isaaclab.ContactSensor.net_forces_w,wheel_geometry_approximation
2.008333333333329,front_right_wheel,ground_or_obstacle,True,"[0.28098687529563904, -0.3186863958835602, -1.1003762483599577e-05]","[1.3435883696070141e-07, 0.0, 0.999999999999991]",4.845804214477539,0.0,4.845804214477583,1.05,nan,0.056547280615006745,False,False,True,isaaclab.ContactSensor.net_forces_w,wheel_geometry_approximation
2.008333333333329,rear_left_wheel,ground_or_obstacle,True,"[-0.2784876823425293, 0.0731918141245842, -0.0004413604736328153]","[1.3435884620928325e-07, 0.0, 0.999999999999991]",4.761524200439453,0.0,4.761524200439496,1.05,nan,0.14046520319642275,False,False,True,isaaclab.ContactSensor.net_forces_w,wheel_geometry_approximation
2.008333333333329,rear_right_wheel,ground_or_obstacle,True,"[-0.28139549493789673, -0.32311829924583435, -9.886845946312228e-05]","[1.3435884348187964e-07, 0.0, 0.9999999999999909]",9.597928047180176,0.0,9.597928047180263,1.05,nan,0.09644313106791459,False,False,True,isaaclab.ContactSensor.net_forces_w,wheel_geometry_approximation
2.0333333333333288,front_left_wheel,ground_or_obstacle,True,"[0.27784451842308044, 0.07960475981235504, -3.1027197837832365e-05]","[1.3435883996923695e-07, 0.0, 0.999999999999991]",9.885382652282715,0.0,9.885382652282804,1.05,nan,0.1417950589593341,False,False,True,isaaclab.ContactSensor.net_forces_w,wheel_geometry_approximation
2.0333333333333288,front_right_wheel,ground_or_obstacle,True,"[0.2817162573337555, -0.3186858892440796, -3.414526581764499e-05]","[1.3435883607707895e-07, 0.0, 0.9999999999999909]",4.60695743560791,0.0,4.606957435607952,1.05,nan,0.0805268570339914,False,False,True,isaaclab.ContactSensor.net_forces_w,wheel_geometry_approximation
2.0333333333333288,rear_left_wheel,ground_or_obstacle,True,"[-0.27773183584213257, 0.07318933308124542, -0.0005504369735717801]","[1.3435884131130573e-07, 0.0, 0.999999999999991]",4.2548651695251465,0.0,4.254865169525185,1.05,nan,0.1738216123091778,False,False,True,isaaclab.ContactSensor.net_forces_w,wheel_geometry_approximation
2.0333333333333288,rear_right_wheel,ground_or_obstacle,True,"[-0.280649870634079, -0.3231208920478821, -0.00015145838260650912]","[1.34358843558889e-07, 0.0, 0.9999999999999909]",9.998575210571289,0.0,9.99857521057138,1.05,nan,0.12474655086431456,False,False,True,isaaclab.ContactSensor.net_forces_w,wheel_geometry_approximation
2.0583333333333287,front_left_wheel,ground_or_obstacle,True,"[0.2785850167274475, 0.07960548251867294, -1.2717396020892058e-05]","[1.343588502473245e-07, 0.0, 0.999999999999991]",10.027139663696289,0.0,10.02713966369638,1.05,nan,0.10953115875879997,False,False,True,isaaclab.ContactSensor.net_forces_w,wheel_geometry_approximation
2.0583333333333287,front_right_wheel,ground_or_obstacle,True,"[0.28245213627815247, -0.3186851441860199, -6.914436817169467e-05]","[1.343588479016204e-07, 0.0, 0.9999999999999909]",4.508422374725342,0.0,4.508422374725383,1.05,nan,0.08155412787782883,False,False,True,isaaclab.ContactSensor.net_forces_w,wheel_geometry_approximation
2.0583333333333287,rear_left_wheel,ground_or_obstacle,True,"[-0.2769638001918793, 0.07319256663322449, -0.000672272592782977]","[1.3435884720801149e-07, 0.0, 0.9999999999999909]",4.082103252410889,0.0,4.082103252410926,1.05,nan,0.17363148516695595,False,False,True,isaaclab.ContactSensor.net_forces_w,wheel_geometry_approximation
2.0583333333333287,rear_right_wheel,ground_or_obstacle,True,"[-0.27989569306373596, -0.3231176435947418, -0.00021561160683632175]","[1.3435883201240405e-07, 0.0, 0.999999999999991]",10.118216514587402,0.0,10.118216514587493,1.05,nan,0.12833933869207786,False,False,True,isaaclab.ContactSensor.net_forces_w,wheel_geometry_approximation
2.0833333333333286,front_left_wheel,ground_or_obstacle,True,"[0.2793648838996887, 0.07960708439350128, -6.503611803057585e-06]","[1.3435884473371162e-07, 0.0, 0.999999999999991]",9.696969032287598,0.0,9.696969032287685,1.05,nan,0.13692033969503165,False,False,True,isaaclab.ContactSensor.net_forces_w,wheel_geometry_approximation
2.0833333333333286,front_right_wheel,ground_or_obstacle,True,"[0.2831852436065674, -0.3186836540699005, -0.00011492073535919467]","[1.3435883822843196e-07, 0.0, 0.9999999999999909]",4.604600429534912,0.0,4.604600429534954,1.05,nan,0.07985516023455656,False,False,True,isaaclab.ContactSensor.net_forces_w,wheel_geometry_approximation
2.0833333333333286,rear_left_wheel,ground_or_obstacle,True,"[-0.27621346712112427, 0.07319524884223938, -0.0007510252296924619]","[1.3435885668681042e-07, 0.0, 0.9999999999999909]",4.903228282928467,0.0,4.903228282928511,1.05,nan,0.23037861689922984,False,False,True,isaaclab.ContactSensor.net_forces_w,wheel_geometry_approximation
2.0833333333333286,rear_right_wheel,ground_or_obstacle,True,"[-0.27915847301483154, -0.3231150209903717, -0.00026685670018196384]","[1.3435884743585983e-07, 0.0, 0.999999999999991]",9.93039608001709,0.0,9.930396080017179,1.05,nan,0.11560718303105819,False,False,True,isaaclab.ContactSensor.net_forces_w,wheel_geometry_approximation
2.1083333333333285,front_left_wheel,ground_or_obstacle,True,"[0.2800827920436859, 0.0796038806438446, -1.3339519500735197e-05]","[1.3435884205295126e-07, 0.0, 0.999999999999991]",9.891707420349121,0.0,9.89170742034921,1.05,nan,0.7047143288117215,False,False,True,isaaclab.ContactSensor.net_forces_w,wheel_geometry_approximation
2.1083333333333285,front_right_wheel,ground_or_obstacle,True,"[0.2839033305644989, -0.3186868727207184, -0.00017019659280777255]","[1.3435884603134526e-07, 0.0, 0.999999999999991]",4.425586700439453,0.0,4.425586700439493,1.05,nan,0.01143654352997959,False,False,True,isaaclab.ContactSensor.net_forces_w,wheel_geometry_approximation
2.1083333333333285,rear_left_wheel,ground_or_obstacle,True,"[-0.2755213677883148, 0.07319004833698273, -0.0006347663700580625]","[1.3435884491747963e-07, 0.0, 0.999999999999991]",4.641463279724121,0.0,4.641463279724163,1.05,nan,0.1782372069592546,False,False,True,isaaclab.ContactSensor.net_forces_w,wheel_geometry_approximation
2.1083333333333285,rear_right_wheel,ground_or_obstacle,True,"[-0.27848199009895325, -0.32312044501304626, -0.0001987248659133939]","[1.3435885061599887e-07, 0.0, 0.999999999999991]",9.84840202331543,0.0,9.848402023315519,1.05,nan,0.038773358042737426,False,False,True,isaaclab.ContactSensor.net_forces_w,wheel_geometry_approximation
2.1333333333333284,front_left_wheel,ground_or_obstacle,True,"[0.28081637620925903, 0.07960330694913864, -3.251731395721713e-05]","[1.3435884474622232e-07, 0.0, 0.9999999999999909]",9.900410652160645,0.0,9.900410652160735,1.05,nan,0.011150833620143689,False,False,True,isaaclab.ContactSensor.net_forces_w,wheel_geometry_approximation
2.1333333333333284,front_right_wheel,ground_or_obstacle,True,"[0.2846356928348541, -0.31868746876716614, -0.00023822784423828403]","[1.343588446121529e-07, 0.0, 0.999999999999991]",4.35092306137085,0.0,4.350923061370889,1.05,nan,0.005613680908161518,False,False,True,isaaclab.ContactSensor.net_forces_w,wheel_geometry_approximation
2.1333333333333284,rear_left_wheel,ground_or_obstacle,True,"[-0.2748122811317444, 0.0731922835111618, -0.0005261220037937192]","[1.3435885495179043e-07, 0.0, 0.9999999999999909]",4.994796276092529,0.0,4.994796276092575,1.05,nan,0.16936560359476568,False,False,True,isaaclab.ContactSensor.net_forces_w,wheel_geometry_approximation
2.1333333333333284,rear_right_wheel,ground_or_obstacle,True,"[-0.277788907289505, -0.3231181800365448, -0.0001395076513290433]","[1.3435885285547248e-07, 0.0, 0.999999999999991]",9.531546592712402,0.0,9.531546592712488,1.05,nan,0.05113553856136904,False,False,True,isaaclab.ContactSensor.net_forces_w,wheel_geometry_approximation
2.1583333333333283,front_left_wheel,ground_or_obstacle,True,"[0.28156527876853943, 0.0795985534787178, -1.02289021015195e-05]","[1.3435885351192463e-07, 0.0, 0.9999999999999909]",10.153840065002441,0.0,10.153840065002534,1.05,nan,0.0062357904706465475,False,False,True,isaaclab.ContactSensor.net_forces_w,wheel_geometry_approximation
2.1583333333333283,front_right_wheel,ground_or_obstacle,True,"[0.28537702560424805, -0.3186921775341034, -0.0003165706992149381]","[1.343588536273967e-07, 0.0, 0.9999999999999909]",4.107398509979248,0.0,4.107398509979285,1.05,nan,0.09637826165257057,False,False,True,isaaclab.ContactSensor.net_forces_w,wheel_geometry_approximation
2.1583333333333283,rear_left_wheel,ground_or_obstacle,True,"[-0.27409765124320984, 0.07318848371505737, -0.000426518917083743]","[1.343588430843337e-07, 0.0, 0.9999999999999909]",4.775400638580322,0.0,4.775400638580366,1.05,nan,0.13956184135859032,False,False,True,isaaclab.ContactSensor.net_forces_w,wheel_geometry_approximation
2.1583333333333283,rear_right_wheel,ground_or_obstacle,True,"[-0.27708494663238525, -0.3231221139431, -8.896663784981051e-05]","[1.3435884901606914e-07, 0.0, 0.999999999999991]",9.70046329498291,0.0,9.700463294982997,1.05,nan,0.01687372891929424,False,False,True,isaaclab.ContactSensor.net_forces_w,wheel_geometry_approximation
2.1833333333333282,front_left_wheel,ground_or_obstacle,True,"[0.2823256552219391, 0.07959302514791489, -2.267956733706389e-06]","[1.3435883349141736e-07, 0.0, 0.999999999999991]",10.108887672424316,0.0,10.108887672424407,1.05,nan,0.01398269933594629,False,False,True,isaaclab.ContactSensor.net_forces_w,wheel_geometry_approximation
2.1833333333333282,front_right_wheel,ground_or_obstacle,True,"[0.28612810373306274, -0.31869766116142273, -0.0004058733582496671]","[1.3435883474791214e-07, 0.0, 0.9999999999999909]",4.216358661651611,0.0,4.2163586616516495,1.05,nan,0.0655666837138891,False,False,True,isaaclab.ContactSensor.net_forces_w,wheel_geometry_approximation
2.1833333333333282,rear_left_wheel,ground_or_obstacle,True,"[-0.27337270975112915, 0.07318484783172607, -0.00033590123057365695]","[1.3435884234680425e-07, 0.0, 0.999999999999991]",4.823300838470459,0.0,4.8233008384705025,1.05,nan,0.1389704887309379,False,False,True,isaaclab.ContactSensor.net_forces_w,wheel_geometry_approximation
2.1833333333333282,rear_right_wheel,ground_or_obstacle,True,"[-0.2763744294643402, -0.3231257498264313, -4.67032194137601e-05]","[1.3435884960326637e-07, 0.0, 0.9999999999999909]",9.607874870300293,0.0,9.60787487030038,1.05,nan,0.014912303995297608,False,False,True,isaaclab.ContactSensor.net_forces_w,wheel_geometry_approximation
2.208333333333328,front_left_wheel,ground_or_obstacle,True,"[0.2830808460712433, 0.0795956552028656, -5.132704973223601e-06]","[1.3435884300173221e-07, 0.0, 0.999999999999991]",9.325334548950195,0.0,9.325334548950279,1.05,nan,0.08054754173201804,False,False,True,isaaclab.ContactSensor.net_forces_w,wheel_geometry_approximation
2.208333333333328,front_right_wheel,ground_or_obstacle,True,"[0.286848783493042, -0.3186950981616974, -0.0004039660096168546]","[1.34358836746404e-07, 0.0, 0.9999999999999909]",4.8840837478637695,0.0,4.884083747863814,1.05,nan,0.05140139138630078,False,False,True,isaaclab.ContactSensor.net_forces_w,wheel_geometry_approximation
2.208333333333328,rear_left_wheel,ground_or_obstacle,True,"[-0.27266380190849304, 0.0731905996799469, -0.00025949925184250155]","[1.3435883587854684e-07, 0.0, 0.999999999999991]",5.627869606018066,0.0,5.627869606018117,1.05,nan,0.1553153964388992,False,False,True,isaaclab.ContactSensor.net_forces_w,wheel_geometry_approximation
2.208333333333328,rear_right_wheel,ground_or_obstacle,True,"[-0.2756636142730713, -0.32311999797821045, -1.649484038353244e-05]","[1.3435883697394758e-07, 0.0, 0.999999999999991]",8.925186157226562,0.0,8.925186157226642,1.05,nan,0.09068067297052004,False,False,True,isaaclab.ContactSensor.net_forces_w,wheel_geometry_approximation
2.233333333333328,front_left_wheel,ground_or_obstacle,True,"[0.2838277816772461, 0.07960530370473862, -1.8826872110369597e-05]","[1.3435885620765582e-07, 0.0, 0.9999999999999909]",8.939598083496094,0.0,8.939598083496175,1.05,nan,0.044671674395114117,False,False,True,isaaclab.ContactSensor.net_forces_w,wheel_geometry_approximation
2.233333333333328,front_right_wheel,ground_or_obstacle,True,"[0.2875458598136902, -0.3186855912208557, -0.00032111182808876315]","[1.343588452867872e-07, 0.0, 0.999999999999991]",5.305016040802002,0.0,5.30501604080205,1.05,nan,0.048192794997828,False,False,True,isaaclab.ContactSensor.net_forces_w,wheel_geometry_approximation
2.233333333333328,rear_left_wheel,ground_or_obstacle,True,"[-0.27196037769317627, 0.07320292294025421, -0.0001923769712448148]","[1.3435884264830346e-07, 0.0, 0.9999999999999909]",5.9457831382751465,0.0,5.945783138275201,1.05,nan,0.1427150707652212,False,False,True,isaaclab.ContactSensor.net_forces_w,wheel_geometry_approximation
2.233333333333328,rear_right_wheel,ground_or_obstacle,True,"[-0.27495846152305603, -0.3231074810028076, -4.537403583554367e-07]","[1.343588424883254e-07, 0.0, 0.9999999999999911]",8.556488990783691,0.0,8.556488990783768,1.05,nan,0.08926931029702831,False,False,True,isaaclab.ContactSensor.net_forces_w,wheel_geometry_approximation
2.258333333333328,front_left_wheel,ground_or_obstacle,True,"[0.28457725048065186, 0.07961346209049225, -4.477724432945529e-05]","[1.3435884730775327e-07, 0.0, 0.9999999999999911]",8.57749080657959,0.0,8.577490806579666,1.05,nan,0.04287163370621192,False,False,True,isaaclab.ContactSensor.net_forces_w,wheel_geometry_approximation
2.258333333333328,front_right_wheel,ground_or_obstacle,True,"[0.28824853897094727, -0.31867775321006775, -0.00024726167321205417]","[1.3435884327929197e-07, 0.0, 0.999999999999991]",5.747616767883301,0.0,5.747616767883352,1.05,nan,0.0018600641744288126,False,False,True,isaaclab.ContactSensor.net_forces_w,wheel_geometry_approximation
2.258333333333328,rear_left_wheel,ground_or_obstacle,True,"[-0.2712602913379669, 0.0732126459479332, -0.00013467967510223666]","[1.3435883660987297e-07, 0.0, 0.999999999999991]",6.256936550140381,0.0,6.256936550140437,1.05,nan,0.10706635988338348,False,False,True,isaaclab.ContactSensor.net_forces_w,wheel_geometry_approximation
2.258333333333328,rear_right_wheel,ground_or_obstacle,True,"[-0.27424532175064087, -0.32309767603874207, 6.1698257923098465e-06]","[1.3435883518978104e-07, 0.0, 0.9999999999999909]",8.218439102172852,0.0,8.218439102172926,1.05,nan,0.07870144534180717,False,False,True,isaaclab.ContactSensor.net_forces_w,wheel_geometry_approximation
2.283333333333328,front_left_wheel,ground_or_obstacle,True,"[0.28533414006233215, 0.07962214946746826, -8.132234215736667e-05]","[1.3435882985311838e-07, 0.0, 0.9999999999999911]",8.381390571594238,0.0,8.381390571594313,1.05,nan,0.012991535151019638,False,False,True,isaaclab.ContactSensor.net_forces_w,wheel_geometry_approximation
2.283333333333328,front_right_wheel,ground_or_obstacle,True,"[0.28895998001098633, -0.3186691999435425, -0.00018258318305015842]","[1.3435883909160165e-07, 0.0, 0.999999999999991]",5.924442291259766,0.0,5.924442291259819,1.05,nan,0.03355172828401616,False,False,True,isaaclab.ContactSensor.net_forces_w,wheel_geometry_approximation
2.283333333333328,rear_left_wheel,ground_or_obstacle,True,"[-0.27055275440216064, 0.07322394847869873, -8.772239089012424e-05]","[1.3435884041311276e-07, 0.0, 0.9999999999999909]",6.45244836807251,0.0,6.452448368072568,1.05,nan,0.10485047145429471,False,False,True,isaaclab.ContactSensor.net_forces_w,wheel_geometry_approximation
2.283333333333328,rear_right_wheel,ground_or_obstacle,True,"[-0.2735171616077423, -0.3230861723423004, 7.197260856600662e-07]","[1.3435884166826352e-07, 0.0, 0.999999999999991]",7.9874043464660645,0.0,7.987404346466136,1.05,nan,0.08730669521416407,False,False,True,isaaclab.ContactSensor.net_forces_w,wheel_geometry_approximation
2.308333333333328,front_left_wheel,ground_or_obstacle,True,"[0.2861057221889496, 0.07963147759437561, -0.0001317515969276456]","[1.343588381202157e-07, 0.0, 0.999999999999991]",7.971384525299072,0.0,7.971384525299144,1.05,nan,0.007972604238603909,False,False,True,isaaclab.ContactSensor.net_forces_w,wheel_geometry_approximation
2.308333333333328,front_right_wheel,ground_or_obstacle,True,"[0.2896873652935028, -0.31866011023521423, -0.0001271061599254636]","[1.3435883676432275e-07, 0.0, 0.999999999999991]",6.380712509155273,0.0,6.380712509155331,1.05,nan,0.028631604129981995,False,False,True,isaaclab.ContactSensor.net_forces_w,wheel_geometry_approximation
2.308333333333328,rear_left_wheel,ground_or_obstacle,True,"[-0.26983192563056946, 0.07323431968688965, -4.9381703138354216e-05]","[1.3435883686023063e-07, 0.0, 0.999999999999991]",6.8016815185546875,0.0,6.801681518554749,1.05,nan,0.09921332324549667,False,False,True,isaaclab.ContactSensor.net_forces_w,wheel_geometry_approximation
2.308333333333328,rear_right_wheel,ground_or_obstacle,True,"[-0.2727745771408081, -0.32307568192481995, -1.5552341938021574e-05]","[1.343588362156984e-07, 0.0, 0.999999999999991]",7.589206218719482,0.0,7.589206218719551,1.05,nan,0.08737337513474949,False,False,True,isaaclab.ContactSensor.net_forces_w,wheel_geometry_approximation
2.3333333333333277,front_left_wheel,ground_or_obstacle,True,"[0.2868789732456207, 0.07964001595973969, -0.00019307732582092563]","[1.3435884634541185e-07, 0.0, 0.9999999999999909]",7.723970890045166,0.0,7.723970890045236,1.05,nan,0.006232706077930404,False,False,True,isaaclab.ContactSensor.net_forces_w,wheel_geometry_approximation
2.3333333333333277,front_right_wheel,ground_or_obstacle,True,"[0.29042693972587585, -0.3186516761779785, -8.083805441856662e-05]","[1.3435883322375648e-07, 0.0, 0.9999999999999909]",6.658031940460205,0.0,6.6580319404602655,1.05,nan,0.018932565903746916,False,False,True,isaaclab.ContactSensor.net_forces_w,wheel_geometry_approximation
2.3333333333333277,rear_left_wheel,ground_or_obstacle,True,"[-0.26910391449928284, 0.07324317842721939, -2.16729938983945e-05]","[1.343588401041861e-07, 0.0, 0.9999999999999909]",7.062222003936768,0.0,7.0622220039368315,1.05,nan,0.08848175152804215,False,False,True,isaaclab.ContactSensor.net_forces_w,wheel_geometry_approximation
2.3333333333333277,rear_right_wheel,ground_or_obstacle,True,"[-0.27202433347702026, -0.32306674122810364, -4.413276910782138e-05]","[1.343588336424229e-07, 0.0, 0.999999999999991]",7.322298049926758,0.0,7.3222980499268235,1.05,nan,0.0848754563445035,False,False,True,isaaclab.ContactSensor.net_forces_w,wheel_geometry_approximation
2.3583333333333276,front_left_wheel,ground_or_obstacle,True,"[0.2876569628715515, 0.07964897900819778, -0.0002685219049453763]","[1.3435884215735376e-07, 0.0, 0.9999999999999909]",7.458410739898682,0.0,7.458410739898749,1.05,nan,0.017969833887692327,False,False,True,isaaclab.ContactSensor.net_forces_w,wheel_geometry_approximation
2.3583333333333276,front_right_wheel,ground_or_obstacle,True,"[0.2911682724952698, -0.3186427652835846, -4.5526027679446135e-05]","[1.3435883140267725e-07, 0.0, 0.9999999999999909]",6.951788902282715,0.0,6.951788902282778,1.05,nan,0.05049390375887886,False,False,True,isaaclab.ContactSensor.net_forces_w,wheel_geometry_approximation
2.3583333333333276,rear_left_wheel,ground_or_obstacle,True,"[-0.2683698236942291, 0.07325232774019241, -4.309415817263518e-06]","[1.3435884582278728e-07, 0.0, 0.9999999999999909]",7.224165916442871,0.0,7.224165916442937,1.05,nan,0.10555033495064779,False,False,True,isaaclab.ContactSensor.net_forces_w,wheel_geometry_approximation
2.3583333333333276,rear_right_wheel,ground_or_obstacle,True,"[-0.2712680995464325, -0.323057621717453, -8.460432291031161e-05]","[1.3435883937592886e-07, 0.0, 0.999999999999991]",7.1064677238464355,0.0,7.1064677238464995,1.05,nan,0.11123235799399628,False,False,True,isaaclab.ContactSensor.net_forces_w,wheel_geometry_approximation
2.3833333333333275,front_left_wheel,ground_or_obstacle,True,"[0.28843486309051514, 0.07965844869613647, -0.0003559470176696805]","[1.3435884059352747e-07, 0.0, 0.999999999999991]",7.099882125854492,0.0,7.099882125854556,1.05,nan,0.01791604821517394,False,False,True,isaaclab.ContactSensor.net_forces_w,wheel_geometry_approximation
2.3833333333333275,front_right_wheel,ground_or_obstacle,True,"[0.29191452264785767, -0.3186333477497101, -1.96091830730466e-05]","[1.3435884019154967e-07, 0.0, 0.999999999999991]",7.325709342956543,0.0,7.325709342956609,1.05,nan,0.062121331979980765,False,False,True,isaaclab.ContactSensor.net_forces_w,wheel_geometry_approximation
2.3833333333333275,rear_left_wheel,ground_or_obstacle,True,"[-0.2676318883895874, 0.07326103746891022, 3.331154584881868e-06]","[1.343588497292325e-07, 0.0, 0.9999999999999909]",7.522658824920654,0.0,7.522658824920723,1.05,nan,0.11199906597598944,False,False,True,isaaclab.ContactSensor.net_forces_w,wheel_geometry_approximation
2.3833333333333275,rear_right_wheel,ground_or_obstacle,True,"[-0.27050718665122986, -0.323048859834671, -0.00013868063688278476]","[1.3435883610860207e-07, 0.0, 0.999999999999991]",6.776928901672363,0.0,6.776928901672425,1.05,nan,0.1253296374598089,False,False,True,isaaclab.ContactSensor.net_forces_w,wheel_geometry_approximation
2.4083333333333274,front_left_wheel,ground_or_obstacle,True,"[0.2892196774482727, 0.07966770231723785, -0.00045642554759979526]","[1.3435883167036222e-07, 0.0, 0.9999999999999909]",6.831374645233154,0.0,6.8313746452332165,1.05,nan,0.016346579229964967,False,False,True,isaaclab.ContactSensor.net_forces_w,wheel_geometry_approximation
2.4083333333333274,front_right_wheel,ground_or_obstacle,True,"[0.29267141222953796, -0.3186241090297699, -4.7117471694974045e-06]","[1.3435882960111086e-07, 0.0, 0.9999999999999909]",7.647566795349121,0.0,7.64756679534919,1.05,nan,0.0797812279701166,False,False,True,isaaclab.ContactSensor.net_forces_w,wheel_geometry_approximation
2.4083333333333274,rear_left_wheel,ground_or_obstacle,True,"[-0.2668861448764801, 0.07327026128768921, 1.6838312148770296e-07]","[1.3435884371559644e-07, 0.0, 0.999999999999991]",7.801945686340332,0.0,7.801945686340402,1.05,nan,0.11350030428316235,False,False,True,isaaclab.ContactSensor.net_forces_w,wheel_geometry_approximation
2.4083333333333274,rear_right_wheel,ground_or_obstacle,True,"[-0.2697387933731079, -0.32303956151008606, -0.00020540803670883456]","[1.3435883251863488e-07, 0.0, 0.9999999999999909]",6.4448723793029785,0.0,6.444872379303037,1.05,nan,0.12502373468278855,False,False,True,isaaclab.ContactSensor.net_forces_w,wheel_geometry_approximation
2.4333333333333274,front_left_wheel,ground_or_obstacle,True,"[0.29000452160835266, 0.0796770304441452, -0.0005698494613170652]","[1.343588433069507e-07, 0.0, 0.9999999999999909]",6.379171371459961,0.0,6.379171371460019,1.05,nan,0.0007376273605249321,False,False,True,isaaclab.ContactSensor.net_forces_w,wheel_geometry_approximation
2.4333333333333274,front_right_wheel,ground_or_obstacle,True,"[0.2934342324733734, -0.31861475110054016, -1.6383826732663254e-06]","[1.343588455042475e-07, 0.0, 0.999999999999991]",8.10075855255127,0.0,8.100758552551342,1.05,nan,0.0684503112554744,False,False,True,isaaclab.ContactSensor.net_forces_w,wheel_geometry_approximation
2.4333333333333274,rear_left_wheel,ground_or_obstacle,True,"[-0.266137957572937, 0.07327903807163239, -1.3779103755953703e-05]","[1.3435883029554532e-07, 0.0, 0.999999999999991]",8.084662437438965,0.0,8.084662437439038,1.05,nan,0.13177324777596539,False,False,True,isaaclab.ContactSensor.net_forces_w,wheel_geometry_approximation
2.4333333333333274,rear_right_wheel,ground_or_obstacle,True,"[-0.26895254850387573, -0.32303085923194885, -0.00028481259942055026]","[1.343588362973937e-07, 0.0, 0.9999999999999909]",6.168693542480469,0.0,6.168693542480525,1.05,nan,0.13174038674488778,False,False,True,isaaclab.ContactSensor.net_forces_w,wheel_geometry_approximation
2.4583333333333273,front_left_wheel,ground_or_obstacle,True,"[0.2907845377922058, 0.07968346774578094, -0.0006946243345737485]","[1.3435882806694353e-07, 0.0, 0.999999999999991]",5.806842803955078,0.0,5.8068428039551305,1.05,nan,0.019462219695653662,False,False,True,isaaclab.ContactSensor.net_forces_w,wheel_geometry_approximation
2.4583333333333273,front_right_wheel,ground_or_obstacle,True,"[0.29420173168182373, -0.31860822439193726, -1.0105967521670256e-05]","[1.3435883035393072e-07, 0.0, 0.9999999999999909]",8.603765487670898,0.0,8.603765487670977,1.05,nan,0.08866672199455536,False,False,True,isaaclab.ContactSensor.net_forces_w,wheel_geometry_approximation
2.4583333333333273,rear_left_wheel,ground_or_obstacle,True,"[-0.2654050588607788, 0.07328440248966217, -2.729892730715666e-06]","[1.3435884083511524e-07, 0.0, 0.999999999999991]",8.447099685668945,0.0,8.447099685669022,1.05,nan,0.09887681481060016,False,False,True,isaaclab.ContactSensor.net_forces_w,wheel_geometry_approximation
2.4583333333333273,rear_right_wheel,ground_or_obstacle,True,"[-0.2681615948677063, -0.3230253756046295, -0.000375951826572421]","[1.3435883187601051e-07, 0.0, 0.999999999999991]",5.832757472991943,0.0,5.832757472991996,1.05,nan,0.13304589740373343,False,False,True,isaaclab.ContactSensor.net_forces_w,wheel_geometry_approximation
2.483333333333327,front_left_wheel,ground_or_obstacle,True,"[0.29151657223701477, 0.07968039065599442, -0.0007287144660949735]","[1.3435882275754138e-07, 0.0, 0.9999999999999909]",6.66680908203125,0.0,6.66680908203131,1.05,nan,0.1152438209075213,False,False,True,isaaclab.ContactSensor.net_forces_w,wheel_geometry_approximation
2.483333333333327,front_right_wheel,ground_or_obstacle,True,"[0.2949615716934204, -0.3186112642288208, -2.9414147138598357e-05]","[1.343588395169286e-07, 0.0, 0.999999999999991]",7.7087931632995605,0.0,7.70879316329963,1.05,nan,0.13255819403902552,False,False,True,isaaclab.ContactSensor.net_forces_w,wheel_geometry_approximation
2.483333333333327,rear_left_wheel,ground_or_obstacle,True,"[-0.26467689871788025, 0.0732811912894249, 7.719546556470003e-06]","[1.3435884171784152e-07, 0.0, 0.999999999999991]",7.432678699493408,0.0,7.432678699493475,1.05,nan,0.19483730424689505,False,False,True,isaaclab.ContactSensor.net_forces_w,wheel_geometry_approximation
2.483333333333327,rear_right_wheel,ground_or_obstacle,True,"[-0.26738178730010986, -0.32302844524383545, -0.0004702612757682828]","[1.343588387907606e-07, 0.0, 0.999999999999991]",7.28435754776001,0.0,7.2843575477600755,1.05,nan,0.014134844071591197,False,False,True,isaaclab.ContactSensor.net_forces_w,wheel_geometry_approximation
2.508333333333327,front_left_wheel,ground_or_obstacle,True,"[0.29218581318855286, 0.07967035472393036, -0.0006214708089828519]","[1.3435884172783765e-07, 0.0, 0.999999999999991]",7.362708568572998,0.0,7.362708568573065,1.05,nan,0.06130140439784723,False,False,True,isaaclab.ContactSensor.net_forces_w,wheel_geometry_approximation
2.508333333333327,front_right_wheel,ground_or_obstacle,True,"[0.29568082094192505, -0.31862130761146545, -5.865395069122592e-05]","[1.3435883810954665e-07, 0.0, 0.999999999999991]",6.816179275512695,0.0,6.816179275512757,1.05,nan,0.05976896141617631,False,False,True,isaaclab.ContactSensor.net_forces_w,wheel_geometry_approximation
2.508333333333327,rear_left_wheel,ground_or_obstacle,True,"[-0.2639663815498352, 0.07327182590961456, 5.357712507245149e-06]","[1.3435884471004343e-07, 0.0, 0.999999999999991]",6.6041460037231445,0.0,6.604146003723204,1.05,nan,0.1525147117358386,False,False,True,isaaclab.ContactSensor.net_forces_w,wheel_geometry_approximation
2.508333333333327,rear_right_wheel,ground_or_obstacle,True,"[-0.2667080760002136, -0.323037713766098, -0.00038292184472084323]","[1.3435883990130477e-07, 0.0, 0.999999999999991]",7.955508232116699,0.0,7.955508232116771,1.05,nan,0.1242279576864721,False,False,True,isaaclab.ContactSensor.net_forces_w,wheel_geometry_approximation
2.533333333333327,front_left_wheel,ground_or_obstacle,True,"[0.29287195205688477, 0.07966192066669464, -0.0005203329026699094]","[1.3435885306500553e-07, 0.0, 0.999999999999991]",7.859318733215332,0.0,7.859318733215403,1.05,nan,0.04134064774982536,False,False,True,isaaclab.ContactSensor.net_forces_w,wheel_geometry_approximation
2.533333333333327,front_right_wheel,ground_or_obstacle,True,"[0.29641374945640564, -0.31862977147102356, -9.97476279735593e-05]","[1.3435883933320465e-07, 0.0, 0.999999999999991]",6.349666118621826,0.0,6.349666118621883,1.05,nan,0.028084859837776865,False,False,True,isaaclab.ContactSensor.net_forces_w,wheel_geometry_approximation
2.533333333333327,rear_left_wheel,ground_or_obstacle,True,"[-0.2632374167442322, 0.07326370477676392, -8.5562467575101e-06]","[1.3435884048912507e-07, 0.0, 0.999999999999991]",6.154801368713379,0.0,6.154801368713434,1.05,nan,0.1383158193862763,False,False,True,isaaclab.ContactSensor.net_forces_w,wheel_geometry_approximation
2.533333333333327,rear_right_wheel,ground_or_obstacle,True,"[-0.26602017879486084, -0.323045939207077, -0.000302883982658389]","[1.3435883597331167e-07, 0.0, 0.9999999999999909]",8.369913101196289,0.0,8.369913101196365,1.05,nan,0.09460403076517801,False,False,True,isaaclab.ContactSensor.net_forces_w,wheel_geometry_approximation
2.558333333333327,front_left_wheel,ground_or_obstacle,True,"[0.29356837272644043, 0.07965406030416489, -0.0004270702600479154]","[1.3435885074888865e-07, 0.0, 0.999999999999991]",8.33411693572998,0.0,8.334116935730055,1.05,nan,0.034478548629391044,False,False,True,isaaclab.ContactSensor.net_forces_w,wheel_geometry_approximation
2.558333333333327,front_right_wheel,ground_or_obstacle,True,"[0.2971530258655548, -0.31863754987716675, -0.0001518718898296384]","[1.3435883276807645e-07, 0.0, 0.999999999999991]",5.921818256378174,0.0,5.921818256378227,1.05,nan,0.010525281779007292,False,False,True,isaaclab.ContactSensor.net_forces_w,wheel_geometry_approximation
2.558333333333327,rear_left_wheel,ground_or_obstacle,True,"[-0.2624962031841278, 0.07325711101293564, -3.2778084278109465e-05]","[1.3435883719393143e-07, 0.0, 0.9999999999999909]",5.738317489624023,0.0,5.738317489624076,1.05,nan,0.1347182677231895,False,False,True,isaaclab.ContactSensor.net_forces_w,wheel_geometry_approximation
2.558333333333327,rear_right_wheel,ground_or_obstacle,True,"[-0.26532500982284546, -0.3230525851249695, -0.00022946968674660007]","[1.3435884411593987e-07, 0.0, 0.9999999999999911]",8.755584716796875,0.0,8.755584716796953,1.05,nan,0.07654572724795132,False,False,True,isaaclab.ContactSensor.net_forces_w,wheel_geometry_approximation
2.583333333333327,front_left_wheel,ground_or_obstacle,True,"[0.294266939163208, 0.07964757829904556, -0.0003430053591728238]","[1.343588479743244e-07, 0.0, 0.999999999999991]",8.890464782714844,0.0,8.890464782714924,1.05,nan,0.034393855990320965,False,False,True,isaaclab.ContactSensor.net_forces_w,wheel_geometry_approximation
2.583333333333327,front_right_wheel,ground_or_obstacle,True,"[0.2978951930999756, -0.31864383816719055, -0.0002104409039020566]","[1.343588440485658e-07, 0.0, 0.9999999999999909]",5.37635612487793,0.0,5.3763561248779785,1.05,nan,0.002336893830490026,False,False,True,isaaclab.ContactSensor.net_forces_w,wheel_geometry_approximation
2.583333333333327,rear_left_wheel,ground_or_obstacle,True,"[-0.26175421476364136, 0.0732516422867775, -6.861537694931308e-05]","[1.343588456325079e-07, 0.0, 0.9999999999999909]",5.177371501922607,0.0,5.1773715019226545,1.05,nan,0.1405316586047352,False,False,True,isaaclab.ContactSensor.net_forces_w,wheel_geometry_approximation
2.583333333333327,rear_right_wheel,ground_or_obstacle,True,"[-0.2646307051181793, -0.32305821776390076, -0.00016556978225708285]","[1.343588446651406e-07, 0.0, 0.999999999999991]",9.270807266235352,0.0,9.270807266235435,1.05,nan,0.06447152298106354,False,False,True,isaaclab.ContactSensor.net_forces_w,wheel_geometry_approximation
2.6083333333333267,front_left_wheel,ground_or_obstacle,True,"[0.29497215151786804, 0.07964055240154266, -0.00026536658406257907]","[1.3435884092429955e-07, 0.0, 0.999999999999991]",9.279814720153809,0.0,9.279814720153892,1.05,nan,0.0413655573797329,False,False,True,isaaclab.ContactSensor.net_forces_w,wheel_geometry_approximation
2.6083333333333267,front_right_wheel,ground_or_obstacle,True,"[0.2986195683479309, -0.31865087151527405, -0.0002842724323272733]","[1.3435884691951296e-07, 0.0, 0.9999999999999909]",4.988750457763672,0.0,4.988750457763717,1.05,nan,0.14551608701255309,False,False,True,isaaclab.ContactSensor.net_forces_w,wheel_geometry_approximation
2.6083333333333267,rear_left_wheel,ground_or_obstacle,True,"[-0.26100465655326843, 0.07324568927288055, -0.00011634752154350558]","[1.3435884534782168e-07, 0.0, 0.999999999999991]",4.7435479164123535,0.0,4.743547916412396,1.05,nan,0.15401717834939246,False,False,True,isaaclab.ContactSensor.net_forces_w,wheel_geometry_approximation
2.6083333333333267,rear_right_wheel,ground_or_obstacle,True,"[-0.2639307975769043, -0.32306429743766785, -0.00011167600750923434]","[1.3435883763619706e-07, 0.0, 0.999999999999991]",9.707944869995117,0.0,9.707944869995204,1.05,nan,0.06165079763295507,False,False,True,isaaclab.ContactSensor.net_forces_w,wheel_geometry_approximation
2.6333333333333266,front_left_wheel,ground_or_obstacle,True,"[0.2956888675689697, 0.07963424921035767, -0.00020242407917976657]","[1.3435884513955012e-07, 0.0, 0.9999999999999909]",9.755937576293945,0.0,9.755937576294034,1.05,nan,0.04646273037078309,False,False,True,isaaclab.ContactSensor.net_forces_w,wheel_geometry_approximation
2.6333333333333266,front_right_wheel,ground_or_obstacle,True,"[0.2993659973144531, -0.31865715980529785, -0.00036655664443970004]","[1.3435884801248267e-07, 0.0, 0.9999999999999909]",4.4998674392700195,0.0,4.49986743927006,1.05,nan,0.022455805268956117,False,False,True,isaaclab.ContactSensor.net_forces_w,wheel_geometry_approximation
2.6333333333333266,rear_left_wheel,ground_or_obstacle,True,"[-0.2602443993091583, 0.07324159145355225, -0.00017459988594055453]","[1.3435884524621322e-07, 0.0, 0.9999999999999911]",4.282115936279297,0.0,4.282115936279335,1.05,nan,0.142172704990841,False,False,True,isaaclab.ContactSensor.net_forces_w,wheel_geometry_approximation
2.6333333333333266,rear_right_wheel,ground_or_obstacle,True,"[-0.26322513818740845, -0.3230687379837036, -6.591081619262973e-05]","[1.3435883870533247e-07, 0.0, 0.999999999999991]",10.125438690185547,0.0,10.125438690185637,1.05,nan,0.043646255572572776,False,False,True,isaaclab.ContactSensor.net_forces_w,wheel_geometry_approximation
2.6583333333333266,front_left_wheel,ground_or_obstacle,True,"[0.2964107096195221, 0.07962851226329803, -0.00014661177992821017]","[1.3435884378912655e-07, 0.0, 0.9999999999999909]",10.375816345214844,0.0,10.375816345214938,1.05,nan,0.06295445358494679,False,False,True,isaaclab.ContactSensor.net_forces_w,wheel_geometry_approximation
2.6583333333333266,front_right_wheel,ground_or_obstacle,True,"[0.30011239647865295, -0.3186626434326172, -0.0004617936909198789]","[1.3435883761119757e-07, 0.0, 0.999999999999991]",4.025992393493652,0.0,4.025992393493689,1.05,nan,0.06450541714379938,False,False,True,isaaclab.ContactSensor.net_forces_w,wheel_geometry_approximation
2.6583333333333266,rear_left_wheel,ground_or_obstacle,True,"[-0.25948476791381836, 0.0732368603348732, -0.0002469152212142972]","[1.3435882991239232e-07, 0.0, 0.9999999999999909]",3.758711576461792,0.0,3.758711576461826,1.05,nan,0.16448904342190568,False,False,True,isaaclab.ContactSensor.net_forces_w,wheel_geometry_approximation
2.6583333333333266,rear_right_wheel,ground_or_obstacle,True,"[-0.2625157833099365, -0.32307371497154236, -3.145933151245395e-05]","[1.3435885395582974e-07, 0.0, 0.999999999999991]",10.617785453796387,0.0,10.617785453796483,1.05,nan,0.06291558753251775,False,False,True,isaaclab.ContactSensor.net_forces_w,wheel_geometry_approximation
2.6833333333333265,front_left_wheel,ground_or_obstacle,True,"[0.2971360981464386, 0.07962232083082199, -0.00010177046060562411]","[1.3435884282403664e-07, 0.0, 0.999999999999991]",10.732226371765137,0.0,10.732226371765233,1.05,nan,0.08278665902227966,False,False,True,isaaclab.ContactSensor.net_forces_w,wheel_geometry_approximation
2.6833333333333265,front_right_wheel,ground_or_obstacle,True,"[0.3008419871330261, -0.3186687231063843, -0.0005692720413208036]","[1.3435883815419934e-07, 0.0, 0.999999999999991]",3.650970220565796,0.0,3.6509702205658288,1.05,nan,0.01676098841944369,False,False,True,isaaclab.ContactSensor.net_forces_w,wheel_geometry_approximation
2.6833333333333265,rear_left_wheel,ground_or_obstacle,True,"[-0.25871333479881287, 0.07323774695396423, -0.00033209770917892734]","[1.3435884552323238e-07, 0.0, 0.999999999999991]",3.295954942703247,0.0,3.295954942703277,1.05,nan,0.02132844538434538,False,False,True,isaaclab.ContactSensor.net_forces_w,wheel_geometry_approximation
2.6833333333333265,rear_right_wheel,ground_or_obstacle,True,"[-0.26180392503738403, -0.32307320833206177, -6.7904591560391525e-06]","[1.343588479766884e-07, 0.0, 0.999999999999991]",10.915762901306152,0.0,10.91576290130625,1.05,nan,0.07837125406393858,False,False,True,isaaclab.ContactSensor.net_forces_w,wheel_geometry_approximation
2.7083333333333264,front_left_wheel,ground_or_obstacle,True,"[0.29787299036979675, 0.07961402088403702, -6.687939167022983e-05]","[1.3435884146585547e-07, 0.0, 0.9999999999999909]",11.177735328674316,0.0,11.177735328674418,1.05,nan,0.07030555314162434,False,False,True,isaaclab.ContactSensor.net_forces_w,wheel_geometry_approximation
2.7083333333333264,front_right_wheel,ground_or_obstacle,True,"[0.3015858232975006, -0.3186768591403961, -0.0006863169372081784]","[1.3435884353104088e-07, 0.0, 0.999999999999991]",3.3076095581054688,0.0,3.3076095581054985,1.05,nan,0.057927523470620704,False,False,True,isaaclab.ContactSensor.net_forces_w,wheel_geometry_approximation
2.7083333333333264,rear_left_wheel,ground_or_obstacle,True,"[-0.2579307556152344, 0.07324665784835815, -0.00042311027646065036]","[1.343588350588553e-07, 0.0, 0.999999999999991]",3.193896770477295,0.0,3.193896770477324,1.05,nan,0.12102216186164892,False,False,True,isaaclab.ContactSensor.net_forces_w,wheel_geometry_approximation
2.7083333333333264,rear_right_wheel,ground_or_obstacle,True,"[-0.261089026927948, -0.3230645954608917, 9.839236736294832e-06]","[1.343588408050502e-07, 0.0, 0.9999999999999909]",11.153564453125,0.0,11.153564453125101,1.05,nan,0.03406389659394037,False,False,True,isaaclab.ContactSensor.net_forces_w,wheel_geometry_approximation
2.7333333333333263,front_left_wheel,ground_or_obstacle,True,"[0.29861730337142944, 0.07960812747478485, -4.5797973871233855e-05]","[1.3435882682382212e-07, 0.0, 0.999999999999991]",11.65373706817627,0.0,11.653737068176374,1.05,nan,0.09125211235977071,False,False,True,isaaclab.ContactSensor.net_forces_w,wheel_geometry_approximation
2.7333333333333263,front_right_wheel,ground_or_obstacle,True,"[0.3023328483104706, -0.318682461977005, -0.0008174583315849332]","[1.3435885005921565e-07, 0.0, 0.9999999999999909]",2.7975409030914307,0.0,2.797540903091456,1.05,nan,0.05089268359621825,False,False,True,isaaclab.ContactSensor.net_forces_w,wheel_geometry_approximation
2.7333333333333263,rear_left_wheel,ground_or_obstacle,True,"[-0.2571435272693634, 0.07323968410491943, -0.0005321905016899137]","[1.3435883766099583e-07, 0.0, 0.999999999999991]",2.573993682861328,0.0,2.573993682861351,1.05,nan,0.14603601258012747,False,False,True,isaaclab.ContactSensor.net_forces_w,wheel_geometry_approximation
2.7333333333333263,rear_right_wheel,ground_or_obstacle,True,"[-0.26035746932029724, -0.3230721652507782, 1.4104694128033723e-05]","[1.3435884133869676e-07, 0.0, 0.999999999999991]",11.715073585510254,0.0,11.715073585510359,1.05,nan,0.06526910342504959,False,False,True,isaaclab.ContactSensor.net_forces_w,wheel_geometry_approximation
2.758333333333326,front_left_wheel,ground_or_obstacle,True,"[0.29936689138412476, 0.07960265129804611, -3.170147538185397e-05]","[1.3435883873118342e-07, 0.0, 0.999999999999991]",12.305341720581055,0.0,12.305341720581165,1.05,nan,0.11056641951974731,False,False,True,isaaclab.ContactSensor.net_forces_w,wheel_geometry_approximation
2.758333333333326,front_right_wheel,ground_or_obstacle,True,"[0.30306392908096313, -0.3186877369880676, -0.0009597122669219998]","[1.3435885221316692e-07, 0.0, 0.9999999999999909]",2.205487012863159,0.0,2.205487012863179,1.05,nan,0.18842271358798734,False,False,True,isaaclab.ContactSensor.net_forces_w,wheel_geometry_approximation
2.758333333333326,rear_right_wheel,ground_or_obstacle,True,"[-0.25962862372398376, -0.3230675756931305, 6.765872240063753e-06]","[1.3435883105586417e-07, 0.0, 0.9999999999999909]",12.286211967468262,0.0,12.286211967468374,1.05,nan,0.05552254852419544,False,False,True,isaaclab.ContactSensor.net_forces_w,wheel_geometry_approximation
2.783333333333326,front_left_wheel,ground_or_obstacle,True,"[0.30011650919914246, 0.07960689067840576, -3.2290071249010954e-05]","[1.3435883595056155e-07, 0.0, 0.999999999999991]",11.318212509155273,0.0,11.318212509155375,1.05,nan,0.2170698221322902,False,False,True,isaaclab.ContactSensor.net_forces_w,wheel_geometry_approximation
2.783333333333326,front_right_wheel,ground_or_obstacle,True,"[0.3037988245487213, -0.3186835050582886, -0.0010091245174407987]","[1.3435884023833408e-07, 0.0, 0.9999999999999909]",3.1160647869110107,0.0,3.116064786911039,1.05,nan,0.1899274649045323,False,False,True,isaaclab.ContactSensor.net_forces_w,wheel_geometry_approximation
2.783333333333326,rear_left_wheel,ground_or_obstacle,True,"[-0.2555718719959259, 0.07324794679880142, -0.0007850669324398069]","[1.3435884162987384e-07, 0.0, 0.999999999999991]",3.143609046936035,0.0,3.1436090469360636,1.05,nan,0.2235065138504907,False,False,True,isaaclab.ContactSensor.net_forces_w,wheel_geometry_approximation
2.783333333333326,rear_right_wheel,ground_or_obstacle,True,"[-0.25889745354652405, -0.32306474447250366, -8.340179920199309e-06]","[1.3435883416600596e-07, 0.0, 0.999999999999991]",11.297239303588867,0.0,11.297239303588968,1.05,nan,0.22447880341888973,False,False,True,isaaclab.ContactSensor.net_forces_w,wheel_geometry_approximation
2.808333333333326,front_left_wheel,ground_or_obstacle,True,"[0.30084601044654846, 0.07962524890899658, -3.593713045120517e-05]","[1.3435883798694332e-07, 0.0, 0.9999999999999909]",11.357195854187012,0.0,11.357195854187115,1.05,nan,0.16064979381833178,False,False,True,isaaclab.ContactSensor.net_forces_w,wheel_geometry_approximation
2.808333333333326,front_right_wheel,ground_or_obstacle,True,"[0.30447956919670105, -0.3186655640602112, -0.0008785903453826932]","[1.3435883544027478e-07, 0.0, 0.9999999999999909]",3.0688955783843994,0.0,3.0688955783844274,1.05,nan,0.16031329685043622,False,False,True,isaaclab.ContactSensor.net_forces_w,wheel_geometry_approximation
2.808333333333326,rear_left_wheel,ground_or_obstacle,True,"[-0.2548242211341858, 0.07327648997306824, -0.000916171073913577]","[1.3435884236546078e-07, 0.0, 0.999999999999991]",3.152653455734253,0.0,3.1526534557342814,1.05,nan,0.19387223780883953,False,False,True,isaaclab.ContactSensor.net_forces_w,wheel_geometry_approximation
2.808333333333326,rear_right_wheel,ground_or_obstacle,True,"[-0.2581796944141388, -0.3230358958244324, -4.347339272499362e-05]","[1.3435884303902697e-07, 0.0, 0.999999999999991]",11.248034477233887,0.0,11.248034477233988,1.05,nan,0.14507849085080973,False,False,True,isaaclab.ContactSensor.net_forces_w,wheel_geometry_approximation
2.833333333333326,front_left_wheel,ground_or_obstacle,True,"[0.30157235264778137, 0.07964403927326202, -2.3286044597628508e-05]","[1.343588444869564e-07, 0.0, 0.9999999999999911]",11.532078742980957,0.0,11.53207874298106,1.05,nan,0.11723079741598717,False,False,True,isaaclab.ContactSensor.net_forces_w,wheel_geometry_approximation
2.833333333333326,front_right_wheel,ground_or_obstacle,True,"[0.30516424775123596, -0.3186471164226532, -0.0007552720606327085]","[1.3435884745083892e-07, 0.0, 0.999999999999991]",2.680832624435425,0.0,2.680832624435449,1.05,nan,0.18932351972578185,False,False,True,isaaclab.ContactSensor.net_forces_w,wheel_geometry_approximation
2.833333333333326,rear_left_wheel,ground_or_obstacle,True,"[-0.25408264994621277, 0.07329408079385757, -0.001063185930252078]","[1.3435883840099153e-07, 0.0, 0.9999999999999909]",2.9699244499206543,0.0,2.9699244499206814,1.05,nan,0.08942921210008367,False,False,True,isaaclab.ContactSensor.net_forces_w,wheel_geometry_approximation
2.833333333333326,rear_right_wheel,ground_or_obstacle,True,"[-0.2574525773525238, -0.32301801443099976, -9.199902415275851e-05]","[1.3435883298234523e-07, 0.0, 0.9999999999999909]",11.365034103393555,0.0,11.365034103393658,1.05,nan,0.18529337736946325,False,False,True,isaaclab.ContactSensor.net_forces_w,wheel_geometry_approximation
2.858333333333326,front_left_wheel,ground_or_obstacle,True,"[0.3022769093513489, 0.07966555655002594, -7.68080353737155e-06]","[1.3435883313626605e-07, 0.0, 0.9999999999999909]",11.553317070007324,0.0,11.553317070007429,1.05,nan,0.23177268713611754,False,False,True,isaaclab.ContactSensor.net_forces_w,wheel_geometry_approximation
2.858333333333326,front_right_wheel,ground_or_obstacle,True,"[0.30584293603897095, -0.31862589716911316, -0.0006448209285736112]","[1.3435883818618347e-07, 0.0, 0.9999999999999909]",2.9405770301818848,0.0,2.9405770301819114,1.05,nan,0.19603283578269848,False,False,True,isaaclab.ContactSensor.net_forces_w,wheel_geometry_approximation
2.858333333333326,rear_left_wheel,ground_or_obstacle,True,"[-0.25334298610687256, 0.07331854104995728, -0.0012167461216449765]","[1.3435883207319137e-07, 0.0, 0.999999999999991]",3.057551622390747,0.0,3.0575516223907746,1.05,nan,0.24024918033652076,False,False,True,isaaclab.ContactSensor.net_forces_w,wheel_geometry_approximation
2.858333333333326,rear_right_wheel,ground_or_obstacle,True,"[-0.25673359632492065, -0.3229931592941284, -0.0001499645411968259]","[1.3435883825395484e-07, 0.0, 0.999999999999991]",11.045661926269531,0.0,11.04566192626963,1.05,nan,0.20642595821349932,False,False,True,isaaclab.ContactSensor.net_forces_w,wheel_geometry_approximation
2.8833333333333258,front_left_wheel,ground_or_obstacle,True,"[0.3029841184616089, 0.07968170940876007, -2.2716820240048508e-06]","[1.3435884228132675e-07, 0.0, 0.9999999999999909]",10.772412300109863,0.0,10.772412300109961,1.05,nan,0.2976112563850854,False,False,True,isaaclab.ContactSensor.net_forces_w,wheel_geometry_approximation
2.8833333333333258,front_right_wheel,ground_or_obstacle,True,"[0.3065260052680969, -0.3186100125312805, -0.0005415558815002469]","[1.3435885012543208e-07, 0.0, 0.999999999999991]",3.6431853771209717,0.0,3.6431853771210045,1.05,nan,0.13358821514566455,False,False,True,isaaclab.ContactSensor.net_forces_w,wheel_geometry_approximation
2.8833333333333258,rear_left_wheel,ground_or_obstacle,True,"[-0.2526278793811798, 0.07333426922559738, -0.001267808675765994]","[1.3435884746576403e-07, 0.0, 0.999999999999991]",4.426648139953613,0.0,4.426648139953653,1.05,nan,0.20995584205952822,False,False,True,isaaclab.ContactSensor.net_forces_w,wheel_geometry_approximation
2.8833333333333258,rear_right_wheel,ground_or_obstacle,True,"[-0.2559965252876282, -0.32297709584236145, -0.00021470263600349704]","[1.343588449192888e-07, 0.0, 0.999999999999991]",10.264436721801758,0.0,10.26443672180185,1.05,nan,0.5178648713514518,False,False,True,isaaclab.ContactSensor.net_forces_w,wheel_geometry_approximation
2.9083333333333257,front_left_wheel,ground_or_obstacle,True,"[0.30371275544166565, 0.079692043364048, -8.098036050799284e-06]","[1.3435885032701626e-07, 0.0, 0.999999999999991]",10.222221374511719,0.0,10.222221374511811,1.05,nan,0.09658259769877478,False,False,True,isaaclab.ContactSensor.net_forces_w,wheel_geometry_approximation
2.9083333333333257,front_right_wheel,ground_or_obstacle,True,"[0.3072100579738617, -0.3185998201370239, -0.00044448226690292636]","[1.3435884116271614e-07, 0.0, 0.9999999999999909]",4.089582920074463,0.0,4.0895829200745,1.05,nan,0.10893292316715698,False,False,True,isaaclab.ContactSensor.net_forces_w,wheel_geometry_approximation
2.9083333333333257,rear_left_wheel,ground_or_obstacle,True,"[-0.2519370913505554, 0.07334335148334503, -0.0012008428573608426]","[1.3435883202733404e-07, 0.0, 0.999999999999991]",4.629918098449707,0.0,4.629918098449749,1.05,nan,0.2038742470094583,False,False,True,isaaclab.ContactSensor.net_forces_w,wheel_geometry_approximation
2.9083333333333257,rear_right_wheel,ground_or_obstacle,True,"[-0.25525417923927307, -0.32296764850616455, -0.0002915292978286771]","[1.3435884181649402e-07, 0.0, 0.9999999999999909]",9.742852210998535,0.0,9.742852210998624,1.05,nan,0.10928581756289642,False,False,True,isaaclab.ContactSensor.net_forces_w,wheel_geometry_approximation
2.9333333333333256,front_left_wheel,ground_or_obstacle,True,"[0.3044481575489044, 0.07970088720321655, -2.5904923677447234e-05]","[1.3435884203487214e-07, 0.0, 0.999999999999991]",9.871798515319824,0.0,9.871798515319913,1.05,nan,0.10014863565683399,False,False,True,isaaclab.ContactSensor.net_forces_w,wheel_geometry_approximation
2.9333333333333256,front_right_wheel,ground_or_obstacle,True,"[0.3078988194465637, -0.3185911774635315, -0.0003568559885025052]","[1.3435883033476805e-07, 0.0, 0.9999999999999909]",4.511830806732178,0.0,4.511830806732219,1.05,nan,0.04128905073052068,False,False,True,isaaclab.ContactSensor.net_forces_w,wheel_geometry_approximation
2.9333333333333256,rear_left_wheel,ground_or_obstacle,True,"[-0.2512400150299072, 0.0733555406332016, -0.0011427208781242398]","[1.3435885202244006e-07, 0.0, 0.999999999999991]",5.04488468170166,0.0,5.0448846817017055,1.05,nan,0.17357210268353,False,False,True,isaaclab.ContactSensor.net_forces_w,wheel_geometry_approximation
2.9333333333333256,rear_right_wheel,ground_or_obstacle,True,"[-0.2545020282268524, -0.3229551911354065, -0.00038082450628280917]","[1.3435884333300325e-07, 0.0, 0.999999999999991]",9.319143295288086,0.0,9.31914329528817,1.05,nan,0.12342949917335681,False,False,True,isaaclab.ContactSensor.net_forces_w,wheel_geometry_approximation
2.9583333333333255,front_left_wheel,ground_or_obstacle,True,"[0.30519747734069824, 0.07970918715000153, -5.634427070617953e-05]","[1.343588476840133e-07, 0.0, 0.999999999999991]",9.227100372314453,0.0,9.227100372314537,1.05,nan,0.08961760315173618,False,False,True,isaaclab.ContactSensor.net_forces_w,wheel_geometry_approximation
2.9583333333333255,front_right_wheel,ground_or_obstacle,True,"[0.30860036611557007, -0.3185831308364868, -0.00027634128928184787]","[1.3435885149436105e-07, 0.0, 0.9999999999999909]",5.201334476470947,0.0,5.201334476470994,1.05,nan,0.14671747885378258,False,False,True,isaaclab.ContactSensor.net_forces_w,wheel_geometry_approximation
2.9583333333333255,rear_left_wheel,ground_or_obstacle,True,"[-0.25053486227989197, 0.07336537539958954, -0.001093509793281558]","[1.3435883892998083e-07, 0.0, 0.999999999999991]",5.661183834075928,0.0,5.661183834075978,1.05,nan,0.17294276891363744,False,False,True,isaaclab.ContactSensor.net_forces_w,wheel_geometry_approximation
2.9583333333333255,rear_right_wheel,ground_or_obstacle,True,"[-0.2537354826927185, -0.3229449391365051, -0.00048139989376068393]","[1.3435884045480197e-07, 0.0, 0.999999999999991]",8.687402725219727,0.0,8.687402725219805,1.05,nan,0.12828288449365885,False,False,True,isaaclab.ContactSensor.net_forces_w,wheel_geometry_approximation
2.9833333333333254,front_left_wheel,ground_or_obstacle,True,"[0.3059411346912384, 0.07971647381782532, -9.815692901611606e-05]","[1.3435884415230971e-07, 0.0, 0.9999999999999911]",8.753581047058105,0.0,8.753581047058184,1.05,nan,0.08442469399596711,False,False,True,isaaclab.ContactSensor.net_forces_w,wheel_geometry_approximation
2.9833333333333254,front_right_wheel,ground_or_obstacle,True,"[0.30930057168006897, -0.3185758590698242, -0.00020528882741928378]","[1.3435884202996893e-07, 0.0, 0.999999999999991]",5.66365909576416,0.0,5.663659095764211,1.05,nan,0.08893743670104363,False,False,True,isaaclab.ContactSensor.net_forces_w,wheel_geometry_approximation
2.9833333333333254,rear_left_wheel,ground_or_obstacle,True,"[-0.24983809888362885, 0.07337252795696259, -0.0010554485023021726]","[1.3435883510780167e-07, 0.0, 0.9999999999999909]",6.078841209411621,0.0,6.078841209411676,1.05,nan,0.15065960903054287,False,False,True,isaaclab.ContactSensor.net_forces_w,wheel_geometry_approximation
2.9833333333333254,rear_right_wheel,ground_or_obstacle,True,"[-0.25297126173973083, -0.3229374885559082, -0.0005935013294219998]","[1.3435884557560898e-07, 0.0, 0.999999999999991]",8.250019073486328,0.0,8.250019073486403,1.05,nan,0.13259557510000675,False,False,True,isaaclab.ContactSensor.net_forces_w,wheel_geometry_approximation
3.0083333333333253,front_left_wheel,ground_or_obstacle,True,"[0.30669745802879333, 0.0797235444188118, -0.0001531049609184293]","[1.343588506274234e-07, 0.0, 0.9999999999999909]",8.210033416748047,0.0,8.210033416748121,1.05,nan,0.07258275672338,False,False,True,isaaclab.ContactSensor.net_forces_w,wheel_geometry_approximation
3.0083333333333253,front_right_wheel,ground_or_obstacle,True,"[0.3100122809410095, -0.3185689449310303, -0.00014426857233047763]","[1.343588318207516e-07, 0.0, 0.9999999999999909]",6.227878093719482,0.0,6.227878093719539,1.05,nan,0.10499532257912798,False,False,True,isaaclab.ContactSensor.net_forces_w,wheel_geometry_approximation
3.0083333333333253,rear_left_wheel,ground_or_obstacle,True,"[-0.24913033843040466, 0.07338029891252518, -0.0010261565446853665]","[1.3435884178442315e-07, 0.0, 0.999999999999991]",6.595355987548828,0.0,6.595355987548888,1.05,nan,0.15116543381387254,False,False,True,isaaclab.ContactSensor.net_forces_w,wheel_geometry_approximation
3.0083333333333253,rear_right_wheel,ground_or_obstacle,True,"[-0.25219225883483887, -0.3229295611381531, -0.0007199712097644834]","[1.343588291512441e-07, 0.0, 0.999999999999991]",7.721473217010498,0.0,7.721473217010567,1.05,nan,0.14422424904968412,False,False,True,isaaclab.ContactSensor.net_forces_w,wheel_geometry_approximation
3.033333333333325,front_left_wheel,ground_or_obstacle,True,"[0.30745306611061096, 0.07973005622625351, -0.00021976903080940524]","[1.343588428461392e-07, 0.0, 0.999999999999991]",7.658572673797607,0.0,7.658572673797677,1.05,nan,0.07485183498298226,False,False,True,isaaclab.ContactSensor.net_forces_w,wheel_geometry_approximation
3.033333333333325,front_right_wheel,ground_or_obstacle,True,"[0.3107258975505829, -0.3185625672340393, -9.322836995125094e-05]","[1.3435884120677083e-07, 0.0, 0.999999999999991]",6.796527862548828,0.0,6.796527862548889,1.05,nan,0.1136305647531917,False,False,True,isaaclab.ContactSensor.net_forces_w,wheel_geometry_approximation
3.033333333333325,rear_left_wheel,ground_or_obstacle,True,"[-0.24842549860477448, 0.07338638603687286, -0.0010078467428684262]","[1.343588410205597e-07, 0.0, 0.999999999999991]",7.09483528137207,0.0,7.094835281372134,1.05,nan,0.1375154485882534,False,False,True,isaaclab.ContactSensor.net_forces_w,wheel_geometry_approximation
3.033333333333325,rear_right_wheel,ground_or_obstacle,True,"[-0.2514118552207947, -0.32292333245277405, -0.0008592709898948697]","[1.3435884119160213e-07, 0.0, 0.999999999999991]",7.197554111480713,0.0,7.197554111480778,1.05,nan,0.14774027621283956,False,False,True,isaaclab.ContactSensor.net_forces_w,wheel_geometry_approximation
3.058333333333325,front_left_wheel,ground_or_obstacle,True,"[0.3082175850868225, 0.07973631471395493, -0.00029966160655021945]","[1.343588351830745e-07, 0.0, 0.9999999999999909]",7.15722131729126,0.0,7.157221317291325,1.05,nan,0.0656389774884992,False,False,True,isaaclab.ContactSensor.net_forces_w,wheel_geometry_approximation
3.058333333333325,front_right_wheel,ground_or_obstacle,True,"[0.31145116686820984, -0.31855636835098267, -5.316659808159152e-05]","[1.3435883895935686e-07, 0.0, 0.9999999999999909]",7.3597869873046875,0.0,7.359786987304754,1.05,nan,0.13885059650801246,False,False,True,isaaclab.ContactSensor.net_forces_w,wheel_geometry_approximation
3.058333333333325,rear_left_wheel,ground_or_obstacle,True,"[-0.24771128594875336, 0.07339176535606384, -0.001000440865755084]","[1.343588492393241e-07, 0.0, 0.9999999999999909]",7.520385265350342,0.0,7.52038526535041,1.05,nan,0.14527237674105606,False,False,True,isaaclab.ContactSensor.net_forces_w,wheel_geometry_approximation
3.058333333333325,rear_right_wheel,ground_or_obstacle,True,"[-0.2506207227706909, -0.32291772961616516, -0.0010141089558601407]","[1.3435883166086153e-07, 0.0, 0.999999999999991]",6.7204084396362305,0.0,6.720408439636291,1.05,nan,0.1626348630642569,False,False,True,isaaclab.ContactSensor.net_forces_w,wheel_geometry_approximation
3.083333333333325,front_left_wheel,ground_or_obstacle,True,"[0.3089714050292969, 0.07974717020988464, -0.0003894783556461362]","[1.3435884690094235e-07, 0.0, 0.999999999999991]",7.696092128753662,0.0,7.696092128753731,1.05,nan,0.06989248167851073,False,False,True,isaaclab.ContactSensor.net_forces_w,wheel_geometry_approximation
3.083333333333325,front_right_wheel,ground_or_obstacle,True,"[0.3121533691883087, -0.31854552030563354, -2.4541467428210173e-05]","[1.3435883217629452e-07, 0.0, 0.999999999999991]",6.5834245681762695,0.0,6.583424568176329,1.05,nan,0.09779521737861849,False,False,True,isaaclab.ContactSensor.net_forces_w,wheel_geometry_approximation
3.083333333333325,rear_left_wheel,ground_or_obstacle,True,"[-0.24700362980365753, 0.0734066367149353, -0.0010002098977565793]","[1.343588461853956e-07, 0.0, 0.999999999999991]",6.941306114196777,0.0,6.9413061141968395,1.05,nan,0.1550227622042696,False,False,True,isaaclab.ContactSensor.net_forces_w,wheel_geometry_approximation
3.083333333333325,rear_right_wheel,ground_or_obstacle,True,"[-0.24989905953407288, -0.32290300726890564, -0.001023086905479434]","[1.3435884874208432e-07, 0.0, 0.999999999999991]",7.58461856842041,0.0,7.5846185684204785,1.05,nan,0.131855444367166,False,False,True,isaaclab.ContactSensor.net_forces_w,wheel_geometry_approximation
3.108333333333325,front_left_wheel,ground_or_obstacle,True,"[0.3097301423549652, 0.07976395636796951, -0.0004927471280097989]","[1.343588386620335e-07, 0.0, 0.9999999999999909]",7.455512046813965,0.0,7.455512046814032,1.05,nan,0.02259053821457142,False,False,True,isaaclab.ContactSensor.net_forces_w,wheel_geometry_approximation
3.108333333333325,front_right_wheel,ground_or_obstacle,True,"[0.3128674030303955, -0.3185287415981293, -7.684528827670012e-06]","[1.3435884670090284e-07, 0.0, 0.999999999999991]",6.812081813812256,0.0,6.812081813812317,1.05,nan,0.09125838121182353,False,False,True,isaaclab.ContactSensor.net_forces_w,wheel_geometry_approximation
3.108333333333325,rear_left_wheel,ground_or_obstacle,True,"[-0.24629393219947815, 0.07342322170734406, -0.001012231409549716]","[1.3435883913214957e-07, 0.0, 0.999999999999991]",6.926113128662109,0.0,6.9261131286621715,1.05,nan,0.10340728430195137,False,False,True,isaaclab.ContactSensor.net_forces_w,wheel_geometry_approximation
3.108333333333325,rear_right_wheel,ground_or_obstacle,True,"[-0.24922530353069305, -0.3228864371776581, -0.0008899636566638974]","[1.3435884113866668e-07, 0.0, 0.9999999999999909]",7.521717548370361,0.0,7.52171754837043,1.05,nan,0.09128179272412162,False,False,True,isaaclab.ContactSensor.net_forces_w,wheel_geometry_approximation
3.133333333333325,front_left_wheel,ground_or_obstacle,True,"[0.31049373745918274, 0.07978110760450363, -0.0006079554557800321]","[1.3435882678245716e-07, 0.0, 0.999999999999991]",7.591897487640381,0.0,7.591897487640449,1.05,nan,0.003335176062520945,False,False,True,isaaclab.ContactSensor.net_forces_w,wheel_geometry_approximation
3.133333333333325,front_right_wheel,ground_or_obstacle,True,"[0.31358543038368225, -0.3185116946697235, -2.0593404769925217e-06]","[1.3435883863033046e-07, 0.0, 0.999999999999991]",6.742246627807617,0.0,6.742246627807678,1.05,nan,0.051272597727773574,False,False,True,isaaclab.ContactSensor.net_forces_w,wheel_geometry_approximation
3.133333333333325,rear_left_wheel,ground_or_obstacle,True,"[-0.2455727607011795, 0.07344099134206772, -0.001035950332880023]","[1.3435884268639559e-07, 0.0, 0.9999999999999909]",6.7635908126831055,0.0,6.763590812683167,1.05,nan,0.09174470103418048,False,False,True,isaaclab.ContactSensor.net_forces_w,wheel_geometry_approximation
3.133333333333325,rear_right_wheel,ground_or_obstacle,True,"[-0.24854524433612823, -0.322868674993515, -0.0007644213736057309]","[1.3435883643638863e-07, 0.0, 0.9999999999999909]",7.65327787399292,0.0,7.653277873992989,1.05,nan,0.07072917221672152,False,False,True,isaaclab.ContactSensor.net_forces_w,wheel_geometry_approximation
3.1583333333333248,front_left_wheel,ground_or_obstacle,True,"[0.311271995306015, 0.07979955524206161, -0.0007377780973911313]","[1.3435883526227142e-07, 0.0, 0.999999999999991]",7.585859775543213,0.0,7.585859775543281,1.05,nan,0.008691001807395847,False,False,True,isaaclab.ContactSensor.net_forces_w,wheel_geometry_approximation
3.1583333333333248,front_right_wheel,ground_or_obstacle,True,"[0.3143032193183899, -0.31849315762519836, -8.865445852282439e-06]","[1.3435884031959455e-07, 0.0, 0.999999999999991]",6.799469947814941,0.0,6.799469947815003,1.05,nan,0.033145014258049575,False,False,True,isaaclab.ContactSensor.net_forces_w,wheel_geometry_approximation
3.1583333333333248,rear_left_wheel,ground_or_obstacle,True,"[-0.24483613669872284, 0.073459193110466, -0.001070040464401248]","[1.3435884357504318e-07, 0.0, 0.999999999999991]",6.782017230987549,0.0,6.78201723098761,1.05,nan,0.07965375183756508,False,False,True,isaaclab.ContactSensor.net_forces_w,wheel_geometry_approximation
3.1583333333333248,rear_right_wheel,ground_or_obstacle,True,"[-0.24784888327121735, -0.32285037636756897, -0.0006449736654758481]","[1.3435882420567401e-07, 0.0, 0.999999999999991]",7.581591606140137,0.0,7.581591606140205,1.05,nan,0.06721518112191839,False,False,True,isaaclab.ContactSensor.net_forces_w,wheel_geometry_approximation
3.1833333333333247,front_left_wheel,ground_or_obstacle,True,"[0.3120594620704651, 0.07981838285923004, -0.0008817717432975797]","[1.343588458362838e-07, 0.0, 0.999999999999991]",7.579329490661621,0.0,7.5793294906616895,1.05,nan,0.0010961467842985529,False,False,True,isaaclab.ContactSensor.net_forces_w,wheel_geometry_approximation
3.1833333333333247,front_right_wheel,ground_or_obstacle,True,"[0.3150414228439331, -0.3184742033481598, -2.8028339147570525e-05]","[1.3435883437986627e-07, 0.0, 0.9999999999999909]",6.837879657745361,0.0,6.8378796577454235,1.05,nan,0.02453463945908642,False,False,True,isaaclab.ContactSensor.net_forces_w,wheel_geometry_approximation
3.1833333333333247,rear_left_wheel,ground_or_obstacle,True,"[-0.24408948421478271, 0.07347781211137772, -0.0011163122951984433]","[1.3435883324239753e-07, 0.0, 0.999999999999991]",6.78495979309082,0.0,6.784959793090882,1.05,nan,0.08862359880678931,False,False,True,isaaclab.ContactSensor.net_forces_w,wheel_geometry_approximation
3.1833333333333247,rear_right_wheel,ground_or_obstacle,True,"[-0.2471415251493454, -0.3228316605091095, -0.0005342394113540677]","[1.3435883154009077e-07, 0.0, 0.999999999999991]",7.532907485961914,0.0,7.532907485961982,1.05,nan,0.07861039442923713,False,False,True,isaaclab.ContactSensor.net_forces_w,wheel_geometry_approximation
3.2083333333333246,front_left_wheel,ground_or_obstacle,True,"[0.3128526508808136, 0.07983815670013428, -0.0010406665503978757]","[1.3435884782276433e-07, 0.0, 0.999999999999991]",7.720349311828613,0.0,7.720349311828683,1.05,nan,0.021418792338967603,False,False,True,isaaclab.ContactSensor.net_forces_w,wheel_geometry_approximation
3.2083333333333246,front_right_wheel,ground_or_obstacle,True,"[0.31581205129623413, -0.3184540569782257, -6.017386913299838e-05]","[1.3435883438431187e-07, 0.0, 0.999999999999991]",6.683861255645752,0.0,6.683861255645812,1.05,nan,0.008854906083817506,False,False,True,isaaclab.ContactSensor.net_forces_w,wheel_geometry_approximation
3.2083333333333246,rear_left_wheel,ground_or_obstacle,True,"[-0.2433347851037979, 0.0734989121556282, -0.0011750489473342923]","[1.3435884118114472e-07, 0.0, 0.999999999999991]",6.681933403015137,0.0,6.681933403015197,1.05,nan,0.0643446678054956,False,False,True,isaaclab.ContactSensor.net_forces_w,wheel_geometry_approximation
3.2083333333333246,rear_right_wheel,ground_or_obstacle,True,"[-0.24642619490623474, -0.32281041145324707, -0.0004330456256866483]","[1.3435883645367369e-07, 0.0, 0.999999999999991]",7.609824180603027,0.0,7.609824180603096,1.05,nan,0.05587004970891035,False,False,True,isaaclab.ContactSensor.net_forces_w,wheel_geometry_approximation
3.2333333333333245,front_left_wheel,ground_or_obstacle,True,"[0.31364548206329346, 0.0798569917678833, -0.0011991254985332517]","[1.3435883685226486e-07, 0.0, 0.9999999999999909]",8.206483840942383,0.0,8.206483840942457,1.05,nan,0.00702975853551632,False,False,True,isaaclab.ContactSensor.net_forces_w,wheel_geometry_approximation
3.2333333333333245,front_right_wheel,ground_or_obstacle,True,"[0.31660714745521545, -0.31843504309654236, -0.00010414347052574435]","[1.3435883969153757e-07, 0.0, 0.9999999999999909]",6.368565559387207,0.0,6.368565559387265,1.05,nan,0.024411801341138885,False,False,True,isaaclab.ContactSensor.net_forces_w,wheel_geometry_approximation
3.2333333333333245,rear_left_wheel,ground_or_obstacle,True,"[-0.24257446825504303, 0.07351759076118469, -0.0012447007000446347]","[1.343588399554684e-07, 0.0, 0.9999999999999909]",6.478177070617676,0.0,6.478177070617734,1.05,nan,0.07588823625968935,False,False,True,isaaclab.ContactSensor.net_forces_w,wheel_geometry_approximation
3.2333333333333245,rear_right_wheel,ground_or_obstacle,True,"[-0.24570514261722565, -0.3227914869785309, -0.00034168288111686984]","[1.3435884762174936e-07, 0.0, 0.9999999999999909]",7.83586311340332,0.0,7.835863113403391,1.05,nan,0.07065362251740445,False,False,True,isaaclab.ContactSensor.net_forces_w,wheel_geometry_approximation
3.2583333333333244,front_left_wheel,ground_or_obstacle,True,"[0.31438231468200684, 0.07985839247703552, -0.0012714594602584867]","[1.343588461625638e-07, 0.0, 0.999999999999991]",7.172266006469727,0.0,7.172266006469791,1.05,nan,0.03238219352963593,False,False,True,isaaclab.ContactSensor.net_forces_w,wheel_geometry_approximation
3.2583333333333244,front_right_wheel,ground_or_obstacle,True,"[0.3173660337924957, -0.31843358278274536, -0.00015897601842880527]","[1.3435883811547572e-07, 0.0, 0.999999999999991]",7.071089267730713,0.0,7.071089267730777,1.05,nan,0.032543900826381096,False,False,True,isaaclab.ContactSensor.net_forces_w,wheel_geometry_approximation
3.2583333333333244,rear_left_wheel,ground_or_obstacle,True,"[-0.24192000925540924, 0.07351765781641006, -0.0011033073067665128]","[1.3435883231226562e-07, 0.0, 0.999999999999991]",7.105983257293701,0.0,7.105983257293765,1.05,nan,0.08402645488910551,False,False,True,isaaclab.ContactSensor.net_forces_w,wheel_geometry_approximation
3.2583333333333244,rear_right_wheel,ground_or_obstacle,True,"[-0.24501313269138336, -0.32279157638549805, -0.0002608329057693509]","[1.3435884492420438e-07, 0.0, 0.999999999999991]",7.409154891967773,0.0,7.40915489196784,1.05,nan,0.1000320892212684,False,False,True,isaaclab.ContactSensor.net_forces_w,wheel_geometry_approximation
3.2833333333333243,front_left_wheel,ground_or_obstacle,True,"[0.3151297867298126, 0.07985911518335342, -0.0013568542897701291]","[1.3435883381416486e-07, 0.0, 0.9999999999999909]",7.058739185333252,0.0,7.058739185333316,1.05,nan,0.05441573792251447,False,False,True,isaaclab.ContactSensor.net_forces_w,wheel_geometry_approximation
3.2833333333333243,front_right_wheel,ground_or_obstacle,True,"[0.31813672184944153, -0.3184327185153961, -0.00022697746753692905]","[1.3435882895898556e-07, 0.0, 0.999999999999991]",7.218305587768555,0.0,7.2183055877686195,1.05,nan,0.021629392800454977,False,False,True,isaaclab.ContactSensor.net_forces_w,wheel_geometry_approximation
3.2833333333333243,rear_left_wheel,ground_or_obstacle,True,"[-0.24125006794929504, 0.07351833581924438, -0.0009626254439353971]","[1.3435884564534155e-07, 0.0, 0.999999999999991]",7.198426246643066,0.0,7.198426246643131,1.05,nan,0.06654297496259218,False,False,True,isaaclab.ContactSensor.net_forces_w,wheel_geometry_approximation
3.2833333333333243,rear_right_wheel,ground_or_obstacle,True,"[-0.24430058896541595, -0.32279083132743835, -0.00019055902957916537]","[1.3435883482311708e-07, 0.0, 0.9999999999999909]",7.254379749298096,0.0,7.254379749298161,1.05,nan,0.06763350194351021,False,False,True,isaaclab.ContactSensor.net_forces_w,wheel_geometry_approximation
3.3083333333333242,front_left_wheel,ground_or_obstacle,True,"[0.3158845603466034, 0.07985968887805939, -0.0014543563127517728]","[1.3435883975771673e-07, 0.0, 0.999999999999991]",6.98613977432251,0.0,6.986139774322573,1.05,nan,0.08522250621179141,False,False,True,isaaclab.ContactSensor.net_forces_w,wheel_geometry_approximation
3.3083333333333242,front_right_wheel,ground_or_obstacle,True,"[0.3189154267311096, -0.3184320330619812, -0.00030771195888519565]","[1.3435883492648694e-07, 0.0, 0.9999999999999909]",7.249370574951172,0.0,7.249370574951238,1.05,nan,0.002723778039765318,False,False,True,isaaclab.ContactSensor.net_forces_w,wheel_geometry_approximation
3.3083333333333242,rear_left_wheel,ground_or_obstacle,True,"[-0.2405707687139511, 0.07351832836866379, -0.0008298821747303037]","[1.3435884892644607e-07, 0.0, 0.999999999999991]",7.21809720993042,0.0,7.218097209930485,1.05,nan,0.04911241416764162,False,False,True,isaaclab.ContactSensor.net_forces_w,wheel_geometry_approximation
3.3083333333333242,rear_right_wheel,ground_or_obstacle,True,"[-0.243577778339386, -0.3227909207344055, -0.0001307047903537778]","[1.3435884277606151e-07, 0.0, 0.9999999999999909]",7.2237396240234375,0.0,7.223739624023503,1.05,nan,0.05241673257928121,False,False,True,isaaclab.ContactSensor.net_forces_w,wheel_geometry_approximation
3.333333333333324,front_left_wheel,ground_or_obstacle,True,"[0.3166310489177704, 0.07985492050647736, -0.0015244849026203183]","[1.343588413927725e-07, 0.0, 0.999999999999991]",6.994074821472168,0.0,6.994074821472231,1.05,nan,0.04998353654602287,False,False,True,isaaclab.ContactSensor.net_forces_w,wheel_geometry_approximation
3.333333333333324,front_right_wheel,ground_or_obstacle,True,"[0.3196972608566284, -0.31843677163124084, -0.00040136575698852817]","[1.3435883054377475e-07, 0.0, 0.999999999999991]",7.303050994873047,0.0,7.303050994873113,1.05,nan,0.009466720144690934,False,False,True,isaaclab.ContactSensor.net_forces_w,wheel_geometry_approximation
3.333333333333324,rear_left_wheel,ground_or_obstacle,True,"[-0.23988384008407593, 0.07351378351449966, -0.0007047794759273557]","[1.3435883422124043e-07, 0.0, 0.999999999999991]",6.89618444442749,0.0,6.896184444427552,1.05,nan,0.09468163262222995,False,False,True,isaaclab.ContactSensor.net_forces_w,wheel_geometry_approximation
3.333333333333324,rear_right_wheel,ground_or_obstacle,True,"[-0.2428552210330963, -0.3227955400943756, -8.260384202003757e-05]","[1.3435884909040502e-07, 0.0, 0.9999999999999909]",7.555287837982178,0.0,7.555287837982246,1.05,nan,0.08836066632712385,False,False,True,isaaclab.ContactSensor.net_forces_w,wheel_geometry_approximation
3.358333333333324,front_left_wheel,ground_or_obstacle,True,"[0.31736689805984497, 0.07984528690576553, -0.001574541628360751]","[1.3435883251932518e-07, 0.0, 0.999999999999991]",7.055400371551514,0.0,7.055400371551577,1.05,nan,0.06700831913107447,False,False,True,isaaclab.ContactSensor.net_forces_w,wheel_geometry_approximation
3.358333333333324,front_right_wheel,ground_or_obstacle,True,"[0.32048124074935913, -0.31844642758369446, -0.0005081661045551328]","[1.3435883584624553e-07, 0.0, 0.999999999999991]",7.288448810577393,0.0,7.288448810577458,1.05,nan,0.0017049883441576524,False,False,True,isaaclab.ContactSensor.net_forces_w,wheel_geometry_approximation
3.358333333333324,rear_left_wheel,ground_or_obstacle,True,"[-0.23918917775154114, 0.07350369542837143, -0.0005905769765377072]","[1.3435884310507947e-07, 0.0, 0.9999999999999909]",6.862354755401611,0.0,6.8623547554016735,1.05,nan,0.07355705476394421,False,False,True,isaaclab.ContactSensor.net_forces_w,wheel_geometry_approximation
3.358333333333324,rear_right_wheel,ground_or_obstacle,True,"[-0.24213305115699768, -0.32280561327934265, -4.498586058616916e-05]","[1.3435884484624649e-07, 0.0, 0.999999999999991]",7.531760215759277,0.0,7.531760215759345,1.05,nan,0.0721921770261568,False,False,True,isaaclab.ContactSensor.net_forces_w,wheel_geometry_approximation
3.383333333333324,front_left_wheel,ground_or_obstacle,True,"[0.3180500566959381, 0.07982875406742096, -0.001533328741788867]","[1.343588349613653e-07, 0.0, 0.999999999999991]",7.857316970825195,0.0,7.857316970825266,1.05,nan,0.04254843784667152,False,False,True,isaaclab.ContactSensor.net_forces_w,wheel_geometry_approximation
3.383333333333324,front_right_wheel,ground_or_obstacle,True,"[0.3212449848651886, -0.31846317648887634, -0.0006239444017410306]","[1.3435882797212976e-07, 0.0, 0.999999999999991]",6.196020126342773,0.0,6.196020126342829,1.05,nan,0.07307528099019389,False,False,True,isaaclab.ContactSensor.net_forces_w,wheel_geometry_approximation
3.383333333333324,rear_left_wheel,ground_or_obstacle,True,"[-0.238500714302063, 0.07348769903182983, -0.0004870772361755399]","[1.3435883945998669e-07, 0.0, 0.999999999999991]",5.955900192260742,0.0,5.9559001922607955,1.05,nan,0.19212623691803454,False,False,True,isaaclab.ContactSensor.net_forces_w,wheel_geometry_approximation
3.383333333333324,rear_right_wheel,ground_or_obstacle,True,"[-0.2414398491382599, -0.3228217363357544, -2.0715594291689787e-05]","[1.34358849762164e-07, 0.0, 0.9999999999999909]",8.598516464233398,0.0,8.598516464233477,1.05,nan,0.021007545775765274,False,False,True,isaaclab.ContactSensor.net_forces_w,wheel_geometry_approximation
3.408333333333324,front_left_wheel,ground_or_obstacle,True,"[0.3186808228492737, 0.07980228960514069, -0.0013873755931854276]","[1.3435884824867476e-07, 0.0, 0.9999999999999909]",8.370986938476562,0.0,8.370986938476639,1.05,nan,0.01271014503507334,False,False,True,isaaclab.ContactSensor.net_forces_w,wheel_geometry_approximation
3.408333333333324,front_right_wheel,ground_or_obstacle,True,"[0.3219861388206482, -0.31848984956741333, -0.0007468976080417661]","[1.3435884291676332e-07, 0.0, 0.999999999999991]",5.809384822845459,0.0,5.809384822845511,1.05,nan,0.0311891806933172,False,False,True,isaaclab.ContactSensor.net_forces_w,wheel_geometry_approximation
3.408333333333324,rear_left_wheel,ground_or_obstacle,True,"[-0.23781707882881165, 0.07346159219741821, -0.00039791241288185397]","[1.3435884696086403e-07, 0.0, 0.999999999999991]",5.538999557495117,0.0,5.538999557495167,1.05,nan,0.17603743044062758,False,False,True,isaaclab.ContactSensor.net_forces_w,wheel_geometry_approximation
3.408333333333324,rear_right_wheel,ground_or_obstacle,True,"[-0.2407498061656952, -0.32284781336784363, -9.144842624667082e-06]","[1.3435885659287584e-07, 0.0, 0.9999999999999909]",9.017387390136719,0.0,9.0173873901368,1.05,nan,0.0768651371252526,False,False,True,isaaclab.ContactSensor.net_forces_w,wheel_geometry_approximation
3.433333333333324,front_left_wheel,ground_or_obstacle,True,"[0.3193175196647644, 0.07977641373872757, -0.001247308403253558]","[1.3435884052217407e-07, 0.0, 0.999999999999991]",8.856804847717285,0.0,8.856804847717365,1.05,nan,0.0035407345562783396,False,False,True,isaaclab.ContactSensor.net_forces_w,wheel_geometry_approximation
3.433333333333324,front_right_wheel,ground_or_obstacle,True,"[0.32272204756736755, -0.3185157775878906, -0.0008808366954326657]","[1.3435884020270422e-07, 0.0, 0.999999999999991]",5.336419582366943,0.0,5.336419582366991,1.05,nan,4.7468954667738613e-05,False,False,True,isaaclab.ContactSensor.net_forces_w,wheel_geometry_approximation
3.433333333333324,rear_left_wheel,ground_or_obstacle,True,"[-0.2371247559785843, 0.07343792170286179, -0.00031639933586120883]","[1.343588393256253e-07, 0.0, 0.9999999999999911]",5.272160530090332,0.0,5.272160530090379,1.05,nan,0.17130060805917538,False,False,True,isaaclab.ContactSensor.net_forces_w,wheel_geometry_approximation
3.433333333333324,rear_right_wheel,ground_or_obstacle,True,"[-0.2400713562965393, -0.32287153601646423, -5.713850259783659e-06]","[1.3435884484777353e-07, 0.0, 0.999999999999991]",9.304268836975098,0.0,9.304268836975181,1.05,nan,0.052745746712924195,False,False,True,isaaclab.ContactSensor.net_forces_w,wheel_geometry_approximation
3.4583333333333237,front_left_wheel,ground_or_obstacle,True,"[0.3199682831764221, 0.07975216209888458, -0.0011125907301902799]","[1.3435884314949806e-07, 0.0, 0.9999999999999909]",9.582837104797363,0.0,9.58283710479745,1.05,nan,0.003070806002959096,False,False,True,isaaclab.ContactSensor.net_forces_w,wheel_geometry_approximation
3.4583333333333237,front_right_wheel,ground_or_obstacle,True,"[0.323459267616272, -0.31853991746902466, -0.001026983559131625]","[1.343588469907436e-07, 0.0, 0.999999999999991]",4.657071590423584,0.0,4.657071590423626,1.05,nan,0.041547176443175564,False,False,True,isaaclab.ContactSensor.net_forces_w,wheel_geometry_approximation
3.4583333333333237,rear_left_wheel,ground_or_obstacle,True,"[-0.236422598361969, 0.07341481745243073, -0.0002444341778755216]","[1.3435885291916263e-07, 0.0, 0.999999999999991]",4.833822250366211,0.0,4.8338222503662545,1.05,nan,0.18076297363593605,False,False,True,isaaclab.ContactSensor.net_forces_w,wheel_geometry_approximation
3.4583333333333237,rear_right_wheel,ground_or_obstacle,True,"[-0.23938320577144623, -0.32289475202560425, -1.3525784015658293e-05]","[1.3435885840679904e-07, 0.0, 0.999999999999991]",9.637511253356934,0.0,9.63751125335702,1.05,nan,0.08108145123359835,False,False,True,isaaclab.ContactSensor.net_forces_w,wheel_geometry_approximation
3.4833333333333236,front_left_wheel,ground_or_obstacle,True,"[0.3206266462802887, 0.07972826808691025, -0.0009764760732650785]","[1.3435884429359193e-07, 0.0, 0.999999999999991]",10.073835372924805,0.0,10.073835372924895,1.05,nan,0.018798664474034478,False,False,True,isaaclab.ContactSensor.net_forces_w,wheel_geometry_approximation
3.4833333333333236,front_right_wheel,ground_or_obstacle,True,"[0.32419446110725403, -0.3185635209083557, -0.001172593981027606]","[1.3435884994661768e-07, 0.0, 0.999999999999991]",4.162552356719971,0.0,4.162552356720008,1.05,nan,0.045588349604617426,False,False,True,isaaclab.ContactSensor.net_forces_w,wheel_geometry_approximation
3.4833333333333236,rear_left_wheel,ground_or_obstacle,True,"[-0.23571228981018066, 0.07339385151863098, -0.00018147304654121676]","[1.3435885306386513e-07, 0.0, 0.9999999999999909]",4.500004768371582,0.0,4.500004768371623,1.05,nan,0.1992792298459215,False,False,True,isaaclab.ContactSensor.net_forces_w,wheel_geometry_approximation
3.4833333333333236,rear_right_wheel,ground_or_obstacle,True,"[-0.2387019246816635, -0.3229159414768219, -2.4042278528216277e-05]","[1.3435884447851663e-07, 0.0, 0.9999999999999909]",9.982290267944336,0.0,9.982290267944427,1.05,nan,0.07057208116680058,False,False,True,isaaclab.ContactSensor.net_forces_w,wheel_geometry_approximation
3.5083333333333235,front_left_wheel,ground_or_obstacle,True,"[0.32129791378974915, 0.07970528304576874, -0.0008470408618450193]","[1.343588450117154e-07, 0.0, 0.9999999999999909]",10.532122611999512,0.0,10.532122611999608,1.05,nan,0.0017519311296286012,False,False,True,isaaclab.ContactSensor.net_forces_w,wheel_geometry_approximation
3.5083333333333235,front_right_wheel,ground_or_obstacle,True,"[0.32492658495903015, -0.318586140871048, -0.0013317011296749143]","[1.3435883985976924e-07, 0.0, 0.999999999999991]",3.787238597869873,0.0,3.7872385978699072,1.05,nan,0.056451526090616266,False,False,True,isaaclab.ContactSensor.net_forces_w,wheel_geometry_approximation
3.5083333333333235,rear_left_wheel,ground_or_obstacle,True,"[-0.2349717766046524, 0.07337755709886551, -0.00012962073087692538]","[1.343588351003223e-07, 0.0, 0.9999999999999909]",4.1170878410339355,0.0,4.117087841033973,1.05,nan,0.023857967456520905,False,False,True,isaaclab.ContactSensor.net_forces_w,wheel_geometry_approximation
3.5083333333333235,rear_right_wheel,ground_or_obstacle,True,"[-0.23798486590385437, -0.3229324519634247, -4.536584019661227e-05]","[1.3435883606310597e-07, 0.0, 0.999999999999991]",10.321100234985352,0.0,10.321100234985444,1.05,nan,0.04360927053219248,False,False,True,isaaclab.ContactSensor.net_forces_w,wheel_geometry_approximation
3.5333333333333234,front_left_wheel,ground_or_obstacle,True,"[0.3219788372516632, 0.07968130707740784, -0.0007247880101203946]","[1.3435885517471184e-07, 0.0, 0.999999999999991]",10.797940254211426,0.0,10.797940254211523,1.05,nan,0.008016625717701273,False,False,True,isaaclab.ContactSensor.net_forces_w,wheel_geometry_approximation
3.5333333333333234,front_right_wheel,ground_or_obstacle,True,"[0.3256540298461914, -0.31860965490341187, -0.0014997676014900235]","[1.3435884395774408e-07, 0.0, 0.9999999999999909]",3.4787938594818115,0.0,3.478793859481843,1.05,nan,0.1171318318108603,False,False,True,isaaclab.ContactSensor.net_forces_w,wheel_geometry_approximation
3.5333333333333234,rear_left_wheel,ground_or_obstacle,True,"[-0.23421016335487366, 0.07336441427469254, -8.761063218117038e-05]","[1.3435883702845823e-07, 0.0, 0.999999999999991]",3.98655366897583,0.0,3.986553668975866,1.05,nan,0.18312128811029188,False,False,True,isaaclab.ContactSensor.net_forces_w,wheel_geometry_approximation
3.5333333333333234,rear_right_wheel,ground_or_obstacle,True,"[-0.237245112657547, -0.32294583320617676, -7.773116230964938e-05]","[1.343588455026969e-07, 0.0, 0.9999999999999909]",10.521803855895996,0.0,10.521803855896092,1.05,nan,0.03113749062968233,False,False,True,isaaclab.ContactSensor.net_forces_w,wheel_geometry_approximation
3.5583333333333234,front_left_wheel,ground_or_obstacle,True,"[0.3226647973060608, 0.07966539263725281, -0.0006126008927822141]","[1.343588432688394e-07, 0.0, 0.9999999999999909]",10.380529403686523,0.0,10.380529403686618,1.05,nan,0.07929955149612185,False,False,True,isaaclab.ContactSensor.net_forces_w,wheel_geometry_approximation
3.5583333333333234,front_right_wheel,ground_or_obstacle,True,"[0.32636114954948425, -0.3186250925064087, -0.0015829794108867673]","[1.343588379221133e-07, 0.0, 0.999999999999991]",3.8540780544281006,0.0,3.8540780544281352,1.05,nan,0.05294274739934653,False,False,True,isaaclab.ContactSensor.net_forces_w,wheel_geometry_approximation
3.5583333333333234,rear_left_wheel,ground_or_obstacle,True,"[-0.23346784710884094, 0.07335345447063446, -5.845278501510898e-05]","[1.3435883447412545e-07, 0.0, 0.9999999999999909]",4.470991134643555,0.0,4.4709911346435955,1.05,nan,0.23665262173391632,False,False,True,isaaclab.ContactSensor.net_forces_w,wheel_geometry_approximation
3.5583333333333234,rear_right_wheel,ground_or_obstacle,True,"[-0.23650392889976501, -0.32295680046081543, -0.0001239173114299802]","[1.3435884110625033e-07, 0.0, 0.999999999999991]",10.027108192443848,0.0,10.027108192443938,1.05,nan,0.12242210471059957,False,False,True,isaaclab.ContactSensor.net_forces_w,wheel_geometry_approximation
3.5833333333333233,front_left_wheel,ground_or_obstacle,True,"[0.32333576679229736, 0.07966086268424988, -0.000509902089834216]","[1.3435884847482724e-07, 0.0, 0.999999999999991]",10.111481666564941,0.0,10.111481666565032,1.05,nan,0.08148857548812559,False,False,True,isaaclab.ContactSensor.net_forces_w,wheel_geometry_approximation
3.5833333333333233,front_right_wheel,ground_or_obstacle,True,"[0.32703277468681335, -0.3186293840408325, -0.0015370279550552396]","[1.3435885530650083e-07, 0.0, 0.9999999999999909]",3.999561309814453,0.0,3.9995613098144895,1.05,nan,0.07588557349998393,False,False,True,isaaclab.ContactSensor.net_forces_w,wheel_geometry_approximation
3.5833333333333233,rear_left_wheel,ground_or_obstacle,True,"[-0.2327471375465393, 0.07334759831428528, -3.641024231910983e-05]","[1.3435885009522334e-07, 0.0, 0.999999999999991]",4.5528059005737305,0.0,4.552805900573771,1.05,nan,0.23627056711000952,False,False,True,isaaclab.ContactSensor.net_forces_w,wheel_geometry_approximation
3.5833333333333233,rear_right_wheel,ground_or_obstacle,True,"[-0.2358080893754959, -0.3229626417160034, -0.0001854702830314664]","[1.3435883825721483e-07, 0.0, 0.9999999999999911]",9.56883716583252,0.0,9.568837165832605,1.05,nan,0.14719488135025796,False,False,True,isaaclab.ContactSensor.net_forces_w,wheel_geometry_approximation
3.608333333333323,front_left_wheel,ground_or_obstacle,True,"[0.32402560114860535, 0.0796562060713768, -0.0004155479371547727]","[1.343588437768151e-07, 0.0, 0.999999999999991]",9.856511116027832,0.0,9.85651111602792,1.05,nan,0.09551801896130264,False,False,True,isaaclab.ContactSensor.net_forces_w,wheel_geometry_approximation
3.608333333333323,front_right_wheel,ground_or_obstacle,True,"[0.32771536707878113, -0.3186340630054474, -0.0014852240681648282]","[1.3435883781382765e-07, 0.0, 0.999999999999991]",4.5257978439331055,0.0,4.525797843933146,1.05,nan,0.11975570067680492,False,False,True,isaaclab.ContactSensor.net_forces_w,wheel_geometry_approximation
3.608333333333323,rear_left_wheel,ground_or_obstacle,True,"[-0.2320152074098587, 0.07334351539611816, -2.461597323417941e-05]","[1.3435884492627776e-07, 0.0, 0.9999999999999909]",4.8944783210754395,0.0,4.894478321075484,1.05,nan,0.20312602587761333,False,False,True,isaaclab.ContactSensor.net_forces_w,wheel_geometry_approximation
3.608333333333323,rear_right_wheel,ground_or_obstacle,True,"[-0.2350599616765976, -0.322966605424881, -0.0002586647868156461]","[1.3435884056660378e-07, 0.0, 0.999999999999991]",9.713608741760254,0.0,9.713608741760341,1.05,nan,0.40701353603875323,False,False,True,isaaclab.ContactSensor.net_forces_w,wheel_geometry_approximation
3.633333333333323,front_left_wheel,ground_or_obstacle,True,"[0.3247123658657074, 0.07965413480997086, -0.0003317996859550504]","[1.3435884284918306e-07, 0.0, 0.999999999999991]",9.673871994018555,0.0,9.673871994018642,1.05,nan,0.06294557709640251,False,False,True,isaaclab.ContactSensor.net_forces_w,wheel_geometry_approximation
3.633333333333323,front_right_wheel,ground_or_obstacle,True,"[0.32838109135627747, -0.3186361491680145, -0.001397169381380084]","[1.34358839795889e-07, 0.0, 0.999999999999991]",4.627570629119873,0.0,4.627570629119915,1.05,nan,0.08434695686662051,False,False,True,isaaclab.ContactSensor.net_forces_w,wheel_geometry_approximation
3.633333333333323,rear_left_wheel,ground_or_obstacle,True,"[-0.23128856718540192, 0.07334442436695099, -2.3099780082705412e-05]","[1.343588301333904e-07, 0.0, 0.999999999999991]",4.936135768890381,0.0,4.936135768890425,1.05,nan,0.19954704587567612,False,False,True,isaaclab.ContactSensor.net_forces_w,wheel_geometry_approximation
3.633333333333323,rear_right_wheel,ground_or_obstacle,True,"[-0.23431795835494995, -0.322965532541275, -0.0003441043198108701]","[1.3435883679812652e-07, 0.0, 0.999999999999991]",9.504586219787598,0.0,9.504586219787683,1.05,nan,0.11497993092761226,False,False,True,isaaclab.ContactSensor.net_forces_w,wheel_geometry_approximation
3.658333333333323,front_left_wheel,ground_or_obstacle,True,"[0.325419545173645, 0.07965201884508133, -0.0002539001405239133]","[1.3435884385765088e-07, 0.0, 0.999999999999991]",9.438408851623535,0.0,9.43840885162362,1.05,nan,0.20617383780410597,False,False,True,isaaclab.ContactSensor.net_forces_w,wheel_geometry_approximation
3.658333333333323,front_right_wheel,ground_or_obstacle,True,"[0.3290711045265198, -0.3186383545398712, -0.0013136520981788663]","[1.3435883947987367e-07, 0.0, 0.999999999999991]",5.157618522644043,0.0,5.157618522644089,1.05,nan,0.21019199135466157,False,False,True,isaaclab.ContactSensor.net_forces_w,wheel_geometry_approximation
3.658333333333323,rear_left_wheel,ground_or_obstacle,True,"[-0.23054790496826172, 0.07333943247795105, -3.333687782287875e-05]","[1.3435885540697188e-07, 0.0, 0.9999999999999909]",5.267757415771484,0.0,5.267757415771532,1.05,nan,0.2978117072295992,False,False,True,isaaclab.ContactSensor.net_forces_w,wheel_geometry_approximation
3.658333333333323,rear_right_wheel,ground_or_obstacle,True,"[-0.2336007058620453, -0.32297030091285706, -0.00044159889221191684]","[1.3435884877427676e-07, 0.0, 0.9999999999999909]",9.407443046569824,0.0,9.40744304656991,1.05,nan,0.16282889384958232,False,False,True,isaaclab.ContactSensor.net_forces_w,wheel_geometry_approximation
3.683333333333323,front_left_wheel,ground_or_obstacle,True,"[0.32612165808677673, 0.07965002208948135, -0.00018854737281799594]","[1.3435882674006483e-07, 0.0, 0.999999999999991]",9.317877769470215,0.0,9.317877769470298,1.05,nan,0.1436548639989771,False,False,True,isaaclab.ContactSensor.net_forces_w,wheel_geometry_approximation
3.683333333333323,front_right_wheel,ground_or_obstacle,True,"[0.32975584268569946, -0.31864047050476074, -0.0012397088110446958]","[1.3435883800985678e-07, 0.0, 0.999999999999991]",5.054952621459961,0.0,5.054952621460006,1.05,nan,0.09583326036830563,False,False,True,isaaclab.ContactSensor.net_forces_w,wheel_geometry_approximation
3.683333333333323,rear_left_wheel,ground_or_obstacle,True,"[-0.22981493175029755, 0.07334014028310776, -5.3017586469653044e-05]","[1.3435884382305446e-07, 0.0, 0.9999999999999909]",5.262711048126221,0.0,5.262711048126269,1.05,nan,0.19799069273741934,False,False,True,isaaclab.ContactSensor.net_forces_w,wheel_geometry_approximation
3.683333333333323,rear_right_wheel,ground_or_obstacle,True,"[-0.23284268379211426, -0.32296934723854065, -0.0005582042038440732]","[1.343588533319069e-07, 0.0, 0.999999999999991]",9.108296394348145,0.0,9.108296394348226,1.05,nan,0.14116943328377698,False,False,True,isaaclab.ContactSensor.net_forces_w,wheel_geometry_approximation
3.708333333333323,front_left_wheel,ground_or_obstacle,True,"[0.3268381357192993, 0.07964956015348434, -0.0001308798789978055]","[1.3435883699419672e-07, 0.0, 0.9999999999999911]",8.757494926452637,0.0,8.757494926452715,1.05,nan,0.16657797054123835,False,False,True,isaaclab.ContactSensor.net_forces_w,wheel_geometry_approximation
3.708333333333323,front_right_wheel,ground_or_obstacle,True,"[0.3304474949836731, -0.3186410069465637, -0.0011557295918464688]","[1.3435883174840092e-07, 0.0, 0.9999999999999909]",5.66666841506958,0.0,5.666668415069632,1.05,nan,0.14245989257345273,False,False,True,isaaclab.ContactSensor.net_forces_w,wheel_geometry_approximation
3.708333333333323,rear_left_wheel,ground_or_obstacle,True,"[-0.22907520830631256, 0.07334176450967789, -8.420944213867465e-05]","[1.3435883720309702e-07, 0.0, 0.999999999999991]",6.01728630065918,0.0,6.017286300659234,1.05,nan,0.23602983964439597,False,False,True,isaaclab.ContactSensor.net_forces_w,wheel_geometry_approximation
3.708333333333323,rear_right_wheel,ground_or_obstacle,True,"[-0.2320762723684311, -0.3229675889015198, -0.0006826028227806119]","[1.3435884065312987e-07, 0.0, 0.9999999999999909]",8.437494277954102,0.0,8.437494277954178,1.05,nan,0.4709941622283208,False,False,True,isaaclab.ContactSensor.net_forces_w,wheel_geometry_approximation
3.7333333333333227,front_left_wheel,ground_or_obstacle,True,"[0.3275369107723236, 0.07965443283319473, -8.471235632896701e-05]","[1.3435882801126356e-07, 0.0, 0.9999999999999911]",8.151849746704102,0.0,8.151849746704174,1.05,nan,0.11182333881737648,False,False,True,isaaclab.ContactSensor.net_forces_w,wheel_geometry_approximation
3.7333333333333227,front_right_wheel,ground_or_obstacle,True,"[0.3311031460762024, -0.3186365067958832, -0.001014336198568347]","[1.3435882922826056e-07, 0.0, 0.999999999999991]",6.1605730056762695,0.0,6.160573005676325,1.05,nan,0.14793733091795436,False,False,True,isaaclab.ContactSensor.net_forces_w,wheel_geometry_approximation
3.7333333333333227,rear_left_wheel,ground_or_obstacle,True,"[-0.22838076949119568, 0.07334652543067932, -4.748180508613864e-05]","[1.343588388557068e-07, 0.0, 0.999999999999991]",6.619119644165039,0.0,6.619119644165099,1.05,nan,0.20533405539759894,False,False,True,isaaclab.ContactSensor.net_forces_w,wheel_geometry_approximation
3.7333333333333227,rear_right_wheel,ground_or_obstacle,True,"[-0.23132413625717163, -0.3229621648788452, -0.0008183375000953702]","[1.34358844670451e-07, 0.0, 0.9999999999999909]",7.836671352386475,0.0,7.836671352386546,1.05,nan,0.18334767847690633,False,False,True,isaaclab.ContactSensor.net_forces_w,wheel_geometry_approximation
3.7583333333333226,front_left_wheel,ground_or_obstacle,True,"[0.32824552059173584, 0.07965836673974991, -4.849135875702182e-05]","[1.3435884384265578e-07, 0.0, 0.999999999999991]",7.601588249206543,0.0,7.601588249206611,1.05,nan,0.11469076247823787,False,False,True,isaaclab.ContactSensor.net_forces_w,wheel_geometry_approximation
3.7583333333333226,front_right_wheel,ground_or_obstacle,True,"[0.3317706882953644, -0.31863290071487427, -0.0008811682462692288]","[1.3435884535661422e-07, 0.0, 0.999999999999991]",6.702846050262451,0.0,6.702846050262512,1.05,nan,0.15283601639030553,False,False,True,isaaclab.ContactSensor.net_forces_w,wheel_geometry_approximation
3.7583333333333226,rear_left_wheel,ground_or_obstacle,True,"[-0.22767753899097443, 0.07335002720355988, -2.3517012596133147e-05]","[1.3435884230404626e-07, 0.0, 0.999999999999991]",7.128667831420898,0.0,7.128667831420962,1.05,nan,0.19547623469536216,False,False,True,isaaclab.ContactSensor.net_forces_w,wheel_geometry_approximation
3.7583333333333226,rear_right_wheel,ground_or_obstacle,True,"[-0.23056280612945557, -0.32295799255371094, -0.0009685412049293546]","[1.3435884190212998e-07, 0.0, 0.999999999999991]",7.298569202423096,0.0,7.298569202423161,1.05,nan,0.1879982653542533,False,False,True,isaaclab.ContactSensor.net_forces_w,wheel_geometry_approximation
3.7833333333333226,front_left_wheel,ground_or_obstacle,True,"[0.3289582133293152, 0.07966204732656479, -2.290233969688693e-05]","[1.3435883770425367e-07, 0.0, 0.9999999999999909]",7.048816680908203,0.0,7.048816680908267,1.05,nan,0.1276483256286336,False,False,True,isaaclab.ContactSensor.net_forces_w,wheel_geometry_approximation
3.7833333333333226,front_right_wheel,ground_or_obstacle,True,"[0.3324446380138397, -0.31862953305244446, -0.0007555961608886747]","[1.3435884421103348e-07, 0.0, 0.999999999999991]",7.309314250946045,0.0,7.309314250946111,1.05,nan,0.17997754111990896,False,False,True,isaaclab.ContactSensor.net_forces_w,wheel_geometry_approximation
3.7833333333333226,rear_left_wheel,ground_or_obstacle,True,"[-0.22697192430496216, 0.07335332036018372, -8.872896432879362e-06]","[1.3435884569967538e-07, 0.0, 0.999999999999991]",7.662661075592041,0.0,7.66266107559211,1.05,nan,0.20213399768086196,False,False,True,isaaclab.ContactSensor.net_forces_w,wheel_geometry_approximation
3.7833333333333226,rear_right_wheel,ground_or_obstacle,True,"[-0.2297988086938858, -0.3229542076587677, -0.001131124049425128]","[1.3435884030180956e-07, 0.0, 0.9999999999999909]",6.760995388031006,0.0,6.760995388031067,1.05,nan,0.44810674004182677,False,False,True,isaaclab.ContactSensor.net_forces_w,wheel_geometry_approximation
3.8083333333333225,front_left_wheel,ground_or_obstacle,True,"[0.32967138290405273, 0.07966552674770355, -7.539242506029997e-06]","[1.343588418019464e-07, 0.0, 0.999999999999991]",6.499754905700684,0.0,6.499754905700742,1.05,nan,0.09170623967096221,False,False,True,isaaclab.ContactSensor.net_forces_w,wheel_geometry_approximation
3.8083333333333225,front_right_wheel,ground_or_obstacle,True,"[0.3331221640110016, -0.3186263144016266, -0.0006390802562236814]","[1.3435884509671606e-07, 0.0, 0.999999999999991]",7.821868896484375,0.0,7.821868896484445,1.05,nan,0.16575047720652117,False,False,True,isaaclab.ContactSensor.net_forces_w,wheel_geometry_approximation
3.8083333333333225,rear_left_wheel,ground_or_obstacle,True,"[-0.2262677252292633, 0.07335586845874786, -4.719197750094328e-06]","[1.3435884771290236e-07, 0.0, 0.9999999999999909]",8.188790321350098,0.0,8.188790321350172,1.05,nan,0.18315239099556205,False,False,True,isaaclab.ContactSensor.net_forces_w,wheel_geometry_approximation
3.8083333333333225,rear_right_wheel,ground_or_obstacle,True,"[-0.22903457283973694, -0.3229510486125946, -0.001305817812681201]","[1.3435883586301646e-07, 0.0, 0.999999999999991]",6.218451023101807,0.0,6.218451023101863,1.05,nan,0.19340902812404318,False,False,True,isaaclab.ContactSensor.net_forces_w,wheel_geometry_approximation
3.8333333333333224,front_left_wheel,ground_or_obstacle,True,"[0.3303709924221039, 0.07966742664575577, -2.4951994419125656e-06]","[1.343588396016309e-07, 0.0, 0.999999999999991]",6.056990623474121,0.0,6.056990623474175,1.05,nan,0.0982606129131139,False,False,True,isaaclab.ContactSensor.net_forces_w,wheel_geometry_approximation
3.8333333333333224,front_right_wheel,ground_or_obstacle,True,"[0.33380889892578125, -0.31862470507621765, -0.0005309313535690335]","[1.343588368021046e-07, 0.0, 0.999999999999991]",8.275598526000977,0.0,8.275598526001051,1.05,nan,0.19075998606750827,False,False,True,isaaclab.ContactSensor.net_forces_w,wheel_geometry_approximation
3.8333333333333224,rear_left_wheel,ground_or_obstacle,True,"[-0.22555875778198242, 0.07335816323757172, -1.0217726230624113e-05]","[1.343588393150277e-07, 0.0, 0.9999999999999909]",8.633319854736328,0.0,8.633319854736406,1.05,nan,0.19665047239407984,False,False,True,isaaclab.ContactSensor.net_forces_w,wheel_geometry_approximation
3.8333333333333224,rear_right_wheel,ground_or_obstacle,True,"[-0.22826701402664185, -0.32294824719429016, -0.0014936730265617398]","[1.3435883405289684e-07, 0.0, 0.9999999999999911]",5.766167163848877,0.0,5.7661671638489285,1.05,nan,0.2067228925781341,False,False,True,isaaclab.ContactSensor.net_forces_w,wheel_geometry_approximation
3.8583333333333223,front_left_wheel,ground_or_obstacle,True,"[0.3310651481151581, 0.07967452704906464, -8.921325206759367e-06]","[1.3435883836882375e-07, 0.0, 0.9999999999999909]",6.565610408782959,0.0,6.5656104087830185,1.05,nan,0.23802865344894314,False,False,True,isaaclab.ContactSensor.net_forces_w,wheel_geometry_approximation
3.8583333333333223,front_right_wheel,ground_or_obstacle,True,"[0.3344959616661072, -0.3186178505420685, -0.0004323303699493436]","[1.343588344520587e-07, 0.0, 0.999999999999991]",7.604564666748047,0.0,7.604564666748115,1.05,nan,0.15934541064210442,False,False,True,isaaclab.ContactSensor.net_forces_w,wheel_geometry_approximation
3.8583333333333223,rear_left_wheel,ground_or_obstacle,True,"[-0.22484996914863586, 0.07336422801017761, -2.434402704239169e-05]","[1.343588334568261e-07, 0.0, 0.9999999999999909]",8.17215347290039,0.0,8.172153472900465,1.05,nan,0.18199249265726813,False,False,True,isaaclab.ContactSensor.net_forces_w,wheel_geometry_approximation
3.8583333333333223,rear_right_wheel,ground_or_obstacle,True,"[-0.2275407761335373, -0.3229420483112335, -0.0015759870409965543]","[1.3435883820940308e-07, 0.0, 0.999999999999991]",6.401615142822266,0.0,6.401615142822323,1.05,nan,0.1918166805860077,False,False,True,isaaclab.ContactSensor.net_forces_w,wheel_geometry_approximation
3.883333333333322,front_left_wheel,ground_or_obstacle,True,"[0.3317648768424988, 0.0796867161989212, -2.6165693998339568e-05]","[1.3435883946186326e-07, 0.0, 0.999999999999991]",6.438742160797119,0.0,6.438742160797177,1.05,nan,0.06617129767032927,False,False,True,isaaclab.ContactSensor.net_forces_w,wheel_geometry_approximation
3.883333333333322,front_right_wheel,ground_or_obstacle,True,"[0.335184782743454, -0.31860584020614624, -0.0003442868590354947]","[1.3435884666891303e-07, 0.0, 0.999999999999991]",7.797647953033447,0.0,7.797647953033517,1.05,nan,0.11454678751564262,False,False,True,isaaclab.ContactSensor.net_forces_w,wheel_geometry_approximation
3.883333333333322,rear_left_wheel,ground_or_obstacle,True,"[-0.22413736581802368, 0.07337636500597, -4.898682236671725e-05]","[1.3435883333361514e-07, 0.0, 0.999999999999991]",8.26919174194336,0.0,8.269191741943434,1.05,nan,0.13699058506082637,False,False,True,isaaclab.ContactSensor.net_forces_w,wheel_geometry_approximation
3.883333333333322,rear_right_wheel,ground_or_obstacle,True,"[-0.2268478274345398, -0.322930246591568, -0.0015357762575149564]","[1.3435883070894726e-07, 0.0, 0.999999999999991]",6.216892242431641,0.0,6.216892242431697,1.05,nan,0.16099945524038817,False,False,True,isaaclab.ContactSensor.net_forces_w,wheel_geometry_approximation
3.908333333333322,front_left_wheel,ground_or_obstacle,True,"[0.33246466517448425, 0.07969972491264343, -5.575940012932101e-05]","[1.3435883709763877e-07, 0.0, 0.999999999999991]",6.511005878448486,0.0,6.511005878448545,1.05,nan,0.07003017521646532,False,False,True,isaaclab.ContactSensor.net_forces_w,wheel_geometry_approximation
3.908333333333322,front_right_wheel,ground_or_obstacle,True,"[0.3358825445175171, -0.31859293580055237, -0.0002651989459991483]","[1.3435883895813488e-07, 0.0, 0.999999999999991]",7.703375339508057,0.0,7.703375339508126,1.05,nan,0.09686492257917284,False,False,True,isaaclab.ContactSensor.net_forces_w,wheel_geometry_approximation
3.908333333333322,rear_left_wheel,ground_or_obstacle,True,"[-0.22341656684875488, 0.073389932513237, -8.363202214241305e-05]","[1.343588399907719e-07, 0.0, 0.9999999999999909]",7.94251823425293,0.0,7.942518234253002,1.05,nan,0.11667294592423068,False,False,True,isaaclab.ContactSensor.net_forces_w,wheel_geometry_approximation
3.908333333333322,rear_right_wheel,ground_or_obstacle,True,"[-0.22616226971149445, -0.32291707396507263, -0.0014757245779037503]","[1.3435883625245362e-07, 0.0, 0.999999999999991]",6.613725185394287,0.0,6.613725185394347,1.05,nan,0.13411423198433325,False,False,True,isaaclab.ContactSensor.net_forces_w,wheel_geometry_approximation
3.933333333333322,front_left_wheel,ground_or_obstacle,True,"[0.3331872820854187, 0.07971420884132385, -9.51394438743619e-05]","[1.3435884149624928e-07, 0.0, 0.999999999999991]",6.558176040649414,0.0,6.558176040649473,1.05,nan,0.13853032790603986,False,False,True,isaaclab.ContactSensor.net_forces_w,wheel_geometry_approximation
3.933333333333322,front_right_wheel,ground_or_obstacle,True,"[0.33658942580223083, -0.3185785412788391, -0.00019531250000000278]","[1.3435883961149645e-07, 0.0, 0.999999999999991]",7.698463439941406,0.0,7.6984634399414755,1.05,nan,0.08663828710303882,False,False,True,isaaclab.ContactSensor.net_forces_w,wheel_geometry_approximation
3.933333333333322,rear_left_wheel,ground_or_obstacle,True,"[-0.22268666326999664, 0.07340443134307861, -0.00013083517551422397]","[1.3435883076168647e-07, 0.0, 0.999999999999991]",7.868778228759766,0.0,7.868778228759837,1.05,nan,0.11393868042628985,False,False,True,isaaclab.ContactSensor.net_forces_w,wheel_geometry_approximation
3.933333333333322,rear_right_wheel,ground_or_obstacle,True,"[-0.22547999024391174, -0.3229031264781952, -0.0013832442462444333]","[1.343588366535062e-07, 0.0, 0.999999999999991]",6.619435787200928,0.0,6.619435787200987,1.05,nan,0.13715158677012163,False,False,True,isaaclab.ContactSensor.net_forces_w,wheel_geometry_approximation
3.958333333333322,front_left_wheel,ground_or_obstacle,True,"[0.33392393589019775, 0.07972981035709381, -0.00014831796288490573]","[1.3435883824977288e-07, 0.0, 0.9999999999999909]",6.543844223022461,0.0,6.5438442230225204,1.05,nan,0.0002533746680028466,False,False,True,isaaclab.ContactSensor.net_forces_w,wheel_geometry_approximation
3.958333333333322,front_right_wheel,ground_or_obstacle,True,"[0.3373095989227295, -0.31856295466423035, -0.00013513043522835055]","[1.343588482422831e-07, 0.0, 0.999999999999991]",7.793422222137451,0.0,7.793422222137521,1.05,nan,0.0697011376425222,False,False,True,isaaclab.ContactSensor.net_forces_w,wheel_geometry_approximation
3.958333333333322,rear_left_wheel,ground_or_obstacle,True,"[-0.22194525599479675, 0.07342015206813812, -0.00018904656171798984]","[1.343588459686915e-07, 0.0, 0.999999999999991]",7.870327472686768,0.0,7.870327472686839,1.05,nan,0.08691627664322968,False,False,True,isaaclab.ContactSensor.net_forces_w,wheel_geometry_approximation
3.958333333333322,rear_right_wheel,ground_or_obstacle,True,"[-0.2247791737318039, -0.32288792729377747, -0.0013000473380088834]","[1.3435884289855643e-07, 0.0, 0.9999999999999909]",6.5351972579956055,0.0,6.535197257995665,1.05,nan,0.1184681395488233,False,False,True,isaaclab.ContactSensor.net_forces_w,wheel_geometry_approximation
3.983333333333322,front_left_wheel,ground_or_obstacle,True,"[0.3346552550792694, 0.07974579930305481, -0.00021462440490722934]","[1.343588421376072e-07, 0.0, 0.9999999999999909]",6.571889877319336,0.0,6.5718898773193954,1.05,nan,0.024572232665668325,False,False,True,isaaclab.ContactSensor.net_forces_w,wheel_geometry_approximation
3.983333333333322,front_right_wheel,ground_or_obstacle,True,"[0.3380339741706848, -0.3185470402240753, -8.601993322372714e-05]","[1.3435884377428177e-07, 0.0, 0.999999999999991]",7.77004861831665,0.0,7.770048618316721,1.05,nan,0.05792944149946574,False,False,True,isaaclab.ContactSensor.net_forces_w,wheel_geometry_approximation
3.983333333333322,rear_left_wheel,ground_or_obstacle,True,"[-0.2211991399526596, 0.073435939848423, -0.0002589292824268369]","[1.3435883507262365e-07, 0.0, 0.999999999999991]",7.792262077331543,0.0,7.792262077331613,1.05,nan,0.08523479588054325,False,False,True,isaaclab.ContactSensor.net_forces_w,wheel_geometry_approximation
3.983333333333322,rear_right_wheel,ground_or_obstacle,True,"[-0.22407111525535583, -0.32287243008613586, -0.0012257128953933744]","[1.3435884124820032e-07, 0.0, 0.999999999999991]",6.604323863983154,0.0,6.604323863983214,1.05,nan,0.12183209979544121,False,False,True,isaaclab.ContactSensor.net_forces_w,wheel_geometry_approximation
4.008333333333322,front_left_wheel,ground_or_obstacle,True,"[0.3354043662548065, 0.07976365834474564, -0.000292222201824191]","[1.343588389421059e-07, 0.0, 0.999999999999991]",6.896482467651367,0.0,6.896482467651429,1.05,nan,0.06883177097563317,False,False,True,isaaclab.ContactSensor.net_forces_w,wheel_geometry_approximation
4.008333333333322,front_right_wheel,ground_or_obstacle,True,"[0.3387609124183655, -0.3185291588306427, -4.7723948955538664e-05]","[1.3435884055964258e-07, 0.0, 0.999999999999991]",7.4093708992004395,0.0,7.409370899200506,1.05,nan,0.08483439985735668,False,False,True,isaaclab.ContactSensor.net_forces_w,wheel_geometry_approximation
4.008333333333322,rear_left_wheel,ground_or_obstacle,True,"[-0.22045432031154633, 0.07345400005578995, -0.00033924654126167575]","[1.3435884697008888e-07, 0.0, 0.999999999999991]",7.468993186950684,0.0,7.468993186950751,1.05,nan,0.10805992531365517,False,False,True,isaaclab.ContactSensor.net_forces_w,wheel_geometry_approximation
4.008333333333322,rear_right_wheel,ground_or_obstacle,True,"[-0.22336892783641815, -0.32285499572753906, -0.0011313624680042295]","[1.3435883474873062e-07, 0.0, 0.999999999999991]",7.02203893661499,0.0,7.022038936615053,1.05,nan,0.12169290298890945,False,False,True,isaaclab.ContactSensor.net_forces_w,wheel_geometry_approximation
4.0333333333333234,front_left_wheel,ground_or_obstacle,True,"[0.33615055680274963, 0.07978347688913345, -0.00038333162665367404]","[1.3435884472090652e-07, 0.0, 0.999999999999991]",6.989604473114014,0.0,6.989604473114077,1.05,nan,0.031968676214637545,False,False,True,isaaclab.ContactSensor.net_forces_w,wheel_geometry_approximation
4.0333333333333234,front_right_wheel,ground_or_obstacle,True,"[0.33949145674705505, -0.3185092508792877, -2.109184861183444e-05]","[1.3435884000104976e-07, 0.0, 0.9999999999999909]",7.334725856781006,0.0,7.3347258567810725,1.05,nan,0.046719547121118456,False,False,True,isaaclab.ContactSensor.net_forces_w,wheel_geometry_approximation
4.0333333333333234,rear_left_wheel,ground_or_obstacle,True,"[-0.21971607208251953, 0.07347290217876434, -0.0004331611096859006]","[1.343588361912874e-07, 0.0, 0.9999999999999909]",7.114082336425781,0.0,7.114082336425846,1.05,nan,0.08136067884370213,False,False,True,isaaclab.ContactSensor.net_forces_w,wheel_geometry_approximation
4.0333333333333234,rear_right_wheel,ground_or_obstacle,True,"[-0.2226877361536026, -0.32283636927604675, -0.0009900547564029721]","[1.3435884514808662e-07, 0.0, 0.999999999999991]",7.295584678649902,0.0,7.295584678649968,1.05,nan,0.10367382014476344,False,False,True,isaaclab.ContactSensor.net_forces_w,wheel_geometry_approximation
4.058333333333325,front_left_wheel,ground_or_obstacle,True,"[0.3369136452674866, 0.07980315387248993, -0.00048657059669494906]","[1.3435883590575446e-07, 0.0, 0.9999999999999909]",7.067233085632324,0.0,7.067233085632388,1.05,nan,0.12307400133800483,False,False,True,isaaclab.ContactSensor.net_forces_w,wheel_geometry_approximation
4.058333333333325,front_right_wheel,ground_or_obstacle,True,"[0.34022557735443115, -0.3184894025325775, -6.02677464485446e-06]","[1.343588441169954e-07, 0.0, 0.9999999999999909]",7.332029819488525,0.0,7.332029819488592,1.05,nan,0.04540264197950739,False,False,True,isaaclab.ContactSensor.net_forces_w,wheel_geometry_approximation
4.058333333333325,rear_left_wheel,ground_or_obstacle,True,"[-0.21897120773792267, 0.07349260151386261, -0.0005365900695323972]","[1.3435883982349267e-07, 0.0, 0.999999999999991]",6.875890254974365,0.0,6.875890254974427,1.05,nan,0.07870174187233406,False,False,True,isaaclab.ContactSensor.net_forces_w,wheel_geometry_approximation
4.058333333333325,rear_right_wheel,ground_or_obstacle,True,"[-0.2220037877559662, -0.3228170573711395, -0.0008574455976486234]","[1.3435884434248248e-07, 0.0, 0.999999999999991]",7.479770660400391,0.0,7.479770660400458,1.05,nan,0.0894177209733505,False,False,True,isaaclab.ContactSensor.net_forces_w,wheel_geometry_approximation
4.083333333333326,front_left_wheel,ground_or_obstacle,True,"[0.3376888036727905, 0.07982295006513596, -0.000596131384372714]","[1.3435883920092915e-07, 0.0, 0.999999999999991]",7.243867874145508,0.0,7.243867874145573,1.05,nan,0.010547345041894326,False,False,True,isaaclab.ContactSensor.net_forces_w,wheel_geometry_approximation
4.083333333333326,front_right_wheel,ground_or_obstacle,True,"[0.3409668207168579, -0.3184696137905121, -2.651661634447966e-06]","[1.3435882816763878e-07, 0.0, 0.9999999999999909]",7.1571946144104,0.0,7.157194614410465,1.05,nan,0.03778245750749431,False,False,True,isaaclab.ContactSensor.net_forces_w,wheel_geometry_approximation
4.083333333333326,rear_left_wheel,ground_or_obstacle,True,"[-0.21821586787700653, 0.07351148873567581, -0.0006497941911220578]","[1.3435883576439554e-07, 0.0, 0.9999999999999909]",6.6732683181762695,0.0,6.67326831817633,1.05,nan,0.06403837783526967,False,False,True,isaaclab.ContactSensor.net_forces_w,wheel_geometry_approximation
4.083333333333326,rear_right_wheel,ground_or_obstacle,True,"[-0.22131118178367615, -0.32279834151268005, -0.0007331326603889493]","[1.3435884169044607e-07, 0.0, 0.999999999999991]",7.663957595825195,0.0,7.663957595825265,1.05,nan,0.07666789246780344,False,False,True,isaaclab.ContactSensor.net_forces_w,wheel_geometry_approximation
4.108333333333327,front_left_wheel,ground_or_obstacle,True,"[0.33847373723983765, 0.07984381914138794, -0.0007208466529846219]","[1.3435883589754293e-07, 0.0, 0.999999999999991]",7.280580520629883,0.0,7.2805805206299485,1.05,nan,0.01072313459196247,False,False,True,isaaclab.ContactSensor.net_forces_w,wheel_geometry_approximation
4.108333333333327,front_right_wheel,ground_or_obstacle,True,"[0.34171468019485474, -0.318448543548584, -1.147687435150424e-05]","[1.3435883411304152e-07, 0.0, 0.999999999999991]",7.125069618225098,0.0,7.125069618225162,1.05,nan,0.04243406442854831,False,False,True,isaaclab.ContactSensor.net_forces_w,wheel_geometry_approximation
4.108333333333327,rear_left_wheel,ground_or_obstacle,True,"[-0.2174505591392517, 0.07353296875953674, -0.0007750310003757505]","[1.343588303171194e-07, 0.0, 0.999999999999991]",6.58499002456665,0.0,6.58499002456671,1.05,nan,0.07044217517833659,False,False,True,isaaclab.ContactSensor.net_forces_w,wheel_geometry_approximation
4.108333333333327,rear_right_wheel,ground_or_obstacle,True,"[-0.22060905396938324, -0.3227769732475281, -0.0006175220012664823]","[1.343588364232232e-07, 0.0, 0.999999999999991]",7.6958160400390625,0.0,7.695816040039132,1.05,nan,0.07991240384743635,False,False,True,isaaclab.ContactSensor.net_forces_w,wheel_geometry_approximation
4.133333333333328,front_left_wheel,ground_or_obstacle,True,"[0.3392699658870697, 0.07986476272344589, -0.0008593343198299436]","[1.343588321692909e-07, 0.0, 0.999999999999991]",7.590502738952637,0.0,7.590502738952705,1.05,nan,0.022428045261233515,False,False,True,isaaclab.ContactSensor.net_forces_w,wheel_geometry_approximation
4.133333333333328,front_right_wheel,ground_or_obstacle,True,"[0.34246987104415894, -0.3184274733066559, -3.267750144005099e-05]","[1.343588402589155e-07, 0.0, 0.999999999999991]",6.939297676086426,0.0,6.939297676086488,1.05,nan,0.041789558495096565,False,False,True,isaaclab.ContactSensor.net_forces_w,wheel_geometry_approximation
4.133333333333328,rear_left_wheel,ground_or_obstacle,True,"[-0.21667452156543732, 0.07355393469333649, -0.000914800167083743]","[1.3435884705322294e-07, 0.0, 0.999999999999991]",6.328129291534424,0.0,6.328129291534481,1.05,nan,0.06984856085783277,False,False,True,isaaclab.ContactSensor.net_forces_w,wheel_geometry_approximation
4.133333333333328,rear_right_wheel,ground_or_obstacle,True,"[-0.21989618241786957, -0.32275596261024475, -0.0005112133920192746]","[1.3435883163932238e-07, 0.0, 0.999999999999991]",7.913634777069092,0.0,7.913634777069163,1.05,nan,0.07791755880770045,False,False,True,isaaclab.ContactSensor.net_forces_w,wheel_geometry_approximation
4.15833333333333,front_left_wheel,ground_or_obstacle,True,"[0.34007135033607483, 0.07989078760147095, -0.0010106965899467496]","[1.3435884940857997e-07, 0.0, 0.999999999999991]",7.472095012664795,0.0,7.472095012664862,1.05,nan,0.06137524372578668,False,False,True,isaaclab.ContactSensor.net_forces_w,wheel_geometry_approximation
4.15833333333333,front_right_wheel,ground_or_obstacle,True,"[0.34320443868637085, -0.3184012472629547, -3.957673907280246e-05]","[1.3435883426505416e-07, 0.0, 0.999999999999991]",7.101464748382568,0.0,7.101464748382632,1.05,nan,0.10206289099210515,False,False,True,isaaclab.ContactSensor.net_forces_w,wheel_geometry_approximation
4.15833333333333,rear_left_wheel,ground_or_obstacle,True,"[-0.215898334980011, 0.07357802242040634, -0.0010527700185775785]","[1.3435884367140112e-07, 0.0, 0.9999999999999909]",7.115984916687012,0.0,7.1159849166870766,1.05,nan,0.3614554311904412,False,False,True,isaaclab.ContactSensor.net_forces_w,wheel_geometry_approximation
4.15833333333333,rear_right_wheel,ground_or_obstacle,True,"[-0.219176784157753, -0.32273170351982117, -0.00041191205382347384]","[1.3435885260913529e-07, 0.0, 0.999999999999991]",7.561330795288086,0.0,7.561330795288154,1.05,nan,0.1707881478188366,False,False,True,isaaclab.ContactSensor.net_forces_w,wheel_geometry_approximation
4.183333333333331,front_left_wheel,ground_or_obstacle,True,"[0.3407403528690338, 0.0798901841044426, -0.00096864923834801]","[1.343588396504867e-07, 0.0, 0.999999999999991]",7.533233642578125,0.0,7.5332336425781925,1.05,nan,0.10861353509137327,False,False,True,isaaclab.ContactSensor.net_forces_w,wheel_geometry_approximation
4.183333333333331,front_right_wheel,ground_or_obstacle,True,"[0.34387966990470886, -0.3184019923210144, -3.1511485576632414e-05]","[1.3435883000493925e-07, 0.0, 0.9999999999999909]",6.457353115081787,0.0,6.457353115081846,1.05,nan,0.15158418129718718,False,False,True,isaaclab.ContactSensor.net_forces_w,wheel_geometry_approximation
4.183333333333331,rear_left_wheel,ground_or_obstacle,True,"[-0.21527424454689026, 0.07357895374298096, -0.0009239755570888547]","[1.3435883685822755e-07, 0.0, 0.9999999999999909]",6.624951362609863,0.0,6.624951362609924,1.05,nan,0.194098353732479,False,False,True,isaaclab.ContactSensor.net_forces_w,wheel_geometry_approximation
4.183333333333331,rear_right_wheel,ground_or_obstacle,True,"[-0.21851500868797302, -0.3227308392524719, -0.0003314867615699796]","[1.3435884647112212e-07, 0.0, 0.999999999999991]",8.133394241333008,0.0,8.13339424133308,1.05,nan,0.19416156009908717,False,False,True,isaaclab.ContactSensor.net_forces_w,wheel_geometry_approximation
4.208333333333332,front_left_wheel,ground_or_obstacle,True,"[0.34138038754463196, 0.07988116145133972, -0.0008471749722957639]","[1.343588467409597e-07, 0.0, 0.999999999999991]",7.688974380493164,0.0,7.688974380493233,1.05,nan,0.051146136249742916,False,False,True,isaaclab.ContactSensor.net_forces_w,wheel_geometry_approximation
4.208333333333332,front_right_wheel,ground_or_obstacle,True,"[0.3445568084716797, -0.3184112310409546, -3.103464841842929e-05]","[1.3435884105174524e-07, 0.0, 0.999999999999991]",6.380688190460205,0.0,6.380688190460263,1.05,nan,0.0964316260203123,False,False,True,isaaclab.ContactSensor.net_forces_w,wheel_geometry_approximation
4.208333333333332,rear_left_wheel,ground_or_obstacle,True,"[-0.21464011073112488, 0.0735703557729721, -0.0008057124912738828]","[1.343588392859271e-07, 0.0, 0.9999999999999909]",6.453822135925293,0.0,6.453822135925352,1.05,nan,0.14954627202479073,False,False,True,isaaclab.ContactSensor.net_forces_w,wheel_geometry_approximation
4.208333333333332,rear_right_wheel,ground_or_obstacle,True,"[-0.2178550362586975, -0.3227393925189972, -0.0002582140266895322]","[1.3435883628413874e-07, 0.0, 0.9999999999999909]",8.233049392700195,0.0,8.23304939270027,1.05,nan,0.1294147892984798,False,False,True,isaaclab.ContactSensor.net_forces_w,wheel_geometry_approximation
4.233333333333333,front_left_wheel,ground_or_obstacle,True,"[0.34203529357910156, 0.07987050712108612, -0.0007322199642658261]","[1.3435883276173757e-07, 0.0, 0.999999999999991]",7.869201183319092,0.0,7.869201183319163,1.05,nan,0.020453020766289735,False,False,True,isaaclab.ContactSensor.net_forces_w,wheel_geometry_approximation
4.233333333333333,front_right_wheel,ground_or_obstacle,True,"[0.3452575206756592, -0.318421870470047, -4.075393080711642e-05]","[1.3435883622672217e-07, 0.0, 0.999999999999991]",6.203652381896973,0.0,6.203652381897029,1.05,nan,0.05944924187723002,False,False,True,isaaclab.ContactSensor.net_forces_w,wheel_geometry_approximation
4.233333333333333,rear_left_wheel,ground_or_obstacle,True,"[-0.21398814022541046, 0.07356028258800507, -0.000693596154451373]","[1.3435883486647383e-07, 0.0, 0.9999999999999909]",6.2611284255981445,0.0,6.261128425598201,1.05,nan,0.12099571404476296,False,False,True,isaaclab.ContactSensor.net_forces_w,wheel_geometry_approximation
4.233333333333333,rear_right_wheel,ground_or_obstacle,True,"[-0.21718518435955048, -0.32274946570396423, -0.0001929134130477933]","[1.3435883129266594e-07, 0.0, 0.9999999999999909]",8.432891845703125,0.0,8.432891845703201,1.05,nan,0.2094346227735512,False,False,True,isaaclab.ContactSensor.net_forces_w,wheel_geometry_approximation
4.258333333333335,front_left_wheel,ground_or_obstacle,True,"[0.342703253030777, 0.0798594057559967, -0.0006239965558052091]","[1.3435884331518247e-07, 0.0, 0.999999999999991]",8.082179069519043,0.0,8.082179069519116,1.05,nan,0.009288608307285695,False,False,True,isaaclab.ContactSensor.net_forces_w,wheel_geometry_approximation
4.258333333333335,front_right_wheel,ground_or_obstacle,True,"[0.3459688425064087, -0.31843301653862, -6.110891699791232e-05]","[1.3435882654601038e-07, 0.0, 0.999999999999991]",6.024982452392578,0.0,6.024982452392632,1.05,nan,0.019239822383673773,False,False,True,isaaclab.ContactSensor.net_forces_w,wheel_geometry_approximation
4.258333333333335,rear_left_wheel,ground_or_obstacle,True,"[-0.2133202701807022, 0.07355181872844696, -0.0005884572863578824]","[1.3435884063605734e-07, 0.0, 0.999999999999991]",6.031820774078369,0.0,6.031820774078423,1.05,nan,0.1075890090339541,False,False,True,isaaclab.ContactSensor.net_forces_w,wheel_geometry_approximation
4.258333333333335,rear_right_wheel,ground_or_obstacle,True,"[-0.21650438010692596, -0.32275792956352234, -0.00013659074902534762]","[1.3435884333593872e-07, 0.0, 0.9999999999999909]",8.6002836227417,0.0,8.600283622741777,1.05,nan,0.06775586747781244,False,False,True,isaaclab.ContactSensor.net_forces_w,wheel_geometry_approximation
4.283333333333336,front_left_wheel,ground_or_obstacle,True,"[0.34338104724884033, 0.07984740287065506, -0.0005240656435489682]","[1.3435884862586632e-07, 0.0, 0.9999999999999909]",8.222514152526855,0.0,8.22251415252693,1.05,nan,0.008015904158602887,False,False,True,isaaclab.ContactSensor.net_forces_w,wheel_geometry_approximation
4.283333333333336,front_right_wheel,ground_or_obstacle,True,"[0.34668922424316406, -0.3184451460838318, -9.235665202141086e-05]","[1.3435883725605495e-07, 0.0, 0.999999999999991]",5.920338153839111,0.0,5.920338153839165,1.05,nan,0.018806422387122705,False,False,True,isaaclab.ContactSensor.net_forces_w,wheel_geometry_approximation
4.283333333333336,rear_left_wheel,ground_or_obstacle,True,"[-0.2126416116952896, 0.07354071736335754, -0.0004908062517643003]","[1.343588358094037e-07, 0.0, 0.9999999999999909]",5.870311260223389,0.0,5.870311260223442,1.05,nan,0.10907922760261819,False,False,True,isaaclab.ContactSensor.net_forces_w,wheel_geometry_approximation
4.283333333333336,rear_right_wheel,ground_or_obstacle,True,"[-0.21581754088401794, -0.32276907563209534, -8.921995759010592e-05]","[1.3435883243882217e-07, 0.0, 0.999999999999991]",8.744725227355957,0.0,8.744725227356035,1.05,nan,0.19157499357687413,False,False,True,isaaclab.ContactSensor.net_forces_w,wheel_geometry_approximation
4.308333333333337,front_left_wheel,ground_or_obstacle,True,"[0.34406912326812744, 0.07983474433422089, -0.00043236389756202975]","[1.3435883296617956e-07, 0.0, 0.9999999999999909]",8.428200721740723,0.0,8.428200721740799,1.05,nan,0.01894442526291515,False,False,True,isaaclab.ContactSensor.net_forces_w,wheel_geometry_approximation
4.308333333333337,front_right_wheel,ground_or_obstacle,True,"[0.34741079807281494, -0.3184577524662018, -0.00013569667935371676]","[1.343588322545415e-07, 0.0, 0.999999999999991]",5.752048492431641,0.0,5.752048492431692,1.05,nan,0.006466923623037752,False,False,True,isaaclab.ContactSensor.net_forces_w,wheel_geometry_approximation
4.308333333333337,rear_left_wheel,ground_or_obstacle,True,"[-0.21194878220558167, 0.07353261113166809, -0.00040117949247360507]","[1.343588405187871e-07, 0.0, 0.999999999999991]",5.658143997192383,0.0,5.658143997192433,1.05,nan,0.10024910158607721,False,False,True,isaaclab.ContactSensor.net_forces_w,wheel_geometry_approximation
4.308333333333337,rear_right_wheel,ground_or_obstacle,True,"[-0.2151225060224533, -0.32277724146842957, -5.173981189728061e-05]","[1.3435883393097235e-07, 0.0, 0.999999999999991]",8.899320602416992,0.0,8.899320602417072,1.05,nan,0.045321198060808386,False,False,True,isaaclab.ContactSensor.net_forces_w,wheel_geometry_approximation
4.333333333333338,front_left_wheel,ground_or_obstacle,True,"[0.34476280212402344, 0.07982181012630463, -0.00034991949796676913]","[1.3435883530400124e-07, 0.0, 0.9999999999999908]",8.71658992767334,0.0,8.71658992767342,1.05,nan,0.018215120171469583,False,False,True,isaaclab.ContactSensor.net_forces_w,wheel_geometry_approximation
4.333333333333338,front_right_wheel,ground_or_obstacle,True,"[0.34814268350601196, -0.3184707760810852, -0.00018955320119858066]","[1.3435884120094544e-07, 0.0, 0.9999999999999909]",5.493244171142578,0.0,5.493244171142628,1.05,nan,0.009249832316050494,False,False,True,isaaclab.ContactSensor.net_forces_w,wheel_geometry_approximation
4.333333333333338,rear_left_wheel,ground_or_obstacle,True,"[-0.21125179529190063, 0.07352378219366074, -0.0003223374485969571]","[1.3435884458704241e-07, 0.0, 0.999999999999991]",5.343419551849365,0.0,5.343419551849413,1.05,nan,0.11760027956136439,False,False,True,isaaclab.ContactSensor.net_forces_w,wheel_geometry_approximation
4.333333333333338,rear_right_wheel,ground_or_obstacle,True,"[-0.2144259363412857, -0.3227861523628235, -2.4813413619997893e-05]","[1.343588437716434e-07, 0.0, 0.999999999999991]",9.141486167907715,0.0,9.141486167907797,1.05,nan,0.06330474166190646,False,False,True,isaaclab.ContactSensor.net_forces_w,wheel_geometry_approximation
4.35833333333334,front_left_wheel,ground_or_obstacle,True,"[0.3454699218273163, 0.07980882376432419, -0.0002715431153774289]","[1.3435884246551607e-07, 0.0, 0.999999999999991]",8.840601921081543,0.0,8.840601921081623,1.05,nan,0.009733302149063773,False,False,True,isaaclab.ContactSensor.net_forces_w,wheel_geometry_approximation
4.35833333333334,front_right_wheel,ground_or_obstacle,True,"[0.34888118505477905, -0.3184836506843567, -0.0002562582492828397]","[1.3435885617425466e-07, 0.0, 0.999999999999991]",5.429125785827637,0.0,5.429125785827686,1.05,nan,0.02162512665993616,False,False,True,isaaclab.ContactSensor.net_forces_w,wheel_geometry_approximation
4.35833333333334,rear_left_wheel,ground_or_obstacle,True,"[-0.2105378955602646, 0.07351440191268921, -0.0002496533095836667]","[1.343588508094164e-07, 0.0, 0.999999999999991]",5.314023017883301,0.0,5.314023017883349,1.05,nan,0.10502709292245294,False,False,True,isaaclab.ContactSensor.net_forces_w,wheel_geometry_approximation
4.35833333333334,rear_right_wheel,ground_or_obstacle,True,"[-0.21371731162071228, -0.3227956295013428, -7.595121860506926e-06]","[1.3435884233232173e-07, 0.0, 0.9999999999999909]",9.175293922424316,0.0,9.1752939224244,1.05,nan,0.03575203435564242,False,False,True,isaaclab.ContactSensor.net_forces_w,wheel_geometry_approximation
4.383333333333341,front_left_wheel,ground_or_obstacle,True,"[0.3461807072162628, 0.07979624718427658, -0.00020238682627678195]","[1.3435884720920813e-07, 0.0, 0.999999999999991]",9.089126586914062,0.0,9.089126586914144,1.05,nan,0.013147554647580502,False,False,True,isaaclab.ContactSensor.net_forces_w,wheel_geometry_approximation
4.383333333333341,front_right_wheel,ground_or_obstacle,True,"[0.34961867332458496, -0.31849613785743713, -0.00033441483974457065]","[1.343588430652682e-07, 0.0, 0.9999999999999909]",5.172104358673096,0.0,5.172104358673143,1.05,nan,0.01966862551579441,False,False,True,isaaclab.ContactSensor.net_forces_w,wheel_geometry_approximation
4.383333333333341,rear_left_wheel,ground_or_obstacle,True,"[-0.20982272922992706, 0.07350638508796692, -0.0001886889338493375]","[1.3435884534128812e-07, 0.0, 0.9999999999999909]",5.103146553039551,0.0,5.103146553039597,1.05,nan,0.1151000362222914,False,False,True,isaaclab.ContactSensor.net_forces_w,wheel_geometry_approximation
4.383333333333341,rear_right_wheel,ground_or_obstacle,True,"[-0.21300862729549408, -0.32280367612838745, -1.7650425434140304e-06]","[1.3435884091403057e-07, 0.0, 0.9999999999999909]",9.332907676696777,0.0,9.332907676696863,1.05,nan,0.055335001681895056,False,False,True,isaaclab.ContactSensor.net_forces_w,wheel_geometry_approximation
4.408333333333342,front_left_wheel,ground_or_obstacle,True,"[0.346905380487442, 0.0797838568687439, -0.00014248788356781283]","[1.343588343197042e-07, 0.0, 0.9999999999999909]",9.607779502868652,0.0,9.60777950286874,1.05,nan,0.023812779945851684,False,False,True,isaaclab.ContactSensor.net_forces_w,wheel_geometry_approximation
4.408333333333342,front_right_wheel,ground_or_obstacle,True,"[0.35036879777908325, -0.31850847601890564, -0.0004254050552845029]","[1.3435884688059712e-07, 0.0, 0.999999999999991]",4.720663070678711,0.0,4.720663070678754,1.05,nan,0.10375881879459622,False,False,True,isaaclab.ContactSensor.net_forces_w,wheel_geometry_approximation
4.408333333333342,rear_left_wheel,ground_or_obstacle,True,"[-0.20908869802951813, 0.07349883019924164, -0.00013710483908653537]","[1.3435884202619569e-07, 0.0, 0.999999999999991]",4.7651801109313965,0.0,4.765180110931439,1.05,nan,0.09418914028022038,False,False,True,isaaclab.ContactSensor.net_forces_w,wheel_geometry_approximation
4.408333333333342,rear_right_wheel,ground_or_obstacle,True,"[-0.212288498878479, -0.3228113055229187, -8.12783837318698e-06]","[1.3435885159580158e-07, 0.0, 0.999999999999991]",9.839838981628418,0.0,9.839838981628507,1.05,nan,0.04010293207763207,False,False,True,isaaclab.ContactSensor.net_forces_w,wheel_geometry_approximation
4.433333333333343,front_left_wheel,ground_or_obstacle,True,"[0.3476291000843048, 0.07977098971605301, -9.347796440124789e-05]","[1.3435884291980867e-07, 0.0, 0.999999999999991]",9.716548919677734,0.0,9.716548919677821,1.05,nan,0.020722396446320776,False,False,True,isaaclab.ContactSensor.net_forces_w,wheel_geometry_approximation
4.433333333333343,front_right_wheel,ground_or_obstacle,True,"[0.3511151373386383, -0.31852108240127563, -0.0005268558859825162]","[1.343588495212348e-07, 0.0, 0.9999999999999909]",4.504159450531006,0.0,4.504159450531047,1.05,nan,0.029157321038873633,False,False,True,isaaclab.ContactSensor.net_forces_w,wheel_geometry_approximation
4.433333333333343,rear_left_wheel,ground_or_obstacle,True,"[-0.2083556205034256, 0.07349219173192978, -9.339973330498019e-05]","[1.343588384876441e-07, 0.0, 0.999999999999991]",4.911740303039551,0.0,4.911740303039595,1.05,nan,0.16557045241631474,False,False,True,isaaclab.ContactSensor.net_forces_w,wheel_geometry_approximation
4.433333333333343,rear_right_wheel,ground_or_obstacle,True,"[-0.21158133447170258, -0.3228181004524231, -1.3875961303713713e-05]","[1.3435884574514596e-07, 0.0, 0.9999999999999909]",9.403610229492188,0.0,9.403610229492273,1.05,nan,0.034654794767012276,False,False,True,isaaclab.ContactSensor.net_forces_w,wheel_geometry_approximation
4.458333333333345,front_left_wheel,ground_or_obstacle,True,"[0.3483661413192749, 0.07976149022579193, -5.442947149277011e-05]","[1.3435884182665688e-07, 0.0, 0.999999999999991]",10.048705101013184,0.0,10.048705101013274,1.05,nan,0.008088921895867773,False,False,True,isaaclab.ContactSensor.net_forces_w,wheel_geometry_approximation
4.458333333333345,front_right_wheel,ground_or_obstacle,True,"[0.35186412930488586, -0.318530410528183, -0.0006415911018848447]","[1.3435884346120092e-07, 0.0, 0.9999999999999909]",4.274852275848389,0.0,4.274852275848428,1.05,nan,0.08209959413516946,False,False,True,isaaclab.ContactSensor.net_forces_w,wheel_geometry_approximation
4.458333333333345,rear_left_wheel,ground_or_obstacle,True,"[-0.20761223137378693, 0.07349172234535217, -6.202533841133395e-05]","[1.34358852744083e-07, 0.0, 0.9999999999999909]",4.685282230377197,0.0,4.68528223037724,1.05,nan,0.14431540973485332,False,False,True,isaaclab.ContactSensor.net_forces_w,wheel_geometry_approximation
4.458333333333345,rear_right_wheel,ground_or_obstacle,True,"[-0.21088095009326935, -0.32281866669654846, 9.127706289288606e-06]","[1.343588517053151e-07, 0.0, 0.9999999999999909]",9.753734588623047,0.0,9.753734588623136,1.05,nan,0.04429536211059806,False,False,True,isaaclab.ContactSensor.net_forces_w,wheel_geometry_approximation
4.483333333333346,front_left_wheel,ground_or_obstacle,True,"[0.3491024076938629, 0.0797518789768219, -2.679526805877963e-05]","[1.343588367413835e-07, 0.0, 0.999999999999991]",10.260254859924316,0.0,10.260254859924409,1.05,nan,0.030751299064424264,False,False,True,isaaclab.ContactSensor.net_forces_w,wheel_geometry_approximation
4.483333333333346,front_right_wheel,ground_or_obstacle,True,"[0.35261210799217224, -0.3185398280620575, -0.0007642090320587186]","[1.343588412885241e-07, 0.0, 0.9999999999999909]",4.385680198669434,0.0,4.385680198669474,1.05,nan,0.1623341609809636,False,False,True,isaaclab.ContactSensor.net_forces_w,wheel_geometry_approximation
4.483333333333346,rear_left_wheel,ground_or_obstacle,True,"[-0.20687146484851837, 0.07348644733428955, -4.162192344665805e-05]","[1.3435883901448349e-07, 0.0, 0.9999999999999911]",4.486242294311523,0.0,4.486242294311563,1.05,nan,0.16178130558680442,False,False,True,isaaclab.ContactSensor.net_forces_w,wheel_geometry_approximation
4.483333333333346,rear_right_wheel,ground_or_obstacle,True,"[-0.21017654240131378, -0.3228241205215454, 2.1506845951077547e-05]","[1.343588433558909e-07, 0.0, 0.9999999999999909]",9.942630767822266,0.0,9.942630767822356,1.05,nan,0.0639716933596607,False,False,True,isaaclab.ContactSensor.net_forces_w,wheel_geometry_approximation
4.508333333333347,front_left_wheel,ground_or_obstacle,True,"[0.34982120990753174, 0.07976070046424866, -9.133666753771696e-06]","[1.343588478205106e-07, 0.0, 0.999999999999991]",8.873250007629395,0.0,8.873250007629474,1.05,nan,0.0695657861610135,False,False,True,isaaclab.ContactSensor.net_forces_w,wheel_geometry_approximation
4.508333333333347,front_right_wheel,ground_or_obstacle,True,"[0.3532920777797699, -0.3185313642024994, -0.0006486058235168485]","[1.3435884224036807e-07, 0.0, 0.9999999999999909]",5.379684925079346,0.0,5.3796849250793946,1.05,nan,0.07062446460854464,False,False,True,isaaclab.ContactSensor.net_forces_w,wheel_geometry_approximation
4.508333333333347,rear_left_wheel,ground_or_obstacle,True,"[-0.20615431666374207, 0.07350296527147293, -2.5323778390887175e-05]","[1.3435885472852972e-07, 0.0, 0.999999999999991]",5.6144561767578125,0.0,5.614456176757863,1.05,nan,0.1597457002363346,False,False,True,isaaclab.ContactSensor.net_forces_w,wheel_geometry_approximation
4.508333333333347,rear_right_wheel,ground_or_obstacle,True,"[-0.20947207510471344, -0.3228074610233307, 1.8079578876492586e-05]","[1.343588528992668e-07, 0.0, 0.999999999999991]",8.895895004272461,0.0,8.89589500427254,1.05,nan,0.11981445613737682,False,False,True,isaaclab.ContactSensor.net_forces_w,wheel_geometry_approximation
4.533333333333348,front_left_wheel,ground_or_obstacle,True,"[0.35054856538772583, 0.07976856827735901, -2.182275056841765e-06]","[1.3435884570040833e-07, 0.0, 0.999999999999991]",8.735562324523926,0.0,8.735562324524004,1.05,nan,0.06895011809697622,False,False,True,isaaclab.ContactSensor.net_forces_w,wheel_geometry_approximation
4.533333333333348,front_right_wheel,ground_or_obstacle,True,"[0.35397785902023315, -0.31852373480796814, -0.0005416639149189023]","[1.343588507480486e-07, 0.0, 0.999999999999991]",5.528645992279053,0.0,5.5286459922791025,1.05,nan,0.08056512217508266,False,False,True,isaaclab.ContactSensor.net_forces_w,wheel_geometry_approximation
4.533333333333348,rear_left_wheel,ground_or_obstacle,True,"[-0.20544026792049408, 0.07351185381412506, -1.8629431724551115e-05]","[1.3435883238270187e-07, 0.0, 0.999999999999991]",5.730676174163818,0.0,5.73067617416387,1.05,nan,0.15641668092028838,False,False,True,isaaclab.ContactSensor.net_forces_w,wheel_geometry_approximation
4.533333333333348,rear_right_wheel,ground_or_obstacle,True,"[-0.208760604262352, -0.3227985203266144, 2.414733171460237e-06]","[1.343588487668861e-07, 0.0, 0.9999999999999909]",8.771611213684082,0.0,8.771611213684162,1.05,nan,0.06771485973259306,False,False,True,isaaclab.ContactSensor.net_forces_w,wheel_geometry_approximation
4.55833333333335,front_left_wheel,ground_or_obstacle,True,"[0.351281076669693, 0.07977817952632904, -6.432831287386809e-06]","[1.3435883173624452e-07, 0.0, 0.9999999999999911]",8.551767349243164,0.0,8.55176734924324,1.05,nan,0.06141610360687831,False,False,True,isaaclab.ContactSensor.net_forces_w,wheel_geometry_approximation
4.55833333333335,front_right_wheel,ground_or_obstacle,True,"[0.35466891527175903, -0.31851428747177124, -0.00044416189193725863]","[1.3435882871347613e-07, 0.0, 0.999999999999991]",5.812921047210693,0.0,5.812921047210746,1.05,nan,0.03690060990474897,False,False,True,isaaclab.ContactSensor.net_forces_w,wheel_geometry_approximation
4.55833333333335,rear_left_wheel,ground_or_obstacle,True,"[-0.2047218233346939, 0.07352470606565475, -2.3204088211062346e-05]","[1.3435883900373578e-07, 0.0, 0.9999999999999909]",5.979024887084961,0.0,5.979024887085015,1.05,nan,0.13199534952006584,False,False,True,isaaclab.ContactSensor.net_forces_w,wheel_geometry_approximation
4.55833333333335,rear_right_wheel,ground_or_obstacle,True,"[-0.20803746581077576, -0.3227853775024414, -2.5424361228945647e-05]","[1.343588316334014e-07, 0.0, 0.999999999999991]",8.465377807617188,0.0,8.465377807617264,1.05,nan,0.11523433551355611,False,False,True,isaaclab.ContactSensor.net_forces_w,wheel_geometry_approximation
4.583333333333351,front_left_wheel,ground_or_obstacle,True,"[0.35202378034591675, 0.07978783547878265, -2.1982192993166838e-05]","[1.3435884519103683e-07, 0.0, 0.999999999999991]",8.252263069152832,0.0,8.252263069152907,1.05,nan,0.04456955516351897,False,False,True,isaaclab.ContactSensor.net_forces_w,wheel_geometry_approximation
4.583333333333351,front_right_wheel,ground_or_obstacle,True,"[0.35537096858024597, -0.31850484013557434, -0.0003547921776771573]","[1.3435883790990768e-07, 0.0, 0.9999999999999909]",6.072536468505859,0.0,6.072536468505914,1.05,nan,0.07220534832246238,False,False,True,isaaclab.ContactSensor.net_forces_w,wheel_geometry_approximation
4.583333333333351,rear_left_wheel,ground_or_obstacle,True,"[-0.20400014519691467, 0.07353625446557999, -2.7976185083392058e-05]","[1.3435884520080177e-07, 0.0, 0.9999999999999909]",6.4783549308776855,0.0,6.478354930877744,1.05,nan,0.13727346695624112,False,False,True,isaaclab.ContactSensor.net_forces_w,wheel_geometry_approximation
4.583333333333351,rear_right_wheel,ground_or_obstacle,True,"[-0.20730113983154297, -0.3227737247943878, -6.46516680717496e-05]","[1.3435884578404894e-07, 0.0, 0.999999999999991]",7.952173233032227,0.0,7.9521732330322985,1.05,nan,0.13716282624625514,False,False,True,isaaclab.ContactSensor.net_forces_w,wheel_geometry_approximation
4.608333333333352,front_left_wheel,ground_or_obstacle,True,"[0.3527693450450897, 0.07979784905910492, -4.880055785179416e-05]","[1.343588393677774e-07, 0.0, 0.999999999999991]",7.869306564331055,0.0,7.869306564331126,1.05,nan,0.03784979165712814,False,False,True,isaaclab.ContactSensor.net_forces_w,wheel_geometry_approximation
4.608333333333352,front_right_wheel,ground_or_obstacle,True,"[0.3560791015625, -0.3184950351715088, -0.0002746239304542569]","[1.3435883406728e-07, 0.0, 0.9999999999999909]",6.459249973297119,0.0,6.459249973297178,1.05,nan,0.07665809908905749,False,False,True,isaaclab.ContactSensor.net_forces_w,wheel_geometry_approximation
4.608333333333352,rear_left_wheel,ground_or_obstacle,True,"[-0.203285351395607, 0.07354648411273956, -9.066611528399382e-06]","[1.3435883193770387e-07, 0.0, 0.9999999999999909]",6.829622268676758,0.0,6.82962226867682,1.05,nan,0.12919912079631232,False,False,True,isaaclab.ContactSensor.net_forces_w,wheel_geometry_approximation
4.608333333333352,rear_right_wheel,ground_or_obstacle,True,"[-0.2065517008304596, -0.3227633535861969, -0.00011658594012260715]","[1.343588366472582e-07, 0.0, 0.999999999999991]",7.5833001136779785,0.0,7.583300113678047,1.05,nan,0.13638755853230164,False,False,True,isaaclab.ContactSensor.net_forces_w,wheel_geometry_approximation
4.633333333333353,front_left_wheel,ground_or_obstacle,True,"[0.35352352261543274, 0.07980682700872421, -8.73349606990842e-05]","[1.3435882801015307e-07, 0.0, 0.999999999999991]",7.593318939208984,0.0,7.593318939209053,1.05,nan,0.029513256810500495,False,False,True,isaaclab.ContactSensor.net_forces_w,wheel_geometry_approximation
4.633333333333353,front_right_wheel,ground_or_obstacle,True,"[0.356797456741333, -0.31848618388175964, -0.00020433142781257907]","[1.3435884443821062e-07, 0.0, 0.999999999999991]",6.789431095123291,0.0,6.789431095123352,1.05,nan,0.07128996554205166,False,False,True,isaaclab.ContactSensor.net_forces_w,wheel_geometry_approximation
4.633333333333353,rear_left_wheel,ground_or_obstacle,True,"[-0.20255905389785767, 0.07355774939060211, -1.8551945686617888e-07]","[1.3435884474489905e-07, 0.0, 0.999999999999991]",7.108802795410156,0.0,7.10880279541022,1.05,nan,0.11703974682980313,False,False,True,isaaclab.ContactSensor.net_forces_w,wheel_geometry_approximation
4.633333333333353,rear_right_wheel,ground_or_obstacle,True,"[-0.2057914286851883, -0.3227519392967224, -0.00018069073557853976]","[1.343588362357444e-07, 0.0, 0.9999999999999909]",7.252450466156006,0.0,7.252450466156072,1.05,nan,0.13778568854907494,False,False,True,isaaclab.ContactSensor.net_forces_w,wheel_geometry_approximation
4.6583333333333545,front_left_wheel,ground_or_obstacle,True,"[0.35428139567375183, 0.07981610298156738, -0.00013776049017906467]","[1.3435884241052593e-07, 0.0, 0.999999999999991]",7.221604824066162,0.0,7.221604824066227,1.05,nan,0.036028662216063184,False,False,True,isaaclab.ContactSensor.net_forces_w,wheel_geometry_approximation
4.6583333333333545,front_right_wheel,ground_or_obstacle,True,"[0.3575226366519928, -0.3184770345687866, -0.0001438401639461545]","[1.3435884209055206e-07, 0.0, 0.999999999999991]",7.168035507202148,0.0,7.168035507202213,1.05,nan,0.08411411953981474,False,False,True,isaaclab.ContactSensor.net_forces_w,wheel_geometry_approximation
4.6583333333333545,rear_left_wheel,ground_or_obstacle,True,"[-0.20183132588863373, 0.07356676459312439, -2.3648142814663986e-06]","[1.3435884707092148e-07, 0.0, 0.999999999999991]",7.468017578125,0.0,7.4680175781250675,1.05,nan,0.12304497508522864,False,False,True,isaaclab.ContactSensor.net_forces_w,wheel_geometry_approximation
4.6583333333333545,rear_right_wheel,ground_or_obstacle,True,"[-0.20502085983753204, -0.3227427005767822, -0.00025862753391266147]","[1.3435882961080965e-07, 0.0, 0.999999999999991]",6.884783744812012,0.0,6.884783744812074,1.05,nan,0.15092978328552262,False,False,True,isaaclab.ContactSensor.net_forces_w,wheel_geometry_approximation
4.683333333333356,front_left_wheel,ground_or_obstacle,True,"[0.3550417125225067, 0.07982494682073593, -0.0001996822655200986]","[1.3435884072760103e-07, 0.0, 0.999999999999991]",6.928299903869629,0.0,6.928299903869691,1.05,nan,0.027429309402784013,False,False,True,isaaclab.ContactSensor.net_forces_w,wheel_geometry_approximation
4.683333333333356,front_right_wheel,ground_or_obstacle,True,"[0.3582553565502167, -0.3184683322906494, -9.345188736915866e-05]","[1.3435883212968074e-07, 0.0, 0.999999999999991]",7.481311321258545,0.0,7.481311321258612,1.05,nan,0.10016124848272233,False,False,True,isaaclab.ContactSensor.net_forces_w,wheel_geometry_approximation
4.683333333333356,rear_left_wheel,ground_or_obstacle,True,"[-0.20109955966472626, 0.07357537746429443, -1.5254318714144621e-05]","[1.3435883799545851e-07, 0.0, 0.9999999999999909]",7.7260613441467285,0.0,7.726061344146799,1.05,nan,0.12274770933400331,False,False,True,isaaclab.ContactSensor.net_forces_w,wheel_geometry_approximation
4.683333333333356,rear_right_wheel,ground_or_obstacle,True,"[-0.20424309372901917, -0.3227340281009674, -0.00034903660416603366]","[1.3435884165040883e-07, 0.0, 0.9999999999999909]",6.547215938568115,0.0,6.547215938568175,1.05,nan,0.16254529509465,False,False,True,isaaclab.ContactSensor.net_forces_w,wheel_geometry_approximation
4.708333333333357,front_left_wheel,ground_or_obstacle,True,"[0.35580649971961975, 0.07983424514532089, -0.00027448609471321384]","[1.3435883357972806e-07, 0.0, 0.9999999999999909]",6.6265549659729,0.0,6.626554965972961,1.05,nan,0.027451277196372314,False,False,True,isaaclab.ContactSensor.net_forces_w,wheel_geometry_approximation
4.708333333333357,front_right_wheel,ground_or_obstacle,True,"[0.358995258808136, -0.31845906376838684, -5.3703039884570036e-05]","[1.3435884297111086e-07, 0.0, 0.999999999999991]",7.8140692710876465,0.0,7.814069271087717,1.05,nan,0.09211360982783569,False,False,True,isaaclab.ContactSensor.net_forces_w,wheel_geometry_approximation
4.708333333333357,rear_left_wheel,ground_or_obstacle,True,"[-0.20036157965660095, 0.07358352839946747, -3.9766728878024016e-05]","[1.3435883551675095e-07, 0.0, 0.9999999999999909]",8.016580581665039,0.0,8.016580581665112,1.05,nan,0.1295474646310946,False,False,True,isaaclab.ContactSensor.net_forces_w,wheel_geometry_approximation
4.708333333333357,rear_right_wheel,ground_or_obstacle,True,"[-0.2034563571214676, -0.32272574305534363, -0.00045322552323341647]","[1.3435883213095687e-07, 0.0, 0.999999999999991]",6.243089199066162,0.0,6.243089199066218,1.05,nan,0.16398447122263546,False,False,True,isaaclab.ContactSensor.net_forces_w,wheel_geometry_approximation
4.733333333333358,front_left_wheel,ground_or_obstacle,True,"[0.3565768301486969, 0.07984322309494019, -0.0003611735999584226]","[1.343588424399602e-07, 0.0, 0.999999999999991]",6.338802337646484,0.0,6.338802337646541,1.05,nan,0.022452186389131903,False,False,True,isaaclab.ContactSensor.net_forces_w,wheel_geometry_approximation
4.733333333333358,front_right_wheel,ground_or_obstacle,True,"[0.35974615812301636, -0.31845009326934814, -2.4660676717760954e-05]","[1.343588440402757e-07, 0.0, 0.999999999999991]",8.147833824157715,0.0,8.147833824157788,1.05,nan,0.10707319233608581,False,False,True,isaaclab.ContactSensor.net_forces_w,wheel_geometry_approximation
4.733333333333358,rear_left_wheel,ground_or_obstacle,True,"[-0.19961430132389069, 0.07359204441308975, -7.570087909698764e-05]","[1.3435885132421383e-07, 0.0, 0.999999999999991]",8.308181762695312,0.0,8.308181762695387,1.05,nan,0.1299519901053687,False,False,True,isaaclab.ContactSensor.net_forces_w,wheel_geometry_approximation
4.733333333333358,rear_right_wheel,ground_or_obstacle,True,"[-0.20266149938106537, -0.32271718978881836, -0.0005714066326618222]","[1.343588308623109e-07, 0.0, 0.9999999999999909]",5.944692134857178,0.0,5.944692134857232,1.05,nan,0.16647404717249384,False,False,True,isaaclab.ContactSensor.net_forces_w,wheel_geometry_approximation
4.7583333333333595,front_left_wheel,ground_or_obstacle,True,"[0.35734912753105164, 0.079851433634758, -0.00045835524797439853]","[1.3435882953499512e-07, 0.0, 0.999999999999991]",5.911253452301025,0.0,5.911253452301079,1.05,nan,0.0035217049144098825,False,False,True,isaaclab.ContactSensor.net_forces_w,wheel_geometry_approximation
4.7583333333333595,front_right_wheel,ground_or_obstacle,True,"[0.3605038523674011, -0.31844189763069153, -7.23376870155612e-06]","[1.3435884228192187e-07, 0.0, 0.9999999999999909]",8.608043670654297,0.0,8.608043670654375,1.05,nan,0.11217003671619506,False,False,True,isaaclab.ContactSensor.net_forces_w,wheel_geometry_approximation
4.7583333333333595,rear_left_wheel,ground_or_obstacle,True,"[-0.19886183738708496, 0.07359903305768967, -0.00012173801660537997]","[1.3435883098984843e-07, 0.0, 0.999999999999991]",8.671656608581543,0.0,8.671656608581621,1.05,nan,0.11530728615645325,False,False,True,isaaclab.ContactSensor.net_forces_w,wheel_geometry_approximation
4.7583333333333595,rear_right_wheel,ground_or_obstacle,True,"[-0.20185942947864532, -0.3227100670337677, -0.0007021196186542539]","[1.343588542119713e-07, 0.0, 0.999999999999991]",5.529312610626221,0.0,5.52931261062627,1.05,nan,0.15827192062236206,False,False,True,isaaclab.ContactSensor.net_forces_w,wheel_geometry_approximation
4.783333333333361,front_left_wheel,ground_or_obstacle,True,"[0.35803771018981934, 0.07984381169080734, -0.0003856711089611081]","[1.343588375101028e-07, 0.0, 0.999999999999991]",7.179324150085449,0.0,7.179324150085514,1.05,nan,0.08772942733646069,False,False,True,isaaclab.ContactSensor.net_forces_w,wheel_geometry_approximation
4.783333333333361,front_right_wheel,ground_or_obstacle,True,"[0.36123403906822205, -0.3184494376182556, 2.875924110384842e-07]","[1.3435883771006302e-07, 0.0, 0.999999999999991]",6.902523994445801,0.0,6.902523994445863,1.05,nan,0.1265185946655446,False,False,True,isaaclab.ContactSensor.net_forces_w,wheel_geometry_approximation
4.783333333333361,rear_left_wheel,ground_or_obstacle,True,"[-0.19812670350074768, 0.07359501719474792, -0.00017455145716667453]","[1.3435883576245528e-07, 0.0, 0.999999999999991]",6.849484443664551,0.0,6.849484443664612,1.05,nan,0.17153056490713267,False,False,True,isaaclab.ContactSensor.net_forces_w,wheel_geometry_approximation
4.783333333333361,rear_right_wheel,ground_or_obstacle,True,"[-0.2011263072490692, -0.32271403074264526, -0.000733162462711337]","[1.3435884193570435e-07, 0.0, 0.999999999999991]",7.759693622589111,0.0,7.7596936225891815,1.05,nan,0.1679085356185071,False,False,True,isaaclab.ContactSensor.net_forces_w,wheel_geometry_approximation
4.808333333333362,front_left_wheel,ground_or_obstacle,True,"[0.35872581601142883, 0.07984103262424469, -0.0003058791160583524]","[1.3435883251614156e-07, 0.0, 0.999999999999991]",7.683207035064697,0.0,7.6832070350647665,1.05,nan,0.06413604819443107,False,False,True,isaaclab.ContactSensor.net_forces_w,wheel_geometry_approximation
4.808333333333362,front_right_wheel,ground_or_obstacle,True,"[0.36196619272232056, -0.31845206022262573, -2.30893492698947e-06]","[1.343588342821941e-07, 0.0, 0.999999999999991]",6.42960786819458,0.0,6.429607868194638,1.05,nan,0.17402336863273835,False,False,True,isaaclab.ContactSensor.net_forces_w,wheel_geometry_approximation
4.808333333333362,rear_left_wheel,ground_or_obstacle,True,"[-0.19739267230033875, 0.07359322905540466, -0.00024106279015541354]","[1.3435883460749007e-07, 0.0, 0.999999999999991]",6.347326755523682,0.0,6.3473267555237385,1.05,nan,0.15154883291703256,False,False,True,isaaclab.ContactSensor.net_forces_w,wheel_geometry_approximation
4.808333333333362,rear_right_wheel,ground_or_obstacle,True,"[-0.20045320689678192, -0.32271599769592285, -0.0006225138902664212]","[1.3435883395535588e-07, 0.0, 0.9999999999999909]",8.170592308044434,0.0,8.170592308044508,1.05,nan,0.1268192053080131,False,False,True,isaaclab.ContactSensor.net_forces_w,wheel_geometry_approximation
4.833333333333363,front_left_wheel,ground_or_obstacle,True,"[0.35941648483276367, 0.07983610779047012, -0.00023692771792412082]","[1.3435883834696408e-07, 0.0, 0.999999999999991]",7.471912860870361,0.0,7.471912860870429,1.05,nan,0.0323132754873612,False,False,True,isaaclab.ContactSensor.net_forces_w,wheel_geometry_approximation
4.833333333333363,front_right_wheel,ground_or_obstacle,True,"[0.36268943548202515, -0.3184570074081421, -1.9482523202898894e-05]","[1.3435883845073586e-07, 0.0, 0.999999999999991]",6.641557693481445,0.0,6.641557693481505,1.05,nan,0.029220565759703537,False,False,True,isaaclab.ContactSensor.net_forces_w,wheel_geometry_approximation
4.833333333333363,rear_left_wheel,ground_or_obstacle,True,"[-0.19668850302696228, 0.073588527739048, -0.00023683458566665927]","[1.3435883204706842e-07, 0.0, 0.999999999999991]",6.306913375854492,0.0,6.306913375854549,1.05,nan,0.1324495261613365,False,False,True,isaaclab.ContactSensor.net_forces_w,wheel_geometry_approximation
4.833333333333363,rear_right_wheel,ground_or_obstacle,True,"[-0.19977881014347076, -0.3227207064628601, -0.0005188688635826139]","[1.3435884447912486e-07, 0.0, 0.999999999999991]",8.285755157470703,0.0,8.285755157470778,1.05,nan,0.11258906301622273,False,False,True,isaaclab.ContactSensor.net_forces_w,wheel_geometry_approximation
4.8583333333333645,front_left_wheel,ground_or_obstacle,True,"[0.36010628938674927, 0.07983510196208954, -0.0001753672957420377]","[1.343588408760946e-07, 0.0, 0.999999999999991]",7.599762439727783,0.0,7.599762439727852,1.05,nan,0.02518801594928552,False,False,True,isaaclab.ContactSensor.net_forces_w,wheel_geometry_approximation
4.8583333333333645,front_right_wheel,ground_or_obstacle,True,"[0.3634071946144104, -0.31845802068710327, -5.0134956836728195e-06]","[1.3435883090184515e-07, 0.0, 0.999999999999991]",6.513800144195557,0.0,6.513800144195615,1.05,nan,0.0243007913233773,False,False,True,isaaclab.ContactSensor.net_forces_w,wheel_geometry_approximation
4.8583333333333645,rear_left_wheel,ground_or_obstacle,True,"[-0.196001335978508, 0.07358730584383011, -0.0001764029264450101]","[1.3435884278968382e-07, 0.0, 0.999999999999991]",6.490088939666748,0.0,6.490088939666807,1.05,nan,0.1256111246449119,False,False,True,isaaclab.ContactSensor.net_forces_w,wheel_geometry_approximation
4.8583333333333645,rear_right_wheel,ground_or_obstacle,True,"[-0.1991012692451477, -0.32272201776504517, -0.000425051152706149]","[1.3435884270432793e-07, 0.0, 0.999999999999991]",8.135519981384277,0.0,8.13551998138435,1.05,nan,0.10632269918356953,False,False,True,isaaclab.ContactSensor.net_forces_w,wheel_geometry_approximation
4.883333333333366,front_left_wheel,ground_or_obstacle,True,"[0.36080965399742126, 0.07983506470918655, -0.00012275502085686008]","[1.343588435499266e-07, 0.0, 0.9999999999999909]",7.7397050857543945,0.0,7.739705085754465,1.05,nan,0.004684483563234972,False,False,True,isaaclab.ContactSensor.net_forces_w,wheel_geometry_approximation
4.883333333333366,front_right_wheel,ground_or_obstacle,True,"[0.3641231954097748, -0.3184579610824585, 6.29276037215909e-06]","[1.3435883562753265e-07, 0.0, 0.999999999999991]",6.3485307693481445,0.0,6.348530769348201,1.05,nan,0.014996869998138956,False,False,True,isaaclab.ContactSensor.net_forces_w,wheel_geometry_approximation
4.883333333333366,rear_left_wheel,ground_or_obstacle,True,"[-0.19529932737350464, 0.07358817756175995, -0.00012300834059715549]","[1.3435883118026377e-07, 0.0, 0.9999999999999909]",6.363090991973877,0.0,6.363090991973935,1.05,nan,0.10866378284686863,False,False,True,isaaclab.ContactSensor.net_forces_w,wheel_geometry_approximation
4.883333333333366,rear_right_wheel,ground_or_obstacle,True,"[-0.1984095573425293, -0.32272106409072876, -0.0003391347825527219]","[1.343588389497051e-07, 0.0, 0.9999999999999909]",8.242000579833984,0.0,8.242000579834059,1.05,nan,0.07714324248800901,False,False,True,isaaclab.ContactSensor.net_forces_w,wheel_geometry_approximation
4.908333333333367,front_left_wheel,ground_or_obstacle,True,"[0.36151742935180664, 0.07983461022377014, -7.976517081260959e-05]","[1.3435884316822604e-07, 0.0, 0.9999999999999909]",7.837891578674316,0.0,7.8378915786743875,1.05,nan,0.004773961867332443,False,False,True,isaaclab.ContactSensor.net_forces_w,wheel_geometry_approximation
4.908333333333367,front_right_wheel,ground_or_obstacle,True,"[0.364836722612381, -0.3184583783149719, 7.302314043042268e-06]","[1.3435884189806938e-07, 0.0, 0.9999999999999909]",6.323426246643066,0.0,6.323426246643124,1.05,nan,0.029590973749291552,False,False,True,isaaclab.ContactSensor.net_forces_w,wheel_geometry_approximation
4.908333333333367,rear_left_wheel,ground_or_obstacle,True,"[-0.19459202885627747, 0.07358744740486145, -7.997006177902499e-05]","[1.3435883891231623e-07, 0.0, 0.999999999999991]",6.184676647186279,0.0,6.184676647186335,1.05,nan,0.11619592487005892,False,False,True,isaaclab.ContactSensor.net_forces_w,wheel_geometry_approximation
4.908333333333367,rear_right_wheel,ground_or_obstacle,True,"[-0.19771355390548706, -0.3227218985557556, -0.00026253163814544955]","[1.3435884259934672e-07, 0.0, 0.9999999999999909]",8.356874465942383,0.0,8.35687446594246,1.05,nan,0.07608146365829423,False,False,True,isaaclab.ContactSensor.net_forces_w,wheel_geometry_approximation
4.933333333333368,front_left_wheel,ground_or_obstacle,True,"[0.36223170161247253, 0.07983501255512238, -4.651322960853854e-05]","[1.343588518707341e-07, 0.0, 0.999999999999991]",8.111763954162598,0.0,8.11176395416267,1.05,nan,0.0037819514020467457,False,False,True,isaaclab.ContactSensor.net_forces_w,wheel_geometry_approximation
4.933333333333368,front_right_wheel,ground_or_obstacle,True,"[0.3655456006526947, -0.3184579610824585, -3.2737851142911056e-06]","[1.343588352853316e-07, 0.0, 0.999999999999991]",6.1230340003967285,0.0,6.123034000396784,1.05,nan,0.00041411507853972063,False,False,True,isaaclab.ContactSensor.net_forces_w,wheel_geometry_approximation
4.933333333333368,rear_left_wheel,ground_or_obstacle,True,"[-0.19387738406658173, 0.07358759641647339, -4.6733021736147795e-05]","[1.3435883456539259e-07, 0.0, 0.999999999999991]",5.9298996925354,0.0,5.929899692535454,1.05,nan,0.10943340687894777,False,False,True,isaaclab.ContactSensor.net_forces_w,wheel_geometry_approximation
4.933333333333368,rear_right_wheel,ground_or_obstacle,True,"[-0.1970095932483673, -0.32272177934646606, -0.0001953497529029874]","[1.3435884109095985e-07, 0.0, 0.9999999999999911]",8.572098731994629,0.0,8.572098731994705,1.05,nan,0.06865960409023929,False,False,True,isaaclab.ContactSensor.net_forces_w,wheel_geometry_approximation
4.9583333333333695,front_left_wheel,ground_or_obstacle,True,"[0.36295369267463684, 0.0798352062702179, -2.4295598268511687e-05]","[1.3435884553200322e-07, 0.0, 0.9999999999999909]",8.16855239868164,0.0,8.168552398681715,1.05,nan,0.0025578031852970906,False,False,True,isaaclab.ContactSensor.net_forces_w,wheel_geometry_approximation
4.9583333333333695,front_right_wheel,ground_or_obstacle,True,"[0.36626285314559937, -0.31845778226852417, -2.5055557489397917e-05]","[1.3435883178465685e-07, 0.0, 0.9999999999999911]",6.06456184387207,0.0,6.0645618438721245,1.05,nan,0.016988264465164146,False,False,True,isaaclab.ContactSensor.net_forces_w,wheel_geometry_approximation
4.9583333333333695,rear_left_wheel,ground_or_obstacle,True,"[-0.1931595504283905, 0.073589026927948, -2.307742834091464e-05]","[1.343588363502949e-07, 0.0, 0.999999999999991]",5.827817916870117,0.0,5.82781791687017,1.05,nan,0.11744618191715912,False,False,True,isaaclab.ContactSensor.net_forces_w,wheel_geometry_approximation
4.9583333333333695,rear_right_wheel,ground_or_obstacle,True,"[-0.19629992544651031, -0.322720468044281, -0.00013758540153503696]","[1.3435884056980168e-07, 0.0, 0.9999999999999909]",8.634992599487305,0.0,8.634992599487383,1.05,nan,0.061468976649988814,False,False,True,isaaclab.ContactSensor.net_forces_w,wheel_geometry_approximation
4.983333333333371,front_left_wheel,ground_or_obstacle,True,"[0.36367693543434143, 0.07983525842428207, -1.2724846601488982e-05]","[1.3435884803854235e-07, 0.0, 0.999999999999991]",8.442277908325195,0.0,8.442277908325272,1.05,nan,0.007614927810157932,False,False,True,isaaclab.ContactSensor.net_forces_w,wheel_geometry_approximation
4.983333333333371,front_right_wheel,ground_or_obstacle,True,"[0.3669857084751129, -0.3184577226638794, -5.834475159645358e-05]","[1.3435882578896457e-07, 0.0, 0.999999999999991]",5.858218193054199,0.0,5.858218193054252,1.05,nan,0.001427177520517711,False,False,True,isaaclab.ContactSensor.net_forces_w,wheel_geometry_approximation
4.983333333333371,rear_left_wheel,ground_or_obstacle,True,"[-0.19243870675563812, 0.07358869910240173, -1.0929256677630339e-05]","[1.34358840264685e-07, 0.0, 0.9999999999999909]",5.571788311004639,0.0,5.571788311004689,1.05,nan,0.11835173941194987,False,False,True,isaaclab.ContactSensor.net_forces_w,wheel_geometry_approximation
4.983333333333371,rear_right_wheel,ground_or_obstacle,True,"[-0.19558797776699066, -0.3227207660675049, -9.023696184158603e-05]","[1.3435884302568077e-07, 0.0, 0.999999999999991]",8.853111267089844,0.0,8.853111267089924,1.05,nan,0.06513455799054903,False,False,True,isaaclab.ContactSensor.net_forces_w,wheel_geometry_approximation
5.008333333333372,front_left_wheel,ground_or_obstacle,True,"[0.3644140064716339, 0.07983521372079849, -1.1361390352251921e-05]","[1.34358835853991e-07, 0.0, 0.9999999999999909]",8.590644836425781,0.0,8.59064483642586,1.05,nan,0.014580886506033742,False,False,True,isaaclab.ContactSensor.net_forces_w,wheel_geometry_approximation
5.008333333333372,front_right_wheel,ground_or_obstacle,True,"[0.36771318316459656, -0.31845781207084656, -0.00010463893413543979]","[1.34358829122649e-07, 0.0, 0.999999999999991]",5.715732574462891,0.0,5.715732574462942,1.05,nan,0.00979891536284851,False,False,True,isaaclab.ContactSensor.net_forces_w,wheel_geometry_approximation
5.008333333333372,rear_left_wheel,ground_or_obstacle,True,"[-0.19170469045639038, 0.07358908653259277, -9.293854236605559e-06]","[1.3435884638425892e-07, 0.0, 0.999999999999991]",5.41209077835083,0.0,5.412090778350879,1.05,nan,0.1195991342438035,False,False,True,isaaclab.ContactSensor.net_forces_w,wheel_geometry_approximation
5.008333333333372,rear_right_wheel,ground_or_obstacle,True,"[-0.19486472010612488, -0.3227204382419586, -5.253702402115146e-05]","[1.343588378751602e-07, 0.0, 0.9999999999999909]",8.987343788146973,0.0,8.987343788147054,1.05,nan,0.045417422853793014,False,False,True,isaaclab.ContactSensor.net_forces_w,wheel_geometry_approximation
5.033333333333373,front_left_wheel,ground_or_obstacle,True,"[0.36517080664634705, 0.07983530312776566, -2.3353099823000822e-05]","[1.3435884929162283e-07, 0.0, 0.999999999999991]",8.728055953979492,0.0,8.72805595397957,1.05,nan,0.013686070315107437,False,False,True,isaaclab.ContactSensor.net_forces_w,wheel_geometry_approximation
5.033333333333373,front_right_wheel,ground_or_obstacle,True,"[0.36846011877059937, -0.318457692861557, -0.00016331970691681186]","[1.343588350300228e-07, 0.0, 0.9999999999999909]",5.6927971839904785,0.0,5.69279718399053,1.05,nan,0.004091486313884699,False,False,True,isaaclab.ContactSensor.net_forces_w,wheel_geometry_approximation
5.033333333333373,rear_left_wheel,ground_or_obstacle,True,"[-0.19095087051391602, 0.0735924169421196, -1.8759816884997282e-05]","[1.3435884992966797e-07, 0.0, 0.999999999999991]",5.256660461425781,0.0,5.256660461425828,1.05,nan,0.12008777112352152,False,False,True,isaaclab.ContactSensor.net_forces_w,wheel_geometry_approximation
5.033333333333373,rear_right_wheel,ground_or_obstacle,True,"[-0.1941245198249817, -0.32271715998649597, -2.457126975059787e-05]","[1.343588442853926e-07, 0.0, 0.999999999999991]",9.043922424316406,0.0,9.043922424316488,1.05,nan,0.06490650415829774,False,False,True,isaaclab.ContactSensor.net_forces_w,wheel_geometry_approximation
5.058333333333374,front_left_wheel,ground_or_obstacle,True,"[0.3659248650074005, 0.07983482629060745, -4.6755373477938567e-05]","[1.3435882913064253e-07, 0.0, 0.999999999999991]",8.875061988830566,0.0,8.875061988830646,1.05,nan,0.03708840413966418,False,False,True,isaaclab.ContactSensor.net_forces_w,wheel_geometry_approximation
5.058333333333374,front_right_wheel,ground_or_obstacle,True,"[0.3692047894001007, -0.31845822930336, -0.0002340145409107236]","[1.3435884469320688e-07, 0.0, 0.999999999999991]",5.602325439453125,0.0,5.602325439453176,1.05,nan,0.042547265260090145,False,False,True,isaaclab.ContactSensor.net_forces_w,wheel_geometry_approximation
5.058333333333374,rear_left_wheel,ground_or_obstacle,True,"[-0.190200537443161, 0.0735931545495987, -4.018023610115329e-05]","[1.3435883828461807e-07, 0.0, 0.999999999999991]",5.21557092666626,0.0,5.215570926666307,1.05,nan,0.13492185059827574,False,False,True,isaaclab.ContactSensor.net_forces_w,wheel_geometry_approximation
5.058333333333374,rear_right_wheel,ground_or_obstacle,True,"[-0.19338835775852203, -0.3227164149284363, -8.735060691836272e-06]","[1.3435884264367492e-07, 0.0, 0.9999999999999909]",9.199082374572754,0.0,9.199082374572837,1.05,nan,0.36606822449404197,False,False,True,isaaclab.ContactSensor.net_forces_w,wheel_geometry_approximation
5.083333333333376,front_left_wheel,ground_or_obstacle,True,"[0.3666890263557434, 0.0798337310552597, -8.239150047302524e-05]","[1.343588542372444e-07, 0.0, 0.9999999999999909]",8.950653076171875,0.0,8.950653076171957,1.05,nan,0.024177638147541678,False,False,True,isaaclab.ContactSensor.net_forces_w,wheel_geometry_approximation
5.083333333333376,front_right_wheel,ground_or_obstacle,True,"[0.3699556589126587, -0.31845927238464355, -0.0003173716366291074]","[1.3435884258401223e-07, 0.0, 0.999999999999991]",5.5230207443237305,0.0,5.52302074432378,1.05,nan,0.006809928719511511,False,False,True,isaaclab.ContactSensor.net_forces_w,wheel_geometry_approximation
5.083333333333376,rear_left_wheel,ground_or_obstacle,True,"[-0.18944060802459717, 0.07359679043292999, -7.344335317611972e-05]","[1.3435884556076224e-07, 0.0, 0.999999999999991]",5.025964736938477,0.0,5.025964736938522,1.05,nan,0.12714747438947224,False,False,True,isaaclab.ContactSensor.net_forces_w,wheel_geometry_approximation
5.083333333333376,rear_right_wheel,ground_or_obstacle,True,"[-0.19264622032642365, -0.3227129578590393, -3.076344728472624e-06]","[1.3435885037222358e-07, 0.0, 0.999999999999991]",9.233522415161133,0.0,9.233522415161216,1.05,nan,0.05004515022118538,False,False,True,isaaclab.ContactSensor.net_forces_w,wheel_geometry_approximation
5.108333333333377,front_left_wheel,ground_or_obstacle,True,"[0.36746302247047424, 0.07983268797397614, -0.0001313604414463071]","[1.3435884264224974e-07, 0.0, 0.999999999999991]",9.096731185913086,0.0,9.096731185913168,1.05,nan,0.015119040443013966,False,False,True,isaaclab.ContactSensor.net_forces_w,wheel_geometry_approximation
5.108333333333377,front_right_wheel,ground_or_obstacle,True,"[0.37071728706359863, -0.3184604048728943, -0.0004145681858062772]","[1.3435885523542957e-07, 0.0, 0.999999999999991]",5.415502071380615,0.0,5.415502071380664,1.05,nan,0.013297588665709188,False,False,True,isaaclab.ContactSensor.net_forces_w,wheel_geometry_approximation
5.108333333333377,rear_left_wheel,ground_or_obstacle,True,"[-0.188669353723526, 0.07360146939754486, -0.00011940598487854281]","[1.3435885399184902e-07, 0.0, 0.9999999999999909]",4.881170272827148,0.0,4.881170272827193,1.05,nan,0.13445658883138414,False,False,True,isaaclab.ContactSensor.net_forces_w,wheel_geometry_approximation
5.108333333333377,rear_right_wheel,ground_or_obstacle,True,"[-0.191893070936203, -0.32270827889442444, -9.558349847796355e-06]","[1.3435883162402396e-07, 0.0, 0.9999999999999909]",9.341896057128906,0.0,9.341896057128992,1.05,nan,0.0655205309366928,False,False,True,isaaclab.ContactSensor.net_forces_w,wheel_geometry_approximation
5.133333333333378,front_left_wheel,ground_or_obstacle,True,"[0.368249773979187, 0.07983224838972092, -0.00019363239407539645]","[1.3435884862187623e-07, 0.0, 0.9999999999999909]",9.418204307556152,0.0,9.418204307556238,1.05,nan,0.03456578506542854,False,False,True,isaaclab.ContactSensor.net_forces_w,wheel_geometry_approximation
5.133333333333378,front_right_wheel,ground_or_obstacle,True,"[0.37148749828338623, -0.3184608519077301, -0.0005255185067653684]","[1.3435883854521204e-07, 0.0, 0.9999999999999909]",5.18023681640625,0.0,5.180236816406297,1.05,nan,0.014389309143088941,False,False,True,isaaclab.ContactSensor.net_forces_w,wheel_geometry_approximation
5.133333333333378,rear_left_wheel,ground_or_obstacle,True,"[-0.18788877129554749, 0.07360793650150299, -0.0001771666109561948]","[1.3435883418754336e-07, 0.0, 0.9999999999999909]",4.68591833114624,0.0,4.685918331146283,1.05,nan,0.13283898849574077,False,False,True,isaaclab.ContactSensor.net_forces_w,wheel_geometry_approximation
5.133333333333378,rear_right_wheel,ground_or_obstacle,True,"[-0.19113244116306305, -0.3227018713951111, -1.8782168626788054e-05]","[1.3435885299134471e-07, 0.0, 0.999999999999991]",9.52931022644043,0.0,9.529310226440515,1.05,nan,0.039795586002460956,False,False,True,isaaclab.ContactSensor.net_forces_w,wheel_geometry_approximation
5.158333333333379,front_left_wheel,ground_or_obstacle,True,"[0.3690391778945923, 0.0798349678516388, -0.0002674564719200162]","[1.343588325670905e-07, 0.0, 0.999999999999991]",9.673585891723633,0.0,9.67358589172372,1.05,nan,0.04236641759679327,False,False,True,isaaclab.ContactSensor.net_forces_w,wheel_geometry_approximation
5.158333333333379,front_right_wheel,ground_or_obstacle,True,"[0.3722558617591858, -0.3184581398963928, -0.0006489448249340085]","[1.343588399023851e-07, 0.0, 0.999999999999991]",4.717963695526123,0.0,4.717963695526166,1.05,nan,0.05166085012765657,False,False,True,isaaclab.ContactSensor.net_forces_w,wheel_geometry_approximation
5.158333333333379,rear_left_wheel,ground_or_obstacle,True,"[-0.18710823357105255, 0.07361917197704315, -0.00024633407592773715]","[1.3435883008681194e-07, 0.0, 0.9999999999999909]",4.687082767486572,0.0,4.687082767486615,1.05,nan,0.11548436408546466,False,False,True,isaaclab.ContactSensor.net_forces_w,wheel_geometry_approximation
5.158333333333379,rear_right_wheel,ground_or_obstacle,True,"[-0.19039002060890198, -0.3226906955242157, 7.450580569168253e-10]","[1.3435884022590188e-07, 0.0, 0.9999999999999909]",9.591131210327148,0.0,9.591131210327235,1.05,nan,0.03648214050742288,False,False,True,isaaclab.ContactSensor.net_forces_w,wheel_geometry_approximation
5.183333333333381,front_left_wheel,ground_or_obstacle,True,"[0.36977410316467285, 0.0798272117972374, -0.0002235688269138364]","[1.3435883706840705e-07, 0.0, 0.999999999999991]",10.484400749206543,0.0,10.484400749206637,1.05,nan,0.08368240363977425,False,False,True,isaaclab.ContactSensor.net_forces_w,wheel_geometry_approximation
5.183333333333381,front_right_wheel,ground_or_obstacle,True,"[0.3729967176914215, -0.3184657692909241, -0.0007759958505630521]","[1.3435883818860408e-07, 0.0, 0.999999999999991]",3.689945697784424,0.0,3.689945697784457,1.05,nan,0.010669462623462673,False,False,True,isaaclab.ContactSensor.net_forces_w,wheel_geometry_approximation
5.183333333333381,rear_left_wheel,ground_or_obstacle,True,"[-0.1863638460636139, 0.07361503690481186, -0.00023211464285850802]","[1.343588449622008e-07, 0.0, 0.9999999999999909]",4.396943092346191,0.0,4.396943092346231,1.05,nan,0.23070820798167277,False,False,True,isaaclab.ContactSensor.net_forces_w,wheel_geometry_approximation
5.183333333333381,rear_right_wheel,ground_or_obstacle,True,"[-0.18966670334339142, -0.3226950168609619, 1.0293722152707185e-05]","[1.3435883394509853e-07, 0.0, 0.999999999999991]",10.059494018554688,0.0,10.059494018554778,1.05,nan,0.1337803423033112,False,False,True,isaaclab.ContactSensor.net_forces_w,wheel_geometry_approximation
5.208333333333382,front_left_wheel,ground_or_obstacle,True,"[0.3704867959022522, 0.0798141211271286, -0.00016231015324592868]","[1.3435884507039467e-07, 0.0, 0.9999999999999909]",10.562785148620605,0.0,10.562785148620701,1.05,nan,0.03470689084316278,False,False,True,isaaclab.ContactSensor.net_forces_w,wheel_geometry_approximation
5.208333333333382,front_right_wheel,ground_or_obstacle,True,"[0.3737310469150543, -0.3184785544872284, -0.0009101584553718595]","[1.343588426166263e-07, 0.0, 0.999999999999991]",3.786738872528076,0.0,3.7867388725281104,1.05,nan,0.023947502118911064,False,False,True,isaaclab.ContactSensor.net_forces_w,wheel_geometry_approximation
5.208333333333382,rear_left_wheel,ground_or_obstacle,True,"[-0.18565432727336884, 0.07360564172267914, -0.0001661323010921506]","[1.3435885570186642e-07, 0.0, 0.999999999999991]",4.250242233276367,0.0,4.250242233276405,1.05,nan,0.10245744484615293,False,False,True,isaaclab.ContactSensor.net_forces_w,wheel_geometry_approximation
5.208333333333382,rear_right_wheel,ground_or_obstacle,True,"[-0.18897399306297302, -0.3227044343948364, 1.3091415166852083e-05]","[1.343588392110206e-07, 0.0, 0.9999999999999909]",10.16106128692627,0.0,10.161061286926362,1.05,nan,0.08426064720403838,False,False,True,isaaclab.ContactSensor.net_forces_w,wheel_geometry_approximation
5.233333333333383,front_left_wheel,ground_or_obstacle,True,"[0.3712139129638672, 0.07979848235845566, -0.0001091763377189664]","[1.343588426641923e-07, 0.0, 0.999999999999991]",10.727656364440918,0.0,10.727656364441014,1.05,nan,0.07281053710428545,False,False,True,isaaclab.ContactSensor.net_forces_w,wheel_geometry_approximation
5.233333333333383,front_right_wheel,ground_or_obstacle,True,"[0.37447360157966614, -0.3184938132762909, -0.0010544538497924832]","[1.343588326142612e-07, 0.0, 0.999999999999991]",3.540571928024292,0.0,3.540571928024324,1.05,nan,0.04351458935243973,False,False,True,isaaclab.ContactSensor.net_forces_w,wheel_geometry_approximation
5.233333333333383,rear_left_wheel,ground_or_obstacle,True,"[-0.1849026381969452, 0.07360044121742249, -0.00011443644762039462]","[1.3435884495303765e-07, 0.0, 0.999999999999991]",4.049959182739258,0.0,4.049959182739294,1.05,nan,0.23699046997860101,False,False,True,isaaclab.ContactSensor.net_forces_w,wheel_geometry_approximation
5.233333333333383,rear_right_wheel,ground_or_obstacle,True,"[-0.1882733404636383, -0.32270994782447815, 3.3870339393587967e-06]","[1.3435884117878547e-07, 0.0, 0.999999999999991]",10.089408874511719,0.0,10.08940887451181,1.05,nan,0.0932396209623872,False,False,True,isaaclab.ContactSensor.net_forces_w,wheel_geometry_approximation
5.258333333333384,front_left_wheel,ground_or_obstacle,True,"[0.3719174265861511, 0.07980584353208542, -6.846264004707614e-05]","[1.3435882985716892e-07, 0.0, 0.999999999999991]",9.446664810180664,0.0,9.44666481018075,1.05,nan,0.107189522530764,False,False,True,isaaclab.ContactSensor.net_forces_w,wheel_geometry_approximation
5.258333333333384,front_right_wheel,ground_or_obstacle,True,"[0.37513911724090576, -0.31848666071891785, -0.000932066887617114]","[1.3435885829164573e-07, 0.0, 0.999999999999991]",4.831028938293457,0.0,4.8310289382935006,1.05,nan,0.1420284896880876,False,False,True,isaaclab.ContactSensor.net_forces_w,wheel_geometry_approximation
5.258333333333384,rear_left_wheel,ground_or_obstacle,True,"[-0.1842145323753357, 0.07360868901014328, -7.01092183589963e-05]","[1.343588459438176e-07, 0.0, 0.999999999999991]",5.49880313873291,0.0,5.49880313873296,1.05,nan,0.22320631451888756,False,False,True,isaaclab.ContactSensor.net_forces_w,wheel_geometry_approximation
5.258333333333384,rear_right_wheel,ground_or_obstacle,True,"[-0.1875690072774887, -0.32270148396492004, -1.9039213657381926e-05]","[1.3435884723310727e-07, 0.0, 0.9999999999999909]",8.965208053588867,0.0,8.965208053588949,1.05,nan,0.17055504888319475,False,False,True,isaaclab.ContactSensor.net_forces_w,wheel_geometry_approximation
5.283333333333386,front_left_wheel,ground_or_obstacle,True,"[0.3726274073123932, 0.07981588691473007, -3.662630915642062e-05]","[1.343588374201908e-07, 0.0, 0.9999999999999909]",9.22610855102539,0.0,9.226108551025474,1.05,nan,0.08464102588196776,False,False,True,isaaclab.ContactSensor.net_forces_w,wheel_geometry_approximation
5.283333333333386,front_right_wheel,ground_or_obstacle,True,"[0.3758096694946289, -0.31847691535949707, -0.0008056342601776151]","[1.3435884103886994e-07, 0.0, 0.999999999999991]",5.063472747802734,0.0,5.06347274780278,1.05,nan,0.12418937565976154,False,False,True,isaaclab.ContactSensor.net_forces_w,wheel_geometry_approximation
5.283333333333386,rear_left_wheel,ground_or_obstacle,True,"[-0.18351906538009644, 0.07362031936645508, -3.764703869819919e-05]","[1.3435884490146282e-07, 0.0, 0.999999999999991]",5.7512407302856445,0.0,5.751240730285696,1.05,nan,0.20129714305751256,False,False,True,isaaclab.ContactSensor.net_forces_w,wheel_geometry_approximation
5.283333333333386,rear_right_wheel,ground_or_obstacle,True,"[-0.18682293593883514, -0.32268956303596497, -5.704089999199191e-05]","[1.3435885409687721e-07, 0.0, 0.999999999999991]",8.704317092895508,0.0,8.704317092895586,1.05,nan,0.15585117369009352,False,False,True,isaaclab.ContactSensor.net_forces_w,wheel_geometry_approximation
5.308333333333387,front_left_wheel,ground_or_obstacle,True,"[0.3733415901660919, 0.07982529699802399, -1.5120208263399992e-05]","[1.3435884978944278e-07, 0.0, 0.999999999999991]",8.869346618652344,0.0,8.869346618652424,1.05,nan,0.07416282619315955,False,False,True,isaaclab.ContactSensor.net_forces_w,wheel_geometry_approximation
5.308333333333387,front_right_wheel,ground_or_obstacle,True,"[0.376484751701355, -0.31846776604652405, -0.0006876207888126401]","[1.3435884640334964e-07, 0.0, 0.999999999999991]",5.4262213706970215,0.0,5.42622137069707,1.05,nan,0.1213139710553199,False,False,True,isaaclab.ContactSensor.net_forces_w,wheel_geometry_approximation
5.308333333333387,rear_left_wheel,ground_or_obstacle,True,"[-0.1828220784664154, 0.07362839579582214, -1.4866888523104582e-05]","[1.343588356384443e-07, 0.0, 0.999999999999991]",6.100025653839111,0.0,6.100025653839166,1.05,nan,0.1873871833475717,False,False,True,isaaclab.ContactSensor.net_forces_w,wheel_geometry_approximation
5.308333333333387,rear_right_wheel,ground_or_obstacle,True,"[-0.18609988689422607, -0.32268115878105164, -0.00010725408792496005]","[1.3435884377563136e-07, 0.0, 0.9999999999999909]",8.353917121887207,0.0,8.353917121887283,1.05,nan,0.15440111181330612,False,False,True,isaaclab.ContactSensor.net_forces_w,wheel_geometry_approximation
5.333333333333388,front_left_wheel,ground_or_obstacle,True,"[0.3740628659725189, 0.07983353734016418, -3.1620264053372482e-06]","[1.3435885219186814e-07, 0.0, 0.9999999999999909]",8.587791442871094,0.0,8.587791442871172,1.05,nan,0.06728995958952592,False,False,True,isaaclab.ContactSensor.net_forces_w,wheel_geometry_approximation
5.333333333333388,front_right_wheel,ground_or_obstacle,True,"[0.377166748046875, -0.31845974922180176, -0.0005769424140453366]","[1.3435883481408903e-07, 0.0, 0.9999999999999909]",5.735740661621094,0.0,5.735740661621146,1.05,nan,0.11434086273759353,False,False,True,isaaclab.ContactSensor.net_forces_w,wheel_geometry_approximation
5.333333333333388,rear_left_wheel,ground_or_obstacle,True,"[-0.18211780488491058, 0.07363595068454742, -2.38716602325717e-06]","[1.343588413746424e-07, 0.0, 0.999999999999991]",6.382567882537842,0.0,6.3825678825378995,1.05,nan,0.17177892232055755,False,False,True,isaaclab.ContactSensor.net_forces_w,wheel_geometry_approximation
5.333333333333388,rear_right_wheel,ground_or_obstacle,True,"[-0.18536561727523804, -0.32267341017723083, -0.00016904920339584628]","[1.3435884299657664e-07, 0.0, 0.9999999999999909]",8.039509773254395,0.0,8.039509773254467,1.05,nan,0.153168139263208,False,False,True,isaaclab.ContactSensor.net_forces_w,wheel_geometry_approximation
5.358333333333389,front_left_wheel,ground_or_obstacle,True,"[0.3747898042201996, 0.07984140515327454, -1.9401311874417404e-06]","[1.3435883983394625e-07, 0.0, 0.9999999999999909]",8.210962295532227,0.0,8.210962295532301,1.05,nan,0.05410163285223991,False,False,True,isaaclab.ContactSensor.net_forces_w,wheel_geometry_approximation
5.358333333333389,front_right_wheel,ground_or_obstacle,True,"[0.37785476446151733, -0.3184520900249481, -0.0004746459424495725]","[1.3435884170626917e-07, 0.0, 0.9999999999999909]",6.1323442459106445,0.0,6.1323442459107005,1.05,nan,0.11238397573089766,False,False,True,isaaclab.ContactSensor.net_forces_w,wheel_geometry_approximation
5.358333333333389,rear_left_wheel,ground_or_obstacle,True,"[-0.18140625953674316, 0.07364459335803986, -2.1159648895541228e-07]","[1.3435883268849955e-07, 0.0, 0.9999999999999909]",6.767696380615234,0.0,6.767696380615296,1.05,nan,0.1611296590251583,False,False,True,isaaclab.ContactSensor.net_forces_w,wheel_geometry_approximation
5.358333333333389,rear_right_wheel,ground_or_obstacle,True,"[-0.18462148308753967, -0.32266461849212646, -0.00024334266781807223]","[1.34358848600528e-07, 0.0, 0.9999999999999909]",7.637227535247803,0.0,7.637227535247872,1.05,nan,0.15779742253947524,False,False,True,isaaclab.ContactSensor.net_forces_w,wheel_geometry_approximation
5.383333333333391,front_left_wheel,ground_or_obstacle,True,"[0.37552082538604736, 0.07984940707683563, -1.1759996414187346e-05]","[1.3435884568535637e-07, 0.0, 0.999999999999991]",7.875456809997559,0.0,7.87545680999763,1.05,nan,0.05289507478473716,False,False,True,isaaclab.ContactSensor.net_forces_w,wheel_geometry_approximation
5.383333333333391,front_right_wheel,ground_or_obstacle,True,"[0.3785487115383148, -0.31844425201416016, -0.0003818266093730954]","[1.3435884070196285e-07, 0.0, 0.999999999999991]",6.481876373291016,0.0,6.481876373291074,1.05,nan,0.12210671717222565,False,False,True,isaaclab.ContactSensor.net_forces_w,wheel_geometry_approximation
5.383333333333391,rear_left_wheel,ground_or_obstacle,True,"[-0.18069018423557281, 0.0736522302031517, -8.526444435122404e-06]","[1.343588364083642e-07, 0.0, 0.999999999999991]",7.099572658538818,0.0,7.099572658538882,1.05,nan,0.1628192308979309,False,False,True,isaaclab.ContactSensor.net_forces_w,wheel_geometry_approximation
5.383333333333391,rear_right_wheel,ground_or_obstacle,True,"[-0.18386751413345337, -0.3226567804813385, -0.0003303989768028287]","[1.3435883631209589e-07, 0.0, 0.999999999999991]",7.286032199859619,0.0,7.286032199859685,1.05,nan,0.15838229189258166,False,False,True,isaaclab.ContactSensor.net_forces_w,wheel_geometry_approximation
5.408333333333392,front_left_wheel,ground_or_obstacle,True,"[0.3762566149234772, 0.07985703647136688, -3.259554505348483e-05]","[1.3435883908454187e-07, 0.0, 0.999999999999991]",7.576417446136475,0.0,7.576417446136543,1.05,nan,0.05672277987257356,False,False,True,isaaclab.ContactSensor.net_forces_w,wheel_geometry_approximation
5.408333333333392,front_right_wheel,ground_or_obstacle,True,"[0.37924885749816895, -0.31843680143356323, -0.000298044830560687]","[1.3435883601455497e-07, 0.0, 0.999999999999991]",6.818296432495117,0.0,6.8182964324951785,1.05,nan,0.1283160878676679,False,False,True,isaaclab.ContactSensor.net_forces_w,wheel_geometry_approximation
5.408333333333392,rear_left_wheel,ground_or_obstacle,True,"[-0.17996908724308014, 0.07366032153367996, -2.8415769338610564e-05]","[1.3435884450009594e-07, 0.0, 0.999999999999991]",7.402044773101807,0.0,7.402044773101873,1.05,nan,0.15584665378644894,False,False,True,isaaclab.ContactSensor.net_forces_w,wheel_geometry_approximation
5.408333333333392,rear_right_wheel,ground_or_obstacle,True,"[-0.18310534954071045, -0.3226485550403595, -0.00043127983808517734]","[1.3435884199459058e-07, 0.0, 0.9999999999999909]",6.946343421936035,0.0,6.946343421936098,1.05,nan,0.16741042757885488,False,False,True,isaaclab.ContactSensor.net_forces_w,wheel_geometry_approximation
5.433333333333393,front_left_wheel,ground_or_obstacle,True,"[0.3769960403442383, 0.07986509799957275, -6.447657942772189e-05]","[1.3435883777751103e-07, 0.0, 0.9999999999999909]",7.257897853851318,0.0,7.257897853851384,1.05,nan,0.061711071765367026,False,False,True,isaaclab.ContactSensor.net_forces_w,wheel_geometry_approximation
5.433333333333393,front_right_wheel,ground_or_obstacle,True,"[0.37995386123657227, -0.3184289038181305, -0.00022392272949219028]","[1.3435882699153862e-07, 0.0, 0.999999999999991]",7.1726765632629395,0.0,7.172676563263004,1.05,nan,0.14659227308803152,False,False,True,isaaclab.ContactSensor.net_forces_w,wheel_geometry_approximation
5.433333333333393,rear_left_wheel,ground_or_obstacle,True,"[-0.17924249172210693, 0.07366813719272614, -5.91643154621152e-05]","[1.3435884206902972e-07, 0.0, 0.999999999999991]",7.772762298583984,0.0,7.7727622985840545,1.05,nan,0.1648859334301921,False,False,True,isaaclab.ContactSensor.net_forces_w,wheel_geometry_approximation
5.433333333333393,rear_right_wheel,ground_or_obstacle,True,"[-0.18233707547187805, -0.322640597820282, -0.0005447335541248349]","[1.3435884345566014e-07, 0.0, 0.999999999999991]",6.604007720947266,0.0,6.604007720947325,1.05,nan,0.2891946654433752,False,False,True,isaaclab.ContactSensor.net_forces_w,wheel_geometry_approximation
5.458333333333394,front_left_wheel,ground_or_obstacle,True,"[0.37773144245147705, 0.07987222075462341, -0.00010748133063316623]","[1.343588422928298e-07, 0.0, 0.999999999999991]",6.9235076904296875,0.0,6.92350769042975,1.05,nan,0.05242067094063578,False,False,True,isaaclab.ContactSensor.net_forces_w,wheel_geometry_approximation
5.458333333333394,front_right_wheel,ground_or_obstacle,True,"[0.38065943121910095, -0.3184219002723694, -0.00016065239906311313]","[1.3435883715624127e-07, 0.0, 0.999999999999991]",7.49343204498291,0.0,7.493432044982978,1.05,nan,0.14975596126961147,False,False,True,isaaclab.ContactSensor.net_forces_w,wheel_geometry_approximation
5.458333333333394,rear_left_wheel,ground_or_obstacle,True,"[-0.17851585149765015, 0.07367527484893799, -0.00010063797235489169]","[1.3435885501024822e-07, 0.0, 0.999999999999991]",8.063434600830078,0.0,8.063434600830151,1.05,nan,0.15309026160393285,False,False,True,isaaclab.ContactSensor.net_forces_w,wheel_geometry_approximation
5.458333333333394,rear_right_wheel,ground_or_obstacle,True,"[-0.18156589567661285, -0.3226333260536194, -0.000670223683118823]","[1.3435882794209945e-07, 0.0, 0.9999999999999909]",6.261589050292969,0.0,6.261589050293026,1.05,nan,0.17990923413004284,False,False,True,isaaclab.ContactSensor.net_forces_w,wheel_geometry_approximation
5.483333333333396,front_left_wheel,ground_or_obstacle,True,"[0.3784501850605011, 0.07987372577190399, -0.00011049136519432345]","[1.3435883733088957e-07, 0.0, 0.999999999999991]",6.934316158294678,0.0,6.93431615829474,1.05,nan,0.09728030513734931,False,False,True,isaaclab.ContactSensor.net_forces_w,wheel_geometry_approximation
5.483333333333396,front_right_wheel,ground_or_obstacle,True,"[0.3813692033290863, -0.3184204697608948, -0.00010508596897125522]","[1.3435883526814056e-07, 0.0, 0.9999999999999909]",7.443112850189209,0.0,7.4431128501892765,1.05,nan,0.18080853384712078,False,False,True,isaaclab.ContactSensor.net_forces_w,wheel_geometry_approximation
5.483333333333396,rear_left_wheel,ground_or_obstacle,True,"[-0.1777852326631546, 0.07367764413356781, -0.0001522518694400815]","[1.3435884474061364e-07, 0.0, 0.999999999999991]",7.7602925300598145,0.0,7.760292530059885,1.05,nan,0.18490320846141461,False,False,True,isaaclab.ContactSensor.net_forces_w,wheel_geometry_approximation
5.483333333333396,rear_right_wheel,ground_or_obstacle,True,"[-0.18079333007335663, -0.3226308524608612, -0.0008075490593910245]","[1.3435883757485824e-07, 0.0, 0.999999999999991]",6.6003594398498535,0.0,6.600359439849913,1.05,nan,0.21158731972020903,False,False,True,isaaclab.ContactSensor.net_forces_w,wheel_geometry_approximation
5.508333333333397,front_left_wheel,ground_or_obstacle,True,"[0.37915441393852234, 0.07987044751644135, -7.180795073509494e-05]","[1.3435883707041275e-07, 0.0, 0.9999999999999909]",6.83663272857666,0.0,6.836632728576722,1.05,nan,0.05152171876166864,False,False,True,isaaclab.ContactSensor.net_forces_w,wheel_geometry_approximation
5.508333333333397,front_right_wheel,ground_or_obstacle,True,"[0.38207948207855225, -0.3184237480163574, -5.912333726883212e-05]","[1.3435883817138617e-07, 0.0, 0.9999999999999909]",7.63580322265625,0.0,7.635803222656319,1.05,nan,0.13999792046001583,False,False,True,isaaclab.ContactSensor.net_forces_w,wheel_geometry_approximation
5.508333333333397,rear_left_wheel,ground_or_obstacle,True,"[-0.17705275118350983, 0.07367383688688278, -0.00021595060825348178]","[1.343588361178141e-07, 0.0, 0.999999999999991]",7.905396461486816,0.0,7.9053964614868875,1.05,nan,0.14040333456036774,False,False,True,isaaclab.ContactSensor.net_forces_w,wheel_geometry_approximation
5.508333333333397,rear_right_wheel,ground_or_obstacle,True,"[-0.18001854419708252, -0.3226344883441925, -0.0009551934897899655]","[1.3435883945549815e-07, 0.0, 0.999999999999991]",6.35112190246582,0.0,6.351121902465877,1.05,nan,0.16379072349033966,False,False,True,isaaclab.ContactSensor.net_forces_w,wheel_geometry_approximation
5.533333333333398,front_left_wheel,ground_or_obstacle,True,"[0.37985745072364807, 0.07986845821142197, -4.174485802650729e-05]","[1.3435883637437864e-07, 0.0, 0.999999999999991]",7.106896877288818,0.0,7.106896877288882,1.05,nan,0.08854510711581638,False,False,True,isaaclab.ContactSensor.net_forces_w,wheel_geometry_approximation
5.533333333333398,front_right_wheel,ground_or_obstacle,True,"[0.38277798891067505, -0.3184257745742798, -2.4154037237170134e-05]","[1.3435883666175588e-07, 0.0, 0.999999999999991]",7.077509880065918,0.0,7.077509880065982,1.05,nan,0.21201527007115864,False,False,True,isaaclab.ContactSensor.net_forces_w,wheel_geometry_approximation
5.533333333333398,rear_left_wheel,ground_or_obstacle,True,"[-0.17633388936519623, 0.0736740455031395, -0.00027044415473938266]","[1.34358833603353e-07, 0.0, 0.999999999999991]",7.575125694274902,0.0,7.575125694274971,1.05,nan,0.17454788533161636,False,False,True,isaaclab.ContactSensor.net_forces_w,wheel_geometry_approximation
5.533333333333398,rear_right_wheel,ground_or_obstacle,True,"[-0.17927314341068268, -0.3226340711116791, -0.0010527141392231015]","[1.343588423750228e-07, 0.0, 0.9999999999999909]",7.84852933883667,0.0,7.848529338836741,1.05,nan,0.2008431722392781,False,False,True,isaaclab.ContactSensor.net_forces_w,wheel_geometry_approximation
5.558333333333399,front_left_wheel,ground_or_obstacle,True,"[0.38054054975509644, 0.07986892759799957, -2.2388249635699187e-05]","[1.3435884525261102e-07, 0.0, 0.999999999999991]",6.897909164428711,0.0,6.897909164428773,1.05,nan,0.015921551384425074,False,False,True,isaaclab.ContactSensor.net_forces_w,wheel_geometry_approximation
5.558333333333399,front_right_wheel,ground_or_obstacle,True,"[0.38346514105796814, -0.3184252977371216, -1.3366341590909103e-06]","[1.3435884430158463e-07, 0.0, 0.999999999999991]",7.194603443145752,0.0,7.194603443145817,1.05,nan,0.08547487648656338,False,False,True,isaaclab.ContactSensor.net_forces_w,wheel_geometry_approximation
5.558333333333399,rear_left_wheel,ground_or_obstacle,True,"[-0.17567284405231476, 0.07367639243602753, -0.00020621269941330234]","[1.343588306360339e-07, 0.0, 0.999999999999991]",7.478524208068848,0.0,7.478524208068915,1.05,nan,0.11202891270323766,False,False,True,isaaclab.ContactSensor.net_forces_w,wheel_geometry_approximation
5.558333333333399,rear_right_wheel,ground_or_obstacle,True,"[-0.17862384021282196, -0.3226317763328552, -0.0009204998612403897]","[1.3435884077848137e-07, 0.0, 0.999999999999991]",7.169360637664795,0.0,7.16936063766486,1.05,nan,0.12772960166582428,False,False,True,isaaclab.ContactSensor.net_forces_w,wheel_geometry_approximation
5.5833333333334005,front_left_wheel,ground_or_obstacle,True,"[0.38123953342437744, 0.07987082749605179, -1.1368840932848845e-05]","[1.3435883015694293e-07, 0.0, 0.999999999999991]",7.018821716308594,0.0,7.018821716308657,1.05,nan,0.03042363332358926,False,False,True,isaaclab.ContactSensor.net_forces_w,wheel_geometry_approximation
5.5833333333334005,front_right_wheel,ground_or_obstacle,True,"[0.38416457176208496, -0.31842342019081116, 9.626895189282503e-06]","[1.3435882798457823e-07, 0.0, 0.999999999999991]",7.080331802368164,0.0,7.080331802368228,1.05,nan,0.05954533436378863,False,False,True,isaaclab.ContactSensor.net_forces_w,wheel_geometry_approximation
5.5833333333334005,rear_left_wheel,ground_or_obstacle,True,"[-0.17499545216560364, 0.0736800879240036, -0.00014920458197593967]","[1.3435885346263205e-07, 0.0, 0.9999999999999909]",7.351862907409668,0.0,7.351862907409735,1.05,nan,0.025440659076288428,False,False,True,isaaclab.ContactSensor.net_forces_w,wheel_geometry_approximation
5.5833333333334005,rear_right_wheel,ground_or_obstacle,True,"[-0.1779584437608719, -0.3226282000541687, -0.0007942348718643216]","[1.3435883115218312e-07, 0.0, 0.999999999999991]",7.275198459625244,0.0,7.27519845962531,1.05,nan,0.10614906812284866,False,False,True,isaaclab.ContactSensor.net_forces_w,wheel_geometry_approximation
5.608333333333402,front_left_wheel,ground_or_obstacle,True,"[0.3819549083709717, 0.0798737034201622, -1.0422617197039519e-05]","[1.3435884253408408e-07, 0.0, 0.9999999999999909]",7.232099533081055,0.0,7.23209953308112,1.05,nan,0.045252385411773954,False,False,True,isaaclab.ContactSensor.net_forces_w,wheel_geometry_approximation
5.608333333333402,front_right_wheel,ground_or_obstacle,True,"[0.38487476110458374, -0.3184205889701843, 8.453428745267e-06]","[1.3435883524822343e-07, 0.0, 0.9999999999999909]",6.915522575378418,0.0,6.915522575378481,1.05,nan,0.05064232690778251,False,False,True,isaaclab.ContactSensor.net_forces_w,wheel_geometry_approximation
5.608333333333402,rear_left_wheel,ground_or_obstacle,True,"[-0.17429187893867493, 0.07368499040603638, -0.0001013606786727933]","[1.3435884023849393e-07, 0.0, 0.999999999999991]",7.129756927490234,0.0,7.129756927490298,1.05,nan,0.08891060494828255,False,False,True,isaaclab.ContactSensor.net_forces_w,wheel_geometry_approximation
5.608333333333402,rear_right_wheel,ground_or_obstacle,True,"[-0.1772817075252533, -0.3226234018802643, -0.0006759047508239774]","[1.343588539443187e-07, 0.0, 0.999999999999991]",7.434143543243408,0.0,7.434143543243475,1.05,nan,0.0824675140974425,False,False,True,isaaclab.ContactSensor.net_forces_w,wheel_geometry_approximation
5.633333333333403,front_left_wheel,ground_or_obstacle,True,"[0.3826731741428375, 0.07987581193447113, -2.017915248871127e-05]","[1.3435884100015834e-07, 0.0, 0.999999999999991]",7.398144245147705,0.0,7.398144245147772,1.05,nan,0.05611555389271035,False,False,True,isaaclab.ContactSensor.net_forces_w,wheel_geometry_approximation
5.633333333333403,front_right_wheel,ground_or_obstacle,True,"[0.3855917155742645, -0.3184184432029724, -3.9704144001034836e-06]","[1.343588447411731e-07, 0.0, 0.999999999999991]",6.811305999755859,0.0,6.811305999755921,1.05,nan,0.0051295026067001434,False,False,True,isaaclab.ContactSensor.net_forces_w,wheel_geometry_approximation
5.633333333333403,rear_left_wheel,ground_or_obstacle,True,"[-0.17358312010765076, 0.0736885741353035, -6.239414215088168e-05]","[1.3435884835420347e-07, 0.0, 0.999999999999991]",6.977888584136963,0.0,6.977888584137026,1.05,nan,0.0667622743307523,False,False,True,isaaclab.ContactSensor.net_forces_w,wheel_geometry_approximation
5.633333333333403,rear_right_wheel,ground_or_obstacle,True,"[-0.17660219967365265, -0.32261985540390015, -0.0005659006536006955]","[1.3435883600520756e-07, 0.0, 0.9999999999999909]",7.550994396209717,0.0,7.550994396209785,1.05,nan,0.0586989740098454,False,False,True,isaaclab.ContactSensor.net_forces_w,wheel_geometry_approximation
5.658333333333404,front_left_wheel,ground_or_obstacle,True,"[0.3834042251110077, 0.07987886667251587, -4.070922732353488e-05]","[1.3435883855818972e-07, 0.0, 0.999999999999991]",7.531493186950684,0.0,7.531493186950751,1.05,nan,0.3604843665614107,False,False,True,isaaclab.ContactSensor.net_forces_w,wheel_geometry_approximation
5.658333333333404,front_right_wheel,ground_or_obstacle,True,"[0.38631120324134827, -0.3184153437614441, -2.895593643188754e-05]","[1.3435884093272004e-07, 0.0, 0.999999999999991]",6.700934410095215,0.0,6.700934410095275,1.05,nan,0.035759930404510545,False,False,True,isaaclab.ContactSensor.net_forces_w,wheel_geometry_approximation
5.658333333333404,rear_left_wheel,ground_or_obstacle,True,"[-0.1728622019290924, 0.07369330525398254, -3.245770931244174e-05]","[1.3435883071930947e-07, 0.0, 0.9999999999999909]",6.848135948181152,0.0,6.8481359481812145,1.05,nan,0.09036451612884727,False,False,True,isaaclab.ContactSensor.net_forces_w,wheel_geometry_approximation
5.658333333333404,rear_right_wheel,ground_or_obstacle,True,"[-0.17591233551502228, -0.32261526584625244, -0.0004640102386474637]","[1.343588433291079e-07, 0.0, 0.999999999999991]",7.66084623336792,0.0,7.660846233367989,1.05,nan,0.07582167577939213,False,False,True,isaaclab.ContactSensor.net_forces_w,wheel_geometry_approximation
5.6833333333334055,front_left_wheel,ground_or_obstacle,True,"[0.38414743542671204, 0.0798821747303009, -7.276907563209811e-05]","[1.3435883980139552e-07, 0.0, 0.999999999999991]",7.677803993225098,0.0,7.677803993225167,1.05,nan,0.06160913804551215,False,False,True,isaaclab.ContactSensor.net_forces_w,wheel_geometry_approximation
5.6833333333334055,front_right_wheel,ground_or_obstacle,True,"[0.3870522081851959, -0.3184121251106262, -6.614178419113437e-05]","[1.3435884189208155e-07, 0.0, 0.999999999999991]",6.583052635192871,0.0,6.583052635192931,1.05,nan,0.016143402260112513,False,False,True,isaaclab.ContactSensor.net_forces_w,wheel_geometry_approximation
5.6833333333334055,rear_left_wheel,ground_or_obstacle,True,"[-0.1721295863389969, 0.0736989974975586, -1.3741850852969084e-05]","[1.3435883755025853e-07, 0.0, 0.9999999999999909]",6.66412353515625,0.0,6.66412353515631,1.05,nan,0.07030297774671165,False,False,True,isaaclab.ContactSensor.net_forces_w,wheel_geometry_approximation
5.6833333333334055,rear_right_wheel,ground_or_obstacle,True,"[-0.1752137988805771, -0.32260972261428833, -0.0003711871802806882]","[1.3435883708837413e-07, 0.0, 0.999999999999991]",7.761876106262207,0.0,7.761876106262277,1.05,nan,0.05471129010807111,False,False,True,isaaclab.ContactSensor.net_forces_w,wheel_geometry_approximation
5.708333333333407,front_left_wheel,ground_or_obstacle,True,"[0.38489803671836853, 0.07988444715738297, -0.00011716336011886874]","[1.343588302229941e-07, 0.0, 0.9999999999999909]",7.845766544342041,0.0,7.845766544342112,1.05,nan,0.0687138262000237,False,False,True,isaaclab.ContactSensor.net_forces_w,wheel_geometry_approximation
5.708333333333407,front_right_wheel,ground_or_obstacle,True,"[0.38782578706741333, -0.31840980052948, -0.00011495798826217929]","[1.3435883962031846e-07, 0.0, 0.9999999999999909]",6.62979793548584,0.0,6.6297979354859,1.05,nan,0.015539426302672838,False,False,True,isaaclab.ContactSensor.net_forces_w,wheel_geometry_approximation
5.708333333333407,rear_left_wheel,ground_or_obstacle,True,"[-0.17138831317424774, 0.07370293885469437, -4.979968070986662e-06]","[1.3435884679676638e-07, 0.0, 0.999999999999991]",6.529402256011963,0.0,6.5294022560120215,1.05,nan,0.04540427269998614,False,False,True,isaaclab.ContactSensor.net_forces_w,wheel_geometry_approximation
5.708333333333407,rear_right_wheel,ground_or_obstacle,True,"[-0.17451052367687225, -0.3226059079170227, -0.000286891311407092]","[1.343588376299383e-07, 0.0, 0.9999999999999909]",7.9263739585876465,0.0,7.926373958587718,1.05,nan,0.02488612298087653,False,False,True,isaaclab.ContactSensor.net_forces_w,wheel_geometry_approximation
5.733333333333408,front_left_wheel,ground_or_obstacle,True,"[0.3856624960899353, 0.0798875093460083, -0.0001735381782054929]","[1.3435884262083158e-07, 0.0, 0.9999999999999909]",7.9352827072143555,0.0,7.935282707214427,1.05,nan,0.052719942705756535,False,False,True,isaaclab.ContactSensor.net_forces_w,wheel_geometry_approximation
5.733333333333408,front_right_wheel,ground_or_obstacle,True,"[0.388580858707428, -0.3184066414833069, -0.00017816498875618259]","[1.3435883335291712e-07, 0.0, 0.9999999999999909]",6.455149173736572,0.0,6.455149173736631,1.05,nan,0.010913165741420238,False,False,True,isaaclab.ContactSensor.net_forces_w,wheel_geometry_approximation
5.733333333333408,rear_left_wheel,ground_or_obstacle,True,"[-0.17063607275485992, 0.07370894402265549, -7.192790508273039e-06]","[1.3435883569863574e-07, 0.0, 0.999999999999991]",6.433633327484131,0.0,6.433633327484189,1.05,nan,0.07576532774681365,False,False,True,isaaclab.ContactSensor.net_forces_w,wheel_geometry_approximation
5.733333333333408,rear_right_wheel,ground_or_obstacle,True,"[-0.17379705607891083, -0.32260000705718994, -0.0002130337059497861]","[1.3435884147733597e-07, 0.0, 0.999999999999991]",7.912320137023926,0.0,7.912320137023997,1.05,nan,0.046470701375764575,False,False,True,isaaclab.ContactSensor.net_forces_w,wheel_geometry_approximation
5.758333333333409,front_left_wheel,ground_or_obstacle,True,"[0.3864363729953766, 0.07989128679037094, -0.00024338737130165378]","[1.3435883577299237e-07, 0.0, 0.9999999999999909]",8.026298522949219,0.0,8.026298522949292,1.05,nan,0.04718438208348736,False,False,True,isaaclab.ContactSensor.net_forces_w,wheel_geometry_approximation
5.758333333333409,front_right_wheel,ground_or_obstacle,True,"[0.3893519639968872, -0.3184029459953308, -0.00025474578142166415]","[1.3435883785145497e-07, 0.0, 0.9999999999999909]",6.368412494659424,0.0,6.368412494659482,1.05,nan,0.013049521306781225,False,False,True,isaaclab.ContactSensor.net_forces_w,wheel_geometry_approximation
5.758333333333409,rear_left_wheel,ground_or_obstacle,True,"[-0.16987331211566925, 0.07371629029512405, -2.15947628021268e-05]","[1.3435883540433195e-07, 0.0, 0.9999999999999909]",6.322475910186768,0.0,6.322475910186825,1.05,nan,0.06516214972103593,False,False,True,isaaclab.ContactSensor.net_forces_w,wheel_geometry_approximation
5.758333333333409,rear_right_wheel,ground_or_obstacle,True,"[-0.17307384312152863, -0.32259273529052734, -0.00014914870262146274]","[1.343588416242369e-07, 0.0, 0.9999999999999911]",8.005913734436035,0.0,8.005913734436106,1.05,nan,0.04400871815610449,False,False,True,isaaclab.ContactSensor.net_forces_w,wheel_geometry_approximation
5.7833333333334105,front_left_wheel,ground_or_obstacle,True,"[0.38721564412117004, 0.0798945277929306, -0.00032569020986557284]","[1.3435883762900993e-07, 0.0, 0.9999999999999909]",8.214010238647461,0.0,8.214010238647536,1.05,nan,0.04860812701748367,False,False,True,isaaclab.ContactSensor.net_forces_w,wheel_geometry_approximation
5.7833333333334105,front_right_wheel,ground_or_obstacle,True,"[0.3901289105415344, -0.31839972734451294, -0.000344014912843707]","[1.3435883353305027e-07, 0.0, 0.999999999999991]",6.192276954650879,0.0,6.192276954650935,1.05,nan,0.024115684571036276,False,False,True,isaaclab.ContactSensor.net_forces_w,wheel_geometry_approximation
5.7833333333334105,rear_left_wheel,ground_or_obstacle,True,"[-0.16910989582538605, 0.07372116297483444, -4.761591553688327e-05]","[1.343588306799967e-07, 0.0, 0.999999999999991]",6.106154918670654,0.0,6.106154918670709,1.05,nan,0.06942029947221437,False,False,True,isaaclab.ContactSensor.net_forces_w,wheel_geometry_approximation
5.7833333333334105,rear_right_wheel,ground_or_obstacle,True,"[-0.17235109210014343, -0.3225879669189453, -9.623095393181125e-05]","[1.3435883762209804e-07, 0.0, 0.999999999999991]",8.125617027282715,0.0,8.125617027282788,1.05,nan,0.4410833343174544,False,False,True,isaaclab.ContactSensor.net_forces_w,wheel_geometry_approximation
5.808333333333412,front_left_wheel,ground_or_obstacle,True,"[0.38800519704818726, 0.07989799976348877, -0.0004217654466629056]","[1.343588323646413e-07, 0.0, 0.9999999999999909]",8.357848167419434,0.0,8.35784816741951,1.05,nan,0.02311900468291303,False,False,True,isaaclab.ContactSensor.net_forces_w,wheel_geometry_approximation
5.808333333333412,front_right_wheel,ground_or_obstacle,True,"[0.3909105062484741, -0.3183962404727936, -0.0004477642476558713]","[1.3435883313531748e-07, 0.0, 0.9999999999999909]",6.143626689910889,0.0,6.143626689910945,1.05,nan,0.014395491248369648,False,False,True,isaaclab.ContactSensor.net_forces_w,wheel_geometry_approximation
5.808333333333412,rear_left_wheel,ground_or_obstacle,True,"[-0.16833117604255676, 0.07372985780239105, -8.60534608364133e-05]","[1.3435883049399765e-07, 0.0, 0.999999999999991]",6.003717422485352,0.0,6.003717422485406,1.05,nan,0.08940458505165078,False,False,True,isaaclab.ContactSensor.net_forces_w,wheel_geometry_approximation
5.808333333333412,rear_right_wheel,ground_or_obstacle,True,"[-0.17161734402179718, -0.32257935404777527, -5.454495549202243e-05]","[1.343588420982929e-07, 0.0, 0.9999999999999909]",8.226277351379395,0.0,8.22627735137947,1.05,nan,0.06749047385096983,False,False,True,isaaclab.ContactSensor.net_forces_w,wheel_geometry_approximation
5.833333333333413,front_left_wheel,ground_or_obstacle,True,"[0.3887903392314911, 0.07990138977766037, -0.000529910624027255]","[1.3435884600035572e-07, 0.0, 0.999999999999991]",8.49040412902832,0.0,8.490404129028397,1.05,nan,0.052200322162074896,False,False,True,isaaclab.ContactSensor.net_forces_w,wheel_geometry_approximation
5.833333333333413,front_right_wheel,ground_or_obstacle,True,"[0.3916887044906616, -0.3183929920196533, -0.0005638778209686307]","[1.3435883852004778e-07, 0.0, 0.9999999999999909]",6.361815929412842,0.0,6.3618159294128995,1.05,nan,0.07632410845602566,False,False,True,isaaclab.ContactSensor.net_forces_w,wheel_geometry_approximation
5.833333333333413,rear_left_wheel,ground_or_obstacle,True,"[-0.16755764186382294, 0.07373709231615067, -0.0001371905207634]","[1.343588374866036e-07, 0.0, 0.999999999999991]",5.960238456726074,0.0,5.9602384567261275,1.05,nan,0.14766005683645483,False,False,True,isaaclab.ContactSensor.net_forces_w,wheel_geometry_approximation
5.833333333333413,rear_right_wheel,ground_or_obstacle,True,"[-0.1708872765302658, -0.3225722312927246, -2.5532394647601042e-05]","[1.3435884632462965e-07, 0.0, 0.9999999999999909]",8.17773723602295,0.0,8.177737236023024,1.05,nan,0.12856748864219822,False,False,True,isaaclab.ContactSensor.net_forces_w,wheel_geometry_approximation
5.858333333333414,front_left_wheel,ground_or_obstacle,True,"[0.38959163427352905, 0.07990635931491852, -0.0006551846861839322]","[1.3435885813409337e-07, 0.0, 0.9999999999999909]",8.763328552246094,0.0,8.763328552246174,1.05,nan,0.004162075760452795,False,False,True,isaaclab.ContactSensor.net_forces_w,wheel_geometry_approximation
5.858333333333414,front_right_wheel,ground_or_obstacle,True,"[0.39248764514923096, -0.3183879852294922, -0.0006946876645088224]","[1.343588379383206e-07, 0.0, 0.9999999999999909]",5.871920108795166,0.0,5.871920108795219,1.05,nan,0.005153654809608146,False,False,True,isaaclab.ContactSensor.net_forces_w,wheel_geometry_approximation
5.858333333333414,rear_left_wheel,ground_or_obstacle,True,"[-0.16677138209342957, 0.07374603301286697, -0.0002009451389312772]","[1.343588533045956e-07, 0.0, 0.999999999999991]",5.596667766571045,0.0,5.5966677665710955,1.05,nan,0.09512766244422047,False,False,True,isaaclab.ContactSensor.net_forces_w,wheel_geometry_approximation
5.858333333333414,rear_right_wheel,ground_or_obstacle,True,"[-0.17014719545841217, -0.3225633502006531, -7.375329732897673e-06]","[1.343588572710343e-07, 0.0, 0.999999999999991]",8.521082878112793,0.0,8.52108287811287,1.05,nan,0.0675635331020803,False,False,True,isaaclab.ContactSensor.net_forces_w,wheel_geometry_approximation
5.8833333333334155,front_left_wheel,ground_or_obstacle,True,"[0.39039909839630127, 0.0799117460846901, -0.0007943950593471555]","[1.3435885613494444e-07, 0.0, 0.999999999999991]",8.906991958618164,0.0,8.906991958618244,1.05,nan,0.01165222002411907,False,False,True,isaaclab.ContactSensor.net_forces_w,wheel_geometry_approximation
5.8833333333334155,front_right_wheel,ground_or_obstacle,True,"[0.3932887613773346, -0.3183826208114624, -0.00083938539028168]","[1.343588450004228e-07, 0.0, 0.9999999999999909]",5.691967964172363,0.0,5.691967964172415,1.05,nan,0.006175907979368589,False,False,True,isaaclab.ContactSensor.net_forces_w,wheel_geometry_approximation
5.8833333333334155,rear_left_wheel,ground_or_obstacle,True,"[-0.16598458588123322, 0.07375507801771164, -0.0002781182527542142]","[1.3435885083211008e-07, 0.0, 0.999999999999991]",5.406415939331055,0.0,5.4064159393311035,1.05,nan,0.10898882283942636,False,False,True,isaaclab.ContactSensor.net_forces_w,wheel_geometry_approximation
5.8833333333334155,rear_right_wheel,ground_or_obstacle,True,"[-0.16937042772769928, -0.3225543200969696, -2.9347836971310715e-06]","[1.3435884120690328e-07, 0.0, 0.999999999999991]",8.671185493469238,0.0,8.671185493469316,1.05,nan,0.0767645649218079,False,False,True,isaaclab.ContactSensor.net_forces_w,wheel_geometry_approximation
5.908333333333417,front_left_wheel,ground_or_obstacle,True,"[0.39121508598327637, 0.07991735637187958, -0.0009483836591243772]","[1.34358840915484e-07, 0.0, 0.999999999999991]",9.079802513122559,0.0,9.07980251312264,1.05,nan,0.008710374485621933,False,False,True,isaaclab.ContactSensor.net_forces_w,wheel_geometry_approximation
5.908333333333417,front_right_wheel,ground_or_obstacle,True,"[0.39409589767456055, -0.3183770179748535, -0.0009983584284782437]","[1.3435884798143274e-07, 0.0, 0.9999999999999909]",5.592868804931641,0.0,5.592868804931691,1.05,nan,0.008050564845863565,False,False,True,isaaclab.ContactSensor.net_forces_w,wheel_geometry_approximation
5.908333333333417,rear_left_wheel,ground_or_obstacle,True,"[-0.16519245505332947, 0.07376372814178467, -0.0003670111298561124]","[1.3435884882509228e-07, 0.0, 0.999999999999991]",5.348048210144043,0.0,5.348048210144091,1.05,nan,0.09998682706069262,False,False,True,isaaclab.ContactSensor.net_forces_w,wheel_geometry_approximation
5.908333333333417,rear_right_wheel,ground_or_obstacle,True,"[-0.16862255334854126, -0.3225456476211548, -1.0135769844057951e-05]","[1.3435883767384437e-07, 0.0, 0.999999999999991]",8.735844612121582,0.0,8.73584461212166,1.05,nan,0.07741482928640091,False,False,True,isaaclab.ContactSensor.net_forces_w,wheel_geometry_approximation
5.933333333333418,front_left_wheel,ground_or_obstacle,True,"[0.39199402928352356, 0.07992967963218689, -0.001071549206972125]","[1.3435883539967843e-07, 0.0, 0.9999999999999909]",8.809042930603027,0.0,8.809042930603107,1.05,nan,0.25402467026729775,False,False,True,isaaclab.ContactSensor.net_forces_w,wheel_geometry_approximation
5.933333333333418,front_right_wheel,ground_or_obstacle,True,"[0.394849568605423, -0.3183647394180298, -0.00102929696440697]","[1.3435882466140667e-07, 0.0, 0.999999999999991]",5.801200866699219,0.0,5.801200866699271,1.05,nan,0.3197040645896204,False,False,True,isaaclab.ContactSensor.net_forces_w,wheel_geometry_approximation
5.933333333333418,rear_left_wheel,ground_or_obstacle,True,"[-0.1644173413515091, 0.07377700507640839, -0.00046677440404892245]","[1.3435884831146436e-07, 0.0, 0.9999999999999909]",5.783943176269531,0.0,5.783943176269584,1.05,nan,0.3530804486282445,False,False,True,isaaclab.ContactSensor.net_forces_w,wheel_geometry_approximation
5.933333333333418,rear_right_wheel,ground_or_obstacle,True,"[-0.16787436604499817, -0.32253241539001465, -3.3478438854220305e-05]","[1.3435885545309145e-07, 0.0, 0.9999999999999909]",8.600321769714355,0.0,8.600321769714434,1.05,nan,0.3370528978080336,False,False,True,isaaclab.ContactSensor.net_forces_w,wheel_geometry_approximation
5.958333333333419,front_left_wheel,ground_or_obstacle,True,"[0.39259910583496094, 0.07993180304765701, -0.0009476386010646848]","[1.3435883897102673e-07, 0.0, 0.999999999999991]",8.876827239990234,0.0,8.876827239990314,1.05,nan,0.20195522923827258,False,False,True,isaaclab.ContactSensor.net_forces_w,wheel_geometry_approximation
5.958333333333419,front_right_wheel,ground_or_obstacle,True,"[0.3954918682575226, -0.3183625042438507, -0.0009014151990413694]","[1.343588464558275e-07, 0.0, 0.999999999999991]",5.337028980255127,0.0,5.337028980255175,1.05,nan,0.2623397385261983,False,False,True,isaaclab.ContactSensor.net_forces_w,wheel_geometry_approximation
5.958333333333419,rear_left_wheel,ground_or_obstacle,True,"[-0.16371604800224304, 0.07377908378839493, -0.0005703896284103421]","[1.343588388141077e-07, 0.0, 0.9999999999999909]",5.28813362121582,0.0,5.288133621215868,1.05,nan,0.29865888478185826,False,False,True,isaaclab.ContactSensor.net_forces_w,wheel_geometry_approximation
5.958333333333419,rear_right_wheel,ground_or_obstacle,True,"[-0.16720449924468994, -0.3225304186344147, -6.23531639575986e-05]","[1.3435884354109225e-07, 0.0, 0.999999999999991]",9.241271018981934,0.0,9.241271018982017,1.05,nan,0.2908820091540799,False,False,True,isaaclab.ContactSensor.net_forces_w,wheel_geometry_approximation
5.98333333333342,front_left_wheel,ground_or_obstacle,True,"[0.39322465658187866, 0.07993464171886444, -0.0008271217346191434]","[1.3435885253748204e-07, 0.0, 0.9999999999999911]",8.971080780029297,0.0,8.971080780029377,1.05,nan,0.1545320531923652,False,False,True,isaaclab.ContactSensor.net_forces_w,wheel_geometry_approximation
5.98333333333342,front_right_wheel,ground_or_obstacle,True,"[0.3961521089076996, -0.3183596134185791, -0.0007787600159645108]","[1.343588530878396e-07, 0.0, 0.9999999999999909]",5.289603233337402,0.0,5.28960323333745,1.05,nan,0.21158947644127457,False,False,True,isaaclab.ContactSensor.net_forces_w,wheel_geometry_approximation
5.98333333333342,rear_left_wheel,ground_or_obstacle,True,"[-0.16299718618392944, 0.07378508895635605, -0.0006850242614746122]","[1.3435884808157753e-07, 0.0, 0.999999999999991]",5.2169671058654785,0.0,5.216967105865526,1.05,nan,0.24674249032449327,False,False,True,isaaclab.ContactSensor.net_forces_w,wheel_geometry_approximation
5.98333333333342,rear_right_wheel,ground_or_obstacle,True,"[-0.16651302576065063, -0.32252442836761475, -0.00010226592421531955]","[1.3435884432934966e-07, 0.0, 0.999999999999991]",9.289012908935547,0.0,9.28901290893563,1.05,nan,0.24386589919055207,False,False,True,isaaclab.ContactSensor.net_forces_w,wheel_geometry_approximation
6.008333333333422,front_left_wheel,ground_or_obstacle,True,"[0.3938598930835724, 0.0799354538321495, -0.0007127068936824826]","[1.3435884758794573e-07, 0.0, 0.9999999999999909]",8.233418464660645,0.0,8.23341846466072,1.05,nan,0.11428536541940539,False,False,True,isaaclab.ContactSensor.net_forces_w,wheel_geometry_approximation
6.008333333333422,front_right_wheel,ground_or_obstacle,True,"[0.3968197703361511, -0.31835874915122986, -0.0006636299192905454]","[1.3435883798228988e-07, 0.0, 0.999999999999991]",5.861020088195801,0.0,5.861020088195853,1.05,nan,0.17342160313750823,False,False,True,isaaclab.ContactSensor.net_forces_w,wheel_geometry_approximation
6.008333333333422,rear_left_wheel,ground_or_obstacle,True,"[-0.16230255365371704, 0.07378597557544708, -0.0007394246757030515]","[1.343588375191848e-07, 0.0, 0.999999999999991]",5.916326999664307,0.0,5.91632699966436,1.05,nan,0.232268726922318,False,False,True,isaaclab.ContactSensor.net_forces_w,wheel_geometry_approximation
6.008333333333422,rear_right_wheel,ground_or_obstacle,True,"[-0.16581016778945923, -0.3225235044956207, -0.00015027001500129977]","[1.3435884578746497e-07, 0.0, 0.999999999999991]",8.70083236694336,0.0,8.700832366943438,1.05,nan,0.2205494605817887,False,False,True,isaaclab.ContactSensor.net_forces_w,wheel_geometry_approximation
6.033333333333423,front_left_wheel,ground_or_obstacle,True,"[0.39450010657310486, 0.07993052899837494, -0.0006088830530643491]","[1.3435884049470294e-07, 0.0, 0.999999999999991]",7.965529918670654,0.0,7.965529918670726,1.05,nan,0.08340341056082527,False,False,True,isaaclab.ContactSensor.net_forces_w,wheel_geometry_approximation
6.033333333333423,front_right_wheel,ground_or_obstacle,True,"[0.3974885046482086, -0.3183635473251343, -0.0005577087402343778]","[1.3435884580056505e-07, 0.0, 0.9999999999999909]",6.1714324951171875,0.0,6.1714324951172435,1.05,nan,0.13959352562454244,False,False,True,isaaclab.ContactSensor.net_forces_w,wheel_geometry_approximation
6.033333333333423,rear_left_wheel,ground_or_obstacle,True,"[-0.1616555005311966, 0.073780357837677, -0.0006327249109745053]","[1.34358845003932e-07, 0.0, 0.999999999999991]",6.2042341232299805,0.0,6.204234123230036,1.05,nan,0.1896016103921036,False,False,True,isaaclab.ContactSensor.net_forces_w,wheel_geometry_approximation
6.033333333333423,rear_right_wheel,ground_or_obstacle,True,"[-0.16509859263896942, -0.32252898812294006, -0.00020866394042969028]","[1.3435884030885616e-07, 0.0, 0.999999999999991]",8.452037811279297,0.0,8.452037811279373,1.05,nan,0.2835713899896285,False,False,True,isaaclab.ContactSensor.net_forces_w,wheel_geometry_approximation
6.058333333333424,front_left_wheel,ground_or_obstacle,True,"[0.3951524794101715, 0.07992561161518097, -0.0005113549530506162]","[1.3435884456065014e-07, 0.0, 0.9999999999999909]",7.751058578491211,0.0,7.751058578491281,1.05,nan,0.05163049262629042,False,False,True,isaaclab.ContactSensor.net_forces_w,wheel_geometry_approximation
6.058333333333424,front_right_wheel,ground_or_obstacle,True,"[0.39816737174987793, -0.31836843490600586, -0.00045940950512886325]","[1.3435884155249645e-07, 0.0, 0.999999999999991]",6.346577167510986,0.0,6.346577167511043,1.05,nan,0.11134007937471134,False,False,True,isaaclab.ContactSensor.net_forces_w,wheel_geometry_approximation
6.058333333333424,rear_left_wheel,ground_or_obstacle,True,"[-0.16099998354911804, 0.07377472519874573, -0.0005338035523891477]","[1.343588463799478e-07, 0.0, 0.999999999999991]",6.333581447601318,0.0,6.333581447601375,1.05,nan,0.16167828051195576,False,False,True,isaaclab.ContactSensor.net_forces_w,wheel_geometry_approximation
6.058333333333424,rear_right_wheel,ground_or_obstacle,True,"[-0.16437357664108276, -0.32253456115722656, -0.0002791576087474851]","[1.3435885245019186e-07, 0.0, 0.999999999999991]",8.267125129699707,0.0,8.267125129699782,1.05,nan,0.15189431906716713,False,False,True,isaaclab.ContactSensor.net_forces_w,wheel_geometry_approximation
6.083333333333425,front_left_wheel,ground_or_obstacle,True,"[0.39581894874572754, 0.07991978526115417, -0.0004218026995658902]","[1.3435883748970663e-07, 0.0, 0.9999999999999909]",7.447880744934082,0.0,7.4478807449341495,1.05,nan,0.04614395316764348,False,False,True,isaaclab.ContactSensor.net_forces_w,wheel_geometry_approximation
6.083333333333425,front_right_wheel,ground_or_obstacle,True,"[0.3988562524318695, -0.31837427616119385, -0.00036941021680832187]","[1.343588391447988e-07, 0.0, 0.999999999999991]",6.734652042388916,0.0,6.734652042388976,1.05,nan,0.09494888038570688,False,False,True,isaaclab.ContactSensor.net_forces_w,wheel_geometry_approximation
6.083333333333425,rear_left_wheel,ground_or_obstacle,True,"[-0.16033558547496796, 0.07376963645219803, -0.00044264569878578464]","[1.343588341643834e-07, 0.0, 0.999999999999991]",6.677745342254639,0.0,6.677745342254699,1.05,nan,0.1453122700329887,False,False,True,isaaclab.ContactSensor.net_forces_w,wheel_geometry_approximation
6.083333333333425,rear_right_wheel,ground_or_obstacle,True,"[-0.16363640129566193, -0.32253938913345337, -0.0003618739545345334]","[1.3435883731291926e-07, 0.0, 0.999999999999991]",7.8817009925842285,0.0,7.8817009925843,1.05,nan,0.15024013326316268,False,False,True,isaaclab.ContactSensor.net_forces_w,wheel_geometry_approximation
6.108333333333427,front_left_wheel,ground_or_obstacle,True,"[0.39649495482444763, 0.07991378009319305, -0.00034018531441688815]","[1.343588403590628e-07, 0.0, 0.999999999999991]",7.18665075302124,0.0,7.186650753021305,1.05,nan,0.05174202096310189,False,False,True,isaaclab.ContactSensor.net_forces_w,wheel_geometry_approximation
6.108333333333427,front_right_wheel,ground_or_obstacle,True,"[0.3995528221130371, -0.31838011741638184, -0.0002885565161705045]","[1.343588391708495e-07, 0.0, 0.999999999999991]",7.014705181121826,0.0,7.014705181121889,1.05,nan,0.10690033641494459,False,False,True,isaaclab.ContactSensor.net_forces_w,wheel_geometry_approximation
6.108333333333427,rear_left_wheel,ground_or_obstacle,True,"[-0.1596670150756836, 0.07376290112733841, -0.0003604695200920133]","[1.3435883724960013e-07, 0.0, 0.999999999999991]",6.894956111907959,0.0,6.894956111908021,1.05,nan,0.14043281035734034,False,False,True,isaaclab.ContactSensor.net_forces_w,wheel_geometry_approximation
6.108333333333427,rear_right_wheel,ground_or_obstacle,True,"[-0.16289125382900238, -0.32254594564437866, -0.00045742392539978305]","[1.3435883581465477e-07, 0.0, 0.999999999999991]",7.573484897613525,0.0,7.573484897613594,1.05,nan,0.1622117045865317,False,False,True,isaaclab.ContactSensor.net_forces_w,wheel_geometry_approximation
6.133333333333428,front_left_wheel,ground_or_obstacle,True,"[0.3971784710884094, 0.07990838587284088, -0.0002673894166946439]","[1.3435883963471423e-07, 0.0, 0.9999999999999909]",6.947725296020508,0.0,6.947725296020571,1.05,nan,0.052109029271215114,False,False,True,isaaclab.ContactSensor.net_forces_w,wheel_geometry_approximation
6.133333333333428,front_right_wheel,ground_or_obstacle,True,"[0.4002554416656494, -0.3183855414390564, -0.0002170234918594388]","[1.3435883290707757e-07, 0.0, 0.999999999999991]",7.27998161315918,0.0,7.279981613159245,1.05,nan,0.09538757697802643,False,False,True,isaaclab.ContactSensor.net_forces_w,wheel_geometry_approximation
6.133333333333428,rear_left_wheel,ground_or_obstacle,True,"[-0.15899302065372467, 0.0737568810582161, -0.0002863809466362027]","[1.3435884138470929e-07, 0.0, 0.9999999999999909]",7.160933017730713,0.0,7.160933017730778,1.05,nan,0.1392997056607349,False,False,True,isaaclab.ContactSensor.net_forces_w,wheel_geometry_approximation
6.133333333333428,rear_right_wheel,ground_or_obstacle,True,"[-0.1621370166540146, -0.3225516676902771, -0.0005653902888298062]","[1.3435885028357065e-07, 0.0, 0.9999999999999909]",7.342660427093506,0.0,7.3426604270935725,1.05,nan,0.15748402292653824,False,False,True,isaaclab.ContactSensor.net_forces_w,wheel_geometry_approximation
6.158333333333429,front_left_wheel,ground_or_obstacle,True,"[0.397869735956192, 0.07990273088216782, -0.0002035453915596036]","[1.3435883432005844e-07, 0.0, 0.999999999999991]",6.705432415008545,0.0,6.705432415008605,1.05,nan,0.05627281356511263,False,False,True,isaaclab.ContactSensor.net_forces_w,wheel_geometry_approximation
6.158333333333429,front_right_wheel,ground_or_obstacle,True,"[0.4009663760662079, -0.31839120388031006, -0.00015475898981094638]","[1.3435884697318018e-07, 0.0, 0.9999999999999909]",7.555495262145996,0.0,7.5554952621460645,1.05,nan,0.10153268875272106,False,False,True,isaaclab.ContactSensor.net_forces_w,wheel_geometry_approximation
6.158333333333429,rear_left_wheel,ground_or_obstacle,True,"[-0.15831369161605835, 0.07375036925077438, -0.00022207871079445163]","[1.343588367156312e-07, 0.0, 0.999999999999991]",7.382709980010986,0.0,7.382709980011053,1.05,nan,0.1441148544611913,False,False,True,isaaclab.ContactSensor.net_forces_w,wheel_geometry_approximation
6.158333333333429,rear_right_wheel,ground_or_obstacle,True,"[-0.16137635707855225, -0.3225579261779785, -0.0006864286959171323]","[1.3435884100512113e-07, 0.0, 0.999999999999991]",7.081991672515869,0.0,7.081991672515933,1.05,nan,0.15518584679851033,False,False,True,isaaclab.ContactSensor.net_forces_w,wheel_geometry_approximation
6.18333333333343,front_left_wheel,ground_or_obstacle,True,"[0.3985672891139984, 0.07989643514156342, -0.00014888420701027194]","[1.3435883804864993e-07, 0.0, 0.999999999999991]",6.390291213989258,0.0,6.3902912139893155,1.05,nan,0.0308338744584454,False,False,True,isaaclab.ContactSensor.net_forces_w,wheel_geometry_approximation
6.18333333333343,front_right_wheel,ground_or_obstacle,True,"[0.40168148279190063, -0.31839752197265625, -0.00010276511311531344]","[1.3435883938033666e-07, 0.0, 0.999999999999991]",7.952206611633301,0.0,7.952206611633373,1.05,nan,0.10014054793139186,False,False,True,isaaclab.ContactSensor.net_forces_w,wheel_geometry_approximation
6.18333333333343,rear_left_wheel,ground_or_obstacle,True,"[-0.15763069689273834, 0.07374325394630432, -0.00016600936651230136]","[1.343588391641116e-07, 0.0, 0.999999999999991]",7.589373588562012,0.0,7.58937358856208,1.05,nan,0.11368660480790534,False,False,True,isaaclab.ContactSensor.net_forces_w,wheel_geometry_approximation
6.18333333333343,rear_right_wheel,ground_or_obstacle,True,"[-0.16060958802700043, -0.3225647807121277, -0.0008199878036975888]","[1.3435884043161019e-07, 0.0, 0.999999999999991]",6.849298477172852,0.0,6.849298477172913,1.05,nan,0.13912299534359804,False,False,True,isaaclab.ContactSensor.net_forces_w,wheel_geometry_approximation
6.208333333333432,front_left_wheel,ground_or_obstacle,True,"[0.39927172660827637, 0.07988977432250977, -0.00010466873645782748]","[1.3435883232858654e-07, 0.0, 0.9999999999999909]",6.077450275421143,0.0,6.077450275421198,1.05,nan,0.05428663738174587,False,False,True,isaaclab.ContactSensor.net_forces_w,wheel_geometry_approximation
6.208333333333432,front_right_wheel,ground_or_obstacle,True,"[0.40241122245788574, -0.3184041678905487, -6.068423390388766e-05]","[1.3435884170437666e-07, 0.0, 0.999999999999991]",8.24906063079834,0.0,8.249060630798414,1.05,nan,0.1270972264129324,False,False,True,isaaclab.ContactSensor.net_forces_w,wheel_geometry_approximation
6.208333333333432,rear_left_wheel,ground_or_obstacle,True,"[-0.1569424271583557, 0.07373632490634918, -0.00012019574642181674]","[1.3435883144486844e-07, 0.0, 0.999999999999991]",7.968566417694092,0.0,7.968566417694164,1.05,nan,0.2281693269642204,False,False,True,isaaclab.ContactSensor.net_forces_w,wheel_geometry_approximation
6.208333333333432,rear_right_wheel,ground_or_obstacle,True,"[-0.1598355621099472, -0.32257118821144104, -0.000966786593198779]","[1.3435884261805453e-07, 0.0, 0.9999999999999909]",6.455051422119141,0.0,6.455051422119199,1.05,nan,0.16288890030354544,False,False,True,isaaclab.ContactSensor.net_forces_w,wheel_geometry_approximation
6.233333333333433,front_left_wheel,ground_or_obstacle,True,"[0.39997413754463196, 0.07988598197698593, -6.993785500526706e-05]","[1.3435882891471252e-07, 0.0, 0.999999999999991]",6.515196800231934,0.0,6.515196800231992,1.05,nan,0.07412226670672113,False,False,True,isaaclab.ContactSensor.net_forces_w,wheel_geometry_approximation
6.233333333333433,front_right_wheel,ground_or_obstacle,True,"[0.4031379222869873, -0.31840798258781433, -2.858713269233981e-05]","[1.3435884143662184e-07, 0.0, 0.999999999999991]",7.587387561798096,0.0,7.587387561798164,1.05,nan,0.10923592332589367,False,False,True,isaaclab.ContactSensor.net_forces_w,wheel_geometry_approximation
6.233333333333433,rear_left_wheel,ground_or_obstacle,True,"[-0.1562540978193283, 0.07373222708702087, -8.087158203125278e-05]","[1.3435883479182813e-07, 0.0, 0.999999999999991]",7.280498504638672,0.0,7.280498504638738,1.05,nan,0.16411657316765557,False,False,True,isaaclab.ContactSensor.net_forces_w,wheel_geometry_approximation
6.233333333333433,rear_right_wheel,ground_or_obstacle,True,"[-0.1590982973575592, -0.32257503271102905, -0.0010430619120597867]","[1.3435883743542063e-07, 0.0, 0.9999999999999909]",7.6304192543029785,0.0,7.630419254303048,1.05,nan,0.16144888232762594,False,False,True,isaaclab.ContactSensor.net_forces_w,wheel_geometry_approximation
6.258333333333434,front_left_wheel,ground_or_obstacle,True,"[0.40067794919013977, 0.07988893985748291, -4.2489916086199675e-05]","[1.3435883729228165e-07, 0.0, 0.999999999999991]",6.896757125854492,0.0,6.896757125854554,1.05,nan,0.0009966299962794027,False,False,True,isaaclab.ContactSensor.net_forces_w,wheel_geometry_approximation
6.258333333333434,front_right_wheel,ground_or_obstacle,True,"[0.4038642346858978, -0.3184049129486084, -8.578598499300871e-06]","[1.343588360109334e-07, 0.0, 0.9999999999999909]",7.237066745758057,0.0,7.237066745758122,1.05,nan,0.043968935495886104,False,False,True,isaaclab.ContactSensor.net_forces_w,wheel_geometry_approximation
6.258333333333434,rear_left_wheel,ground_or_obstacle,True,"[-0.1555609107017517, 0.0737345889210701, -4.969462752342502e-05]","[1.3435884556233304e-07, 0.0, 0.999999999999991]",6.8837409019470215,0.0,6.883740901947084,1.05,nan,0.09385153376593326,False,False,True,isaaclab.ContactSensor.net_forces_w,wheel_geometry_approximation
6.258333333333434,rear_right_wheel,ground_or_obstacle,True,"[-0.15843655169010162, -0.32257288694381714, -0.0009109482169151334]","[1.3435884261136443e-07, 0.0, 0.9999999999999909]",7.722599506378174,0.0,7.722599506378244,1.05,nan,0.09029571489602353,False,False,True,isaaclab.ContactSensor.net_forces_w,wheel_geometry_approximation
6.283333333333435,front_left_wheel,ground_or_obstacle,True,"[0.4013895094394684, 0.07989242672920227, -2.453774213791171e-05]","[1.343588407668423e-07, 0.0, 0.999999999999991]",7.17476749420166,0.0,7.174767494201725,1.05,nan,0.0039033617814388066,False,False,True,isaaclab.ContactSensor.net_forces_w,wheel_geometry_approximation
6.283333333333435,front_right_wheel,ground_or_obstacle,True,"[0.40459686517715454, -0.31840139627456665, 1.2412667274447342e-06]","[1.3435884016729022e-07, 0.0, 0.999999999999991]",7.008183479309082,0.0,7.008183479309145,1.05,nan,0.019846580553273405,False,False,True,isaaclab.ContactSensor.net_forces_w,wheel_geometry_approximation
6.283333333333435,rear_left_wheel,ground_or_obstacle,True,"[-0.15485703945159912, 0.0737379714846611, -2.8847903013232146e-05]","[1.3435883782568802e-07, 0.0, 0.999999999999991]",6.6038713455200195,0.0,6.603871345520079,1.05,nan,0.09477334227050718,False,False,True,isaaclab.ContactSensor.net_forces_w,wheel_geometry_approximation
6.283333333333435,rear_right_wheel,ground_or_obstacle,True,"[-0.15776664018630981, -0.32256966829299927, -0.0007862143218517331]","[1.3435883112385301e-07, 0.0, 0.9999999999999909]",7.949753284454346,0.0,7.949753284454418,1.05,nan,0.07429208395820622,False,False,True,isaaclab.ContactSensor.net_forces_w,wheel_geometry_approximation
6.308333333333437,front_left_wheel,ground_or_obstacle,True,"[0.40211567282676697, 0.07989674806594849, -1.748949289322177e-05]","[1.3435884750316988e-07, 0.0, 0.9999999999999909]",7.349092960357666,0.0,7.349092960357733,1.05,nan,0.018004031514848966,False,False,True,isaaclab.ContactSensor.net_forces_w,wheel_geometry_approximation
6.308333333333437,front_right_wheel,ground_or_obstacle,True,"[0.40534085035324097, -0.31839698553085327, -2.2649765014925993e-07]","[1.3435884012724012e-07, 0.0, 0.999999999999991]",6.796385765075684,0.0,6.796385765075745,1.05,nan,0.16120769383518155,False,False,True,isaaclab.ContactSensor.net_forces_w,wheel_geometry_approximation
6.308333333333437,rear_left_wheel,ground_or_obstacle,True,"[-0.15413838624954224, 0.0737423226237297, -1.79365277290372e-05]","[1.3435884305158204e-07, 0.0, 0.9999999999999909]",6.450177192687988,0.0,6.450177192688047,1.05,nan,0.09042452364860683,False,False,True,isaaclab.ContactSensor.net_forces_w,wheel_geometry_approximation
6.308333333333437,rear_right_wheel,ground_or_obstacle,True,"[-0.15708346664905548, -0.322565495967865, -0.000668748468160632]","[1.3435883761688685e-07, 0.0, 0.9999999999999911]",8.009075164794922,0.0,8.009075164794993,1.05,nan,0.05408817046236174,False,False,True,isaaclab.ContactSensor.net_forces_w,wheel_geometry_approximation
6.333333333333438,front_left_wheel,ground_or_obstacle,True,"[0.4028463661670685, 0.07990162819623947, -2.1430850028994475e-05]","[1.3435883334146643e-07, 0.0, 0.999999999999991]",7.589980602264404,0.0,7.589980602264473,1.05,nan,0.08413727401679916,False,False,True,isaaclab.ContactSensor.net_forces_w,wheel_geometry_approximation
6.333333333333438,front_right_wheel,ground_or_obstacle,True,"[0.40609121322631836, -0.3183920383453369, -1.3045221567156706e-05]","[1.3435884533837533e-07, 0.0, 0.999999999999991]",6.652071952819824,0.0,6.652071952819884,1.05,nan,0.0016272788169941221,False,False,True,isaaclab.ContactSensor.net_forces_w,wheel_geometry_approximation
6.333333333333438,rear_left_wheel,ground_or_obstacle,True,"[-0.15341609716415405, 0.07374605536460876, -1.7925351858141814e-05]","[1.3435883686213102e-07, 0.0, 0.9999999999999909]",6.372671604156494,0.0,6.372671604156552,1.05,nan,0.04337176264449251,False,False,True,isaaclab.ContactSensor.net_forces_w,wheel_geometry_approximation
6.333333333333438,rear_right_wheel,ground_or_obstacle,True,"[-0.15639492869377136, -0.32256200909614563, -0.0005599699914455442]","[1.3435884134928653e-07, 0.0, 0.9999999999999909]",8.39501953125,0.0,8.395019531250076,1.05,nan,0.05244410178378813,False,False,True,isaaclab.ContactSensor.net_forces_w,wheel_geometry_approximation
6.358333333333439,front_left_wheel,ground_or_obstacle,True,"[0.4035828709602356, 0.07990580797195435, -3.6395341157915984e-05]","[1.3435884267745182e-07, 0.0, 0.999999999999991]",7.800118923187256,0.0,7.800118923187326,1.05,nan,0.02357723982318941,False,False,True,isaaclab.ContactSensor.net_forces_w,wheel_geometry_approximation
6.358333333333439,front_right_wheel,ground_or_obstacle,True,"[0.4068472981452942, -0.31838783621788025, -3.70882451534299e-05]","[1.343588403780389e-07, 0.0, 0.9999999999999909]",6.452163219451904,0.0,6.452163219451963,1.05,nan,0.0012869658072437106,False,False,True,isaaclab.ContactSensor.net_forces_w,wheel_geometry_approximation
6.358333333333439,rear_left_wheel,ground_or_obstacle,True,"[-0.15265579521656036, 0.07375520467758179, -2.7853250503542815e-05]","[1.3435883391952316e-07, 0.0, 0.9999999999999909]",6.2808051109313965,0.0,6.280805110931453,1.05,nan,0.0861849499060596,False,False,True,isaaclab.ContactSensor.net_forces_w,wheel_geometry_approximation
6.358333333333439,rear_right_wheel,ground_or_obstacle,True,"[-0.15569591522216797, -0.3225531280040741, -0.00045888051390648166]","[1.3435882861086765e-07, 0.0, 0.9999999999999911]",8.202293395996094,0.0,8.202293395996167,1.05,nan,0.06046389233447706,False,False,True,isaaclab.ContactSensor.net_forces_w,wheel_geometry_approximation
6.38333333333344,front_left_wheel,ground_or_obstacle,True,"[0.40430381894111633, 0.07990886270999908, -1.2024492025378142e-05]","[1.343588367897863e-07, 0.0, 0.999999999999991]",8.32125473022461,0.0,8.321254730224684,1.05,nan,0.0010216536331040416,False,False,True,isaaclab.ContactSensor.net_forces_w,wheel_geometry_approximation
6.38333333333344,front_right_wheel,ground_or_obstacle,True,"[0.40759363770484924, -0.3183845281600952, -7.27020204067258e-05]","[1.3435884111721488e-07, 0.0, 0.9999999999999909]",5.9390974044799805,0.0,5.939097404480035,1.05,nan,0.005279054351288844,False,False,True,isaaclab.ContactSensor.net_forces_w,wheel_geometry_approximation
6.38333333333344,rear_left_wheel,ground_or_obstacle,True,"[-0.15193042159080505, 0.07375797629356384, -5.064830183983127e-05]","[1.3435882903838415e-07, 0.0, 0.9999999999999909]",5.780787467956543,0.0,5.780787467956595,1.05,nan,0.11354299863638379,False,False,True,isaaclab.ContactSensor.net_forces_w,wheel_geometry_approximation
6.38333333333344,rear_right_wheel,ground_or_obstacle,True,"[-0.1550033539533615, -0.3225504159927368, -0.0003700546920299558]","[1.3435883992195335e-07, 0.0, 0.999999999999991]",8.684446334838867,0.0,8.684446334838945,1.05,nan,0.055883587201389334,False,False,True,isaaclab.ContactSensor.net_forces_w,wheel_geometry_approximation
6.408333333333442,front_left_wheel,ground_or_obstacle,True,"[0.40502792596817017, 0.07991109043359756, -1.873075962069426e-06]","[1.3435884773598187e-07, 0.0, 0.999999999999991]",8.505276679992676,0.0,8.505276679992752,1.05,nan,0.01340659290431216,False,False,True,isaaclab.ContactSensor.net_forces_w,wheel_geometry_approximation
6.408333333333442,front_right_wheel,ground_or_obstacle,True,"[0.40834710001945496, -0.3183823525905609, -0.00011927187442779819]","[1.3435883766728105e-07, 0.0, 0.9999999999999909]",5.783504486083984,0.0,5.783504486084037,1.05,nan,0.021813706160930344,False,False,True,isaaclab.ContactSensor.net_forces_w,wheel_geometry_approximation
6.408333333333442,rear_left_wheel,ground_or_obstacle,True,"[-0.1511414647102356, 0.0737689808011055, -8.299872279167453e-05]","[1.3435884627636611e-07, 0.0, 0.999999999999991]",5.605379104614258,0.0,5.605379104614308,1.05,nan,0.10693194501339114,False,False,True,isaaclab.ContactSensor.net_forces_w,wheel_geometry_approximation
6.408333333333442,rear_right_wheel,ground_or_obstacle,True,"[-0.1543029397726059, -0.32253971695899963, -0.00028865709900856296]","[1.3435884186383151e-07, 0.0, 0.9999999999999909]",8.800289154052734,0.0,8.800289154052814,1.05,nan,0.04863753638616765,False,False,True,isaaclab.ContactSensor.net_forces_w,wheel_geometry_approximation
6.433333333333443,front_left_wheel,ground_or_obstacle,True,"[0.4057528078556061, 0.07991332560777664, -2.998113632204924e-06]","[1.343588476603e-07, 0.0, 0.999999999999991]",9.103527069091797,0.0,9.103527069091879,1.05,nan,0.032669370512090956,False,False,True,isaaclab.ContactSensor.net_forces_w,wheel_geometry_approximation
6.433333333333443,front_right_wheel,ground_or_obstacle,True,"[0.40910032391548157, -0.3183799386024475, -0.00017762854695320407]","[1.3435884882840592e-07, 0.0, 0.999999999999991]",5.235487461090088,0.0,5.235487461090135,1.05,nan,0.012995830717104716,False,False,True,isaaclab.ContactSensor.net_forces_w,wheel_geometry_approximation
6.433333333333443,rear_left_wheel,ground_or_obstacle,True,"[-0.15040428936481476, 0.07377062737941742, -0.00013228431344032565]","[1.343588528684082e-07, 0.0, 0.9999999999999909]",5.001674652099609,0.0,5.001674652099655,1.05,nan,0.12106272511111923,False,False,True,isaaclab.ContactSensor.net_forces_w,wheel_geometry_approximation
6.433333333333443,rear_right_wheel,ground_or_obstacle,True,"[-0.1535969376564026, -0.32253825664520264, -0.0002188824117183713]","[1.3435883988242796e-07, 0.0, 0.9999999999999909]",9.369619369506836,0.0,9.369619369506921,1.05,nan,0.06155172401359599,False,False,True,isaaclab.ContactSensor.net_forces_w,wheel_geometry_approximation
6.458333333333444,front_left_wheel,ground_or_obstacle,True,"[0.4064953625202179, 0.07991483807563782, -1.60291790962247e-05]","[1.3435885302557128e-07, 0.0, 0.9999999999999909]",9.212313652038574,0.0,9.212313652038658,1.05,nan,0.013498376488398613,False,False,True,isaaclab.ContactSensor.net_forces_w,wheel_geometry_approximation
6.458333333333444,front_right_wheel,ground_or_obstacle,True,"[0.4098597466945648, -0.3183783292770386, -0.0002479732036590604]","[1.3435884718872047e-07, 0.0, 0.999999999999991]",5.147503852844238,0.0,5.1475038528442845,1.05,nan,0.018119732292025976,False,False,True,isaaclab.ContactSensor.net_forces_w,wheel_geometry_approximation
6.458333333333444,rear_left_wheel,ground_or_obstacle,True,"[-0.1496276706457138, 0.07377832382917404, -0.00018972083926201144]","[1.3435883480807462e-07, 0.0, 0.9999999999999909]",4.8800883293151855,0.0,4.88008832931523,1.05,nan,0.12676681341873924,False,False,True,isaaclab.ContactSensor.net_forces_w,wheel_geometry_approximation
6.458333333333444,rear_right_wheel,ground_or_obstacle,True,"[-0.15288491547107697, -0.3225307762622833, -0.00015727356076240817]","[1.34358845290209e-07, 0.0, 0.999999999999991]",9.511469841003418,0.0,9.511469841003503,1.05,nan,0.040006424325201115,False,False,True,isaaclab.ContactSensor.net_forces_w,wheel_geometry_approximation
6.483333333333445,front_left_wheel,ground_or_obstacle,True,"[0.40722912549972534, 0.07992944866418839, -4.0876865386965666e-05]","[1.343588355952335e-07, 0.0, 0.9999999999999911]",8.755484580993652,0.0,8.75548458099373,1.05,nan,0.06486661061278762,False,False,True,isaaclab.ContactSensor.net_forces_w,wheel_geometry_approximation
6.483333333333445,front_right_wheel,ground_or_obstacle,True,"[0.4105722904205322, -0.31836384534835815, -0.0002123780548572568]","[1.343588433711918e-07, 0.0, 0.999999999999991]",5.544629096984863,0.0,5.544629096984913,1.05,nan,0.06402607213361718,False,False,True,isaaclab.ContactSensor.net_forces_w,wheel_geometry_approximation
6.483333333333445,rear_left_wheel,ground_or_obstacle,True,"[-0.14886659383773804, 0.07380300760269165, -0.00025369152426719943]","[1.3435883679385204e-07, 0.0, 0.9999999999999909]",5.672245979309082,0.0,5.6722459793091335,1.05,nan,0.16699199652599298,False,False,True,isaaclab.ContactSensor.net_forces_w,wheel_geometry_approximation
6.483333333333445,rear_right_wheel,ground_or_obstacle,True,"[-0.15218064188957214, -0.3225061893463135, -0.00010493323206901828]","[1.343588417164158e-07, 0.0, 0.9999999999999909]",8.778496742248535,0.0,8.778496742248615,1.05,nan,0.10385549317181478,False,False,True,isaaclab.ContactSensor.net_forces_w,wheel_geometry_approximation
6.5083333333334465,front_left_wheel,ground_or_obstacle,True,"[0.40796777606010437, 0.07994400709867477, -7.743686437607089e-05]","[1.3435884413813067e-07, 0.0, 0.9999999999999909]",8.180612564086914,0.0,8.180612564086989,1.05,nan,0.0013568618467013364,False,False,True,isaaclab.ContactSensor.net_forces_w,wheel_geometry_approximation
6.5083333333334465,front_right_wheel,ground_or_obstacle,True,"[0.4112831950187683, -0.3183494806289673, -0.00015522837638855258]","[1.343588388529617e-07, 0.0, 0.9999999999999909]",6.044593811035156,0.0,6.044593811035211,1.05,nan,0.003967442819289901,False,False,True,isaaclab.ContactSensor.net_forces_w,wheel_geometry_approximation
6.5083333333334465,rear_left_wheel,ground_or_obstacle,True,"[-0.1481611579656601, 0.07381890714168549, -0.00022441074252128879]","[1.3435883918044125e-07, 0.0, 0.999999999999991]",6.433114051818848,0.0,6.433114051818905,1.05,nan,0.1060336014799793,False,False,True,isaaclab.ContactSensor.net_forces_w,wheel_geometry_approximation
6.5083333333334465,rear_right_wheel,ground_or_obstacle,True,"[-0.15145787596702576, -0.3224900960922241, -6.262138485908786e-05]","[1.3435883867575022e-07, 0.0, 0.999999999999991]",8.077581405639648,0.0,8.077581405639721,1.05,nan,0.07071459248282416,False,False,True,isaaclab.ContactSensor.net_forces_w,wheel_geometry_approximation
6.533333333333448,front_left_wheel,ground_or_obstacle,True,"[0.4087104797363281, 0.07995657622814178, -0.0001246213912963895]","[1.343588277944782e-07, 0.0, 0.9999999999999909]",8.18549919128418,0.0,8.185499191284254,1.05,nan,0.01267898369527431,False,False,True,isaaclab.ContactSensor.net_forces_w,wheel_geometry_approximation
6.533333333333448,front_right_wheel,ground_or_obstacle,True,"[0.4119981825351715, -0.31833696365356445, -0.00010620355606079379]","[1.3435883225837228e-07, 0.0, 0.999999999999991]",6.09636116027832,0.0,6.096361160278375,1.05,nan,0.038905163811589705,False,False,True,isaaclab.ContactSensor.net_forces_w,wheel_geometry_approximation
6.533333333333448,rear_left_wheel,ground_or_obstacle,True,"[-0.14745032787322998, 0.07383106648921967, -0.0001616135239601163]","[1.3435884308451007e-07, 0.0, 0.9999999999999909]",6.46871280670166,0.0,6.468712806701719,1.05,nan,0.1285130878162424,False,False,True,isaaclab.ContactSensor.net_forces_w,wheel_geometry_approximation
6.533333333333448,rear_right_wheel,ground_or_obstacle,True,"[-0.15072494745254517, -0.3224778175354004, -3.1496584415438567e-05]","[1.3435883541154163e-07, 0.0, 0.999999999999991]",7.994814395904541,0.0,7.994814395904613,1.05,nan,0.09883338743750232,False,False,True,isaaclab.ContactSensor.net_forces_w,wheel_geometry_approximation
6.558333333333449,front_left_wheel,ground_or_obstacle,True,"[0.40945494174957275, 0.07996820658445358, -0.00018421113491058627]","[1.3435884182405794e-07, 0.0, 0.999999999999991]",7.921062469482422,0.0,7.921062469482493,1.05,nan,0.011266259451436514,False,False,True,isaaclab.ContactSensor.net_forces_w,wheel_geometry_approximation
6.558333333333449,front_right_wheel,ground_or_obstacle,True,"[0.41269955039024353, -0.3183254301548004, -6.708428263664523e-05]","[1.3435883183491772e-07, 0.0, 0.9999999999999909]",6.362359046936035,0.0,6.362359046936093,1.05,nan,0.01686603948184496,False,False,True,isaaclab.ContactSensor.net_forces_w,wheel_geometry_approximation
6.558333333333449,rear_left_wheel,ground_or_obstacle,True,"[-0.14673781394958496, 0.07384238392114639, -0.000109068304300311]","[1.343588459958916e-07, 0.0, 0.9999999999999909]",6.757979869842529,0.0,6.757979869842591,1.05,nan,0.11350724710960039,False,False,True,isaaclab.ContactSensor.net_forces_w,wheel_geometry_approximation
6.558333333333449,rear_right_wheel,ground_or_obstacle,True,"[-0.14998658001422882, -0.3224664330482483, -1.1022388935091887e-05]","[1.34358848269734e-07, 0.0, 0.999999999999991]",7.698853015899658,0.0,7.6988530158997275,1.05,nan,0.11203960221665882,False,False,True,isaaclab.ContactSensor.net_forces_w,wheel_geometry_approximation
6.58333333333345,front_left_wheel,ground_or_obstacle,True,"[0.41021209955215454, 0.07998044043779373, -0.0002568356692791013]","[1.343588460449624e-07, 0.0, 0.999999999999991]",7.714511871337891,0.0,7.71451187133796,1.05,nan,0.0014324794265858504,False,False,True,isaaclab.ContactSensor.net_forces_w,wheel_geometry_approximation
6.58333333333345,front_right_wheel,ground_or_obstacle,True,"[0.413411408662796, -0.31831324100494385, -3.798604011535922e-05]","[1.3435884798063007e-07, 0.0, 0.9999999999999909]",6.6296892166137695,0.0,6.62968921661383,1.05,nan,0.027079565524847745,False,False,True,isaaclab.ContactSensor.net_forces_w,wheel_geometry_approximation
6.58333333333345,rear_left_wheel,ground_or_obstacle,True,"[-0.14601482450962067, 0.07385484129190445, -6.650686264038363e-05]","[1.3435883155971658e-07, 0.0, 0.999999999999991]",6.976129055023193,0.0,6.976129055023256,1.05,nan,0.110125110899815,False,False,True,isaaclab.ContactSensor.net_forces_w,wheel_geometry_approximation
6.58333333333345,rear_right_wheel,ground_or_obstacle,True,"[-0.1492309421300888, -0.32245391607284546, -1.5936791896847824e-06]","[1.3435885104640653e-07, 0.0, 0.999999999999991]",7.428966999053955,0.0,7.428966999054022,1.05,nan,0.10995178010197246,False,False,True,isaaclab.ContactSensor.net_forces_w,wheel_geometry_approximation
6.6083333333334515,front_left_wheel,ground_or_obstacle,True,"[0.41097331047058105, 0.07999177277088165, -0.0003417871892452268]","[1.3435884445922543e-07, 0.0, 0.999999999999991]",7.461373805999756,0.0,7.461373805999823,1.05,nan,0.12348733915000132,False,False,True,isaaclab.ContactSensor.net_forces_w,wheel_geometry_approximation
6.6083333333334515,front_right_wheel,ground_or_obstacle,True,"[0.4141322672367096, -0.3183019161224365, -1.990348100662509e-05]","[1.343588353282387e-07, 0.0, 0.999999999999991]",6.909312725067139,0.0,6.909312725067201,1.05,nan,0.042061280975122003,False,False,True,isaaclab.ContactSensor.net_forces_w,wheel_geometry_approximation
6.6083333333334515,rear_left_wheel,ground_or_obstacle,True,"[-0.14528821408748627, 0.07386559247970581, -3.3869594335558806e-05]","[1.343588423866179e-07, 0.0, 0.999999999999991]",7.238196849822998,0.0,7.238196849823063,1.05,nan,0.1063148205156622,False,False,True,isaaclab.ContactSensor.net_forces_w,wheel_geometry_approximation
6.6083333333334515,rear_right_wheel,ground_or_obstacle,True,"[-0.14846856892108917, -0.3224431574344635, -3.8027763366726974e-06]","[1.343588427749497e-07, 0.0, 0.999999999999991]",7.12762451171875,0.0,7.127624511718814,1.05,nan,0.11332287529972236,False,False,True,isaaclab.ContactSensor.net_forces_w,wheel_geometry_approximation
6.633333333333453,front_left_wheel,ground_or_obstacle,True,"[0.41174250841140747, 0.08000250160694122, -0.0004399001598358182]","[1.3435884240216317e-07, 0.0, 0.999999999999991]",7.247464656829834,0.0,7.247464656829899,1.05,nan,0.026831906073512518,False,False,True,isaaclab.ContactSensor.net_forces_w,wheel_geometry_approximation
6.633333333333453,front_right_wheel,ground_or_obstacle,True,"[0.4148644804954529, -0.31829124689102173, -1.2631714344027434e-05]","[1.3435883221843277e-07, 0.0, 0.9999999999999909]",7.162055492401123,0.0,7.162055492401188,1.05,nan,0.036634161861494624,False,False,True,isaaclab.ContactSensor.net_forces_w,wheel_geometry_approximation
6.633333333333453,rear_left_wheel,ground_or_obstacle,True,"[-0.14455489814281464, 0.07387607544660568, -1.1853128671648894e-05]","[1.3435883983668815e-07, 0.0, 0.9999999999999909]",7.452415943145752,0.0,7.4524159431458195,1.05,nan,0.08061046516144814,False,False,True,isaaclab.ContactSensor.net_forces_w,wheel_geometry_approximation
6.633333333333453,rear_right_wheel,ground_or_obstacle,True,"[-0.14769569039344788, -0.3224324882030487, -1.797378063202182e-05]","[1.3435883572510904e-07, 0.0, 0.999999999999991]",6.87940788269043,0.0,6.879407882690492,1.05,nan,0.10617268644795033,False,False,True,isaaclab.ContactSensor.net_forces_w,wheel_geometry_approximation
6.658333333333454,front_left_wheel,ground_or_obstacle,True,"[0.41251975297927856, 0.08001316338777542, -0.0005502656102180509]","[1.3435884059583764e-07, 0.0, 0.999999999999991]",7.013406276702881,0.0,7.013406276702944,1.05,nan,0.0201628259041208,False,False,True,isaaclab.ContactSensor.net_forces_w,wheel_geometry_approximation
6.658333333333454,front_right_wheel,ground_or_obstacle,True,"[0.41560912132263184, -0.31828051805496216, -1.663267612457553e-05]","[1.3435884126634985e-07, 0.0, 0.999999999999991]",7.430603981018066,0.0,7.430603981018133,1.05,nan,0.04506869684111477,False,False,True,isaaclab.ContactSensor.net_forces_w,wheel_geometry_approximation
6.658333333333454,rear_left_wheel,ground_or_obstacle,True,"[-0.14381439983844757, 0.07388625293970108, -6.213784217862228e-07]","[1.34358848691564e-07, 0.0, 0.999999999999991]",7.716060161590576,0.0,7.7160601615906454,1.05,nan,0.09423000018676918,False,False,True,isaaclab.ContactSensor.net_forces_w,wheel_geometry_approximation
6.658333333333454,rear_right_wheel,ground_or_obstacle,True,"[-0.14691217243671417, -0.3224223256111145, -4.461705684662143e-05]","[1.3435884351022285e-07, 0.0, 0.999999999999991]",6.577288627624512,0.0,6.577288627624571,1.05,nan,0.12373985880853434,False,False,True,isaaclab.ContactSensor.net_forces_w,wheel_geometry_approximation
6.683333333333455,front_left_wheel,ground_or_obstacle,True,"[0.41330114006996155, 0.08002390712499619, -0.0006747797131538419]","[1.3435883894778292e-07, 0.0, 0.999999999999991]",6.7853474617004395,0.0,6.785347461700501,1.05,nan,0.031808239001666745,False,False,True,isaaclab.ContactSensor.net_forces_w,wheel_geometry_approximation
6.683333333333455,front_right_wheel,ground_or_obstacle,True,"[0.41636350750923157, -0.3182697296142578, -3.33517789840726e-05]","[1.3435883578128578e-07, 0.0, 0.999999999999991]",7.698439121246338,0.0,7.698439121246407,1.05,nan,0.05800620529129401,False,False,True,isaaclab.ContactSensor.net_forces_w,wheel_geometry_approximation
6.683333333333455,rear_left_wheel,ground_or_obstacle,True,"[-0.14306752383708954, 0.07389596849679947, -8.970499038724045e-07]","[1.343588439105547e-07, 0.0, 0.999999999999991]",7.951603889465332,0.0,7.951603889465404,1.05,nan,0.09111273444766359,False,False,True,isaaclab.ContactSensor.net_forces_w,wheel_geometry_approximation
6.683333333333455,rear_right_wheel,ground_or_obstacle,True,"[-0.14612238109111786, -0.3224126100540161, -8.368045091629306e-05]","[1.3435883213540898e-07, 0.0, 0.999999999999991]",6.295754432678223,0.0,6.2957544326782795,1.05,nan,0.12235334670298424,False,False,True,isaaclab.ContactSensor.net_forces_w,wheel_geometry_approximation
6.7083333333334565,front_left_wheel,ground_or_obstacle,True,"[0.41405677795410156, 0.08002666383981705, -0.0007378004491329221]","[1.3435884455541412e-07, 0.0, 0.999999999999991]",7.4266438484191895,0.0,7.426643848419256,1.05,nan,0.1327787824303245,False,False,True,isaaclab.ContactSensor.net_forces_w,wheel_geometry_approximation
6.7083333333334565,front_right_wheel,ground_or_obstacle,True,"[0.4171117842197418, -0.31826692819595337, -5.9209018945696745e-05]","[1.3435883558901795e-07, 0.0, 0.999999999999991]",6.875378131866455,0.0,6.875378131866517,1.05,nan,0.20925578676766934,False,False,True,isaaclab.ContactSensor.net_forces_w,wheel_geometry_approximation
6.7083333333334565,rear_left_wheel,ground_or_obstacle,True,"[-0.14232012629508972, 0.07390066981315613, -9.465217590334807e-06]","[1.3435884015987974e-07, 0.0, 0.999999999999991]",6.980578899383545,0.0,6.980578899383608,1.05,nan,0.2228218851976299,False,False,True,isaaclab.ContactSensor.net_forces_w,wheel_geometry_approximation
6.7083333333334565,rear_right_wheel,ground_or_obstacle,True,"[-0.14533492922782898, -0.3224078416824341, -0.00013733208179474155]","[1.3435884068314218e-07, 0.0, 0.999999999999991]",7.496071815490723,0.0,7.49607181549079,1.05,nan,0.22775985323759734,False,False,True,isaaclab.ContactSensor.net_forces_w,wheel_geometry_approximation
6.733333333333458,front_left_wheel,ground_or_obstacle,True,"[0.4147337079048157, 0.08001232147216797, -0.0006301358342170743]","[1.3435884691214105e-07, 0.0, 0.999999999999991]",7.5824432373046875,0.0,7.582443237304756,1.05,nan,0.06609534482782578,False,False,True,isaaclab.ContactSensor.net_forces_w,wheel_geometry_approximation
6.733333333333458,front_right_wheel,ground_or_obstacle,True,"[0.4178454875946045, -0.3182813227176666, -8.818805217743197e-05]","[1.343588438573657e-07, 0.0, 0.9999999999999909]",6.766877174377441,0.0,6.766877174377503,1.05,nan,0.10502630691810914,False,False,True,isaaclab.ContactSensor.net_forces_w,wheel_geometry_approximation
6.733333333333458,rear_left_wheel,ground_or_obstacle,True,"[-0.14159002900123596, 0.07388600707054138, -3.179833292961398e-05]","[1.3435883419373033e-07, 0.0, 0.9999999999999909]",6.844607353210449,0.0,6.844607353210511,1.05,nan,0.162911479646498,False,False,True,isaaclab.ContactSensor.net_forces_w,wheel_geometry_approximation
6.733333333333458,rear_right_wheel,ground_or_obstacle,True,"[-0.14457768201828003, -0.3224222958087921, -0.00019911974668503085]","[1.3435884743248988e-07, 0.0, 0.9999999999999909]",7.5277628898620605,0.0,7.527762889862129,1.05,nan,0.160526545053532,False,False,True,isaaclab.ContactSensor.net_forces_w,wheel_geometry_approximation
6.758333333333459,front_left_wheel,ground_or_obstacle,True,"[0.4154229462146759, 0.07999814301729202, -0.0005287893116474179]","[1.3435883687473585e-07, 0.0, 0.999999999999991]",7.779590129852295,0.0,7.779590129852365,1.05,nan,0.03979488914145973,False,False,True,isaaclab.ContactSensor.net_forces_w,wheel_geometry_approximation
6.758333333333459,front_right_wheel,ground_or_obstacle,True,"[0.4185871183872223, -0.31829553842544556, -0.0001299411058425931]","[1.3435884046219385e-07, 0.0, 0.999999999999991]",6.584606647491455,0.0,6.584606647491515,1.05,nan,0.0763093522735473,False,False,True,isaaclab.ContactSensor.net_forces_w,wheel_geometry_approximation
6.758333333333459,rear_left_wheel,ground_or_obstacle,True,"[-0.14084988832473755, 0.07387282699346542, -6.401464343071261e-05]","[1.3435883281205508e-07, 0.0, 0.9999999999999909]",6.630408763885498,0.0,6.630408763885558,1.05,nan,0.13227611427509423,False,False,True,isaaclab.ContactSensor.net_forces_w,wheel_geometry_approximation
6.758333333333459,rear_right_wheel,ground_or_obstacle,True,"[-0.14381350576877594, -0.3224353492259979, -0.0002732194960117368]","[1.3435884517026258e-07, 0.0, 0.9999999999999909]",7.7428297996521,0.0,7.74282979965217,1.05,nan,0.13178961284481328,False,False,True,isaaclab.ContactSensor.net_forces_w,wheel_geometry_approximation
6.78333333333346,front_left_wheel,ground_or_obstacle,True,"[0.4161068797111511, 0.079990915954113, -0.00043562352657318393]","[1.3435883250595315e-07, 0.0, 0.999999999999991]",8.87116527557373,0.0,8.87116527557381,1.05,nan,0.04775042302458468,False,False,True,isaaclab.ContactSensor.net_forces_w,wheel_geometry_approximation
6.78333333333346,front_right_wheel,ground_or_obstacle,True,"[0.4193144738674164, -0.31830281019210815, -0.0001840323209762601]","[1.343588435502754e-07, 0.0, 0.9999999999999909]",5.381144046783447,0.0,5.381144046783496,1.05,nan,0.05603590849650552,False,False,True,isaaclab.ContactSensor.net_forces_w,wheel_geometry_approximation
6.78333333333346,rear_left_wheel,ground_or_obstacle,True,"[-0.14011237025260925, 0.07387005537748337, -0.00010686665773392001]","[1.3435884174900545e-07, 0.0, 0.999999999999991]",5.819538593292236,0.0,5.819538593292289,1.05,nan,0.1532671802220698,False,False,True,isaaclab.ContactSensor.net_forces_w,wheel_geometry_approximation
6.78333333333346,rear_right_wheel,ground_or_obstacle,True,"[-0.143121600151062, -0.32243818044662476, -0.00021487027406692782]","[1.3435885760499932e-07, 0.0, 0.999999999999991]",8.665292739868164,0.0,8.665292739868242,1.05,nan,0.10017654812796875,False,False,True,isaaclab.ContactSensor.net_forces_w,wheel_geometry_approximation
6.8083333333334615,front_left_wheel,ground_or_obstacle,True,"[0.4168066382408142, 0.07998348772525787, -0.0003493867814540891]","[1.343588567426451e-07, 0.0, 0.9999999999999909]",9.33414363861084,0.0,9.334143638610925,1.05,nan,0.03235941492350435,False,False,True,isaaclab.ContactSensor.net_forces_w,wheel_geometry_approximation
6.8083333333334615,front_right_wheel,ground_or_obstacle,True,"[0.4200516939163208, -0.3183101415634155, -0.00025013759732246676]","[1.3435885824685545e-07, 0.0, 0.9999999999999909]",4.990525245666504,0.0,4.990525245666549,1.05,nan,0.013735819208756989,False,False,True,isaaclab.ContactSensor.net_forces_w,wheel_geometry_approximation
6.8083333333334615,rear_left_wheel,ground_or_obstacle,True,"[-0.13935643434524536, 0.07386576384305954, -0.00016172900795936862]","[1.3435884947242156e-07, 0.0, 0.999999999999991]",5.362880229949951,0.0,5.362880229949999,1.05,nan,0.14631233517432538,False,False,True,isaaclab.ContactSensor.net_forces_w,wheel_geometry_approximation
6.8083333333334615,rear_right_wheel,ground_or_obstacle,True,"[-0.14242026209831238, -0.32244253158569336, -0.00015316456556320468]","[1.3435885428687242e-07, 0.0, 0.999999999999991]",9.08629322052002,0.0,9.086293220520101,1.05,nan,0.0805058342032995,False,False,True,isaaclab.ContactSensor.net_forces_w,wheel_geometry_approximation
6.833333333333463,front_left_wheel,ground_or_obstacle,True,"[0.41751301288604736, 0.07997570931911469, -0.00027040690183639804]","[1.3435883847787464e-07, 0.0, 0.9999999999999911]",9.778912544250488,0.0,9.778912544250575,1.05,nan,0.03396017266320249,False,False,True,isaaclab.ContactSensor.net_forces_w,wheel_geometry_approximation
6.833333333333463,front_right_wheel,ground_or_obstacle,True,"[0.4207848012447357, -0.31831786036491394, -0.0003281377255916623]","[1.3435884186703581e-07, 0.0, 0.999999999999991]",4.559993743896484,0.0,4.559993743896525,1.05,nan,0.03076373000667554,False,False,True,isaaclab.ContactSensor.net_forces_w,wheel_geometry_approximation
6.833333333333463,rear_left_wheel,ground_or_obstacle,True,"[-0.13859890401363373, 0.0738619714975357, -0.00022777095437050143]","[1.3435884993614616e-07, 0.0, 0.9999999999999909]",4.983455181121826,0.0,4.9834551811218715,1.05,nan,0.14238709100020902,False,False,True,isaaclab.ContactSensor.net_forces_w,wheel_geometry_approximation
6.833333333333463,rear_right_wheel,ground_or_obstacle,True,"[-0.1417170763015747, -0.3224465250968933, -0.00010117813944816867]","[1.343588363235499e-07, 0.0, 0.999999999999991]",9.468903541564941,0.0,9.468903541565027,1.05,nan,0.07336915103590293,False,False,True,isaaclab.ContactSensor.net_forces_w,wheel_geometry_approximation
6.858333333333464,front_left_wheel,ground_or_obstacle,True,"[0.41823139786720276, 0.07996764034032822, -0.00020045712590217868]","[1.3435884534563347e-07, 0.0, 0.9999999999999909]",10.340852737426758,0.0,10.340852737426852,1.05,nan,0.054569134653072,False,False,True,isaaclab.ContactSensor.net_forces_w,wheel_geometry_approximation
6.858333333333464,front_right_wheel,ground_or_obstacle,True,"[0.4215242266654968, -0.31832587718963623, -0.0004180699586868314]","[1.3435884895189496e-07, 0.0, 0.9999999999999909]",3.9738476276397705,0.0,3.9738476276398065,1.05,nan,0.03242470330054027,False,False,True,isaaclab.ContactSensor.net_forces_w,wheel_geometry_approximation
6.858333333333464,rear_left_wheel,ground_or_obstacle,True,"[-0.1378336250782013, 0.07385890930891037, -0.0003087624907493619]","[1.3435882678742882e-07, 0.0, 0.999999999999991]",4.355412006378174,0.0,4.355412006378213,1.05,nan,0.1501723788802,False,False,True,isaaclab.ContactSensor.net_forces_w,wheel_geometry_approximation
6.858333333333464,rear_right_wheel,ground_or_obstacle,True,"[-0.14101658761501312, -0.32244977355003357, -5.88811933994321e-05]","[1.3435884548982365e-07, 0.0, 0.999999999999991]",10.051989555358887,0.0,10.051989555358977,1.05,nan,0.06841805385665065,False,False,True,isaaclab.ContactSensor.net_forces_w,wheel_geometry_approximation
6.883333333333465,front_left_wheel,ground_or_obstacle,True,"[0.4189559519290924, 0.07995998859405518, -0.0001415416598320035]","[1.3435884685239082e-07, 0.0, 0.9999999999999909]",10.762030601501465,0.0,10.762030601501563,1.05,nan,0.03652864889187254,False,False,True,isaaclab.ContactSensor.net_forces_w,wheel_geometry_approximation
6.883333333333465,front_right_wheel,ground_or_obstacle,True,"[0.422262966632843, -0.3183334469795227, -0.0005178146064281491]","[1.3435884571274348e-07, 0.0, 0.999999999999991]",3.527655839920044,0.0,3.5276558399200755,1.05,nan,0.11424204362445634,False,False,True,isaaclab.ContactSensor.net_forces_w,wheel_geometry_approximation
6.883333333333465,rear_left_wheel,ground_or_obstacle,True,"[-0.13706201314926147, 0.0738595724105835, -0.0003976963460445432]","[1.343588380138426e-07, 0.0, 0.999999999999991]",4.068151473999023,0.0,4.06815147399906,1.05,nan,0.07380578366797061,False,False,True,isaaclab.ContactSensor.net_forces_w,wheel_geometry_approximation
6.883333333333465,rear_right_wheel,ground_or_obstacle,True,"[-0.14033347368240356, -0.3224494159221649, -2.2757053375246916e-05]","[1.3435884928594678e-07, 0.0, 0.999999999999991]",10.728056907653809,0.0,10.728056907653905,1.05,nan,0.09519302719882793,False,False,True,isaaclab.ContactSensor.net_forces_w,wheel_geometry_approximation
6.908333333333466,front_left_wheel,ground_or_obstacle,True,"[0.4196900427341461, 0.07995285093784332, -9.094476699829379e-05]","[1.3435883672811162e-07, 0.0, 0.9999999999999911]",11.53049373626709,0.0,11.530493736267193,1.05,nan,0.08621433037603655,False,False,True,isaaclab.ContactSensor.net_forces_w,wheel_geometry_approximation
6.908333333333466,front_right_wheel,ground_or_obstacle,True,"[0.42300453782081604, -0.31834039092063904, -0.0006311006844043759]","[1.3435883804378738e-07, 0.0, 0.999999999999991]",2.8175289630889893,0.0,2.8175289630890146,1.05,nan,0.021572613223793183,False,False,True,isaaclab.ContactSensor.net_forces_w,wheel_geometry_approximation
6.908333333333466,rear_left_wheel,ground_or_obstacle,True,"[-0.13628409802913666, 0.07385949790477753, -0.0005032189190387754]","[1.3435883705748165e-07, 0.0, 0.999999999999991]",3.3263041973114014,0.0,3.326304197311431,1.05,nan,0.31175398005621713,False,False,True,isaaclab.ContactSensor.net_forces_w,wheel_geometry_approximation
6.908333333333466,rear_right_wheel,ground_or_obstacle,True,"[-0.13958483934402466, -0.3224496841430664, -6.432831287386809e-06]","[1.3435884320501565e-07, 0.0, 0.999999999999991]",10.808072090148926,0.0,10.808072090149023,1.05,nan,0.0723947339350302,False,False,True,isaaclab.ContactSensor.net_forces_w,wheel_geometry_approximation
6.933333333333468,front_left_wheel,ground_or_obstacle,True,"[0.42044347524642944, 0.07994616776704788, -4.9124658107760344e-05]","[1.3435883501314807e-07, 0.0, 0.999999999999991]",12.119125366210938,0.0,12.119125366211046,1.05,nan,0.061215387036845766,False,False,True,isaaclab.ContactSensor.net_forces_w,wheel_geometry_approximation
6.933333333333468,front_right_wheel,ground_or_obstacle,True,"[0.42373692989349365, -0.3183470368385315, -0.0007560208439826993]","[1.343588416203453e-07, 0.0, 0.9999999999999911]",2.1427769660949707,0.0,2.14277696609499,1.05,nan,0.137494016339823,False,False,True,isaaclab.ContactSensor.net_forces_w,wheel_geometry_approximation
6.933333333333468,rear_left_wheel,ground_or_obstacle,True,"[-0.13548891246318817, 0.07386867702007294, -0.0006192095577716855]","[1.3435884013198464e-07, 0.0, 0.999999999999991]",2.7007784843444824,0.0,2.700778484344507,1.05,nan,0.1375552418476482,False,False,True,isaaclab.ContactSensor.net_forces_w,wheel_geometry_approximation
6.933333333333468,rear_right_wheel,ground_or_obstacle,True,"[-0.13889193534851074, -0.32244083285331726, 3.6627054214449783e-06]","[1.3435884158334224e-07, 0.0, 0.9999999999999911]",11.52820873260498,0.0,11.528208732605083,1.05,nan,0.03735673229663387,False,False,True,isaaclab.ContactSensor.net_forces_w,wheel_geometry_approximation
6.958333333333469,front_left_wheel,ground_or_obstacle,True,"[0.4211774170398712, 0.07996150851249695, -2.342760562897006e-05]","[1.3435885047535847e-07, 0.0, 0.999999999999991]",10.879725456237793,0.0,10.87972545623789,1.05,nan,0.14272172488230486,False,False,True,isaaclab.ContactSensor.net_forces_w,wheel_geometry_approximation
6.958333333333469,front_right_wheel,ground_or_obstacle,True,"[0.42442622780799866, -0.31833189725875854, -0.0006572484970092801]","[1.343588515138655e-07, 0.0, 0.999999999999991]",3.4419310092926025,0.0,3.4419310092926336,1.05,nan,0.13751867720485098,False,False,True,isaaclab.ContactSensor.net_forces_w,wheel_geometry_approximation
6.958333333333469,rear_left_wheel,ground_or_obstacle,True,"[-0.13473618030548096, 0.07388166338205338, -0.0007464058697223691]","[1.3435885052939128e-07, 0.0, 0.999999999999991]",4.028071403503418,0.0,4.028071403503454,1.05,nan,0.19549341346541824,False,False,True,isaaclab.ContactSensor.net_forces_w,wheel_geometry_approximation
6.958333333333469,rear_right_wheel,ground_or_obstacle,True,"[-0.13819502294063568, -0.3224278390407562, -1.7806887626925505e-07]","[1.343588459573485e-07, 0.0, 0.9999999999999909]",10.375897407531738,0.0,10.375897407531832,1.05,nan,0.12885213014980368,False,False,True,isaaclab.ContactSensor.net_forces_w,wheel_geometry_approximation
6.98333333333347,front_left_wheel,ground_or_obstacle,True,"[0.42192456126213074, 0.07997813075780869, -6.5334141254452804e-06]","[1.3435884518381892e-07, 0.0, 0.9999999999999909]",11.107027053833008,0.0,11.107027053833109,1.05,nan,0.14190991583866389,False,False,True,isaaclab.ContactSensor.net_forces_w,wheel_geometry_approximation
6.98333333333347,front_right_wheel,ground_or_obstacle,True,"[0.4251227080821991, -0.3183155953884125, -0.0005523182451725034]","[1.343588318242877e-07, 0.0, 0.999999999999991]",3.299154758453369,0.0,3.299154758453399,1.05,nan,0.13182753881149809,False,False,True,isaaclab.ContactSensor.net_forces_w,wheel_geometry_approximation
6.98333333333347,rear_left_wheel,ground_or_obstacle,True,"[-0.13397981226444244, 0.07390162348747253, -0.0008848637342453031]","[1.343588456391351e-07, 0.0, 0.9999999999999909]",3.8676888942718506,0.0,3.8676888942718857,1.05,nan,0.185600567471867,False,False,True,isaaclab.ContactSensor.net_forces_w,wheel_geometry_approximation
6.98333333333347,rear_right_wheel,ground_or_obstacle,True,"[-0.1374792754650116, -0.32240766286849976, -1.8789619207384978e-05]","[1.3435884536400596e-07, 0.0, 0.999999999999991]",10.47752857208252,0.0,10.477528572082614,1.05,nan,0.13939497463935546,False,False,True,isaaclab.ContactSensor.net_forces_w,wheel_geometry_approximation
7.008333333333471,front_left_wheel,ground_or_obstacle,True,"[0.42267754673957825, 0.07999347895383835, -6.288290023831467e-07]","[1.3435884727376207e-07, 0.0, 0.999999999999991]",11.020545959472656,0.0,11.020545959472756,1.05,nan,0.11950205337551022,False,False,True,isaaclab.ContactSensor.net_forces_w,wheel_geometry_approximation
7.008333333333471,front_right_wheel,ground_or_obstacle,True,"[0.42582425475120544, -0.3183005750179291, -0.00045560598373413363]","[1.3435883654817278e-07, 0.0, 0.999999999999991]",3.3649439811706543,0.0,3.3649439811706845,1.05,nan,0.10607679717905864,False,False,True,isaaclab.ContactSensor.net_forces_w,wheel_geometry_approximation
7.008333333333471,rear_left_wheel,ground_or_obstacle,True,"[-0.13321824371814728, 0.07391918450593948, -0.0010346986353397397]","[1.343588563148475e-07, 0.0, 0.999999999999991]",3.7867016792297363,0.0,3.7867016792297705,1.05,nan,0.17329030738311674,False,False,True,isaaclab.ContactSensor.net_forces_w,wheel_geometry_approximation
7.008333333333471,rear_right_wheel,ground_or_obstacle,True,"[-0.1367582231760025, -0.32238999009132385, -4.752650856972018e-05]","[1.3435883507021154e-07, 0.0, 0.9999999999999909]",10.382988929748535,0.0,10.38298892974863,1.05,nan,0.4529654185411801,False,False,True,isaaclab.ContactSensor.net_forces_w,wheel_geometry_approximation
7.033333333333473,front_left_wheel,ground_or_obstacle,True,"[0.42342475056648254, 0.08000236749649048, -4.7080218791989425e-06]","[1.3435884710221612e-07, 0.0, 0.999999999999991]",9.626622200012207,0.0,9.626622200012294,1.05,nan,0.0725120163601568,False,False,True,isaaclab.ContactSensor.net_forces_w,wheel_geometry_approximation
7.033333333333473,front_right_wheel,ground_or_obstacle,True,"[0.4265221059322357, -0.3182918131351471, -0.000367927551269534]","[1.343588425957489e-07, 0.0, 0.999999999999991]",4.653549671173096,0.0,4.6535496711731374,1.05,nan,0.08884920135650272,False,False,True,isaaclab.ContactSensor.net_forces_w,wheel_geometry_approximation
7.033333333333473,rear_left_wheel,ground_or_obstacle,True,"[-0.13252033293247223, 0.07392895221710205, -0.0009904943406581906]","[1.3435884000636786e-07, 0.0, 0.999999999999991]",5.135180473327637,0.0,5.135180473327683,1.05,nan,0.1996648487532539,False,False,True,isaaclab.ContactSensor.net_forces_w,wheel_geometry_approximation
7.033333333333473,rear_right_wheel,ground_or_obstacle,True,"[-0.13602901995182037, -0.322380006313324, -8.11919569969205e-05]","[1.3435883943528924e-07, 0.0, 0.9999999999999909]",9.33467960357666,0.0,9.334679603576745,1.05,nan,0.11674898089513315,False,False,True,isaaclab.ContactSensor.net_forces_w,wheel_geometry_approximation
7.058333333333474,front_left_wheel,ground_or_obstacle,True,"[0.42416539788246155, 0.08000575006008148, -2.0264834165575896e-05]","[1.343588511056215e-07, 0.0, 0.999999999999991]",9.141159057617188,0.0,9.14115905761727,1.05,nan,0.07390944110775079,False,False,True,isaaclab.ContactSensor.net_forces_w,wheel_geometry_approximation
7.058333333333474,front_right_wheel,ground_or_obstacle,True,"[0.42722055315971375, -0.31828856468200684, -0.00028723776340484897]","[1.3435885110633128e-07, 0.0, 0.999999999999991]",5.146793365478516,0.0,5.146793365478562,1.05,nan,0.07009255952294915,False,False,True,isaaclab.ContactSensor.net_forces_w,wheel_geometry_approximation
7.058333333333474,rear_left_wheel,ground_or_obstacle,True,"[-0.13184837996959686, 0.07393181324005127, -0.0008584029972553281]","[1.3435884565952768e-07, 0.0, 0.9999999999999909]",5.465713024139404,0.0,5.465713024139454,1.05,nan,0.1690855621830251,False,False,True,isaaclab.ContactSensor.net_forces_w,wheel_geometry_approximation
7.058333333333474,rear_right_wheel,ground_or_obstacle,True,"[-0.1352948248386383, -0.3223770260810852, -0.0001272328197956113]","[1.343588524545887e-07, 0.0, 0.9999999999999909]",8.995912551879883,0.0,8.995912551879965,1.05,nan,0.11386435178556992,False,False,True,isaaclab.ContactSensor.net_forces_w,wheel_geometry_approximation
7.083333333333475,front_left_wheel,ground_or_obstacle,True,"[0.4248897433280945, 0.08000275492668152, -1.019164919853488e-05]","[1.3435884473391647e-07, 0.0, 0.999999999999991]",8.733536720275879,0.0,8.733536720275957,1.05,nan,0.04727085442800264,False,False,True,isaaclab.ContactSensor.net_forces_w,wheel_geometry_approximation
7.083333333333475,front_right_wheel,ground_or_obstacle,True,"[0.4279232919216156, -0.3182915449142456, -0.00021401718258858005]","[1.3435884584304875e-07, 0.0, 0.999999999999991]",5.545374870300293,0.0,5.545374870300343,1.05,nan,0.08310062018049753,False,False,True,isaaclab.ContactSensor.net_forces_w,wheel_geometry_approximation
7.083333333333475,rear_left_wheel,ground_or_obstacle,True,"[-0.13117171823978424, 0.07393050193786621, -0.0007364071905612973]","[1.3435883018150067e-07, 0.0, 0.9999999999999909]",5.670995235443115,0.0,5.670995235443167,1.05,nan,0.17349811505693588,False,False,True,isaaclab.ContactSensor.net_forces_w,wheel_geometry_approximation
7.083333333333475,rear_right_wheel,ground_or_obstacle,True,"[-0.13455456495285034, -0.32237815856933594, -0.0001833282411098508]","[1.3435885026002628e-07, 0.0, 0.9999999999999909]",8.80044937133789,0.0,8.80044937133797,1.05,nan,0.11896312176466467,False,False,True,isaaclab.ContactSensor.net_forces_w,wheel_geometry_approximation
7.108333333333476,front_left_wheel,ground_or_obstacle,True,"[0.4256179630756378, 0.08000066876411438, -1.828372478487883e-06]","[1.343588400036977e-07, 0.0, 0.9999999999999909]",8.373610496520996,0.0,8.373610496521072,1.05,nan,0.04234806480521008,False,False,True,isaaclab.ContactSensor.net_forces_w,wheel_geometry_approximation
7.108333333333476,front_right_wheel,ground_or_obstacle,True,"[0.42863181233406067, -0.3182936906814575, -0.00015070214867592135]","[1.343588485690798e-07, 0.0, 0.999999999999991]",5.9109721183776855,0.0,5.910972118377739,1.05,nan,0.0828765488672714,False,False,True,isaaclab.ContactSensor.net_forces_w,wheel_geometry_approximation
7.108333333333476,rear_left_wheel,ground_or_obstacle,True,"[-0.1304965764284134, 0.07392755150794983, -0.0006248980760574369]","[1.343588406401432e-07, 0.0, 0.999999999999991]",5.996149063110352,0.0,5.996149063110406,1.05,nan,0.15488214324734437,False,False,True,isaaclab.ContactSensor.net_forces_w,wheel_geometry_approximation
7.108333333333476,rear_right_wheel,ground_or_obstacle,True,"[-0.13380609452724457, -0.32238101959228516, -0.00025162398815155307]","[1.343588314257521e-07, 0.0, 0.9999999999999909]",8.418183326721191,0.0,8.418183326721268,1.05,nan,0.12812901372751523,False,False,True,isaaclab.ContactSensor.net_forces_w,wheel_geometry_approximation
7.133333333333478,front_left_wheel,ground_or_obstacle,True,"[0.4263523519039154, 0.07999972999095917, -3.851205110552702e-06]","[1.3435884790789128e-07, 0.0, 0.9999999999999909]",7.852015972137451,0.0,7.852015972137522,1.05,nan,0.001203953056306195,False,False,True,isaaclab.ContactSensor.net_forces_w,wheel_geometry_approximation
7.133333333333478,front_right_wheel,ground_or_obstacle,True,"[0.4293471872806549, -0.3182946741580963, -9.797811508178988e-05]","[1.3435883976208128e-07, 0.0, 0.9999999999999909]",6.4670257568359375,0.0,6.467025756835996,1.05,nan,0.07909466641947693,False,False,True,isaaclab.ContactSensor.net_forces_w,wheel_geometry_approximation
7.133333333333478,rear_left_wheel,ground_or_obstacle,True,"[-0.12981745600700378, 0.07392546534538269, -0.0005209736526012448]","[1.343588353125595e-07, 0.0, 0.999999999999991]",6.392678737640381,0.0,6.392678737640439,1.05,nan,0.2523365595419768,False,False,True,isaaclab.ContactSensor.net_forces_w,wheel_geometry_approximation
7.133333333333478,rear_right_wheel,ground_or_obstacle,True,"[-0.13304662704467773, -0.32238295674324036, -0.00033288002014160434]","[1.343588497266736e-07, 0.0, 0.9999999999999909]",8.037232398986816,0.0,8.03723239898689,1.05,nan,0.11527675183574557,False,False,True,isaaclab.ContactSensor.net_forces_w,wheel_geometry_approximation
7.158333333333479,front_left_wheel,ground_or_obstacle,True,"[0.42709288001060486, 0.07999906688928604, -1.6818940639498625e-05]","[1.3435884605010572e-07, 0.0, 0.999999999999991]",7.563532829284668,0.0,7.563532829284736,1.05,nan,0.028869431035604146,False,False,True,isaaclab.ContactSensor.net_forces_w,wheel_geometry_approximation
7.158333333333479,front_right_wheel,ground_or_obstacle,True,"[0.43007057905197144, -0.31829535961151123, -5.5859982967379485e-05]","[1.3435883885002683e-07, 0.0, 0.9999999999999909]",6.763952732086182,0.0,6.763952732086243,1.05,nan,0.08243019720452906,False,False,True,isaaclab.ContactSensor.net_forces_w,wheel_geometry_approximation
7.158333333333479,rear_left_wheel,ground_or_obstacle,True,"[-0.1291314661502838, 0.07392491400241852, -0.00042517408728599826]","[1.3435884163014248e-07, 0.0, 0.9999999999999909]",6.835906505584717,0.0,6.835906505584779,1.05,nan,0.13265491835116933,False,False,True,isaaclab.ContactSensor.net_forces_w,wheel_geometry_approximation
7.158333333333479,rear_right_wheel,ground_or_obstacle,True,"[-0.13227809965610504, -0.3223832845687866, -0.00042708143591881076]","[1.3435883927139252e-07, 0.0, 0.999999999999991]",7.579873085021973,0.0,7.579873085022041,1.05,nan,0.12948943613663313,False,False,True,isaaclab.ContactSensor.net_forces_w,wheel_geometry_approximation
7.18333333333348,front_left_wheel,ground_or_obstacle,True,"[0.4278356432914734, 0.07999797910451889, -4.045963287353793e-05]","[1.343588223433704e-07, 0.0, 0.999999999999991]",7.188516616821289,0.0,7.188516616821354,1.05,nan,0.019551659959167942,False,False,True,isaaclab.ContactSensor.net_forces_w,wheel_geometry_approximation
7.18333333333348,front_right_wheel,ground_or_obstacle,True,"[0.4308089017868042, -0.31829649209976196, -2.439990639686862e-05]","[1.34358850393624e-07, 0.0, 0.9999999999999909]",7.153979778289795,0.0,7.15397977828986,1.05,nan,0.09047969263339356,False,False,True,isaaclab.ContactSensor.net_forces_w,wheel_geometry_approximation
7.18333333333348,rear_left_wheel,ground_or_obstacle,True,"[-0.12844765186309814, 0.07392200082540512, -0.000340006500482562]","[1.343588403702812e-07, 0.0, 0.999999999999991]",7.197291851043701,0.0,7.197291851043766,1.05,nan,0.1175211655358261,False,False,True,isaaclab.ContactSensor.net_forces_w,wheel_geometry_approximation
7.18333333333348,rear_right_wheel,ground_or_obstacle,True,"[-0.13150367140769958, -0.3223860263824463, -0.0005348317325115232]","[1.3435883465322715e-07, 0.0, 0.999999999999991]",7.180064678192139,0.0,7.1800646781922035,1.05,nan,0.13674634114350714,False,False,True,isaaclab.ContactSensor.net_forces_w,wheel_geometry_approximation
7.208333333333481,front_left_wheel,ground_or_obstacle,True,"[0.4285808503627777, 0.0799974724650383, -7.579773664474765e-05]","[1.3435883878789098e-07, 0.0, 0.999999999999991]",6.795936107635498,0.0,6.795936107635559,1.05,nan,0.013746687031733146,False,False,True,isaaclab.ContactSensor.net_forces_w,wheel_geometry_approximation
7.208333333333481,front_right_wheel,ground_or_obstacle,True,"[0.4315541386604309, -0.31829699873924255, -3.873556852343474e-06]","[1.343588349642134e-07, 0.0, 0.999999999999991]",7.574941158294678,0.0,7.574941158294746,1.05,nan,0.09128047172578566,False,False,True,isaaclab.ContactSensor.net_forces_w,wheel_geometry_approximation
7.208333333333481,rear_left_wheel,ground_or_obstacle,True,"[-0.12776128947734833, 0.07392024993896484, -0.00026514306664467135]","[1.34358849117439e-07, 0.0, 0.999999999999991]",7.589698791503906,0.0,7.589698791503975,1.05,nan,0.1259530223564459,False,False,True,isaaclab.ContactSensor.net_forces_w,wheel_geometry_approximation
7.208333333333481,rear_right_wheel,ground_or_obstacle,True,"[-0.13072411715984344, -0.3223874270915985, -0.0006558664143085507]","[1.3435883413263016e-07, 0.0, 0.9999999999999909]",6.765654563903809,0.0,6.76565456390387,1.05,nan,0.13879158691163962,False,False,True,isaaclab.ContactSensor.net_forces_w,wheel_geometry_approximation
7.233333333333483,front_left_wheel,ground_or_obstacle,True,"[0.4293273985385895, 0.07999805361032486, -0.00012255012989044467]","[1.3435883352099728e-07, 0.0, 0.999999999999991]",6.911050796508789,0.0,6.911050796508851,1.05,nan,0.11300551514868495,False,False,True,isaaclab.ContactSensor.net_forces_w,wheel_geometry_approximation
7.233333333333483,front_right_wheel,ground_or_obstacle,True,"[0.43230465054512024, -0.3182963728904724, 5.003809928891267e-06]","[1.3435883765499113e-07, 0.0, 0.999999999999991]",7.664511203765869,0.0,7.664511203765938,1.05,nan,0.22530938376293103,False,False,True,isaaclab.ContactSensor.net_forces_w,wheel_geometry_approximation
7.233333333333483,rear_left_wheel,ground_or_obstacle,True,"[-0.12707363069057465, 0.0739203691482544, -0.00019776001572609225]","[1.343588546174444e-07, 0.0, 0.9999999999999909]",7.551544189453125,0.0,7.551544189453193,1.05,nan,0.23168652966741388,False,False,True,isaaclab.ContactSensor.net_forces_w,wheel_geometry_approximation
7.233333333333483,rear_right_wheel,ground_or_obstacle,True,"[-0.1299515813589096, -0.32238709926605225, -0.000762648135423663]","[1.3435884524543691e-07, 0.0, 0.9999999999999909]",7.151153087615967,0.0,7.151153087616032,1.05,nan,0.46959460078991305,False,False,True,isaaclab.ContactSensor.net_forces_w,wheel_geometry_approximation
7.258333333333484,front_left_wheel,ground_or_obstacle,True,"[0.4300684928894043, 0.08000526577234268, -0.0001768238842487363]","[1.3435884400977985e-07, 0.0, 0.999999999999991]",7.199646472930908,0.0,7.199646472930973,1.05,nan,0.03216994446365028,False,False,True,isaaclab.ContactSensor.net_forces_w,wheel_geometry_approximation
7.258333333333484,front_right_wheel,ground_or_obstacle,True,"[0.4330534040927887, -0.3182891309261322, 1.7583370208462679e-07]","[1.343588351377157e-07, 0.0, 0.9999999999999909]",7.029265403747559,0.0,7.0292654037476225,1.05,nan,0.02752834940003335,False,False,True,isaaclab.ContactSensor.net_forces_w,wheel_geometry_approximation
7.258333333333484,rear_left_wheel,ground_or_obstacle,True,"[-0.1263871192932129, 0.07392644137144089, -0.00013595372438431064]","[1.343588263828275e-07, 0.0, 0.999999999999991]",7.177156925201416,0.0,7.177156925201481,1.05,nan,0.0771908701441356,False,False,True,isaaclab.ContactSensor.net_forces_w,wheel_geometry_approximation
7.258333333333484,rear_right_wheel,ground_or_obstacle,True,"[-0.12926626205444336, -0.3223811089992523, -0.0006476968526840238]","[1.343588520490997e-07, 0.0, 0.999999999999991]",7.326904296875,0.0,7.326904296875066,1.05,nan,0.07729616473752988,False,False,True,isaaclab.ContactSensor.net_forces_w,wheel_geometry_approximation
7.283333333333485,front_left_wheel,ground_or_obstacle,True,"[0.4308274984359741, 0.08001289516687393, -0.00024454593658447543]","[1.3435884574881806e-07, 0.0, 0.9999999999999909]",7.259181022644043,0.0,7.259181022644109,1.05,nan,0.04156373595703391,False,False,True,isaaclab.ContactSensor.net_forces_w,wheel_geometry_approximation
7.283333333333485,front_right_wheel,ground_or_obstacle,True,"[0.43381333351135254, -0.3182814121246338, -1.6483664512637053e-05]","[1.3435884006020842e-07, 0.0, 0.999999999999991]",7.012506008148193,0.0,7.012506008148256,1.05,nan,0.01388105282120005,False,False,True,isaaclab.ContactSensor.net_forces_w,wheel_geometry_approximation
7.283333333333485,rear_left_wheel,ground_or_obstacle,True,"[-0.1256795972585678, 0.07393310219049454, -8.530095219612399e-05]","[1.3435882229333781e-07, 0.0, 0.999999999999991]",7.119687080383301,0.0,7.119687080383365,1.05,nan,0.07555387411467081,False,False,True,isaaclab.ContactSensor.net_forces_w,wheel_geometry_approximation
7.283333333333485,rear_right_wheel,ground_or_obstacle,True,"[-0.1285594254732132, -0.32237446308135986, -0.0005393728613853482]","[1.3435884460686505e-07, 0.0, 0.9999999999999909]",7.339710235595703,0.0,7.33971023559577,1.05,nan,0.07202800415507118,False,False,True,isaaclab.ContactSensor.net_forces_w,wheel_geometry_approximation
7.308333333333486,front_left_wheel,ground_or_obstacle,True,"[0.43158769607543945, 0.08002032339572906, -0.0003250196576118497]","[1.3435884207098356e-07, 0.0, 0.999999999999991]",7.196184158325195,0.0,7.19618415832526,1.05,nan,0.055281376986904406,False,False,True,isaaclab.ContactSensor.net_forces_w,wheel_geometry_approximation
7.308333333333486,front_right_wheel,ground_or_obstacle,True,"[0.43457967042922974, -0.31827405095100403, -4.4941157102587614e-05]","[1.3435883663648502e-07, 0.0, 0.999999999999991]",7.1292595863342285,0.0,7.1292595863342925,1.05,nan,0.0008251238482507597,False,False,True,isaaclab.ContactSensor.net_forces_w,wheel_geometry_approximation
7.308333333333486,rear_left_wheel,ground_or_obstacle,True,"[-0.12493947893381119, 0.07394333928823471, -4.496723413467685e-05]","[1.3435884086260543e-07, 0.0, 0.999999999999991]",7.191213130950928,0.0,7.191213130950993,1.05,nan,0.06833013971894861,False,False,True,isaaclab.ContactSensor.net_forces_w,wheel_geometry_approximation
7.308333333333486,rear_right_wheel,ground_or_obstacle,True,"[-0.1278437077999115, -0.32236430048942566, -0.00043943822383880893]","[1.343588473376691e-07, 0.0, 0.9999999999999909]",7.225752353668213,0.0,7.225752353668279,1.05,nan,0.066916069713049,False,False,True,isaaclab.ContactSensor.net_forces_w,wheel_geometry_approximation
7.333333333333488,front_left_wheel,ground_or_obstacle,True,"[0.43234583735466003, 0.08002816885709763, -0.0004186287522316007]","[1.3435884745434627e-07, 0.0, 0.999999999999991]",7.365313529968262,0.0,7.365313529968328,1.05,nan,0.0538150423455687,False,False,True,isaaclab.ContactSensor.net_forces_w,wheel_geometry_approximation
7.333333333333488,front_right_wheel,ground_or_obstacle,True,"[0.43535372614860535, -0.3182661235332489, -8.576661348343173e-05]","[1.3435883812547598e-07, 0.0, 0.999999999999991]",6.997370719909668,0.0,6.997370719909731,1.05,nan,0.00920982235715727,False,False,True,isaaclab.ContactSensor.net_forces_w,wheel_geometry_approximation
7.333333333333488,rear_left_wheel,ground_or_obstacle,True,"[-0.12422049790620804, 0.07395002990961075, -1.608878374100009e-05]","[1.34358842624618e-07, 0.0, 0.999999999999991]",7.022016525268555,0.0,7.022016525268618,1.05,nan,0.08069379237543438,False,False,True,isaaclab.ContactSensor.net_forces_w,wheel_geometry_approximation
7.333333333333488,rear_right_wheel,ground_or_obstacle,True,"[-0.12711817026138306, -0.3223576843738556, -0.0003496773540973691]","[1.3435884098800776e-07, 0.0, 0.9999999999999909]",7.350086688995361,0.0,7.350086688995428,1.05,nan,0.07572263608727695,False,False,True,isaaclab.ContactSensor.net_forces_w,wheel_geometry_approximation
7.358333333333489,front_left_wheel,ground_or_obstacle,True,"[0.4331122040748596, 0.08003561198711395, -0.0005254663527011899]","[1.3435883502624087e-07, 0.0, 0.9999999999999909]",7.226482391357422,0.0,7.226482391357488,1.05,nan,0.06713772691538572,False,False,True,isaaclab.ContactSensor.net_forces_w,wheel_geometry_approximation
7.358333333333489,front_right_wheel,ground_or_obstacle,True,"[0.43613263964653015, -0.3182586431503296, -0.0001390866935253171]","[1.343588490951915e-07, 0.0, 0.999999999999991]",7.204390525817871,0.0,7.204390525817936,1.05,nan,0.00569221883872849,False,False,True,isaaclab.ContactSensor.net_forces_w,wheel_geometry_approximation
7.358333333333489,rear_left_wheel,ground_or_obstacle,True,"[-0.12347747385501862, 0.07396244257688522, 3.3199787139864823e-06]","[1.343588496278405e-07, 0.0, 0.9999999999999909]",7.152085304260254,0.0,7.152085304260319,1.05,nan,0.06240081783096169,False,False,True,isaaclab.ContactSensor.net_forces_w,wheel_geometry_approximation
7.358333333333489,rear_right_wheel,ground_or_obstacle,True,"[-0.1263877898454666, -0.3223452568054199, -0.00026922225952148715]","[1.3435885401813372e-07, 0.0, 0.9999999999999909]",7.14237642288208,0.0,7.142376422882145,1.05,nan,0.060577956447382154,False,False,True,isaaclab.ContactSensor.net_forces_w,wheel_geometry_approximation
7.38333333333349,front_left_wheel,ground_or_obstacle,True,"[0.4338870346546173, 0.08004338294267654, -0.0006459608674049405]","[1.3435883351880423e-07, 0.0, 0.999999999999991]",7.328766822814941,0.0,7.328766822815007,1.05,nan,0.050336728604260625,False,False,True,isaaclab.ContactSensor.net_forces_w,wheel_geometry_approximation
7.38333333333349,front_right_wheel,ground_or_obstacle,True,"[0.43692001700401306, -0.31825074553489685, -0.00020518079400062839]","[1.343588375760446e-07, 0.0, 0.9999999999999909]",7.116903305053711,0.0,7.116903305053776,1.05,nan,0.00782369606724111,False,False,True,isaaclab.ContactSensor.net_forces_w,wheel_geometry_approximation
7.38333333333349,rear_left_wheel,ground_or_obstacle,True,"[-0.12274713814258575, 0.07396839559078217, 9.366124868390169e-06]","[1.3435883180331915e-07, 0.0, 0.999999999999991]",7.0706682205200195,0.0,7.0706682205200835,1.05,nan,0.07544064320300833,False,False,True,isaaclab.ContactSensor.net_forces_w,wheel_geometry_approximation
7.38333333333349,rear_right_wheel,ground_or_obstacle,True,"[-0.12564635276794434, -0.32233935594558716, -0.0001992613077163724]","[1.3435883467704654e-07, 0.0, 0.999999999999991]",7.239022254943848,0.0,7.2390222549439125,1.05,nan,0.08199624165601276,False,False,True,isaaclab.ContactSensor.net_forces_w,wheel_geometry_approximation
7.408333333333491,front_left_wheel,ground_or_obstacle,True,"[0.4346703588962555, 0.0800534263253212, -0.0007794827222824124]","[1.3435884423181914e-07, 0.0, 0.999999999999991]",7.11983060836792,0.0,7.119830608367984,1.05,nan,0.048777324971425326,False,False,True,isaaclab.ContactSensor.net_forces_w,wheel_geometry_approximation
7.408333333333491,front_right_wheel,ground_or_obstacle,True,"[0.43771088123321533, -0.31824058294296265, -0.0002743817865848569]","[1.3435884770821986e-07, 0.0, 0.9999999999999909]",7.515654563903809,0.0,7.515654563903877,1.05,nan,0.0992750009832204,False,False,True,isaaclab.ContactSensor.net_forces_w,wheel_geometry_approximation
7.408333333333491,rear_left_wheel,ground_or_obstacle,True,"[-0.12201226502656937, 0.07397597283124924, 2.1874904632540604e-06]","[1.343588389220285e-07, 0.0, 0.999999999999991]",7.0538740158081055,0.0,7.0538740158081685,1.05,nan,0.32467078653630443,False,False,True,isaaclab.ContactSensor.net_forces_w,wheel_geometry_approximation
7.408333333333491,rear_right_wheel,ground_or_obstacle,True,"[-0.12489423900842667, -0.3223317861557007, -0.00014092326164245883]","[1.343588348821129e-07, 0.0, 0.999999999999991]",7.274660110473633,0.0,7.2746601104736985,1.05,nan,0.13025689593757292,False,False,True,isaaclab.ContactSensor.net_forces_w,wheel_geometry_approximation
7.4333333333334926,front_left_wheel,ground_or_obstacle,True,"[0.4354183077812195, 0.08007374405860901, -0.0009146772325038938]","[1.3435884717916297e-07, 0.0, 0.999999999999991]",6.304498195648193,0.0,6.30449819564825,1.05,nan,0.026324468104925135,False,False,True,isaaclab.ContactSensor.net_forces_w,wheel_geometry_approximation
7.4333333333334926,front_right_wheel,ground_or_obstacle,True,"[0.43842563033103943, -0.3182201087474823, -0.000204387307167056]","[1.3435883349589633e-07, 0.0, 0.9999999999999909]",8.043364524841309,0.0,8.043364524841381,1.05,nan,0.13962825728357867,False,False,True,isaaclab.ContactSensor.net_forces_w,wheel_geometry_approximation
7.4333333333334926,rear_left_wheel,ground_or_obstacle,True,"[-0.1213114932179451, 0.07399490475654602, -1.2657791376116667e-05]","[1.3435884890884028e-07, 0.0, 0.999999999999991]",7.562015533447266,0.0,7.562015533447334,1.05,nan,0.08677117556531197,False,False,True,isaaclab.ContactSensor.net_forces_w,wheel_geometry_approximation
7.4333333333334926,rear_right_wheel,ground_or_obstacle,True,"[-0.1241702064871788, -0.3223128914833069, -9.888336062431613e-05]","[1.343588434768229e-07, 0.0, 0.9999999999999909]",6.772036552429199,0.0,6.7720365524292605,1.05,nan,0.2062133921585483,False,False,True,isaaclab.ContactSensor.net_forces_w,wheel_geometry_approximation
7.458333333333494,front_left_wheel,ground_or_obstacle,True,"[0.4361700713634491, 0.08009404689073563, -0.0010616920888423947]","[1.3435884125660813e-07, 0.0, 0.999999999999991]",6.120712757110596,0.0,6.120712757110651,1.05,nan,0.017668933851731284,False,False,True,isaaclab.ContactSensor.net_forces_w,wheel_geometry_approximation
7.458333333333494,front_right_wheel,ground_or_obstacle,True,"[0.43915027379989624, -0.3181995153427124, -0.00014462620019912997]","[1.34358843317813e-07, 0.0, 0.999999999999991]",8.271662712097168,0.0,8.271662712097243,1.05,nan,0.08356445119787596,False,False,True,isaaclab.ContactSensor.net_forces_w,wheel_geometry_approximation
7.458333333333494,rear_left_wheel,ground_or_obstacle,True,"[-0.12059801071882248, 0.07401221245527267, -3.692805767059604e-05]","[1.343588498138987e-07, 0.0, 0.9999999999999909]",7.945522308349609,0.0,7.945522308349681,1.05,nan,0.14704201541868953,False,False,True,isaaclab.ContactSensor.net_forces_w,wheel_geometry_approximation
7.458333333333494,rear_right_wheel,ground_or_obstacle,True,"[-0.12342612445354462, -0.3222956657409668, -6.857439875603e-05]","[1.3435883611688709e-07, 0.0, 0.999999999999991]",6.398407936096191,0.0,6.398407936096249,1.05,nan,0.15841177824199698,False,False,True,isaaclab.ContactSensor.net_forces_w,wheel_geometry_approximation
7.483333333333495,front_left_wheel,ground_or_obstacle,True,"[0.43693092465400696, 0.08011506497859955, -0.0012221440672874478]","[1.343588388749516e-07, 0.0, 0.999999999999991]",5.7234320640563965,0.0,5.723432064056448,1.05,nan,0.04130958658298445,False,False,True,isaaclab.ContactSensor.net_forces_w,wheel_geometry_approximation
7.483333333333495,front_right_wheel,ground_or_obstacle,True,"[0.439884752035141, -0.3181780278682709, -9.481534361839572e-05]","[1.3435883540474938e-07, 0.0, 0.999999999999991]",8.68912410736084,0.0,8.689124107360918,1.05,nan,0.08348249761227154,False,False,True,isaaclab.ContactSensor.net_forces_w,wheel_geometry_approximation
7.483333333333495,rear_left_wheel,ground_or_obstacle,True,"[-0.11986292153596878, 0.07403246313333511, -7.32794404029874e-05]","[1.3435883975533196e-07, 0.0, 0.999999999999991]",8.346099853515625,0.0,8.3460998535157,1.05,nan,0.12426211889057408,False,False,True,isaaclab.ContactSensor.net_forces_w,wheel_geometry_approximation
7.483333333333495,rear_right_wheel,ground_or_obstacle,True,"[-0.12266197055578232, -0.3222755491733551, -4.913955926895419e-05]","[1.3435883572946014e-07, 0.0, 0.9999999999999909]",5.972838878631592,0.0,5.972838878631646,1.05,nan,0.16280775789401197,False,False,True,isaaclab.ContactSensor.net_forces_w,wheel_geometry_approximation
7.508333333333496,front_left_wheel,ground_or_obstacle,True,"[0.4376419484615326, 0.08012665063142776, -0.0012523822486400632]","[1.343588415712161e-07, 0.0, 0.999999999999991]",6.799893379211426,0.0,6.799893379211487,1.05,nan,0.07459965188367484,False,False,True,isaaclab.ContactSensor.net_forces_w,wheel_geometry_approximation
7.508333333333496,front_right_wheel,ground_or_obstacle,True,"[0.4406040608882904, -0.31816616654396057, -5.557686090469638e-05]","[1.3435883650473093e-07, 0.0, 0.999999999999991]",7.48349666595459,0.0,7.483496665954657,1.05,nan,0.13268746237085544,False,False,True,isaaclab.ContactSensor.net_forces_w,wheel_geometry_approximation
7.508333333333496,rear_left_wheel,ground_or_obstacle,True,"[-0.11914021521806717, 0.07404425740242004, -0.00012330263853073398]","[1.3435883228588865e-07, 0.0, 0.999999999999991]",7.613184452056885,0.0,7.613184452056953,1.05,nan,0.20173499919442583,False,False,True,isaaclab.ContactSensor.net_forces_w,wheel_geometry_approximation
7.508333333333496,rear_right_wheel,ground_or_obstacle,True,"[-0.12191642075777054, -0.3222637474536896, -4.006847739219943e-05]","[1.3435883777526033e-07, 0.0, 0.9999999999999909]",6.844594478607178,0.0,6.84459447860724,1.05,nan,0.19558402839186914,False,False,True,isaaclab.ContactSensor.net_forces_w,wheel_geometry_approximation
7.5333333333334975,front_left_wheel,ground_or_obstacle,True,"[0.43832123279571533, 0.08013007044792175, -0.0011879272758960752]","[1.3435882980695633e-07, 0.0, 0.999999999999991]",7.049098014831543,0.0,7.049098014831606,1.05,nan,0.05889616015500229,False,False,True,isaaclab.ContactSensor.net_forces_w,wheel_geometry_approximation
7.5333333333334975,front_right_wheel,ground_or_obstacle,True,"[0.4413151144981384, -0.3181627690792084, -2.7622282505038176e-05]","[1.3435884116266873e-07, 0.0, 0.999999999999991]",7.268983840942383,0.0,7.2689838409424485,1.05,nan,0.11190867828560876,False,False,True,isaaclab.ContactSensor.net_forces_w,wheel_geometry_approximation
7.5333333333334975,rear_left_wheel,ground_or_obstacle,True,"[-0.11841060221195221, 0.0740475133061409, -0.00018902420997619906]","[1.343588339501428e-07, 0.0, 0.999999999999991]",7.384279727935791,0.0,7.384279727935858,1.05,nan,0.17842992870198837,False,False,True,isaaclab.ContactSensor.net_forces_w,wheel_geometry_approximation
7.5333333333334975,rear_right_wheel,ground_or_obstacle,True,"[-0.121182382106781, -0.32226040959358215, -3.7606060504916106e-05]","[1.3435884045687972e-07, 0.0, 0.9999999999999909]",7.039727687835693,0.0,7.039727687835757,1.05,nan,0.16805477873431557,False,False,True,isaaclab.ContactSensor.net_forces_w,wheel_geometry_approximation
7.558333333333499,front_left_wheel,ground_or_obstacle,True,"[0.4390123784542084, 0.08013254404067993, -0.0011319324374198941]","[1.343588482212846e-07, 0.0, 0.9999999999999909]",7.350244522094727,0.0,7.350244522094793,1.05,nan,0.04235979035893353,False,False,True,isaaclab.ContactSensor.net_forces_w,wheel_geometry_approximation
7.558333333333499,front_right_wheel,ground_or_obstacle,True,"[0.44203633069992065, -0.3181602656841278, -9.897351264956389e-06]","[1.3435884178406846e-07, 0.0, 0.999999999999991]",7.0215253829956055,0.0,7.0215253829956685,1.05,nan,0.09575813545480491,False,False,True,isaaclab.ContactSensor.net_forces_w,wheel_geometry_approximation
7.558333333333499,rear_left_wheel,ground_or_obstacle,True,"[-0.11766691505908966, 0.07405000925064087, -0.0002680338919162778]","[1.3435884118364248e-07, 0.0, 0.999999999999991]",7.098692417144775,0.0,7.098692417144839,1.05,nan,0.17091625302722005,False,False,True,isaaclab.ContactSensor.net_forces_w,wheel_geometry_approximation
7.558333333333499,rear_right_wheel,ground_or_obstacle,True,"[-0.1204381212592125, -0.3222576379776001, -4.615932703018466e-05]","[1.3435883987848722e-07, 0.0, 0.9999999999999909]",7.258666038513184,0.0,7.258666038513249,1.05,nan,0.14740621540619755,False,False,True,isaaclab.ContactSensor.net_forces_w,wheel_geometry_approximation
7.5833333333335,front_left_wheel,ground_or_obstacle,True,"[0.4397152364253998, 0.08013471961021423, -0.0010854147374630002]","[1.3435883172685116e-07, 0.0, 0.999999999999991]",7.59200382232666,0.0,7.5920038223267285,1.05,nan,0.04031176644806165,False,False,True,isaaclab.ContactSensor.net_forces_w,wheel_geometry_approximation
7.5833333333335,front_right_wheel,ground_or_obstacle,True,"[0.44276607036590576, -0.3181581199169159, -2.7559697628048996e-06]","[1.3435884579236148e-07, 0.0, 0.999999999999991]",6.810018539428711,0.0,6.810018539428772,1.05,nan,0.08673691797438829,False,False,True,isaaclab.ContactSensor.net_forces_w,wheel_geometry_approximation
7.5833333333335,rear_left_wheel,ground_or_obstacle,True,"[-0.1169121190905571, 0.0740523412823677, -0.0003601714968681363]","[1.343588370710624e-07, 0.0, 0.999999999999991]",6.8717041015625,0.0,6.871704101562562,1.05,nan,0.1635724243398617,False,False,True,isaaclab.ContactSensor.net_forces_w,wheel_geometry_approximation
7.5833333333335,rear_right_wheel,ground_or_obstacle,True,"[-0.1196880117058754, -0.3222552239894867, -6.542652845382968e-05]","[1.343588343975265e-07, 0.0, 0.999999999999991]",7.461161136627197,0.0,7.461161136627265,1.05,nan,0.13839766285576433,False,False,True,isaaclab.ContactSensor.net_forces_w,wheel_geometry_approximation
7.608333333333501,front_left_wheel,ground_or_obstacle,True,"[0.4404295086860657, 0.08013676106929779, -0.0010483033955097226]","[1.343588376297353e-07, 0.0, 0.999999999999991]",7.815610408782959,0.0,7.815610408783029,1.05,nan,0.007441413261390243,False,False,True,isaaclab.ContactSensor.net_forces_w,wheel_geometry_approximation
7.608333333333501,front_right_wheel,ground_or_obstacle,True,"[0.4435042142868042, -0.3181561827659607, -6.596744060519133e-06]","[1.3435883549717888e-07, 0.0, 0.999999999999991]",6.592233180999756,0.0,6.592233180999815,1.05,nan,0.048967716848107704,False,False,True,isaaclab.ContactSensor.net_forces_w,wheel_geometry_approximation
7.608333333333501,rear_left_wheel,ground_or_obstacle,True,"[-0.11614382266998291, 0.07405495643615723, -0.00046610757708549777]","[1.3435883520601594e-07, 0.0, 0.999999999999991]",6.805445671081543,0.0,6.805445671081604,1.05,nan,0.13585800034220563,False,False,True,isaaclab.ContactSensor.net_forces_w,wheel_geometry_approximation
7.608333333333501,rear_right_wheel,ground_or_obstacle,True,"[-0.11892610043287277, -0.3222525119781494, -9.604468941688815e-05]","[1.343588337011608e-07, 0.0, 0.999999999999991]",7.558473587036133,0.0,7.558473587036201,1.05,nan,0.10568138375221423,False,False,True,isaaclab.ContactSensor.net_forces_w,wheel_geometry_approximation
7.6333333333335025,front_left_wheel,ground_or_obstacle,True,"[0.44115132093429565, 0.08013755083084106, -0.0010213881731033353]","[1.3435885308979713e-07, 0.0, 0.999999999999991]",8.14633560180664,0.0,8.146335601806713,1.05,nan,0.05525350706199221,False,False,True,isaaclab.ContactSensor.net_forces_w,wheel_geometry_approximation
7.6333333333335025,front_right_wheel,ground_or_obstacle,True,"[0.444245845079422, -0.318155437707901, -2.2682547569277678e-05]","[1.343588394682206e-07, 0.0, 0.999999999999991]",6.3390212059021,0.0,6.3390212059021565,1.05,nan,0.08275653943762853,False,False,True,isaaclab.ContactSensor.net_forces_w,wheel_geometry_approximation
7.6333333333335025,rear_left_wheel,ground_or_obstacle,True,"[-0.11536947637796402, 0.07405637204647064, -0.0005858607590198545]","[1.3435883288697777e-07, 0.0, 0.9999999999999909]",6.356238842010498,0.0,6.356238842010556,1.05,nan,0.16933994217228734,False,False,True,isaaclab.ContactSensor.net_forces_w,wheel_geometry_approximation
7.6333333333335025,rear_right_wheel,ground_or_obstacle,True,"[-0.11816747486591339, -0.32225093245506287, -0.00013969019055366794]","[1.3435884483965617e-07, 0.0, 0.999999999999991]",7.896165370941162,0.0,7.896165370941233,1.05,nan,0.13548927077668263,False,False,True,isaaclab.ContactSensor.net_forces_w,wheel_geometry_approximation
7.658333333333504,front_left_wheel,ground_or_obstacle,True,"[0.44188031554222107, 0.08013883233070374, -0.0010053470730781583]","[1.3435883634530032e-07, 0.0, 0.9999999999999909]",8.397648811340332,0.0,8.397648811340408,1.05,nan,0.05816623312325461,False,False,True,isaaclab.ContactSensor.net_forces_w,wheel_geometry_approximation
7.658333333333504,front_right_wheel,ground_or_obstacle,True,"[0.44499072432518005, -0.3181541860103607, -5.030930042267123e-05]","[1.3435883971853206e-07, 0.0, 0.999999999999991]",6.115801811218262,0.0,6.115801811218317,1.05,nan,0.08130675780166023,False,False,True,isaaclab.ContactSensor.net_forces_w,wheel_geometry_approximation
7.658333333333504,rear_left_wheel,ground_or_obstacle,True,"[-0.11458881944417953, 0.07405814528465271, -0.0007185593247413663]","[1.3435883364413382e-07, 0.0, 0.999999999999991]",6.118554592132568,0.0,6.118554592132623,1.05,nan,0.17193734842548297,False,False,True,isaaclab.ContactSensor.net_forces_w,wheel_geometry_approximation
7.658333333333504,rear_right_wheel,ground_or_obstacle,True,"[-0.11740021407604218, -0.3222491443157196, -0.0001947239041328458]","[1.3435882982818928e-07, 0.0, 0.999999999999991]",8.102185249328613,0.0,8.102185249328686,1.05,nan,0.13711090986379365,False,False,True,isaaclab.ContactSensor.net_forces_w,wheel_geometry_approximation
7.683333333333505,front_left_wheel,ground_or_obstacle,True,"[0.44261884689331055, 0.0801396369934082, -0.0010002173483371762]","[1.3435884205355467e-07, 0.0, 0.9999999999999909]",8.609882354736328,0.0,8.609882354736406,1.05,nan,0.06613750223262861,False,False,True,isaaclab.ContactSensor.net_forces_w,wheel_geometry_approximation
7.683333333333505,front_right_wheel,ground_or_obstacle,True,"[0.44574037194252014, -0.31815335154533386, -9.01512801647214e-05]","[1.343588349311955e-07, 0.0, 0.999999999999991]",5.9587836265563965,0.0,5.95878362655645,1.05,nan,0.07512387752295571,False,False,True,isaaclab.ContactSensor.net_forces_w,wheel_geometry_approximation
7.683333333333505,rear_left_wheel,ground_or_obstacle,True,"[-0.11379826813936234, 0.07406093925237656, -0.0008647695183753995]","[1.343588401313604e-07, 0.0, 0.999999999999991]",5.908255100250244,0.0,5.908255100250297,1.05,nan,0.16432542467570185,False,False,True,isaaclab.ContactSensor.net_forces_w,wheel_geometry_approximation
7.683333333333505,rear_right_wheel,ground_or_obstacle,True,"[-0.11662675440311432, -0.32224613428115845, -0.0002622820436954526]","[1.3435884380644949e-07, 0.0, 0.999999999999991]",8.253682136535645,0.0,8.25368213653572,1.05,nan,0.1288362453441029,False,False,True,isaaclab.ContactSensor.net_forces_w,wheel_geometry_approximation
7.708333333333506,front_left_wheel,ground_or_obstacle,True,"[0.44335946440696716, 0.08014243841171265, -0.0010063789784908322]","[1.3435883267602067e-07, 0.0, 0.999999999999991]",9.135429382324219,0.0,9.1354293823243,1.05,nan,0.10937307389039357,False,False,True,isaaclab.ContactSensor.net_forces_w,wheel_geometry_approximation
7.708333333333506,front_right_wheel,ground_or_obstacle,True,"[0.44648122787475586, -0.3181507885456085, -0.00014097169041633884]","[1.3435885838491203e-07, 0.0, 0.999999999999991]",5.2085700035095215,0.0,5.208570003509569,1.05,nan,0.09723150128904338,False,False,True,isaaclab.ContactSensor.net_forces_w,wheel_geometry_approximation
7.708333333333506,rear_left_wheel,ground_or_obstacle,True,"[-0.11301117390394211, 0.07406636327505112, -0.0010228894650936154]","[1.3435883710588953e-07, 0.0, 0.999999999999991]",5.025363445281982,0.0,5.025363445282028,1.05,nan,0.20127124519621897,False,False,True,isaaclab.ContactSensor.net_forces_w,wheel_geometry_approximation
7.708333333333506,rear_right_wheel,ground_or_obstacle,True,"[-0.11589257419109344, -0.32224056124687195, -0.00026072114706039706]","[1.3435884083872617e-07, 0.0, 0.999999999999991]",9.320037841796875,0.0,9.320037841796958,1.05,nan,0.1295396498866862,False,False,True,isaaclab.ContactSensor.net_forces_w,wheel_geometry_approximation
7.7333333333335075,front_left_wheel,ground_or_obstacle,True,"[0.44408315420150757, 0.08013807982206345, -0.0010226324200630216]","[1.343588399592727e-07, 0.0, 0.9999999999999909]",8.189274787902832,0.0,8.189274787902907,1.05,nan,0.02940244620157767,False,False,True,isaaclab.ContactSensor.net_forces_w,wheel_geometry_approximation
7.7333333333335075,front_right_wheel,ground_or_obstacle,True,"[0.4472094774246216, -0.3181551694869995, -0.0002027928829193143]","[1.3435883067277565e-07, 0.0, 0.999999999999991]",6.059954643249512,0.0,6.059954643249566,1.05,nan,0.09965914416127683,False,False,True,isaaclab.ContactSensor.net_forces_w,wheel_geometry_approximation
7.7333333333335075,rear_left_wheel,ground_or_obstacle,True,"[-0.11231598258018494, 0.07406191527843475, -0.0009362354874610929]","[1.3435883434717286e-07, 0.0, 0.999999999999991]",6.010060787200928,0.0,6.010060787200982,1.05,nan,0.1638150590506762,False,False,True,isaaclab.ContactSensor.net_forces_w,wheel_geometry_approximation
7.7333333333335075,rear_right_wheel,ground_or_obstacle,True,"[-0.11520657688379288, -0.3222450315952301, -0.00019282028079033176]","[1.3435883506842348e-07, 0.0, 0.999999999999991]",8.497014045715332,0.0,8.497014045715408,1.05,nan,0.07325177574620191,False,False,True,isaaclab.ContactSensor.net_forces_w,wheel_geometry_approximation
7.758333333333509,front_left_wheel,ground_or_obstacle,True,"[0.4448181688785553, 0.08013123273849487, -0.0010508403182029752]","[1.343588474840512e-07, 0.0, 0.999999999999991]",8.102295875549316,0.0,8.10229587554939,1.05,nan,0.01903822293895475,False,False,True,isaaclab.ContactSensor.net_forces_w,wheel_geometry_approximation
7.758333333333509,front_right_wheel,ground_or_obstacle,True,"[0.447944700717926, -0.31816208362579346, -0.0002770714461803464]","[1.3435882914851448e-07, 0.0, 0.9999999999999909]",6.138232707977295,0.0,6.138232707977351,1.05,nan,0.022727381781534325,False,False,True,isaaclab.ContactSensor.net_forces_w,wheel_geometry_approximation
7.758333333333509,rear_left_wheel,ground_or_obstacle,True,"[-0.11162299662828445, 0.07405682653188705, -0.0008053772151470212]","[1.3435882819197684e-07, 0.0, 0.999999999999991]",6.0597004890441895,0.0,6.059700489044244,1.05,nan,0.12422272835289729,False,False,True,isaaclab.ContactSensor.net_forces_w,wheel_geometry_approximation
7.758333333333509,rear_right_wheel,ground_or_obstacle,True,"[-0.11451026797294617, -0.32225021719932556, -0.00013602823019027988]","[1.3435883218372334e-07, 0.0, 0.9999999999999909]",8.435150146484375,0.0,8.435150146484451,1.05,nan,0.05029778264394466,False,False,True,isaaclab.ContactSensor.net_forces_w,wheel_geometry_approximation
7.78333333333351,front_left_wheel,ground_or_obstacle,True,"[0.4455440938472748, 0.08013774454593658, -0.0010890431702137021]","[1.3435884405130845e-07, 0.0, 0.999999999999991]",7.323478698730469,0.0,7.3234786987305345,1.05,nan,0.025137142417500084,False,False,True,isaaclab.ContactSensor.net_forces_w,wheel_geometry_approximation
7.78333333333351,front_right_wheel,ground_or_obstacle,True,"[0.4486352503299713, -0.3181556165218353, -0.00023771375417709628]","[1.3435884123749012e-07, 0.0, 0.9999999999999909]",6.84738826751709,0.0,6.847388267517152,1.05,nan,0.06640565901435276,False,False,True,isaaclab.ContactSensor.net_forces_w,wheel_geometry_approximation
7.78333333333351,rear_left_wheel,ground_or_obstacle,True,"[-0.11094524711370468, 0.07406289875507355, -0.0006834074854850797]","[1.3435883486547566e-07, 0.0, 0.9999999999999909]",7.1127471923828125,0.0,7.112747192382877,1.05,nan,0.14856674605447015,False,False,True,isaaclab.ContactSensor.net_forces_w,wheel_geometry_approximation
7.78333333333351,rear_right_wheel,ground_or_obstacle,True,"[-0.11380598694086075, -0.32224419713020325, -8.771494030952731e-05]","[1.343588446892704e-07, 0.0, 0.999999999999991]",7.462825775146484,0.0,7.462825775146552,1.05,nan,0.12186210694063115,False,False,True,isaaclab.ContactSensor.net_forces_w,wheel_geometry_approximation
7.808333333333511,front_left_wheel,ground_or_obstacle,True,"[0.44626885652542114, 0.0801461860537529, -0.0011385746300220517]","[1.343588379596894e-07, 0.0, 0.999999999999991]",6.976092338562012,0.0,6.976092338562075,1.05,nan,0.009991823756982324,False,False,True,isaaclab.ContactSensor.net_forces_w,wheel_geometry_approximation
7.808333333333511,front_right_wheel,ground_or_obstacle,True,"[0.44932588934898376, -0.3181469738483429, -0.00018158480525017062]","[1.3435884154878804e-07, 0.0, 0.999999999999991]",7.213992118835449,0.0,7.213992118835514,1.05,nan,0.05259890007075833,False,False,True,isaaclab.ContactSensor.net_forces_w,wheel_geometry_approximation
7.808333333333511,rear_left_wheel,ground_or_obstacle,True,"[-0.11026881635189056, 0.0740714743733406, -0.0005691379308700589]","[1.3435884554491012e-07, 0.0, 0.999999999999991]",7.465860843658447,0.0,7.465860843658515,1.05,nan,0.11056132119503832,False,False,True,isaaclab.ContactSensor.net_forces_w,wheel_geometry_approximation
7.808333333333511,rear_right_wheel,ground_or_obstacle,True,"[-0.11309493333101273, -0.32223573327064514, -5.054399371147433e-05]","[1.343588388939951e-07, 0.0, 0.999999999999991]",7.0961833000183105,0.0,7.0961833000183745,1.05,nan,0.10152565600591609,False,False,True,isaaclab.ContactSensor.net_forces_w,wheel_geometry_approximation
7.8333333333335124,front_left_wheel,ground_or_obstacle,True,"[0.44700488448143005, 0.08015508949756622, -0.001199926435947421]","[1.3435884213067882e-07, 0.0, 0.999999999999991]",6.707710266113281,0.0,6.707710266113342,1.05,nan,0.03529984172433056,False,False,True,isaaclab.ContactSensor.net_forces_w,wheel_geometry_approximation
7.8333333333335124,front_right_wheel,ground_or_obstacle,True,"[0.4500427842140198, -0.3181377649307251, -0.00013471320271492282]","[1.343588404112584e-07, 0.0, 0.999999999999991]",7.5095534324646,0.0,7.509553432464667,1.05,nan,0.03686178500208059,False,False,True,isaaclab.ContactSensor.net_forces_w,wheel_geometry_approximation
7.8333333333335124,rear_left_wheel,ground_or_obstacle,True,"[-0.10958188772201538, 0.0740790069103241, -0.00046372339129448215]","[1.3435884488944202e-07, 0.0, 0.999999999999991]",7.758142471313477,0.0,7.758142471313547,1.05,nan,0.10867571121724955,False,False,True,isaaclab.ContactSensor.net_forces_w,wheel_geometry_approximation
7.8333333333335124,rear_right_wheel,ground_or_obstacle,True,"[-0.11236468702554703, -0.3222283720970154, -2.317428588867465e-05]","[1.3435883505585373e-07, 0.0, 0.999999999999991]",6.740398406982422,0.0,6.740398406982482,1.05,nan,0.10261115722916003,False,False,True,isaaclab.ContactSensor.net_forces_w,wheel_geometry_approximation
7.858333333333514,front_left_wheel,ground_or_obstacle,True,"[0.44770780205726624, 0.0801577940583229, -0.0012040503323078183]","[1.3435883608920293e-07, 0.0, 0.999999999999991]",7.216095924377441,0.0,7.216095924377506,1.05,nan,0.07107795480323338,False,False,True,isaaclab.ContactSensor.net_forces_w,wheel_geometry_approximation
7.858333333333514,front_right_wheel,ground_or_obstacle,True,"[0.45075368881225586, -0.31813496351242065, -9.566470980644504e-05]","[1.343588456623907e-07, 0.0, 0.999999999999991]",6.873039722442627,0.0,6.873039722442689,1.05,nan,0.10791175009514813,False,False,True,isaaclab.ContactSensor.net_forces_w,wheel_geometry_approximation
7.858333333333514,rear_left_wheel,ground_or_obstacle,True,"[-0.10890334099531174, 0.07408179342746735, -0.000367443263530734]","[1.3435883787493335e-07, 0.0, 0.999999999999991]",6.993258476257324,0.0,6.993258476257387,1.05,nan,0.18750713334353863,False,False,True,isaaclab.ContactSensor.net_forces_w,wheel_geometry_approximation
7.858333333333514,rear_right_wheel,ground_or_obstacle,True,"[-0.11164264380931854, -0.3222256004810333, -8.723884820940886e-06]","[1.3435883977324594e-07, 0.0, 0.999999999999991]",7.6413893699646,0.0,7.641389369964668,1.05,nan,0.16355869904966963,False,False,True,isaaclab.ContactSensor.net_forces_w,wheel_geometry_approximation
7.883333333333515,front_left_wheel,ground_or_obstacle,True,"[0.4483441412448883, 0.0801457017660141, -0.0010672129690647153]","[1.3435884434486995e-07, 0.0, 0.9999999999999909]",7.3432936668396,0.0,7.343293666839666,1.05,nan,0.03281881819674281,False,False,True,isaaclab.ContactSensor.net_forces_w,wheel_geometry_approximation
7.883333333333515,front_right_wheel,ground_or_obstacle,True,"[0.45144736766815186, -0.3181472420692444, -6.249472498894015e-05]","[1.3435883601885538e-07, 0.0, 0.9999999999999909]",6.759252548217773,0.0,6.759252548217835,1.05,nan,0.07597684094420296,False,False,True,isaaclab.ContactSensor.net_forces_w,wheel_geometry_approximation
7.883333333333515,rear_left_wheel,ground_or_obstacle,True,"[-0.10823475569486618, 0.07406949251890182, -0.0002887204289436368]","[1.343588306771213e-07, 0.0, 0.999999999999991]",6.902204513549805,0.0,6.902204513549867,1.05,nan,0.10084147035215198,False,False,True,isaaclab.ContactSensor.net_forces_w,wheel_geometry_approximation
7.883333333333515,rear_right_wheel,ground_or_obstacle,True,"[-0.11094477772712708, -0.32223784923553467, -3.7208199501065353e-06]","[1.3435882884271565e-07, 0.0, 0.999999999999991]",7.754638671875,0.0,7.75463867187507,1.05,nan,0.12344627873761381,False,False,True,isaaclab.ContactSensor.net_forces_w,wheel_geometry_approximation
7.908333333333516,front_left_wheel,ground_or_obstacle,True,"[0.4489966332912445, 0.08013278990983963, -0.000935833156108859]","[1.3435883456272178e-07, 0.0, 0.9999999999999909]",7.448197364807129,0.0,7.448197364807196,1.05,nan,0.031838803551943226,False,False,True,isaaclab.ContactSensor.net_forces_w,wheel_geometry_approximation
7.908333333333516,front_right_wheel,ground_or_obstacle,True,"[0.45215338468551636, -0.3181602954864502, -3.835484385490695e-05]","[1.3435884772497277e-07, 0.0, 0.999999999999991]",6.705385208129883,0.0,6.705385208129943,1.05,nan,0.06593882562186701,False,False,True,isaaclab.ContactSensor.net_forces_w,wheel_geometry_approximation
7.908333333333516,rear_left_wheel,ground_or_obstacle,True,"[-0.10752081125974655, 0.07406151294708252, -0.00021953433752060214]","[1.3435883677436933e-07, 0.0, 0.9999999999999909]",6.769473075866699,0.0,6.7694730758667605,1.05,nan,0.14933609349797675,False,False,True,isaaclab.ContactSensor.net_forces_w,wheel_geometry_approximation
7.908333333333516,rear_right_wheel,ground_or_obstacle,True,"[-0.11023427546024323, -0.32224586606025696, -8.57487320900241e-06]","[1.343588388773248e-07, 0.0, 0.999999999999991]",7.814484119415283,0.0,7.814484119415353,1.05,nan,0.11580825506792203,False,False,True,isaaclab.ContactSensor.net_forces_w,wheel_geometry_approximation
7.933333333333517,front_left_wheel,ground_or_obstacle,True,"[0.44965842366218567, 0.08012071251869202, -0.000811415910720828]","[1.3435883709398313e-07, 0.0, 0.999999999999991]",7.570613861083984,0.0,7.570613861084053,1.05,nan,0.024340007355557615,False,False,True,isaaclab.ContactSensor.net_forces_w,wheel_geometry_approximation
7.933333333333517,front_right_wheel,ground_or_obstacle,True,"[0.4528670012950897, -0.3181725740432739, -2.507790923118869e-05]","[1.3435884245961755e-07, 0.0, 0.999999999999991]",6.651176452636719,0.0,6.651176452636778,1.05,nan,0.05216131612204179,False,False,True,isaaclab.ContactSensor.net_forces_w,wheel_geometry_approximation
7.933333333333517,rear_left_wheel,ground_or_obstacle,True,"[-0.10682865977287292, 0.074048712849617, -0.00015792921185493747]","[1.3435882968606033e-07, 0.0, 0.999999999999991]",6.607949733734131,0.0,6.60794973373419,1.05,nan,0.14912112623264573,False,False,True,isaaclab.ContactSensor.net_forces_w,wheel_geometry_approximation
7.933333333333517,rear_right_wheel,ground_or_obstacle,True,"[-0.10951738804578781, -0.32225850224494934, -2.4705380201342497e-05]","[1.343588460922346e-07, 0.0, 0.999999999999991]",7.889174461364746,0.0,7.889174461364817,1.05,nan,0.10248916373420679,False,False,True,isaaclab.ContactSensor.net_forces_w,wheel_geometry_approximation
7.958333333333519,front_left_wheel,ground_or_obstacle,True,"[0.4503262937068939, 0.08010847866535187, -0.0006944306194782285]","[1.3435884963859582e-07, 0.0, 0.9999999999999909]",7.745007514953613,0.0,7.7450075149536834,1.05,nan,0.015811959373561883,False,False,True,isaaclab.ContactSensor.net_forces_w,wheel_geometry_approximation
7.958333333333519,front_right_wheel,ground_or_obstacle,True,"[0.45358335971832275, -0.3181847929954529, -2.216100692749301e-05]","[1.3435883776227156e-07, 0.0, 0.999999999999991]",6.436697959899902,0.0,6.43669795989996,1.05,nan,0.034442547829188395,False,False,True,isaaclab.ContactSensor.net_forces_w,wheel_geometry_approximation
7.958333333333519,rear_left_wheel,ground_or_obstacle,True,"[-0.1061309352517128, 0.07403741031885147, -0.00010637491941452304]","[1.3435883576921696e-07, 0.0, 0.999999999999991]",6.617342472076416,0.0,6.6173424720764755,1.05,nan,0.14200099455595697,False,False,True,isaaclab.ContactSensor.net_forces_w,wheel_geometry_approximation
7.958333333333519,rear_right_wheel,ground_or_obstacle,True,"[-0.10880125313997269, -0.3222697973251343, -5.145296454429904e-05]","[1.3435884305404253e-07, 0.0, 0.9999999999999909]",7.9381866455078125,0.0,7.938186645507884,1.05,nan,0.08611312599360274,False,False,True,isaaclab.ContactSensor.net_forces_w,wheel_geometry_approximation
7.98333333333352,front_left_wheel,ground_or_obstacle,True,"[0.45100128650665283, 0.08009587228298187, -0.000585808604955676]","[1.343588382378507e-07, 0.0, 0.999999999999991]",7.855983257293701,0.0,7.855983257293772,1.05,nan,0.021346312243974326,False,False,True,isaaclab.ContactSensor.net_forces_w,wheel_geometry_approximation
7.98333333333352,front_right_wheel,ground_or_obstacle,True,"[0.45430460572242737, -0.3181975185871124, -3.019645810127536e-05]","[1.3435883713837015e-07, 0.0, 0.9999999999999909]",6.369632244110107,0.0,6.369632244110165,1.05,nan,0.03195521252418291,False,False,True,isaaclab.ContactSensor.net_forces_w,wheel_geometry_approximation
7.98333333333352,rear_left_wheel,ground_or_obstacle,True,"[-0.10542694479227066, 0.0740240216255188, -6.414130330086032e-05]","[1.3435883986529997e-07, 0.0, 0.9999999999999909]",6.471457004547119,0.0,6.471457004547178,1.05,nan,0.14464677079325153,False,False,True,isaaclab.ContactSensor.net_forces_w,wheel_geometry_approximation
7.98333333333352,rear_right_wheel,ground_or_obstacle,True,"[-0.10807523876428604, -0.3222831189632416, -8.971914649009982e-05]","[1.343588448843869e-07, 0.0, 0.9999999999999909]",8.044769287109375,0.0,8.044769287109448,1.05,nan,0.08757774378572901,False,False,True,isaaclab.ContactSensor.net_forces_w,wheel_geometry_approximation
8.00833333333352,front_left_wheel,ground_or_obstacle,True,"[0.4516817331314087, 0.08008264005184174, -0.0004853747785091428]","[1.3435883114791513e-07, 0.0, 0.999999999999991]",7.861671447753906,0.0,7.861671447753977,1.05,nan,0.08734792977426976,False,False,True,isaaclab.ContactSensor.net_forces_w,wheel_geometry_approximation
8.00833333333352,front_right_wheel,ground_or_obstacle,True,"[0.4550263285636902, -0.31821081042289734, -4.903525114059726e-05]","[1.3435884220389145e-07, 0.0, 0.999999999999991]",6.417102336883545,0.0,6.417102336883603,1.05,nan,0.05458562706073323,False,False,True,isaaclab.ContactSensor.net_forces_w,wheel_geometry_approximation
8.00833333333352,rear_left_wheel,ground_or_obstacle,True,"[-0.10468774288892746, 0.07401557266712189, -3.7293136119845305e-05]","[1.3435883376386847e-07, 0.0, 0.9999999999999911]",6.063169002532959,0.0,6.063169002533013,1.05,nan,0.029400961427162586,False,False,True,isaaclab.ContactSensor.net_forces_w,wheel_geometry_approximation
8.00833333333352,rear_right_wheel,ground_or_obstacle,True,"[-0.10735031217336655, -0.3222915530204773, -0.00014074817299843112]","[1.3435883726875216e-07, 0.0, 0.999999999999991]",8.049478530883789,0.0,8.049478530883862,1.05,nan,0.12045443525859609,False,False,True,isaaclab.ContactSensor.net_forces_w,wheel_geometry_approximation
8.033333333333518,front_left_wheel,ground_or_obstacle,True,"[0.4523707926273346, 0.0800689086318016, -0.0003945745527744321]","[1.343588428194208e-07, 0.0, 0.999999999999991]",7.964425563812256,0.0,7.964425563812328,1.05,nan,0.047957822363849885,False,False,True,isaaclab.ContactSensor.net_forces_w,wheel_geometry_approximation
8.033333333333518,front_right_wheel,ground_or_obstacle,True,"[0.4557556211948395, -0.31822460889816284, -7.921382784843722e-05]","[1.34358830723399e-07, 0.0, 0.999999999999991]",6.3481125831604,0.0,6.348112583160457,1.05,nan,0.05137310013459192,False,False,True,isaaclab.ContactSensor.net_forces_w,wheel_geometry_approximation
8.033333333333518,rear_left_wheel,ground_or_obstacle,True,"[-0.10397738963365555, 0.07399989664554596, -1.2907385826113615e-05]","[1.343588367124396e-07, 0.0, 0.999999999999991]",6.412009239196777,0.0,6.412009239196835,1.05,nan,0.0986100616665246,False,False,True,isaaclab.ContactSensor.net_forces_w,wheel_geometry_approximation
8.033333333333518,rear_right_wheel,ground_or_obstacle,True,"[-0.1066199392080307, -0.32230710983276367, -0.00020101964473724643]","[1.343588553537022e-07, 0.0, 0.999999999999991]",8.283790588378906,0.0,8.28379058837898,1.05,nan,0.09068912281885766,False,False,True,isaaclab.ContactSensor.net_forces_w,wheel_geometry_approximation
8.058333333333517,front_left_wheel,ground_or_obstacle,True,"[0.4530635476112366, 0.08005660772323608, -0.0003126479685306577]","[1.343588498419881e-07, 0.0, 0.999999999999991]",8.343873023986816,0.0,8.343873023986891,1.05,nan,0.07593088612422112,False,False,True,isaaclab.ContactSensor.net_forces_w,wheel_geometry_approximation
8.058333333333517,front_right_wheel,ground_or_obstacle,True,"[0.45648351311683655, -0.3182368278503418, -0.00012118294835090915]","[1.343588336498259e-07, 0.0, 0.9999999999999909]",5.976321697235107,0.0,5.976321697235162,1.05,nan,0.05498092135373987,False,False,True,isaaclab.ContactSensor.net_forces_w,wheel_geometry_approximation
8.058333333333517,rear_left_wheel,ground_or_obstacle,True,"[-0.10326283425092697, 0.07398656010627747, -4.592537879946623e-06]","[1.3435882918382392e-07, 0.0, 0.9999999999999909]",6.23558235168457,0.0,6.235582351684627,1.05,nan,0.13216944980660308,False,False,True,isaaclab.ContactSensor.net_forces_w,wheel_geometry_approximation
8.058333333333517,rear_right_wheel,ground_or_obstacle,True,"[-0.10589449107646942, -0.3223203718662262, -0.0002742849290370969]","[1.3435884455141068e-07, 0.0, 0.999999999999991]",8.72622013092041,0.0,8.726220130920488,1.05,nan,0.05868324849947282,False,False,True,isaaclab.ContactSensor.net_forces_w,wheel_geometry_approximation
8.083333333333515,front_left_wheel,ground_or_obstacle,True,"[0.4537568688392639, 0.08004847913980484, -0.00024035498499870578]","[1.3435885225790744e-07, 0.0, 0.999999999999991]",8.876924514770508,0.0,8.876924514770588,1.05,nan,0.04070942764626079,False,False,True,isaaclab.ContactSensor.net_forces_w,wheel_geometry_approximation
8.083333333333515,front_right_wheel,ground_or_obstacle,True,"[0.4572029113769531, -0.31824490427970886, -0.0001749351620674161]","[1.3435884465605683e-07, 0.0, 0.9999999999999909]",5.291384696960449,0.0,5.291384696960497,1.05,nan,0.005017058409251955,False,False,True,isaaclab.ContactSensor.net_forces_w,wheel_geometry_approximation
8.083333333333515,rear_left_wheel,ground_or_obstacle,True,"[-0.1025068536400795, 0.07398555427789688, -1.5005469322232345e-06]","[1.3435885441568464e-07, 0.0, 0.999999999999991]",5.509542465209961,0.0,5.509542465210011,1.05,nan,0.1787281715623221,False,False,True,isaaclab.ContactSensor.net_forces_w,wheel_geometry_approximation
8.083333333333515,rear_right_wheel,ground_or_obstacle,True,"[-0.10523375123739243, -0.3223215937614441, -0.00020577311515808383]","[1.3435884094272485e-07, 0.0, 0.999999999999991]",8.902730941772461,0.0,8.90273094177254,1.05,nan,0.5080798517657725,False,False,True,isaaclab.ContactSensor.net_forces_w,wheel_geometry_approximation
8.108333333333514,front_left_wheel,ground_or_obstacle,True,"[0.4544595181941986, 0.0800413265824318, -0.0001768909394741086]","[1.3435884470694038e-07, 0.0, 0.9999999999999911]",9.358967781066895,0.0,9.358967781066978,1.05,nan,0.044696008075071375,False,False,True,isaaclab.ContactSensor.net_forces_w,wheel_geometry_approximation
8.108333333333514,front_right_wheel,ground_or_obstacle,True,"[0.45794036984443665, -0.3182520866394043, -0.00024052262306213656]","[1.3435885307705884e-07, 0.0, 0.9999999999999909]",4.887624263763428,0.0,4.887624263763472,1.05,nan,0.0035901658722560063,False,False,True,isaaclab.ContactSensor.net_forces_w,wheel_geometry_approximation
8.108333333333514,rear_left_wheel,ground_or_obstacle,True,"[-0.10175453126430511, 0.07398654520511627, -1.1357665061953459e-05]","[1.3435885270379442e-07, 0.0, 0.999999999999991]",5.1169257164001465,0.0,5.116925716400193,1.05,nan,0.19745972703825326,False,False,True,isaaclab.ContactSensor.net_forces_w,wheel_geometry_approximation
8.108333333333514,rear_right_wheel,ground_or_obstacle,True,"[-0.10454849153757095, -0.32232072949409485, -0.00014417916536331454]","[1.3435884785721774e-07, 0.0, 0.999999999999991]",9.324408531188965,0.0,9.324408531189048,1.05,nan,0.051169238093801854,False,False,True,isaaclab.ContactSensor.net_forces_w,wheel_geometry_approximation
8.133333333333512,front_left_wheel,ground_or_obstacle,True,"[0.4551546275615692, 0.08003949373960495, -0.0001225948333740262]","[1.3435883729646726e-07, 0.0, 0.9999999999999909]",8.623377799987793,0.0,8.623377799987871,1.05,nan,0.07202216013447534,False,False,True,isaaclab.ContactSensor.net_forces_w,wheel_geometry_approximation
8.133333333333512,front_right_wheel,ground_or_obstacle,True,"[0.45864665508270264, -0.31825393438339233, -0.000222775340080264]","[1.3435884584251176e-07, 0.0, 0.999999999999991]",5.534276008605957,0.0,5.534276008606007,1.05,nan,0.05538622468190354,False,False,True,isaaclab.ContactSensor.net_forces_w,wheel_geometry_approximation
8.133333333333512,rear_left_wheel,ground_or_obstacle,True,"[-0.10102015733718872, 0.07398713380098343, -2.2090226411822234e-05]","[1.343588322002285e-07, 0.0, 0.9999999999999909]",5.939911365509033,0.0,5.939911365509087,1.05,nan,0.16942715491062854,False,False,True,isaaclab.ContactSensor.net_forces_w,wheel_geometry_approximation
8.133333333333512,rear_right_wheel,ground_or_obstacle,True,"[-0.10386782139539719, -0.32232019305229187, -9.270310401916781e-05]","[1.3435883184234493e-07, 0.0, 0.999999999999991]",8.686559677124023,0.0,8.686559677124102,1.05,nan,0.06019187702678446,False,False,True,isaaclab.ContactSensor.net_forces_w,wheel_geometry_approximation
8.15833333333351,front_left_wheel,ground_or_obstacle,True,"[0.4558517336845398, 0.08004352450370789, -7.856562733650485e-05]","[1.343588452967862e-07, 0.0, 0.999999999999991]",8.712291717529297,0.0,8.712291717529375,1.05,nan,0.04103968756444681,False,False,True,isaaclab.ContactSensor.net_forces_w,wheel_geometry_approximation
8.15833333333351,front_right_wheel,ground_or_obstacle,True,"[0.4593428075313568, -0.31824997067451477, -0.00016140490770340243]","[1.3435884972462231e-07, 0.0, 0.999999999999991]",5.507615566253662,0.0,5.507615566253712,1.05,nan,0.0407142938168299,False,False,True,isaaclab.ContactSensor.net_forces_w,wheel_geometry_approximation
8.15833333333351,rear_left_wheel,ground_or_obstacle,True,"[-0.10029341280460358, 0.073997363448143, -4.64469194412509e-06]","[1.3435883726068705e-07, 0.0, 0.999999999999991]",5.828511714935303,0.0,5.828511714935355,1.05,nan,0.16124615264582665,False,False,True,isaaclab.ContactSensor.net_forces_w,wheel_geometry_approximation
8.15833333333351,rear_right_wheel,ground_or_obstacle,True,"[-0.10317965596914291, -0.32231006026268005, -5.4224580526354704e-05]","[1.3435882919923936e-07, 0.0, 0.999999999999991]",8.72275447845459,0.0,8.722754478454668,1.05,nan,0.08057469662572293,False,False,True,isaaclab.ContactSensor.net_forces_w,wheel_geometry_approximation
8.18333333333351,front_left_wheel,ground_or_obstacle,True,"[0.4565630257129669, 0.0800468698143959, -4.4341385364535246e-05]","[1.3435883923627313e-07, 0.0, 0.9999999999999909]",8.632464408874512,0.0,8.63246440887459,1.05,nan,0.03810372098421717,False,False,True,isaaclab.ContactSensor.net_forces_w,wheel_geometry_approximation
8.18333333333351,front_right_wheel,ground_or_obstacle,True,"[0.4600452184677124, -0.3182465434074402, -0.00010958239436149875]","[1.3435885164453774e-07, 0.0, 0.999999999999991]",5.610063552856445,0.0,5.610063552856496,1.05,nan,0.015428430773002124,False,False,True,isaaclab.ContactSensor.net_forces_w,wheel_geometry_approximation
8.18333333333351,rear_left_wheel,ground_or_obstacle,True,"[-0.09956680983304977, 0.07400292903184891, 3.718584775921907e-06]","[1.3435884039987414e-07, 0.0, 0.9999999999999909]",5.87815523147583,0.0,5.878155231475883,1.05,nan,0.12255495071732792,False,False,True,isaaclab.ContactSensor.net_forces_w,wheel_geometry_approximation
8.18333333333351,rear_right_wheel,ground_or_obstacle,True,"[-0.10248277336359024, -0.3223046064376831, -2.4276971817019377e-05]","[1.343588455685582e-07, 0.0, 0.9999999999999909]",8.611133575439453,0.0,8.611133575439531,1.05,nan,0.062493903409332814,False,False,True,isaaclab.ContactSensor.net_forces_w,wheel_geometry_approximation
8.208333333333508,front_left_wheel,ground_or_obstacle,True,"[0.45730140805244446, 0.08005163818597794, -2.0384043455126677e-05]","[1.3435885040269426e-07, 0.0, 0.9999999999999909]",8.778761863708496,0.0,8.778761863708576,1.05,nan,0.03893449528919869,False,False,True,isaaclab.ContactSensor.net_forces_w,wheel_geometry_approximation
8.208333333333508,front_right_wheel,ground_or_obstacle,True,"[0.4607604146003723, -0.3182418644428253, -6.710290908813754e-05]","[1.3435884111994942e-07, 0.0, 0.999999999999991]",5.517618179321289,0.0,5.517618179321339,1.05,nan,0.013212175582649506,False,False,True,isaaclab.ContactSensor.net_forces_w,wheel_geometry_approximation
8.208333333333508,rear_left_wheel,ground_or_obstacle,True,"[-0.09882907569408417, 0.07401093095541, -1.668930053738693e-07]","[1.3435883473687496e-07, 0.0, 0.9999999999999909]",5.742321968078613,0.0,5.742321968078666,1.05,nan,0.11864145975878931,False,False,True,isaaclab.ContactSensor.net_forces_w,wheel_geometry_approximation
8.208333333333508,rear_right_wheel,ground_or_obstacle,True,"[-0.10176799446344376, -0.3222965598106384, -5.628168582919035e-06]","[1.3435883246497714e-07, 0.0, 0.999999999999991]",8.704216957092285,0.0,8.704216957092363,1.05,nan,0.06823709040779682,False,False,True,isaaclab.ContactSensor.net_forces_w,wheel_geometry_approximation
8.233333333333507,front_left_wheel,ground_or_obstacle,True,"[0.4580520689487457, 0.08005636185407639, -7.285922765734587e-06]","[1.343588471587935e-07, 0.0, 0.9999999999999909]",8.817951202392578,0.0,8.817951202392658,1.05,nan,0.06420939684074158,False,False,True,isaaclab.ContactSensor.net_forces_w,wheel_geometry_approximation
8.233333333333507,front_right_wheel,ground_or_obstacle,True,"[0.46148645877838135, -0.3182372450828552, -3.4335255622866545e-05]","[1.3435884482999145e-07, 0.0, 0.999999999999991]",5.518022060394287,0.0,5.518022060394337,1.05,nan,0.012115866026726055,False,False,True,isaaclab.ContactSensor.net_forces_w,wheel_geometry_approximation
8.233333333333507,rear_left_wheel,ground_or_obstacle,True,"[-0.0980791300535202, 0.07401806116104126, -1.3373047113421355e-05]","[1.3435883990117775e-07, 0.0, 0.9999999999999909]",5.848130702972412,0.0,5.848130702972465,1.05,nan,0.36635856672423517,False,False,True,isaaclab.ContactSensor.net_forces_w,wheel_geometry_approximation
8.233333333333507,rear_right_wheel,ground_or_obstacle,True,"[-0.10104367882013321, -0.32228946685791016, 3.50996851920804e-06]","[1.343588520461834e-07, 0.0, 0.9999999999999911]",8.559935569763184,0.0,8.55993556976326,1.05,nan,0.08091504404616359,False,False,True,isaaclab.ContactSensor.net_forces_w,wheel_geometry_approximation
8.258333333333505,front_left_wheel,ground_or_obstacle,True,"[0.4588071405887604, 0.08006098866462708, -5.8814883232144455e-06]","[1.3435884081106287e-07, 0.0, 0.9999999999999909]",8.629949569702148,0.0,8.629949569702227,1.05,nan,0.04616504984264042,False,False,True,isaaclab.ContactSensor.net_forces_w,wheel_geometry_approximation
8.258333333333505,front_right_wheel,ground_or_obstacle,True,"[0.46221619844436646, -0.3182327151298523, -1.1897832155230437e-05]","[1.3435884493521398e-07, 0.0, 0.9999999999999909]",5.775096893310547,0.0,5.775096893310599,1.05,nan,0.023335290347897837,False,False,True,isaaclab.ContactSensor.net_forces_w,wheel_geometry_approximation
8.258333333333505,rear_left_wheel,ground_or_obstacle,True,"[-0.09732630103826523, 0.07402577996253967, -3.923401236534396e-05]","[1.343588284594722e-07, 0.0, 0.999999999999991]",5.80094051361084,0.0,5.800940513610892,1.05,nan,0.13499402671055052,False,False,True,isaaclab.ContactSensor.net_forces_w,wheel_geometry_approximation
8.258333333333505,rear_right_wheel,ground_or_obstacle,True,"[-0.10031457990407944, -0.3222818374633789, 1.3157725334139725e-06]","[1.343588379821901e-07, 0.0, 0.999999999999991]",8.527637481689453,0.0,8.52763748168953,1.05,nan,0.08732021300638323,False,False,True,isaaclab.ContactSensor.net_forces_w,wheel_geometry_approximation
8.283333333333504,front_left_wheel,ground_or_obstacle,True,"[0.4595740735530853, 0.08006592839956284, -1.618936657905856e-05]","[1.3435883962932742e-07, 0.0, 0.999999999999991]",8.702306747436523,0.0,8.702306747436602,1.05,nan,0.0373623046700769,False,False,True,isaaclab.ContactSensor.net_forces_w,wheel_geometry_approximation
8.283333333333504,front_right_wheel,ground_or_obstacle,True,"[0.4629564881324768, -0.31822776794433594, -5.058944225339035e-07]","[1.343588376874294e-07, 0.0, 0.999999999999991]",5.714419841766357,0.0,5.714419841766409,1.05,nan,0.012512034811057194,False,False,True,isaaclab.ContactSensor.net_forces_w,wheel_geometry_approximation
8.283333333333504,rear_left_wheel,ground_or_obstacle,True,"[-0.09655968844890594, 0.07403426617383957, -7.746666669845859e-05]","[1.343588377639625e-07, 0.0, 0.999999999999991]",5.822406768798828,0.0,5.8224067687988805,1.05,nan,0.12897046522401617,False,False,True,isaaclab.ContactSensor.net_forces_w,wheel_geometry_approximation
8.283333333333504,rear_right_wheel,ground_or_obstacle,True,"[-0.09957452863454819, -0.3222733438014984, -1.2695044279101286e-05]","[1.343588361436879e-07, 0.0, 0.999999999999991]",8.521807670593262,0.0,8.521807670593338,1.05,nan,0.07870223287959573,False,False,True,isaaclab.ContactSensor.net_forces_w,wheel_geometry_approximation
8.308333333333502,front_left_wheel,ground_or_obstacle,True,"[0.46034878492355347, 0.08007176220417023, -3.812387585640231e-05]","[1.3435883815896647e-07, 0.0, 0.999999999999991]",8.702472686767578,0.0,8.702472686767656,1.05,nan,0.042276895272474725,False,False,True,isaaclab.ContactSensor.net_forces_w,wheel_geometry_approximation
8.308333333333502,front_right_wheel,ground_or_obstacle,True,"[0.46370312571525574, -0.3182220160961151, -3.6507844927702315e-08]","[1.3435883314200488e-07, 0.0, 0.9999999999999909]",5.7396697998046875,0.0,5.73966979980474,1.05,nan,0.02011659220288921,False,False,True,isaaclab.ContactSensor.net_forces_w,wheel_geometry_approximation
8.308333333333502,rear_left_wheel,ground_or_obstacle,True,"[-0.09579361230134964, 0.07404128462076187, -0.00012705400586128512]","[1.3435883301444212e-07, 0.0, 0.999999999999991]",5.828468322753906,0.0,5.828468322753959,1.05,nan,0.0596627668211685,False,False,True,isaaclab.ContactSensor.net_forces_w,wheel_geometry_approximation
8.308333333333502,rear_right_wheel,ground_or_obstacle,True,"[-0.09882703423500061, -0.3222663700580597, -3.833621740341464e-05]","[1.3435884690868132e-07, 0.0, 0.999999999999991]",8.460108757019043,0.0,8.46010875701912,1.05,nan,0.08549035575106993,False,False,True,isaaclab.ContactSensor.net_forces_w,wheel_geometry_approximation
8.333333333333501,front_left_wheel,ground_or_obstacle,True,"[0.4611217677593231, 0.08007659763097763, -7.184892892837802e-05]","[1.3435883118216448e-07, 0.0, 0.999999999999991]",8.722513198852539,0.0,8.722513198852617,1.05,nan,0.059918809575929065,False,False,True,isaaclab.ContactSensor.net_forces_w,wheel_geometry_approximation
8.333333333333501,front_right_wheel,ground_or_obstacle,True,"[0.46445485949516296, -0.3182172477245331, -1.0962784290316496e-05]","[1.343588477997296e-07, 0.0, 0.999999999999991]",5.818624496459961,0.0,5.818624496460013,1.05,nan,0.04804459616175541,False,False,True,isaaclab.ContactSensor.net_forces_w,wheel_geometry_approximation
8.333333333333501,rear_left_wheel,ground_or_obstacle,True,"[-0.09502025693655014, 0.07404771447181702, -0.00018874481320381442]","[1.343588341638515e-07, 0.0, 0.999999999999991]",5.853243350982666,0.0,5.853243350982718,1.05,nan,0.14898845315165848,False,False,True,isaaclab.ContactSensor.net_forces_w,wheel_geometry_approximation
8.333333333333501,rear_right_wheel,ground_or_obstacle,True,"[-0.09807457029819489, -0.32225993275642395, -7.603615522384921e-05]","[1.3435884373026962e-07, 0.0, 0.999999999999991]",8.457356452941895,0.0,8.457356452941971,1.05,nan,0.11494348612842328,False,False,True,isaaclab.ContactSensor.net_forces_w,wheel_geometry_approximation
8.3583333333335,front_left_wheel,ground_or_obstacle,True,"[0.461864709854126, 0.08007597923278809, -3.5035610198977385e-05]","[1.3435884066054998e-07, 0.0, 0.999999999999991]",9.122892379760742,0.0,9.122892379760824,1.05,nan,0.11085270257115264,False,False,True,isaaclab.ContactSensor.net_forces_w,wheel_geometry_approximation
8.3583333333335,front_right_wheel,ground_or_obstacle,True,"[0.46519267559051514, -0.3182178735733032, -1.5977025032046233e-05]","[1.3435885322302604e-07, 0.0, 0.999999999999991]",5.339457988739014,0.0,5.339457988739062,1.05,nan,0.053137406386277265,False,False,True,isaaclab.ContactSensor.net_forces_w,wheel_geometry_approximation
8.3583333333335,rear_left_wheel,ground_or_obstacle,True,"[-0.09425556659698486, 0.07405054569244385, -0.00026346296072006503]","[1.3435883485757705e-07, 0.0, 0.9999999999999909]",5.569535255432129,0.0,5.5695352554321795,1.05,nan,0.1879039120708728,False,False,True,isaaclab.ContactSensor.net_forces_w,wheel_geometry_approximation
8.3583333333335,rear_right_wheel,ground_or_obstacle,True,"[-0.09733057022094727, -0.3222571015357971, -0.00012395083904266635]","[1.3435885446427183e-07, 0.0, 0.9999999999999911]",8.75767993927002,0.0,8.757679939270098,1.05,nan,0.1565995045675743,False,False,True,isaaclab.ContactSensor.net_forces_w,wheel_geometry_approximation
8.383333333333498,front_left_wheel,ground_or_obstacle,True,"[0.4626143276691437, 0.08008050918579102, -1.2855231761935149e-05]","[1.3435883839716635e-07, 0.0, 0.999999999999991]",9.090250015258789,0.0,9.09025001525887,1.05,nan,0.09077441641707844,False,False,True,isaaclab.ContactSensor.net_forces_w,wheel_geometry_approximation
8.383333333333498,front_right_wheel,ground_or_obstacle,True,"[0.4659246802330017, -0.31821340322494507, -9.790062904385666e-07]","[1.3435884976252558e-07, 0.0, 0.9999999999999909]",5.37019681930542,0.0,5.370196819305469,1.05,nan,0.07386010241829287,False,False,True,isaaclab.ContactSensor.net_forces_w,wheel_geometry_approximation
8.383333333333498,rear_left_wheel,ground_or_obstacle,True,"[-0.09348595887422562, 0.07405749708414078, -0.0003481015563011197]","[1.3435884465435647e-07, 0.0, 0.9999999999999909]",5.5702595710754395,0.0,5.57025957107549,1.05,nan,0.1693146923559225,False,False,True,isaaclab.ContactSensor.net_forces_w,wheel_geometry_approximation
8.383333333333498,rear_right_wheel,ground_or_obstacle,True,"[-0.09656977653503418, -0.3222501873970032, -0.0001846395432949094]","[1.3435884575628998e-07, 0.0, 0.999999999999991]",8.70724105834961,0.0,8.707241058349688,1.05,nan,0.13345584330961865,False,False,True,isaaclab.ContactSensor.net_forces_w,wheel_geometry_approximation
8.408333333333497,front_left_wheel,ground_or_obstacle,True,"[0.46337395906448364, 0.0800841748714447, -1.8320977687863449e-06]","[1.3435882644061478e-07, 0.0, 0.999999999999991]",9.130337715148926,0.0,9.130337715149007,1.05,nan,0.08749376161698288,False,False,True,isaaclab.ContactSensor.net_forces_w,wheel_geometry_approximation
8.408333333333497,front_right_wheel,ground_or_obstacle,True,"[0.46666520833969116, -0.31820976734161377, 2.250820398327913e-06]","[1.3435885217681568e-07, 0.0, 0.9999999999999911]",5.366597652435303,0.0,5.366597652435351,1.05,nan,0.07042137420436811,False,False,True,isaaclab.ContactSensor.net_forces_w,wheel_geometry_approximation
8.408333333333497,rear_left_wheel,ground_or_obstacle,True,"[-0.0927121564745903, 0.07406160980463028, -0.00044632256031036655]","[1.3435885404016907e-07, 0.0, 0.999999999999991]",5.512983322143555,0.0,5.512983322143604,1.05,nan,0.15987046047178416,False,False,True,isaaclab.ContactSensor.net_forces_w,wheel_geometry_approximation
8.408333333333497,rear_right_wheel,ground_or_obstacle,True,"[-0.09579820185899734, -0.32224607467651367, -0.0002581134438514737]","[1.3435882919383135e-07, 0.0, 0.999999999999991]",8.72458553314209,0.0,8.724585533142168,1.05,nan,0.12953250472640476,False,False,True,isaaclab.ContactSensor.net_forces_w,wheel_geometry_approximation
8.433333333333495,front_left_wheel,ground_or_obstacle,True,"[0.46412935853004456, 0.08008967339992523, -1.5601515769986252e-06]","[1.343588475821359e-07, 0.0, 0.999999999999991]",9.66682243347168,0.0,9.666822433471767,1.05,nan,0.10581787112513051,False,False,True,isaaclab.ContactSensor.net_forces_w,wheel_geometry_approximation
8.433333333333495,front_right_wheel,ground_or_obstacle,True,"[0.4674011170864105, -0.3182043433189392, -5.225837230685149e-06]","[1.3435884356871158e-07, 0.0, 0.9999999999999911]",4.682365894317627,0.0,4.682365894317669,1.05,nan,0.07754985422318975,False,False,True,isaaclab.ContactSensor.net_forces_w,wheel_geometry_approximation
8.433333333333495,rear_left_wheel,ground_or_obstacle,True,"[-0.09194519370794296, 0.07407188415527344, -0.0005557902157306699]","[1.343588381557662e-07, 0.0, 0.999999999999991]",4.539207935333252,0.0,4.539207935333293,1.05,nan,0.17492426891936005,False,False,True,isaaclab.ContactSensor.net_forces_w,wheel_geometry_approximation
8.433333333333495,rear_right_wheel,ground_or_obstacle,True,"[-0.09508810192346573, -0.32223594188690186, -0.00022654905915260592]","[1.3435884289335006e-07, 0.0, 0.999999999999991]",9.843101501464844,0.0,9.843101501464933,1.05,nan,0.09500308217672665,False,False,True,isaaclab.ContactSensor.net_forces_w,wheel_geometry_approximation
8.458333333333494,front_left_wheel,ground_or_obstacle,True,"[0.4648924171924591, 0.08009768277406693, -1.4404952526095305e-05]","[1.343588429967139e-07, 0.0, 0.999999999999991]",9.925138473510742,0.0,9.925138473510831,1.05,nan,0.088230826943739,False,False,True,isaaclab.ContactSensor.net_forces_w,wheel_geometry_approximation
8.458333333333494,front_right_wheel,ground_or_obstacle,True,"[0.46813279390335083, -0.31819626688957214, -2.5882571935656462e-05]","[1.3435883224969564e-07, 0.0, 0.999999999999991]",4.458587169647217,0.0,4.458587169647257,1.05,nan,0.033372379661040896,False,False,True,isaaclab.ContactSensor.net_forces_w,wheel_geometry_approximation
8.458333333333494,rear_left_wheel,ground_or_obstacle,True,"[-0.0911756157875061, 0.07408037781715393, -0.0006771080195903806]","[1.3435883683811695e-07, 0.0, 0.999999999999991]",4.225505828857422,0.0,4.22550582885746,1.05,nan,0.15338257680266526,False,False,True,isaaclab.ContactSensor.net_forces_w,wheel_geometry_approximation
8.458333333333494,rear_right_wheel,ground_or_obstacle,True,"[-0.09439069777727127, -0.32222747802734375, -0.00016683265566826144]","[1.343588553485603e-07, 0.0, 0.999999999999991]",10.123101234436035,0.0,10.123101234436126,1.05,nan,0.07405877672375362,False,False,True,isaaclab.ContactSensor.net_forces_w,wheel_geometry_approximation
8.483333333333492,front_left_wheel,ground_or_obstacle,True,"[0.46565914154052734, 0.08010288327932358, -3.363862633705417e-05]","[1.343588354542063e-07, 0.0, 0.999999999999991]",9.06770133972168,0.0,9.067701339721761,1.05,nan,0.04983257829648337,False,False,True,isaaclab.ContactSensor.net_forces_w,wheel_geometry_approximation
8.483333333333492,front_right_wheel,ground_or_obstacle,True,"[0.46885204315185547, -0.3181912899017334, -5.7711452245715056e-05]","[1.343588423623131e-07, 0.0, 0.999999999999991]",5.137734889984131,0.0,5.137734889984177,1.05,nan,0.3005208331806855,False,False,True,isaaclab.ContactSensor.net_forces_w,wheel_geometry_approximation
8.483333333333492,rear_left_wheel,ground_or_obstacle,True,"[-0.09042397886514664, 0.07408928126096725, -0.000742509216070178]","[1.343588334242329e-07, 0.0, 0.999999999999991]",5.1131463050842285,0.0,5.113146305084275,1.05,nan,0.17755754218882946,False,False,True,isaaclab.ContactSensor.net_forces_w,wheel_geometry_approximation
8.483333333333492,rear_right_wheel,ground_or_obstacle,True,"[-0.09368658810853958, -0.3222186267375946, -0.00011392235755920688]","[1.3435885091756202e-07, 0.0, 0.999999999999991]",9.431733131408691,0.0,9.431733131408777,1.05,nan,0.05817949617752789,False,False,True,isaaclab.ContactSensor.net_forces_w,wheel_geometry_approximation
8.508333333333491,front_left_wheel,ground_or_obstacle,True,"[0.46642300486564636, 0.08010202646255493, -7.35923647880582e-05]","[1.3435884094914607e-07, 0.0, 0.999999999999991]",8.875955581665039,0.0,8.875955581665119,1.05,nan,0.012231426810575733,False,False,True,isaaclab.ContactSensor.net_forces_w,wheel_geometry_approximation
8.508333333333491,front_right_wheel,ground_or_obstacle,True,"[0.4695894718170166, -0.31819218397140503, -9.50910151004819e-05]","[1.343588398624768e-07, 0.0, 0.9999999999999909]",5.376503944396973,0.0,5.3765039443970215,1.05,nan,0.01596726771256258,False,False,True,isaaclab.ContactSensor.net_forces_w,wheel_geometry_approximation
8.508333333333491,rear_left_wheel,ground_or_obstacle,True,"[-0.08971939235925674, 0.07408803701400757, -0.0006264030933380155]","[1.3435884068849686e-07, 0.0, 0.9999999999999909]",4.9903059005737305,0.0,4.990305900573776,1.05,nan,0.1454752309150136,False,False,True,isaaclab.ContactSensor.net_forces_w,wheel_geometry_approximation
8.508333333333491,rear_right_wheel,ground_or_obstacle,True,"[-0.0929708406329155, -0.3222199082374573, -7.070899009704867e-05]","[1.3435885017199915e-07, 0.0, 0.9999999999999911]",9.359219551086426,0.0,9.35921955108651,1.05,nan,0.05029241133330883,False,False,True,isaaclab.ContactSensor.net_forces_w,wheel_geometry_approximation
8.53333333333349,front_left_wheel,ground_or_obstacle,True,"[0.46720218658447266, 0.08010141551494598, -0.00012225583195686618]","[1.3435884610312255e-07, 0.0, 0.999999999999991]",8.897339820861816,0.0,8.897339820861896,1.05,nan,0.01727938824304606,False,False,True,isaaclab.ContactSensor.net_forces_w,wheel_geometry_approximation
8.53333333333349,front_right_wheel,ground_or_obstacle,True,"[0.47034457325935364, -0.31819283962249756, -0.00014676079154014865]","[1.3435884970119013e-07, 0.0, 0.999999999999991]",5.459216594696045,0.0,5.459216594696094,1.05,nan,0.049307041213223865,False,False,True,isaaclab.ContactSensor.net_forces_w,wheel_geometry_approximation
8.53333333333349,rear_left_wheel,ground_or_obstacle,True,"[-0.08899842202663422, 0.07408679276704788, -0.0005162201821804074]","[1.343588466877596e-07, 0.0, 0.999999999999991]",5.138675212860107,0.0,5.138675212860154,1.05,nan,0.12271023595771996,False,False,True,isaaclab.ContactSensor.net_forces_w,wheel_geometry_approximation
8.53333333333349,rear_right_wheel,ground_or_obstacle,True,"[-0.0922355130314827, -0.32222115993499756, -3.783330321312228e-05]","[1.343588487006606e-07, 0.0, 0.999999999999991]",9.244854927062988,0.0,9.244854927063072,1.05,nan,0.029761861977571382,False,False,True,isaaclab.ContactSensor.net_forces_w,wheel_geometry_approximation
8.558333333333488,front_left_wheel,ground_or_obstacle,True,"[0.4679887890815735, 0.08010035753250122, -0.0001836597919464139]","[1.343588421280278e-07, 0.0, 0.999999999999991]",8.734086036682129,0.0,8.734086036682207,1.05,nan,0.02805150630158595,False,False,True,isaaclab.ContactSensor.net_forces_w,wheel_geometry_approximation
8.558333333333488,front_right_wheel,ground_or_obstacle,True,"[0.47111374139785767, -0.31819406151771545, -0.00021061971783638278]","[1.3435884651073497e-07, 0.0, 0.999999999999991]",5.654603481292725,0.0,5.654603481292775,1.05,nan,0.052404807520928964,False,False,True,isaaclab.ContactSensor.net_forces_w,wheel_geometry_approximation
8.558333333333488,rear_left_wheel,ground_or_obstacle,True,"[-0.08826908469200134, 0.07408743351697922, -0.000415566563606265]","[1.343588463833507e-07, 0.0, 0.999999999999991]",5.304677963256836,0.0,5.304677963256884,1.05,nan,0.11141384634032613,False,False,True,isaaclab.ContactSensor.net_forces_w,wheel_geometry_approximation
8.558333333333488,rear_right_wheel,ground_or_obstacle,True,"[-0.09148938208818436, -0.32222050428390503, -1.5358626842501555e-05]","[1.34358844806357e-07, 0.0, 0.999999999999991]",9.038811683654785,0.0,9.038811683654867,1.05,nan,0.027182430906602408,False,False,True,isaaclab.ContactSensor.net_forces_w,wheel_geometry_approximation
8.583333333333487,front_left_wheel,ground_or_obstacle,True,"[0.4686456024646759, 0.08010554313659668, -0.00023760572075844089]","[1.3435883283150714e-07, 0.0, 0.9999999999999909]",7.258414268493652,0.0,7.258414268493718,1.05,nan,0.6210453638232326,False,False,True,isaaclab.ContactSensor.net_forces_w,wheel_geometry_approximation
8.583333333333487,front_right_wheel,ground_or_obstacle,True,"[0.47128990292549133, -0.31818997859954834, -0.0002631351351738004]","[-0.9207228300654291, -9.063826686042219e-08, 0.3902172089955781]",1.9099560976028442,0.0,4.894597300101359,1.05,nan,0.6424485303762233,False,False,True,isaaclab.ContactSensor.net_forces_w,wheel_geometry_approximation
8.583333333333487,rear_left_wheel,ground_or_obstacle,True,"[-0.0876690223813057, 0.07409906387329102, -0.0003361582756042508]","[1.3435884628677877e-07, 0.0, 0.999999999999991]",6.855802059173584,0.0,6.855802059173645,1.05,nan,0.688467448345604,False,False,True,isaaclab.ContactSensor.net_forces_w,wheel_geometry_approximation
8.583333333333487,rear_right_wheel,ground_or_obstacle,True,"[-0.09085241705179214, -0.3222086429595947, -4.931539297106657e-06]","[1.3435883375878818e-07, 0.0, 0.999999999999991]",8.49688720703125,0.0,8.496887207031326,1.05,nan,0.7893601425448249,False,False,True,isaaclab.ContactSensor.net_forces_w,wheel_geometry_approximation
8.608333333333485,front_left_wheel,ground_or_obstacle,True,"[0.46925628185272217, 0.08011916279792786, -0.0002985589206218747]","[1.34358831534722e-07, 0.0, 0.9999999999999909]",6.746358394622803,0.0,6.746358394622864,1.05,nan,0.614352711875127,False,False,True,isaaclab.ContactSensor.net_forces_w,wheel_geometry_approximation
8.608333333333485,front_right_wheel,ground_or_obstacle,True,"[0.47131243348121643, -0.31817758083343506, -0.0003119438886642484]","[-0.9376770922465789, 8.818419008578283e-06, 0.3475077993343976]",1.8464152812957764,0.0,5.313306017396805,1.05,nan,0.754555892129472,False,False,True,isaaclab.ContactSensor.net_forces_w,wheel_geometry_approximation
8.608333333333485,rear_left_wheel,ground_or_obstacle,True,"[-0.08711503446102142, 0.0741172805428505, -0.0002668976783752469]","[1.3435884813641598e-07, 0.0, 0.999999999999991]",7.308569431304932,0.0,7.308569431304997,1.05,nan,0.70297591387132,False,False,True,isaaclab.ContactSensor.net_forces_w,wheel_geometry_approximation
8.608333333333485,rear_right_wheel,ground_or_obstacle,True,"[-0.09025661647319794, -0.3221902549266815, -2.1040439605740646e-06]","[1.3435883757959234e-07, 0.0, 0.9999999999999909]",7.931124210357666,0.0,7.931124210357738,1.05,nan,0.6867974781952898,False,False,True,isaaclab.ContactSensor.net_forces_w,wheel_geometry_approximation
8.633333333333484,front_left_wheel,ground_or_obstacle,True,"[0.4698408544063568, 0.08012901991605759, -0.00035988464951515475]","[1.3435883301421607e-07, 0.0, 0.999999999999991]",5.924587249755859,0.0,5.924587249755913,1.05,nan,0.5609163302716196,False,False,True,isaaclab.ContactSensor.net_forces_w,wheel_geometry_approximation
8.633333333333484,front_right_wheel,ground_or_obstacle,True,"[0.4712584316730499, -0.31816908717155457, -0.00036781951785087863]","[-0.9889948706280922, 1.7928470750736564e-05, 0.14794980753584316]",0.9228109121322632,0.0,6.237324181099037,1.05,nan,0.6684472394894813,False,False,True,isaaclab.ContactSensor.net_forces_w,wheel_geometry_approximation
8.633333333333484,rear_left_wheel,ground_or_obstacle,True,"[-0.08658180385828018, 0.07413109391927719, -0.0002110779285430936]","[1.3435883696928967e-07, 0.0, 0.9999999999999909]",7.941270351409912,0.0,7.941270351409984,1.05,nan,0.6505182625967194,False,False,True,isaaclab.ContactSensor.net_forces_w,wheel_geometry_approximation
8.633333333333484,rear_right_wheel,ground_or_obstacle,True,"[-0.08966734260320663, -0.32217633724212646, -7.062405347826872e-06]","[1.343588393832906e-07, 0.0, 0.999999999999991]",7.569457054138184,0.0,7.569457054138252,1.05,nan,0.6442185391681228,False,False,True,isaaclab.ContactSensor.net_forces_w,wheel_geometry_approximation
8.658333333333482,front_left_wheel,ground_or_obstacle,True,"[0.4704151749610901, 0.08013192564249039, -0.0004334069788455991]","[1.3435885097349108e-07, 0.0, 0.9999999999999909]",5.5746660232543945,0.0,5.574666023254445,1.05,nan,0.5218255544371928,False,False,True,isaaclab.ContactSensor.net_forces_w,wheel_geometry_approximation
8.658333333333482,front_right_wheel,ground_or_obstacle,True,"[0.4712836742401123, -0.3181675672531128, -0.0004189416766166715]","[-0.9903237694810566, 1.2335530385031096e-05, 0.13877619193747165]",0.9361883997917175,0.0,6.746030329276766,1.05,nan,0.5179320966138712,False,False,True,isaaclab.ContactSensor.net_forces_w,wheel_geometry_approximation
8.658333333333482,rear_left_wheel,ground_or_obstacle,True,"[-0.08604246377944946, 0.07414933294057846, -0.0001577690243721036]","[1.343588367144332e-07, 0.0, 0.9999999999999909]",8.354326248168945,0.0,8.354326248169022,1.05,nan,0.6097195741537711,False,False,True,isaaclab.ContactSensor.net_forces_w,wheel_geometry_approximation
8.658333333333482,rear_right_wheel,ground_or_obstacle,True,"[-0.08907167613506317, -0.32215794920921326, -1.9098818302157317e-05]","[1.3435883661484928e-07, 0.0, 0.999999999999991]",7.169595241546631,0.0,7.169595241546696,1.05,nan,0.6193324942581017,False,False,True,isaaclab.ContactSensor.net_forces_w,wheel_geometry_approximation
8.683333333333481,front_left_wheel,ground_or_obstacle,True,"[0.4709729254245758, 0.08013298362493515, -0.0005075849592685727]","[1.3435884352387853e-07, 0.0, 0.999999999999991]",5.0656819343566895,0.0,5.065681934356735,1.05,nan,0.4071410212099135,False,False,True,isaaclab.ContactSensor.net_forces_w,wheel_geometry_approximation
8.683333333333481,front_right_wheel,ground_or_obstacle,True,"[0.4712960720062256, -0.3181677460670471, -0.0004705742001533536]","[-0.9971016850548592, 4.1927528455329416e-05, 0.07608040419741934]",0.559805691242218,0.0,7.3580798780930605,1.05,nan,0.1716418333628881,False,False,True,isaaclab.ContactSensor.net_forces_w,wheel_geometry_approximation
8.683333333333481,rear_left_wheel,ground_or_obstacle,True,"[-0.08551298081874847, 0.07416880875825882, -0.00010865107178688327]","[1.3435884887445572e-07, 0.0, 0.9999999999999909]",9.204286575317383,0.0,9.204286575317466,1.05,nan,0.5804801706617702,False,False,True,isaaclab.ContactSensor.net_forces_w,wheel_geometry_approximation
8.683333333333481,rear_right_wheel,ground_or_obstacle,True,"[-0.0884748250246048, -0.3221384584903717, -3.8205832242968474e-05]","[1.343588402871501e-07, 0.0, 0.9999999999999909]",6.278498649597168,0.0,6.278498649597225,1.05,nan,0.6129794674301725,False,False,True,isaaclab.ContactSensor.net_forces_w,wheel_geometry_approximation
8.70833333333348,front_left_wheel,ground_or_obstacle,True,"[0.4714055061340332, 0.08012785762548447, -0.0005901522934436826]","[-0.6245156620315683, 4.03458292279157e-05, 0.7810122830336831]",3.3312575817108154,0.0,4.2653075426307305,1.05,nan,0.9111092738884473,False,False,True,isaaclab.ContactSensor.net_forces_w,wheel_geometry_approximation
8.70833333333348,front_right_wheel,ground_or_obstacle,True,"[0.47132888436317444, -0.3181737959384918, -0.0005204074084758786]","[-0.992088652997196, 8.326636577046002e-05, 0.12553922757816297]",0.8070333003997803,0.0,6.428534856941883,1.05,nan,0.8730598027563481,False,False,True,isaaclab.ContactSensor.net_forces_w,wheel_geometry_approximation
8.70833333333348,rear_left_wheel,ground_or_obstacle,True,"[-0.08501768857240677, 0.07418335229158401, -6.662607192993442e-05]","[1.3435884678807786e-07, 0.0, 0.9999999999999909]",8.581971168518066,0.0,8.581971168518145,1.05,nan,0.8537301689388991,False,False,True,isaaclab.ContactSensor.net_forces_w,wheel_geometry_approximation
8.70833333333348,rear_right_wheel,ground_or_obstacle,True,"[-0.0879378616809845, -0.3221238851547241, -3.6164373159411345e-05]","[1.343588441489267e-07, 0.0, 0.9999999999999909]",7.157592296600342,0.0,7.157592296600407,1.05,nan,0.8519035104637057,False,False,True,isaaclab.ContactSensor.net_forces_w,wheel_geometry_approximation
8.733333333333478,front_left_wheel,ground_or_obstacle,True,"[0.47143587470054626, 0.08010002225637436, -0.0006597593426704434]","[-0.5523335548240179, 2.8544947801850062e-05, 0.8336232022926482]",3.207064628601074,0.0,3.8471393547839563,1.05,nan,0.8409992408480678,False,False,True,isaaclab.ContactSensor.net_forces_w,wheel_geometry_approximation
8.733333333333478,front_right_wheel,ground_or_obstacle,True,"[0.4713151752948761, -0.31820157170295715, -0.0005672864615917234]","[-0.9964633657623726, 4.028305650152846e-05, 0.08402832302741417]",0.5589417219161987,0.0,6.651825262939551,1.05,nan,0.6809988157307768,False,False,True,isaaclab.ContactSensor.net_forces_w,wheel_geometry_approximation
8.733333333333478,rear_left_wheel,ground_or_obstacle,True,"[-0.08457762002944946, 0.07419273257255554, -4.0429830551150236e-05]","[1.3435884657784396e-07, 0.0, 0.999999999999991]",8.931191444396973,0.0,8.931191444397053,1.05,nan,0.70997611412594,False,False,True,isaaclab.ContactSensor.net_forces_w,wheel_geometry_approximation
8.733333333333478,rear_right_wheel,ground_or_obstacle,True,"[-0.0874636173248291, -0.3221142292022705, -2.98500061035184e-05]","[1.3435884370531592e-07, 0.0, 0.999999999999991]",6.692449569702148,0.0,6.692449569702209,1.05,nan,0.7232178000720211,False,False,True,isaaclab.ContactSensor.net_forces_w,wheel_geometry_approximation
8.758333333333477,front_left_wheel,ground_or_obstacle,True,"[0.4714159667491913, 0.0800873190164566, -0.0007454521954059629]","[-0.7480366853325476, 6.826765759148711e-05, 0.6636573760128205]",2.548346996307373,0.0,3.83985334664335,1.05,nan,0.7666540502437559,False,False,True,isaaclab.ContactSensor.net_forces_w,wheel_geometry_approximation
8.758333333333477,front_right_wheel,ground_or_obstacle,True,"[0.4713497757911682, -0.31821414828300476, -0.0006157040596008329]","[-0.9954187138611321, 7.546086594950156e-05, 0.095611601810174]",0.6626749038696289,0.0,6.930904736700205,1.05,nan,0.4879823284397671,False,False,True,isaaclab.ContactSensor.net_forces_w,wheel_geometry_approximation
8.758333333333477,rear_left_wheel,ground_or_obstacle,True,"[-0.08413860946893692, 0.07420167326927185, -1.4460831880572234e-05]","[1.343588355002205e-07, 0.0, 0.9999999999999909]",9.002991676330566,0.0,9.002991676330648,1.05,nan,0.5898131658374747,False,False,True,isaaclab.ContactSensor.net_forces_w,wheel_geometry_approximation
8.758333333333477,rear_right_wheel,ground_or_obstacle,True,"[-0.08700032532215118, -0.3221052289009094, -3.358274698257724e-05]","[1.3435883159438484e-07, 0.0, 0.999999999999991]",6.90867280960083,0.0,6.908672809600892,1.05,nan,0.5845954449790777,False,False,True,isaaclab.ContactSensor.net_forces_w,wheel_geometry_approximation
8.783333333333475,front_left_wheel,ground_or_obstacle,True,"[0.4714992642402649, 0.08005265146493912, -0.0008372433483600644]","[-0.7530782172738131, 4.724492715148271e-08, 0.6579309984091746]",2.414337635040283,0.0,3.669590946281543,1.05,nan,0.876499793851007,False,False,True,isaaclab.ContactSensor.net_forces_w,wheel_geometry_approximation
8.783333333333475,front_right_wheel,ground_or_obstacle,True,"[0.47135695815086365, -0.31824877858161926, -0.0006609477102756528]","[-0.9952427803078872, 0.00013428037233457457, 0.09742581903072968]",0.7128976583480835,0.0,7.3173381085277205,1.05,nan,0.865599086042124,False,False,True,isaaclab.ContactSensor.net_forces_w,wheel_geometry_approximation
8.783333333333475,rear_left_wheel,ground_or_obstacle,True,"[-0.08371052145957947, 0.07420645654201508, 1.6510486602755448e-06]","[1.3435884524793595e-07, 0.0, 0.9999999999999909]",9.339838981628418,0.0,9.339838981628503,1.05,nan,0.7715931285721791,False,False,True,isaaclab.ContactSensor.net_forces_w,wheel_geometry_approximation
8.783333333333475,rear_right_wheel,ground_or_obstacle,True,"[-0.08654270321130753, -0.32210010290145874, -3.419369459152499e-05]","[1.3435882911519434e-07, 0.0, 0.999999999999991]",6.819372653961182,0.0,6.819372653961243,1.05,nan,0.7905764060264201,False,False,True,isaaclab.ContactSensor.net_forces_w,wheel_geometry_approximation
8.808333333333474,front_left_wheel,ground_or_obstacle,True,"[0.4714987874031067, 0.08003409206867218, -0.0009357698261737851]","[-0.6819669507415944, 1.3832572040047522e-05, 0.7313829898930324]",2.5151541233062744,0.0,3.4389015851655578,1.05,nan,0.9094465439359519,False,False,True,isaaclab.ContactSensor.net_forces_w,wheel_geometry_approximation
8.808333333333474,front_right_wheel,ground_or_obstacle,True,"[0.4713846445083618, -0.31826722621917725, -0.0006872594356536893]","[-0.9999990983649647, 5.363518688035583e-06, 0.0013428479029000437]",0.010451674461364746,0.0,7.783215387828421,1.05,nan,0.4872075706016791,False,False,True,isaaclab.ContactSensor.net_forces_w,wheel_geometry_approximation
8.808333333333474,rear_left_wheel,ground_or_obstacle,True,"[-0.08328025788068771, 0.07421071082353592, 1.3251602649685945e-05]","[1.3435884542251537e-07, 0.0, 0.999999999999991]",9.62251091003418,0.0,9.622510910034267,1.05,nan,0.8238696919119005,False,False,True,isaaclab.ContactSensor.net_forces_w,wheel_geometry_approximation
8.808333333333474,rear_right_wheel,ground_or_obstacle,True,"[-0.08608876168727875, -0.3220958113670349, -4.616305232048312e-05]","[1.3435884064255175e-07, 0.0, 0.9999999999999909]",6.546327114105225,0.0,6.546327114105284,1.05,nan,0.7982343732052856,False,False,True,isaaclab.ContactSensor.net_forces_w,wheel_geometry_approximation
8.833333333333472,front_left_wheel,ground_or_obstacle,True,"[0.47155100107192993, 0.08000228554010391, -0.001037112623453143]","[-0.7352448227802679, 6.0186522648653905e-05, 0.6778016280243025]",2.29129958152771,0.0,3.380486984379972,1.05,nan,0.8853960435016177,False,False,True,isaaclab.ContactSensor.net_forces_w,wheel_geometry_approximation
8.833333333333472,front_right_wheel,ground_or_obstacle,True,"[0.47140565514564514, -0.31829899549484253, -0.0007259950041770963]","[-0.9999829790820475, 5.9983926541661474e-05, 0.005834205011986418]",0.04596235603094101,0.0,7.878083806878744,1.05,nan,0.11989316541150662,False,False,True,isaaclab.ContactSensor.net_forces_w,wheel_geometry_approximation
8.833333333333472,rear_left_wheel,ground_or_obstacle,True,"[-0.08286639302968979, 0.07421102374792099, 2.246424555778226e-05]","[1.343588559640764e-07, 0.0, 0.9999999999999909]",9.747503280639648,0.0,9.747503280639737,1.05,nan,0.7249794071631368,False,False,True,isaaclab.ContactSensor.net_forces_w,wheel_geometry_approximation
8.833333333333472,rear_right_wheel,ground_or_obstacle,True,"[-0.08564109355211258, -0.3220953941345215, -6.0281902551653777e-05]","[1.343588386819664e-07, 0.0, 0.999999999999991]",6.55767822265625,0.0,6.557678222656309,1.05,nan,0.7555139147345699,False,False,True,isaaclab.ContactSensor.net_forces_w,wheel_geometry_approximation
8.858333333333471,front_left_wheel,ground_or_obstacle,True,"[0.471580445766449, 0.0799885243177414, -0.0009823545813560514]","[-0.8054465613208063, 1.8926756226760555e-06, 0.5926684037916198]",2.312657594680786,0.0,3.9021104885724744,1.05,nan,0.7531707120568629,False,False,True,isaaclab.ContactSensor.net_forces_w,wheel_geometry_approximation
8.858333333333471,front_right_wheel,ground_or_obstacle,True,"[0.4714353382587433, -0.3183126151561737, -0.0006536610424518613]","[-0.9999478397511417, 8.196370368195158e-05, 0.010213278561573525]",0.07897650450468063,0.0,7.732727941233495,1.05,nan,0.3868732435087018,False,False,True,isaaclab.ContactSensor.net_forces_w,wheel_geometry_approximation
8.858333333333471,rear_left_wheel,ground_or_obstacle,True,"[-0.08246885985136032, 0.07420063018798828, 1.9830465316769685e-05]","[1.3435884602190077e-07, 0.0, 0.999999999999991]",10.43802547454834,0.0,10.438025474548434,1.05,nan,0.38797851375167774,False,False,True,isaaclab.ContactSensor.net_forces_w,wheel_geometry_approximation
8.858333333333471,rear_right_wheel,ground_or_obstacle,True,"[-0.08520539849996567, -0.32210573554039, -7.307082414627353e-05]","[1.3435883375321361e-07, 0.0, 0.999999999999991]",6.381648063659668,0.0,6.381648063659726,1.05,nan,0.476720737892578,False,False,True,isaaclab.ContactSensor.net_forces_w,wheel_geometry_approximation
8.88333333333347,front_left_wheel,ground_or_obstacle,True,"[0.47165626287460327, 0.07996504753828049, -0.0008921317756176023]","[-0.7422551624030954, 3.6710193425796773e-06, 0.6701173582832176]",1.793992280960083,0.0,2.6771314886636204,1.05,nan,0.697926808066704,False,False,True,isaaclab.ContactSensor.net_forces_w,wheel_geometry_approximation
8.88333333333347,front_right_wheel,ground_or_obstacle,True,"[0.4714581072330475, -0.3183360993862152, -0.0005125880241394071]","[-0.9999018392581194, 7.927228065900717e-05, 0.01401090875481316]",0.11988130956888199,0.0,8.556283654884215,1.05,nan,0.29631083621478094,False,False,True,isaaclab.ContactSensor.net_forces_w,wheel_geometry_approximation
8.88333333333347,rear_left_wheel,ground_or_obstacle,True,"[-0.08209071308374405, 0.07418650388717651, 1.4577805995938387e-05]","[1.3435884545760617e-07, 0.0, 0.999999999999991]",9.930074691772461,0.0,9.93007469177255,1.05,nan,0.16693407830474197,False,False,True,isaaclab.ContactSensor.net_forces_w,wheel_geometry_approximation
8.88333333333347,rear_right_wheel,ground_or_obstacle,True,"[-0.08481176197528839, -0.3221197724342346, -8.404180407524386e-05]","[1.3435883511440784e-07, 0.0, 0.999999999999991]",6.096262454986572,0.0,6.096262454986627,1.05,nan,0.31826247163944926,False,False,True,isaaclab.ContactSensor.net_forces_w,wheel_geometry_approximation
8.908333333333468,front_left_wheel,ground_or_obstacle,True,"[0.4717552661895752, 0.07994554191827774, -0.0007898353040218381]","[-0.7052632671172384, 4.019143203805649e-05, 0.7089455003311382]",2.9614360332489014,0.0,4.177240749628367,1.05,nan,0.11899995796384306,False,False,True,isaaclab.ContactSensor.net_forces_w,wheel_geometry_approximation
8.908333333333468,front_right_wheel,ground_or_obstacle,True,"[0.47147336602211, -0.31835588812828064, -0.000464811176061633]","[-0.9998411562491021, 0.00012453867470002135, 0.01782264740652227]",0.1406620740890503,0.0,7.892322104603519,1.05,nan,0.6496936321075019,False,False,True,isaaclab.ContactSensor.net_forces_w,wheel_geometry_approximation
8.908333333333468,rear_left_wheel,ground_or_obstacle,True,"[-0.08171359449625015, 0.0741674080491066, 2.592876553535184e-05]","[1.34358852811399e-07, 0.0, 0.999999999999991]",8.930910110473633,0.0,8.930910110473713,1.05,nan,0.1644598503641276,False,False,True,isaaclab.ContactSensor.net_forces_w,wheel_geometry_approximation
8.908333333333468,rear_right_wheel,ground_or_obstacle,True,"[-0.0844176858663559, -0.3221389651298523, -0.0001153975725173978]","[1.3435883985611308e-07, 0.0, 0.999999999999991]",7.880847930908203,0.0,7.880847930908274,1.05,nan,0.32389779288723347,False,False,True,isaaclab.ContactSensor.net_forces_w,wheel_geometry_approximation
8.933333333333467,front_left_wheel,ground_or_obstacle,True,"[0.4717670679092407, 0.07995812594890594, -0.0007183283567428617]","[-0.5389812063275773, -4.446483631086949e-06, 0.8423177899141739]",2.069774866104126,0.0,2.4572375068975107,1.05,nan,0.7453067587764094,False,False,True,isaaclab.ContactSensor.net_forces_w,wheel_geometry_approximation
8.933333333333467,front_right_wheel,ground_or_obstacle,True,"[0.4715125858783722, -0.3183431029319763, -0.00026233419775963107]","[-0.9997577997285998, 0.00010957408100586043, 0.02200749589003236]",0.1883997917175293,0.0,8.56071007164697,1.05,nan,0.2836522120990661,False,False,True,isaaclab.ContactSensor.net_forces_w,wheel_geometry_approximation
8.933333333333467,rear_left_wheel,ground_or_obstacle,True,"[-0.081361323595047, 0.07416719943284988, 1.0967999696728792e-05]","[1.3435884610188347e-07, 0.0, 0.9999999999999909]",10.94576644897461,0.0,10.945766448974709,1.05,nan,0.3391219393510679,False,False,True,isaaclab.ContactSensor.net_forces_w,wheel_geometry_approximation
8.933333333333467,rear_right_wheel,ground_or_obstacle,True,"[-0.08402900397777557, -0.32213926315307617, -0.00013590529561043063]","[1.3435883743375462e-07, 0.0, 0.999999999999991]",5.245081901550293,0.0,5.24508190155034,1.05,nan,0.693115612555558,False,False,True,isaaclab.ContactSensor.net_forces_w,wheel_geometry_approximation
8.958333333333465,front_left_wheel,ground_or_obstacle,True,"[0.47189396619796753, 0.0799272283911705, -0.0006258256733417539]","[-0.374797826650568, 5.921795156072299e-06, 0.9271065683636068]",3.250032424926758,0.0,3.5055650944888037,1.05,nan,0.6052036171023343,False,False,True,isaaclab.ContactSensor.net_forces_w,wheel_geometry_approximation
8.958333333333465,front_right_wheel,ground_or_obstacle,True,"[0.4715309143066406, -0.3183741867542267, -0.00016537606716156283]","[-0.9999976788647117, 3.1127656567033965e-05, 0.002154366788100866]",0.018716298043727875,0.0,8.687609810503444,1.05,nan,0.15615945111125526,False,False,True,isaaclab.ContactSensor.net_forces_w,wheel_geometry_approximation
8.958333333333465,rear_left_wheel,ground_or_obstacle,True,"[-0.0809960812330246, 0.0741460844874382, 2.552568912503328e-06]","[1.3435885725091308e-07, 0.0, 0.9999999999999911]",8.977546691894531,0.0,8.977546691894611,1.05,nan,0.29218806210822906,False,False,True,isaaclab.ContactSensor.net_forces_w,wheel_geometry_approximation
8.958333333333465,rear_right_wheel,ground_or_obstacle,True,"[-0.08364316076040268, -0.3221603333950043, -0.00015906542539596835]","[1.3435884448182319e-07, 0.0, 0.9999999999999909]",6.551432132720947,0.0,6.551432132721007,1.05,nan,0.0061266845005382205,False,False,True,isaaclab.ContactSensor.net_forces_w,wheel_geometry_approximation
8.983333333333464,front_left_wheel,ground_or_obstacle,True,"[0.4719569981098175, 0.07990218698978424, -0.0005451656877994565]","[-0.8360387323393854, 2.818561199095546e-05, 0.5486704267900036]",2.2261276245117188,0.0,4.057312943829831,1.05,nan,0.6629287962946283,False,False,True,isaaclab.ContactSensor.net_forces_w,wheel_geometry_approximation
8.983333333333464,front_right_wheel,ground_or_obstacle,True,"[0.47153300046920776, -0.3183993101119995, -9.943097829819003e-05]","[-0.9999820536717274, 4.1213850380023485e-05, 0.005990879392312396]",0.053011614829301834,0.0,8.848720088961779,1.05,nan,0.6820174933399847,False,False,True,isaaclab.ContactSensor.net_forces_w,wheel_geometry_approximation
8.983333333333464,rear_left_wheel,ground_or_obstacle,True,"[-0.08063045144081116, 0.07413889467716217, -8.548796176913176e-06]","[1.3435884841366304e-07, 0.0, 0.999999999999991]",10.083107948303223,0.0,10.083107948303313,1.05,nan,0.3167557758823203,False,False,True,isaaclab.ContactSensor.net_forces_w,wheel_geometry_approximation
8.983333333333464,rear_right_wheel,ground_or_obstacle,True,"[-0.08337557315826416, -0.32216769456863403, -0.00019227266311645785]","[1.34358834007279e-07, 0.0, 0.9999999999999911]",6.065251350402832,0.0,6.065251350402886,1.05,nan,0.46887380384262933,False,False,True,isaaclab.ContactSensor.net_forces_w,wheel_geometry_approximation
9.008333333333463,front_left_wheel,ground_or_obstacle,True,"[0.47203370928764343, 0.07990337908267975, -0.00046779140830040256]","[-0.02792692748956861, -1.49923645126097e-07, 0.9996099672977306]",3.0775067806243896,0.0,3.078707577260246,1.05,nan,0.5833171804555674,False,False,True,isaaclab.ContactSensor.net_forces_w,wheel_geometry_approximation
9.008333333333463,front_right_wheel,ground_or_obstacle,True,"[0.4715515077114105, -0.31839802861213684, 9.075999259948453e-05]","[-0.9999595935926657, 4.022613402190894e-05, 0.008989413988086429]",0.09100800007581711,0.0,10.12390798737593,1.05,nan,0.6016345843421813,False,False,True,isaaclab.ContactSensor.net_forces_w,wheel_geometry_approximation
9.008333333333463,rear_left_wheel,ground_or_obstacle,True,"[-0.08029214292764664, 0.07413049042224884, -1.87970697879819e-05]","[1.3435884293604624e-07, 0.0, 0.9999999999999909]",10.707792282104492,0.0,10.70779228210459,1.05,nan,0.256644892039933,False,False,True,isaaclab.ContactSensor.net_forces_w,wheel_geometry_approximation
9.008333333333463,rear_right_wheel,ground_or_obstacle,True,"[-0.08298330754041672, -0.32217642664909363, -0.00022990927100181857]","[1.3435884366947227e-07, 0.0, 0.9999999999999911]",4.573519706726074,0.0,4.573519706726115,1.05,nan,0.6543830592396791,False,False,True,isaaclab.ContactSensor.net_forces_w,wheel_geometry_approximation
9.033333333333461,front_left_wheel,ground_or_obstacle,True,"[0.472117155790329, 0.07988548278808594, -0.00041194558143616]","[-0.1515221833366022, -5.127434997893137e-07, 0.9884538572723799]",2.266944408416748,0.0,2.2934246163724215,1.05,nan,0.6303185020231824,False,False,True,isaaclab.ContactSensor.net_forces_w,wheel_geometry_approximation
9.033333333333461,front_right_wheel,ground_or_obstacle,True,"[0.47156673669815063, -0.3184162378311157, 7.817596197128018e-05]","[-0.999920635190421, 3.777875529557172e-05, 0.012598487732702715]",0.12270341068506241,0.0,9.739534878186465,1.05,nan,0.5651319731057831,False,False,True,isaaclab.ContactSensor.net_forces_w,wheel_geometry_approximation
9.033333333333461,rear_left_wheel,ground_or_obstacle,True,"[-0.07995854318141937, 0.07411663234233856, -1.26838684082059e-05]","[1.3435884302904932e-07, 0.0, 0.999999999999991]",11.059466361999512,0.0,11.059466361999611,1.05,nan,0.41510650323824416,False,False,True,isaaclab.ContactSensor.net_forces_w,wheel_geometry_approximation
9.033333333333461,rear_right_wheel,ground_or_obstacle,True,"[-0.08272410184144974, -0.32219019532203674, -0.0002594172954559354]","[1.3435883566613916e-07, 0.0, 0.999999999999991]",3.8795013427734375,0.0,3.8795013427734726,1.05,nan,0.7206941145551056,False,False,True,isaaclab.ContactSensor.net_forces_w,wheel_geometry_approximation
9.05833333333346,front_right_wheel,ground_or_obstacle,True,"[0.47159984707832336, -0.31842347979545593, 0.00019298195838927945]","[-0.9998662620900138, 5.1724612571679784e-05, 0.016354059395399766]",0.17737507820129395,0.0,10.845935795683108,1.05,nan,0.02425022104858881,False,False,True,isaaclab.ContactSensor.net_forces_w,wheel_geometry_approximation
9.05833333333346,rear_left_wheel,ground_or_obstacle,True,"[-0.0796668529510498, 0.0741211473941803, -5.758553743365202e-06]","[1.343588472799363e-07, 0.0, 0.999999999999991]",13.811553001403809,0.0,13.811553001403933,1.05,nan,0.01397260008580695,False,False,True,isaaclab.ContactSensor.net_forces_w,wheel_geometry_approximation
9.083333333333458,front_left_wheel,ground_or_obstacle,True,"[0.47227174043655396, 0.07987461239099503, -0.0002832926809787778]","[-0.9485196494966859, 9.05219548058659e-06, 0.3167182887626506]",1.0750538110733032,0.0,3.394353434003778,1.05,nan,0.7550328395727567,False,False,True,isaaclab.ContactSensor.net_forces_w,wheel_geometry_approximation
9.083333333333458,front_right_wheel,ground_or_obstacle,True,"[0.47165459394454956, -0.3184272050857544, 0.00021126195788383206]","[-0.9998025307636971, 6.667318490570322e-05, 0.01987196601227185]",0.1875455677509308,0.0,9.437695678178635,1.05,nan,0.3974232320361816,False,False,True,isaaclab.ContactSensor.net_forces_w,wheel_geometry_approximation
9.083333333333458,rear_left_wheel,ground_or_obstacle,True,"[-0.07939586788415909, 0.07408672571182251, -1.0571628808977995e-05]","[1.343588390701905e-07, 0.0, 0.999999999999991]",11.005348205566406,0.0,11.005348205566506,1.05,nan,0.07900775103220913,False,False,True,isaaclab.ContactSensor.net_forces_w,wheel_geometry_approximation
9.083333333333458,rear_right_wheel,ground_or_obstacle,True,"[-0.08231648057699203, -0.32222068309783936, -0.00035422965884208957]","[1.343588352270707e-07, 0.0, 0.9999999999999909]",5.772976875305176,0.0,5.772976875305228,1.05,nan,0.08474861776860926,False,False,True,isaaclab.ContactSensor.net_forces_w,wheel_geometry_approximation
9.108333333333457,front_left_wheel,ground_or_obstacle,True,"[0.4724314212799072, 0.0798327773809433, -0.00022396743297577182]","[-0.4057429637333139, 1.8256815692613598e-05, 0.9139872247726416]",4.570276260375977,0.0,5.000372145806363,1.05,nan,0.9849093035800518,False,False,True,isaaclab.ContactSensor.net_forces_w,wheel_geometry_approximation
9.108333333333457,front_right_wheel,ground_or_obstacle,True,"[0.47166597843170166, -0.31846940517425537, 0.00011877790093421658]","[-0.9997366278934188, 9.15898989058444e-05, 0.022949214792366]",0.2013421207666397,0.0,8.773377328518258,1.05,nan,0.7081708987209353,False,False,True,isaaclab.ContactSensor.net_forces_w,wheel_geometry_approximation
9.108333333333457,rear_left_wheel,ground_or_obstacle,True,"[-0.07911840081214905, 0.0740714818239212, -3.4488737583188156e-06]","[1.3435884748547547e-07, 0.0, 0.999999999999991]",10.645008087158203,0.0,10.645008087158299,1.05,nan,0.02404959799405813,False,False,True,isaaclab.ContactSensor.net_forces_w,wheel_geometry_approximation
9.108333333333457,rear_right_wheel,ground_or_obstacle,True,"[-0.08215610682964325, -0.3222357928752899, -0.000409404933452609]","[1.3435883489220865e-07, 0.0, 0.9999999999999909]",8.160663604736328,0.0,8.160663604736403,1.05,nan,0.1527612157577207,False,False,True,isaaclab.ContactSensor.net_forces_w,wheel_geometry_approximation
9.133333333333455,front_left_wheel,ground_or_obstacle,True,"[0.4723902940750122, 0.07982607185840607, -0.00018156245350837985]","[-0.8150373801077487, 1.7076945179814924e-09, 0.5794083784577999]",2.0147430896759033,0.0,3.4772418980866413,1.05,nan,0.3977213795207329,False,False,True,isaaclab.ContactSensor.net_forces_w,wheel_geometry_approximation
9.133333333333455,front_right_wheel,ground_or_obstacle,True,"[0.47170594334602356, -0.3184759318828583, 0.00016312003135680875]","[-0.9999966909575879, 2.5471115054051827e-05, 0.002572435635087523]",0.022808406502008438,0.0,8.866463436793596,1.05,nan,0.5346427089613733,False,False,True,isaaclab.ContactSensor.net_forces_w,wheel_geometry_approximation
9.133333333333455,rear_left_wheel,ground_or_obstacle,True,"[-0.07884106040000916, 0.07406094670295715, -4.7415494918851e-06]","[1.343588508269184e-07, 0.0, 0.999999999999991]",10.804021835327148,0.0,10.804021835327246,1.05,nan,0.11322719142025289,False,False,True,isaaclab.ContactSensor.net_forces_w,wheel_geometry_approximation
9.133333333333455,rear_right_wheel,ground_or_obstacle,True,"[-0.08192746341228485, -0.32224634289741516, -0.0004554122686386136]","[1.3435884352109608e-07, 0.0, 0.9999999999999909]",8.430588722229004,0.0,8.43058872222908,1.05,nan,0.014099147208221585,False,False,True,isaaclab.ContactSensor.net_forces_w,wheel_geometry_approximation
9.158333333333454,front_left_wheel,ground_or_obstacle,True,"[0.4723643362522125, 0.07980473339557648, -0.0001509629189968137]","[-0.7110168719389507, 9.441448684092284e-06, 0.7031749481665347]",2.524501323699951,0.0,3.590146847925059,1.05,nan,0.672880541766861,False,False,True,isaaclab.ContactSensor.net_forces_w,wheel_geometry_approximation
9.158333333333454,front_right_wheel,ground_or_obstacle,True,"[0.47174206376075745, -0.31849732995033264, 5.893409252138992e-07]","[-0.9999780971150964, 3.335914566201915e-05, 0.006618472424841524]",0.05907583236694336,0.0,8.925901412720307,1.05,nan,0.39615263625100955,False,False,True,isaaclab.ContactSensor.net_forces_w,wheel_geometry_approximation
9.158333333333454,rear_left_wheel,ground_or_obstacle,True,"[-0.07860337942838669, 0.07403915375471115, -3.832578659060393e-06]","[1.343588447126425e-07, 0.0, 0.999999999999991]",10.074848175048828,0.0,10.074848175048919,1.05,nan,0.37048215446333727,False,False,True,isaaclab.ContactSensor.net_forces_w,wheel_geometry_approximation
9.158333333333454,rear_right_wheel,ground_or_obstacle,True,"[-0.08190378546714783, -0.32226815819740295, -0.0005169838666915921]","[1.3435884663785762e-07, 0.0, 0.999999999999991]",9.823272705078125,0.0,9.823272705078214,1.05,nan,0.5770423760413455,False,False,True,isaaclab.ContactSensor.net_forces_w,wheel_geometry_approximation
9.183333333333453,front_left_wheel,ground_or_obstacle,True,"[0.4724636673927307, 0.07976755499839783, -0.00010704547166824618]","[-0.9437177333511426, 3.422187756660329e-05, 0.33075192907592355]",0.7453290224075317,0.0,2.253438171894812,1.05,nan,0.6874239202835873,False,False,True,isaaclab.ContactSensor.net_forces_w,wheel_geometry_approximation
9.183333333333453,front_right_wheel,ground_or_obstacle,True,"[0.47177228331565857, -0.31853464245796204, -5.367323756218234e-05]","[-0.9999438780385106, 5.2232280546460944e-05, 0.010594245848240624]",0.09018077701330185,0.0,8.512241296371094,1.05,nan,0.93185362838604,False,False,True,isaaclab.ContactSensor.net_forces_w,wheel_geometry_approximation
9.183333333333453,rear_left_wheel,ground_or_obstacle,True,"[-0.07835254818201065, 0.07402723282575607, -2.5092810392382536e-05]","[1.3435883415149293e-07, 0.0, 0.999999999999991]",9.45222282409668,0.0,9.452222824096765,1.05,nan,0.6439591749044896,False,False,True,isaaclab.ContactSensor.net_forces_w,wheel_geometry_approximation
9.183333333333453,rear_right_wheel,ground_or_obstacle,True,"[-0.08194731175899506, -0.3222801387310028, -0.000562670826911929]","[1.3435884163104756e-07, 0.0, 0.9999999999999909]",9.182528495788574,0.0,9.182528495788658,1.05,nan,0.3543940407547449,False,False,True,isaaclab.ContactSensor.net_forces_w,wheel_geometry_approximation
9.208333333333451,front_left_wheel,ground_or_obstacle,True,"[0.4723617434501648, 0.07974150776863098, -8.48017632961301e-05]","[-0.9514580662999949, 9.833959118372552e-06, 0.3077784072607559]",0.9528694748878479,0.0,3.095959470868787,1.05,nan,0.46104288726511955,False,False,True,isaaclab.ContactSensor.net_forces_w,wheel_geometry_approximation
9.208333333333451,front_right_wheel,ground_or_obstacle,True,"[0.47181203961372375, -0.31856030225753784, -4.7101825475695525e-05]","[-0.999900480656878, 0.00010268205621218901, 0.014107382412759785]",0.14471358060836792,0.0,10.25800367313202,1.05,nan,0.16587395763664695,False,False,True,isaaclab.ContactSensor.net_forces_w,wheel_geometry_approximation
9.208333333333451,rear_left_wheel,ground_or_obstacle,True,"[-0.07814079523086548, 0.07402575016021729, -3.0129402875903044e-05]","[1.3435883782638552e-07, 0.0, 0.9999999999999909]",10.921300888061523,0.0,10.921300888061623,1.05,nan,0.5021988662461969,False,False,True,isaaclab.ContactSensor.net_forces_w,wheel_geometry_approximation
9.208333333333451,rear_right_wheel,ground_or_obstacle,True,"[-0.08183811604976654, -0.3222815990447998, -0.0006208151578903226]","[1.3435884681159144e-07, 0.0, 0.999999999999991]",7.018551349639893,0.0,7.018551349639956,1.05,nan,0.48534521576230316,False,False,True,isaaclab.ContactSensor.net_forces_w,wheel_geometry_approximation
9.23333333333345,front_left_wheel,ground_or_obstacle,True,"[0.47234103083610535, 0.07972840219736099, -5.70520758628873e-05]","[-0.9496564403357294, 2.862418446756736e-05, 0.3132932244871043]",1.4559783935546875,0.0,4.647334445033994,1.05,nan,0.5516164723383327,False,False,True,isaaclab.ContactSensor.net_forces_w,wheel_geometry_approximation
9.23333333333345,front_right_wheel,ground_or_obstacle,True,"[0.47185659408569336, -0.3185732364654541, -0.00019533485174179355]","[-0.9999999999999388, -2.4026117385025403e-07, -2.5428162020806144e-07]",9.749479293823839,0.0,9.749479293823839,1.05,nan,0.18719737183045068,False,False,True,isaaclab.ContactSensor.net_forces_w,wheel_geometry_approximation
9.23333333333345,rear_left_wheel,ground_or_obstacle,True,"[-0.07787347584962845, 0.07401146739721298, -3.492385149002353e-05]","[1.3435884220532367e-07, 0.0, 0.999999999999991]",10.29263973236084,0.0,10.292639732360932,1.05,nan,0.1418808855890566,False,False,True,isaaclab.ContactSensor.net_forces_w,wheel_geometry_approximation
9.23333333333345,rear_right_wheel,ground_or_obstacle,True,"[-0.08174674957990646, -0.32229581475257874, -0.0006946392357349424]","[1.3435884449537233e-07, 0.0, 0.9999999999999909]",8.24210262298584,0.0,8.242102622985914,1.05,nan,0.1497624221386302,False,False,True,isaaclab.ContactSensor.net_forces_w,wheel_geometry_approximation
9.258333333333448,front_left_wheel,ground_or_obstacle,True,"[0.47228023409843445, 0.07971356809139252, -3.484562039375583e-05]","[-0.9992211214853232, 2.806272484190401e-06, 0.039460744667806996]",0.10319160670042038,0.0,2.6150445859326754,1.05,nan,0.7744654757619158,False,False,True,isaaclab.ContactSensor.net_forces_w,wheel_geometry_approximation
9.258333333333448,front_right_wheel,ground_or_obstacle,True,"[0.47189611196517944, -0.3185878098011017, -0.00030263438820839206]","[-0.9999999999999932, -9.110366309848975e-08, -7.19174710616082e-08]",9.78290748596198,0.0,9.78290748596198,1.05,nan,0.9226676556160727,False,False,True,isaaclab.ContactSensor.net_forces_w,wheel_geometry_approximation
9.258333333333448,rear_left_wheel,ground_or_obstacle,True,"[-0.07763922959566116, 0.0739946961402893, -4.2802840471270476e-05]","[1.3435884268363696e-07, 0.0, 0.9999999999999909]",10.3723726272583,0.0,10.372372627258395,1.05,nan,0.38128821237926275,False,False,True,isaaclab.ContactSensor.net_forces_w,wheel_geometry_approximation
9.258333333333448,rear_right_wheel,ground_or_obstacle,True,"[-0.08166329562664032, -0.3223125636577606, -0.0007664963603019742]","[1.3435884441584472e-07, 0.0, 0.999999999999991]",8.523926734924316,0.0,8.523926734924393,1.05,nan,0.3724962234827463,False,False,True,isaaclab.ContactSensor.net_forces_w,wheel_geometry_approximation
9.283333333333447,front_left_wheel,ground_or_obstacle,True,"[0.47231510281562805, 0.07967798411846161, -2.4273246526720915e-05]","[-0.9997852599489393, -1.882635951332785e-05, 0.02072278056632085]",0.07893257588148117,0.0,3.808976098977965,1.05,nan,0.5272883905677904,False,False,True,isaaclab.ContactSensor.net_forces_w,wheel_geometry_approximation
9.283333333333447,front_right_wheel,ground_or_obstacle,True,"[0.47193366289138794, -0.31862348318099976, -0.00026777684688568393]","[-0.9999999999999925, 7.858635900644589e-08, 9.420212146713101e-08]",9.594022003511782e-07,0.0,10.184507369995194,1.05,nan,0.5908618853113048,False,False,True,isaaclab.ContactSensor.net_forces_w,wheel_geometry_approximation
9.283333333333447,rear_left_wheel,ground_or_obstacle,True,"[-0.07739575207233429, 0.07397683709859848, -6.541162729263583e-05]","[1.3435883913882787e-07, 0.0, 0.999999999999991]",11.222980499267578,0.0,11.22298049926768,1.05,nan,0.4000366355309047,False,False,True,isaaclab.ContactSensor.net_forces_w,wheel_geometry_approximation
9.283333333333447,rear_right_wheel,ground_or_obstacle,True,"[-0.08151419460773468, -0.3223303556442261, -0.0008305564522743253]","[1.3435884547720808e-07, 0.0, 0.999999999999991]",5.627423286437988,0.0,5.627423286438039,1.05,nan,0.4569753599088151,False,False,True,isaaclab.ContactSensor.net_forces_w,wheel_geometry_approximation
9.308333333333445,front_left_wheel,ground_or_obstacle,True,"[0.47227564454078674, 0.07968522608280182, 2.069845795631131e-05]","[-0.9989467946776319, -2.807576937449695e-05, 0.04588355495203705]",0.21720853447914124,0.0,4.7339081443491775,1.05,nan,0.38756918061615103,False,False,True,isaaclab.ContactSensor.net_forces_w,wheel_geometry_approximation
9.308333333333445,front_right_wheel,ground_or_obstacle,True,"[0.47193774580955505, -0.31861603260040283, -0.0002027928829193143]","[-0.9999999999999968, -5.351250909887284e-08, -6.063282664734577e-08]",10.949047088623082,0.0,10.949047088623082,1.05,nan,0.6565823166947536,False,False,True,isaaclab.ContactSensor.net_forces_w,wheel_geometry_approximation
9.308333333333445,rear_left_wheel,ground_or_obstacle,True,"[-0.07718733698129654, 0.07398219406604767, -6.097480654716769e-05]","[1.3435882995943023e-07, 0.0, 0.9999999999999909]",12.142257690429688,0.0,12.142257690429798,1.05,nan,0.31298594498767535,False,False,True,isaaclab.ContactSensor.net_forces_w,wheel_geometry_approximation
9.308333333333445,rear_right_wheel,ground_or_obstacle,True,"[-0.0815223827958107, -0.3223252296447754, -0.0009152807295322446]","[1.3435883237754317e-07, 0.0, 0.999999999999991]",3.886590003967285,0.0,3.8865900039673202,1.05,nan,0.7681728238078969,False,False,True,isaaclab.ContactSensor.net_forces_w,wheel_geometry_approximation
9.333333333333444,front_left_wheel,ground_or_obstacle,True,"[0.47222498059272766, 0.07964198291301727, -1.1607259511950407e-05]","[-0.9919004553181264, -0.04082944070742924, 0.12027652934472258]",0.4023943841457367,0.0,3.3455769495346908,1.05,nan,0.49130823517364125,False,False,True,isaaclab.ContactSensor.net_forces_w,wheel_geometry_approximation
9.333333333333444,front_right_wheel,ground_or_obstacle,True,"[0.47200602293014526, -0.3186590373516083, -0.0001668959856033353]","[-0.9999998758753224, -2.6217037250050338e-05, 0.0004975560338706164]",0.005841099191457033,0.0,11.739580657916294,1.05,nan,0.38917154436366086,False,False,True,isaaclab.ContactSensor.net_forces_w,wheel_geometry_approximation
9.333333333333444,rear_left_wheel,ground_or_obstacle,True,"[-0.07699839770793915, 0.07394716143608093, -8.948445320129672e-05]","[1.343588446777634e-07, 0.0, 0.999999999999991]",13.11526870727539,0.0,13.115268707275508,1.05,nan,0.36302529766778907,False,False,True,isaaclab.ContactSensor.net_forces_w,wheel_geometry_approximation
9.358333333333443,front_left_wheel,ground_or_obstacle,True,"[0.47220465540885925, 0.0796404778957367, 0.00010084435343742093]","[-0.992597781529922, -0.02724352942444082, 0.11835300674835852]",0.43719902634620667,0.0,3.694025511965038,1.05,nan,0.7990738650326985,False,False,True,isaaclab.ContactSensor.net_forces_w,wheel_geometry_approximation
9.358333333333443,front_right_wheel,ground_or_obstacle,True,"[0.4720008373260498, -0.3186604976654053, -0.00018761605024338046]","[-0.9999963350200646, -2.3372206572254134e-06, 0.002707386373640559]",0.02778923697769642,0.0,10.264230199374492,1.05,nan,0.8647958985945041,False,False,True,isaaclab.ContactSensor.net_forces_w,wheel_geometry_approximation
9.358333333333443,rear_left_wheel,ground_or_obstacle,True,"[-0.07679959386587143, 0.07394923269748688, -7.882267236709872e-05]","[1.3435883049342045e-07, 0.0, 0.9999999999999909]",12.138970375061035,0.0,12.138970375061145,1.05,nan,0.5674255030159796,False,False,True,isaaclab.ContactSensor.net_forces_w,wheel_geometry_approximation
9.358333333333443,rear_right_wheel,ground_or_obstacle,True,"[-0.0813913345336914, -0.32235828042030334, -0.0010707631707191495]","[1.3435884995132287e-07, 0.0, 0.999999999999991]",4.661077976226807,0.0,4.661077976226848,1.05,nan,0.7910609032185818,False,False,True,isaaclab.ContactSensor.net_forces_w,wheel_geometry_approximation
9.383333333333441,front_left_wheel,ground_or_obstacle,True,"[0.47219517827033997, 0.07963202893733978, 0.00038220062851905545]","[-0.9915271145939277, -0.027221314585852287, 0.1270156724867376]",0.4342134892940521,0.0,3.41858198120701,1.05,nan,0.9142236074763439,False,False,True,isaaclab.ContactSensor.net_forces_w,wheel_geometry_approximation
9.383333333333441,front_right_wheel,ground_or_obstacle,True,"[0.47203749418258667, -0.31866881251335144, 7.283017039298734e-05]","[-0.9999785665571738, 1.7430918136047578e-05, 0.0065472224968502425]",0.06660784780979156,0.0,10.173451084308724,1.05,nan,0.9120189727173379,False,False,True,isaaclab.ContactSensor.net_forces_w,wheel_geometry_approximation
9.383333333333441,rear_left_wheel,ground_or_obstacle,True,"[-0.07658164948225021, 0.07395615428686142, -9.074732661247531e-05]","[1.3435884095389822e-07, 0.0, 0.999999999999991]",11.248186111450195,0.0,11.248186111450297,1.05,nan,0.6704045388950687,False,False,True,isaaclab.ContactSensor.net_forces_w,wheel_geometry_approximation
9.383333333333441,rear_right_wheel,ground_or_obstacle,True,"[-0.08115654438734055, -0.3223511874675751, -0.0010168544948101071]","[1.3435883810344484e-07, 0.0, 0.9999999999999909]",4.877363204956055,0.0,4.877363204956099,1.05,nan,0.6890942152389661,False,False,True,isaaclab.ContactSensor.net_forces_w,wheel_geometry_approximation
9.40833333333344,front_left_wheel,ground_or_obstacle,True,"[0.4721680283546448, 0.07963269203901291, 0.0006524108350276919]","[-0.9903862485327742, -0.02720920684528614, 0.1356272014753254]",0.4707825183868408,0.0,3.4711511648530924,1.05,nan,0.9451508396600051,False,False,True,isaaclab.ContactSensor.net_forces_w,wheel_geometry_approximation
9.40833333333344,front_right_wheel,ground_or_obstacle,True,"[0.47208666801452637, -0.31866803765296936, 0.0003446832299232455]","[-0.999943041228747, 1.8363998407770524e-05, 0.010673048344677529]",0.10670448839664459,0.0,9.997564421213958,1.05,nan,0.934072775859453,False,False,True,isaaclab.ContactSensor.net_forces_w,wheel_geometry_approximation
9.40833333333344,rear_left_wheel,ground_or_obstacle,True,"[-0.0763571634888649, 0.07396085560321808, -0.0001004703342914609]","[1.3435884576200398e-07, 0.0, 0.9999999999999909]",10.39020824432373,0.0,10.390208244323825,1.05,nan,0.7517504119603298,False,False,True,isaaclab.ContactSensor.net_forces_w,wheel_geometry_approximation
9.40833333333344,rear_right_wheel,ground_or_obstacle,True,"[-0.08090713620185852, -0.32234644889831543, -0.0009638361632823972]","[1.3435883415772897e-07, 0.0, 0.999999999999991]",5.63857889175415,0.0,5.638578891754201,1.05,nan,0.7871312044080208,False,False,True,isaaclab.ContactSensor.net_forces_w,wheel_geometry_approximation
9.433333333333438,front_left_wheel,ground_or_obstacle,True,"[0.47218793630599976, 0.07963410019874573, 0.0010217957198619815]","[-0.9892666565961522, -0.027210265523924092, 0.14356560729223478]",0.711135983467102,0.0,4.95338679562404,1.05,nan,0.9335958428673836,False,False,True,isaaclab.ContactSensor.net_forces_w,wheel_geometry_approximation
9.433333333333438,front_right_wheel,ground_or_obstacle,True,"[0.47213518619537354, -0.31866660714149475, 0.0006447963416576358]","[-0.9998822895317909, 2.4438166338284545e-05, 0.015342962016496582]",0.15456770360469818,0.0,10.074176253484087,1.05,nan,0.9372141844499213,False,False,True,isaaclab.ContactSensor.net_forces_w,wheel_geometry_approximation
9.433333333333438,rear_left_wheel,ground_or_obstacle,True,"[-0.07611897587776184, 0.07396282255649567, -0.00011632889509201327]","[1.3435883870453356e-07, 0.0, 0.9999999999999909]",10.347250938415527,0.0,10.347250938415621,1.05,nan,0.757186539316666,False,False,True,isaaclab.ContactSensor.net_forces_w,wheel_geometry_approximation
9.433333333333438,rear_right_wheel,ground_or_obstacle,True,"[-0.08064310252666473, -0.32234442234039307, -0.0009203769266605405]","[1.343588367956207e-07, 0.0, 0.999999999999991]",6.154664039611816,0.0,6.1546640396118715,1.05,nan,0.8270727447940911,False,False,True,isaaclab.ContactSensor.net_forces_w,wheel_geometry_approximation
9.458333333333437,front_left_wheel,ground_or_obstacle,True,"[0.47219908237457275, 0.07963578402996063, 0.0013705089688301059]","[-0.9881867030420104, -0.027223254231186423, 0.1508175532225136]",0.8043928742408752,0.0,5.333549424807919,1.05,nan,0.9140030500346951,False,False,True,isaaclab.ContactSensor.net_forces_w,wheel_geometry_approximation
9.458333333333437,front_right_wheel,ground_or_obstacle,True,"[0.4721957743167877, -0.3186647891998291, 0.0009420931339263888]","[-0.9997994012092541, 1.5200465754346517e-05, 0.02002890687388504]",0.1934799998998642,0.0,9.660037920099159,1.05,nan,0.9294875598733017,False,False,True,isaaclab.ContactSensor.net_forces_w,wheel_geometry_approximation
9.458333333333437,rear_left_wheel,ground_or_obstacle,True,"[-0.07592344284057617, 0.07397487759590149, -0.0001320458948612241]","[1.3435883920978644e-07, 0.0, 0.999999999999991]",10.02901554107666,0.0,10.02901554107675,1.05,nan,0.6614206923165231,False,False,True,isaaclab.ContactSensor.net_forces_w,wheel_geometry_approximation
9.458333333333437,rear_right_wheel,ground_or_obstacle,True,"[-0.08043700456619263, -0.3223322927951813, -0.0008735351264476804]","[1.343588470234199e-07, 0.0, 0.999999999999991]",6.620418071746826,0.0,6.620418071746886,1.05,nan,0.773672063929111,False,False,True,isaaclab.ContactSensor.net_forces_w,wheel_geometry_approximation
9.483333333333436,front_left_wheel,ground_or_obstacle,True,"[0.4721881151199341, 0.07963674515485764, 0.001737092435359952]","[-0.9871004961886705, -0.027179606046559435, 0.15777794344975526]",0.8093018531799316,0.0,5.129372556675868,1.05,nan,0.9225310642183232,False,False,True,isaaclab.ContactSensor.net_forces_w,wheel_geometry_approximation
9.483333333333436,front_right_wheel,ground_or_obstacle,True,"[0.47225552797317505, -0.31866365671157837, 0.0012699522078037234]","[-0.9996882040921659, 5.911457600522357e-05, 0.024969803852795527]",0.24670124053955078,0.0,9.87998311856707,1.05,nan,0.9156535142299249,False,False,True,isaaclab.ContactSensor.net_forces_w,wheel_geometry_approximation
9.483333333333436,rear_left_wheel,ground_or_obstacle,True,"[-0.07570131868124008, 0.07401636987924576, -0.00014892518520355502]","[1.3435883137027864e-07, 0.0, 0.9999999999999909]",9.943854331970215,0.0,9.943854331970305,1.05,nan,0.6949160739482779,False,False,True,isaaclab.ContactSensor.net_forces_w,wheel_geometry_approximation
9.483333333333436,rear_right_wheel,ground_or_obstacle,True,"[-0.08023811876773834, -0.32229048013687134, -0.0008305229246616391]","[1.3435884738772046e-07, 0.0, 0.9999999999999909]",7.034325122833252,0.0,7.034325122833316,1.05,nan,0.7244058909422642,False,False,True,isaaclab.ContactSensor.net_forces_w,wheel_geometry_approximation
9.508333333333434,front_left_wheel,ground_or_obstacle,True,"[0.4722039997577667, 0.07963604480028152, 0.0020830228924751254]","[-0.9859657880530366, -0.027166780170730424, 0.16472228399372638]",0.8663719892501831,0.0,5.2595918915450435,1.05,nan,0.9185706365001824,False,False,True,isaaclab.ContactSensor.net_forces_w,wheel_geometry_approximation
9.508333333333434,front_right_wheel,ground_or_obstacle,True,"[0.4723239243030548, -0.3186642825603485, 0.001603626459836957]","[-0.9995503211483061, 6.936072538439571e-05, 0.029985841349007208]",0.296863853931427,0.0,9.900134215885718,1.05,nan,0.9080230183208686,False,False,True,isaaclab.ContactSensor.net_forces_w,wheel_geometry_approximation
9.508333333333434,rear_left_wheel,ground_or_obstacle,True,"[-0.0755174309015274, 0.07401151210069656, -0.00016262307763099948]","[1.3435884304448933e-07, 0.0, 0.999999999999991]",9.656071662902832,0.0,9.656071662902919,1.05,nan,0.2473823153198512,False,False,True,isaaclab.ContactSensor.net_forces_w,wheel_geometry_approximation
9.508333333333434,rear_right_wheel,ground_or_obstacle,True,"[-0.08007051050662994, -0.32229548692703247, -0.0007875069975852994]","[1.3435883809611017e-07, 0.0, 0.9999999999999909]",6.767577648162842,0.0,6.767577648162903,1.05,nan,0.7251916412460185,False,False,True,isaaclab.ContactSensor.net_forces_w,wheel_geometry_approximation
9.533333333333433,front_left_wheel,ground_or_obstacle,True,"[0.4722208082675934, 0.0796361118555069, 0.00244183540344238]","[-0.984727698985169, -0.02716342198033342, 0.17196949542780185]",0.9043885469436646,0.0,5.259005643377927,1.05,nan,0.9178366364791315,False,False,True,isaaclab.ContactSensor.net_forces_w,wheel_geometry_approximation
9.533333333333433,front_right_wheel,ground_or_obstacle,True,"[0.4723699986934662, -0.3186640739440918, 0.0019425347447395297]","[-0.9996966545559707, 4.4983781603119126e-05, 0.02462918687369729]",0.2528679072856903,0.0,10.267001853631648,1.05,nan,0.8974312347234515,False,False,True,isaaclab.ContactSensor.net_forces_w,wheel_geometry_approximation
9.533333333333433,rear_left_wheel,ground_or_obstacle,True,"[-0.0752841979265213, 0.0740184411406517, -0.00017811655998230258]","[1.343588353205751e-07, 0.0, 0.999999999999991]",9.833560943603516,0.0,9.833560943603604,1.05,nan,0.593676781964984,False,False,True,isaaclab.ContactSensor.net_forces_w,wheel_geometry_approximation
9.533333333333433,rear_right_wheel,ground_or_obstacle,True,"[-0.07987936586141586, -0.32228854298591614, -0.0007468231022357968]","[1.343588385043903e-07, 0.0, 0.9999999999999909]",6.746197700500488,0.0,6.74619770050055,1.05,nan,0.7134692061592766,False,False,True,isaaclab.ContactSensor.net_forces_w,wheel_geometry_approximation
9.558333333333431,front_left_wheel,ground_or_obstacle,True,"[0.47223761677742004, 0.0796370878815651, 0.002766215056180951]","[-0.9835895380789099, -0.027121230971624433, 0.17837056767387435]",0.9672324657440186,0.0,5.422601264085608,1.05,nan,0.8588562644530205,False,False,True,isaaclab.ContactSensor.net_forces_w,wheel_geometry_approximation
9.558333333333431,front_right_wheel,ground_or_obstacle,True,"[0.4723835289478302, -0.3186630606651306, 0.0022194318473339053]","[-0.9995403242836697, 8.705065039764968e-05, 0.03031719896495362]",0.32250386476516724,0.0,10.63765373370998,1.05,nan,0.8531422349536087,False,False,True,isaaclab.ContactSensor.net_forces_w,wheel_geometry_approximation
9.558333333333431,rear_left_wheel,ground_or_obstacle,True,"[-0.07513654977083206, 0.07404569536447525, -0.00019016787409782687]","[1.3435883272558393e-07, 0.0, 0.999999999999991]",9.48380184173584,0.0,9.483801841735925,1.05,nan,0.4733858431877243,False,False,True,isaaclab.ContactSensor.net_forces_w,wheel_geometry_approximation
9.558333333333431,rear_right_wheel,ground_or_obstacle,True,"[-0.0797349065542221, -0.3222610354423523, -0.000713451951742175]","[1.343588412233375e-07, 0.0, 0.999999999999991]",7.210311412811279,0.0,7.210311412811344,1.05,nan,0.5048451116168737,False,False,True,isaaclab.ContactSensor.net_forces_w,wheel_geometry_approximation
9.58333333333343,front_left_wheel,ground_or_obstacle,True,"[0.4722577631473541, 0.07963703572750092, 0.0031018637120723697]","[-0.9823365007367811, -0.027095241467987977, 0.18515087688155119]",1.03145432472229,0.0,5.5708854426984695,1.05,nan,0.9009057015275508,False,False,True,isaaclab.ContactSensor.net_forces_w,wheel_geometry_approximation
9.58333333333343,front_right_wheel,ground_or_obstacle,True,"[0.47239774465560913, -0.3186630308628082, 0.002516460418701169]","[-0.9993384047178195, 0.00011643195245082638, 0.036369483081888074]",0.4020690619945526,0.0,11.055121709848612,1.05,nan,0.8974884045116847,False,False,True,isaaclab.ContactSensor.net_forces_w,wheel_geometry_approximation
9.58333333333343,rear_left_wheel,ground_or_obstacle,True,"[-0.0749451145529747, 0.07405680418014526, -0.00021257549524307529]","[1.3435884173109886e-07, 0.0, 0.9999999999999909]",9.789311408996582,0.0,9.78931140899667,1.05,nan,0.5439595069352547,False,False,True,isaaclab.ContactSensor.net_forces_w,wheel_geometry_approximation
9.58333333333343,rear_right_wheel,ground_or_obstacle,True,"[-0.07954299449920654, -0.3222499191761017, -0.0006826512515544919]","[1.3435884800809448e-07, 0.0, 0.999999999999991]",7.3163251876831055,0.0,7.316325187683171,1.05,nan,0.6927275365566191,False,False,True,isaaclab.ContactSensor.net_forces_w,wheel_geometry_approximation
9.608333333333428,front_left_wheel,ground_or_obstacle,True,"[0.47228240966796875, 0.07963667064905167, 0.00345518887042999]","[-0.9810264416722563, -0.02710679800425471, 0.1919696388542405]",1.2081748247146606,0.0,6.293572420751432,1.05,nan,0.7882242060803267,False,False,True,isaaclab.ContactSensor.net_forces_w,wheel_geometry_approximation
9.608333333333428,front_right_wheel,ground_or_obstacle,True,"[0.47241905331611633, -0.31866341829299927, 0.0028239533305168124]","[-0.9990977886630813, 0.00010918113289274978, 0.04246877403482648]",0.4625456631183624,0.0,10.89142961223821,1.05,nan,0.7898380930683894,False,False,True,isaaclab.ContactSensor.net_forces_w,wheel_geometry_approximation
9.608333333333428,rear_left_wheel,ground_or_obstacle,True,"[-0.07475141435861588, 0.0740746483206749, -0.0002316564321517972]","[1.3435883281236777e-07, 0.0, 0.9999999999999909]",9.334871292114258,0.0,9.334871292114343,1.05,nan,0.12502261305055146,False,False,True,isaaclab.ContactSensor.net_forces_w,wheel_geometry_approximation
9.608333333333428,rear_right_wheel,ground_or_obstacle,True,"[-0.07938896119594574, -0.3222319483757019, -0.0006471008062362699]","[1.343588323708584e-07, 0.0, 0.999999999999991]",7.169345855712891,0.0,7.1693458557129555,1.05,nan,0.41715510264082756,False,False,True,isaaclab.ContactSensor.net_forces_w,wheel_geometry_approximation
9.633333333333427,front_left_wheel,ground_or_obstacle,True,"[0.47230780124664307, 0.07963604480028152, 0.0037951849400997134]","[-0.979623306374183, -0.027077451140615577, 0.19901002298437379]",1.1475119590759277,0.0,5.766101334333447,1.05,nan,0.880891907366467,False,False,True,isaaclab.ContactSensor.net_forces_w,wheel_geometry_approximation
9.633333333333427,front_right_wheel,ground_or_obstacle,True,"[0.47243478894233704, -0.3186640441417694, 0.003150247782468793]","[-0.9987869827240752, 0.00013881287600643543, 0.04923965751224686]",0.549979031085968,0.0,11.169432503651706,1.05,nan,0.8829350614537664,False,False,True,isaaclab.ContactSensor.net_forces_w,wheel_geometry_approximation
9.633333333333427,rear_left_wheel,ground_or_obstacle,True,"[-0.07458952814340591, 0.07406988739967346, -0.00025339722633362094]","[1.3435885686707277e-07, 0.0, 0.999999999999991]",9.64483642578125,0.0,9.644836425781337,1.05,nan,0.32664542312741107,False,False,True,isaaclab.ContactSensor.net_forces_w,wheel_geometry_approximation
9.633333333333427,rear_right_wheel,ground_or_obstacle,True,"[-0.07923689484596252, -0.3222368061542511, -0.0006199583411216764]","[1.3435882966079534e-07, 0.0, 0.999999999999991]",7.3683013916015625,0.0,7.368301391601629,1.05,nan,0.6000984564492335,False,False,True,isaaclab.ContactSensor.net_forces_w,wheel_geometry_approximation
9.658333333333426,front_left_wheel,ground_or_obstacle,True,"[0.47233638167381287, 0.07963598519563675, 0.004147325456142423]","[-0.9781984580081718, -0.027063361324956174, 0.20590131428485306]",1.27787184715271,0.0,6.206234533232969,1.05,nan,0.8374487143639868,False,False,True,isaaclab.ContactSensor.net_forces_w,wheel_geometry_approximation
9.658333333333426,front_right_wheel,ground_or_obstacle,True,"[0.4724590480327606, -0.31866416335105896, 0.0034910000860691043]","[-0.9984237442594378, 0.00014943566533841076, 0.056124901496096974]",0.6369959712028503,0.0,11.349614061187228,1.05,nan,0.8376028656799831,False,False,True,isaaclab.ContactSensor.net_forces_w,wheel_geometry_approximation
9.658333333333426,rear_left_wheel,ground_or_obstacle,True,"[-0.07444404065608978, 0.07408204674720764, -0.00027102157473564426]","[1.3435884495693717e-07, 0.0, 0.999999999999991]",9.4395112991333,0.0,9.439511299133386,1.05,nan,0.9608218991363952,False,False,True,isaaclab.ContactSensor.net_forces_w,wheel_geometry_approximation
9.658333333333426,rear_right_wheel,ground_or_obstacle,True,"[-0.07906144112348557, -0.32222455739974976, -0.0005926668643951444]","[1.3435884161286767e-07, 0.0, 0.999999999999991]",7.422097682952881,0.0,7.4220976829529475,1.05,nan,0.5706425451963122,False,False,True,isaaclab.ContactSensor.net_forces_w,wheel_geometry_approximation
9.683333333333424,front_left_wheel,ground_or_obstacle,True,"[0.4723697304725647, 0.07963413000106812, 0.00450998246669769]","[-0.9766766934723564, -0.027059275185414344, 0.21300336160339067]",1.291414737701416,0.0,6.0628843037041475,1.05,nan,0.9555928000843646,False,False,True,isaaclab.ContactSensor.net_forces_w,wheel_geometry_approximation
9.683333333333424,front_right_wheel,ground_or_obstacle,True,"[0.4724869728088379, -0.318666011095047, 0.0038389049470424624]","[-0.9980025792741838, 0.00015147830483141649, 0.06317300702356551]",0.7347922325134277,0.0,11.631427204966311,1.05,nan,0.9526720544452386,False,False,True,isaaclab.ContactSensor.net_forces_w,wheel_geometry_approximation
9.683333333333424,rear_left_wheel,ground_or_obstacle,True,"[-0.07423696666955948, 0.07407248020172119, -0.0002917751669883756]","[1.343588383671219e-07, 0.0, 0.9999999999999911]",9.348908424377441,0.0,9.348908424377525,1.05,nan,0.8113953635654452,False,False,True,isaaclab.ContactSensor.net_forces_w,wheel_geometry_approximation
9.683333333333424,rear_right_wheel,ground_or_obstacle,True,"[-0.07890114933252335, -0.32223430275917053, -0.0005648761987686185]","[1.3435883326521808e-07, 0.0, 0.999999999999991]",7.478387832641602,0.0,7.478387832641669,1.05,nan,0.8460531769072753,False,False,True,isaaclab.ContactSensor.net_forces_w,wheel_geometry_approximation
9.708333333333423,front_left_wheel,ground_or_obstacle,True,"[0.47239935398101807, 0.07963873445987701, 0.004835610091686246]","[-0.9752109721010803, -0.02702355801394405, 0.2196207804510604]",1.4842983484268188,0.0,6.758460403329526,1.05,nan,0.8774175147423604,False,False,True,isaaclab.ContactSensor.net_forces_w,wheel_geometry_approximation
9.708333333333423,front_right_wheel,ground_or_obstacle,True,"[0.47251638770103455, -0.3186613619327545, 0.00419255048036575]","[-0.9975198193745961, 0.0001727176055810803, 0.07038593697253684]",0.7710371017456055,0.0,10.954419801876737,1.05,nan,0.8731707843780468,False,False,True,isaaclab.ContactSensor.net_forces_w,wheel_geometry_approximation
9.708333333333423,rear_left_wheel,ground_or_obstacle,True,"[-0.07418207824230194, 0.07411766797304153, -0.0003177329897880582]","[1.343588381986478e-07, 0.0, 0.9999999999999909]",9.421460151672363,0.0,9.421460151672449,1.05,nan,0.04460459294961418,False,False,True,isaaclab.ContactSensor.net_forces_w,wheel_geometry_approximation
9.708333333333423,rear_right_wheel,ground_or_obstacle,True,"[-0.07877796143293381, -0.3221886456012726, -0.0005433440208435086]","[1.343588491013704e-07, 0.0, 0.9999999999999909]",7.942427158355713,0.0,7.942427158355785,1.05,nan,0.5371807665624413,False,False,True,isaaclab.ContactSensor.net_forces_w,wheel_geometry_approximation
9.733333333333421,front_left_wheel,ground_or_obstacle,True,"[0.4724300503730774, 0.0796411857008934, 0.005165052413940427]","[-0.9706223830271281, -0.040562825800749, 0.2371641767421825]",1.5339328050613403,0.0,6.467809878086499,1.05,nan,0.8850848834164033,False,False,True,isaaclab.ContactSensor.net_forces_w,wheel_geometry_approximation
9.733333333333421,front_right_wheel,ground_or_obstacle,True,"[0.47254857420921326, -0.3186589181423187, 0.00453948304057121]","[-0.9969899968014513, 0.00024101152990871564, 0.07752991803996982]",0.8449006676673889,0.0,10.897737144927824,1.05,nan,0.8860697740623354,False,False,True,isaaclab.ContactSensor.net_forces_w,wheel_geometry_approximation
9.733333333333421,rear_left_wheel,ground_or_obstacle,True,"[-0.07415958493947983, 0.07417041808366776, -0.00034665241837501803]","[1.34358838162495e-07, 0.0, 0.9999999999999909]",9.942724227905273,0.0,9.942724227905364,1.05,nan,0.4692101566363442,False,False,True,isaaclab.ContactSensor.net_forces_w,wheel_geometry_approximation
9.733333333333421,rear_right_wheel,ground_or_obstacle,True,"[-0.07885079085826874, -0.3221355378627777, -0.000506579130887988]","[1.3435885546755305e-07, 0.0, 0.999999999999991]",8.060845375061035,0.0,8.060845375061108,1.05,nan,0.6703292077012725,False,False,True,isaaclab.ContactSensor.net_forces_w,wheel_geometry_approximation
9.75833333333342,front_left_wheel,ground_or_obstacle,True,"[0.4724659323692322, 0.07964488863945007, 0.005487021803855893]","[-0.9690344867997287, -0.04050279730619299, 0.24358096560109058]",1.7347688674926758,0.0,7.121939365055661,1.05,nan,0.840914865111945,False,False,True,isaaclab.ContactSensor.net_forces_w,wheel_geometry_approximation
9.75833333333342,front_right_wheel,ground_or_obstacle,True,"[0.47259074449539185, -0.3186553120613098, 0.004914861917495725]","[-0.99637970038489, 0.0002882193931992903, 0.08501417288016423]",0.9002939462661743,0.0,10.58992772340709,1.05,nan,0.8300189189137213,False,False,True,isaaclab.ContactSensor.net_forces_w,wheel_geometry_approximation
9.75833333333342,rear_left_wheel,ground_or_obstacle,True,"[-0.07415150105953217, 0.0742102563381195, -0.00037565380334854404]","[1.343588511413698e-07, 0.0, 0.9999999999999909]",9.536417961120605,0.0,9.536417961120693,1.05,nan,0.675101128064122,False,False,True,isaaclab.ContactSensor.net_forces_w,wheel_geometry_approximation
9.75833333333342,rear_right_wheel,ground_or_obstacle,True,"[-0.0787554532289505, -0.32209521532058716, -0.0004875838756561307]","[1.3435884359432316e-07, 0.0, 0.9999999999999911]",8.155743598937988,0.0,8.155743598938061,1.05,nan,0.3442916441368212,False,False,True,isaaclab.ContactSensor.net_forces_w,wheel_geometry_approximation
9.783333333333418,front_left_wheel,ground_or_obstacle,True,"[0.47250619530677795, 0.0796465054154396, 0.005841498076915738]","[-0.9672418488375965, -0.04045744180031259, 0.2506120533019166]",1.7914836406707764,0.0,7.14843367295086,1.05,nan,0.809552787979085,False,False,True,isaaclab.ContactSensor.net_forces_w,wheel_geometry_approximation
9.783333333333418,front_right_wheel,ground_or_obstacle,True,"[0.47263193130493164, -0.3186536133289337, 0.005303379893302915]","[-0.9956634852569913, 0.0003251905860983614, 0.09302751408580058]",0.9706844687461853,0.0,10.434380390417715,1.05,nan,0.7999528720046859,False,False,True,isaaclab.ContactSensor.net_forces_w,wheel_geometry_approximation
9.783333333333418,rear_left_wheel,ground_or_obstacle,True,"[-0.07399826496839523, 0.07423979789018631, -0.00040366426110267917]","[1.343588470760782e-07, 0.0, 0.999999999999991]",9.735494613647461,0.0,9.735494613647548,1.05,nan,0.6506520283905642,False,False,True,isaaclab.ContactSensor.net_forces_w,wheel_geometry_approximation
9.783333333333418,rear_right_wheel,ground_or_obstacle,True,"[-0.07861828804016113, -0.3220655024051666, -0.00046318322420120517]","[1.3435883627862165e-07, 0.0, 0.999999999999991]",7.953221321105957,0.0,7.953221321106029,1.05,nan,0.5321502897376087,False,False,True,isaaclab.ContactSensor.net_forces_w,wheel_geometry_approximation
9.808333333333417,front_left_wheel,ground_or_obstacle,True,"[0.47255396842956543, 0.07964769750833511, 0.006202650070190427]","[-0.9654248111334929, -0.04041816246800349, 0.2575292336620633]",1.9268981218338013,0.0,7.48225005151193,1.05,nan,0.8375534822359019,False,False,True,isaaclab.ContactSensor.net_forces_w,wheel_geometry_approximation
9.808333333333417,front_right_wheel,ground_or_obstacle,True,"[0.47268053889274597, -0.31865257024765015, 0.0057089783251285525]","[-0.9948633635433702, 0.00034662087471213244, 0.10122631936972308]",1.1350386142730713,0.0,11.212880418257733,1.05,nan,0.8499871613235647,False,False,True,isaaclab.ContactSensor.net_forces_w,wheel_geometry_approximation
9.808333333333417,rear_left_wheel,ground_or_obstacle,True,"[-0.07379350066184998, 0.07424846291542053, -0.0004361152648925809]","[1.343588449240498e-07, 0.0, 0.999999999999991]",9.087379455566406,0.0,9.087379455566488,1.05,nan,0.935480752436127,False,False,True,isaaclab.ContactSensor.net_forces_w,wheel_geometry_approximation
9.808333333333417,rear_right_wheel,ground_or_obstacle,True,"[-0.0784648060798645, -0.3220568299293518, -0.0004393748939037351]","[1.3435885045508153e-07, 0.0, 0.9999999999999909]",7.9454731941223145,0.0,7.945473194122386,1.05,nan,0.11651224946348158,False,False,True,isaaclab.ContactSensor.net_forces_w,wheel_geometry_approximation
9.833333333333416,front_left_wheel,ground_or_obstacle,True,"[0.47259706258773804, 0.07964912801980972, 0.0065519854426383944]","[-0.9635879100830543, -0.040349416028513135, 0.26432983972289176]",1.8571377992630005,0.0,7.025834847892759,1.05,nan,0.9284081838180827,False,False,True,isaaclab.ContactSensor.net_forces_w,wheel_geometry_approximation
9.833333333333416,front_right_wheel,ground_or_obstacle,True,"[0.47272998094558716, -0.3186511695384979, 0.006104212999343869]","[-0.994002020797577, 0.0003979868461484878, 0.10936098141843574]",1.261210560798645,0.0,11.532546109594751,1.05,nan,0.9122151612213797,False,False,True,isaaclab.ContactSensor.net_forces_w,wheel_geometry_approximation
9.833333333333416,rear_left_wheel,ground_or_obstacle,True,"[-0.07369401305913925, 0.07426878809928894, -0.00046791061758995334]","[1.343588472276789e-07, 0.0, 0.9999999999999911]",8.982542991638184,0.0,8.982542991638264,1.05,nan,0.9539400439180635,False,False,True,isaaclab.ContactSensor.net_forces_w,wheel_geometry_approximation
9.833333333333416,rear_right_wheel,ground_or_obstacle,True,"[-0.0783957988023758, -0.32203635573387146, -0.0004148140549659757]","[1.3435884242339305e-07, 0.0, 0.999999999999991]",7.507747650146484,0.0,7.507747650146552,1.05,nan,0.9055514747334177,False,False,True,isaaclab.ContactSensor.net_forces_w,wheel_geometry_approximation
9.858333333333414,front_left_wheel,ground_or_obstacle,True,"[0.47264713048934937, 0.07965163886547089, 0.0069099225103855105]","[-0.9616050446681499, -0.0402849098526008, 0.2714642961918441]",2.0473687648773193,0.0,7.541944902509175,1.05,nan,0.8505371842409372,False,False,True,isaaclab.ContactSensor.net_forces_w,wheel_geometry_approximation
9.858333333333414,front_right_wheel,ground_or_obstacle,True,"[0.47278353571891785, -0.31864872574806213, 0.006507058441638944]","[-0.9930761916288053, 0.00045590881875349175, 0.11747114440226226]",1.3485465049743652,0.0,11.479810738511839,1.05,nan,0.8703713254562203,False,False,True,isaaclab.ContactSensor.net_forces_w,wheel_geometry_approximation
9.858333333333414,rear_left_wheel,ground_or_obstacle,True,"[-0.07352464646100998, 0.07429471611976624, -0.0004882507026195554]","[1.3435883055122396e-07, 0.0, 0.9999999999999909]",7.519377708435059,0.0,7.519377708435127,1.05,nan,0.8796316526697066,False,False,True,isaaclab.ContactSensor.net_forces_w,wheel_geometry_approximation
9.858333333333414,rear_right_wheel,ground_or_obstacle,True,"[-0.07826318591833115, -0.32201024889945984, -0.00039617270231247226]","[1.3435884687480564e-07, 0.0, 0.9999999999999911]",8.553935050964355,0.0,8.553935050964432,1.05,nan,0.5674408068211,False,False,True,isaaclab.ContactSensor.net_forces_w,wheel_geometry_approximation
9.883333333333413,front_left_wheel,ground_or_obstacle,True,"[0.47269269824028015, 0.07965594530105591, 0.00724849924445152]","[-0.9596729086806858, -0.040207138561248384, 0.2782288524813139]",2.0054283142089844,0.0,7.207837348010737,1.05,nan,0.9070449212280546,False,False,True,isaaclab.ContactSensor.net_forces_w,wheel_geometry_approximation
9.883333333333413,front_right_wheel,ground_or_obstacle,True,"[0.4728393852710724, -0.31864437460899353, 0.006902356445789334]","[-0.9920774891898477, 0.0005258750943945138, 0.12562634635359224]",1.3876904249191284,0.0,11.046173555133787,1.05,nan,0.8928503311156188,False,False,True,isaaclab.ContactSensor.net_forces_w,wheel_geometry_approximation
9.883333333333413,rear_left_wheel,ground_or_obstacle,True,"[-0.07347983866930008, 0.07435154914855957, -0.000530547648668292]","[1.343588374358773e-07, 0.0, 0.999999999999991]",9.319364547729492,0.0,9.319364547729576,1.05,nan,0.17095399688587537,False,False,True,isaaclab.ContactSensor.net_forces_w,wheel_geometry_approximation
9.883333333333413,rear_right_wheel,ground_or_obstacle,True,"[-0.07831095904111862, -0.3219529688358307, -0.0003648690879344968]","[1.3435884180994428e-07, 0.0, 0.999999999999991]",7.896204471588135,0.0,7.896204471588206,1.05,nan,0.8072355305555197,False,False,True,isaaclab.ContactSensor.net_forces_w,wheel_geometry_approximation
9.908333333333411,front_left_wheel,ground_or_obstacle,True,"[0.4727504849433899, 0.07965585589408875, 0.0076142221689224215]","[-0.957590626131725, -0.04015512492105619, 0.2853204491220798]",1.9874012470245361,0.0,6.965505813339683,1.05,nan,0.9004322334830044,False,False,True,isaaclab.ContactSensor.net_forces_w,wheel_geometry_approximation
9.908333333333411,front_right_wheel,ground_or_obstacle,True,"[0.4729011654853821, -0.3186444342136383, 0.007315114885568616]","[-0.9909772783500582, 0.0005681715236545427, 0.13402876920658077]",1.5860766172409058,0.0,11.833851990360811,1.05,nan,0.8794285714121006,False,False,True,isaaclab.ContactSensor.net_forces_w,wheel_geometry_approximation
9.908333333333411,rear_left_wheel,ground_or_obstacle,True,"[-0.07326191663742065, 0.07434827834367752, -0.0005575597286224393]","[1.3435883220970761e-07, 0.0, 0.999999999999991]",8.904874801635742,0.0,8.904874801635822,1.05,nan,0.5302867464280235,False,False,True,isaaclab.ContactSensor.net_forces_w,wheel_geometry_approximation
9.908333333333411,rear_right_wheel,ground_or_obstacle,True,"[-0.07815420627593994, -0.3219563364982605, -0.0003445513546466855]","[1.3435883862583682e-07, 0.0, 0.999999999999991]",7.957808971405029,0.0,7.957808971405101,1.05,nan,0.43556976149925697,False,False,True,isaaclab.ContactSensor.net_forces_w,wheel_geometry_approximation
9.93333333333341,front_left_wheel,ground_or_obstacle,True,"[0.47273707389831543, 0.0796571895480156, 0.0075298145413398715]","[-0.957401390464778, -0.04016784169902463, 0.2859530066800343]",1.9298300743103027,0.0,6.748766507881753,1.05,nan,0.16711259416836222,False,False,True,isaaclab.ContactSensor.net_forces_w,wheel_geometry_approximation
9.93333333333341,front_right_wheel,ground_or_obstacle,True,"[0.4728910028934479, -0.31864309310913086, 0.007250246405601499]","[-0.9908212101375199, 0.0005565335606526239, 0.13517773415772527]",1.491797924041748,0.0,11.03582578400907,1.05,nan,0.19405152785287091,False,False,True,isaaclab.ContactSensor.net_forces_w,wheel_geometry_approximation
9.93333333333341,rear_left_wheel,ground_or_obstacle,True,"[-0.07344261556863785, 0.07436614483594894, -0.0005360908806324033]","[1.343588360998939e-07, 0.0, 0.999999999999991]",9.040730476379395,0.0,9.040730476379476,1.05,nan,0.7375875804023151,False,False,True,isaaclab.ContactSensor.net_forces_w,wheel_geometry_approximation
9.93333333333341,rear_right_wheel,ground_or_obstacle,True,"[-0.07833834737539291, -0.32193827629089355, -0.00036629959940910617]","[1.3435885109477397e-07, 0.0, 0.999999999999991]",7.923312664031982,0.0,7.9233126640320535,1.05,nan,0.3703359158389702,False,False,True,isaaclab.ContactSensor.net_forces_w,wheel_geometry_approximation
9.958333333333409,front_left_wheel,ground_or_obstacle,True,"[0.47268298268318176, 0.07965725660324097, 0.007191710919141767]","[-0.9593939026596918, -0.040183798358292076, 0.2791927683320361]",1.7603658437728882,0.0,6.305198570470617,1.05,nan,0.5681780484900506,False,False,True,isaaclab.ContactSensor.net_forces_w,wheel_geometry_approximation
9.958333333333409,front_right_wheel,ground_or_obstacle,True,"[0.47284066677093506, -0.31864306330680847, 0.00690035596489906]","[-0.9917598695257717, 0.0005521813956538811, 0.1281095480201631]",1.3911387920379639,0.0,10.858978222442977,1.05,nan,0.2841131222244499,False,False,True,isaaclab.ContactSensor.net_forces_w,wheel_geometry_approximation
9.958333333333409,rear_left_wheel,ground_or_obstacle,True,"[-0.07381736487150192, 0.0743788555264473, -0.00048540830612182895]","[1.343588458741378e-07, 0.0, 0.9999999999999909]",9.369450569152832,0.0,9.369450569152917,1.05,nan,0.6225120901567797,False,False,True,isaaclab.ContactSensor.net_forces_w,wheel_geometry_approximation
9.958333333333409,rear_right_wheel,ground_or_obstacle,True,"[-0.07874207943677902, -0.32192549109458923, -0.0004123665392398862]","[1.3435883633229243e-07, 0.0, 0.999999999999991]",7.684690952301025,0.0,7.684690952301095,1.05,nan,0.6357742064511397,False,False,True,isaaclab.ContactSensor.net_forces_w,wheel_geometry_approximation
9.983333333333407,front_left_wheel,ground_or_obstacle,True,"[0.4722190499305725, 0.07983306795358658, 0.00506973713636398]","[-0.9660202238528928, -0.026193312313014992, 0.2571358347202502]",2.392911672592163,0.0,9.306021757704526,1.05,nan,0.8473103463699497,False,False,True,isaaclab.ContactSensor.net_forces_w,wheel_geometry_approximation
9.983333333333407,front_right_wheel,ground_or_obstacle,True,"[0.4727993607521057, -0.3184645175933838, 0.00652746185660362]","[-0.9925458988010842, 0.0009659529230499009, 0.12186757447368157]",0.2846498191356659,0.0,2.3357305695547312,1.05,nan,0.8096490823807463,False,False,True,isaaclab.ContactSensor.net_forces_w,wheel_geometry_approximation
9.983333333333407,rear_right_wheel,ground_or_obstacle,True,"[-0.07936453819274902, -0.321694016456604, -0.0005191184580326108]","[1.3435883371819492e-07, 0.0, 0.999999999999991]",15.389968872070312,0.0,15.389968872070451,1.05,nan,0.6655474562761143,False,False,True,isaaclab.ContactSensor.net_forces_w,wheel_geometry_approximation
10.008333333333406,front_left_wheel,ground_or_obstacle,True,"[0.4717777967453003, 0.08001989871263504, 0.002685070782899854]","[-0.9635530013191052, -0.05066735807392058, 0.2626755269810148]",2.751490831375122,0.0,10.47486556132041,1.05,nan,0.16628270499771566,False,False,True,isaaclab.ContactSensor.net_forces_w,wheel_geometry_approximation
10.008333333333406,front_right_wheel,ground_or_obstacle,True,"[0.4727559983730316, -0.3182641267776489, 0.006268032640218732]","[-0.9933372992853259, 0.0017020272537614553, 0.11523069448615772]",0.3539859652519226,0.0,3.0719763239337743,1.05,nan,0.2891974123819895,False,False,True,isaaclab.ContactSensor.net_forces_w,wheel_geometry_approximation
10.008333333333406,rear_right_wheel,ground_or_obstacle,True,"[-0.0800272673368454, -0.3214307427406311, -0.0006375715136528043]","[1.343588398833482e-07, 0.0, 0.999999999999991]",15.541999816894531,0.0,15.541999816894672,1.05,nan,0.39277444620997587,False,False,True,isaaclab.ContactSensor.net_forces_w,wheel_geometry_approximation
10.033333333333404,front_left_wheel,ground_or_obstacle,True,"[0.47157302498817444, 0.08008560538291931, 0.0011340424418449374]","[-0.9736268027856418, -0.02479904790833843, 0.22679474447228448]",1.7507493495941162,0.0,7.719532274294244,1.05,nan,0.6039186081046342,False,False,True,isaaclab.ContactSensor.net_forces_w,wheel_geometry_approximation
10.033333333333404,front_right_wheel,ground_or_obstacle,True,"[0.47274714708328247, -0.3181844651699066, 0.006042682379484174]","[-0.9939204328873584, 0.002103244534294471, 0.11008064975932486]",0.5356846451759338,0.0,4.866292544122237,1.05,nan,0.7687262401672873,False,False,True,isaaclab.ContactSensor.net_forces_w,wheel_geometry_approximation
10.033333333333404,rear_left_wheel,ground_or_obstacle,True,"[-0.08534349501132965, 0.07508128136396408, -0.0008199952542781858]","[1.3435883627427518e-07, 0.0, 0.9999999999999909]",4.024011611938477,0.0,4.024011611938513,1.05,nan,0.8358434222533757,False,False,True,isaaclab.ContactSensor.net_forces_w,wheel_geometry_approximation
10.033333333333404,rear_right_wheel,ground_or_obstacle,True,"[-0.08056918531656265, -0.32125338912010193, -0.0007248550653457669]","[1.343588339127083e-07, 0.0, 0.9999999999999909]",12.362393379211426,0.0,12.362393379211538,1.05,nan,0.3817448458004539,False,False,True,isaaclab.ContactSensor.net_forces_w,wheel_geometry_approximation
10.058333333333403,front_left_wheel,ground_or_obstacle,True,"[0.47140777111053467, 0.08031873404979706, 0.000185494124889371]","[1.3435885779816566e-07, 0.0, 0.999999999999991]",14.537508964538574,0.0,14.537508964538706,1.05,nan,0.9073535408283958,False,False,True,isaaclab.ContactSensor.net_forces_w,wheel_geometry_approximation
10.058333333333403,rear_right_wheel,ground_or_obstacle,True,"[-0.08117736876010895, -0.3209400177001953, -0.0008410170674324063]","[1.343588523815981e-07, 0.0, 0.999999999999991]",14.97038459777832,0.0,14.970384597778455,1.05,nan,0.703841292098266,False,False,True,isaaclab.ContactSensor.net_forces_w,wheel_geometry_approximation
10.083333333333401,front_left_wheel,ground_or_obstacle,True,"[0.4714351296424866, 0.08039297163486481, 0.00021149665117263516]","[-0.11616082681406885, 0.00015132349040296468, 0.9932304060061157]",12.734664916992188,0.0,12.821461002386767,1.05,nan,0.2588943242727947,False,False,True,isaaclab.ContactSensor.net_forces_w,wheel_geometry_approximation
10.083333333333401,front_right_wheel,ground_or_obstacle,True,"[0.472925066947937, -0.3178291618824005, 0.008139942586421964]","[-0.9967676959158456, -0.0008943452138795067, 0.08033281101302825]",0.22347711026668549,0.0,2.781890829519738,1.05,nan,0.6567936876420091,False,False,True,isaaclab.ContactSensor.net_forces_w,wheel_geometry_approximation
10.083333333333401,rear_right_wheel,ground_or_obstacle,True,"[-0.08168211579322815, -0.3208604156970978, -0.0009392790496349362]","[1.3435884737352784e-07, 0.0, 0.999999999999991]",14.644530296325684,0.0,14.644530296325815,1.05,nan,0.6077610574927057,False,False,True,isaaclab.ContactSensor.net_forces_w,wheel_geometry_approximation
10.1083333333334,front_left_wheel,ground_or_obstacle,True,"[0.4714343845844269, 0.08039596676826477, 0.00021277070045470914]","[-0.13051774933449717, 0.00017449333011968808, 0.9914459575088977]",13.016633033752441,0.0,13.12893853181667,1.05,nan,0.3304358588974574,False,False,True,isaaclab.ContactSensor.net_forces_w,wheel_geometry_approximation
10.1083333333334,front_right_wheel,ground_or_obstacle,True,"[0.4729169011116028, -0.3178272247314453, 0.008098334819078443]","[-0.9968402885943175, -0.0009108868060285881, 0.07942675443718351]",0.20410697162151337,0.0,2.5697508738436,1.05,nan,0.702869169943921,False,False,True,isaaclab.ContactSensor.net_forces_w,wheel_geometry_approximation
10.1083333333334,rear_right_wheel,ground_or_obstacle,True,"[-0.08213789761066437, -0.3208494484424591, -0.0010292150080204038]","[1.3435884228649683e-07, 0.0, 0.999999999999991]",14.861146926879883,0.0,14.861146926880016,1.05,nan,0.6196454045365692,False,False,True,isaaclab.ContactSensor.net_forces_w,wheel_geometry_approximation
10.133333333333399,front_left_wheel,ground_or_obstacle,True,"[0.4714348018169403, 0.08039692044258118, 0.00021270737051963529]","[-0.13207341006156137, 0.00017789271263871228, 0.9912399218700252]",13.240686416625977,0.0,13.35770092032486,1.05,nan,0.13016246406922602,False,False,True,isaaclab.ContactSensor.net_forces_w,wheel_geometry_approximation
10.133333333333399,front_right_wheel,ground_or_obstacle,True,"[0.47291135787963867, -0.3178269863128662, 0.008068882673978803]","[-0.9968895689482017, -0.0009160593161019751, 0.07880576221063]",0.18713395297527313,0.0,2.3746227144546403,1.05,nan,0.7137584280641732,False,False,True,isaaclab.ContactSensor.net_forces_w,wheel_geometry_approximation
10.133333333333399,rear_right_wheel,ground_or_obstacle,True,"[-0.08257266134023666, -0.3208472430706024, -0.0011187523603439359]","[1.3435884408826092e-07, 0.0, 0.999999999999991]",14.977349281311035,0.0,14.97734928131117,1.05,nan,0.5925230207395934,False,False,True,isaaclab.ContactSensor.net_forces_w,wheel_geometry_approximation
10.158333333333397,front_left_wheel,ground_or_obstacle,True,"[0.47143492102622986, 0.0803983062505722, 0.00021312832832336148]","[-0.11783569843754974, 0.00015961095160819353, 0.9930330924486247]",12.92872142791748,0.0,13.019426569196995,1.05,nan,0.02374543369244229,False,False,True,isaaclab.ContactSensor.net_forces_w,wheel_geometry_approximation
10.158333333333397,front_right_wheel,ground_or_obstacle,True,"[0.47290700674057007, -0.3178260922431946, 0.008048613369464871]","[-0.9969309990367348, -0.0009207235925785407, 0.0782798532681555]",0.1614447683095932,0.0,2.062405096194393,1.05,nan,0.8066713415279251,False,False,True,isaaclab.ContactSensor.net_forces_w,wheel_geometry_approximation
10.158333333333397,rear_right_wheel,ground_or_obstacle,True,"[-0.08299434185028076, -0.3208453953266144, -0.0012102380394935636]","[1.3435883974358115e-07, 0.0, 0.999999999999991]",15.073498725891113,0.0,15.073498725891248,1.05,nan,0.6805748899109034,False,False,True,isaaclab.ContactSensor.net_forces_w,wheel_geometry_approximation
10.183333333333396,front_left_wheel,ground_or_obstacle,True,"[0.471435010433197, 0.08039936423301697, 0.00021397024393081387]","[-0.11116299263972815, 0.00015211069136474045, 0.9938021764565207]",12.947576522827148,0.0,13.028323774649744,1.05,nan,0.04691390690294235,False,False,True,isaaclab.ContactSensor.net_forces_w,wheel_geometry_approximation
10.183333333333396,rear_right_wheel,ground_or_obstacle,True,"[-0.08340361714363098, -0.3208434581756592, -0.0013017088174819974]","[1.3435883377624426e-07, 0.0, 0.9999999999999909]",15.110763549804688,0.0,15.110763549804824,1.05,nan,0.6489487582075996,False,False,True,isaaclab.ContactSensor.net_forces_w,wheel_geometry_approximation
10.208333333333394,front_left_wheel,ground_or_obstacle,True,"[0.4714348316192627, 0.0804043859243393, 0.00021781474351882657]","[-0.17533374992228593, 0.00024476723567260763, 0.9845090229282765]",12.355329513549805,0.0,12.549737204846233,1.05,nan,0.7952779955865521,False,False,True,isaaclab.ContactSensor.net_forces_w,wheel_geometry_approximation
10.208333333333394,front_right_wheel,ground_or_obstacle,True,"[0.47290900349617004, -0.31782034039497375, 0.00804600194096565]","[-0.9969493097328076, -0.0008997800906467548, 0.07804655161547369]",0.19432133436203003,0.0,2.4898131991715498,1.05,nan,0.6789413182989442,False,False,True,isaaclab.ContactSensor.net_forces_w,wheel_geometry_approximation
10.208333333333394,rear_right_wheel,ground_or_obstacle,True,"[-0.08364129811525345, -0.3208358883857727, -0.0013441361486911801]","[1.3435884795506342e-07, 0.0, 0.9999999999999909]",14.830944061279297,0.0,14.830944061279432,1.05,nan,0.16209313323731864,False,False,True,isaaclab.ContactSensor.net_forces_w,wheel_geometry_approximation
10.233333333333393,front_left_wheel,ground_or_obstacle,True,"[0.47143441438674927, 0.08041390031576157, 0.00022004991769790372]","[-0.1642212266749293, 0.00023498544760729615, 0.986423506153022]",12.570673942565918,0.0,12.743688551776922,1.05,nan,0.5059530428323347,False,False,True,isaaclab.ContactSensor.net_forces_w,wheel_geometry_approximation
10.233333333333393,front_right_wheel,ground_or_obstacle,True,"[0.4729161560535431, -0.3178099989891052, 0.008094963431358335]","[-0.9968748761852793, -0.0008781089786533982, 0.07899183600351199]",0.18440312147140503,0.0,2.3344579744064493,1.05,nan,0.7283473960569213,False,False,True,isaaclab.ContactSensor.net_forces_w,wheel_geometry_approximation
10.233333333333393,rear_right_wheel,ground_or_obstacle,True,"[-0.08375654369592667, -0.3208267092704773, -0.0013234421610832242]","[1.343588348243022e-07, 0.0, 0.999999999999991]",14.81753921508789,0.0,14.817539215088024,1.05,nan,0.4791427119538837,False,False,True,isaaclab.ContactSensor.net_forces_w,wheel_geometry_approximation
10.258333333333391,front_left_wheel,ground_or_obstacle,True,"[0.47143423557281494, 0.0804242342710495, 0.00022244527935981473]","[-0.1613548112617093, 0.00023827998113683707, 0.9868964323095655]",12.770736694335938,0.0,12.940300801827265,1.05,nan,0.11072596546902429,False,False,True,isaaclab.ContactSensor.net_forces_w,wheel_geometry_approximation
10.258333333333391,front_right_wheel,ground_or_obstacle,True,"[0.4729260504245758, -0.3177986145019531, 0.008152221143245694]","[-0.9967927098222982, -0.0008425230571847391, 0.08002239561533918]",0.18873177468776703,0.0,2.3584869365194283,1.05,nan,0.7685687702594773,False,False,True,isaaclab.ContactSensor.net_forces_w,wheel_geometry_approximation
10.258333333333391,rear_right_wheel,ground_or_obstacle,True,"[-0.08387255668640137, -0.32081693410873413, -0.00130487531423569]","[1.3435884393793491e-07, 0.0, 0.999999999999991]",14.58855152130127,0.0,14.588551521301401,1.05,nan,0.5388005051408215,False,False,True,isaaclab.ContactSensor.net_forces_w,wheel_geometry_approximation
10.28333333333339,front_left_wheel,ground_or_obstacle,True,"[0.47143465280532837, 0.08043012022972107, 0.00022534728050231656]","[-0.15022760545717675, 0.0002257372279453047, 0.9886514125824666]",12.70964241027832,0.0,12.855534568123796,1.05,nan,0.3937977579888714,False,False,True,isaaclab.ContactSensor.net_forces_w,wheel_geometry_approximation
10.28333333333339,front_right_wheel,ground_or_obstacle,True,"[0.47293272614479065, -0.3177920877933502, 0.008190036565065381]","[-0.9967336213748058, -0.0008198101391734002, 0.08075528423825154]",0.17987781763076782,0.0,2.227443310088242,1.05,nan,0.7370006908944353,False,False,True,isaaclab.ContactSensor.net_forces_w,wheel_geometry_approximation
10.28333333333339,rear_right_wheel,ground_or_obstacle,True,"[-0.08399078994989395, -0.3208102881908417, -0.0012855447828769712]","[1.3435884498287692e-07, 0.0, 0.999999999999991]",14.740385055541992,0.0,14.740385055542125,1.05,nan,0.4588607869442503,False,False,True,isaaclab.ContactSensor.net_forces_w,wheel_geometry_approximation
10.308333333333389,front_left_wheel,ground_or_obstacle,True,"[0.47142279148101807, 0.08044050633907318, 0.0002302721142768832]","[-0.2883548654573891, 0.0003682526228874498, 0.9575235432912638]",15.633413314819336,0.0,16.326923159594724,1.05,nan,0.347958360658027,False,False,True,isaaclab.ContactSensor.net_forces_w,wheel_geometry_approximation
10.308333333333389,rear_right_wheel,ground_or_obstacle,True,"[-0.0848156288266182, -0.32096824049949646, -0.001196644455194476]","[1.3435884285974387e-07, 0.0, 0.999999999999991]",14.645082473754883,0.0,14.645082473755014,1.05,nan,0.5769105291935733,False,False,True,isaaclab.ContactSensor.net_forces_w,wheel_geometry_approximation
10.333333333333387,front_left_wheel,ground_or_obstacle,True,"[0.4714216887950897, 0.08044145256280899, 0.00022724345326423367]","[-0.22656419962131205, 0.0002800544491642401, 0.9739961935343792]",15.781776428222656,0.0,16.20311920414667,1.05,nan,0.326348016469232,False,False,True,isaaclab.ContactSensor.net_forces_w,wheel_geometry_approximation
10.333333333333387,rear_right_wheel,ground_or_obstacle,True,"[-0.08572501689195633, -0.3209596276283264, -0.0010442949831485776]","[1.3435884240957429e-07, 0.0, 0.999999999999991]",15.397554397583008,0.0,15.397554397583146,1.05,nan,0.6084182874624977,False,False,True,isaaclab.ContactSensor.net_forces_w,wheel_geometry_approximation
10.358333333333386,front_left_wheel,ground_or_obstacle,True,"[0.4715109169483185, 0.08090750128030777, 0.00035159736871719083]","[1.3435884470994814e-07, 0.0, 0.999999999999991]",16.191957473754883,0.0,16.19195747375503,1.05,nan,0.8715014220630498,False,False,True,isaaclab.ContactSensor.net_forces_w,wheel_geometry_approximation
10.358333333333386,rear_right_wheel,ground_or_obstacle,True,"[-0.08855720609426498, -0.32190969586372375, -0.0011142596602439908]","[1.343588535598757e-07, 0.0, 0.999999999999991]",18.870817184448242,0.0,18.870817184448413,1.05,nan,0.9141726024779643,False,False,True,isaaclab.ContactSensor.net_forces_w,wheel_geometry_approximation
10.383333333333384,front_left_wheel,ground_or_obstacle,True,"[0.47119876742362976, 0.08156941086053848, 0.0006408214569091769]","[1.3435882687122905e-07, 0.0, 0.999999999999991]",14.489713668823242,0.0,14.489713668823372,1.05,nan,0.999265358715721,False,False,True,isaaclab.ContactSensor.net_forces_w,wheel_geometry_approximation
10.383333333333384,rear_right_wheel,ground_or_obstacle,True,"[-0.09066906571388245, -0.32202139496803284, -0.001014626771211627]","[1.3435883166546343e-07, 0.0, 0.999999999999991]",16.911529541015625,0.0,16.911529541015778,1.05,nan,0.876594346476779,False,False,True,isaaclab.ContactSensor.net_forces_w,wheel_geometry_approximation
10.408333333333383,front_left_wheel,ground_or_obstacle,True,"[0.4709872007369995, 0.08211369812488556, 0.0008289374411106082]","[1.343588455793078e-07, 0.0, 0.9999999999999909]",14.666662216186523,0.0,14.666662216186657,1.05,nan,0.9811082668971884,False,False,True,isaaclab.ContactSensor.net_forces_w,wheel_geometry_approximation
10.408333333333383,rear_right_wheel,ground_or_obstacle,True,"[-0.09251447021961212, -0.3218913674354553, -0.0008496373891830472]","[1.3435884306515743e-07, 0.0, 0.999999999999991]",14.192700386047363,0.0,14.192700386047491,1.05,nan,0.8139843348123672,False,False,True,isaaclab.ContactSensor.net_forces_w,wheel_geometry_approximation
10.433333333333382,front_left_wheel,ground_or_obstacle,True,"[0.4707731008529663, 0.08265087753534317, 0.0010072447359561892]","[1.3435883588233416e-07, 0.0, 0.9999999999999909]",14.115472793579102,0.0,14.11547279357923,1.05,nan,0.910838122961511,False,False,True,isaaclab.ContactSensor.net_forces_w,wheel_geometry_approximation
10.433333333333382,rear_right_wheel,ground_or_obstacle,True,"[-0.09417780488729477, -0.32156622409820557, -0.0006934061646461515]","[1.3435884431108273e-07, 0.0, 0.999999999999991]",12.375434875488281,0.0,12.375434875488393,1.05,nan,0.646906992626945,False,False,True,isaaclab.ContactSensor.net_forces_w,wheel_geometry_approximation
10.45833333333338,front_left_wheel,ground_or_obstacle,True,"[0.4710240066051483, 0.08340755105018616, 0.001187429577112195]","[1.3435884485436617e-07, 0.0, 0.9999999999999909]",21.178565979003906,0.0,21.178565979004098,1.05,nan,0.6719986597819376,False,False,True,isaaclab.ContactSensor.net_forces_w,wheel_geometry_approximation
10.45833333333338,rear_right_wheel,ground_or_obstacle,True,"[-0.09600723534822464, -0.321113646030426, -0.0006267644464969663]","[1.3435884037125612e-07, 0.0, 0.999999999999991]",21.261104583740234,0.0,21.261104583740426,1.05,nan,0.8263174816759414,False,False,True,isaaclab.ContactSensor.net_forces_w,wheel_geometry_approximation
10.483333333333379,front_left_wheel,ground_or_obstacle,True,"[0.47038912773132324, 0.08427824079990387, 0.0015135712921619388]","[1.3435883221249176e-07, 0.0, 0.999999999999991]",14.4093599319458,0.0,14.40935993194593,1.05,nan,0.9057406057440981,False,False,True,isaaclab.ContactSensor.net_forces_w,wheel_geometry_approximation
10.483333333333379,rear_right_wheel,ground_or_obstacle,True,"[-0.0986446887254715, -0.3208253085613251, -0.0005479261279106168]","[1.3435883980553044e-07, 0.0, 0.9999999999999909]",14.507381439208984,0.0,14.507381439209116,1.05,nan,0.8705912117367809,False,False,True,isaaclab.ContactSensor.net_forces_w,wheel_geometry_approximation
10.508333333333377,rear_left_wheel,ground_or_obstacle,True,"[-0.15496060252189636, 0.07879212498664856, 0.0016113974153995486]","[1.343588371967947e-07, 0.0, 0.999999999999991]",23.835145950317383,0.0,23.835145950317596,1.05,nan,0.7106358806560371,False,False,True,isaaclab.ContactSensor.net_forces_w,wheel_geometry_approximation
10.508333333333377,rear_right_wheel,ground_or_obstacle,True,"[-0.10149285942316055, -0.3202435374259949, -0.0005812972784042386]","[1.3435882715112007e-07, 0.0, 0.999999999999991]",2.903188943862915,0.0,2.9031889438629412,1.05,nan,0.5964453867039174,False,False,True,isaaclab.ContactSensor.net_forces_w,wheel_geometry_approximation
10.533333333333376,front_left_wheel,ground_or_obstacle,True,"[0.47047942876815796, 0.08552807569503784, 0.001801603287458417]","[1.3435884998059186e-07, 0.0, 0.9999999999999909]",14.32806396484375,0.0,14.32806396484388,1.05,nan,0.29361084941224325,False,False,True,isaaclab.ContactSensor.net_forces_w,wheel_geometry_approximation
10.533333333333376,rear_left_wheel,ground_or_obstacle,True,"[-0.15553583204746246, 0.07875899970531464, 0.0016314320266246768]","[1.3435884059304826e-07, 0.0, 0.999999999999991]",2.374093532562256,0.0,2.374093532562277,1.05,nan,0.7752232221967397,False,False,True,isaaclab.ContactSensor.net_forces_w,wheel_geometry_approximation
10.533333333333376,rear_right_wheel,ground_or_obstacle,True,"[-0.10227985680103302, -0.3202991187572479, -0.0005569897592067746]","[1.3435883210195814e-07, 0.0, 0.999999999999991]",13.209248542785645,0.0,13.209248542785764,1.05,nan,0.6334318511601881,False,False,True,isaaclab.ContactSensor.net_forces_w,wheel_geometry_approximation
10.558333333333374,front_left_wheel,ground_or_obstacle,True,"[0.47149837017059326, 0.08578341454267502, 0.0018005527555942508]","[1.3435884022267307e-07, 0.0, 0.999999999999991]",12.855818748474121,0.0,12.855818748474237,1.05,nan,0.8113541567707049,False,False,True,isaaclab.ContactSensor.net_forces_w,wheel_geometry_approximation
10.558333333333374,rear_right_wheel,ground_or_obstacle,True,"[-0.10265137255191803, -0.32029610872268677, -0.000554903596639636]","[1.3435883686026565e-07, 0.0, 0.999999999999991]",14.333111763000488,0.0,14.333111763000618,1.05,nan,0.7712652834494336,False,False,True,isaaclab.ContactSensor.net_forces_w,wheel_geometry_approximation
10.583333333333373,front_left_wheel,ground_or_obstacle,True,"[0.4718117415904999, 0.0858815610408783, 0.0018022850155830356]","[-0.5541310848890809, -0.018431291379735235, 0.8322253470411278]",10.973247528076172,0.0,13.185428162083946,1.05,nan,0.12419018498032894,False,False,True,isaaclab.ContactSensor.net_forces_w,wheel_geometry_approximation
10.583333333333373,rear_right_wheel,ground_or_obstacle,True,"[-0.10320211946964264, -0.3203241229057312, -0.0005372829735279111]","[1.3435884217202323e-07, 0.0, 0.999999999999991]",14.35483169555664,0.0,14.35483169555677,1.05,nan,0.7303770705920828,False,False,True,isaaclab.ContactSensor.net_forces_w,wheel_geometry_approximation
10.608333333333372,front_left_wheel,ground_or_obstacle,True,"[0.4718240201473236, 0.08587422221899033, 0.0017999455332756015]","[-0.6133967647978957, -0.020470372475950165, 0.7895095773872353]",10.743857383728027,0.0,13.608267323726748,1.05,nan,0.3290447104057585,False,False,True,isaaclab.ContactSensor.net_forces_w,wheel_geometry_approximation
10.608333333333372,rear_right_wheel,ground_or_obstacle,True,"[-0.1038580909371376, -0.32032209634780884, -0.0005210816860199002]","[1.3435884056310705e-07, 0.0, 0.9999999999999909]",14.715302467346191,0.0,14.715302467346325,1.05,nan,0.817092432425777,False,False,True,isaaclab.ContactSensor.net_forces_w,wheel_geometry_approximation
10.63333333333337,front_left_wheel,ground_or_obstacle,True,"[0.47181376814842224, 0.08587151765823364, 0.0017954230308532687]","[-0.5909803991444583, -0.01973214435350401, 0.8064445488105609]",10.409806251525879,0.0,12.90827282158393,1.05,nan,0.431689111409928,False,False,True,isaaclab.ContactSensor.net_forces_w,wheel_geometry_approximation
10.63333333333337,rear_right_wheel,ground_or_obstacle,True,"[-0.10449815541505814, -0.32030394673347473, -0.0005088627338409452]","[1.343588385327528e-07, 0.0, 0.9999999999999909]",14.507112503051758,0.0,14.50711250305189,1.05,nan,0.8747560294409926,False,False,True,isaaclab.ContactSensor.net_forces_w,wheel_geometry_approximation
10.658333333333369,front_left_wheel,ground_or_obstacle,True,"[0.4718143343925476, 0.08588192611932755, 0.0018027059733867618]","[-0.6384524894357336, -0.021323983608617324, 0.7693657819635429]",9.934846878051758,0.0,12.913034490169892,1.05,nan,0.014361060505202075,False,False,True,isaaclab.ContactSensor.net_forces_w,wheel_geometry_approximation
10.658333333333369,rear_left_wheel,ground_or_obstacle,True,"[-0.15690977871418, 0.07874148339033127, 0.001612779498100278]","[1.3435883940894207e-07, 0.0, 0.9999999999999909]",2.1987781524658203,0.0,2.1987781524658403,1.05,nan,0.7018986883465927,False,False,True,isaaclab.ContactSensor.net_forces_w,wheel_geometry_approximation
10.658333333333369,rear_right_wheel,ground_or_obstacle,True,"[-0.10513348877429962, -0.3203350901603699, -0.0005087509751319913]","[1.343588318222685e-07, 0.0, 0.999999999999991]",14.265375137329102,0.0,14.26537513732923,1.05,nan,0.6611742928667792,False,False,True,isaaclab.ContactSensor.net_forces_w,wheel_geometry_approximation
10.683333333333367,front_left_wheel,ground_or_obstacle,True,"[0.47181597352027893, 0.08588708937168121, 0.0018028736114501925]","[-0.6058647260043206, -0.02022798457971446, 0.7953104817764898]",10.419756889343262,0.0,13.101495740466778,1.05,nan,0.08863365798492338,False,False,True,isaaclab.ContactSensor.net_forces_w,wheel_geometry_approximation
10.683333333333367,rear_left_wheel,ground_or_obstacle,True,"[-0.15728603303432465, 0.07872939854860306, 0.0016110733151435824]","[1.3435884365771087e-07, 0.0, 0.999999999999991]",2.1284565925598145,0.0,2.1284565925598335,1.05,nan,0.8230705299620543,False,False,True,isaaclab.ContactSensor.net_forces_w,wheel_geometry_approximation
10.683333333333367,rear_right_wheel,ground_or_obstacle,True,"[-0.1057589203119278, -0.32035186886787415, -0.0005160935223102597]","[1.3435884142099914e-07, 0.0, 0.9999999999999909]",14.513923645019531,0.0,14.513923645019663,1.05,nan,0.6757713931879659,False,False,True,isaaclab.ContactSensor.net_forces_w,wheel_geometry_approximation
10.708333333333366,front_left_wheel,ground_or_obstacle,True,"[0.47181668877601624, 0.08589319884777069, 0.0018045015633106204]","[-0.6663140895023152, -0.022179179232224434, 0.7453412762884434]",9.55844783782959,0.0,12.824256675314622,1.05,nan,0.12213900658803811,False,False,True,isaaclab.ContactSensor.net_forces_w,wheel_geometry_approximation
10.708333333333366,rear_right_wheel,ground_or_obstacle,True,"[-0.10640216618776321, -0.32035160064697266, -0.0005402222275733976]","[1.3435884074192645e-07, 0.0, 0.9999999999999909]",14.282941818237305,0.0,14.282941818237434,1.05,nan,0.23128560240282037,False,False,True,isaaclab.ContactSensor.net_forces_w,wheel_geometry_approximation
10.733333333333364,front_left_wheel,ground_or_obstacle,True,"[0.47181856632232666, 0.08589936792850494, 0.0018088266253471347]","[-0.6805906023888547, -0.02261922990354512, 0.7323146880805727]",9.895071029663086,0.0,13.512047744936647,1.05,nan,0.5016864805618685,False,False,True,isaaclab.ContactSensor.net_forces_w,wheel_geometry_approximation
10.733333333333364,rear_right_wheel,ground_or_obstacle,True,"[-0.10705000162124634, -0.32034674286842346, -0.0005643770098686246]","[1.3435884599832554e-07, 0.0, 0.999999999999991]",14.850569725036621,0.0,14.850569725036754,1.05,nan,0.6083374786258132,False,False,True,isaaclab.ContactSensor.net_forces_w,wheel_geometry_approximation
10.758333333333363,front_left_wheel,ground_or_obstacle,True,"[0.47181981801986694, 0.08591002225875854, 0.001811877638101575]","[-0.6737292759331841, -0.022431011638535895, 0.7386377410256123]",9.428650856018066,0.0,12.764918893700461,1.05,nan,0.830735824349072,False,False,True,isaaclab.ContactSensor.net_forces_w,wheel_geometry_approximation
10.758333333333363,rear_right_wheel,ground_or_obstacle,True,"[-0.10762046277523041, -0.3204057812690735, -0.0005988694727420835]","[1.3435882700270016e-07, 0.0, 0.999999999999991]",14.609857559204102,0.0,14.609857559204233,1.05,nan,0.2193903599973483,False,False,True,isaaclab.ContactSensor.net_forces_w,wheel_geometry_approximation
10.783333333333362,front_left_wheel,ground_or_obstacle,True,"[0.47182905673980713, 0.0856984332203865, 0.001744963973760602]","[-0.42502033060094313, -0.014560472717954777, 0.9050666888191692]",14.050289154052734,0.0,15.524037430196438,1.05,nan,0.9817716161794221,False,False,True,isaaclab.ContactSensor.net_forces_w,wheel_geometry_approximation
10.783333333333362,rear_right_wheel,ground_or_obstacle,True,"[-0.1082804799079895, -0.3206671178340912, -0.0005762048065662412]","[1.3435883173725514e-07, 0.0, 0.999999999999991]",16.58414649963379,0.0,16.58414649963394,1.05,nan,0.6431431926813306,False,False,True,isaaclab.ContactSensor.net_forces_w,wheel_geometry_approximation
10.80833333333336,front_left_wheel,ground_or_obstacle,True,"[0.47181710600852966, 0.08588232100009918, 0.0018009401857852908]","[-0.4849280963528931, -0.01233657646807883, 0.8744670092396891]",13.321381568908691,0.0,15.233715426830168,1.05,nan,0.8042707701587957,False,False,True,isaaclab.ContactSensor.net_forces_w,wheel_geometry_approximation
10.80833333333336,rear_right_wheel,ground_or_obstacle,True,"[-0.10888116806745529, -0.3205225169658661, -0.000655255466699603]","[1.3435883672540688e-07, 0.0, 0.9999999999999909]",14.462306022644043,0.0,14.462306022644174,1.05,nan,0.7896599612972549,False,False,True,isaaclab.ContactSensor.net_forces_w,wheel_geometry_approximation
10.833333333333359,front_left_wheel,ground_or_obstacle,True,"[0.47182148694992065, 0.08593836426734924, 0.0018144480884075137]","[-0.612551183425418, -0.015179317595979312, 0.7902851611927433]",9.858062744140625,0.0,12.474057755636302,1.05,nan,0.3876669336763479,False,False,True,isaaclab.ContactSensor.net_forces_w,wheel_geometry_approximation
10.833333333333359,rear_left_wheel,ground_or_obstacle,True,"[-0.15906170010566711, 0.07860805094242096, 0.0015994280576705905]","[1.343588425908025e-07, 0.0, 0.999999999999991]",2.5281734466552734,0.0,2.528173446655296,1.05,nan,0.7179856537327417,False,False,True,isaaclab.ContactSensor.net_forces_w,wheel_geometry_approximation
10.833333333333359,rear_right_wheel,ground_or_obstacle,True,"[-0.10958180576562881, -0.3205219805240631, -0.0007054388523101834]","[1.343588404559699e-07, 0.0, 0.999999999999991]",13.229000091552734,0.0,13.229000091552853,1.05,nan,0.5040662627153214,False,False,True,isaaclab.ContactSensor.net_forces_w,wheel_geometry_approximation
10.858333333333357,front_left_wheel,ground_or_obstacle,True,"[0.4718225598335266, 0.0859309732913971, 0.001809281110763547]","[-0.5820164730559791, -0.014410237827327468, 0.8130493036324664]",9.958354949951172,0.0,12.24815629932915,1.05,nan,0.4630361297275046,False,False,True,isaaclab.ContactSensor.net_forces_w,wheel_geometry_approximation
10.858333333333357,rear_left_wheel,ground_or_obstacle,True,"[-0.1591690331697464, 0.07861843705177307, 0.0015913255512714358]","[1.3435884595837465e-07, 0.0, 0.9999999999999909]",2.4031624794006348,0.0,2.4031624794006565,1.05,nan,0.9099676449564518,False,False,True,isaaclab.ContactSensor.net_forces_w,wheel_geometry_approximation
10.858333333333357,rear_right_wheel,ground_or_obstacle,True,"[-0.11011890321969986, -0.32051217555999756, -0.0007602378726005582]","[1.3435884061001271e-07, 0.0, 0.9999999999999909]",13.537306785583496,0.0,13.537306785583619,1.05,nan,0.47526716881054476,False,False,True,isaaclab.ContactSensor.net_forces_w,wheel_geometry_approximation
10.883333333333356,front_left_wheel,ground_or_obstacle,True,"[0.47182080149650574, 0.08592159301042557, 0.0018010482192039462]","[-0.5357320626791889, -0.013435717843274148, 0.8442811371240846]",9.612824440002441,0.0,11.385809794053989,1.05,nan,0.4735142195001031,False,False,True,isaaclab.ContactSensor.net_forces_w,wheel_geometry_approximation
10.883333333333356,rear_left_wheel,ground_or_obstacle,True,"[-0.15927527844905853, 0.07859998941421509, 0.001580261439085004]","[1.3435884094716566e-07, 0.0, 0.999999999999991]",2.61210560798645,0.0,2.6121056079864737,1.05,nan,0.9589228713360375,False,False,True,isaaclab.ContactSensor.net_forces_w,wheel_geometry_approximation
10.883333333333356,rear_right_wheel,ground_or_obstacle,True,"[-0.11064694076776505, -0.3205258846282959, -0.0008094042539596585]","[1.343588348808584e-07, 0.0, 0.9999999999999909]",13.329877853393555,0.0,13.329877853393675,1.05,nan,0.4013026992716352,False,False,True,isaaclab.ContactSensor.net_forces_w,wheel_geometry_approximation
10.908333333333355,front_left_wheel,ground_or_obstacle,True,"[0.47182032465934753, 0.08591099083423615, 0.0017936684191226931]","[-0.476230904315213, -0.011972508526821857, 0.879238753021436]",10.25001049041748,0.0,11.65782383362211,1.05,nan,0.5136721625802579,False,False,True,isaaclab.ContactSensor.net_forces_w,wheel_geometry_approximation
10.908333333333355,rear_left_wheel,ground_or_obstacle,True,"[-0.1593889743089676, 0.07857958972454071, 0.0015619292855262729]","[1.3435883952445656e-07, 0.0, 0.9999999999999909]",2.5936696529388428,0.0,2.5936696529388663,1.05,nan,0.9847170372207812,False,False,True,isaaclab.ContactSensor.net_forces_w,wheel_geometry_approximation
10.908333333333355,rear_right_wheel,ground_or_obstacle,True,"[-0.1111583560705185, -0.3205389380455017, -0.0008641287684440641]","[1.3435883208637083e-07, 0.0, 0.999999999999991]",12.993267059326172,0.0,12.99326705932629,1.05,nan,0.3763905554848474,False,False,True,isaaclab.ContactSensor.net_forces_w,wheel_geometry_approximation
10.933333333333353,front_left_wheel,ground_or_obstacle,True,"[0.4718252718448639, 0.08590620756149292, 0.0017910160124301883]","[-0.4789107013948728, -0.012089093783609554, 0.8777803790817849]",11.504202842712402,0.0,13.106015031626184,1.05,nan,0.754153563917532,False,False,True,isaaclab.ContactSensor.net_forces_w,wheel_geometry_approximation
10.933333333333353,rear_left_wheel,ground_or_obstacle,True,"[-0.1595088392496109, 0.07856135815382004, 0.001545485854148862]","[1.3435883685416055e-07, 0.0, 0.999999999999991]",2.846949815750122,0.0,2.846949815750148,1.05,nan,0.961914143713532,False,False,True,isaaclab.ContactSensor.net_forces_w,wheel_geometry_approximation
10.933333333333353,rear_right_wheel,ground_or_obstacle,True,"[-0.11165086179971695, -0.3205484449863434, -0.0009234204888343839]","[1.3435884157132303e-07, 0.0, 0.999999999999991]",13.047064781188965,0.0,13.047064781189082,1.05,nan,0.2648508148720124,False,False,True,isaaclab.ContactSensor.net_forces_w,wheel_geometry_approximation
10.958333333333352,front_left_wheel,ground_or_obstacle,True,"[0.47182583808898926, 0.08588989824056625, 0.0017872869968414279]","[-0.4633204916306935, -0.011737226525885207, 0.8861130625087142]",10.795721054077148,0.0,12.183232039840266,1.05,nan,0.7601578473438428,False,False,True,isaaclab.ContactSensor.net_forces_w,wheel_geometry_approximation
10.958333333333352,rear_left_wheel,ground_or_obstacle,True,"[-0.1596335470676422, 0.078534334897995, 0.001525421440601346]","[1.3435884077644738e-07, 0.0, 0.999999999999991]",2.8476057052612305,0.0,2.8476057052612562,1.05,nan,0.8961769868235155,False,False,True,isaaclab.ContactSensor.net_forces_w,wheel_geometry_approximation
10.958333333333352,rear_right_wheel,ground_or_obstacle,True,"[-0.11213315278291702, -0.32056230306625366, -0.0009829096496105222]","[1.3435883729657295e-07, 0.0, 0.9999999999999909]",13.085392951965332,0.0,13.085392951965451,1.05,nan,0.16568116524598417,False,False,True,isaaclab.ContactSensor.net_forces_w,wheel_geometry_approximation
10.98333333333335,front_left_wheel,ground_or_obstacle,True,"[0.47182872891426086, 0.08588403463363647, 0.001785424351692197]","[-0.4677501209657964, -0.011895228550401227, 0.8837807012343144]",11.056297302246094,0.0,12.510227126259421,1.05,nan,0.49119666722735833,False,False,True,isaaclab.ContactSensor.net_forces_w,wheel_geometry_approximation
10.98333333333335,rear_left_wheel,ground_or_obstacle,True,"[-0.15975569188594818, 0.078508660197258, 0.0015103004872798892]","[1.3435884844256124e-07, 0.0, 0.9999999999999909]",2.7848870754241943,0.0,2.7848870754242196,1.05,nan,0.6594476853107726,False,False,True,isaaclab.ContactSensor.net_forces_w,wheel_geometry_approximation
10.98333333333335,rear_right_wheel,ground_or_obstacle,True,"[-0.11261597275733948, -0.3205764889717102, -0.0010471597313880948]","[1.343588388593591e-07, 0.0, 0.999999999999991]",13.243559837341309,0.0,13.243559837341428,1.05,nan,0.005760620704230779,False,False,True,isaaclab.ContactSensor.net_forces_w,wheel_geometry_approximation
11.008333333333349,front_left_wheel,ground_or_obstacle,True,"[0.47183045744895935, 0.08585076779127121, 0.001783062517642972]","[-0.48445364304963473, -0.012402948441083052, 0.8747290063819223]",10.782888412475586,0.0,12.327118837725594,1.05,nan,0.3288363352183407,False,False,True,isaaclab.ContactSensor.net_forces_w,wheel_geometry_approximation
11.008333333333349,rear_left_wheel,ground_or_obstacle,True,"[-0.1600974053144455, 0.07844947278499603, 0.0014982640743255587]","[1.3435883975508126e-07, 0.0, 0.999999999999991]",2.4614644050598145,0.0,2.4614644050598367,1.05,nan,0.8927618530089558,False,False,True,isaaclab.ContactSensor.net_forces_w,wheel_geometry_approximation
11.008333333333349,rear_right_wheel,ground_or_obstacle,True,"[-0.11313649266958237, -0.3206096887588501, -0.0011195123195648221]","[1.3435883274130173e-07, 0.0, 0.999999999999991]",13.583735466003418,0.0,13.58373546600354,1.05,nan,0.4403865168737202,False,False,True,isaaclab.ContactSensor.net_forces_w,wheel_geometry_approximation
11.033333333333347,front_left_wheel,ground_or_obstacle,True,"[0.47182896733283997, 0.08583806455135345, 0.0017734102904796573]","[-0.423352539355394, -0.0108694167112574, 0.9058998196278089]",10.422487258911133,0.0,11.505121243089812,1.05,nan,0.7137831087471281,False,False,True,isaaclab.ContactSensor.net_forces_w,wheel_geometry_approximation
11.033333333333347,rear_left_wheel,ground_or_obstacle,True,"[-0.16021405160427094, 0.0784296989440918, 0.0014807142317295047]","[1.3435884507514615e-07, 0.0, 0.999999999999991]",2.67167592048645,0.0,2.671675920486474,1.05,nan,0.9458184962642838,False,False,True,isaaclab.ContactSensor.net_forces_w,wheel_geometry_approximation
11.033333333333347,rear_right_wheel,ground_or_obstacle,True,"[-0.11358975619077682, -0.32062211632728577, -0.0011901214718818692]","[1.3435883396881405e-07, 0.0, 0.999999999999991]",13.154052734375,0.0,13.154052734375119,1.05,nan,0.22823747850524526,False,False,True,isaaclab.ContactSensor.net_forces_w,wheel_geometry_approximation
11.058333333333346,front_left_wheel,ground_or_obstacle,True,"[0.47182849049568176, 0.08582351356744766, 0.001767319440841672]","[-0.3818540910676937, -0.00983307590544282, 0.9241703110104237]",10.323143005371094,0.0,11.170173811453092,1.05,nan,0.6655733975091084,False,False,True,isaaclab.ContactSensor.net_forces_w,wheel_geometry_approximation
11.058333333333346,rear_left_wheel,ground_or_obstacle,True,"[-0.16034552454948425, 0.0784081518650055, 0.0014619387686252566]","[1.3435883517624223e-07, 0.0, 0.999999999999991]",2.674743175506592,0.0,2.6747431755066158,1.05,nan,0.9663073471094338,False,False,True,isaaclab.ContactSensor.net_forces_w,wheel_geometry_approximation
11.058333333333346,rear_right_wheel,ground_or_obstacle,True,"[-0.11403584480285645, -0.3206353485584259, -0.001262671500444415]","[1.3435883542920147e-07, 0.0, 0.999999999999991]",13.182868003845215,0.0,13.182868003845334,1.05,nan,0.14474809845358577,False,False,True,isaaclab.ContactSensor.net_forces_w,wheel_geometry_approximation
11.083333333333345,front_left_wheel,ground_or_obstacle,True,"[0.47183138132095337, 0.08581489324569702, 0.0017615266144275638]","[-0.375951100143749, -0.009714389563609442, 0.9265885823471555]",11.813375473022461,0.0,12.749321217727314,1.05,nan,0.01752614472003982,False,False,True,isaaclab.ContactSensor.net_forces_w,wheel_geometry_approximation
11.083333333333345,rear_left_wheel,ground_or_obstacle,True,"[-0.16046856343746185, 0.07838669419288635, 0.0014431484043598147]","[1.3435884219943952e-07, 0.0, 0.999999999999991]",2.8240325450897217,0.0,2.824032545089747,1.05,nan,0.6875112638337239,False,False,True,isaaclab.ContactSensor.net_forces_w,wheel_geometry_approximation
11.083333333333345,rear_right_wheel,ground_or_obstacle,True,"[-0.11446114629507065, -0.32064884901046753, -0.0013347446918487577]","[1.3435884206151013e-07, 0.0, 0.9999999999999909]",13.077704429626465,0.0,13.077704429626584,1.05,nan,0.23738284085701714,False,False,True,isaaclab.ContactSensor.net_forces_w,wheel_geometry_approximation
